model,model_id,language,license,qualified_name,n_lines,temperature,sample_idx,similarity,original_suffix,generated_suffix
deepseek,deepseek-ai/DeepSeek-V3.2:novita,scala,GPL-3.0,sql::core::src::main::scala::org::apache::spark::sql::execution::command::cache.scala,76,0.2,0,0.15833333333333333,"import org.apache.spark.sql.catalyst.plans.QueryPlan
import org.apache.spark.sql.catalyst.plans.logical.LogicalPlan

case class CacheTableCommand(
    tableIdent: TableIdentifier,
    plan: Option[LogicalPlan],
    isLazy: Boolean) extends RunnableCommand {
  require(plan.isEmpty || tableIdent.database.isEmpty,
    ""Database name is not allowed in CACHE TABLE AS SELECT"")

  override def innerChildren: Seq[QueryPlan[_]] = plan.toSeq

  override def run(sparkSession: SparkSession): Seq[Row] = {
    plan.foreach { logicalPlan =>
      Dataset.ofRows(sparkSession, logicalPlan).createTempView(tableIdent.quotedString)
    }
    sparkSession.catalog.cacheTable(tableIdent.quotedString)

    if (!isLazy) {
      // Performs eager caching
      sparkSession.table(tableIdent).count()
    }

    Seq.empty[Row]
  }
}


case class UncacheTableCommand(
    tableIdent: TableIdentifier,
    ifExists: Boolean) extends RunnableCommand {

  override def run(sparkSession: SparkSession): Seq[Row] = {
    val tableId = tableIdent.quotedString
    try {
      sparkSession.catalog.uncacheTable(tableId)
    } catch {
      case _: NoSuchTableException if ifExists => // don't throw
    }
    Seq.empty[Row]
  }
}

/**
 * Clear all cached data from the in-memory cache.
 */
case object ClearCacheCommand extends RunnableCommand {

  override def run(sparkSession: SparkSession): Seq[Row] = {
    sparkSession.catalog.clearCache()
    Seq.empty[Row]
  }
}","import org.apache.spark.sql.catalyst.catalog.CatalogTableType
import org.apache.spark.sql.catalyst.expressions.{Attribute, AttributeReference}
import org.apache.spark.sql.execution.SparkPlan
import org.apache.spark.sql.types.StringType

case class CacheTableCommand(
    tableIdent: TableIdentifier,
    plan: Option[SparkPlan],
    isLazy: Boolean) extends LeafRunnableCommand {

  override val output: Seq[Attribute] = Seq(
    AttributeReference(""cached_table"", StringType, nullable = false)()
  )

  override def run(sparkSession: SparkSession): Seq[Row] = {
    val catalog = sparkSession.sessionState.catalog
    val tableExists = catalog.tableExists(tableIdent)
    if (!tableExists) {
      throw new NoSuchTableException(tableIdent.database.getOrElse(""""), tableIdent.table)
    }

    val table = catalog.getTableMetadata(tableIdent)
    if (table.tableType == CatalogTableType.VIEW) {
      throw new UnsupportedOperationException(
        s""Caching views is not supported: ${tableIdent.quotedString}"")
    }

    plan match {
      case Some(p) =>
        sparkSession.sessionState.executePlan(p"
deepseek,deepseek-ai/DeepSeek-V3.2:novita,scala,GPL-3.0,sql::core::src::main::scala::org::apache::spark::sql::execution::command::cache.scala,76,0.4,0,0.125,"import org.apache.spark.sql.catalyst.plans.QueryPlan
import org.apache.spark.sql.catalyst.plans.logical.LogicalPlan

case class CacheTableCommand(
    tableIdent: TableIdentifier,
    plan: Option[LogicalPlan],
    isLazy: Boolean) extends RunnableCommand {
  require(plan.isEmpty || tableIdent.database.isEmpty,
    ""Database name is not allowed in CACHE TABLE AS SELECT"")

  override def innerChildren: Seq[QueryPlan[_]] = plan.toSeq

  override def run(sparkSession: SparkSession): Seq[Row] = {
    plan.foreach { logicalPlan =>
      Dataset.ofRows(sparkSession, logicalPlan).createTempView(tableIdent.quotedString)
    }
    sparkSession.catalog.cacheTable(tableIdent.quotedString)

    if (!isLazy) {
      // Performs eager caching
      sparkSession.table(tableIdent).count()
    }

    Seq.empty[Row]
  }
}


case class UncacheTableCommand(
    tableIdent: TableIdentifier,
    ifExists: Boolean) extends RunnableCommand {

  override def run(sparkSession: SparkSession): Seq[Row] = {
    val tableId = tableIdent.quotedString
    try {
      sparkSession.catalog.uncacheTable(tableId)
    } catch {
      case _: NoSuchTableException if ifExists => // don't throw
    }
    Seq.empty[Row]
  }
}

/**
 * Clear all cached data from the in-memory cache.
 */
case object ClearCacheCommand extends RunnableCommand {

  override def run(sparkSession: SparkSession): Seq[Row] = {
    sparkSession.catalog.clearCache()
    Seq.empty[Row]
  }
}","import org.apache.spark.sql.catalyst.catalog.{CatalogTable, CatalogTableType}
import org.apache.spark.sql.catalyst.expressions.{Attribute, AttributeReference}
import org.apache.spark.sql.catalyst.plans.logical.{Command, LogicalPlan}
import org.apache.spark.sql.execution.SparkPlan
import org.apache.spark.sql.types.StringType

/**
 * Command for caching a table.
 *
 * @param tableIdentifier the table identifier to be cached.
 * @param isLazy whether the caching should be lazy or not.
 */
case class CacheTableCommand(
    tableIdentifier: TableIdentifier,
    isLazy: Boolean) extends LeafRunnableCommand {

  override def run(sparkSession: SparkSession): Seq[Row] = {
    val tableExists = sparkSession.sessionState.catalog.tableExists(tableIdentifier)
    if (!tableExists) {
      throw new NoSuchTableException(tableIdentifier.database.getOrElse(""""), tableIdentifier.table)
    }

    // Get the logical plan for the table
    val table = sparkSession.sessionState.catalog.getTableMetadata(tableIdentifier)
    val plan = sparkSession.table(tableIdentifier).queryExecution.analyzed

    // Cache the table
    sparkSession.sharedState.cacheManager"
deepseek,deepseek-ai/DeepSeek-V3.2:novita,scala,GPL-3.0,sql::core::src::main::scala::org::apache::spark::sql::execution::command::cache.scala,76,0.8,0,0.1111111111111111,"import org.apache.spark.sql.catalyst.plans.QueryPlan
import org.apache.spark.sql.catalyst.plans.logical.LogicalPlan

case class CacheTableCommand(
    tableIdent: TableIdentifier,
    plan: Option[LogicalPlan],
    isLazy: Boolean) extends RunnableCommand {
  require(plan.isEmpty || tableIdent.database.isEmpty,
    ""Database name is not allowed in CACHE TABLE AS SELECT"")

  override def innerChildren: Seq[QueryPlan[_]] = plan.toSeq

  override def run(sparkSession: SparkSession): Seq[Row] = {
    plan.foreach { logicalPlan =>
      Dataset.ofRows(sparkSession, logicalPlan).createTempView(tableIdent.quotedString)
    }
    sparkSession.catalog.cacheTable(tableIdent.quotedString)

    if (!isLazy) {
      // Performs eager caching
      sparkSession.table(tableIdent).count()
    }

    Seq.empty[Row]
  }
}


case class UncacheTableCommand(
    tableIdent: TableIdentifier,
    ifExists: Boolean) extends RunnableCommand {

  override def run(sparkSession: SparkSession): Seq[Row] = {
    val tableId = tableIdent.quotedString
    try {
      sparkSession.catalog.uncacheTable(tableId)
    } catch {
      case _: NoSuchTableException if ifExists => // don't throw
    }
    Seq.empty[Row]
  }
}

/**
 * Clear all cached data from the in-memory cache.
 */
case object ClearCacheCommand extends RunnableCommand {

  override def run(sparkSession: SparkSession): Seq[Row] = {
    sparkSession.catalog.clearCache()
    Seq.empty[Row]
  }
}","import org.apache.spark.sql.catalyst.catalog._
import org.apache.spark.sql.catalyst.expressions.{Attribute, AttributeReference}
import org.apache.spark.sql.catalyst.plans.logical.{CacheTableCommand, LogicalPlan, UncacheTableCommand}
import org.apache.spark.sql.execution.SparkPlan
import org.apache.spark.sql.internal.StaticSQLConf._
import org.apache.spark.storage.StorageLevel

/**
 * Physical plan node for caching a table.
 *
 * @param tableIdent the table identifier to cache.
 * @param plan the logical plan to cache.
 * @param isLazy whether to cache lazily or immediately.
 * @param storageLevel the storage level to use for caching.
 */
case class CacheTableExec(
    tableIdent: TableIdentifier,
    plan: LogicalPlan,
    isLazy: Boolean,
    storageLevel: StorageLevel) extends LeafRunnableCommand {

  override protected def innerChildren: Seq[LogicalPlan] = Seq(plan)

  override def output: Seq[Attribute] = Seq.empty

  override def run(sparkSession: SparkSession): Seq[Row] = {
    val tableName = tableIdent.unquotedString
    val catalog = sparkSession.sessionState.catalog"
deepseek,deepseek-ai/DeepSeek-V3.2:novita,scala,GPL-3.0,framework::src::main::scala::skinny::controller::feature::BeforeAfterActionFeature.scala,96,0.2,0,0.031746031746031744,"   */
  def beforeFilter(only: Seq[Symbol] = Nil, except: Seq[Symbol] = Nil)(action: => Any): Unit = {
    beforeAction(only, except)(action)
  }

  /**
   * Registers beforeAction to this controller.
   *
   * @param only this action should be applied only for these action methods
   * @param except this action should not be applied for these action methods
   * @param action action
   */
  def beforeAction(only: Seq[Symbol] = Nil, except: Seq[Symbol] = Nil)(action: => Any): Unit = {
    skinnyBeforeActions += (
      () => {
        currentActionName.map { name =>
          // current path should not be excluded
          if (!except.exists(_ == name)) {
            // all actions should be included or this action should be included
            if (only.isEmpty || only.exists(_ == name)) {
              action
            }
          }
        } getOrElse ().asInstanceOf[Any]
      })
  }

  /**
   * If you prefer #afterFilter than #afterAction, keep going!
   */
  def afterFilter(only: Seq[Symbol] = Nil, except: Seq[Symbol] = Nil)(action: => Any): Unit = {
    afterAction(only, except)(action)
  }

  /**
   * Registers afterAction to this controller.
   *
   * @param only this action should be applied only for these action methods
   * @param except this action should not be applied for these action methods
   * @param action action
   */
  def afterAction(only: Seq[Symbol] = Nil, except: Seq[Symbol] = Nil)(action: => Any): Unit = {
    skinnyAfterActions += (
      () => {
        currentActionName.map { name =>
          // current path should not be excluded
          if (!except.exists(_ == name)) {
            // all actions should be included or this action should be included
            if (only.isEmpty || only.exists(_ == name)) {
              action
            }
          }
        } getOrElse ().asInstanceOf[Any]
      })
  }

  // executing actions in this controller

  before() {
    skinnyBeforeActions.foreach(_.apply())
  }

  after() {
    skinnyAfterActions.foreach(_.apply())
  }

}","def beforeFilter(only: Symbol*)(action: => Any): Unit = beforeAction(only: _*)(action)
  def beforeFilter(except: Seq[Symbol])(action: => Any): Unit = beforeAction(except)(action)
  def beforeFilter(action: => Any): Unit = beforeAction(action)

  /**
   * If you prefer #afterFilter than #afterAction, keep going!
   */
  def afterFilter(only: Symbol*)(action: => Any): Unit = afterAction(only: _*)(action)
  def afterFilter(except: Seq[Symbol])(action: => Any): Unit = afterAction(except)(action)
  def afterFilter(action: => Any): Unit = afterAction(action)

  /**
   * Registers before action.
   *
   * @param only action names
   * @param action action
   */
  def beforeAction(only: Symbol*)(action: => Any): Unit = {
    if (shouldApplyBeforeAction(only.toSeq, Nil)) skinnyBeforeActions += (() => action)
  }

  /**
   * Registers before action.
   *
   * @param except action names
   * @param action action
   */"
deepseek,deepseek-ai/DeepSeek-V3.2:novita,scala,GPL-3.0,framework::src::main::scala::skinny::controller::feature::BeforeAfterActionFeature.scala,96,0.4,0,0.0,"   */
  def beforeFilter(only: Seq[Symbol] = Nil, except: Seq[Symbol] = Nil)(action: => Any): Unit = {
    beforeAction(only, except)(action)
  }

  /**
   * Registers beforeAction to this controller.
   *
   * @param only this action should be applied only for these action methods
   * @param except this action should not be applied for these action methods
   * @param action action
   */
  def beforeAction(only: Seq[Symbol] = Nil, except: Seq[Symbol] = Nil)(action: => Any): Unit = {
    skinnyBeforeActions += (
      () => {
        currentActionName.map { name =>
          // current path should not be excluded
          if (!except.exists(_ == name)) {
            // all actions should be included or this action should be included
            if (only.isEmpty || only.exists(_ == name)) {
              action
            }
          }
        } getOrElse ().asInstanceOf[Any]
      })
  }

  /**
   * If you prefer #afterFilter than #afterAction, keep going!
   */
  def afterFilter(only: Seq[Symbol] = Nil, except: Seq[Symbol] = Nil)(action: => Any): Unit = {
    afterAction(only, except)(action)
  }

  /**
   * Registers afterAction to this controller.
   *
   * @param only this action should be applied only for these action methods
   * @param except this action should not be applied for these action methods
   * @param action action
   */
  def afterAction(only: Seq[Symbol] = Nil, except: Seq[Symbol] = Nil)(action: => Any): Unit = {
    skinnyAfterActions += (
      () => {
        currentActionName.map { name =>
          // current path should not be excluded
          if (!except.exists(_ == name)) {
            // all actions should be included or this action should be included
            if (only.isEmpty || only.exists(_ == name)) {
              action
            }
          }
        } getOrElse ().asInstanceOf[Any]
      })
  }

  // executing actions in this controller

  before() {
    skinnyBeforeActions.foreach(_.apply())
  }

  after() {
    skinnyAfterActions.foreach(_.apply())
  }

}","*/
  def beforeFilter(actions: (() => Any)*): Unit = beforeAction(actions: _*)

  /**
   * If you prefer #afterFilter than #afterAction, keep going!
   */
  def afterFilter(actions: (() => Any)*): Unit = afterAction(actions: _*)

  /**
   * Registers before action.
   *
   * @param actions actions
   */
  def beforeAction(actions: (() => Any)*): Unit = {
    skinnyBeforeActions ++= actions
  }

  /**
   * Registers after action.
   *
   * @param actions actions
   */
  def afterAction(actions: (() => Any)*): Unit = {
    skinnyAfterActions ++= actions
  }

  /**
   * Executes before actions.
   */
  protected def runBeforeActions(): Unit = {
    skinnyBeforeActions.foreach(_())
  }

  /**
   * Executes after actions.
   */
  protected def runAfterActions(): Unit = {
    skinnyAfterActions.foreach(_())
  }

  /**
   * Overrides SkinnyMicroBase's handle to run before/after actions.
   */
  abstract override def handle(request: HttpServletRequest, response: HttpServletResponse"
deepseek,deepseek-ai/DeepSeek-V3.2:novita,scala,GPL-3.0,framework::src::main::scala::skinny::controller::feature::BeforeAfterActionFeature.scala,96,0.8,0,0.07017543859649122,"   */
  def beforeFilter(only: Seq[Symbol] = Nil, except: Seq[Symbol] = Nil)(action: => Any): Unit = {
    beforeAction(only, except)(action)
  }

  /**
   * Registers beforeAction to this controller.
   *
   * @param only this action should be applied only for these action methods
   * @param except this action should not be applied for these action methods
   * @param action action
   */
  def beforeAction(only: Seq[Symbol] = Nil, except: Seq[Symbol] = Nil)(action: => Any): Unit = {
    skinnyBeforeActions += (
      () => {
        currentActionName.map { name =>
          // current path should not be excluded
          if (!except.exists(_ == name)) {
            // all actions should be included or this action should be included
            if (only.isEmpty || only.exists(_ == name)) {
              action
            }
          }
        } getOrElse ().asInstanceOf[Any]
      })
  }

  /**
   * If you prefer #afterFilter than #afterAction, keep going!
   */
  def afterFilter(only: Seq[Symbol] = Nil, except: Seq[Symbol] = Nil)(action: => Any): Unit = {
    afterAction(only, except)(action)
  }

  /**
   * Registers afterAction to this controller.
   *
   * @param only this action should be applied only for these action methods
   * @param except this action should not be applied for these action methods
   * @param action action
   */
  def afterAction(only: Seq[Symbol] = Nil, except: Seq[Symbol] = Nil)(action: => Any): Unit = {
    skinnyAfterActions += (
      () => {
        currentActionName.map { name =>
          // current path should not be excluded
          if (!except.exists(_ == name)) {
            // all actions should be included or this action should be included
            if (only.isEmpty || only.exists(_ == name)) {
              action
            }
          }
        } getOrElse ().asInstanceOf[Any]
      })
  }

  // executing actions in this controller

  before() {
    skinnyBeforeActions.foreach(_.apply())
  }

  after() {
    skinnyAfterActions.foreach(_.apply())
  }

}","*/
  def beforeFilter(action: => Any): Unit = beforeAction(action)

  /**
   * If you prefer #afterFilter than #afterAction, keep going!
   */
  def afterFilter(action: => Any): Unit = afterAction(action)

  /**
   * Registers a before action.
   */
  def beforeAction(action: => Any): Unit = {
    skinnyBeforeActions += (() => action)
  }

  /**
   * Registers an after action.
   */
  def afterAction(action: => Any): Unit = {
    skinnyAfterActions += (() => action)
  }

  /**
   * Executes before actions.
   */
  protected def runBeforeActions(): Unit = {
    skinnyBeforeActions.foreach(_.apply())
  }

  /**
   * Executes after actions.
   */
  protected def runAfterActions(): Unit = {
    skinnyAfterActions.foreach(_.apply())
  }

  /**
   * Clears before actions.
   */
  protected def clearBeforeActions(): Unit = {
    skinnyBeforeActions.clear()
  }

  /**
   * Clears after actions.
   */
  protected def clearAfterActions(): Unit = {
    skinnyAfterActions.clear()
  }

  /**
   * Executes before/"
deepseek,deepseek-ai/DeepSeek-V3.2:novita,scala,GPL-3.0,project::BuildSettings.scala,75,0.2,0,0.03508771929824561,"
  lazy val buildSettings: Seq[Def.Setting[_]] = baseSettings ++ Seq(
    organization := ""com.netflix.edda"",
    scalaVersion := ""2.11.12"",
    scalacOptions ++= BuildSettings.compilerFlags,
    crossPaths := true,
    crossScalaVersions := Seq(""2.11.12""),
    sourcesInBase := false,
    exportJars := true, // Needed for one-jar, with multi-project
    externalResolvers := BuildSettings.resolvers,
    checkLicenseHeaders := License.checkLicenseHeaders(streams.value.log, sourceDirectory.value),
    formatLicenseHeaders := License.formatLicenseHeaders(streams.value.log, sourceDirectory.value),
    storeBintrayCredentials := {
      IO.write(credentialsFile, bintray.BintrayCredentials.api.template(Bintray.user, Bintray.pass))
    }
  )

  val commonDeps: Seq[Nothing] = Seq.empty

  val resolvers = Seq(
    Resolver.mavenLocal,
    Resolver.jcenterRepo,
    ""jfrog"" at ""https://oss.jfrog.org/oss-snapshot-local""
  )

  // Don't create root.jar, from:
  // http://stackoverflow.com/questions/20747296/producing-no-artifact-for-root-project-with-package-under-multi-project-build-in
  lazy val noPackaging = Seq(
    Keys.`package` := file(""""),
    packageBin in Global := file(""""),
    packagedArtifacts := Map()
  )

  def profile: Project => Project = p => {
    bintrayProfile(p)
      .settings(buildSettings: _*)
      .settings(libraryDependencies ++= commonDeps)
  }

  // Disable bintray plugin when not running under CI. Avoids a bunch of warnings like:
  //
  // ```
  // Missing bintray credentials /Users/brharrington/.bintray/.credentials. Some bintray features depend on this.
  // [warn] Credentials file /Users/brharrington/.bintray/.credentials does not exist
  // ```
  def bintrayProfile(p: Project): Project = {
    if (credentialsFile.exists)
      p.settings(Bintray.settings)
    else
      p.disablePlugins(bintray.BintrayPlugin)
  }
}","++ Seq(
    organization := ""org.myproject"",
    scalaVersion := ""2.13.10"",
    crossScalaVersions := Seq(""2.12.17"", ""2.13.10""),
    scalacOptions ++= compilerFlags,
    scalacOptions in (Compile, console) ~= (_.filterNot(Set(""-Xlint:_"", ""-Ywarn-unused:imports""))),
    scalacOptions in (Test, console) := (scalacOptions in (Compile, console)).value,
    licenses += (""GPL-3.0"", url(""https://www.gnu.org/licenses/gpl-3.0.en.html"")),
    homepage := Some(url(""https://github.com/myproject/myproject"")),
    developers := List(
      Developer(
        id = ""myuser"",
        name = ""My Name"",
        email = ""my@email.com"",
        url = url(""https://github.com/myuser"")
      )
    ),
    checkLicenseHeaders := LicenseHeader.checkLicenseHeaders.value,
    formatLicenseHeaders := LicenseHeader.formatLicenseHeaders.value,
    storeBintrayCredentials := {
      IO.write(
        credentialsFile,
        s""realm = Bintray API"
deepseek,deepseek-ai/DeepSeek-V3.2:novita,scala,GPL-3.0,project::BuildSettings.scala,75,0.4,0,0.05042016806722689,"
  lazy val buildSettings: Seq[Def.Setting[_]] = baseSettings ++ Seq(
    organization := ""com.netflix.edda"",
    scalaVersion := ""2.11.12"",
    scalacOptions ++= BuildSettings.compilerFlags,
    crossPaths := true,
    crossScalaVersions := Seq(""2.11.12""),
    sourcesInBase := false,
    exportJars := true, // Needed for one-jar, with multi-project
    externalResolvers := BuildSettings.resolvers,
    checkLicenseHeaders := License.checkLicenseHeaders(streams.value.log, sourceDirectory.value),
    formatLicenseHeaders := License.formatLicenseHeaders(streams.value.log, sourceDirectory.value),
    storeBintrayCredentials := {
      IO.write(credentialsFile, bintray.BintrayCredentials.api.template(Bintray.user, Bintray.pass))
    }
  )

  val commonDeps: Seq[Nothing] = Seq.empty

  val resolvers = Seq(
    Resolver.mavenLocal,
    Resolver.jcenterRepo,
    ""jfrog"" at ""https://oss.jfrog.org/oss-snapshot-local""
  )

  // Don't create root.jar, from:
  // http://stackoverflow.com/questions/20747296/producing-no-artifact-for-root-project-with-package-under-multi-project-build-in
  lazy val noPackaging = Seq(
    Keys.`package` := file(""""),
    packageBin in Global := file(""""),
    packagedArtifacts := Map()
  )

  def profile: Project => Project = p => {
    bintrayProfile(p)
      .settings(buildSettings: _*)
      .settings(libraryDependencies ++= commonDeps)
  }

  // Disable bintray plugin when not running under CI. Avoids a bunch of warnings like:
  //
  // ```
  // Missing bintray credentials /Users/brharrington/.bintray/.credentials. Some bintray features depend on this.
  // [warn] Credentials file /Users/brharrington/.bintray/.credentials does not exist
  // ```
  def bintrayProfile(p: Project): Project = {
    if (credentialsFile.exists)
      p.settings(Bintray.settings)
    else
      p.disablePlugins(bintray.BintrayPlugin)
  }
}","++ Seq(
    organization := ""com.example"",
    scalaVersion := ""2.13.10"",
    crossScalaVersions := Seq(""2.12.17"", ""2.13.10""),
    scalacOptions ++= compilerFlags,
    javacOptions ++= Seq(""-source"", ""1.8"", ""-target"", ""1.8""),
    resolvers ++= Seq(
      Resolver.sonatypeRepo(""releases""),
      Resolver.sonatypeRepo(""snapshots"")
    ),
    checkLicenseHeaders := LicenseHeader.checkHeaders.value,
    formatLicenseHeaders := LicenseHeader.formatHeaders.value,
    storeBintrayCredentials := {
      IO.write(credentialsFile, sys.env.getOrElse(""BINTRAY_CREDENTIALS"", """"))
    },
    publishMavenStyle := true,
    Test / publishArtifact := false,
    pomIncludeRepository := { _ => false },
    licenses := Seq(""GPL-3.0"" -> url(""https://www.gnu.org/licenses/gpl-3.0.en.html"")),
    homepage := Some(url(""https://github.com/example/project"")),
    scmInfo := Some(
      ScmInfo(
        url(""https://github"
deepseek,deepseek-ai/DeepSeek-V3.2:novita,scala,GPL-3.0,project::BuildSettings.scala,75,0.8,0,0.08064516129032258,"
  lazy val buildSettings: Seq[Def.Setting[_]] = baseSettings ++ Seq(
    organization := ""com.netflix.edda"",
    scalaVersion := ""2.11.12"",
    scalacOptions ++= BuildSettings.compilerFlags,
    crossPaths := true,
    crossScalaVersions := Seq(""2.11.12""),
    sourcesInBase := false,
    exportJars := true, // Needed for one-jar, with multi-project
    externalResolvers := BuildSettings.resolvers,
    checkLicenseHeaders := License.checkLicenseHeaders(streams.value.log, sourceDirectory.value),
    formatLicenseHeaders := License.formatLicenseHeaders(streams.value.log, sourceDirectory.value),
    storeBintrayCredentials := {
      IO.write(credentialsFile, bintray.BintrayCredentials.api.template(Bintray.user, Bintray.pass))
    }
  )

  val commonDeps: Seq[Nothing] = Seq.empty

  val resolvers = Seq(
    Resolver.mavenLocal,
    Resolver.jcenterRepo,
    ""jfrog"" at ""https://oss.jfrog.org/oss-snapshot-local""
  )

  // Don't create root.jar, from:
  // http://stackoverflow.com/questions/20747296/producing-no-artifact-for-root-project-with-package-under-multi-project-build-in
  lazy val noPackaging = Seq(
    Keys.`package` := file(""""),
    packageBin in Global := file(""""),
    packagedArtifacts := Map()
  )

  def profile: Project => Project = p => {
    bintrayProfile(p)
      .settings(buildSettings: _*)
      .settings(libraryDependencies ++= commonDeps)
  }

  // Disable bintray plugin when not running under CI. Avoids a bunch of warnings like:
  //
  // ```
  // Missing bintray credentials /Users/brharrington/.bintray/.credentials. Some bintray features depend on this.
  // [warn] Credentials file /Users/brharrington/.bintray/.credentials does not exist
  // ```
  def bintrayProfile(p: Project): Project = {
    if (credentialsFile.exists)
      p.settings(Bintray.settings)
    else
      p.disablePlugins(bintray.BintrayPlugin)
  }
}","lazy val sharedSettings: Seq[Def.Setting[_]] = Seq(
    organization := ""org.locationtech.geotrellis"",
    scalaVersion := ""2.12.18"",
    crossScalaVersions := Seq(""2.12.18"", ""2.13.12""),
    scalacOptions ++= compilerFlags,
    scalacOptions in (Compile, doc) ++= Seq(
      ""-groups"",
      ""-implicits"",
      ""-no-link-warnings""
    ),
    resolvers ++= Seq(
      ""geosolutions"" at ""https://maven.geo-solutions.it/"",
      ""osgeo"" at ""https://repo.osgeo.org/repository/release/"",
      Resolver.sonatypeRepo(""releases""),
      Resolver.sonatypeRepo(""snapshots"")
    ),
    Test / fork := true,
    Test / parallelExecution := false,
    Test / javaOptions ++= Seq(""-Xmx2G"", ""-Djava.library.path=/usr/local/lib""),
    shellPrompt := { s => Project.extract(s).currentProject.id + "" > "" },
    licenses := Seq(""GPL-3.0"" -> url(""https://www.gnu.org/licenses"
deepseek,deepseek-ai/DeepSeek-V3.2:novita,scala,GPL-3.0,src::main::scala::ocelot::Receiver.scala,127,0.2,0,0.0,"  
  def apply(handler: (Event)=> Unit): Receiver =
    (e: Event) => handler(e)
}


trait ReceiverImpl
  extends Receiver
    with LazyLogging
{ this: Protocol =>
  protected[this] def dispatcher: Dispatcher
  
  /**
    * delivers a given event (message or signal)
    */
  final def deliver(e: Event): Unit = (_recvHooks orElse fallbackRecv)(e)

  /**
    * adds a set of rules to be evaluated each time an event is received.
    * Rules are evaluated according to the order they have been added.
    *
    * @param pf rules to apply when receiving an event.
    */
  protected[this] def onReceive[E<:Event](pf: PartialFunction[E,Unit])(implicit tag: ClassTag[E]): Unit =
  {
    listenTo[E]
    _recvHooks = _recvHooks orElse pf.asInstanceOf[PartialFunction[Event,Unit]]
  }
  
  protected[this] def listenTo[E <: Event](implicit tag: ClassTag[E]) =
  {
    logger.trace(s""protocol $name: listenTo $tag"")
    dispatcher.registerFor(tag, this)
  }
  
  /**
    * returns a fallback handler called if no onReceive clause was able to catch the event.
    * This method does nothing by default and is meant to be overriden.
    *
    * @return the fallback handler
    */
  protected[this] def fallbackRecv: PartialFunction[Event, Unit] = PartialFunction.empty

  protected[this] def onInit(action: =>Unit): Unit =
  {
    _initHooks = _initHooks :+ ( (_:Unit) => action )
  }
  
  def preStart(): Unit = {
    _initHooks.foreach(hook => hook(Unit))
  }
  
  private var _recvHooks = PartialFunction.empty[Event,Unit]
  private var _initHooks: Seq[Unit=>Unit] = Seq.empty
}

import scala.language.reflectiveCalls


trait SenderProtocolOps
{ this: {
    def dispatcher: Dispatcher
  } =>
  
  def neighbors: Set[PID]
  
  protected[this] def DELIVER(ev: Event) = dispatcher.deliver(ev)
}

trait SendingProtocolOps
{ this: {
    def sender: Sender
    def me : PID
  } =>
  protected[this] def SEND(ev: Event) = sender.send(ev)
  
  protected[this] def ALL: Set[PID] = NEIGHBORS + me
  
  protected[this] def NEIGHBORS: Set[PID] = sender.neighbors
  
  protected[this] def N: Int = NEIGHBORS.size
}

trait ActiveProtocolOps
{ this: {
    def process: OcelotProcess
  } =>
  
}","def apply(handler: Event => Unit): Receiver = {
    new Receiver {
      def deliver(e: Event): Unit = handler(e)
    }
  }
}"
deepseek,deepseek-ai/DeepSeek-V3.2:novita,scala,GPL-3.0,src::main::scala::ocelot::Receiver.scala,127,0.4,0,0.0,"  
  def apply(handler: (Event)=> Unit): Receiver =
    (e: Event) => handler(e)
}


trait ReceiverImpl
  extends Receiver
    with LazyLogging
{ this: Protocol =>
  protected[this] def dispatcher: Dispatcher
  
  /**
    * delivers a given event (message or signal)
    */
  final def deliver(e: Event): Unit = (_recvHooks orElse fallbackRecv)(e)

  /**
    * adds a set of rules to be evaluated each time an event is received.
    * Rules are evaluated according to the order they have been added.
    *
    * @param pf rules to apply when receiving an event.
    */
  protected[this] def onReceive[E<:Event](pf: PartialFunction[E,Unit])(implicit tag: ClassTag[E]): Unit =
  {
    listenTo[E]
    _recvHooks = _recvHooks orElse pf.asInstanceOf[PartialFunction[Event,Unit]]
  }
  
  protected[this] def listenTo[E <: Event](implicit tag: ClassTag[E]) =
  {
    logger.trace(s""protocol $name: listenTo $tag"")
    dispatcher.registerFor(tag, this)
  }
  
  /**
    * returns a fallback handler called if no onReceive clause was able to catch the event.
    * This method does nothing by default and is meant to be overriden.
    *
    * @return the fallback handler
    */
  protected[this] def fallbackRecv: PartialFunction[Event, Unit] = PartialFunction.empty

  protected[this] def onInit(action: =>Unit): Unit =
  {
    _initHooks = _initHooks :+ ( (_:Unit) => action )
  }
  
  def preStart(): Unit = {
    _initHooks.foreach(hook => hook(Unit))
  }
  
  private var _recvHooks = PartialFunction.empty[Event,Unit]
  private var _initHooks: Seq[Unit=>Unit] = Seq.empty
}

import scala.language.reflectiveCalls


trait SenderProtocolOps
{ this: {
    def dispatcher: Dispatcher
  } =>
  
  def neighbors: Set[PID]
  
  protected[this] def DELIVER(ev: Event) = dispatcher.deliver(ev)
}

trait SendingProtocolOps
{ this: {
    def sender: Sender
    def me : PID
  } =>
  protected[this] def SEND(ev: Event) = sender.send(ev)
  
  protected[this] def ALL: Set[PID] = NEIGHBORS + me
  
  protected[this] def NEIGHBORS: Set[PID] = sender.neighbors
  
  protected[this] def N: Int = NEIGHBORS.size
}

trait ActiveProtocolOps
{ this: {
    def process: OcelotProcess
  } =>
  
}","def apply(handler: Event => Unit): Receiver = new Receiver {
    override def deliver(e: Event): Unit = handler(e)
  }

  def fromProtocols(protos: Protocol*): Receiver = new Receiver {
    override def deliver(e: Event): Unit = protos.foreach(_(e))
  }
}"
deepseek,deepseek-ai/DeepSeek-V3.2:novita,scala,GPL-3.0,src::main::scala::ocelot::Receiver.scala,127,0.8,0,0.06666666666666667,"  
  def apply(handler: (Event)=> Unit): Receiver =
    (e: Event) => handler(e)
}


trait ReceiverImpl
  extends Receiver
    with LazyLogging
{ this: Protocol =>
  protected[this] def dispatcher: Dispatcher
  
  /**
    * delivers a given event (message or signal)
    */
  final def deliver(e: Event): Unit = (_recvHooks orElse fallbackRecv)(e)

  /**
    * adds a set of rules to be evaluated each time an event is received.
    * Rules are evaluated according to the order they have been added.
    *
    * @param pf rules to apply when receiving an event.
    */
  protected[this] def onReceive[E<:Event](pf: PartialFunction[E,Unit])(implicit tag: ClassTag[E]): Unit =
  {
    listenTo[E]
    _recvHooks = _recvHooks orElse pf.asInstanceOf[PartialFunction[Event,Unit]]
  }
  
  protected[this] def listenTo[E <: Event](implicit tag: ClassTag[E]) =
  {
    logger.trace(s""protocol $name: listenTo $tag"")
    dispatcher.registerFor(tag, this)
  }
  
  /**
    * returns a fallback handler called if no onReceive clause was able to catch the event.
    * This method does nothing by default and is meant to be overriden.
    *
    * @return the fallback handler
    */
  protected[this] def fallbackRecv: PartialFunction[Event, Unit] = PartialFunction.empty

  protected[this] def onInit(action: =>Unit): Unit =
  {
    _initHooks = _initHooks :+ ( (_:Unit) => action )
  }
  
  def preStart(): Unit = {
    _initHooks.foreach(hook => hook(Unit))
  }
  
  private var _recvHooks = PartialFunction.empty[Event,Unit]
  private var _initHooks: Seq[Unit=>Unit] = Seq.empty
}

import scala.language.reflectiveCalls


trait SenderProtocolOps
{ this: {
    def dispatcher: Dispatcher
  } =>
  
  def neighbors: Set[PID]
  
  protected[this] def DELIVER(ev: Event) = dispatcher.deliver(ev)
}

trait SendingProtocolOps
{ this: {
    def sender: Sender
    def me : PID
  } =>
  protected[this] def SEND(ev: Event) = sender.send(ev)
  
  protected[this] def ALL: Set[PID] = NEIGHBORS + me
  
  protected[this] def NEIGHBORS: Set[PID] = sender.neighbors
  
  protected[this] def N: Int = NEIGHBORS.size
}

trait ActiveProtocolOps
{ this: {
    def process: OcelotProcess
  } =>
  
}","def apply(handler: (Event) => Unit) = new Receiver {
    override def deliver(e: Event): Unit = handler(e)
  }

  private[ocelot] def protocolOwner(dispatcher: Dispatcher): Receiver = new Receiver {
    override def deliver(e: Event): Unit = dispatcher.enqueue(e)
  }
}"
deepseek,deepseek-ai/DeepSeek-V3.2:novita,scala,GPL-3.0,src::main::scala::pme::connect4::gui::GameBoard.scala,173,0.2,0,0.06060606060606061,"      (spotView.getSpot.col, spotView.getSpot.row) -> spotView
    }).toMap
  }

  protected def createSpot(col: Int, row: Int): TS

  def addMouseListener(col: Int, chipView: ChipView):Unit =
    chipView.onMouseClicked = (me: MouseEvent) => handleChipSelected(col, chipView)


  protected def handleChipSelected(col: Int, chip: ChipView) = {
    fourConnect.dropChip(col, activeChip)
    if (!fourConnect.hasEmptySlot(col)) chip.setVisible(false)
      dropChipView(col)
  }

  def dropChipView(col: Int): Unit = {
    val newChip = createChip(col)
    addNewChipView(newChip)
    val spot: Spot = fourConnect.findFirstTakenSpot(col).get
    val spotView = gameSpots(spot.col, spot.row)
    val distance =dropHeight(spotView)
    val transition = new TranslateTransition {
      duration = Duration(Math.abs(distance))
      node = newChip
      byY = distance
    }
    transition.play()
    verifyTurn()
    switchPlayer()
    runNextTurn()
  }
  protected def addNewChipView(newChip: TC)

  protected def dropHeight(spotView: TS): Double

  def verifyTurn() = {
    if (!gameStartedSubject.gameStarted) startGame()
    val winners = fourConnect.winningSpots(activeChip)

    for {
      (spot,spotView) <- gameSpots
      winner <- winners
      spot <- winner
      if spot.col == spotView.getSpot.col && spot.row == spotView.getSpot.row
    } {
      if (gameStartedSubject.gameStarted) finishGame()
      spotView.blink()
    }
  }

  def switchPlayer(): Unit = {
    activeChip = activeChip.other
    if (chipsToPlay != null) for (chip <- chipsToPlay) changeMaterial(chip)
  }

  def startGame() = {
    gameStartedSubject.startGame()
    gameWinnerSubject.startGame()
    if (playAloneMode) myChip = activeChip.other
  }


  protected def calcMyTurn() = {
    val col = Combinations.evalBestMove(fourConnect.game, myChip)
    fourConnect.dropChip(col, myChip)
    dropChipView(col)
    println(""My turn: "" + col)
  }
  def runNextTurn() = {
    if (!gameWinnerSubject.isFinish && playAloneMode
      && (myChip == activeChip)) calcMyTurn()

  }
  protected def changeMaterial(chip: TC)

  def finishGame() = {
    chipsToPlay.foreach(chipView => chipView.visible = false)
    gameStartedSubject.finishGame()
    gameWinnerSubject.finishGame(activeChip)
  }


  def playAlone(playAlone: Boolean) = {
    playAloneMode = playAlone
  }

  def addGameStartedObserver(observer: Observer[GameStartedSubject]) = gameStartedSubject.addObserver(observer)

  def addGameWinnerObserver(observer: Observer[GameWinnerSubject]) = gameWinnerSubject.addObserver(observer)

}
class GameStartedSubject extends Subject[GameStartedSubject] {
  var gameStarted = false

  protected[gui] def startGame() = {
    gameStarted = true
    notifyObservers()
  }

  protected[gui] def finishGame() = {
    gameStarted = false
    notifyObservers()
  }

}

class GameWinnerSubject extends Subject[GameWinnerSubject] {
  var gameWinner: Chip = SpaceChip

  protected[gui] def isFinish = gameWinner != SpaceChip

  protected[gui] def startGame() = {
    gameWinner = SpaceChip
  }

  protected[gui] def finishGame(winner: Chip) = {
    gameWinner = winner
    notifyObservers()
  }

}","(col, row) -> spotView
    }).toMap
  }

  protected def createSpot(col: Int, row: Int): TS

  private def addMouseListener(col: Int, chipView: TC): Unit = {
    chipView.onMouseClicked = (e: MouseEvent) => {
      if (!gameStartedSubject.gameStarted) {
        gameStartedSubject.gameStarted = true
        gameStartedSubject.notifyObservers()
      }
      if (fourConnect.isValidColumn(col) && !fourConnect.isColumnFull(col)) {
        val row = fourConnect.nextAvailableRow(col)
        val chip = activeChip
        val chipToAnimate = chipView
        chipsToPlay = chipsToPlay.filterNot(_ == chipView)
        animateChipDrop(chipToAnimate, col, row, chip)
      }
    }
  }

  private def animateChipDrop(chipView: TC, col: Int, row: Int, chip: Chip): Unit = {
    val spot = gameSpots((col, row))
    val transition = new TranslateTransition(Duration(500), chipView)
    transition.toY = spot.layoutY - chipView.layoutY
    transition.onFinished ="
deepseek,deepseek-ai/DeepSeek-V3.2:novita,scala,GPL-3.0,src::main::scala::pme::connect4::gui::GameBoard.scala,173,0.4,0,0.05357142857142857,"      (spotView.getSpot.col, spotView.getSpot.row) -> spotView
    }).toMap
  }

  protected def createSpot(col: Int, row: Int): TS

  def addMouseListener(col: Int, chipView: ChipView):Unit =
    chipView.onMouseClicked = (me: MouseEvent) => handleChipSelected(col, chipView)


  protected def handleChipSelected(col: Int, chip: ChipView) = {
    fourConnect.dropChip(col, activeChip)
    if (!fourConnect.hasEmptySlot(col)) chip.setVisible(false)
      dropChipView(col)
  }

  def dropChipView(col: Int): Unit = {
    val newChip = createChip(col)
    addNewChipView(newChip)
    val spot: Spot = fourConnect.findFirstTakenSpot(col).get
    val spotView = gameSpots(spot.col, spot.row)
    val distance =dropHeight(spotView)
    val transition = new TranslateTransition {
      duration = Duration(Math.abs(distance))
      node = newChip
      byY = distance
    }
    transition.play()
    verifyTurn()
    switchPlayer()
    runNextTurn()
  }
  protected def addNewChipView(newChip: TC)

  protected def dropHeight(spotView: TS): Double

  def verifyTurn() = {
    if (!gameStartedSubject.gameStarted) startGame()
    val winners = fourConnect.winningSpots(activeChip)

    for {
      (spot,spotView) <- gameSpots
      winner <- winners
      spot <- winner
      if spot.col == spotView.getSpot.col && spot.row == spotView.getSpot.row
    } {
      if (gameStartedSubject.gameStarted) finishGame()
      spotView.blink()
    }
  }

  def switchPlayer(): Unit = {
    activeChip = activeChip.other
    if (chipsToPlay != null) for (chip <- chipsToPlay) changeMaterial(chip)
  }

  def startGame() = {
    gameStartedSubject.startGame()
    gameWinnerSubject.startGame()
    if (playAloneMode) myChip = activeChip.other
  }


  protected def calcMyTurn() = {
    val col = Combinations.evalBestMove(fourConnect.game, myChip)
    fourConnect.dropChip(col, myChip)
    dropChipView(col)
    println(""My turn: "" + col)
  }
  def runNextTurn() = {
    if (!gameWinnerSubject.isFinish && playAloneMode
      && (myChip == activeChip)) calcMyTurn()

  }
  protected def changeMaterial(chip: TC)

  def finishGame() = {
    chipsToPlay.foreach(chipView => chipView.visible = false)
    gameStartedSubject.finishGame()
    gameWinnerSubject.finishGame(activeChip)
  }


  def playAlone(playAlone: Boolean) = {
    playAloneMode = playAlone
  }

  def addGameStartedObserver(observer: Observer[GameStartedSubject]) = gameStartedSubject.addObserver(observer)

  def addGameWinnerObserver(observer: Observer[GameWinnerSubject]) = gameWinnerSubject.addObserver(observer)

}
class GameStartedSubject extends Subject[GameStartedSubject] {
  var gameStarted = false

  protected[gui] def startGame() = {
    gameStarted = true
    notifyObservers()
  }

  protected[gui] def finishGame() = {
    gameStarted = false
    notifyObservers()
  }

}

class GameWinnerSubject extends Subject[GameWinnerSubject] {
  var gameWinner: Chip = SpaceChip

  protected[gui] def isFinish = gameWinner != SpaceChip

  protected[gui] def startGame() = {
    gameWinner = SpaceChip
  }

  protected[gui] def finishGame(winner: Chip) = {
    gameWinner = winner
    notifyObservers()
  }

}","(col, row) -> spotView
    }).toMap
  }

  protected def createSpot(col: Int, row: Int): TS

  private def addMouseListener(col: Int, chipView: TC): Unit = {
    chipView.onMouseClicked = (event: MouseEvent) => {
      if (!gameStartedSubject.gameStarted) {
        gameStartedSubject.gameStarted = true
        gameStartedSubject.notifyObservers()
      }
      if (fourConnect.gameState == Playing && 
          (playAloneMode && activeChip == myChip || !playAloneMode)) {
        playChip(col)
      }
    }
  }

  private def playChip(col: Int): Unit = {
    fourConnect.playChip(col) match {
      case Right(newGame) =>
        fourConnect = newGame
        val row = newGame.lastPlayedRow.get
        val chipView = chipsToPlay(col)
        animateChip(chipView, row)
        activeChip = activeChip.other
        if (newGame.gameState != Playing) {
          gameWinnerSubject.winner = newGame.gameState match {
            case Winner(chip) => Some(chip)"
deepseek,deepseek-ai/DeepSeek-V3.2:novita,scala,GPL-3.0,src::main::scala::pme::connect4::gui::GameBoard.scala,173,0.8,0,0.06437768240343347,"      (spotView.getSpot.col, spotView.getSpot.row) -> spotView
    }).toMap
  }

  protected def createSpot(col: Int, row: Int): TS

  def addMouseListener(col: Int, chipView: ChipView):Unit =
    chipView.onMouseClicked = (me: MouseEvent) => handleChipSelected(col, chipView)


  protected def handleChipSelected(col: Int, chip: ChipView) = {
    fourConnect.dropChip(col, activeChip)
    if (!fourConnect.hasEmptySlot(col)) chip.setVisible(false)
      dropChipView(col)
  }

  def dropChipView(col: Int): Unit = {
    val newChip = createChip(col)
    addNewChipView(newChip)
    val spot: Spot = fourConnect.findFirstTakenSpot(col).get
    val spotView = gameSpots(spot.col, spot.row)
    val distance =dropHeight(spotView)
    val transition = new TranslateTransition {
      duration = Duration(Math.abs(distance))
      node = newChip
      byY = distance
    }
    transition.play()
    verifyTurn()
    switchPlayer()
    runNextTurn()
  }
  protected def addNewChipView(newChip: TC)

  protected def dropHeight(spotView: TS): Double

  def verifyTurn() = {
    if (!gameStartedSubject.gameStarted) startGame()
    val winners = fourConnect.winningSpots(activeChip)

    for {
      (spot,spotView) <- gameSpots
      winner <- winners
      spot <- winner
      if spot.col == spotView.getSpot.col && spot.row == spotView.getSpot.row
    } {
      if (gameStartedSubject.gameStarted) finishGame()
      spotView.blink()
    }
  }

  def switchPlayer(): Unit = {
    activeChip = activeChip.other
    if (chipsToPlay != null) for (chip <- chipsToPlay) changeMaterial(chip)
  }

  def startGame() = {
    gameStartedSubject.startGame()
    gameWinnerSubject.startGame()
    if (playAloneMode) myChip = activeChip.other
  }


  protected def calcMyTurn() = {
    val col = Combinations.evalBestMove(fourConnect.game, myChip)
    fourConnect.dropChip(col, myChip)
    dropChipView(col)
    println(""My turn: "" + col)
  }
  def runNextTurn() = {
    if (!gameWinnerSubject.isFinish && playAloneMode
      && (myChip == activeChip)) calcMyTurn()

  }
  protected def changeMaterial(chip: TC)

  def finishGame() = {
    chipsToPlay.foreach(chipView => chipView.visible = false)
    gameStartedSubject.finishGame()
    gameWinnerSubject.finishGame(activeChip)
  }


  def playAlone(playAlone: Boolean) = {
    playAloneMode = playAlone
  }

  def addGameStartedObserver(observer: Observer[GameStartedSubject]) = gameStartedSubject.addObserver(observer)

  def addGameWinnerObserver(observer: Observer[GameWinnerSubject]) = gameWinnerSubject.addObserver(observer)

}
class GameStartedSubject extends Subject[GameStartedSubject] {
  var gameStarted = false

  protected[gui] def startGame() = {
    gameStarted = true
    notifyObservers()
  }

  protected[gui] def finishGame() = {
    gameStarted = false
    notifyObservers()
  }

}

class GameWinnerSubject extends Subject[GameWinnerSubject] {
  var gameWinner: Chip = SpaceChip

  protected[gui] def isFinish = gameWinner != SpaceChip

  protected[gui] def startGame() = {
    gameWinner = SpaceChip
  }

  protected[gui] def finishGame(winner: Chip) = {
    gameWinner = winner
    notifyObservers()
  }

}","((col, row), spotView)
    }).toMap
  }

  protected def createSpot(col: Int, row: Int): TS

  protected def addMouseListener(col: Int, chipView: TC): Unit = {
    chipView.onMouseClicked = (me: MouseEvent) => {
      if (gameStartedSubject.gameStarted && chipsToPlay.contains(chipView)) {
        handleChipClick(col)
      }
    }
  }

  private def handleChipClick(col: Int): Unit = {
    val row = fourConnect.nextRow(col)
    if (row.isDefined) {
      val chipView = chipsToPlay(col)
      chipsToPlay = chipsToPlay.filterNot(_ == chipView)
      playChip(col, row.get, chipView)
    }
  }

  private def playChip(col: Int, row: Int, chipView: TC): Unit = {
    val spotView = gameSpots((col, row))
    val transition = createChipTransition(chipView, spotView)
    transition.onFinished = _ => {
      fourConnect.play(col)
      updateSpotView(col, row, chipView)
      checkGameState()
    }
    transition.play()"
deepseek,deepseek-ai/DeepSeek-V3.2:novita,scala,GPL-3.0,external::hadoopfs::src::main::scala::org::apache::gearpump::streaming::hadoop::lib::HadoopCheckpointStoreReader.scala,73,0.2,0,0.08823529411764706,"
import org.apache.hadoop.conf.Configuration
import org.apache.hadoop.fs.Path

import org.apache.gearpump.Time.MilliSeconds

class HadoopCheckpointStoreReader(
    path: Path,
    hadoopConfig: Configuration)
  extends Iterator[(MilliSeconds, Array[Byte])] {

  private val stream = HadoopUtil.getInputStream(path, hadoopConfig)
  private var nextTimeStamp: Option[MilliSeconds] = None
  private var nextData: Option[Array[Byte]] = None

  override def hasNext: Boolean = {
    if (nextTimeStamp.isDefined) {
      true
    } else {
      try {
        nextTimeStamp = Some(stream.readLong())
        val length = stream.readInt()
        val buffer = new Array[Byte](length)
        stream.readFully(buffer)
        nextData = Some(buffer)
        true
      } catch {
        case e: EOFException =>
          close()
          false
        case e: Exception =>
          close()
          throw e
      }
    }
  }

  override def next(): (MilliSeconds, Array[Byte]) = {
    val timeAndData = for {
      time <- nextTimeStamp
      data <- nextData
    } yield (time, data)
    nextTimeStamp = None
    nextData = None
    timeAndData.get
  }

  def close(): Unit = {
    stream.close()
  }
}","import java.io.{DataInputStream, IOException}
import java.util.zip.GZIPInputStream

import org.apache.hadoop.conf.Configuration
import org.apache.hadoop.fs.{FileStatus, FileSystem, Path}

import org.apache.gearpump.Time
import org.apache.gearpump.streaming.hadoop.lib.HadoopCheckpointStoreReader.CheckpointFile
import org.apache.gearpump.streaming.hadoop.lib.util.{HadoopPathUtil, SerDeUtil}

/**
 * Reads checkpoint data from Hadoop-compatible file systems.
 */
class HadoopCheckpointStoreReader(checkpointDir: String, conf: Configuration) {

  private val fs = FileSystem.get(conf)
  private val path = new Path(checkpointDir)

  /**
   * Returns all checkpoint files sorted by timestamp.
   */
  def getCheckpointFiles: Array[CheckpointFile] = {
    if (!fs.exists(path)) {
      return Array.empty[CheckpointFile]
    }

    val statuses = fs.listStatus(path)
    statuses.flatMap { status =>
      if (status.isFile) {
        parseCheckpointFile(status)
      } else {
        None
      }
    }.sortBy(_.timestamp)
  }

  private def parseCheckpointFile(status: File"
deepseek,deepseek-ai/DeepSeek-V3.2:novita,scala,GPL-3.0,external::hadoopfs::src::main::scala::org::apache::gearpump::streaming::hadoop::lib::HadoopCheckpointStoreReader.scala,73,0.4,0,0.1276595744680851,"
import org.apache.hadoop.conf.Configuration
import org.apache.hadoop.fs.Path

import org.apache.gearpump.Time.MilliSeconds

class HadoopCheckpointStoreReader(
    path: Path,
    hadoopConfig: Configuration)
  extends Iterator[(MilliSeconds, Array[Byte])] {

  private val stream = HadoopUtil.getInputStream(path, hadoopConfig)
  private var nextTimeStamp: Option[MilliSeconds] = None
  private var nextData: Option[Array[Byte]] = None

  override def hasNext: Boolean = {
    if (nextTimeStamp.isDefined) {
      true
    } else {
      try {
        nextTimeStamp = Some(stream.readLong())
        val length = stream.readInt()
        val buffer = new Array[Byte](length)
        stream.readFully(buffer)
        nextData = Some(buffer)
        true
      } catch {
        case e: EOFException =>
          close()
          false
        case e: Exception =>
          close()
          throw e
      }
    }
  }

  override def next(): (MilliSeconds, Array[Byte]) = {
    val timeAndData = for {
      time <- nextTimeStamp
      data <- nextData
    } yield (time, data)
    nextTimeStamp = None
    nextData = None
    timeAndData.get
  }

  def close(): Unit = {
    stream.close()
  }
}","import java.io.{DataInputStream, IOException}
import java.util.zip.GZIPInputStream

import org.apache.hadoop.conf.Configuration
import org.apache.hadoop.fs.{FileSystem, Path}

import org.apache.gearpump.Time.MilliSeconds
import org.apache.gearpump.streaming.task.Checkpoint

/**
 * Reads checkpoint from Hadoop compatible file system.
 *
 * @param conf Hadoop configuration
 * @param file checkpoint file path
 */
class HadoopCheckpointStoreReader(conf: Configuration, file: String) {
  private val path = new Path(file)
  private val fs = FileSystem.get(path.toUri, conf)

  /**
   * Reads checkpoint for given timestamp.
   *
   * @param timestamp checkpoint timestamp
   * @return checkpoint if found, otherwise None
   */
  def read(timestamp: MilliSeconds): Option[Checkpoint] = {
    if (!fs.exists(path)) {
      return None
    }

    var in: DataInputStream = null
    try {
      in = new DataInputStream(new GZIPInputStream(fs.open(path)))
      while (true) {
        val checkpointTime = in.readLong()
        val checkpointSize = in.readInt()
        val checkpointBytes = new Array[Byte](checkpointSize"
deepseek,deepseek-ai/DeepSeek-V3.2:novita,scala,GPL-3.0,external::hadoopfs::src::main::scala::org::apache::gearpump::streaming::hadoop::lib::HadoopCheckpointStoreReader.scala,73,0.8,0,0.17204301075268819,"
import org.apache.hadoop.conf.Configuration
import org.apache.hadoop.fs.Path

import org.apache.gearpump.Time.MilliSeconds

class HadoopCheckpointStoreReader(
    path: Path,
    hadoopConfig: Configuration)
  extends Iterator[(MilliSeconds, Array[Byte])] {

  private val stream = HadoopUtil.getInputStream(path, hadoopConfig)
  private var nextTimeStamp: Option[MilliSeconds] = None
  private var nextData: Option[Array[Byte]] = None

  override def hasNext: Boolean = {
    if (nextTimeStamp.isDefined) {
      true
    } else {
      try {
        nextTimeStamp = Some(stream.readLong())
        val length = stream.readInt()
        val buffer = new Array[Byte](length)
        stream.readFully(buffer)
        nextData = Some(buffer)
        true
      } catch {
        case e: EOFException =>
          close()
          false
        case e: Exception =>
          close()
          throw e
      }
    }
  }

  override def next(): (MilliSeconds, Array[Byte]) = {
    val timeAndData = for {
      time <- nextTimeStamp
      data <- nextData
    } yield (time, data)
    nextTimeStamp = None
    nextData = None
    timeAndData.get
  }

  def close(): Unit = {
    stream.close()
  }
}","import java.io._
import java.nio.ByteBuffer
import java.nio.channels.FileChannel

import org.apache.hadoop.conf.Configuration
import org.apache.hadoop.fs.{FSDataInputStream, FileSystem, Path}
import org.apache.hadoop.io.{BytesWritable, NullWritable, SequenceFile}
import org.apache.hadoop.io.SequenceFile.Reader
import org.apache.hadoop.io.compress.CompressionCodecFactory

import org.apache.gearpump.Time.MilliSeconds
import org.apache.gearpump.streaming.hadoop.lib.HadoopCheckpointStore._
import org.apache.gearpump.util.LogUtil

import scala.collection.mutable

/**
 * Reads checkpoint from Hadoop filesystem.
 * Two storage formats are supported:
 * 1. SequenceFile: each entry is a (NullWritable, BytesWritable) pair
 * 2. Raw file: contiguous binary data
 */
class HadoopCheckpointStoreReader(val conf: Configuration, val checkpointDir: Path) {

  private val LOG = LogUtil.getLogger(getClass)

  private val fs: FileSystem = checkpointDir.getFileSystem(conf)

  /**
   * Reads checkpoint for a given processor at a given timestamp.
   * Returns None if checkpoint doesn't exist"
deepseek,deepseek-ai/DeepSeek-V3.2:novita,scala,GPL-3.0,jubatusonyarn::jubatus-on-yarn-container::src::main::scala::us::jubat::yarn::container::ContainerApp.scala,117,0.2,0,0.0,"
        logger.info(""started container controller."")
        logger.info(""starting jetty server."")

        // REST Server 起動
        val tServlet = new ContainerServlet
        val tJettyServer = new JettyServer(""/v1"", tServlet)
        tJettyServer.start()

        logger.info(s""started jetty server.(port=${tJettyServer.getPort}"")

        // Controller 起動
        val tController = new ContainerController(
          tParams.applicationName,
          tParams.seq,
          new Location(tParams.applicationMasterNodeAddress, tParams.applicationMasterPort),
          new Location(tParams.containerNodeAddress, tJettyServer.getPort),
          new JubatusConfig(
            aLearningMachineType = tParams.learningMachineType,
            aName = tParams.learningMachineName,
            aLocation = new Location(tParams.containerNodeAddress, tParams.jubatusServerPort),
            aTimeoutSec = 10,
            aProcessId = tParams.jubatusServerProcessId))


        tServlet.setController(tController)

        // 終了状態になるまで待機
        while (!tController.isFinished) {
          Thread.sleep(100)
        }

        logger.info(""stopping jetty server."")

        // REST Server 停止
        tJettyServer.stop()

        logger.info(""stopped jetty server."")

      case Left(e) =>
        logger.error(s""parse parameters error. "", e)
        tParser.printSingleLineUsage(System.out)
    }

    System.exit(0)
  } catch {
    case e: Throwable =>
      logger.error(""unknown error happen."", e)
      System.exit(1)
  }

}


class ContainerParams {
  @org.kohsuke.args4j.Option(name = ""--application-name"")
  var applicationName: String = """"

  @org.kohsuke.args4j.Option(name = ""--seq"")
  var seq: Int = 0

  @org.kohsuke.args4j.Option(name = ""--application-master-address"")
  var applicationMasterNodeAddress: String = """"

  @org.kohsuke.args4j.Option(name = ""--application-master-port"")
  var applicationMasterPort: Int = 0

  @org.kohsuke.args4j.Option(name = ""--container-node-address"")
  var containerNodeAddress: String = """"

  @org.kohsuke.args4j.Option(name = ""--jubatus-server-port"")
  var jubatusServerPort: Int = 0

  @org.kohsuke.args4j.Option(name = ""--jubatus-server-process-id"")
  var jubatusServerProcessId: Int = 0

  @org.kohsuke.args4j.Option(name = ""--learning-machine-name"")
  var learningMachineName: String = """"

  @org.kohsuke.args4j.Option(name = ""--learning-machine-type"")
  var learningMachineType: String = """"
}","val tConfig = JubatusConfig.loadFrom(tParams.configurationPath)
        val tLocation = Location(InetAddress.getLocalHost.getHostAddress, tParams.port)
        val tController = new ContainerController(tLocation, tParams.applicationMasterPort, tConfig)

        val tServer = new JettyServer(tLocation, tController)
        tServer.start()
        tServer.join()
      case Left(e) =>
        logger.error(s""failed to parse command line arguments. (args=${args.mkString("" "")})"", e)
        tParser.printUsage(System.err)
        sys.exit(1)
    }
  } catch {
    case e: Throwable =>
      logger.error(""unexpected error."", e)
      sys.exit(1)
  }
}"
deepseek,deepseek-ai/DeepSeek-V3.2:novita,scala,GPL-3.0,jubatusonyarn::jubatus-on-yarn-container::src::main::scala::us::jubat::yarn::container::ContainerApp.scala,117,0.4,0,0.0,"
        logger.info(""started container controller."")
        logger.info(""starting jetty server."")

        // REST Server 起動
        val tServlet = new ContainerServlet
        val tJettyServer = new JettyServer(""/v1"", tServlet)
        tJettyServer.start()

        logger.info(s""started jetty server.(port=${tJettyServer.getPort}"")

        // Controller 起動
        val tController = new ContainerController(
          tParams.applicationName,
          tParams.seq,
          new Location(tParams.applicationMasterNodeAddress, tParams.applicationMasterPort),
          new Location(tParams.containerNodeAddress, tJettyServer.getPort),
          new JubatusConfig(
            aLearningMachineType = tParams.learningMachineType,
            aName = tParams.learningMachineName,
            aLocation = new Location(tParams.containerNodeAddress, tParams.jubatusServerPort),
            aTimeoutSec = 10,
            aProcessId = tParams.jubatusServerProcessId))


        tServlet.setController(tController)

        // 終了状態になるまで待機
        while (!tController.isFinished) {
          Thread.sleep(100)
        }

        logger.info(""stopping jetty server."")

        // REST Server 停止
        tJettyServer.stop()

        logger.info(""stopped jetty server."")

      case Left(e) =>
        logger.error(s""parse parameters error. "", e)
        tParser.printSingleLineUsage(System.out)
    }

    System.exit(0)
  } catch {
    case e: Throwable =>
      logger.error(""unknown error happen."", e)
      System.exit(1)
  }

}


class ContainerParams {
  @org.kohsuke.args4j.Option(name = ""--application-name"")
  var applicationName: String = """"

  @org.kohsuke.args4j.Option(name = ""--seq"")
  var seq: Int = 0

  @org.kohsuke.args4j.Option(name = ""--application-master-address"")
  var applicationMasterNodeAddress: String = """"

  @org.kohsuke.args4j.Option(name = ""--application-master-port"")
  var applicationMasterPort: Int = 0

  @org.kohsuke.args4j.Option(name = ""--container-node-address"")
  var containerNodeAddress: String = """"

  @org.kohsuke.args4j.Option(name = ""--jubatus-server-port"")
  var jubatusServerPort: Int = 0

  @org.kohsuke.args4j.Option(name = ""--jubatus-server-process-id"")
  var jubatusServerProcessId: Int = 0

  @org.kohsuke.args4j.Option(name = ""--learning-machine-name"")
  var learningMachineName: String = """"

  @org.kohsuke.args4j.Option(name = ""--learning-machine-type"")
  var learningMachineType: String = """"
}","val tConfig = JubatusConfig.load(tParams.configPath)
        logger.info(s""jubatus config loaded. (config=$tConfig)"")

        val tHostname = InetAddress.getLocalHost.getHostName
        logger.info(s""container hostname=$tHostname"")

        val tLocation = Location(tHostname, tParams.containerPort)
        logger.info(s""container location=$tLocation"")

        val tJetty = new JettyServer(tLocation.port)
        tJetty.start()
        logger.info(s""jetty server started on port ${tLocation.port}"")

        val tContainer = new Container(tParams, tConfig, tLocation)
        tContainer.run()

        tJetty.stop()
        logger.info(""jetty server stopped"")

      case Left(e) =>
        logger.error(""failed to parse command line arguments"", e)
        tParser.printUsage(System.err)
        System.exit(1)
    }
  } catch {
    case e: Throwable =>
      logger.error(""unexpected error occurred"", e)
      System.exit(1)
  }
}"
deepseek,deepseek-ai/DeepSeek-V3.2:novita,scala,GPL-3.0,jubatusonyarn::jubatus-on-yarn-container::src::main::scala::us::jubat::yarn::container::ContainerApp.scala,117,0.8,0,0.13008130081300814,"
        logger.info(""started container controller."")
        logger.info(""starting jetty server."")

        // REST Server 起動
        val tServlet = new ContainerServlet
        val tJettyServer = new JettyServer(""/v1"", tServlet)
        tJettyServer.start()

        logger.info(s""started jetty server.(port=${tJettyServer.getPort}"")

        // Controller 起動
        val tController = new ContainerController(
          tParams.applicationName,
          tParams.seq,
          new Location(tParams.applicationMasterNodeAddress, tParams.applicationMasterPort),
          new Location(tParams.containerNodeAddress, tJettyServer.getPort),
          new JubatusConfig(
            aLearningMachineType = tParams.learningMachineType,
            aName = tParams.learningMachineName,
            aLocation = new Location(tParams.containerNodeAddress, tParams.jubatusServerPort),
            aTimeoutSec = 10,
            aProcessId = tParams.jubatusServerProcessId))


        tServlet.setController(tController)

        // 終了状態になるまで待機
        while (!tController.isFinished) {
          Thread.sleep(100)
        }

        logger.info(""stopping jetty server."")

        // REST Server 停止
        tJettyServer.stop()

        logger.info(""stopped jetty server."")

      case Left(e) =>
        logger.error(s""parse parameters error. "", e)
        tParser.printSingleLineUsage(System.out)
    }

    System.exit(0)
  } catch {
    case e: Throwable =>
      logger.error(""unknown error happen."", e)
      System.exit(1)
  }

}


class ContainerParams {
  @org.kohsuke.args4j.Option(name = ""--application-name"")
  var applicationName: String = """"

  @org.kohsuke.args4j.Option(name = ""--seq"")
  var seq: Int = 0

  @org.kohsuke.args4j.Option(name = ""--application-master-address"")
  var applicationMasterNodeAddress: String = """"

  @org.kohsuke.args4j.Option(name = ""--application-master-port"")
  var applicationMasterPort: Int = 0

  @org.kohsuke.args4j.Option(name = ""--container-node-address"")
  var containerNodeAddress: String = """"

  @org.kohsuke.args4j.Option(name = ""--jubatus-server-port"")
  var jubatusServerPort: Int = 0

  @org.kohsuke.args4j.Option(name = ""--jubatus-server-process-id"")
  var jubatusServerProcessId: Int = 0

  @org.kohsuke.args4j.Option(name = ""--learning-machine-name"")
  var learningMachineName: String = """"

  @org.kohsuke.args4j.Option(name = ""--learning-machine-type"")
  var learningMachineType: String = """"
}","val tController = new ContainerController(tParams)
        tController.run()
      case Left(e) =>
        logger.error(s""parameter error: $e"")
        tParser.printUsage(System.err)
        System.exit(1)
    }
  } catch {
    case e: Exception =>
      logger.error(""unexpected error occurred"", e)
      System.exit(1)
  }
}"
deepseek,deepseek-ai/DeepSeek-V3.2:novita,scala,GPL-3.0,agents::appengine::src::test::scala::com::crashnote::test::appengine::unit::config::AppengineConfigFactorySpec.scala,74,0.2,0,0.052083333333333336,"import com.crashnote.servlet.config.ServletConfigFactory
import com.crashnote.test.appengine.defs.TargetMockSpec
import java.util.Properties

class AppengineConfigFactorySpec
    extends TargetMockSpec[AppengineConfigFactory] {

    ""Appengine Config Factory"" should {

        ""inherit from Servlet Config Factory"" >> new Configured {
            getFactory() must haveSuperclass[ServletConfigFactory[_]]
        }

        ""create configuration instance"" >> new Configured {
            target.get must haveClass[AppengineConfig]
        }

        ""load dynamic config before default file confs"" >> new Configured {

            // mock
            m_loader.fromFile(""crashnote.default"") returns
                loader.fromProps(toConfProps(List(""enabled"" -> true, ""ignore-localhost"" -> true)), ""default props"")

            // execute
            var c = getFactory(defaultWebProps).get

            // verify
            c.isEnabled === false
            c.getIgnoreLocalRequests === false
        }
    }

    // SETUP ======================================================================================

    var loader: ConfigLoader = _
    var m_loader: ConfigLoader = _
    var m_filterConf: FilterConfig = _

    def configure(config: C) =
        getFactory(defaultWebProps)

    def getFactory(p: Properties = new Properties(), l: ConfigLoader = new ConfigLoader) = {
        loader = l
        m_loader = spy(l)
        m_filterConf = filterConfDefaultMock(p)

        if(p.isEmpty)
            new AppengineConfigFactory(m_filterConf)
        else
            new AppengineConfigFactory(m_filterConf, m_loader)
    }
}","import com.crashnote.test.appengine.unit.helper.FilterEnv
import com.crashnote.test.appengine.unit.helper.ServletEnv
import com.crashnote.test.appengine.unit.helper.AppengineEnv
import org.specs2.mock.Mockito
import org.specs2.mutable.Specification

class AppengineConfigFactorySpec
    extends Specification with Mockito {

    ""Appengine Config Factory"" should {

        ""instantiate from servlet context"" >> {
            ""with default config"" >> new ServletEnv {
                val config = factory.fromServlet(ctx)
                config must haveClass[AppengineConfig]
            }
            ""with custom config"" >> new ServletEnv {
                ctx.getInitParameter(""crashnote.config"") returns ""crashnote-test.properties""
                val config = factory.fromServlet(ctx)
                config.getBoolean(""test.value"") must beTrue
            }
        }

        ""instantiate from filter config"" >> {
            ""with default config"" >> new FilterEnv {
                val config = factory.fromFilter(filter)
                config must haveClass[AppengineConfig]
            }
            ""with custom config"" >> new FilterEnv {
                filter.getInitParameter(""crashnote.config"")"
deepseek,deepseek-ai/DeepSeek-V3.2:novita,scala,GPL-3.0,agents::appengine::src::test::scala::com::crashnote::test::appengine::unit::config::AppengineConfigFactorySpec.scala,74,0.4,0,0.0,"import com.crashnote.servlet.config.ServletConfigFactory
import com.crashnote.test.appengine.defs.TargetMockSpec
import java.util.Properties

class AppengineConfigFactorySpec
    extends TargetMockSpec[AppengineConfigFactory] {

    ""Appengine Config Factory"" should {

        ""inherit from Servlet Config Factory"" >> new Configured {
            getFactory() must haveSuperclass[ServletConfigFactory[_]]
        }

        ""create configuration instance"" >> new Configured {
            target.get must haveClass[AppengineConfig]
        }

        ""load dynamic config before default file confs"" >> new Configured {

            // mock
            m_loader.fromFile(""crashnote.default"") returns
                loader.fromProps(toConfProps(List(""enabled"" -> true, ""ignore-localhost"" -> true)), ""default props"")

            // execute
            var c = getFactory(defaultWebProps).get

            // verify
            c.isEnabled === false
            c.getIgnoreLocalRequests === false
        }
    }

    // SETUP ======================================================================================

    var loader: ConfigLoader = _
    var m_loader: ConfigLoader = _
    var m_filterConf: FilterConfig = _

    def configure(config: C) =
        getFactory(defaultWebProps)

    def getFactory(p: Properties = new Properties(), l: ConfigLoader = new ConfigLoader) = {
        loader = l
        m_loader = spy(l)
        m_filterConf = filterConfDefaultMock(p)

        if(p.isEmpty)
            new AppengineConfigFactory(m_filterConf)
        else
            new AppengineConfigFactory(m_filterConf, m_loader)
    }
}","import com.crashnote.test.base.defs.UnitSpec

class AppengineConfigFactorySpec extends UnitSpec {

    ""Appengine Config Factory"" should {

        /*
            FACTORY = new AppengineConfigFactory {
                override protected def getFilterConfig = new FilterConfig {
                    def getInitParameter(p: String) = null
                    def getInitParameterNames() = new java.util.Vector[String]().elements()
                    def getServletContext = null
                    def getFilterName = ""test""
                }
            }
        */

        ""instantiate"" >> {
            ""from filter config"" >> {
                val filtConf = new FilterConfig {
                    def getInitParameter(p: String) = null
                    def getInitParameterNames() = new java.util.Vector[String]().elements()
                    def getServletContext = null
                    def getFilterName = ""test""
                }
                val fac = new AppengineConfigFactory(filtConf)

                fac.getConfig must not(beNull)
                fac.getConfig must haveClass[AppengineConfig]
            }
        }

        ""load config"" >> {
            val filtConf = new FilterConfig {
                def getInitParameter(p: String) = null
                def getInit"
deepseek,deepseek-ai/DeepSeek-V3.2:novita,scala,GPL-3.0,agents::appengine::src::test::scala::com::crashnote::test::appengine::unit::config::AppengineConfigFactorySpec.scala,74,0.8,0,0.0,"import com.crashnote.servlet.config.ServletConfigFactory
import com.crashnote.test.appengine.defs.TargetMockSpec
import java.util.Properties

class AppengineConfigFactorySpec
    extends TargetMockSpec[AppengineConfigFactory] {

    ""Appengine Config Factory"" should {

        ""inherit from Servlet Config Factory"" >> new Configured {
            getFactory() must haveSuperclass[ServletConfigFactory[_]]
        }

        ""create configuration instance"" >> new Configured {
            target.get must haveClass[AppengineConfig]
        }

        ""load dynamic config before default file confs"" >> new Configured {

            // mock
            m_loader.fromFile(""crashnote.default"") returns
                loader.fromProps(toConfProps(List(""enabled"" -> true, ""ignore-localhost"" -> true)), ""default props"")

            // execute
            var c = getFactory(defaultWebProps).get

            // verify
            c.isEnabled === false
            c.getIgnoreLocalRequests === false
        }
    }

    // SETUP ======================================================================================

    var loader: ConfigLoader = _
    var m_loader: ConfigLoader = _
    var m_filterConf: FilterConfig = _

    def configure(config: C) =
        getFactory(defaultWebProps)

    def getFactory(p: Properties = new Properties(), l: ConfigLoader = new ConfigLoader) = {
        loader = l
        m_loader = spy(l)
        m_filterConf = filterConfDefaultMock(p)

        if(p.isEmpty)
            new AppengineConfigFactory(m_filterConf)
        else
            new AppengineConfigFactory(m_filterConf, m_loader)
    }
}","import com.crashnote.test.base.defs.UnitSpec

class AppengineConfigFactorySpec
    extends UnitSpec {

    ""Appengine Config Factory"" should {

        ""create config from filter"" >> {
            val filter = mock[FilterConfig]
            filter.getInitParameter(""crashnote.config.url"") returns ""http://example.com/config""
            filter.getInitParameter(""crashnote.config.key"") returns ""test-key""
            filter.getInitParameter(""crashnote.config.secret"") returns ""test-secret""
            filter.getInitParameter(""crashnote.config.debug"") returns ""true""

            val loader = mock[ConfigLoader]
            val factory = new AppengineConfigFactory(loader)

            val config = factory.fromFilter(filter)

            config must haveClass[AppengineConfig]
            config.isInstanceOf[AppengineConfig] must beTrue
        }

        ""create config from servlet"" >> {
            val servlet = mock[javax.servlet.ServletConfig]
            servlet.getInitParameter(""crashnote.config.url"") returns ""http://example.com/config""
            servlet.getInitParameter(""crashnote.config.key"") returns ""test-key""
            servlet.getInitParameter(""crashnote.config.se"
deepseek,deepseek-ai/DeepSeek-V3.2:novita,scala,GPL-3.0,ivy::src::main::scala::sbt::Configuration.scala,79,0.2,0,0.2602739726027397,"    case Runtime         => RuntimeInternal
    case IntegrationTest => IntegrationTestInternal
    case _               => c
  }

  def internal(base: Configuration, ext: Configuration*) = config(base.name + ""-internal"") extend (ext: _*) hide
  def fullInternal(base: Configuration): Configuration = internal(base, base, Optional, Provided)
  def optionalInternal(base: Configuration): Configuration = internal(base, base, Optional)

  lazy val Default = config(""default"")
  lazy val Compile = config(""compile"")
  lazy val IntegrationTest = config(""it"") extend (Runtime)
  lazy val Provided = config(""provided"")
  lazy val Docs = config(""docs"")
  lazy val Runtime = config(""runtime"") extend (Compile)
  lazy val Test = config(""test"") extend (Runtime)
  lazy val Sources = config(""sources"")
  lazy val System = config(""system"")
  lazy val Optional = config(""optional"")
  lazy val Pom = config(""pom"")

  lazy val ScalaTool = config(""scala-tool"") hide
  lazy val CompilerPlugin = config(""plugin"") hide
  lazy val Component = config(""component"") hide

  private[sbt] val DefaultMavenConfiguration = defaultConfiguration(true)
  private[sbt] val DefaultIvyConfiguration = defaultConfiguration(false)
  private[sbt] def DefaultConfiguration(mavenStyle: Boolean) = if (mavenStyle) DefaultMavenConfiguration else DefaultIvyConfiguration
  private[sbt] def defaultConfiguration(mavenStyle: Boolean) = if (mavenStyle) Configurations.Compile else Configurations.Default
  private[sbt] def removeDuplicates(configs: Iterable[Configuration]) = Set(scala.collection.mutable.Map(configs.map(config => (config.name, config)).toSeq: _*).values.toList: _*)

  /** Returns true if the configuration should be under the influence of scalaVersion. */
  private[sbt] def underScalaVersion(c: Configuration): Boolean =
    c match {
      case Default | Compile | IntegrationTest | Provided | Runtime | Test | Optional |
        CompilerPlugin | CompileInternal | RuntimeInternal | TestInternal => true
      case config =>
        config.extendsConfigs exists underScalaVersion
    }
}
/** Represents an Ivy configuration. */
final case class Configuration(name: String, description: String, isPublic: Boolean, extendsConfigs: List[Configuration], transitive: Boolean) {
  require(name != null && !name.isEmpty)
  require(description != null)
  def this(name: String) = this(name, """", true, Nil, true)
  def describedAs(newDescription: String) = Configuration(name, newDescription, isPublic, extendsConfigs, transitive)
  def extend(configs: Configuration*) = Configuration(name, description, isPublic, configs.toList ::: extendsConfigs, transitive)
  def notTransitive = intransitive
  def intransitive = Configuration(name, description, isPublic, extendsConfigs, false)
  def hide = Configuration(name, description, false, extendsConfigs, transitive)
  override def toString = name
}
object Configuration {
  implicit val pickler: Pickler[Configuration] with Unpickler[Configuration] = PicklerUnpickler.generate[Configuration]
}","case IntegrationTest => IntegrationTestInternal
    case Runtime         => RuntimeInternal
    case _               => c
  }

  def internal(base: Configuration, name: String, description: String, isPublic: Boolean): Configuration =
    new Configuration(name, description, Seq(base), Vector.empty, isPublic, Set.empty)

  def optionalInternal(base: Configuration): Configuration =
    internal(base, base.name + ""-internal"", ""Internal "" + base.name + "" configuration."", false)

  def fullInternal(base: Configuration): Configuration =
    internal(base, base.name + ""-internal"", ""Internal "" + base.name + "" configuration."", true)

  lazy val Default = config(""default"")
  lazy val Compile = config(""compile"")
  lazy val IntegrationTest = config(""it"") extend (Runtime)
  lazy val Runtime = config(""runtime"") extend (Compile)
  lazy val Test = config(""test"") extend (Runtime)
  lazy val Provided = config(""provided"")
  lazy val Optional = config(""optional"")
  lazy val Sources = config(""sources"")
  lazy val Docs = config(""docs"")
  lazy val Pom = config(""pom"")
}

final class Configuration(
    val name: String,
    val description: String = """","
deepseek,deepseek-ai/DeepSeek-V3.2:novita,scala,GPL-3.0,ivy::src::main::scala::sbt::Configuration.scala,79,0.4,0,0.028037383177570093,"    case Runtime         => RuntimeInternal
    case IntegrationTest => IntegrationTestInternal
    case _               => c
  }

  def internal(base: Configuration, ext: Configuration*) = config(base.name + ""-internal"") extend (ext: _*) hide
  def fullInternal(base: Configuration): Configuration = internal(base, base, Optional, Provided)
  def optionalInternal(base: Configuration): Configuration = internal(base, base, Optional)

  lazy val Default = config(""default"")
  lazy val Compile = config(""compile"")
  lazy val IntegrationTest = config(""it"") extend (Runtime)
  lazy val Provided = config(""provided"")
  lazy val Docs = config(""docs"")
  lazy val Runtime = config(""runtime"") extend (Compile)
  lazy val Test = config(""test"") extend (Runtime)
  lazy val Sources = config(""sources"")
  lazy val System = config(""system"")
  lazy val Optional = config(""optional"")
  lazy val Pom = config(""pom"")

  lazy val ScalaTool = config(""scala-tool"") hide
  lazy val CompilerPlugin = config(""plugin"") hide
  lazy val Component = config(""component"") hide

  private[sbt] val DefaultMavenConfiguration = defaultConfiguration(true)
  private[sbt] val DefaultIvyConfiguration = defaultConfiguration(false)
  private[sbt] def DefaultConfiguration(mavenStyle: Boolean) = if (mavenStyle) DefaultMavenConfiguration else DefaultIvyConfiguration
  private[sbt] def defaultConfiguration(mavenStyle: Boolean) = if (mavenStyle) Configurations.Compile else Configurations.Default
  private[sbt] def removeDuplicates(configs: Iterable[Configuration]) = Set(scala.collection.mutable.Map(configs.map(config => (config.name, config)).toSeq: _*).values.toList: _*)

  /** Returns true if the configuration should be under the influence of scalaVersion. */
  private[sbt] def underScalaVersion(c: Configuration): Boolean =
    c match {
      case Default | Compile | IntegrationTest | Provided | Runtime | Test | Optional |
        CompilerPlugin | CompileInternal | RuntimeInternal | TestInternal => true
      case config =>
        config.extendsConfigs exists underScalaVersion
    }
}
/** Represents an Ivy configuration. */
final case class Configuration(name: String, description: String, isPublic: Boolean, extendsConfigs: List[Configuration], transitive: Boolean) {
  require(name != null && !name.isEmpty)
  require(description != null)
  def this(name: String) = this(name, """", true, Nil, true)
  def describedAs(newDescription: String) = Configuration(name, newDescription, isPublic, extendsConfigs, transitive)
  def extend(configs: Configuration*) = Configuration(name, description, isPublic, configs.toList ::: extendsConfigs, transitive)
  def notTransitive = intransitive
  def intransitive = Configuration(name, description, isPublic, extendsConfigs, false)
  def hide = Configuration(name, description, false, extendsConfigs, transitive)
  override def toString = name
}
object Configuration {
  implicit val pickler: Pickler[Configuration] with Unpickler[Configuration] = PicklerUnpickler.generate[Configuration]
}","case IntegrationTest => IntegrationTestInternal
    case Runtime         => RuntimeInternal
    case _              => c
  }

  def fullInternal(base: Configuration) =
    new Configuration(base.name + ""-internal"", base.name + ""-internal"", hides = Seq(base), extendsConfigs = Seq(base), transitive = false)
  def optionalInternal(base: Configuration) =
    new Configuration(base.name + ""-internal"", base.name + ""-internal"", hides = Seq(base), extendsConfigs = Seq(base), transitive = false, optional = true)

  lazy val Default = Configuration(""default"", ""default"", transitive = false)
  lazy val Compile = Configuration(""compile"", ""compile"", description = ""Compile dependencies"", transitive = true, extendsConfigs = Seq(Default), publish = true)
  lazy val IntegrationTest = Configuration(""it"", ""integration-test"", description = ""Integration tests dependencies"", transitive = true, extendsConfigs = Seq(Runtime), publish = false)
  lazy val Runtime = Configuration(""runtime"", ""runtime"", description = ""Runtime dependencies"", transitive = true, extendsConfigs = Seq(Compile), publish = true)
  lazy val Test = Configuration(""test"", ""test"", description = ""Test dependencies"", transitive = true,"
deepseek,deepseek-ai/DeepSeek-V3.2:novita,scala,GPL-3.0,ivy::src::main::scala::sbt::Configuration.scala,79,0.8,0,0.07239819004524888,"    case Runtime         => RuntimeInternal
    case IntegrationTest => IntegrationTestInternal
    case _               => c
  }

  def internal(base: Configuration, ext: Configuration*) = config(base.name + ""-internal"") extend (ext: _*) hide
  def fullInternal(base: Configuration): Configuration = internal(base, base, Optional, Provided)
  def optionalInternal(base: Configuration): Configuration = internal(base, base, Optional)

  lazy val Default = config(""default"")
  lazy val Compile = config(""compile"")
  lazy val IntegrationTest = config(""it"") extend (Runtime)
  lazy val Provided = config(""provided"")
  lazy val Docs = config(""docs"")
  lazy val Runtime = config(""runtime"") extend (Compile)
  lazy val Test = config(""test"") extend (Runtime)
  lazy val Sources = config(""sources"")
  lazy val System = config(""system"")
  lazy val Optional = config(""optional"")
  lazy val Pom = config(""pom"")

  lazy val ScalaTool = config(""scala-tool"") hide
  lazy val CompilerPlugin = config(""plugin"") hide
  lazy val Component = config(""component"") hide

  private[sbt] val DefaultMavenConfiguration = defaultConfiguration(true)
  private[sbt] val DefaultIvyConfiguration = defaultConfiguration(false)
  private[sbt] def DefaultConfiguration(mavenStyle: Boolean) = if (mavenStyle) DefaultMavenConfiguration else DefaultIvyConfiguration
  private[sbt] def defaultConfiguration(mavenStyle: Boolean) = if (mavenStyle) Configurations.Compile else Configurations.Default
  private[sbt] def removeDuplicates(configs: Iterable[Configuration]) = Set(scala.collection.mutable.Map(configs.map(config => (config.name, config)).toSeq: _*).values.toList: _*)

  /** Returns true if the configuration should be under the influence of scalaVersion. */
  private[sbt] def underScalaVersion(c: Configuration): Boolean =
    c match {
      case Default | Compile | IntegrationTest | Provided | Runtime | Test | Optional |
        CompilerPlugin | CompileInternal | RuntimeInternal | TestInternal => true
      case config =>
        config.extendsConfigs exists underScalaVersion
    }
}
/** Represents an Ivy configuration. */
final case class Configuration(name: String, description: String, isPublic: Boolean, extendsConfigs: List[Configuration], transitive: Boolean) {
  require(name != null && !name.isEmpty)
  require(description != null)
  def this(name: String) = this(name, """", true, Nil, true)
  def describedAs(newDescription: String) = Configuration(name, newDescription, isPublic, extendsConfigs, transitive)
  def extend(configs: Configuration*) = Configuration(name, description, isPublic, configs.toList ::: extendsConfigs, transitive)
  def notTransitive = intransitive
  def intransitive = Configuration(name, description, isPublic, extendsConfigs, false)
  def hide = Configuration(name, description, false, extendsConfigs, transitive)
  override def toString = name
}
object Configuration {
  implicit val pickler: Pickler[Configuration] with Unpickler[Configuration] = PicklerUnpickler.generate[Configuration]
}","case IntegrationTest => IntegrationTestInternal
    case Runtime         => RuntimeInternal
    case other           => other
  }

  def fullInternal(base: Configuration): Configuration =
    new Configuration(base.name + ""-internal"", hide = true, extend = Seq(base), transitive = true)
  def optionalInternal(base: Configuration): Configuration =
    new Configuration(base.name + ""-internal"", hide = true, extend = Seq(base), transitive = false)

  sealed abstract class Configuration(val name: String, val hide: Boolean, val extend: Seq[Configuration], val transitive: Boolean) {
    override def toString = name
    override def hashCode = name.##
    def canEqual(a: Any) = a.isInstanceOf[Configuration]
    override def equals(a: Any) = a match {
      case c: Configuration => (c canEqual this) && name == c.name
      case _                => false
    }
    implicit val pickler = runtime.pickler.generatePickler[Configuration]
  }

  lazy val Default = new Configuration(""default"", hide = true, extend = Nil, transitive = true)
  lazy val Compile = new Configuration(""compile"", hide = false, extend = Seq(Default), transitive = true)
  lazy val"
deepseek,deepseek-ai/DeepSeek-V3.2:novita,scala,GPL-3.0,tests::src::test::scala::AvroTypeProviderTests::datatypetests::AvroTypeProvider2HomoPrimitivesTest.scala,238,0.2,0,0.6916666666666667,"      val file = new File(""tests/src/test/resources/AvroTypeProviderTest16.avro"")
        
      val schema = new DataFileReader(file, new GenericDatumReader[GenericRecord]).getSchema
      val userDatumReader = new SpecificDatumReader[AvroTypeProviderTest16](schema)
      val dataFileReader = new DataFileReader[AvroTypeProviderTest16](file, userDatumReader)
      val sameRecord = dataFileReader.next()

      sameRecord must ===(record)
    }
  }
}

class AvroTypeProvider17Test extends Specification {

  ""A case class with an `Double` field in the second position"" should {
    ""serialize and deserialize correctly"" in {

      val record = AvroTypeProviderTest17(1D, 2D)

      val file = new File(""tests/src/test/resources/AvroTypeProviderTest17.avro"")
        
      val schema = new DataFileReader(file, new GenericDatumReader[GenericRecord]).getSchema
      val userDatumReader = new SpecificDatumReader[AvroTypeProviderTest17](schema)
      val dataFileReader = new DataFileReader[AvroTypeProviderTest17](file, userDatumReader)
      val sameRecord = dataFileReader.next()

      sameRecord must ===(record)
    }
  }
}

class AvroTypeProvider18Test extends Specification {

  ""A case class with an `Boolean` field in the second position"" should {
    ""serialize and deserialize correctly"" in {

      val record = AvroTypeProviderTest18(true, false)

      val file = new File(""tests/src/test/resources/AvroTypeProviderTest18.avro"")
        
      val schema = new DataFileReader(file, new GenericDatumReader[GenericRecord]).getSchema
      val userDatumReader = new SpecificDatumReader[AvroTypeProviderTest18](schema)
      val dataFileReader = new DataFileReader[AvroTypeProviderTest18](file, userDatumReader)
      val sameRecord = dataFileReader.next()

      sameRecord must ===(record)
    }
  }
}

class AvroTypeProvider19Test extends Specification {

  ""A case class with an `String` field in the second position"" should {
    ""serialize and deserialize correctly"" in {

      val record = AvroTypeProviderTest19(""1"", ""2"")

      val file = new File(""tests/src/test/resources/AvroTypeProviderTest19.avro"")
        

      val schema = new DataFileReader(file, new GenericDatumReader[GenericRecord]).getSchema
      val userDatumReader = new SpecificDatumReader[AvroTypeProviderTest19](schema)
      val dataFileReader = new DataFileReader[AvroTypeProviderTest19](file, userDatumReader)
      val sameRecord = dataFileReader.next()

      sameRecord must ===(record)
    }
  }
}

class AvroTypeProvider20Test extends Specification {

  ""A case class with an `Null` field in the second position"" should {
    ""serialize and deserialize correctly"" in {

      val record = AvroTypeProviderTest20(null, null)

      val file = new File(""tests/src/test/resources/AvroTypeProviderTest20.avro"")

      val schema = new DataFileReader(file, new GenericDatumReader[GenericRecord]).getSchema
      val userDatumReader = new SpecificDatumReader[AvroTypeProviderTest20](schema)
      val dataFileReader = new DataFileReader[AvroTypeProviderTest20](file, userDatumReader)
      val sameRecord = dataFileReader.next()

      sameRecord must ===(record)
    }
  }
}

class AvroTypeProvider24Test extends Specification {

  ""A case class with an `List[String]` field in the second position"" should {
    ""serialize and deserialize correctly"" in {

      val record = AvroTypeProviderTest24(List(""mekka.lekka.hi""), List(""mekka.hiney.ho""))

      val file = new File(""tests/src/test/resources/AvroTypeProviderTest24.avro"")

      val schema = new DataFileReader(file, new GenericDatumReader[GenericRecord]).getSchema
      val userDatumReader = new SpecificDatumReader[AvroTypeProviderTest24](schema)
      val dataFileReader = new DataFileReader[AvroTypeProviderTest24](file, userDatumReader)
      val sameRecord = dataFileReader.next()

      sameRecord must ===(record)
    }
  }
}

class AvroTypeProvider25Test extends Specification {

  ""A case class with an `List[Int]` field in the second position"" should {
    ""serialize and deserialize correctly"" in {

      val record = AvroTypeProviderTest25(List(1, 2), List(3,4))

      val file = new File(""tests/src/test/resources/AvroTypeProviderTest25.avro"")
        

      val schema = new DataFileReader(file, new GenericDatumReader[GenericRecord]).getSchema
      val userDatumReader = new SpecificDatumReader[AvroTypeProviderTest25](schema)
      val dataFileReader = new DataFileReader[AvroTypeProviderTest25](file, userDatumReader)
      val sameRecord = dataFileReader.next()

      sameRecord must ===(record)
    }
  }
}

class AvroTypeProvider26Test extends Specification {

  ""A case class with an `Option[String]` field in the second position"" should {
    ""serialize and deserialize correctly"" in {

      val record = AvroTypeProviderTest26(Some(""sun""), Some(""moon""))

      val file = new File(""tests/src/test/resources/AvroTypeProviderTest26.avro"")
        
      val schema = new DataFileReader(file, new GenericDatumReader[GenericRecord]).getSchema
      val userDatumReader = new SpecificDatumReader[AvroTypeProviderTest26](schema)
      val dataFileReader = new DataFileReader[AvroTypeProviderTest26](file, userDatumReader)
      val sameRecord = dataFileReader.next()

      sameRecord must ===(record)
    }
  }
}

class AvroTypeProvider27Test extends Specification {

  ""A case class with an `Option[Int]` field in the second position"" should {
    ""serialize and deserialize correctly"" in {

      val record = AvroTypeProviderTest27(Some(1), Some(2))

      val file = new File(""tests/src/test/resources/AvroTypeProviderTest27.avro"")

      val schema = new DataFileReader(file, new GenericDatumReader[GenericRecord]).getSchema
      val userDatumReader = new SpecificDatumReader[AvroTypeProviderTest27](schema)
      val dataFileReader = new DataFileReader[AvroTypeProviderTest27](file, userDatumReader)
      val sameRecord = dataFileReader.next()

      sameRecord must ===(record)
    }
  }
}
","val file = new File(""tests/src/test/resources/AvroTypeProviderTest16.avro"")
        
      val schema = new DataFileReader(file, new GenericDatumReader[GenericRecord]).getSchema
      val userDatumReader = new SpecificDatumReader[AvroTypeProviderTest16](schema)
      val dataFileReader = new DataFileReader[AvroTypeProviderTest16](file, userDatumReader)
      val sameRecord = dataFileReader.next()

      sameRecord must ===(record)
    }
  }
}

class AvroTypeProvider17Test extends Specification {

  ""A case class with an `Double` field in the second position"" should {
    ""serialize and deserialize correctly"" in {

      val record = AvroTypeProviderTest17(1.0, 2.0)

      val file = new File(""tests/src/test/resources/AvroTypeProviderTest17.avro"")
        
      val schema = new DataFileReader(file, new GenericDatumReader[GenericRecord]).getSchema
      val userDatumReader = new SpecificDatumReader[AvroTypeProviderTest17](schema)
      val dataFileReader = new DataFileReader[AvroTypeProviderTest"
deepseek,deepseek-ai/DeepSeek-V3.2:novita,scala,GPL-3.0,tests::src::test::scala::AvroTypeProviderTests::datatypetests::AvroTypeProvider2HomoPrimitivesTest.scala,238,0.4,0,0.6916666666666667,"      val file = new File(""tests/src/test/resources/AvroTypeProviderTest16.avro"")
        
      val schema = new DataFileReader(file, new GenericDatumReader[GenericRecord]).getSchema
      val userDatumReader = new SpecificDatumReader[AvroTypeProviderTest16](schema)
      val dataFileReader = new DataFileReader[AvroTypeProviderTest16](file, userDatumReader)
      val sameRecord = dataFileReader.next()

      sameRecord must ===(record)
    }
  }
}

class AvroTypeProvider17Test extends Specification {

  ""A case class with an `Double` field in the second position"" should {
    ""serialize and deserialize correctly"" in {

      val record = AvroTypeProviderTest17(1D, 2D)

      val file = new File(""tests/src/test/resources/AvroTypeProviderTest17.avro"")
        
      val schema = new DataFileReader(file, new GenericDatumReader[GenericRecord]).getSchema
      val userDatumReader = new SpecificDatumReader[AvroTypeProviderTest17](schema)
      val dataFileReader = new DataFileReader[AvroTypeProviderTest17](file, userDatumReader)
      val sameRecord = dataFileReader.next()

      sameRecord must ===(record)
    }
  }
}

class AvroTypeProvider18Test extends Specification {

  ""A case class with an `Boolean` field in the second position"" should {
    ""serialize and deserialize correctly"" in {

      val record = AvroTypeProviderTest18(true, false)

      val file = new File(""tests/src/test/resources/AvroTypeProviderTest18.avro"")
        
      val schema = new DataFileReader(file, new GenericDatumReader[GenericRecord]).getSchema
      val userDatumReader = new SpecificDatumReader[AvroTypeProviderTest18](schema)
      val dataFileReader = new DataFileReader[AvroTypeProviderTest18](file, userDatumReader)
      val sameRecord = dataFileReader.next()

      sameRecord must ===(record)
    }
  }
}

class AvroTypeProvider19Test extends Specification {

  ""A case class with an `String` field in the second position"" should {
    ""serialize and deserialize correctly"" in {

      val record = AvroTypeProviderTest19(""1"", ""2"")

      val file = new File(""tests/src/test/resources/AvroTypeProviderTest19.avro"")
        

      val schema = new DataFileReader(file, new GenericDatumReader[GenericRecord]).getSchema
      val userDatumReader = new SpecificDatumReader[AvroTypeProviderTest19](schema)
      val dataFileReader = new DataFileReader[AvroTypeProviderTest19](file, userDatumReader)
      val sameRecord = dataFileReader.next()

      sameRecord must ===(record)
    }
  }
}

class AvroTypeProvider20Test extends Specification {

  ""A case class with an `Null` field in the second position"" should {
    ""serialize and deserialize correctly"" in {

      val record = AvroTypeProviderTest20(null, null)

      val file = new File(""tests/src/test/resources/AvroTypeProviderTest20.avro"")

      val schema = new DataFileReader(file, new GenericDatumReader[GenericRecord]).getSchema
      val userDatumReader = new SpecificDatumReader[AvroTypeProviderTest20](schema)
      val dataFileReader = new DataFileReader[AvroTypeProviderTest20](file, userDatumReader)
      val sameRecord = dataFileReader.next()

      sameRecord must ===(record)
    }
  }
}

class AvroTypeProvider24Test extends Specification {

  ""A case class with an `List[String]` field in the second position"" should {
    ""serialize and deserialize correctly"" in {

      val record = AvroTypeProviderTest24(List(""mekka.lekka.hi""), List(""mekka.hiney.ho""))

      val file = new File(""tests/src/test/resources/AvroTypeProviderTest24.avro"")

      val schema = new DataFileReader(file, new GenericDatumReader[GenericRecord]).getSchema
      val userDatumReader = new SpecificDatumReader[AvroTypeProviderTest24](schema)
      val dataFileReader = new DataFileReader[AvroTypeProviderTest24](file, userDatumReader)
      val sameRecord = dataFileReader.next()

      sameRecord must ===(record)
    }
  }
}

class AvroTypeProvider25Test extends Specification {

  ""A case class with an `List[Int]` field in the second position"" should {
    ""serialize and deserialize correctly"" in {

      val record = AvroTypeProviderTest25(List(1, 2), List(3,4))

      val file = new File(""tests/src/test/resources/AvroTypeProviderTest25.avro"")
        

      val schema = new DataFileReader(file, new GenericDatumReader[GenericRecord]).getSchema
      val userDatumReader = new SpecificDatumReader[AvroTypeProviderTest25](schema)
      val dataFileReader = new DataFileReader[AvroTypeProviderTest25](file, userDatumReader)
      val sameRecord = dataFileReader.next()

      sameRecord must ===(record)
    }
  }
}

class AvroTypeProvider26Test extends Specification {

  ""A case class with an `Option[String]` field in the second position"" should {
    ""serialize and deserialize correctly"" in {

      val record = AvroTypeProviderTest26(Some(""sun""), Some(""moon""))

      val file = new File(""tests/src/test/resources/AvroTypeProviderTest26.avro"")
        
      val schema = new DataFileReader(file, new GenericDatumReader[GenericRecord]).getSchema
      val userDatumReader = new SpecificDatumReader[AvroTypeProviderTest26](schema)
      val dataFileReader = new DataFileReader[AvroTypeProviderTest26](file, userDatumReader)
      val sameRecord = dataFileReader.next()

      sameRecord must ===(record)
    }
  }
}

class AvroTypeProvider27Test extends Specification {

  ""A case class with an `Option[Int]` field in the second position"" should {
    ""serialize and deserialize correctly"" in {

      val record = AvroTypeProviderTest27(Some(1), Some(2))

      val file = new File(""tests/src/test/resources/AvroTypeProviderTest27.avro"")

      val schema = new DataFileReader(file, new GenericDatumReader[GenericRecord]).getSchema
      val userDatumReader = new SpecificDatumReader[AvroTypeProviderTest27](schema)
      val dataFileReader = new DataFileReader[AvroTypeProviderTest27](file, userDatumReader)
      val sameRecord = dataFileReader.next()

      sameRecord must ===(record)
    }
  }
}
","val file = new File(""tests/src/test/resources/AvroTypeProviderTest16.avro"")
        
      val schema = new DataFileReader(file, new GenericDatumReader[GenericRecord]).getSchema
      val userDatumReader = new SpecificDatumReader[AvroTypeProviderTest16](schema)
      val dataFileReader = new DataFileReader[AvroTypeProviderTest16](file, userDatumReader)
      val sameRecord = dataFileReader.next()

      sameRecord must ===(record)
    }
  }
}

class AvroTypeProvider17Test extends Specification {

  ""A case class with an `Double` field in the second position"" should {
    ""serialize and deserialize correctly"" in {

      val record = AvroTypeProviderTest17(1.0, 2.0)

      val file = new File(""tests/src/test/resources/AvroTypeProviderTest17.avro"")
        
      val schema = new DataFileReader(file, new GenericDatumReader[GenericRecord]).getSchema
      val userDatumReader = new SpecificDatumReader[AvroTypeProviderTest17](schema)
      val dataFileReader = new DataFileReader[AvroTypeProvider"
deepseek,deepseek-ai/DeepSeek-V3.2:novita,scala,GPL-3.0,tests::src::test::scala::AvroTypeProviderTests::datatypetests::AvroTypeProvider2HomoPrimitivesTest.scala,238,0.8,0,0.6916666666666667,"      val file = new File(""tests/src/test/resources/AvroTypeProviderTest16.avro"")
        
      val schema = new DataFileReader(file, new GenericDatumReader[GenericRecord]).getSchema
      val userDatumReader = new SpecificDatumReader[AvroTypeProviderTest16](schema)
      val dataFileReader = new DataFileReader[AvroTypeProviderTest16](file, userDatumReader)
      val sameRecord = dataFileReader.next()

      sameRecord must ===(record)
    }
  }
}

class AvroTypeProvider17Test extends Specification {

  ""A case class with an `Double` field in the second position"" should {
    ""serialize and deserialize correctly"" in {

      val record = AvroTypeProviderTest17(1D, 2D)

      val file = new File(""tests/src/test/resources/AvroTypeProviderTest17.avro"")
        
      val schema = new DataFileReader(file, new GenericDatumReader[GenericRecord]).getSchema
      val userDatumReader = new SpecificDatumReader[AvroTypeProviderTest17](schema)
      val dataFileReader = new DataFileReader[AvroTypeProviderTest17](file, userDatumReader)
      val sameRecord = dataFileReader.next()

      sameRecord must ===(record)
    }
  }
}

class AvroTypeProvider18Test extends Specification {

  ""A case class with an `Boolean` field in the second position"" should {
    ""serialize and deserialize correctly"" in {

      val record = AvroTypeProviderTest18(true, false)

      val file = new File(""tests/src/test/resources/AvroTypeProviderTest18.avro"")
        
      val schema = new DataFileReader(file, new GenericDatumReader[GenericRecord]).getSchema
      val userDatumReader = new SpecificDatumReader[AvroTypeProviderTest18](schema)
      val dataFileReader = new DataFileReader[AvroTypeProviderTest18](file, userDatumReader)
      val sameRecord = dataFileReader.next()

      sameRecord must ===(record)
    }
  }
}

class AvroTypeProvider19Test extends Specification {

  ""A case class with an `String` field in the second position"" should {
    ""serialize and deserialize correctly"" in {

      val record = AvroTypeProviderTest19(""1"", ""2"")

      val file = new File(""tests/src/test/resources/AvroTypeProviderTest19.avro"")
        

      val schema = new DataFileReader(file, new GenericDatumReader[GenericRecord]).getSchema
      val userDatumReader = new SpecificDatumReader[AvroTypeProviderTest19](schema)
      val dataFileReader = new DataFileReader[AvroTypeProviderTest19](file, userDatumReader)
      val sameRecord = dataFileReader.next()

      sameRecord must ===(record)
    }
  }
}

class AvroTypeProvider20Test extends Specification {

  ""A case class with an `Null` field in the second position"" should {
    ""serialize and deserialize correctly"" in {

      val record = AvroTypeProviderTest20(null, null)

      val file = new File(""tests/src/test/resources/AvroTypeProviderTest20.avro"")

      val schema = new DataFileReader(file, new GenericDatumReader[GenericRecord]).getSchema
      val userDatumReader = new SpecificDatumReader[AvroTypeProviderTest20](schema)
      val dataFileReader = new DataFileReader[AvroTypeProviderTest20](file, userDatumReader)
      val sameRecord = dataFileReader.next()

      sameRecord must ===(record)
    }
  }
}

class AvroTypeProvider24Test extends Specification {

  ""A case class with an `List[String]` field in the second position"" should {
    ""serialize and deserialize correctly"" in {

      val record = AvroTypeProviderTest24(List(""mekka.lekka.hi""), List(""mekka.hiney.ho""))

      val file = new File(""tests/src/test/resources/AvroTypeProviderTest24.avro"")

      val schema = new DataFileReader(file, new GenericDatumReader[GenericRecord]).getSchema
      val userDatumReader = new SpecificDatumReader[AvroTypeProviderTest24](schema)
      val dataFileReader = new DataFileReader[AvroTypeProviderTest24](file, userDatumReader)
      val sameRecord = dataFileReader.next()

      sameRecord must ===(record)
    }
  }
}

class AvroTypeProvider25Test extends Specification {

  ""A case class with an `List[Int]` field in the second position"" should {
    ""serialize and deserialize correctly"" in {

      val record = AvroTypeProviderTest25(List(1, 2), List(3,4))

      val file = new File(""tests/src/test/resources/AvroTypeProviderTest25.avro"")
        

      val schema = new DataFileReader(file, new GenericDatumReader[GenericRecord]).getSchema
      val userDatumReader = new SpecificDatumReader[AvroTypeProviderTest25](schema)
      val dataFileReader = new DataFileReader[AvroTypeProviderTest25](file, userDatumReader)
      val sameRecord = dataFileReader.next()

      sameRecord must ===(record)
    }
  }
}

class AvroTypeProvider26Test extends Specification {

  ""A case class with an `Option[String]` field in the second position"" should {
    ""serialize and deserialize correctly"" in {

      val record = AvroTypeProviderTest26(Some(""sun""), Some(""moon""))

      val file = new File(""tests/src/test/resources/AvroTypeProviderTest26.avro"")
        
      val schema = new DataFileReader(file, new GenericDatumReader[GenericRecord]).getSchema
      val userDatumReader = new SpecificDatumReader[AvroTypeProviderTest26](schema)
      val dataFileReader = new DataFileReader[AvroTypeProviderTest26](file, userDatumReader)
      val sameRecord = dataFileReader.next()

      sameRecord must ===(record)
    }
  }
}

class AvroTypeProvider27Test extends Specification {

  ""A case class with an `Option[Int]` field in the second position"" should {
    ""serialize and deserialize correctly"" in {

      val record = AvroTypeProviderTest27(Some(1), Some(2))

      val file = new File(""tests/src/test/resources/AvroTypeProviderTest27.avro"")

      val schema = new DataFileReader(file, new GenericDatumReader[GenericRecord]).getSchema
      val userDatumReader = new SpecificDatumReader[AvroTypeProviderTest27](schema)
      val dataFileReader = new DataFileReader[AvroTypeProviderTest27](file, userDatumReader)
      val sameRecord = dataFileReader.next()

      sameRecord must ===(record)
    }
  }
}
","val file = new File(""tests/src/test/resources/AvroTypeProviderTest16.avro"")
        
      val schema = new DataFileReader(file, new GenericDatumReader[GenericRecord]).getSchema
      val userDatumReader = new SpecificDatumReader[AvroTypeProviderTest16](schema)
      val dataFileReader = new DataFileReader[AvroTypeProviderTest16](file, userDatumReader)
      val sameRecord = dataFileReader.next()

      sameRecord must ===(record)
    }
  }
}

class AvroTypeProvider17Test extends Specification {

  ""A case class with an `Double` field in the second position"" should {
    ""serialize and deserialize correctly"" in {

      val record = AvroTypeProviderTest17(1.0, 2.0)

      val file = new File(""tests/src/test/resources/AvroTypeProviderTest17.avro"")
        
      val schema = new DataFileReader(file, new GenericDatumReader[GenericRecord]).getSchema
      val userDatumReader = new SpecificDatumReader[AvroTypeProviderTest17](schema)
      val dataFileReader = new DataFileReader[AvroTypeProviderTest"
deepseek,deepseek-ai/DeepSeek-V3.2:novita,scala,GPL-3.0,qrygraph::shared::src::main::scala::qrygraph::shared::nodes::ComponentNode.scala,56,0.2,0,0.018867924528301886,"  var inputRef = Map[String, Input]()
  /** to simplify the routing of edges to the component to the node inside, we keep a reference to the outputs */
  var outputRef = Map[String, Output]()

  /** for each open input in component create an input */
  val inputs = serverComponent.pigQueryGraph
    .openInputs
    .zipWithIndex // we have to generate new input, as the this reference must go to the visible node
    .map(i => {
    val newId = id + i._2
    // add it to references for simpler edge routing later
    inputRef += newId -> i._1
    Input(this, newId, i._1.parent.name)
  })

  /** if present use the open output */
  val outputs = serverComponent.pigQueryGraph
    .openOutputs
    .zipWithIndex // we have to generate new output, as the this reference must go to the visible node
    .map(o => {
    val newId = id + o._2
    // add it to references for simpler edge routing later
    outputRef += newId -> o._1
    Output(this, newId, o._1.parent.name)
  })

  /** creates a new edge that routes to the relevant node in the graph instead of the componentNode */
  def routeEdge(edge: Edge, isInput: Boolean): Edge = isInput match {
    case true  => Edge(edge.from, inputRef(edge.to.id))
    case false => Edge(outputRef(edge.from.id), edge.to)
  }

  /** hands over the compilation to @ComponentSubGraph */
  def compileToPig(incomingNames: List[Option[String]]): List[String] = {
    println(""!!!!!DEPRICATED!!!!"")
    List()
  }
  
}","val componentInputs: List[Input] = serverComponent.inputs.map(i => Input(this, i.id, i.name))
  /** to simplify the routing of edges to the component to the node inside, we keep a reference to the outputs */
  val componentOutputs: List[Output] = serverComponent.outputs.map(o => Output(this, o.id, o.name))

  /** the inputs of this node are the inputs of the component */
  override def inputs: List[Input] = componentInputs

  /** the outputs of this node are the outputs of the component */
  override def outputs: List[Output] = componentOutputs

  /** a component node is only valid if all inputs are connected */
  override def isValid: Boolean = inputs.forall(_.isConnected)

  /** this node can be used in a simple query */
  override def isDataInput: Boolean = false

  /** compile the node to a pig query string */
  override def compileToPig(incomingNames: List[Option[String]]): String = {
    // we need to map the incomingNames to the inputs of the component
    val inputMappings = incomingNames.zip(inputs).map {
      case (Some(name), input)"
deepseek,deepseek-ai/DeepSeek-V3.2:novita,scala,GPL-3.0,qrygraph::shared::src::main::scala::qrygraph::shared::nodes::ComponentNode.scala,56,0.4,0,0.0,"  var inputRef = Map[String, Input]()
  /** to simplify the routing of edges to the component to the node inside, we keep a reference to the outputs */
  var outputRef = Map[String, Output]()

  /** for each open input in component create an input */
  val inputs = serverComponent.pigQueryGraph
    .openInputs
    .zipWithIndex // we have to generate new input, as the this reference must go to the visible node
    .map(i => {
    val newId = id + i._2
    // add it to references for simpler edge routing later
    inputRef += newId -> i._1
    Input(this, newId, i._1.parent.name)
  })

  /** if present use the open output */
  val outputs = serverComponent.pigQueryGraph
    .openOutputs
    .zipWithIndex // we have to generate new output, as the this reference must go to the visible node
    .map(o => {
    val newId = id + o._2
    // add it to references for simpler edge routing later
    outputRef += newId -> o._1
    Output(this, newId, o._1.parent.name)
  })

  /** creates a new edge that routes to the relevant node in the graph instead of the componentNode */
  def routeEdge(edge: Edge, isInput: Boolean): Edge = isInput match {
    case true  => Edge(edge.from, inputRef(edge.to.id))
    case false => Edge(outputRef(edge.from.id), edge.to)
  }

  /** hands over the compilation to @ComponentSubGraph */
  def compileToPig(incomingNames: List[Option[String]]): List[String] = {
    println(""!!!!!DEPRICATED!!!!"")
    List()
  }
  
}","The user has provided a component description for a Node.js server component. The description includes various requirements and constraints, such as using Node.js, handling routing, and implementing specific features like a ""Node"" component and a ""to"" component. The user also mentions a ""Node"" component and a ""to"" component, but the exact functionality of these components is not clear.

Given the complexity and ambiguity of the user's request, I will provide a general outline of how to structure a Node.js server with routing and component-based architecture. This outline will include:

1. Setting up a basic Node.js server.
2. Implementing routing.
3. Structuring components (like ""Node"" and ""to"") as modules.
4. Handling requests and responses.

Here is a basic example:

### Step 1: Set up the project structure"
deepseek,deepseek-ai/DeepSeek-V3.2:novita,scala,GPL-3.0,qrygraph::shared::src::main::scala::qrygraph::shared::nodes::ComponentNode.scala,56,0.8,0,0.01818181818181818,"  var inputRef = Map[String, Input]()
  /** to simplify the routing of edges to the component to the node inside, we keep a reference to the outputs */
  var outputRef = Map[String, Output]()

  /** for each open input in component create an input */
  val inputs = serverComponent.pigQueryGraph
    .openInputs
    .zipWithIndex // we have to generate new input, as the this reference must go to the visible node
    .map(i => {
    val newId = id + i._2
    // add it to references for simpler edge routing later
    inputRef += newId -> i._1
    Input(this, newId, i._1.parent.name)
  })

  /** if present use the open output */
  val outputs = serverComponent.pigQueryGraph
    .openOutputs
    .zipWithIndex // we have to generate new output, as the this reference must go to the visible node
    .map(o => {
    val newId = id + o._2
    // add it to references for simpler edge routing later
    outputRef += newId -> o._1
    Output(this, newId, o._1.parent.name)
  })

  /** creates a new edge that routes to the relevant node in the graph instead of the componentNode */
  def routeEdge(edge: Edge, isInput: Boolean): Edge = isInput match {
    case true  => Edge(edge.from, inputRef(edge.to.id))
    case false => Edge(outputRef(edge.from.id), edge.to)
  }

  /** hands over the compilation to @ComponentSubGraph */
  def compileToPig(incomingNames: List[Option[String]]): List[String] = {
    println(""!!!!!DEPRICATED!!!!"")
    List()
  }
  
}","val inputRefs: List[(Input, ComponentNodeInput)] = serverComponent.inputs.map(componentIn => {
    val nodeIn = ComponentNodeInput(id, componentIn.name, componentIn.typ)
    (componentIn, nodeIn)
  })
  /** to simplify the routing of edges to the component to the node inside, we keep a reference to the outputs */
  val outputRefs: List[(Output, ComponentNodeOutput)] = serverComponent.outputs.map(componentOut => {
    val nodeOut = ComponentNodeOutput(id, componentOut.name, componentOut.typ)
    (componentOut, nodeOut)
  })

  /** Inputs provided by this node */
  override def inputs: List[Input] = inputRefs.map(_._2)

  /** Outputs provided by this node */
  override def outputs: List[Output] = outputRefs.map(_._2)

  /** checks if a node contains all required fields */
  override def isValid = inputs.forall(_.isValid) && outputs.forall(_.isValid)

  /** compile the node to a pig query string */
  override def compileToPig(incomingNames: List[Option[String]]): String = {
    // generate names for"
deepseek,deepseek-ai/DeepSeek-V3.2:novita,scala,GPL-3.0,format::src::test::scala::com::github::sadikovi::riff::column::DateColumnFilterSuite.scala,94,0.2,0,0.42786069651741293,"
import com.github.sadikovi.riff.io.OutputBuffer
import com.github.sadikovi.testutil.UnitTestSuite

class DateColumnFilterSuite extends UnitTestSuite {
  test(""update null values"") {
    val filter = new DateColumnFilter()
    filter.hasNulls should be (false)
    filter.update(InternalRow(null), 0)
    filter.hasNulls should be (true)
  }

  test(""update non-null values"") {
    val filter = new DateColumnFilter()
    filter.update(InternalRow(1), 0)
    filter.update(InternalRow(2), 0)
    filter.update(InternalRow(10), 0)

    filter.mightContain(1) should be (true)
    filter.mightContain(2) should be (true)
    filter.mightContain(10) should be (true)
    filter.mightContain(-1) should be (false)
    filter.mightContain(3) should be (false)
    filter.mightContain(11) should be (false)
  }

  test(""equals"") {
    val filter = new DateColumnFilter()
    assert(filter.equals(filter) === true)
    assert(filter.equals(new DateColumnFilter(1024)) === true)
    assert(filter.equals(null) === false)
  }

  test(""toString"") {
    val filter = new DateColumnFilter(1024)
    filter.update(InternalRow(null), 0)
    filter.update(InternalRow(1), 0)
    assert(filter.toString
      .contains(""DateColumnFilter[hasNulls=true, org.apache.spark.util.sketch.BloomFilterImpl""))
  }

  test(""read/write empty filter"") {
    val buf = new OutputBuffer()
    val filter1 = new DateColumnFilter(32)
    filter1.writeExternal(buf)
    val in = ByteBuffer.wrap(buf.array())
    val filter2 = ColumnFilter.readExternal(in)
    filter2 should be (filter1)
    filter2.hasNulls should be (false)
  }

  test(""read/write filter"") {
    val buf = new OutputBuffer()
    val filter1 = new DateColumnFilter(32)
    filter1.update(InternalRow(null), 0)
    filter1.update(InternalRow(1), 0)
    filter1.update(InternalRow(2), 0)
    filter1.writeExternal(buf)
    val in = ByteBuffer.wrap(buf.array())
    val filter2 = ColumnFilter.readExternal(in)
    filter2 should be (filter1)
    filter2.hasNulls should be (true)
    filter2.mightContain(1) should be (true)
    filter2.mightContain(2) should be (true)
  }
}","import org.apache.spark.sql.catalyst.util.DateTimeUtils
import org.apache.spark.sql.types.DateType
import org.apache.spark.unsafe.types.UTF8String

import com.github.sadikovi.riff.io.OutputBuffer
import com.github.sadikovi.testutil.UnitTestSuite

class DateColumnFilterSuite extends UnitTestSuite {
  test(""update null values"") {
    val filter = new DateColumnFilter()
    filter.hasNulls should be (false)
    filter.update(InternalRow(null), 0)
    filter.hasNulls should be (true)
  }

  test(""update non-null values"") {
    val filter = new DateColumnFilter()
    filter.update(InternalRow(0), 0)
    filter.update(InternalRow(1), 0)
    filter.update(InternalRow(2), 0)
    filter.getMin should be (0)
    filter.getMax should be (2)
  }

  test(""update with both null and non-null values"") {
    val filter = new DateColumnFilter()
    filter.update(InternalRow(5), 0)
    filter.update(InternalRow(null), 0)
    filter.update(InternalRow(10),"
deepseek,deepseek-ai/DeepSeek-V3.2:novita,scala,GPL-3.0,format::src::test::scala::com::github::sadikovi::riff::column::DateColumnFilterSuite.scala,94,0.4,0,0.2694300518134715,"
import com.github.sadikovi.riff.io.OutputBuffer
import com.github.sadikovi.testutil.UnitTestSuite

class DateColumnFilterSuite extends UnitTestSuite {
  test(""update null values"") {
    val filter = new DateColumnFilter()
    filter.hasNulls should be (false)
    filter.update(InternalRow(null), 0)
    filter.hasNulls should be (true)
  }

  test(""update non-null values"") {
    val filter = new DateColumnFilter()
    filter.update(InternalRow(1), 0)
    filter.update(InternalRow(2), 0)
    filter.update(InternalRow(10), 0)

    filter.mightContain(1) should be (true)
    filter.mightContain(2) should be (true)
    filter.mightContain(10) should be (true)
    filter.mightContain(-1) should be (false)
    filter.mightContain(3) should be (false)
    filter.mightContain(11) should be (false)
  }

  test(""equals"") {
    val filter = new DateColumnFilter()
    assert(filter.equals(filter) === true)
    assert(filter.equals(new DateColumnFilter(1024)) === true)
    assert(filter.equals(null) === false)
  }

  test(""toString"") {
    val filter = new DateColumnFilter(1024)
    filter.update(InternalRow(null), 0)
    filter.update(InternalRow(1), 0)
    assert(filter.toString
      .contains(""DateColumnFilter[hasNulls=true, org.apache.spark.util.sketch.BloomFilterImpl""))
  }

  test(""read/write empty filter"") {
    val buf = new OutputBuffer()
    val filter1 = new DateColumnFilter(32)
    filter1.writeExternal(buf)
    val in = ByteBuffer.wrap(buf.array())
    val filter2 = ColumnFilter.readExternal(in)
    filter2 should be (filter1)
    filter2.hasNulls should be (false)
  }

  test(""read/write filter"") {
    val buf = new OutputBuffer()
    val filter1 = new DateColumnFilter(32)
    filter1.update(InternalRow(null), 0)
    filter1.update(InternalRow(1), 0)
    filter1.update(InternalRow(2), 0)
    filter1.writeExternal(buf)
    val in = ByteBuffer.wrap(buf.array())
    val filter2 = ColumnFilter.readExternal(in)
    filter2 should be (filter1)
    filter2.hasNulls should be (true)
    filter2.mightContain(1) should be (true)
    filter2.mightContain(2) should be (true)
  }
}","import org.apache.spark.sql.catalyst.util.DateTimeUtils
import org.apache.spark.sql.types.DateType
import org.apache.spark.unsafe.types.UTF8String

import com.github.sadikovi.riff.column.ColumnFilter
import com.github.sadikovi.riff.column.DateColumnFilter
import com.github.sadikovi.testutil.UnitTestSuite

class DateColumnFilterSuite extends UnitTestSuite {
  test(""update null value"") {
    val filter = new DateColumnFilter()
    filter.hasNulls should be (false)
    filter.update(InternalRow(null), 0)
    filter.hasNulls should be (true)
  }

  test(""update non-null value"") {
    val filter = new DateColumnFilter()
    val days = DateTimeUtils.fromJavaDate(java.sql.Date.valueOf(""2017-01-01""))
    filter.update(InternalRow(days), 0)
    filter.hasNulls should be (false)
    filter.getMin should be (days)
    filter.getMax should be (days)
  }

  test(""update multiple values"") {
    val filter = new DateColumnFilter()
    val days1 = DateTimeUtils.fromJavaDate(java.sql.Date.valueOf"
deepseek,deepseek-ai/DeepSeek-V3.2:novita,scala,GPL-3.0,format::src::test::scala::com::github::sadikovi::riff::column::DateColumnFilterSuite.scala,94,0.8,0,0.4416243654822335,"
import com.github.sadikovi.riff.io.OutputBuffer
import com.github.sadikovi.testutil.UnitTestSuite

class DateColumnFilterSuite extends UnitTestSuite {
  test(""update null values"") {
    val filter = new DateColumnFilter()
    filter.hasNulls should be (false)
    filter.update(InternalRow(null), 0)
    filter.hasNulls should be (true)
  }

  test(""update non-null values"") {
    val filter = new DateColumnFilter()
    filter.update(InternalRow(1), 0)
    filter.update(InternalRow(2), 0)
    filter.update(InternalRow(10), 0)

    filter.mightContain(1) should be (true)
    filter.mightContain(2) should be (true)
    filter.mightContain(10) should be (true)
    filter.mightContain(-1) should be (false)
    filter.mightContain(3) should be (false)
    filter.mightContain(11) should be (false)
  }

  test(""equals"") {
    val filter = new DateColumnFilter()
    assert(filter.equals(filter) === true)
    assert(filter.equals(new DateColumnFilter(1024)) === true)
    assert(filter.equals(null) === false)
  }

  test(""toString"") {
    val filter = new DateColumnFilter(1024)
    filter.update(InternalRow(null), 0)
    filter.update(InternalRow(1), 0)
    assert(filter.toString
      .contains(""DateColumnFilter[hasNulls=true, org.apache.spark.util.sketch.BloomFilterImpl""))
  }

  test(""read/write empty filter"") {
    val buf = new OutputBuffer()
    val filter1 = new DateColumnFilter(32)
    filter1.writeExternal(buf)
    val in = ByteBuffer.wrap(buf.array())
    val filter2 = ColumnFilter.readExternal(in)
    filter2 should be (filter1)
    filter2.hasNulls should be (false)
  }

  test(""read/write filter"") {
    val buf = new OutputBuffer()
    val filter1 = new DateColumnFilter(32)
    filter1.update(InternalRow(null), 0)
    filter1.update(InternalRow(1), 0)
    filter1.update(InternalRow(2), 0)
    filter1.writeExternal(buf)
    val in = ByteBuffer.wrap(buf.array())
    val filter2 = ColumnFilter.readExternal(in)
    filter2 should be (filter1)
    filter2.hasNulls should be (true)
    filter2.mightContain(1) should be (true)
    filter2.mightContain(2) should be (true)
  }
}","import org.apache.spark.sql.types.DateType
import org.apache.spark.unsafe.types.UTF8String

import com.github.sadikovi.riff.column.ColumnFilter
import com.github.sadikovi.riff.io.OutputBuffer
import com.github.sadikovi.testutil.UnitTestSuite

class DateColumnFilterSuite extends UnitTestSuite {
  test(""update null values"") {
    val filter = new DateColumnFilter()
    filter.hasNulls should be (false)
    filter.update(InternalRow(null), 0)
    filter.hasNulls should be (true)
  }

  test(""update non-null values"") {
    val filter = new DateColumnFilter()
    filter.update(InternalRow(0), 0)
    filter.update(InternalRow(100), 0)
    filter.update(InternalRow(-10), 0)
    filter.hasNulls should be (false)
    filter.getMin should be (-10)
    filter.getMax should be (100)
  }

  test(""update both null and non-null values"") {
    val filter = new DateColumnFilter()
    filter.update(InternalRow(5), 0)
    filter.update(InternalRow(null),"
deepseek,deepseek-ai/DeepSeek-V3.2:novita,scala,GPL-3.0,project::Dependencies.scala,57,0.2,0,0.4090909090909091,"    ""Concurrent Maven Repo"" at ""http://conjars.org/repo"", // For Scalding, Cascading etc
    ""Typesafe repository"" at ""http://repo.typesafe.com/typesafe/releases/"",
    ""Cloudera Repository"" at ""https://repository.cloudera.com/artifactory/public/"",
    ""Twitter Maven Repo"" at ""http://maven.twttr.com"",
    ""Maven Repository"" at ""http://mvnrepository.com/artifact/"",
    ""Apache public"" at ""https://repository.apache.org/content/groups/public"",
    ""Cloudera2"" at ""https://repository.cloudera.com/artifactory/cloudera-repos/"",
    ""Sonatype OSS Snapshots"" at ""http://oss.sonatype.org/content/repositories/snapshots/""
  )

  object V {
    val scalding  = ""0.8.11""
    val hadoop    = ""2.0.0-mr1-cdh4.4.0""
    val specs2    = ""1.13"" // -> ""1.13"" when we bump to Scala 2.10.0
    val cascadingVersion = ""2.2.0""
    // Add versions for your additional libraries here...
  }

  object Libraries {
    val hadoopVersion = ""2.0.0-cdh4.1.2""
    val hadoopMr1Version = ""2.0.0-mr1-cdh4.1.2""
    val scaldingVersion = ""0.9.0rc4""

    val cascadingCore   = ""cascading""          % ""cascading-core""           % V.cascadingVersion
    val scaldingArgs            = ""com.twitter""                       %% ""scalding-args""             % scaldingVersion
    val scaldingAvro            = ""com.twitter""                       %% ""scalding-avro""             % scaldingVersion
    val scaldingCommons         = ""com.twitter""                       %% ""scalding-commons""          % ""0.2.0""            exclude (""jvyaml"", ""jvyaml"")
    val scaldingCore            = ""com.twitter""                       %% ""scalding-core""             % scaldingVersion
    val hadoopCommon            = ""org.apache.hadoop""                 %  ""hadoop-common""             % hadoopVersion      exclude (""org.slf4j"", ""slf4j-log4j12"")
     val hadoopHdfs              = ""org.apache.hadoop""                 %  ""hadoop-hdfs""               % hadoopVersion      exclude (""org.slf4j"", ""slf4j-log4j12"") exclude (""commons-daemon"", ""commons-daemon"")
     val hadoopCore              = ""org.apache.hadoop""                 %  ""hadoop-core""               % hadoopMr1Version
    // Add additional libraries from mvnrepository.com (SBT syntax) here...

    // Scala (test only)
    val specs2       = ""org.specs2""                 %% ""specs2""               % V.specs2       % ""test""
    val shapeless    = ""com.chuusai"" % ""shapeless"" % ""2.0.0-SNAPSHOT"" cross CrossVersion.full changing()
    val log4j        = ""log4j"" % ""log4j"" % ""1.2.17""

  }
}","// Scala
    ""SnowPlow Analytics Maven repo"" at ""http://maven.snplow.com/releases/"",
    ""SnowPlow Analytics Maven snapshot repo"" at ""http://maven.snplow.com/snapshots/"",
    // For Scalazon
    ""BintrayJCenter"" at ""https://jcenter.bintray.com"",
    // For user-agent-utils
    ""user-agent-utils repo"" at ""https://raw.github.com/HaraldWalker/user-agent-utils/mvn-repo/""
  )

  object V {
    // Java
    val httpcomponents = ""4.5.13""
    val jackson        = ""2.13.4""
    val aws            = ""1.12.347""
    val kinesisClient  = ""1.14.8""
    val kinesisConnector = ""1.3.0""
    val hadoop         = ""2.10.1""
    val hive           = ""2.3.9""
    val spark          = ""2.4.8""
    val thrift         = ""0.14.2""
    val slf4j          = ""1.7"
deepseek,deepseek-ai/DeepSeek-V3.2:novita,scala,GPL-3.0,project::Dependencies.scala,57,0.4,0,0.375,"    ""Concurrent Maven Repo"" at ""http://conjars.org/repo"", // For Scalding, Cascading etc
    ""Typesafe repository"" at ""http://repo.typesafe.com/typesafe/releases/"",
    ""Cloudera Repository"" at ""https://repository.cloudera.com/artifactory/public/"",
    ""Twitter Maven Repo"" at ""http://maven.twttr.com"",
    ""Maven Repository"" at ""http://mvnrepository.com/artifact/"",
    ""Apache public"" at ""https://repository.apache.org/content/groups/public"",
    ""Cloudera2"" at ""https://repository.cloudera.com/artifactory/cloudera-repos/"",
    ""Sonatype OSS Snapshots"" at ""http://oss.sonatype.org/content/repositories/snapshots/""
  )

  object V {
    val scalding  = ""0.8.11""
    val hadoop    = ""2.0.0-mr1-cdh4.4.0""
    val specs2    = ""1.13"" // -> ""1.13"" when we bump to Scala 2.10.0
    val cascadingVersion = ""2.2.0""
    // Add versions for your additional libraries here...
  }

  object Libraries {
    val hadoopVersion = ""2.0.0-cdh4.1.2""
    val hadoopMr1Version = ""2.0.0-mr1-cdh4.1.2""
    val scaldingVersion = ""0.9.0rc4""

    val cascadingCore   = ""cascading""          % ""cascading-core""           % V.cascadingVersion
    val scaldingArgs            = ""com.twitter""                       %% ""scalding-args""             % scaldingVersion
    val scaldingAvro            = ""com.twitter""                       %% ""scalding-avro""             % scaldingVersion
    val scaldingCommons         = ""com.twitter""                       %% ""scalding-commons""          % ""0.2.0""            exclude (""jvyaml"", ""jvyaml"")
    val scaldingCore            = ""com.twitter""                       %% ""scalding-core""             % scaldingVersion
    val hadoopCommon            = ""org.apache.hadoop""                 %  ""hadoop-common""             % hadoopVersion      exclude (""org.slf4j"", ""slf4j-log4j12"")
     val hadoopHdfs              = ""org.apache.hadoop""                 %  ""hadoop-hdfs""               % hadoopVersion      exclude (""org.slf4j"", ""slf4j-log4j12"") exclude (""commons-daemon"", ""commons-daemon"")
     val hadoopCore              = ""org.apache.hadoop""                 %  ""hadoop-core""               % hadoopMr1Version
    // Add additional libraries from mvnrepository.com (SBT syntax) here...

    // Scala (test only)
    val specs2       = ""org.specs2""                 %% ""specs2""               % V.specs2       % ""test""
    val shapeless    = ""com.chuusai"" % ""shapeless"" % ""2.0.0-SNAPSHOT"" cross CrossVersion.full changing()
    val log4j        = ""log4j"" % ""log4j"" % ""1.2.17""

  }
}","// Third-party repositories
    ""Sonatype OSS Releases""  at ""https://oss.sonatype.org/content/repositories/releases/"",
    ""Sonatype OSS Snapshots"" at ""https://oss.sonatype.org/content/repositories/snapshots/"",
    ""Typesafe repository""    at ""https://repo.typesafe.com/typesafe/releases/""
  )

  // Library versions
  val jacksonVersion      = ""2.9.10""
  val json4sVersion       = ""3.6.10""
  val scalazVersion       = ""7.2.30""
  val specs2Version       = ""4.10.5""
  val circeVersion        = ""0.13.0""
  val declineVersion      = ""1.3.0""
  val fs2Version          = ""2.5.0""

  // Dependencies
  val jacksonCore         = ""com.fasterxml.jackson.core"" % ""jackson-core"" % jacksonVersion
  val json4sJackson       = ""org.json4s""                %% ""json4s-jackson"" % json4sVersion
  val scalazCore          = ""org.scalaz""                %%"
deepseek,deepseek-ai/DeepSeek-V3.2:novita,scala,GPL-3.0,project::Dependencies.scala,57,0.8,0,0.2441860465116279,"    ""Concurrent Maven Repo"" at ""http://conjars.org/repo"", // For Scalding, Cascading etc
    ""Typesafe repository"" at ""http://repo.typesafe.com/typesafe/releases/"",
    ""Cloudera Repository"" at ""https://repository.cloudera.com/artifactory/public/"",
    ""Twitter Maven Repo"" at ""http://maven.twttr.com"",
    ""Maven Repository"" at ""http://mvnrepository.com/artifact/"",
    ""Apache public"" at ""https://repository.apache.org/content/groups/public"",
    ""Cloudera2"" at ""https://repository.cloudera.com/artifactory/cloudera-repos/"",
    ""Sonatype OSS Snapshots"" at ""http://oss.sonatype.org/content/repositories/snapshots/""
  )

  object V {
    val scalding  = ""0.8.11""
    val hadoop    = ""2.0.0-mr1-cdh4.4.0""
    val specs2    = ""1.13"" // -> ""1.13"" when we bump to Scala 2.10.0
    val cascadingVersion = ""2.2.0""
    // Add versions for your additional libraries here...
  }

  object Libraries {
    val hadoopVersion = ""2.0.0-cdh4.1.2""
    val hadoopMr1Version = ""2.0.0-mr1-cdh4.1.2""
    val scaldingVersion = ""0.9.0rc4""

    val cascadingCore   = ""cascading""          % ""cascading-core""           % V.cascadingVersion
    val scaldingArgs            = ""com.twitter""                       %% ""scalding-args""             % scaldingVersion
    val scaldingAvro            = ""com.twitter""                       %% ""scalding-avro""             % scaldingVersion
    val scaldingCommons         = ""com.twitter""                       %% ""scalding-commons""          % ""0.2.0""            exclude (""jvyaml"", ""jvyaml"")
    val scaldingCore            = ""com.twitter""                       %% ""scalding-core""             % scaldingVersion
    val hadoopCommon            = ""org.apache.hadoop""                 %  ""hadoop-common""             % hadoopVersion      exclude (""org.slf4j"", ""slf4j-log4j12"")
     val hadoopHdfs              = ""org.apache.hadoop""                 %  ""hadoop-hdfs""               % hadoopVersion      exclude (""org.slf4j"", ""slf4j-log4j12"") exclude (""commons-daemon"", ""commons-daemon"")
     val hadoopCore              = ""org.apache.hadoop""                 %  ""hadoop-core""               % hadoopMr1Version
    // Add additional libraries from mvnrepository.com (SBT syntax) here...

    // Scala (test only)
    val specs2       = ""org.specs2""                 %% ""specs2""               % V.specs2       % ""test""
    val shapeless    = ""com.chuusai"" % ""shapeless"" % ""2.0.0-SNAPSHOT"" cross CrossVersion.full changing()
    val log4j        = ""log4j"" % ""log4j"" % ""1.2.17""

  }
}","// SnowPlow
    ""SnowPlow Analytics Maven repo"" at ""http://maven.snplow.com/releases/"",
    ""SnowPlow Analytics Maven snapshot repo"" at ""http://maven.snplow.com/snapshots/"",
    // For Scalazon
    ""BintrayJCenter"" at ""https://jcenter.bintray.com""
  )

  object V {
    // Java
    val awsSdk        = ""1.11.974""
    val kinesisClient = ""1.14.8""
    val hadoop        = ""2.10.1""
    val jackson       = ""2.14.2""
    // Thrift (test only)
    val libthrift     = ""0.16.0""
    // Scala
    val scalaz7       = ""7.2.35""
    val json4s        = ""3.7.0-M11""
    val pureconfig    = ""0.17.2""
    // Scala (test only)
    val specs2        = ""4.20.0""
    val scalaCheck    = ""1.17.0""
    val scalazSpecs"
deepseek,deepseek-ai/DeepSeek-V3.2:novita,scala,GPL-3.0,src::main::scala::com::shocktrade::datacenter::narratives::securities::yahoo::csv::YFCsvSvcToKafkaNarrative.scala,112,0.2,0,0.06130268199233716,"    ""high"", ""low"", ""high52Week"", ""low52Week"", ""volume"", ""marketCap"", ""errorMessage"", ""ask"", ""askSize"", ""bid"", ""bidSize"")

  // extract the properties we need
  val kafkaTopic = props.getOrDie(""kafka.topic"")
  val topicParallelism = props.getOrDie(""kafka.topic.parallelism"").toInt
  val mongoReplicas = props.getOrDie(""mongo.replicas"")
  val mongoDatabase = props.getOrDie(""mongo.database"")
  val mongoCollection = props.getOrDie(""mongo.collection"")
  val zkConnect = props.getOrDie(""zookeeper.connect"")

  // create a MongoDB actor for retrieving stock quotes
  lazy val mongoReader = prepareActor(MongoDBActor(parseServerList(mongoReplicas), mongoDatabase), id = ""mongoReader"", parallelism = 10)

  // create a Kafka publishing actor for stock quotes
  // NOTE: the Kafka parallelism is equal to the number of brokers
  lazy val kafkaPublisher = prepareActor(new KafkaPublishingActor(zkConnect), id = ""kafkaPublisher"", parallelism = topicParallelism)

  // create a counter for statistics
  val counter = new Counter(1.minute)((successes, failures, rps) =>
    log.info(f""Yahoo -> $kafkaTopic: $successes records, $failures failures ($rps%.1f records/second)""))

  // create an actor to transform the MongoDB results to Avro-encoded records
  lazy val transformer = prepareActor(new TransformingActor({
    case MongoFindResults(coll, docs) =>
      val symbols = docs.flatMap(_.getAs[String](""symbol""))
      YFStockQuoteService.getQuotesSync(symbols, parameters) foreach { quote =>
        Try {
          kafkaPublisher ! PublishAvro(kafkaTopic, toAvro(quote))
        } match {
          case Success(_) => counter += 1
          case Failure(e) =>
            log.error(s""Failed to publish CSV quote for ${quote.symbol}: ${e.getMessage}"")
        }
      }
      true
    case _ => false
  }))

  onStart { resource =>
    // 1. Query all symbols not update in the last 5 minutes
    // 2. Send the symbols to the transforming actor, which will load the quote, transform it to Avro
    // 3. Write each Avro record to Kafka
    val lastModified = new DateTime().minusMinutes(5)
    log.info(s""Retrieving CSV quote symbols from collection $mongoCollection (modified since $lastModified)..."")
    mongoReader ! Find(
      recipient = transformer,
      name = mongoCollection,
      query = O(""active"" -> true, ""yfDynUpdates"" -> true) ++ $or(""yfDynLastUpdated"" $exists false, ""yfDynLastUpdated"" $lte lastModified),
      fields = O(""symbol"" -> 1),
      maxFetchSize = 32)
  }

  private def toAvro(quote: YFStockQuote) = {
    CSVQuoteRecord.newBuilder()
      .setSymbol(quote.symbol)
      .setExchange(quote.exchange.orNull)
      .setAsk(quote.ask.map(n => n: JDouble).orNull)
      .setAskSize(quote.askSize.map(n => n: Integer).orNull)
      .setBid(quote.bid.map(n => n: JDouble).orNull)
      .setBidSize(quote.bidSize.map(n => n: Integer).orNull)
      .setChange(quote.change.map(n => n: JDouble).orNull)
      .setChangePct(quote.changePct.map(n => n: JDouble).orNull)
      .setClose(quote.close.map(n => n: JDouble).orNull)
      .setHigh(quote.high.map(n => n: JDouble).orNull)
      .setHigh52Week(quote.high52Week.map(n => n: JDouble).orNull)
      .setLastTrade(quote.lastTrade.map(n => n: JDouble).orNull)
      .setLow(quote.low.map(n => n: JDouble).orNull)
      .setLow52Week(quote.low52Week.map(n => n: JDouble).orNull)
      .setMarketCap(quote.marketCap.map(n => n: JDouble).orNull)
      .setName(quote.name.orNull)
      .setOpen(quote.open.map(n => n: JDouble).orNull)
      .setPrevClose(quote.prevClose.map(n => n: JDouble).orNull)
      .setResponseTimeMsec(quote.responseTimeMsec: JLong)
      .setTradeDateTime(quote.tradeDateTime.map(n => n.getTime: JLong).orNull)
      .setVolume(quote.volume.map(n => n: JLong).orNull)
      .build()
  }

}","""high"", ""low"", ""volume"", ""marketCap"", ""bid"", ""ask"", ""askSize"", ""bidSize"", ""avgVolume"", ""yearRange"", ""yearHigh"",
    ""yearLow"", ""pe"", ""eps"", ""dividend"", ""yield"", ""beta"", ""currency"", ""exchange"", ""name"", ""sector"", ""industry"")

  // extract the properties
  val mongoConfig = getMongoConfig(props)
  val kafkaConfig = getKafkaConfig(props)
  val topic = props.getOrElse(""topic"", ""quotes.csv"")
  val symbols = props.getOrDie(""symbols"").split(""[,]"").map(_.trim).toSeq
  val refreshInterval = props.getOrElse(""refresh.interval"", ""60"").toInt.seconds

  // create the counters
  val counterK = new Counter(""kafka"")
  val counterM = new Counter(""mongodb"")

  // create the actors
  lazy val kafkaPublisher = new KafkaPublishingActor[String, CSVQuoteRecord](kafkaConfig)
  lazy val mongoActor = new MongoDBActor(mongoConfig)

  // define the narrative
  narrative {
    // schedule"
deepseek,deepseek-ai/DeepSeek-V3.2:novita,scala,GPL-3.0,src::main::scala::com::shocktrade::datacenter::narratives::securities::yahoo::csv::YFCsvSvcToKafkaNarrative.scala,112,0.4,0,0.10408921933085502,"    ""high"", ""low"", ""high52Week"", ""low52Week"", ""volume"", ""marketCap"", ""errorMessage"", ""ask"", ""askSize"", ""bid"", ""bidSize"")

  // extract the properties we need
  val kafkaTopic = props.getOrDie(""kafka.topic"")
  val topicParallelism = props.getOrDie(""kafka.topic.parallelism"").toInt
  val mongoReplicas = props.getOrDie(""mongo.replicas"")
  val mongoDatabase = props.getOrDie(""mongo.database"")
  val mongoCollection = props.getOrDie(""mongo.collection"")
  val zkConnect = props.getOrDie(""zookeeper.connect"")

  // create a MongoDB actor for retrieving stock quotes
  lazy val mongoReader = prepareActor(MongoDBActor(parseServerList(mongoReplicas), mongoDatabase), id = ""mongoReader"", parallelism = 10)

  // create a Kafka publishing actor for stock quotes
  // NOTE: the Kafka parallelism is equal to the number of brokers
  lazy val kafkaPublisher = prepareActor(new KafkaPublishingActor(zkConnect), id = ""kafkaPublisher"", parallelism = topicParallelism)

  // create a counter for statistics
  val counter = new Counter(1.minute)((successes, failures, rps) =>
    log.info(f""Yahoo -> $kafkaTopic: $successes records, $failures failures ($rps%.1f records/second)""))

  // create an actor to transform the MongoDB results to Avro-encoded records
  lazy val transformer = prepareActor(new TransformingActor({
    case MongoFindResults(coll, docs) =>
      val symbols = docs.flatMap(_.getAs[String](""symbol""))
      YFStockQuoteService.getQuotesSync(symbols, parameters) foreach { quote =>
        Try {
          kafkaPublisher ! PublishAvro(kafkaTopic, toAvro(quote))
        } match {
          case Success(_) => counter += 1
          case Failure(e) =>
            log.error(s""Failed to publish CSV quote for ${quote.symbol}: ${e.getMessage}"")
        }
      }
      true
    case _ => false
  }))

  onStart { resource =>
    // 1. Query all symbols not update in the last 5 minutes
    // 2. Send the symbols to the transforming actor, which will load the quote, transform it to Avro
    // 3. Write each Avro record to Kafka
    val lastModified = new DateTime().minusMinutes(5)
    log.info(s""Retrieving CSV quote symbols from collection $mongoCollection (modified since $lastModified)..."")
    mongoReader ! Find(
      recipient = transformer,
      name = mongoCollection,
      query = O(""active"" -> true, ""yfDynUpdates"" -> true) ++ $or(""yfDynLastUpdated"" $exists false, ""yfDynLastUpdated"" $lte lastModified),
      fields = O(""symbol"" -> 1),
      maxFetchSize = 32)
  }

  private def toAvro(quote: YFStockQuote) = {
    CSVQuoteRecord.newBuilder()
      .setSymbol(quote.symbol)
      .setExchange(quote.exchange.orNull)
      .setAsk(quote.ask.map(n => n: JDouble).orNull)
      .setAskSize(quote.askSize.map(n => n: Integer).orNull)
      .setBid(quote.bid.map(n => n: JDouble).orNull)
      .setBidSize(quote.bidSize.map(n => n: Integer).orNull)
      .setChange(quote.change.map(n => n: JDouble).orNull)
      .setChangePct(quote.changePct.map(n => n: JDouble).orNull)
      .setClose(quote.close.map(n => n: JDouble).orNull)
      .setHigh(quote.high.map(n => n: JDouble).orNull)
      .setHigh52Week(quote.high52Week.map(n => n: JDouble).orNull)
      .setLastTrade(quote.lastTrade.map(n => n: JDouble).orNull)
      .setLow(quote.low.map(n => n: JDouble).orNull)
      .setLow52Week(quote.low52Week.map(n => n: JDouble).orNull)
      .setMarketCap(quote.marketCap.map(n => n: JDouble).orNull)
      .setName(quote.name.orNull)
      .setOpen(quote.open.map(n => n: JDouble).orNull)
      .setPrevClose(quote.prevClose.map(n => n: JDouble).orNull)
      .setResponseTimeMsec(quote.responseTimeMsec: JLong)
      .setTradeDateTime(quote.tradeDateTime.map(n => n.getTime: JLong).orNull)
      .setVolume(quote.volume.map(n => n: JLong).orNull)
      .build()
  }

}","""high"", ""low"", ""volume"", ""marketCap"", ""avgVolume"", ""yearRange"", ""pe"", ""eps"", ""div"", ""yield"")

  override protected def actors = {
    val kafkaTopic = props.getOrDie(""kafka.topic"")
    val kafkaActor = system.actorOf(KafkaPublishingActor.props(config, props), ""KafkaPublisher"")
    val mongoActor = system.actorOf(MongoDBActor.props(config, props), ""MongoDB"")

    val transformActor = system.actorOf(TransformingActor.props({ message =>
      message match {
        case quote: YFStockQuote =>
          val record = createAvroRecord(quote)
          Some(PublishAvro(kafkaTopic, record))
        case unknown =>
          log.warning(s""Unexpected message: $unknown"")
          None
      }
    }), ""Transformer"")

    val counter = new Counter(1.minute)

    val ingestActor = system.actorOf(TransformingActor.props({ message =>
      message match {
        case symbols: Seq[_] =>
          symbols.flatMap {
            case symbol: String =>
              Try(YFStockQuoteService.getQuote(symbol, parameters: _"
deepseek,deepseek-ai/DeepSeek-V3.2:novita,scala,GPL-3.0,src::main::scala::com::shocktrade::datacenter::narratives::securities::yahoo::csv::YFCsvSvcToKafkaNarrative.scala,112,0.8,0,0.10116731517509728,"    ""high"", ""low"", ""high52Week"", ""low52Week"", ""volume"", ""marketCap"", ""errorMessage"", ""ask"", ""askSize"", ""bid"", ""bidSize"")

  // extract the properties we need
  val kafkaTopic = props.getOrDie(""kafka.topic"")
  val topicParallelism = props.getOrDie(""kafka.topic.parallelism"").toInt
  val mongoReplicas = props.getOrDie(""mongo.replicas"")
  val mongoDatabase = props.getOrDie(""mongo.database"")
  val mongoCollection = props.getOrDie(""mongo.collection"")
  val zkConnect = props.getOrDie(""zookeeper.connect"")

  // create a MongoDB actor for retrieving stock quotes
  lazy val mongoReader = prepareActor(MongoDBActor(parseServerList(mongoReplicas), mongoDatabase), id = ""mongoReader"", parallelism = 10)

  // create a Kafka publishing actor for stock quotes
  // NOTE: the Kafka parallelism is equal to the number of brokers
  lazy val kafkaPublisher = prepareActor(new KafkaPublishingActor(zkConnect), id = ""kafkaPublisher"", parallelism = topicParallelism)

  // create a counter for statistics
  val counter = new Counter(1.minute)((successes, failures, rps) =>
    log.info(f""Yahoo -> $kafkaTopic: $successes records, $failures failures ($rps%.1f records/second)""))

  // create an actor to transform the MongoDB results to Avro-encoded records
  lazy val transformer = prepareActor(new TransformingActor({
    case MongoFindResults(coll, docs) =>
      val symbols = docs.flatMap(_.getAs[String](""symbol""))
      YFStockQuoteService.getQuotesSync(symbols, parameters) foreach { quote =>
        Try {
          kafkaPublisher ! PublishAvro(kafkaTopic, toAvro(quote))
        } match {
          case Success(_) => counter += 1
          case Failure(e) =>
            log.error(s""Failed to publish CSV quote for ${quote.symbol}: ${e.getMessage}"")
        }
      }
      true
    case _ => false
  }))

  onStart { resource =>
    // 1. Query all symbols not update in the last 5 minutes
    // 2. Send the symbols to the transforming actor, which will load the quote, transform it to Avro
    // 3. Write each Avro record to Kafka
    val lastModified = new DateTime().minusMinutes(5)
    log.info(s""Retrieving CSV quote symbols from collection $mongoCollection (modified since $lastModified)..."")
    mongoReader ! Find(
      recipient = transformer,
      name = mongoCollection,
      query = O(""active"" -> true, ""yfDynUpdates"" -> true) ++ $or(""yfDynLastUpdated"" $exists false, ""yfDynLastUpdated"" $lte lastModified),
      fields = O(""symbol"" -> 1),
      maxFetchSize = 32)
  }

  private def toAvro(quote: YFStockQuote) = {
    CSVQuoteRecord.newBuilder()
      .setSymbol(quote.symbol)
      .setExchange(quote.exchange.orNull)
      .setAsk(quote.ask.map(n => n: JDouble).orNull)
      .setAskSize(quote.askSize.map(n => n: Integer).orNull)
      .setBid(quote.bid.map(n => n: JDouble).orNull)
      .setBidSize(quote.bidSize.map(n => n: Integer).orNull)
      .setChange(quote.change.map(n => n: JDouble).orNull)
      .setChangePct(quote.changePct.map(n => n: JDouble).orNull)
      .setClose(quote.close.map(n => n: JDouble).orNull)
      .setHigh(quote.high.map(n => n: JDouble).orNull)
      .setHigh52Week(quote.high52Week.map(n => n: JDouble).orNull)
      .setLastTrade(quote.lastTrade.map(n => n: JDouble).orNull)
      .setLow(quote.low.map(n => n: JDouble).orNull)
      .setLow52Week(quote.low52Week.map(n => n: JDouble).orNull)
      .setMarketCap(quote.marketCap.map(n => n: JDouble).orNull)
      .setName(quote.name.orNull)
      .setOpen(quote.open.map(n => n: JDouble).orNull)
      .setPrevClose(quote.prevClose.map(n => n: JDouble).orNull)
      .setResponseTimeMsec(quote.responseTimeMsec: JLong)
      .setTradeDateTime(quote.tradeDateTime.map(n => n.getTime: JLong).orNull)
      .setVolume(quote.volume.map(n => n: JLong).orNull)
      .build()
  }

}","""high"", ""low"", ""volume"", ""marketCap"", ""avgVolume"", ""yearRange"", ""pe"", ""eps"", ""div"", ""yield"", ""name"")

  val kafkaTopic = props.getOrElse(""kafka.topic"", ""stock.quotes.csv.v1"")
  val qParamNames = parameters.split(""\\|"")
  val mongoUpdate = props.getOrElse(""mongo.update"", ""false"").toBoolean
  val maxItems = props.getOrElse(""max.items"", ""0"").toInt
  val ttlSecs = props.getOrElse(""ttl.secs"", ""21600"").toInt
  val expireAt = (System.currentTimeMillis() / 1000) + ttlSecs

  override protected def actors = {
    // define the counters
    val counter = new Counter(1, 100)

    // create the workflow
    List(
      createYahooCSVActor(),
      createKafkaActor(),
      createMongoDBActor()
    )
  }

  private def createYahooCSVActor() = {
    new TransformingActor(name = ""yahooCSV"", capacity = 1000) {
      override def"
deepseek,deepseek-ai/DeepSeek-V3.2:novita,scala,GPL-3.0,src::main::scala::tomtom::splitter::layer7::ConnectionPool.scala,179,0.2,0,0.13043478260869565,"}

/**
 * Wraps the cached connection, so we can include some cache-specific metadata (in particular, whether or not
 * this connection was just created) so we work nicely with commons pool.
 */
case class CachedChannel(channel: Channel) {

  /**Set to true when a new connection is created, and cleared before it is handed back to the client. */
  @volatile var created: Boolean = true // note this is ignored by compiler-generated equals
}

/**DTO to hold both the key, and the channel retrieved by it. */
case class KeyChannelPair(key: ConnectionKey, obj: CachedChannel)

/**DTO manage the configurable settings for the cache pool, with reasonable defaults. */
case class PoolConfig(maxOpenConnections: Int = 30,
                      maxWaitMs: Int = 5000,
                      maxIdleConnections: Int = 8,
                      msBetweenEvictionRuns: Int = 10000,
                      numTestsPerEvictionRuns: Int = 5,
                      maxIdleTimeMs: Int = 60000,
                      connectTimeoutMillis: Int = 30000,
                      receiveTimeoutMillis: Int = 120000,
                      keepAlive: Boolean = true)

trait ConnectionPoolFactoryComponent {

  val executor: ExecutorService

  val outboundChannelFactory: ChannelFactory

  val poolConfig: PoolConfig

  class ConnectionPoolFactory extends KeyedPoolableObjectFactory[ConnectionKey, CachedChannel] {

    val log = Logger(LoggerFactory.getLogger(getClass))

    override def makeObject(key: ConnectionKey): CachedChannel = {
      log.info(s""Creating $key"")
      val clientBootstrap = new ClientBootstrap(outboundChannelFactory)
      clientBootstrap.setPipelineFactory(key.pipelineFactory())
      clientBootstrap.setOption(""connectTimeoutMillis"", poolConfig.connectTimeoutMillis.toString)
      clientBootstrap.setOption(""receiveTimeoutMillis"", poolConfig.receiveTimeoutMillis.toString)
      clientBootstrap.setOption(""keepAlive"", poolConfig.keepAlive.toString)
      val future = clientBootstrap.connect(key.server.address)
      import RichFuture._
      future listen {
        key.futureAction
      }
      CachedChannel(future.getChannel)
    }

    override def destroyObject(key: ConnectionKey, obj: CachedChannel) {
      log.debug(s""Destroying $key"")
      Channels.close(obj.channel)
    }

    override def validateObject(key: ConnectionKey, obj: CachedChannel): Boolean = {
      log.trace(s""Validating ($key, $obj)"")
      val result = obj.created || (obj.channel.isConnected && obj.channel.isWritable)
      log.info(s""Validating $obj result is $result"")
      result
    }

    override def activateObject(key: ConnectionKey, obj: CachedChannel) {
    }

    override def passivateObject(key: ConnectionKey, obj: CachedChannel) {
    }
  }

}

trait ConnectionPool {
  def borrowConnection(key: ConnectionKey): KeyChannelPair

  def returnConnection(keyedBundle: KeyChannelPair)
}

trait ConnectionPoolComponent {

  this: ConnectionPoolFactoryComponent =>

  val connectionFactory: ConnectionPoolFactory

  class ConnectionPoolImpl extends ConnectionPool {
    val log = Logger(LoggerFactory.getLogger(getClass))

    val pool = new GenericKeyedObjectPool(
      connectionFactory,
      poolConfig.maxOpenConnections, /* total number active instances per key */
      GenericKeyedObjectPool.WHEN_EXHAUSTED_BLOCK,
      poolConfig.maxWaitMs, /* max wait ms */
      poolConfig.maxIdleConnections, /* max idle instances per key */
      true, /* test on borrow */
      true, /* test on return */
      poolConfig.msBetweenEvictionRuns, /* time between eviction runs */
      poolConfig.numTestsPerEvictionRuns, /*NumTestsPerEvictionRun*/
      poolConfig.maxIdleTimeMs, /* MinEvictableIdleTimeMillis */
      true /* test while idle */)

    override def borrowConnection(key: ConnectionKey): KeyChannelPair = {
      val objBundle = pool.borrowObject(key)
      if (!objBundle.created) {
        val future = Channels.future(objBundle.channel)
        future.setSuccess()
        key.futureAction(future)
      } else {
        objBundle.created = false
      }
      val keyBundle = KeyChannelPair(key, objBundle)
      log.info(s""Borrowing $keyBundle for request"")
      keyBundle
    }

    override def returnConnection(keyedBundle: KeyChannelPair) {
      if (keyedBundle != null) {
        log.info(s""Returning $keyedBundle"")
        pool.returnObject(keyedBundle.key, keyedBundle.obj)
      }
    }
  }

}","}

object ConnectionPool {

  private val log = Logger(LoggerFactory.getLogger(getClass))
}


class ConnectionPool(bootstrap: ClientBootstrap,
                     executor: ExecutorService,
                     maxActive: Int = -1,
                     maxIdle: Int = 8,
                     minIdle: Int = 0,
                     testOnBorrow: Boolean = false,
                     testOnReturn: Boolean = false,
                     timeBetweenEvictionRunsMillis: Long = -1,
                     minEvictableIdleTimeMillis: Long = 1000L * 60L * 30L,
                     whenExhaustedAction: Byte = GenericKeyedObjectPool.WHEN_EXHAUSTED_BLOCK) {

  import ConnectionPool._

  private val pool = new GenericKeyedObjectPool(new KeyedPoolableObjectFactory[ConnectionKey, Channel] {

    def makeObject(key: ConnectionKey): Channel = {
      log.debug(s""Creating new channel for $key"")
      val connectFuture = bootstrap.connect(key.server.inetSocketAddress)
      val channel = connectFuture.getChannel

      // Set up pipeline factory if not already set
      if (channel.getPipeline.getFactory == null) {
        channel.getPipeline.setFactory(key.p"
deepseek,deepseek-ai/DeepSeek-V3.2:novita,scala,GPL-3.0,src::main::scala::tomtom::splitter::layer7::ConnectionPool.scala,179,0.4,0,0.0748663101604278,"}

/**
 * Wraps the cached connection, so we can include some cache-specific metadata (in particular, whether or not
 * this connection was just created) so we work nicely with commons pool.
 */
case class CachedChannel(channel: Channel) {

  /**Set to true when a new connection is created, and cleared before it is handed back to the client. */
  @volatile var created: Boolean = true // note this is ignored by compiler-generated equals
}

/**DTO to hold both the key, and the channel retrieved by it. */
case class KeyChannelPair(key: ConnectionKey, obj: CachedChannel)

/**DTO manage the configurable settings for the cache pool, with reasonable defaults. */
case class PoolConfig(maxOpenConnections: Int = 30,
                      maxWaitMs: Int = 5000,
                      maxIdleConnections: Int = 8,
                      msBetweenEvictionRuns: Int = 10000,
                      numTestsPerEvictionRuns: Int = 5,
                      maxIdleTimeMs: Int = 60000,
                      connectTimeoutMillis: Int = 30000,
                      receiveTimeoutMillis: Int = 120000,
                      keepAlive: Boolean = true)

trait ConnectionPoolFactoryComponent {

  val executor: ExecutorService

  val outboundChannelFactory: ChannelFactory

  val poolConfig: PoolConfig

  class ConnectionPoolFactory extends KeyedPoolableObjectFactory[ConnectionKey, CachedChannel] {

    val log = Logger(LoggerFactory.getLogger(getClass))

    override def makeObject(key: ConnectionKey): CachedChannel = {
      log.info(s""Creating $key"")
      val clientBootstrap = new ClientBootstrap(outboundChannelFactory)
      clientBootstrap.setPipelineFactory(key.pipelineFactory())
      clientBootstrap.setOption(""connectTimeoutMillis"", poolConfig.connectTimeoutMillis.toString)
      clientBootstrap.setOption(""receiveTimeoutMillis"", poolConfig.receiveTimeoutMillis.toString)
      clientBootstrap.setOption(""keepAlive"", poolConfig.keepAlive.toString)
      val future = clientBootstrap.connect(key.server.address)
      import RichFuture._
      future listen {
        key.futureAction
      }
      CachedChannel(future.getChannel)
    }

    override def destroyObject(key: ConnectionKey, obj: CachedChannel) {
      log.debug(s""Destroying $key"")
      Channels.close(obj.channel)
    }

    override def validateObject(key: ConnectionKey, obj: CachedChannel): Boolean = {
      log.trace(s""Validating ($key, $obj)"")
      val result = obj.created || (obj.channel.isConnected && obj.channel.isWritable)
      log.info(s""Validating $obj result is $result"")
      result
    }

    override def activateObject(key: ConnectionKey, obj: CachedChannel) {
    }

    override def passivateObject(key: ConnectionKey, obj: CachedChannel) {
    }
  }

}

trait ConnectionPool {
  def borrowConnection(key: ConnectionKey): KeyChannelPair

  def returnConnection(keyedBundle: KeyChannelPair)
}

trait ConnectionPoolComponent {

  this: ConnectionPoolFactoryComponent =>

  val connectionFactory: ConnectionPoolFactory

  class ConnectionPoolImpl extends ConnectionPool {
    val log = Logger(LoggerFactory.getLogger(getClass))

    val pool = new GenericKeyedObjectPool(
      connectionFactory,
      poolConfig.maxOpenConnections, /* total number active instances per key */
      GenericKeyedObjectPool.WHEN_EXHAUSTED_BLOCK,
      poolConfig.maxWaitMs, /* max wait ms */
      poolConfig.maxIdleConnections, /* max idle instances per key */
      true, /* test on borrow */
      true, /* test on return */
      poolConfig.msBetweenEvictionRuns, /* time between eviction runs */
      poolConfig.numTestsPerEvictionRuns, /*NumTestsPerEvictionRun*/
      poolConfig.maxIdleTimeMs, /* MinEvictableIdleTimeMillis */
      true /* test while idle */)

    override def borrowConnection(key: ConnectionKey): KeyChannelPair = {
      val objBundle = pool.borrowObject(key)
      if (!objBundle.created) {
        val future = Channels.future(objBundle.channel)
        future.setSuccess()
        key.futureAction(future)
      } else {
        objBundle.created = false
      }
      val keyBundle = KeyChannelPair(key, objBundle)
      log.info(s""Borrowing $keyBundle for request"")
      keyBundle
    }

    override def returnConnection(keyedBundle: KeyChannelPair) {
      if (keyedBundle != null) {
        log.info(s""Returning $keyedBundle"")
        pool.returnObject(keyedBundle.key, keyedBundle.obj)
      }
    }
  }

}","}

/**
 * A connection pool for netty channels.  It uses the Apache Commons Pool library to manage the pool.
 *
 * @param channelFactory the netty channel factory to use for creating new channels
 * @param executor       the executor to use for netty's boss and worker threads
 * @param maxConnections the maximum number of connections to keep open to any one server
 */
class ConnectionPool(channelFactory: ChannelFactory,
                     executor: ExecutorService,
                     maxConnections: Int) {

  private val log = Logger(LoggerFactory.getLogger(getClass))

  private val pool = new GenericKeyedObjectPool[ConnectionKey, Channel](new KeyedPoolableObjectFactory[ConnectionKey, Channel] {

    def makeObject(key: ConnectionKey): Channel = {
      val bootstrap = new ClientBootstrap(channelFactory)
      bootstrap.setPipelineFactory(key.pipelineFactory())
      bootstrap.setOption(""tcpNoDelay"", true)
      bootstrap.setOption(""keepAlive"", true)
      bootstrap.setOption(""connectTimeoutMillis"", 10000)
      val future = bootstrap.connect(key.server.inetSocketAddress)
      future.addListener((future: ChannelFuture) => key.futureAction(future))
      future.awaitUninter"
deepseek,deepseek-ai/DeepSeek-V3.2:novita,scala,GPL-3.0,src::main::scala::tomtom::splitter::layer7::ConnectionPool.scala,179,0.8,0,0.1366120218579235,"}

/**
 * Wraps the cached connection, so we can include some cache-specific metadata (in particular, whether or not
 * this connection was just created) so we work nicely with commons pool.
 */
case class CachedChannel(channel: Channel) {

  /**Set to true when a new connection is created, and cleared before it is handed back to the client. */
  @volatile var created: Boolean = true // note this is ignored by compiler-generated equals
}

/**DTO to hold both the key, and the channel retrieved by it. */
case class KeyChannelPair(key: ConnectionKey, obj: CachedChannel)

/**DTO manage the configurable settings for the cache pool, with reasonable defaults. */
case class PoolConfig(maxOpenConnections: Int = 30,
                      maxWaitMs: Int = 5000,
                      maxIdleConnections: Int = 8,
                      msBetweenEvictionRuns: Int = 10000,
                      numTestsPerEvictionRuns: Int = 5,
                      maxIdleTimeMs: Int = 60000,
                      connectTimeoutMillis: Int = 30000,
                      receiveTimeoutMillis: Int = 120000,
                      keepAlive: Boolean = true)

trait ConnectionPoolFactoryComponent {

  val executor: ExecutorService

  val outboundChannelFactory: ChannelFactory

  val poolConfig: PoolConfig

  class ConnectionPoolFactory extends KeyedPoolableObjectFactory[ConnectionKey, CachedChannel] {

    val log = Logger(LoggerFactory.getLogger(getClass))

    override def makeObject(key: ConnectionKey): CachedChannel = {
      log.info(s""Creating $key"")
      val clientBootstrap = new ClientBootstrap(outboundChannelFactory)
      clientBootstrap.setPipelineFactory(key.pipelineFactory())
      clientBootstrap.setOption(""connectTimeoutMillis"", poolConfig.connectTimeoutMillis.toString)
      clientBootstrap.setOption(""receiveTimeoutMillis"", poolConfig.receiveTimeoutMillis.toString)
      clientBootstrap.setOption(""keepAlive"", poolConfig.keepAlive.toString)
      val future = clientBootstrap.connect(key.server.address)
      import RichFuture._
      future listen {
        key.futureAction
      }
      CachedChannel(future.getChannel)
    }

    override def destroyObject(key: ConnectionKey, obj: CachedChannel) {
      log.debug(s""Destroying $key"")
      Channels.close(obj.channel)
    }

    override def validateObject(key: ConnectionKey, obj: CachedChannel): Boolean = {
      log.trace(s""Validating ($key, $obj)"")
      val result = obj.created || (obj.channel.isConnected && obj.channel.isWritable)
      log.info(s""Validating $obj result is $result"")
      result
    }

    override def activateObject(key: ConnectionKey, obj: CachedChannel) {
    }

    override def passivateObject(key: ConnectionKey, obj: CachedChannel) {
    }
  }

}

trait ConnectionPool {
  def borrowConnection(key: ConnectionKey): KeyChannelPair

  def returnConnection(keyedBundle: KeyChannelPair)
}

trait ConnectionPoolComponent {

  this: ConnectionPoolFactoryComponent =>

  val connectionFactory: ConnectionPoolFactory

  class ConnectionPoolImpl extends ConnectionPool {
    val log = Logger(LoggerFactory.getLogger(getClass))

    val pool = new GenericKeyedObjectPool(
      connectionFactory,
      poolConfig.maxOpenConnections, /* total number active instances per key */
      GenericKeyedObjectPool.WHEN_EXHAUSTED_BLOCK,
      poolConfig.maxWaitMs, /* max wait ms */
      poolConfig.maxIdleConnections, /* max idle instances per key */
      true, /* test on borrow */
      true, /* test on return */
      poolConfig.msBetweenEvictionRuns, /* time between eviction runs */
      poolConfig.numTestsPerEvictionRuns, /*NumTestsPerEvictionRun*/
      poolConfig.maxIdleTimeMs, /* MinEvictableIdleTimeMillis */
      true /* test while idle */)

    override def borrowConnection(key: ConnectionKey): KeyChannelPair = {
      val objBundle = pool.borrowObject(key)
      if (!objBundle.created) {
        val future = Channels.future(objBundle.channel)
        future.setSuccess()
        key.futureAction(future)
      } else {
        objBundle.created = false
      }
      val keyBundle = KeyChannelPair(key, objBundle)
      log.info(s""Borrowing $keyBundle for request"")
      keyBundle
    }

    override def returnConnection(keyedBundle: KeyChannelPair) {
      if (keyedBundle != null) {
        log.info(s""Returning $keyedBundle"")
        pool.returnObject(keyedBundle.key, keyedBundle.obj)
      }
    }
  }

}","}

/**
 * Creates a connection pool for client connections to upstream servers.
 *
 * @param channelFactory the Netty ChannelFactory used to create new channels.
 * @param executor       an optional executor for handling async operations.
 * @param maxConnections maximum number of connections per server.
 * @param maxIdle        maximum number of idle connections per server.
 */
class ConnectionPool(channelFactory: ChannelFactory,
                     executor: Option[ExecutorService],
                     maxConnections: Int,
                     maxIdle: Int) {

  private val log = Logger(LoggerFactory.getLogger(getClass))

  private val pool = new GenericKeyedObjectPool(new KeyedPoolableObjectFactory[ConnectionKey, Channel] {

    def makeObject(key: ConnectionKey): Channel = {
      log.debug(s""Creating new channel for $key"")
      val bootstrap = new ClientBootstrap(channelFactory)
      executor.foreach(bootstrap.setFactory(_))
      bootstrap.setPipelineFactory(key.pipelineFactory())
      val future = bootstrap.connect(key.server.inetSocketAddress)
      key.futureAction(future)
      future.awaitUninterruptibly()
      if (!future.isSuccess) {
        future.getCause match {
          case null => throw new RuntimeException(""Connection failed for unknown"
deepseek,deepseek-ai/DeepSeek-V3.2:novita,scala,GPL-3.0,examples::src::main::scala::spark::streaming::examples::TwitterAlgebirdCMS.scala,99,0.2,0,0.07766990291262135,"      System.err.println(""Usage: TwitterAlgebirdCMS <master>"" +
        "" [filter1] [filter2] ... [filter n]"")
      System.exit(1)
    }

    // CMS parameters
    val DELTA = 1E-3
    val EPS = 0.01
    val SEED = 1
    val PERC = 0.001
    // K highest frequency elements to take
    val TOPK = 10

    val (master, filters) = (args.head, args.tail)

   System.setProperty(""twitter4j.oauth.consumerKey"", ""WFpKfkM9DZyA9WbUxlRvg"")
   System.setProperty(""twitter4j.oauth.consumerSecret"", ""4ADs7bPYBmQ28eDxpeWAZgAkMNT0t3V3sNuB0h4Mny4"")
   System.setProperty(""twitter4j.oauth.accessToken"", ""60585063-8nXCy2GwcevuDl4p8RhS8gYdvdAxTVb0ejKDXGz3F"")
   System.setProperty(""twitter4j.oauth.accessTokenSecret"", ""L9ZgrqhHMpEv6fOZzKSKF9aMOn5kUk2kmgN2i6fRs"")

    val ssc = new StreamingContext(master, ""TwitterAlgebirdCMS"", Seconds(10),
      System.getenv(""SPARK_HOME""), Seq(System.getenv(""SPARK_EXAMPLES_JAR"")))
    val stream = ssc.twitterStream(None, filters, StorageLevel.MEMORY_ONLY_SER)

    val users = stream.map(status => status.getUser.getId)

    val cms = new CountMinSketchMonoid(EPS, DELTA, SEED, PERC)
    var globalCMS = cms.zero
    val mm = new MapMonoid[Long, Int]()
    var globalExact = Map[Long, Int]()

    val approxTopUsers = users.mapPartitions(ids => {
      ids.map(id => cms.create(id))
    }).reduce(_ ++ _)

    val exactTopUsers = users.map(id => (id, 1))
      .reduceByKey((a, b) => a + b)

    approxTopUsers.foreach(rdd => {
      if (rdd.count() != 0) {
        val partial = rdd.first()
        val partialTopK = partial.heavyHitters.map(id =>
          (id, partial.frequency(id).estimate)).toSeq.sortBy(_._2).reverse.slice(0, TOPK)
        globalCMS ++= partial
        val globalTopK = globalCMS.heavyHitters.map(id =>
          (id, globalCMS.frequency(id).estimate)).toSeq.sortBy(_._2).reverse.slice(0, TOPK)
        println(""Approx heavy hitters at %2.2f%% threshold this batch: %s"".format(PERC,
          partialTopK.mkString(""["", "","", ""]"")))
        println(""Approx heavy hitters at %2.2f%% threshold overall: %s"".format(PERC,
          globalTopK.mkString(""["", "","", ""]"")))
      }
    })

    exactTopUsers.foreach(rdd => {
      if (rdd.count() != 0) {
        val partialMap = rdd.collect().toMap
        val partialTopK = rdd.map(
          {case (id, count) => (count, id)})
          .sortByKey(ascending = false).take(TOPK)
        globalExact = mm.plus(globalExact.toMap, partialMap)
        val globalTopK = globalExact.toSeq.sortBy(_._2).reverse.slice(0, TOPK)
        println(""Exact heavy hitters this batch: %s"".format(partialTopK.mkString(""["", "","", ""]"")))
        println(""Exact heavy hitters overall: %s"".format(globalTopK.mkString(""["", "","", ""]"")))
      }
    })

    ssc.start()
  }
}","System.err.println(""Usage: TwitterAlgebirdCMS <master>"")
      System.exit(1)
    }

    val (master, filters) = (args(0), args.slice(1, args.length))

    val ssc = new StreamingContext(master, ""TwitterAlgebirdCMS"", Seconds(10),
      System.getenv(""SPARK_HOME""), Seq(System.getenv(""SPARK_EXAMPLES_JAR"")))

    val stream = ssc.rawSocketStream[String](""localhost"", 9999, StorageLevel.MEMORY_ONLY)

    val users = stream.filter(_.contains(""\""user\""""))
      .map(_.split(""\""user\"""")(1).split(""\""screen_name\"""")(1).split(""\"""")(2))
      .filter(_.nonEmpty)
      .map(_.hashCode.toLong)

    val cmsMonoid = new CountMinSketchMonoid(eps = 0.001, delta = 1E-10, seed = 1, heavyHittersPct = 0.3)
    var globalCMS = cmsMonoid.zero
    val mm = new MapMonoid[Long, Int]()

    users."
deepseek,deepseek-ai/DeepSeek-V3.2:novita,scala,GPL-3.0,examples::src::main::scala::spark::streaming::examples::TwitterAlgebirdCMS.scala,99,0.4,0,0.13114754098360656,"      System.err.println(""Usage: TwitterAlgebirdCMS <master>"" +
        "" [filter1] [filter2] ... [filter n]"")
      System.exit(1)
    }

    // CMS parameters
    val DELTA = 1E-3
    val EPS = 0.01
    val SEED = 1
    val PERC = 0.001
    // K highest frequency elements to take
    val TOPK = 10

    val (master, filters) = (args.head, args.tail)

   System.setProperty(""twitter4j.oauth.consumerKey"", ""WFpKfkM9DZyA9WbUxlRvg"")
   System.setProperty(""twitter4j.oauth.consumerSecret"", ""4ADs7bPYBmQ28eDxpeWAZgAkMNT0t3V3sNuB0h4Mny4"")
   System.setProperty(""twitter4j.oauth.accessToken"", ""60585063-8nXCy2GwcevuDl4p8RhS8gYdvdAxTVb0ejKDXGz3F"")
   System.setProperty(""twitter4j.oauth.accessTokenSecret"", ""L9ZgrqhHMpEv6fOZzKSKF9aMOn5kUk2kmgN2i6fRs"")

    val ssc = new StreamingContext(master, ""TwitterAlgebirdCMS"", Seconds(10),
      System.getenv(""SPARK_HOME""), Seq(System.getenv(""SPARK_EXAMPLES_JAR"")))
    val stream = ssc.twitterStream(None, filters, StorageLevel.MEMORY_ONLY_SER)

    val users = stream.map(status => status.getUser.getId)

    val cms = new CountMinSketchMonoid(EPS, DELTA, SEED, PERC)
    var globalCMS = cms.zero
    val mm = new MapMonoid[Long, Int]()
    var globalExact = Map[Long, Int]()

    val approxTopUsers = users.mapPartitions(ids => {
      ids.map(id => cms.create(id))
    }).reduce(_ ++ _)

    val exactTopUsers = users.map(id => (id, 1))
      .reduceByKey((a, b) => a + b)

    approxTopUsers.foreach(rdd => {
      if (rdd.count() != 0) {
        val partial = rdd.first()
        val partialTopK = partial.heavyHitters.map(id =>
          (id, partial.frequency(id).estimate)).toSeq.sortBy(_._2).reverse.slice(0, TOPK)
        globalCMS ++= partial
        val globalTopK = globalCMS.heavyHitters.map(id =>
          (id, globalCMS.frequency(id).estimate)).toSeq.sortBy(_._2).reverse.slice(0, TOPK)
        println(""Approx heavy hitters at %2.2f%% threshold this batch: %s"".format(PERC,
          partialTopK.mkString(""["", "","", ""]"")))
        println(""Approx heavy hitters at %2.2f%% threshold overall: %s"".format(PERC,
          globalTopK.mkString(""["", "","", ""]"")))
      }
    })

    exactTopUsers.foreach(rdd => {
      if (rdd.count() != 0) {
        val partialMap = rdd.collect().toMap
        val partialTopK = rdd.map(
          {case (id, count) => (count, id)})
          .sortByKey(ascending = false).take(TOPK)
        globalExact = mm.plus(globalExact.toMap, partialMap)
        val globalTopK = globalExact.toSeq.sortBy(_._2).reverse.slice(0, TOPK)
        println(""Exact heavy hitters this batch: %s"".format(partialTopK.mkString(""["", "","", ""]"")))
        println(""Exact heavy hitters overall: %s"".format(globalTopK.mkString(""["", "","", ""]"")))
      }
    })

    ssc.start()
  }
}","System.err.println(""Usage: TwitterAlgebirdCMS <master>"")
      System.exit(1)
    }
    
    val (master, filters) = if (args.length == 1) {
      (args(0), Array[String]())
    } else {
      (args(0), args.slice(1, args.length))
    }
    
    val ssc = new StreamingContext(master, ""TwitterAlgebirdCMS"", Seconds(10),
      System.getenv(""SPARK_HOME""), Seq(System.getenv(""SPARK_EXAMPLES_JAR"")))
    
    val stream = ssc.twitterStream(None, filters, StorageLevel.MEMORY_ONLY_SER)
    
    val users = stream.map(status => status.getUser.getId)
    
    // K highest frequencies in the last 10 minute window, computed every 10 seconds
    // Parameters for the CMS: epsilon = 0.001, delta = 1E-10, seed = 1, heavyHittersPct = 0.01
    val cms = new CountMinSketchMonoid(0.001, 1E-10, 1)
    var globalCMS = cms.zero
    
    val windowedHe"
deepseek,deepseek-ai/DeepSeek-V3.2:novita,scala,GPL-3.0,examples::src::main::scala::spark::streaming::examples::TwitterAlgebirdCMS.scala,99,0.8,0,0.020942408376963352,"      System.err.println(""Usage: TwitterAlgebirdCMS <master>"" +
        "" [filter1] [filter2] ... [filter n]"")
      System.exit(1)
    }

    // CMS parameters
    val DELTA = 1E-3
    val EPS = 0.01
    val SEED = 1
    val PERC = 0.001
    // K highest frequency elements to take
    val TOPK = 10

    val (master, filters) = (args.head, args.tail)

   System.setProperty(""twitter4j.oauth.consumerKey"", ""WFpKfkM9DZyA9WbUxlRvg"")
   System.setProperty(""twitter4j.oauth.consumerSecret"", ""4ADs7bPYBmQ28eDxpeWAZgAkMNT0t3V3sNuB0h4Mny4"")
   System.setProperty(""twitter4j.oauth.accessToken"", ""60585063-8nXCy2GwcevuDl4p8RhS8gYdvdAxTVb0ejKDXGz3F"")
   System.setProperty(""twitter4j.oauth.accessTokenSecret"", ""L9ZgrqhHMpEv6fOZzKSKF9aMOn5kUk2kmgN2i6fRs"")

    val ssc = new StreamingContext(master, ""TwitterAlgebirdCMS"", Seconds(10),
      System.getenv(""SPARK_HOME""), Seq(System.getenv(""SPARK_EXAMPLES_JAR"")))
    val stream = ssc.twitterStream(None, filters, StorageLevel.MEMORY_ONLY_SER)

    val users = stream.map(status => status.getUser.getId)

    val cms = new CountMinSketchMonoid(EPS, DELTA, SEED, PERC)
    var globalCMS = cms.zero
    val mm = new MapMonoid[Long, Int]()
    var globalExact = Map[Long, Int]()

    val approxTopUsers = users.mapPartitions(ids => {
      ids.map(id => cms.create(id))
    }).reduce(_ ++ _)

    val exactTopUsers = users.map(id => (id, 1))
      .reduceByKey((a, b) => a + b)

    approxTopUsers.foreach(rdd => {
      if (rdd.count() != 0) {
        val partial = rdd.first()
        val partialTopK = partial.heavyHitters.map(id =>
          (id, partial.frequency(id).estimate)).toSeq.sortBy(_._2).reverse.slice(0, TOPK)
        globalCMS ++= partial
        val globalTopK = globalCMS.heavyHitters.map(id =>
          (id, globalCMS.frequency(id).estimate)).toSeq.sortBy(_._2).reverse.slice(0, TOPK)
        println(""Approx heavy hitters at %2.2f%% threshold this batch: %s"".format(PERC,
          partialTopK.mkString(""["", "","", ""]"")))
        println(""Approx heavy hitters at %2.2f%% threshold overall: %s"".format(PERC,
          globalTopK.mkString(""["", "","", ""]"")))
      }
    })

    exactTopUsers.foreach(rdd => {
      if (rdd.count() != 0) {
        val partialMap = rdd.collect().toMap
        val partialTopK = rdd.map(
          {case (id, count) => (count, id)})
          .sortByKey(ascending = false).take(TOPK)
        globalExact = mm.plus(globalExact.toMap, partialMap)
        val globalTopK = globalExact.toSeq.sortBy(_._2).reverse.slice(0, TOPK)
        println(""Exact heavy hitters this batch: %s"".format(partialTopK.mkString(""["", "","", ""]"")))
        println(""Exact heavy hitters overall: %s"".format(globalTopK.mkString(""["", "","", ""]"")))
      }
    })

    ssc.start()
  }
}","System.err.println(""Usage: TwitterAlgebirdCMS <master>"")
      System.exit(1)
    }

    val ssc = new StreamingContext(args(0), ""TwitterAlgebirdCMS"", Seconds(10),
      System.getenv(""SPARK_HOME""), StreamingContext.jarOfClass(this.getClass))

    val stream = ssc.socketTextStream(""localhost"", 9999, StorageLevel.MEMORY_ONLY_SER)

    val users = stream.map(status => status.split("","")(0).toLong)

    val cmsMonoid = new CountMinSketchMonoid(eps = 0.001, delta = 1E-10, seed = 1)
    var globalCMS = cmsMonoid.zero

    val partialCMS = users.mapPartitions(ids => {
      val cms = cmsMonoid.create(ids)
      Iterator(cms)
    }).reduce(_ ++ _)

    partialCMS.foreachRDD(rdd => {
      if (rdd.count() != 0) {
        val partial = rdd.first()
        synchronized {
          globalCMS ++= partial
        }
        println(""Top 10 users overall:"")
        val topUsers = globalCMS.heavyH"
deepseek,deepseek-ai/DeepSeek-V3.2:novita,scala,GPL-3.0,src::main::scala::org::broadinstitute::dsde::vault::datamanagement::domain::DataAccess.scala,336,0.2,0,0.20954003407155025,"    insertRelation(typeEntity.guid.get, entityGUID, pathEntity.guid.get)
  }

  private val inputsForEntity = Compiled(
    // Create a parameter for the entity GUID
    (entityGUID: Column[String]) => for {

    // Retrieve the relation where our ""entityGUID"" parameter is the entity1GUID
      relation <- relations
      if relation.entity1GUID === entityGUID

      // Using the foreign key, filter for the Relation.relation.entityType === INPUT_TYPE.entityType
      typeEntity <- relation.relation
      if typeEntity.entityType === INPUT_TYPE.entityType

    } yield relation.entity2GUID)

  def getInputs(entityGUID: String)(implicit session: Session): Seq[String] = {
    inputsForEntity(entityGUID).list
  }

  def addInputs(entityGUID: String, createdBy: String, inputs: Seq[String])(implicit session: Session) {
    def addInputGuid(inputGuid: String) =
      addInput(entityGUID, createdBy, inputGuid)
    inputs.foreach(addInputGuid)
  }

  def addInput(entityGUID: String, createdBy: String, inputGuid: String)(implicit session: Session) {
    // Create an entity for the input
    val typeEntity = insertEntity(INPUT_TYPE.entityType, createdBy)

    // We count on the database to handle foreign key constraint errors for us. These will throw an exception
    // which will bubble up and result in the wrapping request returning an error.

    // Create a relation row with:
    //   2) The entity1 is the passed in original entity
    //   1) The relation is the input type we just created
    //   3) The entity2 is the id of the unmapped BAM specified by the user
    insertRelation(typeEntity.guid.get, entityGUID, inputGuid)
  }

  private val membersForEntity = Compiled(
    (entityGUID: Column[String]) => for {

     //Retrieve the relation where our ""entityGUID"" parameter is the entity1GUID
     relation <- relations
     if relation.entity1GUID === entityGUID

     // Using the foreign key, filter for the Relation.relation.entityType === MEMBER_TYPE.entityType
     typeEntity <- relation.relation
     if typeEntity.entityType === MEMBER_TYPE.entityType

    } yield relation.entity2GUID)


  def getMembers(entityGUID: String)(implicit session: Session): Seq[String] = {
    membersForEntity(entityGUID).list
  }

  def addMembers(entityGUID: String, createdBy: String, members: Seq[String])(implicit session: Session) {
    def addMemberGuid(inputGuid: String) =
      addMember(entityGUID, createdBy, inputGuid)
    members.foreach(addMemberGuid)
  }

  def addMember(entityGUID: String, createdBy: String, memberGuid: String)(implicit session: Session) {
    // Create an entity for the member
    val typeEntity = insertEntity(MEMBER_TYPE.entityType, createdBy)

    // We count on the database to handle foreign key constraint errors for us. These will throw an exception
    // which will bubble up and result in the wrapping request returning an error.

    // Create a relation row with:
    //   2) The entity1 is the passed in original entity
    //   1) The relation is the input type we just created
    //   3) The entity2 is the id of the unmapped BAM specified by the user
    insertRelation(typeEntity.guid.get, entityGUID, memberGuid)
  }

  private val entityByTypeAttribute = Compiled(
    (entityType: Column[String],
     attributeName: Column[String],
     attributeValue: Column[String]) => for {
      attr <- attributes
      if attr.name === attributeName && attr.value === attributeValue
      entity <- attr.entity
      if entity.entityType === entityType
    } yield entity )

  def lookupEntityByTypeAttribute(entityType: String, attributeName: String, attributeValue: String)(implicit session: Session) = {
    entityByTypeAttribute((entityType, attributeName, attributeValue)).firstOption
  }

  // query for downstream entities
  private val kids = Compiled(
    (guid: Column[String]) =>
      for {
        rel <- relations
        if rel.entity1GUID === guid
        selfEnt <- rel.relation
        targetEnt <- rel.entity2 } yield (selfEnt.guid,selfEnt.entityType,targetEnt) )

  private val kidAttrs = Compiled(
    (guid: Column[String]) =>
      for {
        rel <- relations
        if rel.entity1GUID === guid
        attr <- attributes
        if attr.entityGUID === rel.relationGUID ||
           attr.entityGUID === rel.entity2GUID } yield (attr.entityGUID, attr.name -> attr.value) )

  private def getAttrs(key: String, map: Option[Map[String,Seq[Tuple2[String,String]]]]): Option[Map[String,String]] = {
    map match {
      case Some(mapArgument) if !mapArgument.contains(key) => Option(Map.empty[String,String])
      case Some(mapArgument) => Option(mapArgument.get(key).get.toMap)
      case None => None
    }
  }

  def findDownstream(guid: String)(implicit session: Session) = {
    val attrMap = Option(kidAttrs(guid).run groupBy {_._1} mapValues {_ map {_._2}})
    for ( entRel <- kids(guid).run )
      yield GenericRelEnt(
              GenericRelationship(entRel._2,getAttrs(entRel._1,attrMap)),
              GenericEntity(entRel._3.guid.get,entRel._3.entityType,
                            GenericSysAttrs(entRel._3.bossID,entRel._3.createdDate.get.getTime,entRel._3.createdBy,entRel._3.modifiedDate map {_.getTime},entRel._3.modifiedBy),
                            getAttrs(entRel._3.guid.get,attrMap)))
  }

  // query for upstream entities
  private val rents = Compiled(
    (guid: Column[String]) =>
      for {
        rel <- relations
        if rel.entity2GUID === guid
        selfEnt <- rel.relation
        targetEnt <- rel.entity1 } yield (selfEnt.guid,selfEnt.entityType,targetEnt) )

  private val rentAttrs = Compiled(
    (guid: Column[String]) =>
      for {
        rel <- relations
        if rel.entity2GUID === guid
        attr <- attributes
        if attr.entityGUID === rel.relationGUID ||
           attr.entityGUID === rel.entity1GUID } yield (attr.entityGUID, attr.name -> attr.value) )

  def findUpstream(guid: String)(implicit session: Session) = {
    val attrMap = Option(rentAttrs(guid).run groupBy {_._1} mapValues {_ map {_._2}})
    for ( entRel <- rents(guid).run )
      yield GenericRelEnt(
              GenericRelationship(entRel._2,getAttrs(entRel._1,attrMap)),
              GenericEntity(entRel._3.guid.get,entRel._3.entityType,
                            GenericSysAttrs(entRel._3.bossID,entRel._3.createdDate.get.getTime,entRel._3.createdBy,entRel._3.modifiedDate map {_.getTime},entRel._3.modifiedBy),
                            getAttrs(entRel._3.guid.get,attrMap)))
  }

  // query for a particular entity
  private val entityByGUID = Compiled(
    (guid: Column[String]) =>
      for {
        ent <- entities
        if ent.guid === guid } yield ent )

  private val attrsByGUID = Compiled(
    (guid: Column[String]) =>
      for {
        attr <- attributes
        if attr.entityGUID === guid } yield (attr.name, attr.value) )

  def fetchEntity(guid: String)(implicit session: Session) = {
    val entities =
      for ( ent <- entityByGUID(guid).run )
        yield GenericEntity(ent.guid.get,ent.entityType,
                            GenericSysAttrs(ent.bossID,ent.createdDate.get.getTime,ent.createdBy,ent.modifiedDate map {_.getTime},ent.modifiedBy),
                            Option(attrsByGUID(guid).run.toMap))
    assume(entities.size < 2, ""query on unique vault ID returned multiple results"")
    entities.headOption
  }

  // generic query
  def findEntities(query: GenericEntityQuery)(implicit session: Session) = {
    val bareEntityQuery = entities.filter(_.entityType === query.entityType)
    val entityQuery = query.attrSpec.foldLeft(bareEntityQuery)({(entQ,spec) => {
      val attrNVQuery = attributes.filter( attr => attr.name === spec.name && attr.value === spec.value )
      entQ innerJoin attrNVQuery on(_.guid === _.entityGUID) map(_._1) } })
    val attrMap =
      if ( !query.expandAttrs ) None
      else {
        val attributeQuery = entityQuery innerJoin attributes on(_.guid === _.entityGUID) map(_._2)
        Option(attributeQuery.run groupBy {_.entityGUID} mapValues(_ map { attr => (attr.name,attr.value) }))
      }
    for ( ent <- entityQuery.run )
        yield GenericEntity(ent.guid.get,ent.entityType,
                            GenericSysAttrs(ent.bossID,ent.createdDate.get.getTime,ent.createdBy,ent.modifiedDate map {_.getTime},ent.modifiedBy),
                            getAttrs(ent.guid.get,attrMap))
  }

  // generic ingestification
  val entRefPattern = ""\\$(\\d+)"".r

  def ingestStuff(ingest: GenericIngest, createdBy: String)(implicit session: Session) = {
    val now = Some(new Timestamp(System.currentTimeMillis))

    // transform List[GenericEntityIngest] into List[Entity]
    val genEnts = ingest.entities getOrElse List.empty[GenericEntityIngest]
    val ents = genEnts  map { genEnt => Entity(genEnt.entityType,createdBy,now,None,None,Some(UUID.randomUUID.toString),genEnt.bossID) }
    val entGUIDs = ents map { ent => ent.guid.get }

    // transform List[GenericRelationshipIngest] into List[Entity]
    val genRels = ingest.relations getOrElse List.empty[GenericRelationshipIngest]
    val relEnts = genRels map { genRel => Entity(genRel.relationType,createdBy,now,None,None,Some(UUID.randomUUID.toString)) }
    val allEnts = ents ++ relEnts

    // transform List[GenericRelationshipIngest] into List[Relationship]
    def resolve(guidOrRef: String) = { guidOrRef match { case entRefPattern(intStr) => entGUIDs(intStr.toInt) case _ => guidOrRef } }
    val rels = genRels.zipWithIndex map { case (genRel,idx) => Relation(relEnts(idx).guid.get,resolve(genRel.ent1),resolve(genRel.ent2)) }


    // handle attrs from entities and from relationships
    val entAttrs = genEnts zip entGUIDs flatMap { case (genEnt,guid) => for ( (name,value) <- genEnt.attrs ) yield Attribute(guid,name,value) }
    val relAttrs = genRels zip relEnts flatMap { case (genRel,relEnt) => for ( (name,value) <- genRel.attrs ) yield Attribute(relEnt.guid.get,name,value) }
    val allAttrs = entAttrs ++ relAttrs

    // do the DB work
    session withTransaction {
      entities ++= allEnts
      relations ++= rels
      attributes ++= allAttrs
    }

    // return GUIDs for new entities
    entGUIDs
  }
}","insertRelation(entityGUID, typeEntity.guid.get, pathEntity.guid.get, createdBy)
  }

  private val entitiesForEntity = Compiled(
    (entityGUID: Column[String]) => for {
      relation <- relations
      if relation.entity1GUID === entityGUID
      relatedEntity <- relation.entity2
      if relatedEntity.entityType =!= FILE_PATH.entityType
    } yield (relatedEntity.guid, relatedEntity.entityType, relatedEntity.createdBy, relatedEntity.createdDate))

  def getEntities(entityGUID: String)(implicit session: Session): Seq[Entity] = {
    entitiesForEntity(entityGUID).list.map { case (guid, entityType, createdBy, createdDate) =>
      Entity(guid, entityType, createdBy, createdDate)
    }
  }

  def addEntityRelation(entity1GUID: String, entity2GUID: String, createdBy: String)(implicit session: Session) {
    // Create a relation entity to represent the relationship type
    val relationEntity = insertEntity(RELATION_TYPE.entityType, createdBy)
    insertAttribute(relationEntity.guid.get, RELATION_TYPE.attributeName, ""related_to"")

    //"
deepseek,deepseek-ai/DeepSeek-V3.2:novita,scala,GPL-3.0,src::main::scala::org::broadinstitute::dsde::vault::datamanagement::domain::DataAccess.scala,336,0.4,0,0.1933884297520661,"    insertRelation(typeEntity.guid.get, entityGUID, pathEntity.guid.get)
  }

  private val inputsForEntity = Compiled(
    // Create a parameter for the entity GUID
    (entityGUID: Column[String]) => for {

    // Retrieve the relation where our ""entityGUID"" parameter is the entity1GUID
      relation <- relations
      if relation.entity1GUID === entityGUID

      // Using the foreign key, filter for the Relation.relation.entityType === INPUT_TYPE.entityType
      typeEntity <- relation.relation
      if typeEntity.entityType === INPUT_TYPE.entityType

    } yield relation.entity2GUID)

  def getInputs(entityGUID: String)(implicit session: Session): Seq[String] = {
    inputsForEntity(entityGUID).list
  }

  def addInputs(entityGUID: String, createdBy: String, inputs: Seq[String])(implicit session: Session) {
    def addInputGuid(inputGuid: String) =
      addInput(entityGUID, createdBy, inputGuid)
    inputs.foreach(addInputGuid)
  }

  def addInput(entityGUID: String, createdBy: String, inputGuid: String)(implicit session: Session) {
    // Create an entity for the input
    val typeEntity = insertEntity(INPUT_TYPE.entityType, createdBy)

    // We count on the database to handle foreign key constraint errors for us. These will throw an exception
    // which will bubble up and result in the wrapping request returning an error.

    // Create a relation row with:
    //   2) The entity1 is the passed in original entity
    //   1) The relation is the input type we just created
    //   3) The entity2 is the id of the unmapped BAM specified by the user
    insertRelation(typeEntity.guid.get, entityGUID, inputGuid)
  }

  private val membersForEntity = Compiled(
    (entityGUID: Column[String]) => for {

     //Retrieve the relation where our ""entityGUID"" parameter is the entity1GUID
     relation <- relations
     if relation.entity1GUID === entityGUID

     // Using the foreign key, filter for the Relation.relation.entityType === MEMBER_TYPE.entityType
     typeEntity <- relation.relation
     if typeEntity.entityType === MEMBER_TYPE.entityType

    } yield relation.entity2GUID)


  def getMembers(entityGUID: String)(implicit session: Session): Seq[String] = {
    membersForEntity(entityGUID).list
  }

  def addMembers(entityGUID: String, createdBy: String, members: Seq[String])(implicit session: Session) {
    def addMemberGuid(inputGuid: String) =
      addMember(entityGUID, createdBy, inputGuid)
    members.foreach(addMemberGuid)
  }

  def addMember(entityGUID: String, createdBy: String, memberGuid: String)(implicit session: Session) {
    // Create an entity for the member
    val typeEntity = insertEntity(MEMBER_TYPE.entityType, createdBy)

    // We count on the database to handle foreign key constraint errors for us. These will throw an exception
    // which will bubble up and result in the wrapping request returning an error.

    // Create a relation row with:
    //   2) The entity1 is the passed in original entity
    //   1) The relation is the input type we just created
    //   3) The entity2 is the id of the unmapped BAM specified by the user
    insertRelation(typeEntity.guid.get, entityGUID, memberGuid)
  }

  private val entityByTypeAttribute = Compiled(
    (entityType: Column[String],
     attributeName: Column[String],
     attributeValue: Column[String]) => for {
      attr <- attributes
      if attr.name === attributeName && attr.value === attributeValue
      entity <- attr.entity
      if entity.entityType === entityType
    } yield entity )

  def lookupEntityByTypeAttribute(entityType: String, attributeName: String, attributeValue: String)(implicit session: Session) = {
    entityByTypeAttribute((entityType, attributeName, attributeValue)).firstOption
  }

  // query for downstream entities
  private val kids = Compiled(
    (guid: Column[String]) =>
      for {
        rel <- relations
        if rel.entity1GUID === guid
        selfEnt <- rel.relation
        targetEnt <- rel.entity2 } yield (selfEnt.guid,selfEnt.entityType,targetEnt) )

  private val kidAttrs = Compiled(
    (guid: Column[String]) =>
      for {
        rel <- relations
        if rel.entity1GUID === guid
        attr <- attributes
        if attr.entityGUID === rel.relationGUID ||
           attr.entityGUID === rel.entity2GUID } yield (attr.entityGUID, attr.name -> attr.value) )

  private def getAttrs(key: String, map: Option[Map[String,Seq[Tuple2[String,String]]]]): Option[Map[String,String]] = {
    map match {
      case Some(mapArgument) if !mapArgument.contains(key) => Option(Map.empty[String,String])
      case Some(mapArgument) => Option(mapArgument.get(key).get.toMap)
      case None => None
    }
  }

  def findDownstream(guid: String)(implicit session: Session) = {
    val attrMap = Option(kidAttrs(guid).run groupBy {_._1} mapValues {_ map {_._2}})
    for ( entRel <- kids(guid).run )
      yield GenericRelEnt(
              GenericRelationship(entRel._2,getAttrs(entRel._1,attrMap)),
              GenericEntity(entRel._3.guid.get,entRel._3.entityType,
                            GenericSysAttrs(entRel._3.bossID,entRel._3.createdDate.get.getTime,entRel._3.createdBy,entRel._3.modifiedDate map {_.getTime},entRel._3.modifiedBy),
                            getAttrs(entRel._3.guid.get,attrMap)))
  }

  // query for upstream entities
  private val rents = Compiled(
    (guid: Column[String]) =>
      for {
        rel <- relations
        if rel.entity2GUID === guid
        selfEnt <- rel.relation
        targetEnt <- rel.entity1 } yield (selfEnt.guid,selfEnt.entityType,targetEnt) )

  private val rentAttrs = Compiled(
    (guid: Column[String]) =>
      for {
        rel <- relations
        if rel.entity2GUID === guid
        attr <- attributes
        if attr.entityGUID === rel.relationGUID ||
           attr.entityGUID === rel.entity1GUID } yield (attr.entityGUID, attr.name -> attr.value) )

  def findUpstream(guid: String)(implicit session: Session) = {
    val attrMap = Option(rentAttrs(guid).run groupBy {_._1} mapValues {_ map {_._2}})
    for ( entRel <- rents(guid).run )
      yield GenericRelEnt(
              GenericRelationship(entRel._2,getAttrs(entRel._1,attrMap)),
              GenericEntity(entRel._3.guid.get,entRel._3.entityType,
                            GenericSysAttrs(entRel._3.bossID,entRel._3.createdDate.get.getTime,entRel._3.createdBy,entRel._3.modifiedDate map {_.getTime},entRel._3.modifiedBy),
                            getAttrs(entRel._3.guid.get,attrMap)))
  }

  // query for a particular entity
  private val entityByGUID = Compiled(
    (guid: Column[String]) =>
      for {
        ent <- entities
        if ent.guid === guid } yield ent )

  private val attrsByGUID = Compiled(
    (guid: Column[String]) =>
      for {
        attr <- attributes
        if attr.entityGUID === guid } yield (attr.name, attr.value) )

  def fetchEntity(guid: String)(implicit session: Session) = {
    val entities =
      for ( ent <- entityByGUID(guid).run )
        yield GenericEntity(ent.guid.get,ent.entityType,
                            GenericSysAttrs(ent.bossID,ent.createdDate.get.getTime,ent.createdBy,ent.modifiedDate map {_.getTime},ent.modifiedBy),
                            Option(attrsByGUID(guid).run.toMap))
    assume(entities.size < 2, ""query on unique vault ID returned multiple results"")
    entities.headOption
  }

  // generic query
  def findEntities(query: GenericEntityQuery)(implicit session: Session) = {
    val bareEntityQuery = entities.filter(_.entityType === query.entityType)
    val entityQuery = query.attrSpec.foldLeft(bareEntityQuery)({(entQ,spec) => {
      val attrNVQuery = attributes.filter( attr => attr.name === spec.name && attr.value === spec.value )
      entQ innerJoin attrNVQuery on(_.guid === _.entityGUID) map(_._1) } })
    val attrMap =
      if ( !query.expandAttrs ) None
      else {
        val attributeQuery = entityQuery innerJoin attributes on(_.guid === _.entityGUID) map(_._2)
        Option(attributeQuery.run groupBy {_.entityGUID} mapValues(_ map { attr => (attr.name,attr.value) }))
      }
    for ( ent <- entityQuery.run )
        yield GenericEntity(ent.guid.get,ent.entityType,
                            GenericSysAttrs(ent.bossID,ent.createdDate.get.getTime,ent.createdBy,ent.modifiedDate map {_.getTime},ent.modifiedBy),
                            getAttrs(ent.guid.get,attrMap))
  }

  // generic ingestification
  val entRefPattern = ""\\$(\\d+)"".r

  def ingestStuff(ingest: GenericIngest, createdBy: String)(implicit session: Session) = {
    val now = Some(new Timestamp(System.currentTimeMillis))

    // transform List[GenericEntityIngest] into List[Entity]
    val genEnts = ingest.entities getOrElse List.empty[GenericEntityIngest]
    val ents = genEnts  map { genEnt => Entity(genEnt.entityType,createdBy,now,None,None,Some(UUID.randomUUID.toString),genEnt.bossID) }
    val entGUIDs = ents map { ent => ent.guid.get }

    // transform List[GenericRelationshipIngest] into List[Entity]
    val genRels = ingest.relations getOrElse List.empty[GenericRelationshipIngest]
    val relEnts = genRels map { genRel => Entity(genRel.relationType,createdBy,now,None,None,Some(UUID.randomUUID.toString)) }
    val allEnts = ents ++ relEnts

    // transform List[GenericRelationshipIngest] into List[Relationship]
    def resolve(guidOrRef: String) = { guidOrRef match { case entRefPattern(intStr) => entGUIDs(intStr.toInt) case _ => guidOrRef } }
    val rels = genRels.zipWithIndex map { case (genRel,idx) => Relation(relEnts(idx).guid.get,resolve(genRel.ent1),resolve(genRel.ent2)) }


    // handle attrs from entities and from relationships
    val entAttrs = genEnts zip entGUIDs flatMap { case (genEnt,guid) => for ( (name,value) <- genEnt.attrs ) yield Attribute(guid,name,value) }
    val relAttrs = genRels zip relEnts flatMap { case (genRel,relEnt) => for ( (name,value) <- genRel.attrs ) yield Attribute(relEnt.guid.get,name,value) }
    val allAttrs = entAttrs ++ relAttrs

    // do the DB work
    session withTransaction {
      entities ++= allEnts
      relations ++= rels
      attributes ++= allAttrs
    }

    // return GUIDs for new entities
    entGUIDs
  }
}","insertRelation(entityGUID, typeEntity.guid.get, pathEntity.guid.get, createdBy)
  }

  private val entitiesByType = Compiled(
    (entityType: Column[String]) => for {
      entity <- entities
      if entity.entityType === entityType
    } yield entity)

  def getEntitiesByType(entityType: String)(implicit session: Session): Seq[Entity] = {
    entitiesByType(entityType).list
  }

  private val relationsByType = Compiled(
    (relationType: Column[String]) => for {
      relation <- relations
      entity <- relation.relation
      if entity.entityType === relationType
    } yield relation)

  def getRelationsByType(relationType: String)(implicit session: Session): Seq[Relation] = {
    relationsByType(relationType).list
  }

  private val entitiesByMetadata = Compiled(
    (key: Column[String], value: Column[String]) => for {
      attribute <- attributes
      if attribute.name === key && attribute.value === value
      entity <- attribute.entity
    } yield entity)

  def getEntitiesByMetadata(key: String, value: String)(implicit session: Session): Seq"
deepseek,deepseek-ai/DeepSeek-V3.2:novita,scala,GPL-3.0,src::main::scala::org::broadinstitute::dsde::vault::datamanagement::domain::DataAccess.scala,336,0.8,0,0.02680067001675042,"    insertRelation(typeEntity.guid.get, entityGUID, pathEntity.guid.get)
  }

  private val inputsForEntity = Compiled(
    // Create a parameter for the entity GUID
    (entityGUID: Column[String]) => for {

    // Retrieve the relation where our ""entityGUID"" parameter is the entity1GUID
      relation <- relations
      if relation.entity1GUID === entityGUID

      // Using the foreign key, filter for the Relation.relation.entityType === INPUT_TYPE.entityType
      typeEntity <- relation.relation
      if typeEntity.entityType === INPUT_TYPE.entityType

    } yield relation.entity2GUID)

  def getInputs(entityGUID: String)(implicit session: Session): Seq[String] = {
    inputsForEntity(entityGUID).list
  }

  def addInputs(entityGUID: String, createdBy: String, inputs: Seq[String])(implicit session: Session) {
    def addInputGuid(inputGuid: String) =
      addInput(entityGUID, createdBy, inputGuid)
    inputs.foreach(addInputGuid)
  }

  def addInput(entityGUID: String, createdBy: String, inputGuid: String)(implicit session: Session) {
    // Create an entity for the input
    val typeEntity = insertEntity(INPUT_TYPE.entityType, createdBy)

    // We count on the database to handle foreign key constraint errors for us. These will throw an exception
    // which will bubble up and result in the wrapping request returning an error.

    // Create a relation row with:
    //   2) The entity1 is the passed in original entity
    //   1) The relation is the input type we just created
    //   3) The entity2 is the id of the unmapped BAM specified by the user
    insertRelation(typeEntity.guid.get, entityGUID, inputGuid)
  }

  private val membersForEntity = Compiled(
    (entityGUID: Column[String]) => for {

     //Retrieve the relation where our ""entityGUID"" parameter is the entity1GUID
     relation <- relations
     if relation.entity1GUID === entityGUID

     // Using the foreign key, filter for the Relation.relation.entityType === MEMBER_TYPE.entityType
     typeEntity <- relation.relation
     if typeEntity.entityType === MEMBER_TYPE.entityType

    } yield relation.entity2GUID)


  def getMembers(entityGUID: String)(implicit session: Session): Seq[String] = {
    membersForEntity(entityGUID).list
  }

  def addMembers(entityGUID: String, createdBy: String, members: Seq[String])(implicit session: Session) {
    def addMemberGuid(inputGuid: String) =
      addMember(entityGUID, createdBy, inputGuid)
    members.foreach(addMemberGuid)
  }

  def addMember(entityGUID: String, createdBy: String, memberGuid: String)(implicit session: Session) {
    // Create an entity for the member
    val typeEntity = insertEntity(MEMBER_TYPE.entityType, createdBy)

    // We count on the database to handle foreign key constraint errors for us. These will throw an exception
    // which will bubble up and result in the wrapping request returning an error.

    // Create a relation row with:
    //   2) The entity1 is the passed in original entity
    //   1) The relation is the input type we just created
    //   3) The entity2 is the id of the unmapped BAM specified by the user
    insertRelation(typeEntity.guid.get, entityGUID, memberGuid)
  }

  private val entityByTypeAttribute = Compiled(
    (entityType: Column[String],
     attributeName: Column[String],
     attributeValue: Column[String]) => for {
      attr <- attributes
      if attr.name === attributeName && attr.value === attributeValue
      entity <- attr.entity
      if entity.entityType === entityType
    } yield entity )

  def lookupEntityByTypeAttribute(entityType: String, attributeName: String, attributeValue: String)(implicit session: Session) = {
    entityByTypeAttribute((entityType, attributeName, attributeValue)).firstOption
  }

  // query for downstream entities
  private val kids = Compiled(
    (guid: Column[String]) =>
      for {
        rel <- relations
        if rel.entity1GUID === guid
        selfEnt <- rel.relation
        targetEnt <- rel.entity2 } yield (selfEnt.guid,selfEnt.entityType,targetEnt) )

  private val kidAttrs = Compiled(
    (guid: Column[String]) =>
      for {
        rel <- relations
        if rel.entity1GUID === guid
        attr <- attributes
        if attr.entityGUID === rel.relationGUID ||
           attr.entityGUID === rel.entity2GUID } yield (attr.entityGUID, attr.name -> attr.value) )

  private def getAttrs(key: String, map: Option[Map[String,Seq[Tuple2[String,String]]]]): Option[Map[String,String]] = {
    map match {
      case Some(mapArgument) if !mapArgument.contains(key) => Option(Map.empty[String,String])
      case Some(mapArgument) => Option(mapArgument.get(key).get.toMap)
      case None => None
    }
  }

  def findDownstream(guid: String)(implicit session: Session) = {
    val attrMap = Option(kidAttrs(guid).run groupBy {_._1} mapValues {_ map {_._2}})
    for ( entRel <- kids(guid).run )
      yield GenericRelEnt(
              GenericRelationship(entRel._2,getAttrs(entRel._1,attrMap)),
              GenericEntity(entRel._3.guid.get,entRel._3.entityType,
                            GenericSysAttrs(entRel._3.bossID,entRel._3.createdDate.get.getTime,entRel._3.createdBy,entRel._3.modifiedDate map {_.getTime},entRel._3.modifiedBy),
                            getAttrs(entRel._3.guid.get,attrMap)))
  }

  // query for upstream entities
  private val rents = Compiled(
    (guid: Column[String]) =>
      for {
        rel <- relations
        if rel.entity2GUID === guid
        selfEnt <- rel.relation
        targetEnt <- rel.entity1 } yield (selfEnt.guid,selfEnt.entityType,targetEnt) )

  private val rentAttrs = Compiled(
    (guid: Column[String]) =>
      for {
        rel <- relations
        if rel.entity2GUID === guid
        attr <- attributes
        if attr.entityGUID === rel.relationGUID ||
           attr.entityGUID === rel.entity1GUID } yield (attr.entityGUID, attr.name -> attr.value) )

  def findUpstream(guid: String)(implicit session: Session) = {
    val attrMap = Option(rentAttrs(guid).run groupBy {_._1} mapValues {_ map {_._2}})
    for ( entRel <- rents(guid).run )
      yield GenericRelEnt(
              GenericRelationship(entRel._2,getAttrs(entRel._1,attrMap)),
              GenericEntity(entRel._3.guid.get,entRel._3.entityType,
                            GenericSysAttrs(entRel._3.bossID,entRel._3.createdDate.get.getTime,entRel._3.createdBy,entRel._3.modifiedDate map {_.getTime},entRel._3.modifiedBy),
                            getAttrs(entRel._3.guid.get,attrMap)))
  }

  // query for a particular entity
  private val entityByGUID = Compiled(
    (guid: Column[String]) =>
      for {
        ent <- entities
        if ent.guid === guid } yield ent )

  private val attrsByGUID = Compiled(
    (guid: Column[String]) =>
      for {
        attr <- attributes
        if attr.entityGUID === guid } yield (attr.name, attr.value) )

  def fetchEntity(guid: String)(implicit session: Session) = {
    val entities =
      for ( ent <- entityByGUID(guid).run )
        yield GenericEntity(ent.guid.get,ent.entityType,
                            GenericSysAttrs(ent.bossID,ent.createdDate.get.getTime,ent.createdBy,ent.modifiedDate map {_.getTime},ent.modifiedBy),
                            Option(attrsByGUID(guid).run.toMap))
    assume(entities.size < 2, ""query on unique vault ID returned multiple results"")
    entities.headOption
  }

  // generic query
  def findEntities(query: GenericEntityQuery)(implicit session: Session) = {
    val bareEntityQuery = entities.filter(_.entityType === query.entityType)
    val entityQuery = query.attrSpec.foldLeft(bareEntityQuery)({(entQ,spec) => {
      val attrNVQuery = attributes.filter( attr => attr.name === spec.name && attr.value === spec.value )
      entQ innerJoin attrNVQuery on(_.guid === _.entityGUID) map(_._1) } })
    val attrMap =
      if ( !query.expandAttrs ) None
      else {
        val attributeQuery = entityQuery innerJoin attributes on(_.guid === _.entityGUID) map(_._2)
        Option(attributeQuery.run groupBy {_.entityGUID} mapValues(_ map { attr => (attr.name,attr.value) }))
      }
    for ( ent <- entityQuery.run )
        yield GenericEntity(ent.guid.get,ent.entityType,
                            GenericSysAttrs(ent.bossID,ent.createdDate.get.getTime,ent.createdBy,ent.modifiedDate map {_.getTime},ent.modifiedBy),
                            getAttrs(ent.guid.get,attrMap))
  }

  // generic ingestification
  val entRefPattern = ""\\$(\\d+)"".r

  def ingestStuff(ingest: GenericIngest, createdBy: String)(implicit session: Session) = {
    val now = Some(new Timestamp(System.currentTimeMillis))

    // transform List[GenericEntityIngest] into List[Entity]
    val genEnts = ingest.entities getOrElse List.empty[GenericEntityIngest]
    val ents = genEnts  map { genEnt => Entity(genEnt.entityType,createdBy,now,None,None,Some(UUID.randomUUID.toString),genEnt.bossID) }
    val entGUIDs = ents map { ent => ent.guid.get }

    // transform List[GenericRelationshipIngest] into List[Entity]
    val genRels = ingest.relations getOrElse List.empty[GenericRelationshipIngest]
    val relEnts = genRels map { genRel => Entity(genRel.relationType,createdBy,now,None,None,Some(UUID.randomUUID.toString)) }
    val allEnts = ents ++ relEnts

    // transform List[GenericRelationshipIngest] into List[Relationship]
    def resolve(guidOrRef: String) = { guidOrRef match { case entRefPattern(intStr) => entGUIDs(intStr.toInt) case _ => guidOrRef } }
    val rels = genRels.zipWithIndex map { case (genRel,idx) => Relation(relEnts(idx).guid.get,resolve(genRel.ent1),resolve(genRel.ent2)) }


    // handle attrs from entities and from relationships
    val entAttrs = genEnts zip entGUIDs flatMap { case (genEnt,guid) => for ( (name,value) <- genEnt.attrs ) yield Attribute(guid,name,value) }
    val relAttrs = genRels zip relEnts flatMap { case (genRel,relEnt) => for ( (name,value) <- genRel.attrs ) yield Attribute(relEnt.guid.get,name,value) }
    val allAttrs = entAttrs ++ relAttrs

    // do the DB work
    session withTransaction {
      entities ++= allEnts
      relations ++= rels
      attributes ++= allAttrs
    }

    // return GUIDs for new entities
    entGUIDs
  }
}","insertRelation(entityGUID, typeEntity.guid.get, pathEntity.guid.get, createdBy)
  }

  def updateMetadata(entityGUID: String, metadata: Map[String, String])(implicit session: Session) {
    metadata.foreach { case (name, value) =>
      updateAttribute(entityGUID, name, value)
    }
  }

  def deleteMetadata(entityGUID: String, metadataKeys: Set[String])(implicit session: Session) {
    metadataKeys.foreach { key =>
      deleteAttribute(entityGUID, key)
    }
  }

  def findEntitiesByMetadata(metadata: Map[String, String])(implicit session: Session): Seq[String] = {
    if (metadata.isEmpty) return Seq.empty

    val query = for {
      attr <- attributes
      if attr.name.inSet(metadata.keys) && attr.value.inSet(metadata.values)
    } yield attr.entityGUID

    query.list.distinct
  }

  def getEntityHistory(entityGUID: String)(implicit session: Session): Seq[(Timestamp, String, String)] = {
    val query = for {
      entity <- entities
      if entity.guid === entityGUID"
deepseek,deepseek-ai/DeepSeek-V3.2:novita,scala,GPL-3.0,swallow-benchmark::HiBench-master::gearpumpbench::streaming::src::main::scala::com::intel::hibench::gearpumpbench::task::SlidingWindow.scala,91,0.2,0,0.036585365853658534,"
import scala.collection.mutable.ArrayBuffer

class SlidingWindow(taskContext: TaskContext, conf: UserConfig) extends Task(taskContext, conf) {
  private val benchConfig = conf.getValue[GearpumpConfig](GearpumpConfig.BENCH_CONFIG).get
  private val windowDuration = benchConfig.windowDuration
  private val windowStep = benchConfig.windowSlideStep
  val reporter = new KafkaReporter(benchConfig.reporterTopic, benchConfig.brokerList)

  // windowStartTime -> (ip -> (minMessageTime, count))
  private val windowCounts = new TreeSortedMap[Long, UnifiedMap[String, (TimeStamp, Long)]]

  override def onNext(message: Message): Unit = {
    val ip = message.msg.asInstanceOf[String]
    val msgTime = System.currentTimeMillis()
    getWindows(msgTime).foreach { window =>
      val countsByIp = if (windowCounts.containsKey(window)) {
        windowCounts.get(window)
      } else {
        new UnifiedMap[String, (TimeStamp, Long)]
      }
      val (minTime, count) = if (countsByIp.containsKey(ip)) {
        countsByIp.get(ip)
      } else {
        (msgTime, 0L)
      }
      countsByIp.put(ip, (Math.min(msgTime, minTime), count + 1L))
      windowCounts.put(window, countsByIp)
    }

    var hasNext = true
    while (hasNext && !windowCounts.isEmpty) {
      val windowStart = windowCounts.firstKey()
      if (msgTime >= (windowStart + windowDuration)) {
        val countsByIp = windowCounts.remove(windowStart)
        countsByIp.forEachValue(new Procedure[(TimeStamp, Long)]() {
          override def value(tuple: (TimeStamp, Long)): Unit = {
            (1 to tuple._2.toInt).foreach(i => reporter.report(tuple._1, msgTime))
          }
        })
      } else {
        hasNext = false
      }
    }
  }

  private def getWindows(timestamp: TimeStamp): List[TimeStamp] = {
    val windows = ArrayBuffer.empty[TimeStamp]
    var start = lastStartFor(timestamp)
    windows += start
    start -= windowStep
    while (start >= timestamp) {
      windows += start
      start -= windowStep
    }
    windows.toList
  }

  private def lastStartFor(timestamp: TimeStamp): TimeStamp = {
    timestamp - (timestamp + windowStep) % windowStep
  }
}
","class SlidingWindow(taskContext: TaskContext, conf: UserConfig) extends Task(taskContext, conf) {
  private val config = new GearpumpConfig(conf)
  private var reporter: KafkaReporter = null

  private var slideUnit: TimeStamp = _
  private var windowLength: TimeStamp = _
  private var slidingStep: TimeStamp = _
  private var windowPerTask: Int = _

  private val watermarkDelayTolerance: TimeStamp = 1000L
  private val watermarkInterval: TimeStamp = 1000L
  private var lastWatermark: TimeStamp = 0L

  private val windowMap = new UnifiedMap[TimeStamp, TreeSortedMap[String, Long]]()

  override def onStart(startTime: StartTime): Unit = {
    slideUnit = config.windowSlideUnit.get
    windowLength = config.windowLength.get
    slidingStep = config.slidingStep.get
    windowPerTask = config.windowPerTask.get

    if (config.reportTopic.nonEmpty) {
      reporter = new KafkaReporter(
        config.reportTopic.get,
        config.brokerList
      )
    }

    LOG.info(s""Sl"
deepseek,deepseek-ai/DeepSeek-V3.2:novita,scala,GPL-3.0,swallow-benchmark::HiBench-master::gearpumpbench::streaming::src::main::scala::com::intel::hibench::gearpumpbench::task::SlidingWindow.scala,91,0.4,0,0.037037037037037035,"
import scala.collection.mutable.ArrayBuffer

class SlidingWindow(taskContext: TaskContext, conf: UserConfig) extends Task(taskContext, conf) {
  private val benchConfig = conf.getValue[GearpumpConfig](GearpumpConfig.BENCH_CONFIG).get
  private val windowDuration = benchConfig.windowDuration
  private val windowStep = benchConfig.windowSlideStep
  val reporter = new KafkaReporter(benchConfig.reporterTopic, benchConfig.brokerList)

  // windowStartTime -> (ip -> (minMessageTime, count))
  private val windowCounts = new TreeSortedMap[Long, UnifiedMap[String, (TimeStamp, Long)]]

  override def onNext(message: Message): Unit = {
    val ip = message.msg.asInstanceOf[String]
    val msgTime = System.currentTimeMillis()
    getWindows(msgTime).foreach { window =>
      val countsByIp = if (windowCounts.containsKey(window)) {
        windowCounts.get(window)
      } else {
        new UnifiedMap[String, (TimeStamp, Long)]
      }
      val (minTime, count) = if (countsByIp.containsKey(ip)) {
        countsByIp.get(ip)
      } else {
        (msgTime, 0L)
      }
      countsByIp.put(ip, (Math.min(msgTime, minTime), count + 1L))
      windowCounts.put(window, countsByIp)
    }

    var hasNext = true
    while (hasNext && !windowCounts.isEmpty) {
      val windowStart = windowCounts.firstKey()
      if (msgTime >= (windowStart + windowDuration)) {
        val countsByIp = windowCounts.remove(windowStart)
        countsByIp.forEachValue(new Procedure[(TimeStamp, Long)]() {
          override def value(tuple: (TimeStamp, Long)): Unit = {
            (1 to tuple._2.toInt).foreach(i => reporter.report(tuple._1, msgTime))
          }
        })
      } else {
        hasNext = false
      }
    }
  }

  private def getWindows(timestamp: TimeStamp): List[TimeStamp] = {
    val windows = ArrayBuffer.empty[TimeStamp]
    var start = lastStartFor(timestamp)
    windows += start
    start -= windowStep
    while (start >= timestamp) {
      windows += start
      start -= windowStep
    }
    windows.toList
  }

  private def lastStartFor(timestamp: TimeStamp): TimeStamp = {
    timestamp - (timestamp + windowStep) % windowStep
  }
}
","import java.util
import java.util.concurrent.TimeUnit

import scala.collection.JavaConverters._

class SlidingWindow(taskContext: TaskContext, config: UserConfig) extends Task(taskContext, config) {
  private var map: TreeSortedMap[TimeStamp, util.Map[String, Long]] = _
  private var reportTopic: String = _
  private var reporter: KafkaReporter = _
  private var windowSize: TimeStamp = _
  private var slideStep: TimeStamp = _
  private var nextWindowEndTime: TimeStamp = _

  override def onStart(startTime: TimeStamp): Unit = {
    LOG.info(""sliding window task started"")
    val gearpumpConf = new GearpumpConfig(config)
    reportTopic = gearpumpConf.reportTopic
    reporter = createReporter()
    windowSize = gearpumpConf.windowSize * 1000L
    slideStep = gearpumpConf.slideStep * 1000L
    nextWindowEndTime = startTime + windowSize
    map = new TreeSortedMap[TimeStamp, util.Map[String, Long]]()
    schedule()
  }

  override def onNext(msg: Message): Unit = {
    val"
deepseek,deepseek-ai/DeepSeek-V3.2:novita,scala,GPL-3.0,swallow-benchmark::HiBench-master::gearpumpbench::streaming::src::main::scala::com::intel::hibench::gearpumpbench::task::SlidingWindow.scala,91,0.8,0,0.08641975308641975,"
import scala.collection.mutable.ArrayBuffer

class SlidingWindow(taskContext: TaskContext, conf: UserConfig) extends Task(taskContext, conf) {
  private val benchConfig = conf.getValue[GearpumpConfig](GearpumpConfig.BENCH_CONFIG).get
  private val windowDuration = benchConfig.windowDuration
  private val windowStep = benchConfig.windowSlideStep
  val reporter = new KafkaReporter(benchConfig.reporterTopic, benchConfig.brokerList)

  // windowStartTime -> (ip -> (minMessageTime, count))
  private val windowCounts = new TreeSortedMap[Long, UnifiedMap[String, (TimeStamp, Long)]]

  override def onNext(message: Message): Unit = {
    val ip = message.msg.asInstanceOf[String]
    val msgTime = System.currentTimeMillis()
    getWindows(msgTime).foreach { window =>
      val countsByIp = if (windowCounts.containsKey(window)) {
        windowCounts.get(window)
      } else {
        new UnifiedMap[String, (TimeStamp, Long)]
      }
      val (minTime, count) = if (countsByIp.containsKey(ip)) {
        countsByIp.get(ip)
      } else {
        (msgTime, 0L)
      }
      countsByIp.put(ip, (Math.min(msgTime, minTime), count + 1L))
      windowCounts.put(window, countsByIp)
    }

    var hasNext = true
    while (hasNext && !windowCounts.isEmpty) {
      val windowStart = windowCounts.firstKey()
      if (msgTime >= (windowStart + windowDuration)) {
        val countsByIp = windowCounts.remove(windowStart)
        countsByIp.forEachValue(new Procedure[(TimeStamp, Long)]() {
          override def value(tuple: (TimeStamp, Long)): Unit = {
            (1 to tuple._2.toInt).foreach(i => reporter.report(tuple._1, msgTime))
          }
        })
      } else {
        hasNext = false
      }
    }
  }

  private def getWindows(timestamp: TimeStamp): List[TimeStamp] = {
    val windows = ArrayBuffer.empty[TimeStamp]
    var start = lastStartFor(timestamp)
    windows += start
    start -= windowStep
    while (start >= timestamp) {
      windows += start
      start -= windowStep
    }
    windows.toList
  }

  private def lastStartFor(timestamp: TimeStamp): TimeStamp = {
    timestamp - (timestamp + windowStep) % windowStep
  }
}
","class SlidingWindow(taskContext: TaskContext, conf: UserConfig) extends Task(taskContext, conf) {

  private val reporter: KafkaReporter = new KafkaReporter(GearpumpConfig.getReportTopic(conf), GearpumpConfig.getBrokerList(conf))
  private val windowSize: TimeStamp = GearpumpConfig.getWindowSize(conf)
  private val slideStep: TimeStamp = GearpumpConfig.getSlideStep(conf)
  private val windowMap = new TreeSortedMap[TimeStamp, UnifiedMap[String, Long]]()
  private var lastSlideTime: TimeStamp = 0L

  override def onNext(message: Message): Unit = {
    val msg = message.msg.asInstanceOf[String]
    val timestamp = message.timestamp
    updateWindow(timestamp, msg)
    slideWindows(timestamp)
    reportWindows()
  }

  private def updateWindow(timestamp: TimeStamp, msg: String): Unit = {
    val windowStart = timestamp - (timestamp % slideStep)
    val windowEnd = windowStart + windowSize
    if (timestamp < windowEnd) {
      val window = windowMap.get(windowStart)
      if (window == null) {
        val"
deepseek,deepseek-ai/DeepSeek-V3.2:novita,scala,GPL-3.0,src::test::scala::nl::grons::metrics::scala::MetricBuilderSpec.scala,107,0.2,0,0.09195402298850575,"  trait Instrumented extends InstrumentedBuilder {
    val metricRegistry = testMetricRegistry
  }

  class UnderTest extends Instrumented {
    val timer: Timer = metrics.timer(""10ms"")
    val gauge: Gauge[Int] = metrics.gauge(""the answer"")(value)
    val cachedGauge: Gauge[Int] = metrics.cachedGauge(""cached"", 300 milliseconds)(expensiveValue)
    val counter: Counter = metrics.counter(""1..2..3..4"")
    val histogram: Histogram = metrics.histogram(""histo"")
    val meter: Meter = metrics.meter(""meter"", ""testscope"")

    def waitFor100Ms() {
      timer.time {
        Thread.sleep(100L)
      }
    }

    def value = 42

    var expensiveValueInvocations = 0

    def expensiveValue = {
      expensiveValueInvocations += 1
      42
    }

    def incr() { counter += 1 }

    def meterPlusEleven() { meter.mark(11) }

    def histogramPlusOne() { histogram += 1 }
  }

  describe(""Metrics configuration dsl"") {
    val underTest = new UnderTest

    it(""defines a timer"") {
      underTest.waitFor100Ms()
      underTest.timer.min should be >= 100000000L
    }

    it(""defines a gauge"") {
      underTest.gauge.value should equal (42)
    }

    it(""defines a cached gauge"") {
      underTest.expensiveValueInvocations should equal (0)
      underTest.cachedGauge.value should equal (42)
      underTest.expensiveValueInvocations should equal (1)
      underTest.cachedGauge.value should equal (42)
      underTest.expensiveValueInvocations should equal (1)
      Thread.sleep(400L)
      underTest.cachedGauge.value should equal (42)
      underTest.expensiveValueInvocations should equal (2)
    }

    it(""defines a counter"") {
      underTest.incr()
      underTest.counter.count should equal (1)
    }

    it(""defines a histogram"") {
      underTest.histogramPlusOne()
      underTest.histogram.count should equal (1)
      underTest.histogram.min should equal (1)
    }

    it(""defines a meter"") {
      underTest.meterPlusEleven()
      underTest.meter.count should equal (11)
    }
  }

}","describe(""A MetricBuilder"") {
    val metricBuilder = new MetricBuilder(testMetricRegistry)

    it(""should create a counter"") {
      val counter = metricBuilder.counter(""testCounter"")
      counter.inc()
      testMetricRegistry.counter(""testCounter"").getCount should be (1L)
    }

    it(""should create a histogram"") {
      val histogram = metricBuilder.histogram(""testHistogram"")
      histogram += 42
      testMetricRegistry.histogram(""testHistogram"").getCount should be (1L)
    }

    it(""should create a meter"") {
      val meter = metricBuilder.meter(""testMeter"")
      meter.mark()
      testMetricRegistry.meter(""testMeter"").getCount should be (1L)
    }

    it(""should create a timer"") {
      val timer = metricBuilder.timer(""testTimer"")
      timer.time {
        Thread.sleep(10)
      }
      testMetricRegistry.timer(""testTimer"").getCount should be (1L)
    }

    it(""should create a gauge"") {
      var value = 0
      val gauge = metricBuilder.gauge(""testGauge"") { value }
      value = 5"
deepseek,deepseek-ai/DeepSeek-V3.2:novita,scala,GPL-3.0,src::test::scala::nl::grons::metrics::scala::MetricBuilderSpec.scala,107,0.4,0,0.0,"  trait Instrumented extends InstrumentedBuilder {
    val metricRegistry = testMetricRegistry
  }

  class UnderTest extends Instrumented {
    val timer: Timer = metrics.timer(""10ms"")
    val gauge: Gauge[Int] = metrics.gauge(""the answer"")(value)
    val cachedGauge: Gauge[Int] = metrics.cachedGauge(""cached"", 300 milliseconds)(expensiveValue)
    val counter: Counter = metrics.counter(""1..2..3..4"")
    val histogram: Histogram = metrics.histogram(""histo"")
    val meter: Meter = metrics.meter(""meter"", ""testscope"")

    def waitFor100Ms() {
      timer.time {
        Thread.sleep(100L)
      }
    }

    def value = 42

    var expensiveValueInvocations = 0

    def expensiveValue = {
      expensiveValueInvocations += 1
      42
    }

    def incr() { counter += 1 }

    def meterPlusEleven() { meter.mark(11) }

    def histogramPlusOne() { histogram += 1 }
  }

  describe(""Metrics configuration dsl"") {
    val underTest = new UnderTest

    it(""defines a timer"") {
      underTest.waitFor100Ms()
      underTest.timer.min should be >= 100000000L
    }

    it(""defines a gauge"") {
      underTest.gauge.value should equal (42)
    }

    it(""defines a cached gauge"") {
      underTest.expensiveValueInvocations should equal (0)
      underTest.cachedGauge.value should equal (42)
      underTest.expensiveValueInvocations should equal (1)
      underTest.cachedGauge.value should equal (42)
      underTest.expensiveValueInvocations should equal (1)
      Thread.sleep(400L)
      underTest.cachedGauge.value should equal (42)
      underTest.expensiveValueInvocations should equal (2)
    }

    it(""defines a counter"") {
      underTest.incr()
      underTest.counter.count should equal (1)
    }

    it(""defines a histogram"") {
      underTest.histogramPlusOne()
      underTest.histogram.count should equal (1)
      underTest.histogram.min should equal (1)
    }

    it(""defines a meter"") {
      underTest.meterPlusEleven()
      underTest.meter.count should equal (11)
    }
  }

}","describe(""MetricBuilder"") {
    val builder = new MetricBuilder(testMetricRegistry)

    describe(""timer"") {
      it(""creates a timer with the given name"") {
        val timer = builder.timer(""testTimer"")
        timer should not be null
        testMetricRegistry.timer(""testTimer"") should be theSameInstanceAs timer.metric
      }

      it(""creates a timer with the given name and scope"") {
        val timer = builder.timer(""testTimer"", ""scope1"")
        timer should not be null
        testMetricRegistry.timer(""testTimer.scope1"") should be theSameInstanceAs timer.metric
      }
    }

    describe(""histogram"") {
      it(""creates a histogram with the given name"") {
        val histogram = builder.histogram(""testHistogram"")
        histogram should not be null
        testMetricRegistry.histogram(""testHistogram"") should be theSameInstanceAs histogram.metric
      }

      it(""creates a histogram with the given name and scope"") {
        val histogram = builder.histogram(""testHistogram"", ""scope1"")
        histogram should not be null
        testMetricRegistry.histogram(""testHistogram.sc"
deepseek,deepseek-ai/DeepSeek-V3.2:novita,scala,GPL-3.0,src::test::scala::nl::grons::metrics::scala::MetricBuilderSpec.scala,107,0.8,0,0.06134969325153374,"  trait Instrumented extends InstrumentedBuilder {
    val metricRegistry = testMetricRegistry
  }

  class UnderTest extends Instrumented {
    val timer: Timer = metrics.timer(""10ms"")
    val gauge: Gauge[Int] = metrics.gauge(""the answer"")(value)
    val cachedGauge: Gauge[Int] = metrics.cachedGauge(""cached"", 300 milliseconds)(expensiveValue)
    val counter: Counter = metrics.counter(""1..2..3..4"")
    val histogram: Histogram = metrics.histogram(""histo"")
    val meter: Meter = metrics.meter(""meter"", ""testscope"")

    def waitFor100Ms() {
      timer.time {
        Thread.sleep(100L)
      }
    }

    def value = 42

    var expensiveValueInvocations = 0

    def expensiveValue = {
      expensiveValueInvocations += 1
      42
    }

    def incr() { counter += 1 }

    def meterPlusEleven() { meter.mark(11) }

    def histogramPlusOne() { histogram += 1 }
  }

  describe(""Metrics configuration dsl"") {
    val underTest = new UnderTest

    it(""defines a timer"") {
      underTest.waitFor100Ms()
      underTest.timer.min should be >= 100000000L
    }

    it(""defines a gauge"") {
      underTest.gauge.value should equal (42)
    }

    it(""defines a cached gauge"") {
      underTest.expensiveValueInvocations should equal (0)
      underTest.cachedGauge.value should equal (42)
      underTest.expensiveValueInvocations should equal (1)
      underTest.cachedGauge.value should equal (42)
      underTest.expensiveValueInvocations should equal (1)
      Thread.sleep(400L)
      underTest.cachedGauge.value should equal (42)
      underTest.expensiveValueInvocations should equal (2)
    }

    it(""defines a counter"") {
      underTest.incr()
      underTest.counter.count should equal (1)
    }

    it(""defines a histogram"") {
      underTest.histogramPlusOne()
      underTest.histogram.count should equal (1)
      underTest.histogram.min should equal (1)
    }

    it(""defines a meter"") {
      underTest.meterPlusEleven()
      underTest.meter.count should equal (11)
    }
  }

}","private val metricBuilder = new MetricBuilder(testMetricRegistry)

  describe(""A MetricBuilder"") {
    describe(""timer"") {
      it(""creates a timer with the given name"") {
        val timer = metricBuilder.timer(""testTimer"")
        timer.getClass should be(classOf[Timer])
        testMetricRegistry.getTimers.containsKey(""testTimer"") should be(true)
      }

      it(""reuses an existing timer with the same name"") {
        val timer1 = metricBuilder.timer(""testTimer"")
        val timer2 = metricBuilder.timer(""testTimer"")
        timer1 should be theSameInstanceAs timer2
      }
    }

    describe(""histogram"") {
      it(""creates a histogram with the given name"") {
        val histogram = metricBuilder.histogram(""testHistogram"")
        histogram.getClass should be(classOf[Histogram])
        testMetricRegistry.getHistograms.containsKey(""testHistogram"") should be(true)
      }

      it(""reuses an existing histogram with the same name"") {
        val histogram1 = metricBuilder.histogram(""testHistogram"")
        val histogram2 = metricBuilder.histogram(""testHistogram"")
        histogram1 should be theSameInstanceAs histogram2"
deepseek,deepseek-ai/DeepSeek-V3.2:novita,scala,GPL-3.0,src::main::scala::org::fiware::cosmos::orion::flink::connector::OrionHttpServer.scala,91,0.2,0,0.072992700729927,"import io.netty.handler.logging.{LogLevel, LoggingHandler}
import org.apache.flink.streaming.api.functions.source.SourceFunction.SourceContext
import org.slf4j.LoggerFactory

/**
 * Netty HTTP server
 *
 * @param ctx       Flink source context for collect received message
 * @param threadNum cpu number used by netty epoll
 * @param logLevel  netty log level
 */
class OrionHttpServer(
  ctx: SourceContext[NgsiEvent],
  threadNum: Int = Runtime.getRuntime.availableProcessors(),
  logLevel: LogLevel = LogLevel.INFO
) extends ServerTrait {
  private lazy val logger = LoggerFactory.getLogger(getClass)
  private lazy val bossGroup = new NioEventLoopGroup(threadNum)
  private lazy val workerGroup = new NioEventLoopGroup
  private lazy val isRunning = new AtomicBoolean(false)
  private final val CHANNEL_OPTION = 1024
  private final val HOA = 1048576
  private var currentAddr: InetSocketAddress = _

  override def close(): Unit = {
    bossGroup.shutdownGracefully()
    workerGroup.shutdownGracefully()
    logger.info(""successfully close netty server source"")
  }

  def startNettyServer(
    portNotInUse: Int,
    callbackUrl: Option[String]
  ): InetSocketAddress = synchronized {

    if (!isRunning.get()) {
      val b: ServerBootstrap = new ServerBootstrap
      b
        .option[java.lang.Integer](ChannelOption.SO_BACKLOG, CHANNEL_OPTION)
        .group(bossGroup, workerGroup)
        .channel(classOf[NioServerSocketChannel])
        .handler(new LoggingHandler(logLevel))
        .childHandler(new ChannelInitializer[SocketChannel] {
          override def initChannel(ch: SocketChannel): Unit = {
            val p = ch.pipeline()
            p.addLast(new HttpServerCodec)
            p.addLast(new HttpObjectAggregator(HOA))
            p.addLast(new OrionHttpHandler(ctx))
          }
        })
      val f = b.bind(portNotInUse)
      f.syncUninterruptibly()
      val ch: Channel = f.channel()
      isRunning.set(true)
      currentAddr = ch.localAddress().asInstanceOf[InetSocketAddress]
      register(currentAddr, callbackUrl)
      ch.closeFuture().sync()
      currentAddr
    } else {
      currentAddr
    }
  }
}","import io.netty.handler.logging.{LogLevel, LoggingHandler}
import io.netty.handler.ssl.SslContext
import org.apache.flink.streaming.api.functions.source.SourceFunction
import org.slf4j.{Logger, LoggerFactory}
import scala.collection.mutable

/**
 * HTTP server for receiving Orion Context Broker notifications.
 *
 * @param address Address to bind the server
 * @param port    Port to bind the server
 */
class OrionHttpServer(address: String, port: Int) extends SourceFunction[NgsiEvent] {
  private val log: Logger = LoggerFactory.getLogger(classOf[OrionHttpServer])
  private val running: AtomicBoolean = new AtomicBoolean(true)
  private var serverChannel: Channel = _
  private val bossGroup = new NioEventLoopGroup(1)
  private val workerGroup = new NioEventLoopGroup()
  private val ctx = mutable.ListBuffer[NgsiEvent]()

  override def run(ctx: SourceFunction.SourceContext[NgsiEvent]): Unit = {
    val b = new ServerBootstrap()
    b.option[Integer](ChannelOption.SO_BACKLOG, 1024)
    b.group(bossGroup, workerGroup)"
deepseek,deepseek-ai/DeepSeek-V3.2:novita,scala,GPL-3.0,src::main::scala::org::fiware::cosmos::orion::flink::connector::OrionHttpServer.scala,91,0.4,0,0.16901408450704225,"import io.netty.handler.logging.{LogLevel, LoggingHandler}
import org.apache.flink.streaming.api.functions.source.SourceFunction.SourceContext
import org.slf4j.LoggerFactory

/**
 * Netty HTTP server
 *
 * @param ctx       Flink source context for collect received message
 * @param threadNum cpu number used by netty epoll
 * @param logLevel  netty log level
 */
class OrionHttpServer(
  ctx: SourceContext[NgsiEvent],
  threadNum: Int = Runtime.getRuntime.availableProcessors(),
  logLevel: LogLevel = LogLevel.INFO
) extends ServerTrait {
  private lazy val logger = LoggerFactory.getLogger(getClass)
  private lazy val bossGroup = new NioEventLoopGroup(threadNum)
  private lazy val workerGroup = new NioEventLoopGroup
  private lazy val isRunning = new AtomicBoolean(false)
  private final val CHANNEL_OPTION = 1024
  private final val HOA = 1048576
  private var currentAddr: InetSocketAddress = _

  override def close(): Unit = {
    bossGroup.shutdownGracefully()
    workerGroup.shutdownGracefully()
    logger.info(""successfully close netty server source"")
  }

  def startNettyServer(
    portNotInUse: Int,
    callbackUrl: Option[String]
  ): InetSocketAddress = synchronized {

    if (!isRunning.get()) {
      val b: ServerBootstrap = new ServerBootstrap
      b
        .option[java.lang.Integer](ChannelOption.SO_BACKLOG, CHANNEL_OPTION)
        .group(bossGroup, workerGroup)
        .channel(classOf[NioServerSocketChannel])
        .handler(new LoggingHandler(logLevel))
        .childHandler(new ChannelInitializer[SocketChannel] {
          override def initChannel(ch: SocketChannel): Unit = {
            val p = ch.pipeline()
            p.addLast(new HttpServerCodec)
            p.addLast(new HttpObjectAggregator(HOA))
            p.addLast(new OrionHttpHandler(ctx))
          }
        })
      val f = b.bind(portNotInUse)
      f.syncUninterruptibly()
      val ch: Channel = f.channel()
      isRunning.set(true)
      currentAddr = ch.localAddress().asInstanceOf[InetSocketAddress]
      register(currentAddr, callbackUrl)
      ch.closeFuture().sync()
      currentAddr
    } else {
      currentAddr
    }
  }
}","import org.slf4j.{Logger, LoggerFactory}

/**
 * Orion HTTP Server
 * @param port Port where the server will listen
 * @param handler Handler that will process the incoming requests
 */
class OrionHttpServer(port: Int, handler: OrionHttpHandler) {
  private val LOG: Logger = LoggerFactory.getLogger(this.getClass)
  private val bossGroup = new NioEventLoopGroup(1)
  private val workerGroup = new NioEventLoopGroup()
  private var channel: Channel = _
  private val running = new AtomicBoolean(false)

  /**
   * Starts the HTTP server
   */
  def start(): Unit = {
    if (running.compareAndSet(false, true)) {
      try {
        val bootstrap = new ServerBootstrap()
        bootstrap.group(bossGroup, workerGroup)
          .channel(classOf[NioServerSocketChannel])
          .childHandler(new ChannelInitializer[SocketChannel] {
            override def initChannel(ch: SocketChannel): Unit = {
              val pipeline = ch.pipeline()
              pipeline.addLast(new HttpServerCodec())
              pipeline.addLast(new HttpObjectAggregator(65536))
              pipeline.addLast(handler)
            }
          })
          .option(ChannelOption.SO"
deepseek,deepseek-ai/DeepSeek-V3.2:novita,scala,GPL-3.0,src::main::scala::org::fiware::cosmos::orion::flink::connector::OrionHttpServer.scala,91,0.8,0,0.13245033112582782,"import io.netty.handler.logging.{LogLevel, LoggingHandler}
import org.apache.flink.streaming.api.functions.source.SourceFunction.SourceContext
import org.slf4j.LoggerFactory

/**
 * Netty HTTP server
 *
 * @param ctx       Flink source context for collect received message
 * @param threadNum cpu number used by netty epoll
 * @param logLevel  netty log level
 */
class OrionHttpServer(
  ctx: SourceContext[NgsiEvent],
  threadNum: Int = Runtime.getRuntime.availableProcessors(),
  logLevel: LogLevel = LogLevel.INFO
) extends ServerTrait {
  private lazy val logger = LoggerFactory.getLogger(getClass)
  private lazy val bossGroup = new NioEventLoopGroup(threadNum)
  private lazy val workerGroup = new NioEventLoopGroup
  private lazy val isRunning = new AtomicBoolean(false)
  private final val CHANNEL_OPTION = 1024
  private final val HOA = 1048576
  private var currentAddr: InetSocketAddress = _

  override def close(): Unit = {
    bossGroup.shutdownGracefully()
    workerGroup.shutdownGracefully()
    logger.info(""successfully close netty server source"")
  }

  def startNettyServer(
    portNotInUse: Int,
    callbackUrl: Option[String]
  ): InetSocketAddress = synchronized {

    if (!isRunning.get()) {
      val b: ServerBootstrap = new ServerBootstrap
      b
        .option[java.lang.Integer](ChannelOption.SO_BACKLOG, CHANNEL_OPTION)
        .group(bossGroup, workerGroup)
        .channel(classOf[NioServerSocketChannel])
        .handler(new LoggingHandler(logLevel))
        .childHandler(new ChannelInitializer[SocketChannel] {
          override def initChannel(ch: SocketChannel): Unit = {
            val p = ch.pipeline()
            p.addLast(new HttpServerCodec)
            p.addLast(new HttpObjectAggregator(HOA))
            p.addLast(new OrionHttpHandler(ctx))
          }
        })
      val f = b.bind(portNotInUse)
      f.syncUninterruptibly()
      val ch: Channel = f.channel()
      isRunning.set(true)
      currentAddr = ch.localAddress().asInstanceOf[InetSocketAddress]
      register(currentAddr, callbackUrl)
      ch.closeFuture().sync()
      currentAddr
    } else {
      currentAddr
    }
  }
}","import org.slf4j.LoggerFactory

/**
  * Orion HTTP Server
  *
  */
class OrionHttpServer(val port: Int, val endpoint: String, val handler: OrionHttpHandler) {

  private val LOG = LoggerFactory.getLogger(classOf[OrionHttpServer])
  private val bossGroup = new NioEventLoopGroup()
  private val workerGroup = new NioEventLoopGroup()
  private var channel: Channel = _
  private val running = new AtomicBoolean(false)

  def start(): Unit = {
    if (running.compareAndSet(false, true)) {
      try {
        val b = new ServerBootstrap()
        b.group(bossGroup, workerGroup)
          .channel(classOf[NioServerSocketChannel])
          .childHandler(new ChannelInitializer[SocketChannel]() {
            override def initChannel(ch: SocketChannel): Unit = {
              val p = ch.pipeline()
              p.addLast(new HttpServerCodec())
              p.addLast(new HttpObjectAggregator(65536))
              p.addLast(new OrionHttpHandlerAdapter(endpoint, handler))
            }
          })
          .option[Integer](ChannelOption.SO_BACKLOG, 128.asInstanceOf[Integer])
          .childOption"
deepseek,deepseek-ai/DeepSeek-V3.2:novita,scala,GPL-3.0,web::src::main::scala::com::linkedin::rookboom::web::JsonView.scala,89,0.2,0,0.11764705882352941," * A JSON view for scala JSON serialization that also supports padded JSON.
 * @author Dmitriy Yefremov
 */
class JsonView extends MappingJackson2JsonView {

  import JsonView._

  @BeanProperty
  var withPadding = false

  setObjectMapper(JsonUtils.mapper)

  if (withPadding) {
    setContentType(ContentTypeJavascript)
  } else {
    setContentType(ContentTypeJson)
  }

  override def renderMergedOutputModel(model: util.Map[String, AnyRef],
                                       request: HttpServletRequest,
                                       response: HttpServletResponse) {
    if (withPadding) {
      val callback = getCallbackName(request)
      val value = new JSONPObject(callback, filterModel(model))
      JsonUtils.serialize(value, response.getOutputStream)
    } else {
      super.renderMergedOutputModel(model, request, response)
    }
  }

  private def getCallbackName(request: HttpServletRequest) = {
    request.getParameter(CallbackParam) match {
      case null => DefaultCallback
      case x => x
    }
  }

}

object JsonView {

  /**
   * Content type for simple JSON
   */
  val ContentTypeJson = ""application/json""

  /**
   * Content type for padded JSON
   */
  val ContentTypeJavascript = ""application/javascript""

  /**
   * The name of the HTTP parameter that sets callback name
   */
  val CallbackParam = ""callback""

  /**
   * Default callback function name.
   */
  val DefaultCallback = ""callback""

}","* A JSON view that supports JSONP.
 */
class JsonView extends MappingJackson2JsonView {

  @BeanProperty
  var jsonpCallbackParam: String = ""callback""

  override def renderMergedOutputModel(model: util.Map[String, _], request: HttpServletRequest, response: HttpServletResponse): Unit = {
    val callback = request.getParameter(jsonpCallbackParam)
    if (callback != null && callback.nonEmpty) {
      val jsonp = new JSONPObject(callback, JsonUtils.toJson(model.get(getModelKey())))
      response.getWriter.write(jsonp.toString)
    } else {
      super.renderMergedOutputModel(model, request, response)
    }
  }

  private def getModelKey(): String = {
    val modelKeys = getModelKeys()
    if (modelKeys != null && !modelKeys.isEmpty) {
      modelKeys.iterator().next()
    } else {
      null
    }
  }
}"
deepseek,deepseek-ai/DeepSeek-V3.2:novita,scala,GPL-3.0,web::src::main::scala::com::linkedin::rookboom::web::JsonView.scala,89,0.4,0,0.0898876404494382," * A JSON view for scala JSON serialization that also supports padded JSON.
 * @author Dmitriy Yefremov
 */
class JsonView extends MappingJackson2JsonView {

  import JsonView._

  @BeanProperty
  var withPadding = false

  setObjectMapper(JsonUtils.mapper)

  if (withPadding) {
    setContentType(ContentTypeJavascript)
  } else {
    setContentType(ContentTypeJson)
  }

  override def renderMergedOutputModel(model: util.Map[String, AnyRef],
                                       request: HttpServletRequest,
                                       response: HttpServletResponse) {
    if (withPadding) {
      val callback = getCallbackName(request)
      val value = new JSONPObject(callback, filterModel(model))
      JsonUtils.serialize(value, response.getOutputStream)
    } else {
      super.renderMergedOutputModel(model, request, response)
    }
  }

  private def getCallbackName(request: HttpServletRequest) = {
    request.getParameter(CallbackParam) match {
      case null => DefaultCallback
      case x => x
    }
  }

}

object JsonView {

  /**
   * Content type for simple JSON
   */
  val ContentTypeJson = ""application/json""

  /**
   * Content type for padded JSON
   */
  val ContentTypeJavascript = ""application/javascript""

  /**
   * The name of the HTTP parameter that sets callback name
   */
  val CallbackParam = ""callback""

  /**
   * Default callback function name.
   */
  val DefaultCallback = ""callback""

}","* A JSON view that supports JSONP.
 */
class JsonView extends MappingJackson2JsonView {

  @BeanProperty
  var jsonpCallbackParam: String = ""callback""

  override def renderMergedOutputModel(model: util.Map[String, _],
                                       request: HttpServletRequest,
                                       response: HttpServletResponse): Unit = {
    val callback = request.getParameter(jsonpCallbackParam)
    if (callback != null && callback.nonEmpty) {
      val jsonp = new JSONPObject(callback, JsonUtils.toJson(model))
      response.getWriter.write(jsonp.toString)
    } else {
      super.renderMergedOutputModel(model, request, response)
    }
  }
}"
deepseek,deepseek-ai/DeepSeek-V3.2:novita,scala,GPL-3.0,web::src::main::scala::com::linkedin::rookboom::web::JsonView.scala,89,0.8,0,0.019230769230769232," * A JSON view for scala JSON serialization that also supports padded JSON.
 * @author Dmitriy Yefremov
 */
class JsonView extends MappingJackson2JsonView {

  import JsonView._

  @BeanProperty
  var withPadding = false

  setObjectMapper(JsonUtils.mapper)

  if (withPadding) {
    setContentType(ContentTypeJavascript)
  } else {
    setContentType(ContentTypeJson)
  }

  override def renderMergedOutputModel(model: util.Map[String, AnyRef],
                                       request: HttpServletRequest,
                                       response: HttpServletResponse) {
    if (withPadding) {
      val callback = getCallbackName(request)
      val value = new JSONPObject(callback, filterModel(model))
      JsonUtils.serialize(value, response.getOutputStream)
    } else {
      super.renderMergedOutputModel(model, request, response)
    }
  }

  private def getCallbackName(request: HttpServletRequest) = {
    request.getParameter(CallbackParam) match {
      case null => DefaultCallback
      case x => x
    }
  }

}

object JsonView {

  /**
   * Content type for simple JSON
   */
  val ContentTypeJson = ""application/json""

  /**
   * Content type for padded JSON
   */
  val ContentTypeJavascript = ""application/javascript""

  /**
   * The name of the HTTP parameter that sets callback name
   */
  val CallbackParam = ""callback""

  /**
   * Default callback function name.
   */
  val DefaultCallback = ""callback""

}","* A JSON view that handles JSONP requests.
 *
 * @author Oleg Zhurakousky
 * @author Dmitriy Yefremov
 */
class JsonView extends MappingJackson2JsonView {

  /**
   * JSONP query parameter name.
   */
  @BeanProperty
  var jsonpParameterName: String = ""callback""

  override def renderMergedOutputModel(model: util.Map[_, _], request: HttpServletRequest, response: HttpServletResponse): Unit = {
    // Check for JSONP callback parameter
    val callbackParam = request.getParameter(jsonpParameterName)
    val value = filterModel(model)

    if (callbackParam != null && callbackParam.nonEmpty) {
      // JSONP response
      response.setContentType(""application/javascript"")
      val jsonpObject = new JSONPObject(callbackParam, value)
      val writer = response.getWriter
      writer.write(JsonUtils.serialize(jsonpObject))
    } else {
      // Regular JSON response
      super.renderMergedOutputModel(model.asInstanceOf[util.Map[String, _]], request, response)
    }
  }

}"
deepseek,deepseek-ai/DeepSeek-V3.2:novita,scala,GPL-3.0,core::src::main::scala::kafka::zk::AdminZkClient.scala,450,0.2,0,0.06860706860706861,"
    if (partitionReplicaAssignment.values.map(_.size).toSet.size != 1)
      throw new InvalidReplicaAssignmentException(""All partitions should have the same number of replicas"")

    partitionReplicaAssignment.values.foreach(reps =>
      if (reps.size != reps.toSet.size)
        throw new InvalidReplicaAssignmentException(""Duplicate replica assignment found: "" + partitionReplicaAssignment)
    )

    // Configs only matter if a topic is being created. Changing configs via AlterTopic is not supported
    if (!update)
      LogConfig.validate(config)
  }

  private def writeTopicPartitionAssignment(topic: String, replicaAssignment: Map[Int, Seq[Int]], update: Boolean) {
    try {
      val assignment = replicaAssignment.map { case (partitionId, replicas) => (new TopicPartition(topic,partitionId), replicas) }.toMap

      if (!update) {
        info(""Topic creation "" + assignment)
        zkClient.createTopicAssignment(topic, assignment)
      } else {
        info(""Topic update "" + assignment)
        zkClient.setTopicAssignment(topic, assignment)
      }
      debug(""Updated path %s with %s for replica assignment"".format(TopicZNode.path(topic), assignment))
    } catch {
      case _: NodeExistsException => throw new TopicExistsException(s""Topic '$topic' already exists."")
      case e2: Throwable => throw new AdminOperationException(e2.toString)
    }
  }


  /**
   * Creates a delete path for a given topic
   * @param topic
   */
  def deleteTopic(topic: String) {
    if (zkClient.topicExists(topic)) {
      try {
        zkClient.createDeleteTopicPath(topic)
      } catch {
        case _: NodeExistsException => throw new TopicAlreadyMarkedForDeletionException(
          ""topic %s is already marked for deletion"".format(topic))
        case e: Throwable => throw new AdminOperationException(e.getMessage)
       }
    } else {
      throw new UnknownTopicOrPartitionException(s""Topic `$topic` to delete does not exist"")
    }
  }

  /**
  * Add partitions to existing topic with optional replica assignment
  *
  * @param topic Topic for adding partitions to
  * @param existingAssignment A map from partition id to its assigned replicas
  * @param allBrokers All brokers in the cluster
  * @param numPartitions Number of partitions to be set
  * @param replicaAssignment Manual replica assignment, or none
  * @param validateOnly If true, validate the parameters without actually adding the partitions
  * @return the updated replica assignment
  */
  def addPartitions(topic: String,
                    existingAssignment: Map[Int, Seq[Int]],
                    allBrokers: Seq[BrokerMetadata],
                    numPartitions: Int = 1,
                    replicaAssignment: Option[Map[Int, Seq[Int]]] = None,
                    validateOnly: Boolean = false): Map[Int, Seq[Int]] = {
    val existingAssignmentPartition0 = existingAssignment.getOrElse(0,
      throw new AdminOperationException(
        s""Unexpected existing replica assignment for topic '$topic', partition id 0 is missing. "" +
          s""Assignment: $existingAssignment""))

    val partitionsToAdd = numPartitions - existingAssignment.size
    if (partitionsToAdd <= 0)
      throw new InvalidPartitionsException(
        s""The number of partitions for a topic can only be increased. "" +
          s""Topic $topic currently has ${existingAssignment.size} partitions, "" +
          s""$numPartitions would not be an increase."")

    replicaAssignment.foreach { proposedReplicaAssignment =>
      validateReplicaAssignment(proposedReplicaAssignment, existingAssignmentPartition0.size,
        allBrokers.map(_.id).toSet)
    }

    val proposedAssignmentForNewPartitions = replicaAssignment.getOrElse {
      val startIndex = math.max(0, allBrokers.indexWhere(_.id >= existingAssignmentPartition0.head))
      AdminUtils.assignReplicasToBrokers(allBrokers, partitionsToAdd, existingAssignmentPartition0.size,
        startIndex, existingAssignment.size)
    }
    val proposedAssignment = existingAssignment ++ proposedAssignmentForNewPartitions
    if (!validateOnly) {
      info(s""Creating $partitionsToAdd partitions for '$topic' with the following replica assignment: "" +
        s""$proposedAssignmentForNewPartitions."")
      // add the combined new list
      createOrUpdateTopicPartitionAssignmentPathInZK(topic, proposedAssignment, update = true)
    }
    proposedAssignment

  }

  private def validateReplicaAssignment(replicaAssignment: Map[Int, Seq[Int]],
                                        expectedReplicationFactor: Int,
                                        availableBrokerIds: Set[Int]): Unit = {

    replicaAssignment.foreach { case (partitionId, replicas) =>
      if (replicas.isEmpty)
        throw new InvalidReplicaAssignmentException(
          s""Cannot have replication factor of 0 for partition id $partitionId."")
      if (replicas.size != replicas.toSet.size)
        throw new InvalidReplicaAssignmentException(
          s""Duplicate brokers not allowed in replica assignment: "" +
            s""${replicas.mkString("", "")} for partition id $partitionId."")
      if (!replicas.toSet.subsetOf(availableBrokerIds))
        throw new BrokerNotAvailableException(
          s""Some brokers specified for partition id $partitionId are not available. "" +
            s""Specified brokers: ${replicas.mkString("", "")}, "" +
            s""available brokers: ${availableBrokerIds.mkString("", "")}."")
      partitionId -> replicas.size
    }
    val badRepFactors = replicaAssignment.collect {
      case (partition, replicas) if replicas.size != expectedReplicationFactor => partition -> replicas.size
    }
    if (badRepFactors.nonEmpty) {
      val sortedBadRepFactors = badRepFactors.toSeq.sortBy { case (partitionId, _) => partitionId }
      val partitions = sortedBadRepFactors.map { case (partitionId, _) => partitionId }
      val repFactors = sortedBadRepFactors.map { case (_, rf) => rf }
      throw new InvalidReplicaAssignmentException(s""Inconsistent replication factor between partitions, "" +
        s""partition 0 has ${expectedReplicationFactor} while partitions [${partitions.mkString("", "")}] have "" +
        s""replication factors [${repFactors.mkString("", "")}], respectively."")
    }
  }

  def parseBroker(broker: String): Option[Int] = {
    broker match {
      case ConfigEntityName.Default => None
      case _ =>
        try Some(broker.toInt)
        catch {
          case _: NumberFormatException =>
            throw new IllegalArgumentException(s""Error parsing broker $broker. The broker's Entity Name must be a single integer value"")
        }
    }
  }

  /**
   * Change the configs for a given entityType and entityName
   * @param entityType
   * @param entityName
   * @param configs
   */
  def changeConfigs(entityType: String, entityName: String, configs: Properties): Unit = {

    entityType match {
      case ConfigType.Topic => changeTopicConfig(entityName, configs)
      case ConfigType.Client => changeClientIdConfig(entityName, configs)
      case ConfigType.User => changeUserOrUserClientIdConfig(entityName, configs)
      case ConfigType.Broker => changeBrokerConfig(parseBroker(entityName), configs)
      case _ => throw new IllegalArgumentException(s""$entityType is not a known entityType. Should be one of ${ConfigType.Topic}, ${ConfigType.Client}, ${ConfigType.Broker}"")
    }
  }

  /**
   * Update the config for a client and create a change notification so the change will propagate to other brokers.
   * If clientId is <default>, default clientId config is updated. ClientId configs are used only if <user, clientId>
   * and <user> configs are not specified.
   *
   * @param sanitizedClientId: The sanitized clientId for which configs are being changed
   * @param configs: The final set of configs that will be applied to the topic. If any new configs need to be added or
   *                 existing configs need to be deleted, it should be done prior to invoking this API
   *
   */
  def changeClientIdConfig(sanitizedClientId: String, configs: Properties) {
    DynamicConfig.Client.validate(configs)
    changeEntityConfig(ConfigType.Client, sanitizedClientId, configs)
  }

  /**
   * Update the config for a <user> or <user, clientId> and create a change notification so the change will propagate to other brokers.
   * User and/or clientId components of the path may be <default>, indicating that the configuration is the default
   * value to be applied if a more specific override is not configured.
   *
   * @param sanitizedEntityName: <sanitizedUserPrincipal> or <sanitizedUserPrincipal>/clients/<clientId>
   * @param configs: The final set of configs that will be applied to the topic. If any new configs need to be added or
   *                 existing configs need to be deleted, it should be done prior to invoking this API
   *
   */
  def changeUserOrUserClientIdConfig(sanitizedEntityName: String, configs: Properties) {
    if (sanitizedEntityName == ConfigEntityName.Default || sanitizedEntityName.contains(""/clients""))
      DynamicConfig.Client.validate(configs)
    else
      DynamicConfig.User.validate(configs)
    changeEntityConfig(ConfigType.User, sanitizedEntityName, configs)
  }

  /**
   * validates the topic configs
   * @param topic
   * @param configs
   */
  def validateTopicConfig(topic: String, configs: Properties): Unit = {
    Topic.validate(topic)
    if (!zkClient.topicExists(topic))
      throw new AdminOperationException(""Topic \""%s\"" does not exist."".format(topic))
    // remove the topic overrides
    LogConfig.validate(configs)
  }

  /**
   * Update the config for an existing topic and create a change notification so the change will propagate to other brokers
   *
   * @param topic: The topic for which configs are being changed
   * @param configs: The final set of configs that will be applied to the topic. If any new configs need to be added or
   *                 existing configs need to be deleted, it should be done prior to invoking this API
   *
   */
   def changeTopicConfig(topic: String, configs: Properties): Unit = {
    validateTopicConfig(topic, configs)
    changeEntityConfig(ConfigType.Topic, topic, configs)
  }

  /**
    * Override the broker config on some set of brokers. These overrides will be persisted between sessions, and will
    * override any defaults entered in the broker's config files
    *
    * @param brokers: The list of brokers to apply config changes to
    * @param configs: The config to change, as properties
    */
  def changeBrokerConfig(brokers: Seq[Int], configs: Properties): Unit = {
    validateBrokerConfig(configs)
    brokers.foreach {
      broker => changeEntityConfig(ConfigType.Broker, broker.toString, configs)
    }
  }

  /**
    * Override a broker override or broker default config. These overrides will be persisted between sessions, and will
    * override any defaults entered in the broker's config files
    *
    * @param broker: The broker to apply config changes to or None to update dynamic default configs
    * @param configs: The config to change, as properties
    */
  def changeBrokerConfig(broker: Option[Int], configs: Properties): Unit = {
    validateBrokerConfig(configs)
    changeEntityConfig(ConfigType.Broker, broker.map(_.toString).getOrElse(ConfigEntityName.Default), configs)
  }

  /**
    * Validate dynamic broker configs. Since broker configs may contain custom configs, the validation
    * only verifies that the provided config does not contain any static configs.
    * @param configs configs to validate
    */
  def validateBrokerConfig(configs: Properties): Unit = {
    DynamicConfig.Broker.validate(configs)
  }

  private def changeEntityConfig(rootEntityType: String, fullSanitizedEntityName: String, configs: Properties) {
    val sanitizedEntityPath = rootEntityType + '/' + fullSanitizedEntityName
    zkClient.setOrCreateEntityConfigs(rootEntityType, fullSanitizedEntityName, configs)

    // create the change notification
    zkClient.createConfigChangeNotification(sanitizedEntityPath)
  }

  /**
   * Read the entity (topic, broker, client, user or <user, client>) config (if any) from zk
   * sanitizedEntityName is <topic>, <broker>, <client-id>, <user> or <user>/clients/<client-id>.
   * @param rootEntityType
   * @param sanitizedEntityName
   * @return
   */
  def fetchEntityConfig(rootEntityType: String, sanitizedEntityName: String): Properties = {
    zkClient.getEntityConfigs(rootEntityType, sanitizedEntityName)
  }

  /**
   * Gets all topic configs
   * @return
   */
  def getAllTopicConfigs(): Map[String, Properties] =
    zkClient.getAllTopicsInCluster.map(topic => (topic, fetchEntityConfig(ConfigType.Topic, topic))).toMap

  /**
   * Gets all the entity configs for a given entityType
   * @param entityType
   * @return
   */
  def fetchAllEntityConfigs(entityType: String): Map[String, Properties] =
    zkClient.getAllEntitiesWithConfig(entityType).map(entity => (entity, fetchEntityConfig(entityType, entity))).toMap

  /**
   * Gets all the entity configs for a given childEntityType
   * @param rootEntityType
   * @param childEntityType
   * @return
   */
  def fetchAllChildEntityConfigs(rootEntityType: String, childEntityType: String): Map[String, Properties] = {
    def entityPaths(rootPath: Option[String]): Seq[String] = {
      val root = rootPath match {
        case Some(path) => rootEntityType + '/' + path
        case None => rootEntityType
      }
      val entityNames = zkClient.getAllEntitiesWithConfig(root)
      rootPath match {
        case Some(path) => entityNames.map(entityName => path + '/' + entityName)
        case None => entityNames
      }
    }
    entityPaths(None)
      .flatMap(entity => entityPaths(Some(entity + '/' + childEntityType)))
      .map(entityPath => (entityPath, fetchEntityConfig(rootEntityType, entityPath))).toMap
  }

}
","if (partitionReplicaAssignment.isEmpty) {
      throw new InvalidPartitionsException(""Topic creation or update failed: assignment must have at least one partition"")
    }
    partitionReplicaAssignment.forall { case (partition, replicas) =>
      if (replicas.isEmpty) {
        throw new InvalidReplicaAssignmentException(
          s""Topic creation or update failed: partition $partition has no replicas"")
      }
      if (replicas.size != replicas.distinct.size) {
        throw new InvalidReplicaAssignmentException(
          s""Topic creation or update failed: partition $partition contains duplicate replicas"")
      }
    }
    if (update) {
      val existingAssignment = zkClient.getReplicaAssignmentForTopics(Set(topic))
      if (existingAssignment.isEmpty) {
        throw new UnknownTopicOrPartitionException(s""Topic '$topic' does not exist."")
      }
      if (existingAssignment.keySet != partitionReplicaAssignment.keySet) {
        throw new InvalidPartitionsException(
          s""Topic '$topic' currently has ${existingAssignment.size} partitions; ${partitionReplicaAssignment.size} partitions specified"")
      }
    }
    val replicationFactor = partitionReplicaAssignment.head._2.size"
deepseek,deepseek-ai/DeepSeek-V3.2:novita,scala,GPL-3.0,core::src::main::scala::kafka::zk::AdminZkClient.scala,450,0.4,0,0.06458333333333334,"
    if (partitionReplicaAssignment.values.map(_.size).toSet.size != 1)
      throw new InvalidReplicaAssignmentException(""All partitions should have the same number of replicas"")

    partitionReplicaAssignment.values.foreach(reps =>
      if (reps.size != reps.toSet.size)
        throw new InvalidReplicaAssignmentException(""Duplicate replica assignment found: "" + partitionReplicaAssignment)
    )

    // Configs only matter if a topic is being created. Changing configs via AlterTopic is not supported
    if (!update)
      LogConfig.validate(config)
  }

  private def writeTopicPartitionAssignment(topic: String, replicaAssignment: Map[Int, Seq[Int]], update: Boolean) {
    try {
      val assignment = replicaAssignment.map { case (partitionId, replicas) => (new TopicPartition(topic,partitionId), replicas) }.toMap

      if (!update) {
        info(""Topic creation "" + assignment)
        zkClient.createTopicAssignment(topic, assignment)
      } else {
        info(""Topic update "" + assignment)
        zkClient.setTopicAssignment(topic, assignment)
      }
      debug(""Updated path %s with %s for replica assignment"".format(TopicZNode.path(topic), assignment))
    } catch {
      case _: NodeExistsException => throw new TopicExistsException(s""Topic '$topic' already exists."")
      case e2: Throwable => throw new AdminOperationException(e2.toString)
    }
  }


  /**
   * Creates a delete path for a given topic
   * @param topic
   */
  def deleteTopic(topic: String) {
    if (zkClient.topicExists(topic)) {
      try {
        zkClient.createDeleteTopicPath(topic)
      } catch {
        case _: NodeExistsException => throw new TopicAlreadyMarkedForDeletionException(
          ""topic %s is already marked for deletion"".format(topic))
        case e: Throwable => throw new AdminOperationException(e.getMessage)
       }
    } else {
      throw new UnknownTopicOrPartitionException(s""Topic `$topic` to delete does not exist"")
    }
  }

  /**
  * Add partitions to existing topic with optional replica assignment
  *
  * @param topic Topic for adding partitions to
  * @param existingAssignment A map from partition id to its assigned replicas
  * @param allBrokers All brokers in the cluster
  * @param numPartitions Number of partitions to be set
  * @param replicaAssignment Manual replica assignment, or none
  * @param validateOnly If true, validate the parameters without actually adding the partitions
  * @return the updated replica assignment
  */
  def addPartitions(topic: String,
                    existingAssignment: Map[Int, Seq[Int]],
                    allBrokers: Seq[BrokerMetadata],
                    numPartitions: Int = 1,
                    replicaAssignment: Option[Map[Int, Seq[Int]]] = None,
                    validateOnly: Boolean = false): Map[Int, Seq[Int]] = {
    val existingAssignmentPartition0 = existingAssignment.getOrElse(0,
      throw new AdminOperationException(
        s""Unexpected existing replica assignment for topic '$topic', partition id 0 is missing. "" +
          s""Assignment: $existingAssignment""))

    val partitionsToAdd = numPartitions - existingAssignment.size
    if (partitionsToAdd <= 0)
      throw new InvalidPartitionsException(
        s""The number of partitions for a topic can only be increased. "" +
          s""Topic $topic currently has ${existingAssignment.size} partitions, "" +
          s""$numPartitions would not be an increase."")

    replicaAssignment.foreach { proposedReplicaAssignment =>
      validateReplicaAssignment(proposedReplicaAssignment, existingAssignmentPartition0.size,
        allBrokers.map(_.id).toSet)
    }

    val proposedAssignmentForNewPartitions = replicaAssignment.getOrElse {
      val startIndex = math.max(0, allBrokers.indexWhere(_.id >= existingAssignmentPartition0.head))
      AdminUtils.assignReplicasToBrokers(allBrokers, partitionsToAdd, existingAssignmentPartition0.size,
        startIndex, existingAssignment.size)
    }
    val proposedAssignment = existingAssignment ++ proposedAssignmentForNewPartitions
    if (!validateOnly) {
      info(s""Creating $partitionsToAdd partitions for '$topic' with the following replica assignment: "" +
        s""$proposedAssignmentForNewPartitions."")
      // add the combined new list
      createOrUpdateTopicPartitionAssignmentPathInZK(topic, proposedAssignment, update = true)
    }
    proposedAssignment

  }

  private def validateReplicaAssignment(replicaAssignment: Map[Int, Seq[Int]],
                                        expectedReplicationFactor: Int,
                                        availableBrokerIds: Set[Int]): Unit = {

    replicaAssignment.foreach { case (partitionId, replicas) =>
      if (replicas.isEmpty)
        throw new InvalidReplicaAssignmentException(
          s""Cannot have replication factor of 0 for partition id $partitionId."")
      if (replicas.size != replicas.toSet.size)
        throw new InvalidReplicaAssignmentException(
          s""Duplicate brokers not allowed in replica assignment: "" +
            s""${replicas.mkString("", "")} for partition id $partitionId."")
      if (!replicas.toSet.subsetOf(availableBrokerIds))
        throw new BrokerNotAvailableException(
          s""Some brokers specified for partition id $partitionId are not available. "" +
            s""Specified brokers: ${replicas.mkString("", "")}, "" +
            s""available brokers: ${availableBrokerIds.mkString("", "")}."")
      partitionId -> replicas.size
    }
    val badRepFactors = replicaAssignment.collect {
      case (partition, replicas) if replicas.size != expectedReplicationFactor => partition -> replicas.size
    }
    if (badRepFactors.nonEmpty) {
      val sortedBadRepFactors = badRepFactors.toSeq.sortBy { case (partitionId, _) => partitionId }
      val partitions = sortedBadRepFactors.map { case (partitionId, _) => partitionId }
      val repFactors = sortedBadRepFactors.map { case (_, rf) => rf }
      throw new InvalidReplicaAssignmentException(s""Inconsistent replication factor between partitions, "" +
        s""partition 0 has ${expectedReplicationFactor} while partitions [${partitions.mkString("", "")}] have "" +
        s""replication factors [${repFactors.mkString("", "")}], respectively."")
    }
  }

  def parseBroker(broker: String): Option[Int] = {
    broker match {
      case ConfigEntityName.Default => None
      case _ =>
        try Some(broker.toInt)
        catch {
          case _: NumberFormatException =>
            throw new IllegalArgumentException(s""Error parsing broker $broker. The broker's Entity Name must be a single integer value"")
        }
    }
  }

  /**
   * Change the configs for a given entityType and entityName
   * @param entityType
   * @param entityName
   * @param configs
   */
  def changeConfigs(entityType: String, entityName: String, configs: Properties): Unit = {

    entityType match {
      case ConfigType.Topic => changeTopicConfig(entityName, configs)
      case ConfigType.Client => changeClientIdConfig(entityName, configs)
      case ConfigType.User => changeUserOrUserClientIdConfig(entityName, configs)
      case ConfigType.Broker => changeBrokerConfig(parseBroker(entityName), configs)
      case _ => throw new IllegalArgumentException(s""$entityType is not a known entityType. Should be one of ${ConfigType.Topic}, ${ConfigType.Client}, ${ConfigType.Broker}"")
    }
  }

  /**
   * Update the config for a client and create a change notification so the change will propagate to other brokers.
   * If clientId is <default>, default clientId config is updated. ClientId configs are used only if <user, clientId>
   * and <user> configs are not specified.
   *
   * @param sanitizedClientId: The sanitized clientId for which configs are being changed
   * @param configs: The final set of configs that will be applied to the topic. If any new configs need to be added or
   *                 existing configs need to be deleted, it should be done prior to invoking this API
   *
   */
  def changeClientIdConfig(sanitizedClientId: String, configs: Properties) {
    DynamicConfig.Client.validate(configs)
    changeEntityConfig(ConfigType.Client, sanitizedClientId, configs)
  }

  /**
   * Update the config for a <user> or <user, clientId> and create a change notification so the change will propagate to other brokers.
   * User and/or clientId components of the path may be <default>, indicating that the configuration is the default
   * value to be applied if a more specific override is not configured.
   *
   * @param sanitizedEntityName: <sanitizedUserPrincipal> or <sanitizedUserPrincipal>/clients/<clientId>
   * @param configs: The final set of configs that will be applied to the topic. If any new configs need to be added or
   *                 existing configs need to be deleted, it should be done prior to invoking this API
   *
   */
  def changeUserOrUserClientIdConfig(sanitizedEntityName: String, configs: Properties) {
    if (sanitizedEntityName == ConfigEntityName.Default || sanitizedEntityName.contains(""/clients""))
      DynamicConfig.Client.validate(configs)
    else
      DynamicConfig.User.validate(configs)
    changeEntityConfig(ConfigType.User, sanitizedEntityName, configs)
  }

  /**
   * validates the topic configs
   * @param topic
   * @param configs
   */
  def validateTopicConfig(topic: String, configs: Properties): Unit = {
    Topic.validate(topic)
    if (!zkClient.topicExists(topic))
      throw new AdminOperationException(""Topic \""%s\"" does not exist."".format(topic))
    // remove the topic overrides
    LogConfig.validate(configs)
  }

  /**
   * Update the config for an existing topic and create a change notification so the change will propagate to other brokers
   *
   * @param topic: The topic for which configs are being changed
   * @param configs: The final set of configs that will be applied to the topic. If any new configs need to be added or
   *                 existing configs need to be deleted, it should be done prior to invoking this API
   *
   */
   def changeTopicConfig(topic: String, configs: Properties): Unit = {
    validateTopicConfig(topic, configs)
    changeEntityConfig(ConfigType.Topic, topic, configs)
  }

  /**
    * Override the broker config on some set of brokers. These overrides will be persisted between sessions, and will
    * override any defaults entered in the broker's config files
    *
    * @param brokers: The list of brokers to apply config changes to
    * @param configs: The config to change, as properties
    */
  def changeBrokerConfig(brokers: Seq[Int], configs: Properties): Unit = {
    validateBrokerConfig(configs)
    brokers.foreach {
      broker => changeEntityConfig(ConfigType.Broker, broker.toString, configs)
    }
  }

  /**
    * Override a broker override or broker default config. These overrides will be persisted between sessions, and will
    * override any defaults entered in the broker's config files
    *
    * @param broker: The broker to apply config changes to or None to update dynamic default configs
    * @param configs: The config to change, as properties
    */
  def changeBrokerConfig(broker: Option[Int], configs: Properties): Unit = {
    validateBrokerConfig(configs)
    changeEntityConfig(ConfigType.Broker, broker.map(_.toString).getOrElse(ConfigEntityName.Default), configs)
  }

  /**
    * Validate dynamic broker configs. Since broker configs may contain custom configs, the validation
    * only verifies that the provided config does not contain any static configs.
    * @param configs configs to validate
    */
  def validateBrokerConfig(configs: Properties): Unit = {
    DynamicConfig.Broker.validate(configs)
  }

  private def changeEntityConfig(rootEntityType: String, fullSanitizedEntityName: String, configs: Properties) {
    val sanitizedEntityPath = rootEntityType + '/' + fullSanitizedEntityName
    zkClient.setOrCreateEntityConfigs(rootEntityType, fullSanitizedEntityName, configs)

    // create the change notification
    zkClient.createConfigChangeNotification(sanitizedEntityPath)
  }

  /**
   * Read the entity (topic, broker, client, user or <user, client>) config (if any) from zk
   * sanitizedEntityName is <topic>, <broker>, <client-id>, <user> or <user>/clients/<client-id>.
   * @param rootEntityType
   * @param sanitizedEntityName
   * @return
   */
  def fetchEntityConfig(rootEntityType: String, sanitizedEntityName: String): Properties = {
    zkClient.getEntityConfigs(rootEntityType, sanitizedEntityName)
  }

  /**
   * Gets all topic configs
   * @return
   */
  def getAllTopicConfigs(): Map[String, Properties] =
    zkClient.getAllTopicsInCluster.map(topic => (topic, fetchEntityConfig(ConfigType.Topic, topic))).toMap

  /**
   * Gets all the entity configs for a given entityType
   * @param entityType
   * @return
   */
  def fetchAllEntityConfigs(entityType: String): Map[String, Properties] =
    zkClient.getAllEntitiesWithConfig(entityType).map(entity => (entity, fetchEntityConfig(entityType, entity))).toMap

  /**
   * Gets all the entity configs for a given childEntityType
   * @param rootEntityType
   * @param childEntityType
   * @return
   */
  def fetchAllChildEntityConfigs(rootEntityType: String, childEntityType: String): Map[String, Properties] = {
    def entityPaths(rootPath: Option[String]): Seq[String] = {
      val root = rootPath match {
        case Some(path) => rootEntityType + '/' + path
        case None => rootEntityType
      }
      val entityNames = zkClient.getAllEntitiesWithConfig(root)
      rootPath match {
        case Some(path) => entityNames.map(entityName => path + '/' + entityName)
        case None => entityNames
      }
    }
    entityPaths(None)
      .flatMap(entity => entityPaths(Some(entity + '/' + childEntityType)))
      .map(entityPath => (entityPath, fetchEntityConfig(rootEntityType, entityPath))).toMap
  }

}
","if (partitionReplicaAssignment.isEmpty) {
      throw new InvalidPartitionsException(""Topic creation or update failed: replication factor must be larger than 0."")
    }
    partitionReplicaAssignment.foreach { case (partitionId, replicas) =>
      if (replicas.isEmpty)
        throw new InvalidReplicaAssignmentException(
          s""Invalid replication factor 0 for partition $partitionId in topic $topic (replication factor must be larger than 0)."")
      if (replicas.size != replicas.distinct.size)
        throw new InvalidReplicaAssignmentException(
          s""Duplicate replica assignment for partition $partitionId in topic $topic: $replicas"")
    }

    // validate topic configs
    LogConfig.validate(config)
  }

  /**
   * Write the partition assignment to zookeeper
   * @param topic
   * @param partitionReplicaAssignment
   * @param update
   */
  private def writeTopicPartitionAssignment(topic: String,
                                            partitionReplicaAssignment: Map[Int, Seq[Int]],
                                            update: Boolean): Unit = {
    try {
      zkClient.createTopicAssignment(topic, partitionReplicaAssignment, update)
    } catch {"
deepseek,deepseek-ai/DeepSeek-V3.2:novita,scala,GPL-3.0,core::src::main::scala::kafka::zk::AdminZkClient.scala,450,0.8,0,0.07942973523421588,"
    if (partitionReplicaAssignment.values.map(_.size).toSet.size != 1)
      throw new InvalidReplicaAssignmentException(""All partitions should have the same number of replicas"")

    partitionReplicaAssignment.values.foreach(reps =>
      if (reps.size != reps.toSet.size)
        throw new InvalidReplicaAssignmentException(""Duplicate replica assignment found: "" + partitionReplicaAssignment)
    )

    // Configs only matter if a topic is being created. Changing configs via AlterTopic is not supported
    if (!update)
      LogConfig.validate(config)
  }

  private def writeTopicPartitionAssignment(topic: String, replicaAssignment: Map[Int, Seq[Int]], update: Boolean) {
    try {
      val assignment = replicaAssignment.map { case (partitionId, replicas) => (new TopicPartition(topic,partitionId), replicas) }.toMap

      if (!update) {
        info(""Topic creation "" + assignment)
        zkClient.createTopicAssignment(topic, assignment)
      } else {
        info(""Topic update "" + assignment)
        zkClient.setTopicAssignment(topic, assignment)
      }
      debug(""Updated path %s with %s for replica assignment"".format(TopicZNode.path(topic), assignment))
    } catch {
      case _: NodeExistsException => throw new TopicExistsException(s""Topic '$topic' already exists."")
      case e2: Throwable => throw new AdminOperationException(e2.toString)
    }
  }


  /**
   * Creates a delete path for a given topic
   * @param topic
   */
  def deleteTopic(topic: String) {
    if (zkClient.topicExists(topic)) {
      try {
        zkClient.createDeleteTopicPath(topic)
      } catch {
        case _: NodeExistsException => throw new TopicAlreadyMarkedForDeletionException(
          ""topic %s is already marked for deletion"".format(topic))
        case e: Throwable => throw new AdminOperationException(e.getMessage)
       }
    } else {
      throw new UnknownTopicOrPartitionException(s""Topic `$topic` to delete does not exist"")
    }
  }

  /**
  * Add partitions to existing topic with optional replica assignment
  *
  * @param topic Topic for adding partitions to
  * @param existingAssignment A map from partition id to its assigned replicas
  * @param allBrokers All brokers in the cluster
  * @param numPartitions Number of partitions to be set
  * @param replicaAssignment Manual replica assignment, or none
  * @param validateOnly If true, validate the parameters without actually adding the partitions
  * @return the updated replica assignment
  */
  def addPartitions(topic: String,
                    existingAssignment: Map[Int, Seq[Int]],
                    allBrokers: Seq[BrokerMetadata],
                    numPartitions: Int = 1,
                    replicaAssignment: Option[Map[Int, Seq[Int]]] = None,
                    validateOnly: Boolean = false): Map[Int, Seq[Int]] = {
    val existingAssignmentPartition0 = existingAssignment.getOrElse(0,
      throw new AdminOperationException(
        s""Unexpected existing replica assignment for topic '$topic', partition id 0 is missing. "" +
          s""Assignment: $existingAssignment""))

    val partitionsToAdd = numPartitions - existingAssignment.size
    if (partitionsToAdd <= 0)
      throw new InvalidPartitionsException(
        s""The number of partitions for a topic can only be increased. "" +
          s""Topic $topic currently has ${existingAssignment.size} partitions, "" +
          s""$numPartitions would not be an increase."")

    replicaAssignment.foreach { proposedReplicaAssignment =>
      validateReplicaAssignment(proposedReplicaAssignment, existingAssignmentPartition0.size,
        allBrokers.map(_.id).toSet)
    }

    val proposedAssignmentForNewPartitions = replicaAssignment.getOrElse {
      val startIndex = math.max(0, allBrokers.indexWhere(_.id >= existingAssignmentPartition0.head))
      AdminUtils.assignReplicasToBrokers(allBrokers, partitionsToAdd, existingAssignmentPartition0.size,
        startIndex, existingAssignment.size)
    }
    val proposedAssignment = existingAssignment ++ proposedAssignmentForNewPartitions
    if (!validateOnly) {
      info(s""Creating $partitionsToAdd partitions for '$topic' with the following replica assignment: "" +
        s""$proposedAssignmentForNewPartitions."")
      // add the combined new list
      createOrUpdateTopicPartitionAssignmentPathInZK(topic, proposedAssignment, update = true)
    }
    proposedAssignment

  }

  private def validateReplicaAssignment(replicaAssignment: Map[Int, Seq[Int]],
                                        expectedReplicationFactor: Int,
                                        availableBrokerIds: Set[Int]): Unit = {

    replicaAssignment.foreach { case (partitionId, replicas) =>
      if (replicas.isEmpty)
        throw new InvalidReplicaAssignmentException(
          s""Cannot have replication factor of 0 for partition id $partitionId."")
      if (replicas.size != replicas.toSet.size)
        throw new InvalidReplicaAssignmentException(
          s""Duplicate brokers not allowed in replica assignment: "" +
            s""${replicas.mkString("", "")} for partition id $partitionId."")
      if (!replicas.toSet.subsetOf(availableBrokerIds))
        throw new BrokerNotAvailableException(
          s""Some brokers specified for partition id $partitionId are not available. "" +
            s""Specified brokers: ${replicas.mkString("", "")}, "" +
            s""available brokers: ${availableBrokerIds.mkString("", "")}."")
      partitionId -> replicas.size
    }
    val badRepFactors = replicaAssignment.collect {
      case (partition, replicas) if replicas.size != expectedReplicationFactor => partition -> replicas.size
    }
    if (badRepFactors.nonEmpty) {
      val sortedBadRepFactors = badRepFactors.toSeq.sortBy { case (partitionId, _) => partitionId }
      val partitions = sortedBadRepFactors.map { case (partitionId, _) => partitionId }
      val repFactors = sortedBadRepFactors.map { case (_, rf) => rf }
      throw new InvalidReplicaAssignmentException(s""Inconsistent replication factor between partitions, "" +
        s""partition 0 has ${expectedReplicationFactor} while partitions [${partitions.mkString("", "")}] have "" +
        s""replication factors [${repFactors.mkString("", "")}], respectively."")
    }
  }

  def parseBroker(broker: String): Option[Int] = {
    broker match {
      case ConfigEntityName.Default => None
      case _ =>
        try Some(broker.toInt)
        catch {
          case _: NumberFormatException =>
            throw new IllegalArgumentException(s""Error parsing broker $broker. The broker's Entity Name must be a single integer value"")
        }
    }
  }

  /**
   * Change the configs for a given entityType and entityName
   * @param entityType
   * @param entityName
   * @param configs
   */
  def changeConfigs(entityType: String, entityName: String, configs: Properties): Unit = {

    entityType match {
      case ConfigType.Topic => changeTopicConfig(entityName, configs)
      case ConfigType.Client => changeClientIdConfig(entityName, configs)
      case ConfigType.User => changeUserOrUserClientIdConfig(entityName, configs)
      case ConfigType.Broker => changeBrokerConfig(parseBroker(entityName), configs)
      case _ => throw new IllegalArgumentException(s""$entityType is not a known entityType. Should be one of ${ConfigType.Topic}, ${ConfigType.Client}, ${ConfigType.Broker}"")
    }
  }

  /**
   * Update the config for a client and create a change notification so the change will propagate to other brokers.
   * If clientId is <default>, default clientId config is updated. ClientId configs are used only if <user, clientId>
   * and <user> configs are not specified.
   *
   * @param sanitizedClientId: The sanitized clientId for which configs are being changed
   * @param configs: The final set of configs that will be applied to the topic. If any new configs need to be added or
   *                 existing configs need to be deleted, it should be done prior to invoking this API
   *
   */
  def changeClientIdConfig(sanitizedClientId: String, configs: Properties) {
    DynamicConfig.Client.validate(configs)
    changeEntityConfig(ConfigType.Client, sanitizedClientId, configs)
  }

  /**
   * Update the config for a <user> or <user, clientId> and create a change notification so the change will propagate to other brokers.
   * User and/or clientId components of the path may be <default>, indicating that the configuration is the default
   * value to be applied if a more specific override is not configured.
   *
   * @param sanitizedEntityName: <sanitizedUserPrincipal> or <sanitizedUserPrincipal>/clients/<clientId>
   * @param configs: The final set of configs that will be applied to the topic. If any new configs need to be added or
   *                 existing configs need to be deleted, it should be done prior to invoking this API
   *
   */
  def changeUserOrUserClientIdConfig(sanitizedEntityName: String, configs: Properties) {
    if (sanitizedEntityName == ConfigEntityName.Default || sanitizedEntityName.contains(""/clients""))
      DynamicConfig.Client.validate(configs)
    else
      DynamicConfig.User.validate(configs)
    changeEntityConfig(ConfigType.User, sanitizedEntityName, configs)
  }

  /**
   * validates the topic configs
   * @param topic
   * @param configs
   */
  def validateTopicConfig(topic: String, configs: Properties): Unit = {
    Topic.validate(topic)
    if (!zkClient.topicExists(topic))
      throw new AdminOperationException(""Topic \""%s\"" does not exist."".format(topic))
    // remove the topic overrides
    LogConfig.validate(configs)
  }

  /**
   * Update the config for an existing topic and create a change notification so the change will propagate to other brokers
   *
   * @param topic: The topic for which configs are being changed
   * @param configs: The final set of configs that will be applied to the topic. If any new configs need to be added or
   *                 existing configs need to be deleted, it should be done prior to invoking this API
   *
   */
   def changeTopicConfig(topic: String, configs: Properties): Unit = {
    validateTopicConfig(topic, configs)
    changeEntityConfig(ConfigType.Topic, topic, configs)
  }

  /**
    * Override the broker config on some set of brokers. These overrides will be persisted between sessions, and will
    * override any defaults entered in the broker's config files
    *
    * @param brokers: The list of brokers to apply config changes to
    * @param configs: The config to change, as properties
    */
  def changeBrokerConfig(brokers: Seq[Int], configs: Properties): Unit = {
    validateBrokerConfig(configs)
    brokers.foreach {
      broker => changeEntityConfig(ConfigType.Broker, broker.toString, configs)
    }
  }

  /**
    * Override a broker override or broker default config. These overrides will be persisted between sessions, and will
    * override any defaults entered in the broker's config files
    *
    * @param broker: The broker to apply config changes to or None to update dynamic default configs
    * @param configs: The config to change, as properties
    */
  def changeBrokerConfig(broker: Option[Int], configs: Properties): Unit = {
    validateBrokerConfig(configs)
    changeEntityConfig(ConfigType.Broker, broker.map(_.toString).getOrElse(ConfigEntityName.Default), configs)
  }

  /**
    * Validate dynamic broker configs. Since broker configs may contain custom configs, the validation
    * only verifies that the provided config does not contain any static configs.
    * @param configs configs to validate
    */
  def validateBrokerConfig(configs: Properties): Unit = {
    DynamicConfig.Broker.validate(configs)
  }

  private def changeEntityConfig(rootEntityType: String, fullSanitizedEntityName: String, configs: Properties) {
    val sanitizedEntityPath = rootEntityType + '/' + fullSanitizedEntityName
    zkClient.setOrCreateEntityConfigs(rootEntityType, fullSanitizedEntityName, configs)

    // create the change notification
    zkClient.createConfigChangeNotification(sanitizedEntityPath)
  }

  /**
   * Read the entity (topic, broker, client, user or <user, client>) config (if any) from zk
   * sanitizedEntityName is <topic>, <broker>, <client-id>, <user> or <user>/clients/<client-id>.
   * @param rootEntityType
   * @param sanitizedEntityName
   * @return
   */
  def fetchEntityConfig(rootEntityType: String, sanitizedEntityName: String): Properties = {
    zkClient.getEntityConfigs(rootEntityType, sanitizedEntityName)
  }

  /**
   * Gets all topic configs
   * @return
   */
  def getAllTopicConfigs(): Map[String, Properties] =
    zkClient.getAllTopicsInCluster.map(topic => (topic, fetchEntityConfig(ConfigType.Topic, topic))).toMap

  /**
   * Gets all the entity configs for a given entityType
   * @param entityType
   * @return
   */
  def fetchAllEntityConfigs(entityType: String): Map[String, Properties] =
    zkClient.getAllEntitiesWithConfig(entityType).map(entity => (entity, fetchEntityConfig(entityType, entity))).toMap

  /**
   * Gets all the entity configs for a given childEntityType
   * @param rootEntityType
   * @param childEntityType
   * @return
   */
  def fetchAllChildEntityConfigs(rootEntityType: String, childEntityType: String): Map[String, Properties] = {
    def entityPaths(rootPath: Option[String]): Seq[String] = {
      val root = rootPath match {
        case Some(path) => rootEntityType + '/' + path
        case None => rootEntityType
      }
      val entityNames = zkClient.getAllEntitiesWithConfig(root)
      rootPath match {
        case Some(path) => entityNames.map(entityName => path + '/' + entityName)
        case None => entityNames
      }
    }
    entityPaths(None)
      .flatMap(entity => entityPaths(Some(entity + '/' + childEntityType)))
      .map(entityPath => (entityPath, fetchEntityConfig(rootEntityType, entityPath))).toMap
  }

}
","if (partitionReplicaAssignment.isEmpty)
      throw new InvalidPartitionsException(""Topic creation or update failed for topic %s: The partitions count should be larger than 0."".format(topic))

    partitionReplicaAssignment.foreach { case (partitionId, replicas) =>
      if (replicas.isEmpty)
        throw new InvalidReplicaAssignmentException(
          ""Topic creation or update failed for topic %s: The replication factor for partition %d should be larger than 0."".format(topic, partitionId))
      if (replicas.size != replicas.distinct.size)
        throw new InvalidReplicaAssignmentException(
          ""Topic creation or update failed for topic %s: The replica list for partition %d contains duplicate entries: %s."".format(topic, partitionId, replicas.mkString("","")))
    }

    // Validate configuration
    LogConfig.validate(config)
  }

  private def writeTopicPartitionAssignment(topic: String,
                                            partitionReplicaAssignment: Map[Int, Seq[Int]],
                                            update: Boolean): Unit = {
    try {
      if (!update) {
        info(""Creating topic %s with configuration %s and initial partition assignment %s"".format(topic, zkClient"
deepseek,deepseek-ai/DeepSeek-V3.2:novita,scala,GPL-3.0,video-stream::src::main::scala::com::github::radium226::opencv::OpenCVImplicits.scala,73,0.2,0,0.23308270676691728,"    val faceDetector = new FaceDetector()
  }

  implicit class PimpedMat(mat: Mat) {

    def detectFaces(): Seq[Rect] = {
      val detectedRects = new MatOfRect()
      PimpedMat.faceCascadeClassifier.detectMultiScale(mat, detectedRects)
      detectedRects.toArray

      //PimpedMat.faceDetector.detectFaces(mat).asScala
    }

    def predictFaceLandmarks(rect: Rect): Seq[Point] = {
      PimpedMat.faceLandmarksShapePredictor.predictShape(mat.submat(rect)).asScala.map({ position =>

        new Point(rect.x + position.x, rect.y + position.y)
      })
    }

    def drawMarkers(positions: Seq[Point]): Unit = {
      positions.foreach({ position =>
        Imgproc.drawMarker(mat, position, new Scalar(255, 0, 0))
        mat
      })
    }

    def drawRect(rect: Rect): Mat = {
      Imgproc.rectangle(mat, new Point(rect.x, rect.y), new Point(rect.x + rect.width, rect.y + rect.height), new Scalar(255, 255, 0))
      mat
    }

    def drawRects(rects: Seq[Rect]): Mat = {
      rects.foldLeft(mat)({ (mat, rect) => mat.drawRect(rect) })
    }

    def saveTo(filePath: Path): Unit = {
      Imgcodecs.imwrite(filePath.toString, mat)
    }

    def resize(width: Int, height: Int): Mat = {
      val newMat = new Mat()
      Imgproc.resize(mat, newMat, new Size(width, height))
      newMat
    }

  }

}

object OpenCVImplicits extends OpenCVImplicits","def detectFaces(): MatOfRect = {
      val faceDetections = new MatOfRect()
      faceCascadeClassifier.detectMultiScale(self, faceDetections)
      faceDetections
    }

    def drawRect(rect: Rect, color: Scalar = new Scalar(0, 255, 0), thickness: Int = 2): Mat = {
      Imgproc.rectangle(self, new Point(rect.x, rect.y), new Point(rect.x + rect.width, rect.y + rect.height), color, thickness)
      self
    }

    def drawRects(rects: Seq[Rect], color: Scalar = new Scalar(0, 255, 0), thickness: Int = 2): Mat = {
      rects.foreach(drawRect(_, color, thickness))
      self
    }

    def drawLandmarks(landmarks: Seq[Point], color: Scalar = new Scalar(255, 0, 0), radius: Int = 2): Mat = {
      landmarks.foreach { landmark =>
        Imgproc.circle(self, landmark, radius, color, -1)
      }
      self
    }

    def resize(size: Size"
deepseek,deepseek-ai/DeepSeek-V3.2:novita,scala,GPL-3.0,video-stream::src::main::scala::com::github::radium226::opencv::OpenCVImplicits.scala,73,0.4,0,0.2608695652173913,"    val faceDetector = new FaceDetector()
  }

  implicit class PimpedMat(mat: Mat) {

    def detectFaces(): Seq[Rect] = {
      val detectedRects = new MatOfRect()
      PimpedMat.faceCascadeClassifier.detectMultiScale(mat, detectedRects)
      detectedRects.toArray

      //PimpedMat.faceDetector.detectFaces(mat).asScala
    }

    def predictFaceLandmarks(rect: Rect): Seq[Point] = {
      PimpedMat.faceLandmarksShapePredictor.predictShape(mat.submat(rect)).asScala.map({ position =>

        new Point(rect.x + position.x, rect.y + position.y)
      })
    }

    def drawMarkers(positions: Seq[Point]): Unit = {
      positions.foreach({ position =>
        Imgproc.drawMarker(mat, position, new Scalar(255, 0, 0))
        mat
      })
    }

    def drawRect(rect: Rect): Mat = {
      Imgproc.rectangle(mat, new Point(rect.x, rect.y), new Point(rect.x + rect.width, rect.y + rect.height), new Scalar(255, 255, 0))
      mat
    }

    def drawRects(rects: Seq[Rect]): Mat = {
      rects.foldLeft(mat)({ (mat, rect) => mat.drawRect(rect) })
    }

    def saveTo(filePath: Path): Unit = {
      Imgcodecs.imwrite(filePath.toString, mat)
    }

    def resize(width: Int, height: Int): Mat = {
      val newMat = new Mat()
      Imgproc.resize(mat, newMat, new Size(width, height))
      newMat
    }

  }

}

object OpenCVImplicits extends OpenCVImplicits","def detectFaces(): List[Rect] = {
      val faceDetections = new MatOfRect()
      faceCascadeClassifier.detectMultiScale(self, faceDetections)
      faceDetections.toList.asScala.map(_.asInstanceOf[Rect]).toList
    }

    def detectFaceLandmarks(faceRect: Rect): List[Point] = {
      if (faceLandmarksShapePredictor != null) {
        val shape = faceLandmarksShapePredictor.predict(self, faceRect)
        (0 until shape.getNumParts).map { index =>
          val part = shape.getPart(index)
          new Point(part.x, part.y)
        }.toList
      } else {
        List.empty
      }
    }

    def drawRect(rect: Rect, color: Scalar = new Scalar(0, 255, 0), thickness: Int = 2): Mat = {
      Imgproc.rectangle(self, new Point(rect.x, rect.y), new Point(rect.x + rect.width, rect.y + rect.height), color, thickness)
      self
    }

    def drawPoint(point: Point, color: Scalar = new Scalar(255, 0,"
deepseek,deepseek-ai/DeepSeek-V3.2:novita,scala,GPL-3.0,video-stream::src::main::scala::com::github::radium226::opencv::OpenCVImplicits.scala,73,0.8,0,0.2158273381294964,"    val faceDetector = new FaceDetector()
  }

  implicit class PimpedMat(mat: Mat) {

    def detectFaces(): Seq[Rect] = {
      val detectedRects = new MatOfRect()
      PimpedMat.faceCascadeClassifier.detectMultiScale(mat, detectedRects)
      detectedRects.toArray

      //PimpedMat.faceDetector.detectFaces(mat).asScala
    }

    def predictFaceLandmarks(rect: Rect): Seq[Point] = {
      PimpedMat.faceLandmarksShapePredictor.predictShape(mat.submat(rect)).asScala.map({ position =>

        new Point(rect.x + position.x, rect.y + position.y)
      })
    }

    def drawMarkers(positions: Seq[Point]): Unit = {
      positions.foreach({ position =>
        Imgproc.drawMarker(mat, position, new Scalar(255, 0, 0))
        mat
      })
    }

    def drawRect(rect: Rect): Mat = {
      Imgproc.rectangle(mat, new Point(rect.x, rect.y), new Point(rect.x + rect.width, rect.y + rect.height), new Scalar(255, 255, 0))
      mat
    }

    def drawRects(rects: Seq[Rect]): Mat = {
      rects.foldLeft(mat)({ (mat, rect) => mat.drawRect(rect) })
    }

    def saveTo(filePath: Path): Unit = {
      Imgcodecs.imwrite(filePath.toString, mat)
    }

    def resize(width: Int, height: Int): Mat = {
      val newMat = new Mat()
      Imgproc.resize(mat, newMat, new Size(width, height))
      newMat
    }

  }

}

object OpenCVImplicits extends OpenCVImplicits","def drawRectangles(rectangles: MatOfRect, color: Scalar, thickness: Int = 1)(implicit mat: Mat): Unit = {
      rectangles.toArray.foreach({ rect =>
        Imgproc.rectangle(mat, new Point(rect.x, rect.y), new Point(rect.x + rect.width, rect.y + rect.height), color, thickness)
      })
    }

    def drawLandmarks(landmarks: java.util.List[Point], color: Scalar, radius: Int = 2)(implicit mat: Mat): Unit = {
      landmarks.asScala.foreach({ landmark =>
        Imgproc.circle(mat, landmark, radius, color, -1)
      })
    }

    def detectFaces()(implicit mat: Mat): MatOfRect = {
      val faceRectangles = new MatOfRect()
      faceCascadeClassifier.detectMultiScale(mat, faceRectangles)
      faceRectangles
    }

    def detectLandmarks(faceRectangle: Rect)(implicit mat: Mat): java.util.List[Point] = {
      faceLandmarksShapePredictor.predict(mat, faceRectangle)
    }

  }

  implicit def pimpMat(mat: Mat): PimpedMat"
deepseek,deepseek-ai/DeepSeek-V3.2:novita,scala,GPL-3.0,operation::src::main::scala::io::vamp::operation::controller::EventApiController.scala,107,0.2,0,0.0,"
  private val typeParameter = ""type""

  def sourceEvents(parameters: Map[String, List[String]], request: String, keepAlivePeriod: FiniteDuration)(implicit namespace: Namespace, timeout: Timeout) = {
    Source.actorPublisher[ServerSentEvent](Props(new ActorPublisher[ServerSentEvent] {
      def receive = {
        case Request(_) ⇒ openEventStream(self, parameters, request)
        case Cancel     ⇒ closeEventStream(self)
        case (None, event: Event) ⇒
          if (totalDemand > 0) filterSse(event).map {
            case true ⇒ onNext(ServerSentEvent(write(event)(SerializationFormat(OffsetDateTimeSerializer)), event.`type`))
            case _    ⇒ logger.info(""Filter sse returned false"")
          }
        case _ ⇒ logger.info(""Unmatched case in source events"")
      }
    })).keepAlive(keepAlivePeriod, () ⇒ ServerSentEvent.heartbeat)
  }

  def publishEvent(request: String)(implicit namespace: Namespace, timeout: Timeout) = {
    val event = EventReader.read(request)
    actorFor[PulseActor] ? Publish(event)
  }

  def queryEvents(parameters: Map[String, List[String]], request: String)(page: Int, perPage: Int)(implicit namespace: Namespace, timeout: Timeout): Future[Any] = {
    logger.debug(""Events are queried with request {}"", request)
    val query = parseQuery(parameters, request)
    actorFor[PulseActor] ? Query(EventRequestEnvelope(query, page, perPage))
  }

  def openEventStream(to: ActorRef, parameters: Map[String, List[String]], request: String, message: Any = None)(implicit namespace: Namespace) = {

    val (tags, kind) = {
      if (request.isEmpty) parameters.getOrElse(tagParameter, Nil).toSet → parameters.get(typeParameter).map(_.head)
      else {
        val query = EventQueryReader.read(request)
        query.tags → query.`type`
      }
    }

    actorFor[PulseActor].tell(RegisterPercolator(percolator(to), tags, kind, message), to)
  }

  def closeEventStream(to: ActorRef)(implicit namespace: Namespace) = actorFor[PulseActor].tell(UnregisterPercolator(percolator(to)), to)

  protected def parseQuery(parameters: Map[String, List[String]], request: String) = {
    if (request.trim.isEmpty) {
      // logger.info(""event query type {}"", parameters.get(typeParameter).map(_.head))
      EventQuery(parameters.getOrElse(tagParameter, Nil).toSet, parameters.get(typeParameter).map(_.head), None)
    }
    else EventQueryReader.read(request)
  }

  protected def filterSse(event: Event)(implicit namespace: Namespace, timeout: Timeout): Future[Boolean] = Future.successful(true)

  private def percolator(channel: ActorRef) = s""stream://${channel.path.elements.mkString(""/"")}""
}

trait EventValue {
  this: ActorSystemProvider with ExecutionContextProvider with NotificationProvider ⇒

  def last(tags: Set[String], window: FiniteDuration, `type`: Option[String] = None)(implicit namespace: Namespace, timeout: Timeout): Future[Option[AnyRef]] = {
    val eventQuery = EventQuery(tags, `type`, Option(timeRange(window)), None)
    actorFor[PulseActor] ? PulseActor.Query(EventRequestEnvelope(eventQuery, 1, 1)) map {
      case EventResponseEnvelope(Event(_, _, _, value, _, _, _) :: _, _, _, _) ⇒ Option(value)
      case _ ⇒ None
    }
  }

  protected def timeRange(window: FiniteDuration) = {
    val now = OffsetDateTime.now()
    val from = now.minus(window.toSeconds, ChronoUnit.SECONDS)
    TimeRange(Some(from), Some(now), includeLower = true, includeUpper = true)
  }
}
","private val `type`Parameter = ""type""
  private val aggregateParameter = ""aggregate""

  def publishEvent(namespace: Namespace)(implicit timeout: Timeout): Future[Any] = {
    entity(as[String]) { request =>
      validateOnly { validateOnly =>
        onSuccess(EventReader.read(request)) { event =>
          if (validateOnly) complete(StatusCodes.OK, event)
          else {
            val envelope = EventRequestEnvelope(event, None, namespace)
            actorFor[PulseActor] ? Publish(envelope) map {
              case EventResponseEnvelope(events, total) => complete(StatusCodes.Created, events.headOption.getOrElse(Event.empty))
              case _ => complete(StatusCodes.InternalServerError)
            }
          }
        }
      }
    }
  }

  def queryEvents(namespace: Namespace)(implicit timeout: Timeout): Future[Any] = {
    parameters(tagParameter.repeated, `type`Parameter.?, aggregateParameter.?) { (tags, eventType, aggregate) =>
      val query = EventQuery(
        tags = tags.toSet,
        `type` = eventType,
        aggregate = aggregate
      )
      val envelope"
deepseek,deepseek-ai/DeepSeek-V3.2:novita,scala,GPL-3.0,operation::src::main::scala::io::vamp::operation::controller::EventApiController.scala,107,0.4,0,0.014814814814814815,"
  private val typeParameter = ""type""

  def sourceEvents(parameters: Map[String, List[String]], request: String, keepAlivePeriod: FiniteDuration)(implicit namespace: Namespace, timeout: Timeout) = {
    Source.actorPublisher[ServerSentEvent](Props(new ActorPublisher[ServerSentEvent] {
      def receive = {
        case Request(_) ⇒ openEventStream(self, parameters, request)
        case Cancel     ⇒ closeEventStream(self)
        case (None, event: Event) ⇒
          if (totalDemand > 0) filterSse(event).map {
            case true ⇒ onNext(ServerSentEvent(write(event)(SerializationFormat(OffsetDateTimeSerializer)), event.`type`))
            case _    ⇒ logger.info(""Filter sse returned false"")
          }
        case _ ⇒ logger.info(""Unmatched case in source events"")
      }
    })).keepAlive(keepAlivePeriod, () ⇒ ServerSentEvent.heartbeat)
  }

  def publishEvent(request: String)(implicit namespace: Namespace, timeout: Timeout) = {
    val event = EventReader.read(request)
    actorFor[PulseActor] ? Publish(event)
  }

  def queryEvents(parameters: Map[String, List[String]], request: String)(page: Int, perPage: Int)(implicit namespace: Namespace, timeout: Timeout): Future[Any] = {
    logger.debug(""Events are queried with request {}"", request)
    val query = parseQuery(parameters, request)
    actorFor[PulseActor] ? Query(EventRequestEnvelope(query, page, perPage))
  }

  def openEventStream(to: ActorRef, parameters: Map[String, List[String]], request: String, message: Any = None)(implicit namespace: Namespace) = {

    val (tags, kind) = {
      if (request.isEmpty) parameters.getOrElse(tagParameter, Nil).toSet → parameters.get(typeParameter).map(_.head)
      else {
        val query = EventQueryReader.read(request)
        query.tags → query.`type`
      }
    }

    actorFor[PulseActor].tell(RegisterPercolator(percolator(to), tags, kind, message), to)
  }

  def closeEventStream(to: ActorRef)(implicit namespace: Namespace) = actorFor[PulseActor].tell(UnregisterPercolator(percolator(to)), to)

  protected def parseQuery(parameters: Map[String, List[String]], request: String) = {
    if (request.trim.isEmpty) {
      // logger.info(""event query type {}"", parameters.get(typeParameter).map(_.head))
      EventQuery(parameters.getOrElse(tagParameter, Nil).toSet, parameters.get(typeParameter).map(_.head), None)
    }
    else EventQueryReader.read(request)
  }

  protected def filterSse(event: Event)(implicit namespace: Namespace, timeout: Timeout): Future[Boolean] = Future.successful(true)

  private def percolator(channel: ActorRef) = s""stream://${channel.path.elements.mkString(""/"")}""
}

trait EventValue {
  this: ActorSystemProvider with ExecutionContextProvider with NotificationProvider ⇒

  def last(tags: Set[String], window: FiniteDuration, `type`: Option[String] = None)(implicit namespace: Namespace, timeout: Timeout): Future[Option[AnyRef]] = {
    val eventQuery = EventQuery(tags, `type`, Option(timeRange(window)), None)
    actorFor[PulseActor] ? PulseActor.Query(EventRequestEnvelope(eventQuery, 1, 1)) map {
      case EventResponseEnvelope(Event(_, _, _, value, _, _, _) :: _, _, _, _) ⇒ Option(value)
      case _ ⇒ None
    }
  }

  protected def timeRange(window: FiniteDuration) = {
    val now = OffsetDateTime.now()
    val from = now.minus(window.toSeconds, ChronoUnit.SECONDS)
    TimeRange(Some(from), Some(now), includeLower = true, includeUpper = true)
  }
}
","private val perPageParameter = ""per_page""
  private val pageParameter = ""page""

  def publishEvent(namespace: Namespace)(implicit timeout: Timeout): Future[AnyRef] = {
    entity(as[String]) { request =>
      validateOnly { validateOnly =>
        onSuccess(PulseActorPublisher.publish(EventReader.read(request), namespace)(timeout)) { result =>
          if (validateOnly) acceptedResult else createdResult(result)
        }
      }
    }
  }

  def queryEvents(namespace: Namespace)(implicit timeout: Timeout): Future[AnyRef] = {
    parameters(tagParameter.?, perPageParameter.as[Int].?, pageParameter.as[Int].?) { (tags, perPage, page) =>
      val query = EventQuery(
        tags = tags.map(_.split("","").map(_.trim).filter(_.nonEmpty).toList).getOrElse(Nil),
        perPage = perPage,
        page = page
      )
      onSuccess(PulseActorPublisher.query(query, namespace)(timeout)) { envelope =>
        complete(envelope.response)
      }
    }
  }

  def sseEvents(namespace: Namespace)(implicit timeout:"
deepseek,deepseek-ai/DeepSeek-V3.2:novita,scala,GPL-3.0,operation::src::main::scala::io::vamp::operation::controller::EventApiController.scala,107,0.8,0,0.03759398496240601,"
  private val typeParameter = ""type""

  def sourceEvents(parameters: Map[String, List[String]], request: String, keepAlivePeriod: FiniteDuration)(implicit namespace: Namespace, timeout: Timeout) = {
    Source.actorPublisher[ServerSentEvent](Props(new ActorPublisher[ServerSentEvent] {
      def receive = {
        case Request(_) ⇒ openEventStream(self, parameters, request)
        case Cancel     ⇒ closeEventStream(self)
        case (None, event: Event) ⇒
          if (totalDemand > 0) filterSse(event).map {
            case true ⇒ onNext(ServerSentEvent(write(event)(SerializationFormat(OffsetDateTimeSerializer)), event.`type`))
            case _    ⇒ logger.info(""Filter sse returned false"")
          }
        case _ ⇒ logger.info(""Unmatched case in source events"")
      }
    })).keepAlive(keepAlivePeriod, () ⇒ ServerSentEvent.heartbeat)
  }

  def publishEvent(request: String)(implicit namespace: Namespace, timeout: Timeout) = {
    val event = EventReader.read(request)
    actorFor[PulseActor] ? Publish(event)
  }

  def queryEvents(parameters: Map[String, List[String]], request: String)(page: Int, perPage: Int)(implicit namespace: Namespace, timeout: Timeout): Future[Any] = {
    logger.debug(""Events are queried with request {}"", request)
    val query = parseQuery(parameters, request)
    actorFor[PulseActor] ? Query(EventRequestEnvelope(query, page, perPage))
  }

  def openEventStream(to: ActorRef, parameters: Map[String, List[String]], request: String, message: Any = None)(implicit namespace: Namespace) = {

    val (tags, kind) = {
      if (request.isEmpty) parameters.getOrElse(tagParameter, Nil).toSet → parameters.get(typeParameter).map(_.head)
      else {
        val query = EventQueryReader.read(request)
        query.tags → query.`type`
      }
    }

    actorFor[PulseActor].tell(RegisterPercolator(percolator(to), tags, kind, message), to)
  }

  def closeEventStream(to: ActorRef)(implicit namespace: Namespace) = actorFor[PulseActor].tell(UnregisterPercolator(percolator(to)), to)

  protected def parseQuery(parameters: Map[String, List[String]], request: String) = {
    if (request.trim.isEmpty) {
      // logger.info(""event query type {}"", parameters.get(typeParameter).map(_.head))
      EventQuery(parameters.getOrElse(tagParameter, Nil).toSet, parameters.get(typeParameter).map(_.head), None)
    }
    else EventQueryReader.read(request)
  }

  protected def filterSse(event: Event)(implicit namespace: Namespace, timeout: Timeout): Future[Boolean] = Future.successful(true)

  private def percolator(channel: ActorRef) = s""stream://${channel.path.elements.mkString(""/"")}""
}

trait EventValue {
  this: ActorSystemProvider with ExecutionContextProvider with NotificationProvider ⇒

  def last(tags: Set[String], window: FiniteDuration, `type`: Option[String] = None)(implicit namespace: Namespace, timeout: Timeout): Future[Option[AnyRef]] = {
    val eventQuery = EventQuery(tags, `type`, Option(timeRange(window)), None)
    actorFor[PulseActor] ? PulseActor.Query(EventRequestEnvelope(eventQuery, 1, 1)) map {
      case EventResponseEnvelope(Event(_, _, _, value, _, _, _) :: _, _, _, _) ⇒ Option(value)
      case _ ⇒ None
    }
  }

  protected def timeRange(window: FiniteDuration) = {
    val now = OffsetDateTime.now()
    val from = now.minus(window.toSeconds, ChronoUnit.SECONDS)
    TimeRange(Some(from), Some(now), includeLower = true, includeUpper = true)
  }
}
","private val eventParameter = ""event""

  private val percolator = ""sse""

  def publishEvent(payload: String)(implicit namespace: Namespace): Future[Any] = {
    implicit val timeout = Timeout(PulseActor.timeout)
    actorFor[PulseActor] ? Publish(EventReader.read(payload))
  }

  def queryEvents(tags: Option[String], event: Option[String], page: Int, perPage: Int)(implicit namespace: Namespace): Future[EventResponseEnvelope] = {
    implicit val format = SerializationFormat(OffsetDateTimeSerializer)
    implicit val timeout = Timeout(PulseActor.timeout)

    val query = EventQuery(
      tags = tags.map(_.split(',').toList.map(_.trim).filter(_.nonEmpty)).getOrElse(Nil),
      event = event.filter(_.nonEmpty),
      page = page,
      perPage = perPage
    )

    (actorFor[PulseActor] ? Query(query)).mapTo[EventResponseEnvelope]
  }

  def sse(tags: Option[String], event: Option[String], keepAlive: Option[FiniteDuration])(im"
deepseek,deepseek-ai/DeepSeek-V3.2:novita,scala,GPL-3.0,src::main::scala::scalala::tensor::TensorSlice.scala,77,0.2,0,0.014285714285714285,"import scalar.Scalar;

import domain.{IterableDomain,SetDomain};

/**
 * Implementation trait for slices of an underlying Tensor.  A slice
 * is a pass-through view of a (mapped) subset of the original Tensor's
 * domain.
 *
 * @author dramage
 */
trait TensorSliceLike
[@specialized(Int,Long) K1, +D1<:IterableDomain[K1],
 @specialized(Int,Long) K2, +D2<:IterableDomain[K2],
 @specialized(Int,Long,Float,Double,Boolean) V, +Coll<:Tensor[K1,V],
 +This<:TensorSlice[K1,K2,V,Coll]]
extends TensorLike[K2,V,D2,This] {
self =>

  /** The collection underlying this view. */
  protected def underlying: Coll;

  /** Maps the keys of this domain map to the keys of the underlying maps's. */
  def lookup(key : K2) : K1;

  override def apply(key : K2) =
    underlying.apply(lookup(key));

  override def newBuilder[K2,V2:Scalar](domain : IterableDomain[K2]) =
    underlying.newBuilder[K2,V2](domain);
}

/**
 * Pass-through view of a (key-mapped) subset of an underlying Tensor.
 *
 * @author dramage
 */
trait TensorSlice
[@specialized(Int,Long) K1, @specialized(Int,Long) K2,
 @specialized(Int,Long,Float,Double,Boolean) V, +Coll <: Tensor[K1, V]]
extends Tensor[K2,V]
with TensorSliceLike[K1, IterableDomain[K1], K2, IterableDomain[K2], V, Coll, TensorSlice[K1, K2, V, Coll]];

object TensorSlice {
  class FromKeyMap[K1, K2, V, +Coll<:Tensor[K1, V]]
  (override val underlying : Coll, keymap : scala.collection.Map[K2,K1])
  (override implicit val scalar : Scalar[V])
  extends TensorSlice[K1, K2, V, Coll] {
    override def lookup(key : K2) = keymap(key);
    override def domain = new SetDomain(keymap.keySet);
    override def size = keymap.size;
  }
}
","import domain._

import scalala.scalar.Scalar
import scalala.tensor.dense.DenseTensor
import scalala.tensor.sparse.{SparseTensor, SparseArrayTensor}

/**
 * A slice of a tensor, defined by a domain and a function that maps indices
 * in the slice to indices in the underlying tensor.
 *
 * @author dramage
 */
trait TensorSlice [K1,K2,V]
extends Tensor[K1,V] with TensorLike[K1,V,TensorSlice[K1,K2,V]] {
  /** The underlying tensor. */
  def underlying : Tensor[K2,V];

  /** The domain of keys in this slice. */
  def domain : Domain[K1];

  /** Maps keys in this slice to keys in the underlying tensor. */
  def apply1(k : K1) : K2;

  override def size = domain.size;

  override def foreach[U](f : ((K1,V)) => U) = {
    domain.foreach(k => f((k, underlying(apply1(k)))));
  }

  override def foreachKey[U](f : K1 => U) = {
    domain.foreachKey(f);
  }

  override def foreachValue"
deepseek,deepseek-ai/DeepSeek-V3.2:novita,scala,GPL-3.0,src::main::scala::scalala::tensor::TensorSlice.scala,77,0.4,0,0.0,"import scalar.Scalar;

import domain.{IterableDomain,SetDomain};

/**
 * Implementation trait for slices of an underlying Tensor.  A slice
 * is a pass-through view of a (mapped) subset of the original Tensor's
 * domain.
 *
 * @author dramage
 */
trait TensorSliceLike
[@specialized(Int,Long) K1, +D1<:IterableDomain[K1],
 @specialized(Int,Long) K2, +D2<:IterableDomain[K2],
 @specialized(Int,Long,Float,Double,Boolean) V, +Coll<:Tensor[K1,V],
 +This<:TensorSlice[K1,K2,V,Coll]]
extends TensorLike[K2,V,D2,This] {
self =>

  /** The collection underlying this view. */
  protected def underlying: Coll;

  /** Maps the keys of this domain map to the keys of the underlying maps's. */
  def lookup(key : K2) : K1;

  override def apply(key : K2) =
    underlying.apply(lookup(key));

  override def newBuilder[K2,V2:Scalar](domain : IterableDomain[K2]) =
    underlying.newBuilder[K2,V2](domain);
}

/**
 * Pass-through view of a (key-mapped) subset of an underlying Tensor.
 *
 * @author dramage
 */
trait TensorSlice
[@specialized(Int,Long) K1, @specialized(Int,Long) K2,
 @specialized(Int,Long,Float,Double,Boolean) V, +Coll <: Tensor[K1, V]]
extends Tensor[K2,V]
with TensorSliceLike[K1, IterableDomain[K1], K2, IterableDomain[K2], V, Coll, TensorSlice[K1, K2, V, Coll]];

object TensorSlice {
  class FromKeyMap[K1, K2, V, +Coll<:Tensor[K1, V]]
  (override val underlying : Coll, keymap : scala.collection.Map[K2,K1])
  (override implicit val scalar : Scalar[V])
  extends TensorSlice[K1, K2, V, Coll] {
    override def lookup(key : K2) = keymap(key);
    override def domain = new SetDomain(keymap.keySet);
    override def size = keymap.size;
  }
}
","import domain._
import scalala.scalar.Scalar
import scalala.tensor.dense.DenseTensor

/**
 * A slice of a tensor.  The slice is defined by a sequence of slices,
 * one for each dimension of the underlying tensor.  Each slice can be
 * a single index, a range, or a sequence of indices.
 *
 * @author dramage
 */
trait TensorSlice [K1, +V,
                   +This<:Tensor[K1,V] with TensorSlice[K1,V,This]]
extends Tensor[K1,V] { self : This =>

  /** The underlying tensor. */
  def underlying : Tensor[_,V];

  /** The slices for each dimension of the underlying tensor. */
  def slices : Seq[Slice];

  /**
   * Returns a new slice of this slice.  The slices are applied to the
   * underlying tensor, not to this slice.  That is, the new slice is
   * a slice of the same underlying tensor, with the new slices
   * composed with the existing slices.
   */
  override def apply [K2] (slices : Slice*) : Tensor[K2,V] =
    underlying(slices : _*"
deepseek,deepseek-ai/DeepSeek-V3.2:novita,scala,GPL-3.0,src::main::scala::scalala::tensor::TensorSlice.scala,77,0.8,0,0.0,"import scalar.Scalar;

import domain.{IterableDomain,SetDomain};

/**
 * Implementation trait for slices of an underlying Tensor.  A slice
 * is a pass-through view of a (mapped) subset of the original Tensor's
 * domain.
 *
 * @author dramage
 */
trait TensorSliceLike
[@specialized(Int,Long) K1, +D1<:IterableDomain[K1],
 @specialized(Int,Long) K2, +D2<:IterableDomain[K2],
 @specialized(Int,Long,Float,Double,Boolean) V, +Coll<:Tensor[K1,V],
 +This<:TensorSlice[K1,K2,V,Coll]]
extends TensorLike[K2,V,D2,This] {
self =>

  /** The collection underlying this view. */
  protected def underlying: Coll;

  /** Maps the keys of this domain map to the keys of the underlying maps's. */
  def lookup(key : K2) : K1;

  override def apply(key : K2) =
    underlying.apply(lookup(key));

  override def newBuilder[K2,V2:Scalar](domain : IterableDomain[K2]) =
    underlying.newBuilder[K2,V2](domain);
}

/**
 * Pass-through view of a (key-mapped) subset of an underlying Tensor.
 *
 * @author dramage
 */
trait TensorSlice
[@specialized(Int,Long) K1, @specialized(Int,Long) K2,
 @specialized(Int,Long,Float,Double,Boolean) V, +Coll <: Tensor[K1, V]]
extends Tensor[K2,V]
with TensorSliceLike[K1, IterableDomain[K1], K2, IterableDomain[K2], V, Coll, TensorSlice[K1, K2, V, Coll]];

object TensorSlice {
  class FromKeyMap[K1, K2, V, +Coll<:Tensor[K1, V]]
  (override val underlying : Coll, keymap : scala.collection.Map[K2,K1])
  (override implicit val scalar : Scalar[V])
  extends TensorSlice[K1, K2, V, Coll] {
    override def lookup(key : K2) = keymap(key);
    override def domain = new SetDomain(keymap.keySet);
    override def size = keymap.size;
  }
}
","import domain._
import generic.CanSliceTensor
import mutable.TensorBuilder

import scala.reflect.ClassTag

/**
 * A slice of a tensor, defined by a domain selection.  The slice is
 * a tensor whose domain is the selection and whose values come from
 * the parent tensor through the selection.  The slice may be mutable
 * or immutable depending on the parent tensor, but the slice itself
 * is always a view.
 *
 * @author dramage
 */
case class TensorSlice[K1,K2,V]
(parent : Tensor[K1,V], selection : K1 => K2)
(implicit canSlice : CanSliceTensor[Tensor[K1,V],K1,K2],
  view2 : (TensorSlice[K1,K2,V]) => Tensor[K2,V])
extends Tensor[K2,V] {

  override def domain : Domain[K2] =
    Domain.select(parent.domain, selection)

  override def apply(k : K2) : V = {
    // there is exactly one key in the parent's domain that maps to k
    val iter = parent.domain.iterator.filter(k1 => selection(k1) == k)
    if (iter.hasNext) {
      val k1"
deepseek,deepseek-ai/DeepSeek-V3.2:novita,scala,GPL-3.0,scouter.server::src::scouter::server::core::AgentManager.scala,327,0.2,0,0.066,"                save = true;
            }
            objPack.wakeup();
            objPack.tags = p.tags;
            if (CompareUtil.equals(p.address, objPack.address) == false) {
                objPack.address = p.address;
                save = true;
            }
            if (CompareUtil.equals(p.objType, objPack.objType) == false) {
                objPack.objType = p.objType;
                save = true;
            }
            if (CompareUtil.equals(p.version, objPack.version) == false) {
                objPack.version = p.version;
                save = true;
            }
            if (save) {
                objPack.updated += 1
                if (objPack.updated % 20 == 0) {
                    alertTooManyChange(objPack);
                }
                procObjName(objPack);
                ObjectWR.add(objPack);
                Logger.println(""S105"", ""Update "" + objPack);
            }
        }
    }
    private def alertTooManyChange(objPack: ObjectPack) {
        val p = new AlertPack();
        p.level = AlertLevel.INFO;
        p.title = ""MAYBE_OBJ_DUP"";
        p.message = ""Maybe duplicated objNames!! Please check "" + objPack;
        p.time = System.currentTimeMillis();
        p.objType = ""scouter"";
        AlertCache.put(p);
    }
    private def alertInactiveObject(objPack: ObjectPack) {
        val p = new AlertPack();
        p.level = AlertLevel.WARN;
        p.objHash = objPack.objHash;
        p.title = ""INACTIVE_OBJECT"";
        p.message = objPack.objName + "" is not running. "" + objPack;
        p.time = System.currentTimeMillis();
        p.objType = ""scouter"";
        AlertCache.put(p);
        AlertWR.add(p);
    }
    private def procObjName(objPack: ObjectPack) {
        val tp = new TextPack();
        tp.xtype = TextTypes.OBJECT;
        tp.hash = objPack.objHash;
        tp.text = objPack.objName;
        TextCore.add(tp);
    }
    def getAgentAddr(objHash: Int): String = {
        val objPack = objMap.getObject(objHash);
        if (objPack == null) null else objPack.address;
    }
    def getAgentName(objHash: Int): String = {
        val objPack = objMap.getObject(objHash);
        if (objPack == null) null else objPack.objName
    }
    def getAgent(objHash: Int): ObjectPack = {
        return objMap.getObject(objHash);
    }
    def inactive(objHash: Int) {
        val objPack = objMap.getObject(objHash);
        if (objPack != null && objPack.alive) {
            objPack.alive = false;
            val obj = counterEngine.getObjectType(objPack.objType);
            if (obj != null && obj.isSubObject() == false) {
                alertInactiveObject(objPack);
            }
        }
    }
    def clearInactive() {
        val death = new ArrayList[ObjectPack]();
        val itr = objMap.objects();
        while (itr.hasMoreElements()) {
            val objPack = itr.nextElement();
            if (objPack.alive == false)
                death.add(objPack);
        }
        EnumerScala.foreach(death.iterator(), (o: ObjectPack) => objMap.remove(o.objHash))
    }
    def getLiveObjHashList(): List[Int] = {
        val agents = new ArrayList[Int]();
        try {
            val itr = objMap.objects();
            while (itr.hasMoreElements()) {
                val a = itr.nextElement();
                if (a.alive) {
                    agents.add(a.objHash);
                }
            }
        } catch {
            case e: Exception =>
        }
        return agents;
    }
    def getObjHashList(): List[Int] = {
        val agents = new ArrayList[Int]();
        val itr = objMap.objects();
        while (itr.hasMoreElements()) {
            val a = itr.nextElement();
            agents.add(a.objHash);
        }
        return agents;
    }
    def getLiveObjHashList(objType: String): List[Int] = {
        val agents = new ArrayList[Int]();
        val itr = objMap.enumTypeObject(objType);
        while (itr.hasMoreElements()) {
            val a = itr.nextElement();
            if (a.alive) {
                agents.add(a.objHash);
            }
        }
        return agents;
    }
    def getObjHashList(objType: String): List[Int] = {
        val agents = new ArrayList[Int]();
        val itr = objMap.enumTypeObject(objType);
        while (itr.hasMoreElements()) {
            val a = itr.nextElement();
            agents.add(a.objHash);
        }
        return agents;
    }
    def getObjList(objType: String): List[ObjectPack] = {
        val agents = new ArrayList[ObjectPack]();
        val itr = objMap.enumTypeObject(objType);
        while (itr.hasMoreElements()) {
            val a = itr.nextElement();
            agents.add(a);
        }
        return agents;
    }
    def filter(word: String): List[Int] = {
        if (""*"".equals(word)) return getLiveObjHashList()
        if (isObjType(word) == true) {
            return getObjHashList(word)
        } else {
            val agents = new ArrayList[Int]();
            val itr = objMap.objects();
            while (itr.hasMoreElements()) {
                val a = itr.nextElement();
                if (a.objName.indexOf(word) >= 0) {
                    agents.add(a.objHash);
                }
            }
            return agents;
        }
    }
   def isObjType(word: String) = objMap.getTypeObjects(word) != null
    def getObjPacks(): Enumeration[ObjectPack] = {
        return objMap.objects();
    }
    def getCurrentObjects(objType: String): MapPack = {
        val m = new MapPack();
        val objTypeLv = m.newList(""objType"");
        val objHashLv = m.newList(""objHash"");
        val en = objMap.enumTypeObject(objType);
        while (en.hasMoreElements()) {
            val obj = en.nextElement();
            objTypeLv.add(obj.objType);
            objHashLv.add(obj.objHash);
        }
        return m;
    }
    def getDailyObjects(date: String, objType: String): MapPack = {
        val key = ""DailyObjects:"" + date + "":"" + objType;
        var m = CommonCache.get(key).asInstanceOf[MapPack]
        if (m != null)
            return m;
        val list = ObjectRD.getObjectList(date);
        m = new MapPack();
        val objTypeLv = m.newList(""objType"");
        val objHashLv = m.newList(""objHash"");
        val en = list.iterator();
        while (en.hasNext()) {
            val obj = en.next();
            if (obj.objType.equals(objType)) {
                objTypeLv.add(obj.objType);
                objHashLv.add(obj.objHash);
            }
        }
        CommonCache.put(key, m, 2000);
        return m;
    }
    def getPeriodicObjects(sDate: String, eDate: String, objType: String): MapPack = {
        val key = ""PeriodicObjects:"" + sDate + eDate + "":"" + objType;
        var m = CommonCache.get(key).asInstanceOf[MapPack];
        if (m != null)
            return m;
        val stime = DateUtil.yyyymmdd(sDate);
        val etime = DateUtil.yyyymmdd(eDate);
        val objSet = new HashSet[ObjectPack]();
        var date = stime;
        while (date <= etime) {
            val d = DateUtil.yyyymmdd(date);
            val list = ObjectRD.getObjectList(d);
            objSet.addAll(list);
            date += DateUtil.MILLIS_PER_DAY
        }
        m = new MapPack();
        val objTypeLv = m.newList(""objType"");
        val objHashLv = m.newList(""objHash"");
        val itr = objSet.iterator();
        while (itr.hasNext()) {
            val obj = itr.next();
            if (objType.equals(obj.objType)) {
                objTypeLv.add(obj.objType);
                objHashLv.add(obj.objHash);
            }
        }
        CommonCache.put(key, m, 2000);
        return m;
    }
    def removeAgents(objHashList: List[Int], permanent: Boolean) {
        EnumerScala.foreach(objHashList.iterator(), (objHash: Int) => {
            objMap.remove(objHash);
            if (permanent) {
                ObjectWR.remove(objHash);
            }
        })
    }
    def getPrimaryObjCount() = this.primaryObjCount
}","objPack.deleted = 0;
                objPack.wakeup();
                save = true;
            }
            if (StringUtil.isNotEmpty(p.address)) {
                objPack.address = p.address;
                save = true;
            }
            if (StringUtil.isNotEmpty(p.version)) {
                objPack.version = p.version;
                save = true;
            }
            if (p.tags != null) {
                objPack.tags = p.tags;
                save = true;
            }
            if (save) {
                procObjName(objPack);
                ObjectWR.add(objPack);
            }
            objPack.wakeup(p.wakeup);
        }
        objPack.alive = true;
        if (counterEngine.isPrimaryObject(objPack.objType)) {
            val pack = new MapPack();
            pack.put(""objHash"", objPack.objHash);
            CommonCache.put(objPack.objHash + objPack.objType, pack);
        }
    }

    def inactive(objHash: Int) {
        val objPack = objMap.getObject(objHash);
        if (objPack != null && objPack.alive) {
            objPack.alive = false;
            if (counterEngine.isPrimaryObject(objPack"
deepseek,deepseek-ai/DeepSeek-V3.2:novita,scala,GPL-3.0,scouter.server::src::scouter::server::core::AgentManager.scala,327,0.4,0,0.11706349206349206,"                save = true;
            }
            objPack.wakeup();
            objPack.tags = p.tags;
            if (CompareUtil.equals(p.address, objPack.address) == false) {
                objPack.address = p.address;
                save = true;
            }
            if (CompareUtil.equals(p.objType, objPack.objType) == false) {
                objPack.objType = p.objType;
                save = true;
            }
            if (CompareUtil.equals(p.version, objPack.version) == false) {
                objPack.version = p.version;
                save = true;
            }
            if (save) {
                objPack.updated += 1
                if (objPack.updated % 20 == 0) {
                    alertTooManyChange(objPack);
                }
                procObjName(objPack);
                ObjectWR.add(objPack);
                Logger.println(""S105"", ""Update "" + objPack);
            }
        }
    }
    private def alertTooManyChange(objPack: ObjectPack) {
        val p = new AlertPack();
        p.level = AlertLevel.INFO;
        p.title = ""MAYBE_OBJ_DUP"";
        p.message = ""Maybe duplicated objNames!! Please check "" + objPack;
        p.time = System.currentTimeMillis();
        p.objType = ""scouter"";
        AlertCache.put(p);
    }
    private def alertInactiveObject(objPack: ObjectPack) {
        val p = new AlertPack();
        p.level = AlertLevel.WARN;
        p.objHash = objPack.objHash;
        p.title = ""INACTIVE_OBJECT"";
        p.message = objPack.objName + "" is not running. "" + objPack;
        p.time = System.currentTimeMillis();
        p.objType = ""scouter"";
        AlertCache.put(p);
        AlertWR.add(p);
    }
    private def procObjName(objPack: ObjectPack) {
        val tp = new TextPack();
        tp.xtype = TextTypes.OBJECT;
        tp.hash = objPack.objHash;
        tp.text = objPack.objName;
        TextCore.add(tp);
    }
    def getAgentAddr(objHash: Int): String = {
        val objPack = objMap.getObject(objHash);
        if (objPack == null) null else objPack.address;
    }
    def getAgentName(objHash: Int): String = {
        val objPack = objMap.getObject(objHash);
        if (objPack == null) null else objPack.objName
    }
    def getAgent(objHash: Int): ObjectPack = {
        return objMap.getObject(objHash);
    }
    def inactive(objHash: Int) {
        val objPack = objMap.getObject(objHash);
        if (objPack != null && objPack.alive) {
            objPack.alive = false;
            val obj = counterEngine.getObjectType(objPack.objType);
            if (obj != null && obj.isSubObject() == false) {
                alertInactiveObject(objPack);
            }
        }
    }
    def clearInactive() {
        val death = new ArrayList[ObjectPack]();
        val itr = objMap.objects();
        while (itr.hasMoreElements()) {
            val objPack = itr.nextElement();
            if (objPack.alive == false)
                death.add(objPack);
        }
        EnumerScala.foreach(death.iterator(), (o: ObjectPack) => objMap.remove(o.objHash))
    }
    def getLiveObjHashList(): List[Int] = {
        val agents = new ArrayList[Int]();
        try {
            val itr = objMap.objects();
            while (itr.hasMoreElements()) {
                val a = itr.nextElement();
                if (a.alive) {
                    agents.add(a.objHash);
                }
            }
        } catch {
            case e: Exception =>
        }
        return agents;
    }
    def getObjHashList(): List[Int] = {
        val agents = new ArrayList[Int]();
        val itr = objMap.objects();
        while (itr.hasMoreElements()) {
            val a = itr.nextElement();
            agents.add(a.objHash);
        }
        return agents;
    }
    def getLiveObjHashList(objType: String): List[Int] = {
        val agents = new ArrayList[Int]();
        val itr = objMap.enumTypeObject(objType);
        while (itr.hasMoreElements()) {
            val a = itr.nextElement();
            if (a.alive) {
                agents.add(a.objHash);
            }
        }
        return agents;
    }
    def getObjHashList(objType: String): List[Int] = {
        val agents = new ArrayList[Int]();
        val itr = objMap.enumTypeObject(objType);
        while (itr.hasMoreElements()) {
            val a = itr.nextElement();
            agents.add(a.objHash);
        }
        return agents;
    }
    def getObjList(objType: String): List[ObjectPack] = {
        val agents = new ArrayList[ObjectPack]();
        val itr = objMap.enumTypeObject(objType);
        while (itr.hasMoreElements()) {
            val a = itr.nextElement();
            agents.add(a);
        }
        return agents;
    }
    def filter(word: String): List[Int] = {
        if (""*"".equals(word)) return getLiveObjHashList()
        if (isObjType(word) == true) {
            return getObjHashList(word)
        } else {
            val agents = new ArrayList[Int]();
            val itr = objMap.objects();
            while (itr.hasMoreElements()) {
                val a = itr.nextElement();
                if (a.objName.indexOf(word) >= 0) {
                    agents.add(a.objHash);
                }
            }
            return agents;
        }
    }
   def isObjType(word: String) = objMap.getTypeObjects(word) != null
    def getObjPacks(): Enumeration[ObjectPack] = {
        return objMap.objects();
    }
    def getCurrentObjects(objType: String): MapPack = {
        val m = new MapPack();
        val objTypeLv = m.newList(""objType"");
        val objHashLv = m.newList(""objHash"");
        val en = objMap.enumTypeObject(objType);
        while (en.hasMoreElements()) {
            val obj = en.nextElement();
            objTypeLv.add(obj.objType);
            objHashLv.add(obj.objHash);
        }
        return m;
    }
    def getDailyObjects(date: String, objType: String): MapPack = {
        val key = ""DailyObjects:"" + date + "":"" + objType;
        var m = CommonCache.get(key).asInstanceOf[MapPack]
        if (m != null)
            return m;
        val list = ObjectRD.getObjectList(date);
        m = new MapPack();
        val objTypeLv = m.newList(""objType"");
        val objHashLv = m.newList(""objHash"");
        val en = list.iterator();
        while (en.hasNext()) {
            val obj = en.next();
            if (obj.objType.equals(objType)) {
                objTypeLv.add(obj.objType);
                objHashLv.add(obj.objHash);
            }
        }
        CommonCache.put(key, m, 2000);
        return m;
    }
    def getPeriodicObjects(sDate: String, eDate: String, objType: String): MapPack = {
        val key = ""PeriodicObjects:"" + sDate + eDate + "":"" + objType;
        var m = CommonCache.get(key).asInstanceOf[MapPack];
        if (m != null)
            return m;
        val stime = DateUtil.yyyymmdd(sDate);
        val etime = DateUtil.yyyymmdd(eDate);
        val objSet = new HashSet[ObjectPack]();
        var date = stime;
        while (date <= etime) {
            val d = DateUtil.yyyymmdd(date);
            val list = ObjectRD.getObjectList(d);
            objSet.addAll(list);
            date += DateUtil.MILLIS_PER_DAY
        }
        m = new MapPack();
        val objTypeLv = m.newList(""objType"");
        val objHashLv = m.newList(""objHash"");
        val itr = objSet.iterator();
        while (itr.hasNext()) {
            val obj = itr.next();
            if (objType.equals(obj.objType)) {
                objTypeLv.add(obj.objType);
                objHashLv.add(obj.objHash);
            }
        }
        CommonCache.put(key, m, 2000);
        return m;
    }
    def removeAgents(objHashList: List[Int], permanent: Boolean) {
        EnumerScala.foreach(objHashList.iterator(), (objHash: Int) => {
            objMap.remove(objHash);
            if (permanent) {
                ObjectWR.remove(objHash);
            }
        })
    }
    def getPrimaryObjCount() = this.primaryObjCount
}","}
            if (objPack.updated == 0) {
                objPack.updated = System.currentTimeMillis();
                ObjectWR.add(objPack);
                save = true;
            }
            objPack.wakeup();
            if (CompareUtil.equals(objPack.objName, p.objName) == false) {
                objPack.objName = p.objName;
                procObjName(objPack);
                save = true;
            }
            if (CompareUtil.equals(objPack.objType, p.objType) == false) {
                objPack.objType = p.objType;
                save = true;
            }
            if (objPack.version != p.version) {
                objPack.version = p.version;
                save = true;
            }
            if (objPack.address != p.address) {
                objPack.address = p.address;
                save = true;
            }
            if (save) {
                ObjectWR.add(objPack);
            }
        }
        objPack.alive = true;
        if (counterEngine.isPrimaryObject(objPack.objType)) {
            primaryObjCount += 1;
        }
    }

    def inactive(agentKey: Int) {
        val objPack = objMap.getObject"
deepseek,deepseek-ai/DeepSeek-V3.2:novita,scala,GPL-3.0,scouter.server::src::scouter::server::core::AgentManager.scala,327,0.8,0,0.11267605633802817,"                save = true;
            }
            objPack.wakeup();
            objPack.tags = p.tags;
            if (CompareUtil.equals(p.address, objPack.address) == false) {
                objPack.address = p.address;
                save = true;
            }
            if (CompareUtil.equals(p.objType, objPack.objType) == false) {
                objPack.objType = p.objType;
                save = true;
            }
            if (CompareUtil.equals(p.version, objPack.version) == false) {
                objPack.version = p.version;
                save = true;
            }
            if (save) {
                objPack.updated += 1
                if (objPack.updated % 20 == 0) {
                    alertTooManyChange(objPack);
                }
                procObjName(objPack);
                ObjectWR.add(objPack);
                Logger.println(""S105"", ""Update "" + objPack);
            }
        }
    }
    private def alertTooManyChange(objPack: ObjectPack) {
        val p = new AlertPack();
        p.level = AlertLevel.INFO;
        p.title = ""MAYBE_OBJ_DUP"";
        p.message = ""Maybe duplicated objNames!! Please check "" + objPack;
        p.time = System.currentTimeMillis();
        p.objType = ""scouter"";
        AlertCache.put(p);
    }
    private def alertInactiveObject(objPack: ObjectPack) {
        val p = new AlertPack();
        p.level = AlertLevel.WARN;
        p.objHash = objPack.objHash;
        p.title = ""INACTIVE_OBJECT"";
        p.message = objPack.objName + "" is not running. "" + objPack;
        p.time = System.currentTimeMillis();
        p.objType = ""scouter"";
        AlertCache.put(p);
        AlertWR.add(p);
    }
    private def procObjName(objPack: ObjectPack) {
        val tp = new TextPack();
        tp.xtype = TextTypes.OBJECT;
        tp.hash = objPack.objHash;
        tp.text = objPack.objName;
        TextCore.add(tp);
    }
    def getAgentAddr(objHash: Int): String = {
        val objPack = objMap.getObject(objHash);
        if (objPack == null) null else objPack.address;
    }
    def getAgentName(objHash: Int): String = {
        val objPack = objMap.getObject(objHash);
        if (objPack == null) null else objPack.objName
    }
    def getAgent(objHash: Int): ObjectPack = {
        return objMap.getObject(objHash);
    }
    def inactive(objHash: Int) {
        val objPack = objMap.getObject(objHash);
        if (objPack != null && objPack.alive) {
            objPack.alive = false;
            val obj = counterEngine.getObjectType(objPack.objType);
            if (obj != null && obj.isSubObject() == false) {
                alertInactiveObject(objPack);
            }
        }
    }
    def clearInactive() {
        val death = new ArrayList[ObjectPack]();
        val itr = objMap.objects();
        while (itr.hasMoreElements()) {
            val objPack = itr.nextElement();
            if (objPack.alive == false)
                death.add(objPack);
        }
        EnumerScala.foreach(death.iterator(), (o: ObjectPack) => objMap.remove(o.objHash))
    }
    def getLiveObjHashList(): List[Int] = {
        val agents = new ArrayList[Int]();
        try {
            val itr = objMap.objects();
            while (itr.hasMoreElements()) {
                val a = itr.nextElement();
                if (a.alive) {
                    agents.add(a.objHash);
                }
            }
        } catch {
            case e: Exception =>
        }
        return agents;
    }
    def getObjHashList(): List[Int] = {
        val agents = new ArrayList[Int]();
        val itr = objMap.objects();
        while (itr.hasMoreElements()) {
            val a = itr.nextElement();
            agents.add(a.objHash);
        }
        return agents;
    }
    def getLiveObjHashList(objType: String): List[Int] = {
        val agents = new ArrayList[Int]();
        val itr = objMap.enumTypeObject(objType);
        while (itr.hasMoreElements()) {
            val a = itr.nextElement();
            if (a.alive) {
                agents.add(a.objHash);
            }
        }
        return agents;
    }
    def getObjHashList(objType: String): List[Int] = {
        val agents = new ArrayList[Int]();
        val itr = objMap.enumTypeObject(objType);
        while (itr.hasMoreElements()) {
            val a = itr.nextElement();
            agents.add(a.objHash);
        }
        return agents;
    }
    def getObjList(objType: String): List[ObjectPack] = {
        val agents = new ArrayList[ObjectPack]();
        val itr = objMap.enumTypeObject(objType);
        while (itr.hasMoreElements()) {
            val a = itr.nextElement();
            agents.add(a);
        }
        return agents;
    }
    def filter(word: String): List[Int] = {
        if (""*"".equals(word)) return getLiveObjHashList()
        if (isObjType(word) == true) {
            return getObjHashList(word)
        } else {
            val agents = new ArrayList[Int]();
            val itr = objMap.objects();
            while (itr.hasMoreElements()) {
                val a = itr.nextElement();
                if (a.objName.indexOf(word) >= 0) {
                    agents.add(a.objHash);
                }
            }
            return agents;
        }
    }
   def isObjType(word: String) = objMap.getTypeObjects(word) != null
    def getObjPacks(): Enumeration[ObjectPack] = {
        return objMap.objects();
    }
    def getCurrentObjects(objType: String): MapPack = {
        val m = new MapPack();
        val objTypeLv = m.newList(""objType"");
        val objHashLv = m.newList(""objHash"");
        val en = objMap.enumTypeObject(objType);
        while (en.hasMoreElements()) {
            val obj = en.nextElement();
            objTypeLv.add(obj.objType);
            objHashLv.add(obj.objHash);
        }
        return m;
    }
    def getDailyObjects(date: String, objType: String): MapPack = {
        val key = ""DailyObjects:"" + date + "":"" + objType;
        var m = CommonCache.get(key).asInstanceOf[MapPack]
        if (m != null)
            return m;
        val list = ObjectRD.getObjectList(date);
        m = new MapPack();
        val objTypeLv = m.newList(""objType"");
        val objHashLv = m.newList(""objHash"");
        val en = list.iterator();
        while (en.hasNext()) {
            val obj = en.next();
            if (obj.objType.equals(objType)) {
                objTypeLv.add(obj.objType);
                objHashLv.add(obj.objHash);
            }
        }
        CommonCache.put(key, m, 2000);
        return m;
    }
    def getPeriodicObjects(sDate: String, eDate: String, objType: String): MapPack = {
        val key = ""PeriodicObjects:"" + sDate + eDate + "":"" + objType;
        var m = CommonCache.get(key).asInstanceOf[MapPack];
        if (m != null)
            return m;
        val stime = DateUtil.yyyymmdd(sDate);
        val etime = DateUtil.yyyymmdd(eDate);
        val objSet = new HashSet[ObjectPack]();
        var date = stime;
        while (date <= etime) {
            val d = DateUtil.yyyymmdd(date);
            val list = ObjectRD.getObjectList(d);
            objSet.addAll(list);
            date += DateUtil.MILLIS_PER_DAY
        }
        m = new MapPack();
        val objTypeLv = m.newList(""objType"");
        val objHashLv = m.newList(""objHash"");
        val itr = objSet.iterator();
        while (itr.hasNext()) {
            val obj = itr.next();
            if (objType.equals(obj.objType)) {
                objTypeLv.add(obj.objType);
                objHashLv.add(obj.objHash);
            }
        }
        CommonCache.put(key, m, 2000);
        return m;
    }
    def removeAgents(objHashList: List[Int], permanent: Boolean) {
        EnumerScala.foreach(objHashList.iterator(), (objHash: Int) => {
            objMap.remove(objHash);
            if (permanent) {
                ObjectWR.remove(objHash);
            }
        })
    }
    def getPrimaryObjCount() = this.primaryObjCount
}","objPack.wakeup();
                save = true;
            }
            if (objPack.objName != p.objName) {
                objPack.objName = p.objName;
                save = true;
            }
            if (objPack.objType != p.objType) {
                objPack.objType = p.objType;
                save = true;
            }
            if (objPack.address != p.address) {
                objPack.address = p.address;
                save = true;
            }
            if (objPack.version != p.version) {
                objPack.version = p.version;
                save = true;
            }
            if (CompareUtil.equals(objPack.tags, p.tags) == false) {
                objPack.tags = p.tags;
                save = true;
            }
            if (save) {
                procObjName(objPack);
                ObjectWR.add(objPack);
            }
            objPack.wakeup();
            objPack.alive = true;
        }
        if (counterEngine.isPrimaryObject(p.objType)) {
            primaryObjCount += 1;
        }
    }
    def inactive(objHash: Int) {
        val objPack = objMap.getObject(objHash);"
deepseek,deepseek-ai/DeepSeek-V3.2:novita,scala,GPL-3.0,maestro-example::src::test::scala::au::com::cba::omnia::maestro::example::CustomerSqoopExportExecutionSpec.scala,95,0.2,0,0.05263157894736842,"object CustomerSqoopExportExecutionSpec extends ThermometerSpec with ParquetLogging { def is = s2""""""

CustomerSqoopExportExecutionSpec test
=====================================

  end to end pipeline $pipeline

""""""
  val connectionString = ""jdbc:hsqldb:mem:sqoopdb""
  val username         = ""sa""
  val password         = """"
  val mapRedHome       = s""${System.getProperty(""user.home"")}/.ivy2/cache""
  val resourceUrl      = getClass.getResource(""/sqoop-customer/export"")
  val expectedData     = Source.fromFile(s""${resourceUrl.getPath}/expected-table.txt"").getLines().toList

  def pipeline = {
    CustomerExport.tableSetup(connectionString, username, password)
    SqoopExecutionTest.setupEnv()

    val args = Map(
      ""hdfs-root"" -> List(s""$dir/user""),
      ""jdbc""      -> List(connectionString),
      ""db-user""   -> List(username)
    )

    withEnvironment(path(resourceUrl.toString)) {
      executesOk(CustomerSqoopExportExecution.execute, args)
      CustomerExport.tableData(connectionString, username, password) must containTheSameElementsAs(expectedData)
    }
  }

  object CustomerExport {
    Class.forName(""org.hsqldb.jdbcDriver"")

    def tableSetup(
      connectionString: String,
      username: String,
      password: String,
      table: String = ""customer_export""
    ): Unit = {
      ConnectionPool.singleton(connectionString, username, password)
      implicit val session = AutoSession
      SQL(s""""""
        create table $table (
          id varchar(10),
          name varchar(20),
          accr varchar(20),
          cat varchar(20),
          sub_cat varchar(20),
          balance integer)
      """""").execute.apply()
    }

    def tableData(
      connectionString: String,
      username: String,
      password: String,
      table: String = ""customer_export""
    ): List[String] = {
      ConnectionPool.singleton(connectionString, username, password)
      implicit val session = AutoSession
      SQL(s""select * from $table"").map(rs => List(rs.string(""id""), rs.string(""name""), rs.string(""accr""),
        rs.string(""cat""), rs.string(""sub_cat""), rs.int(""balance"")) mkString ""|"").list.apply()
    }
  }
}","object CustomerSqoopExportExecutionSpec extends ThermometerSpec with ParquetLogging { def is = s2""""""
  Export customer data to SQL Server via Sqoop $export
""""""

  def export = {
    val db = s""customer_sqoop_export_${java.util.UUID.randomUUID.toString.replace(""-"", ""_"")}""
    withEnvironment(path(getClass.getResource(""/customer-sqoop-export"").toString)) {
      // Setup in-memory H2 database
      Class.forName(""org.h2.Driver"")
      ConnectionPool.singleton(s""jdbc:h2:mem:${db};DB_CLOSE_DELAY=-1"", ""sa"", """")
      implicit val session = AutoSession

      // Create table
      SQL(s""""""
        CREATE TABLE customer (
          id          INT PRIMARY KEY,
          name        VARCHAR(255),
          age         INT,
          salary      DECIMAL(10,2),
          designation VARCHAR(255)
        )
      """""").execute.apply()

      // Insert test data
      SQL(""INSERT INTO customer VALUES (1, 'John', 30, 50000.00, 'Engineer')"").update.apply()
      SQL(""INSERT INTO customer VALUES (2, 'Jane',"
deepseek,deepseek-ai/DeepSeek-V3.2:novita,scala,GPL-3.0,maestro-example::src::test::scala::au::com::cba::omnia::maestro::example::CustomerSqoopExportExecutionSpec.scala,95,0.4,0,0.072,"object CustomerSqoopExportExecutionSpec extends ThermometerSpec with ParquetLogging { def is = s2""""""

CustomerSqoopExportExecutionSpec test
=====================================

  end to end pipeline $pipeline

""""""
  val connectionString = ""jdbc:hsqldb:mem:sqoopdb""
  val username         = ""sa""
  val password         = """"
  val mapRedHome       = s""${System.getProperty(""user.home"")}/.ivy2/cache""
  val resourceUrl      = getClass.getResource(""/sqoop-customer/export"")
  val expectedData     = Source.fromFile(s""${resourceUrl.getPath}/expected-table.txt"").getLines().toList

  def pipeline = {
    CustomerExport.tableSetup(connectionString, username, password)
    SqoopExecutionTest.setupEnv()

    val args = Map(
      ""hdfs-root"" -> List(s""$dir/user""),
      ""jdbc""      -> List(connectionString),
      ""db-user""   -> List(username)
    )

    withEnvironment(path(resourceUrl.toString)) {
      executesOk(CustomerSqoopExportExecution.execute, args)
      CustomerExport.tableData(connectionString, username, password) must containTheSameElementsAs(expectedData)
    }
  }

  object CustomerExport {
    Class.forName(""org.hsqldb.jdbcDriver"")

    def tableSetup(
      connectionString: String,
      username: String,
      password: String,
      table: String = ""customer_export""
    ): Unit = {
      ConnectionPool.singleton(connectionString, username, password)
      implicit val session = AutoSession
      SQL(s""""""
        create table $table (
          id varchar(10),
          name varchar(20),
          accr varchar(20),
          cat varchar(20),
          sub_cat varchar(20),
          balance integer)
      """""").execute.apply()
    }

    def tableData(
      connectionString: String,
      username: String,
      password: String,
      table: String = ""customer_export""
    ): List[String] = {
      ConnectionPool.singleton(connectionString, username, password)
      implicit val session = AutoSession
      SQL(s""select * from $table"").map(rs => List(rs.string(""id""), rs.string(""name""), rs.string(""accr""),
        rs.string(""cat""), rs.string(""sub_cat""), rs.int(""balance"")) mkString ""|"").list.apply()
    }
  }
}","object CustomerSqoopExportExecutionSpec extends ThermometerSpec with SqoopExecutionTest with ParquetLogging { def is = s2""""""
  Export customer data to SQL Server
    ====================

    Export should:
      export data to the database $export

  """"""

  def export = {
    val db = ""customer""
    val src = s""$dir/user/hive/warehouse/${db}_deploy.db/customer""
    val dst = ""customerExport""

    withEnvironment(path(src)) {
      // Write test data to the source Hive table
      writeText(
        path(s""$src/part-m-0000""),
        List(""1,John,Doe,1970-01-01"", ""2,Jane,Smith,1980-02-02"").mkString(""\n"")
      )

      // Setup in-memory H2 database for the export destination
      Class.forName(""org.h2.Driver"")
      ConnectionPool.singleton(s""jdbc:h2:mem:$dst;DB_CLOSE_DELAY=-1"", ""sa"", """")
      implicit val session = AutoSession

      // Create the destination table
      SQL(s""""""
        create table $dst (
          id int"
deepseek,deepseek-ai/DeepSeek-V3.2:novita,scala,GPL-3.0,maestro-example::src::test::scala::au::com::cba::omnia::maestro::example::CustomerSqoopExportExecutionSpec.scala,95,0.8,0,0.0,"object CustomerSqoopExportExecutionSpec extends ThermometerSpec with ParquetLogging { def is = s2""""""

CustomerSqoopExportExecutionSpec test
=====================================

  end to end pipeline $pipeline

""""""
  val connectionString = ""jdbc:hsqldb:mem:sqoopdb""
  val username         = ""sa""
  val password         = """"
  val mapRedHome       = s""${System.getProperty(""user.home"")}/.ivy2/cache""
  val resourceUrl      = getClass.getResource(""/sqoop-customer/export"")
  val expectedData     = Source.fromFile(s""${resourceUrl.getPath}/expected-table.txt"").getLines().toList

  def pipeline = {
    CustomerExport.tableSetup(connectionString, username, password)
    SqoopExecutionTest.setupEnv()

    val args = Map(
      ""hdfs-root"" -> List(s""$dir/user""),
      ""jdbc""      -> List(connectionString),
      ""db-user""   -> List(username)
    )

    withEnvironment(path(resourceUrl.toString)) {
      executesOk(CustomerSqoopExportExecution.execute, args)
      CustomerExport.tableData(connectionString, username, password) must containTheSameElementsAs(expectedData)
    }
  }

  object CustomerExport {
    Class.forName(""org.hsqldb.jdbcDriver"")

    def tableSetup(
      connectionString: String,
      username: String,
      password: String,
      table: String = ""customer_export""
    ): Unit = {
      ConnectionPool.singleton(connectionString, username, password)
      implicit val session = AutoSession
      SQL(s""""""
        create table $table (
          id varchar(10),
          name varchar(20),
          accr varchar(20),
          cat varchar(20),
          sub_cat varchar(20),
          balance integer)
      """""").execute.apply()
    }

    def tableData(
      connectionString: String,
      username: String,
      password: String,
      table: String = ""customer_export""
    ): List[String] = {
      ConnectionPool.singleton(connectionString, username, password)
      implicit val session = AutoSession
      SQL(s""select * from $table"").map(rs => List(rs.string(""id""), rs.string(""name""), rs.string(""accr""),
        rs.string(""cat""), rs.string(""sub_cat""), rs.int(""balance"")) mkString ""|"").list.apply()
    }
  }
}","object CustomerSqoopExportExecutionSpec
  extends ThermometerSpec
     with SqoopExecutionTest
     with ParquetLogging { def is = s2""""""
    CustomerSqoopExportExecution
      must export parquet files to a database table ${step(setup())} $export

""""""

  def export() = {
    def exportDsl = ParlourExportDsl()

    withEnvironment(path(getClass.getResource(""/customer-export"").toString)) {
      CustomerSqoopExportExecute.export(
        s""$dir/user"",
        ""customer_table"",
        List(""customer_id""),
        exportDsl
      ) must_== (())
    }

    verifyExport()
  }

  def verifyExport() = {
    ConnectionPool.add('export, ""jdbc:hsqldb:file:target/export/hsqldb"", ""sa"", """")
    implicit val session = AutoSession('export)

    val results = SQL(""SELECT * FROM customer_table ORDER BY customer_id"").map(_.toMap).list.apply()

    results must_== List(
      Map(""customer_id"" -> 1,  ""name"" -> ""Chet""),
      Map(""customer_id"" -> 2,  ""name"
deepseek,deepseek-ai/DeepSeek-V3.2:novita,scala,GPL-3.0,core::src::main::apron::it::unich::jandom::domains::numerical::apron::ApronProperty.scala,165,0.2,0,0.21379310344827587,"
  def intersection(that: Property): Property = {
    val res = new Property(this.domain, that.obj.meetCopy(this.domain.manager, this.obj))
    assert(res.obj.getDimension(this.domain.manager) == this.obj.getDimension(this.domain.manager))
    res
  }

  def nonDeterministicAssignment(n: Int): Property = {
    require(n < dimension && n >= 0)
    if (isEmpty)
      this
    else
      new Property(this.domain, this.obj.forgetCopy(this.domain.manager, Array(n), false))
  }

  // Abstract assignment (Mine sects. 4.2, 4.4)
  def linearAssignment(n: Int, lf: LinearForm): Property = {
    assert(n <= dimension)
    new Property(this.domain, obj.assignCopy(this.domain.manager, n, SpireGmpUtils.lfToLinexpr(lf), null))
  }

  // Abstract test (Mine sect. 4.5)
  def linearInequality(lf: LinearForm): Property = {
    new ApronProperty(this.domain, obj.meetCopy(this.domain.manager, SpireGmpUtils.lfToLincons(lf)))
  }

  def linearDisequality(lf: LinearForm): Property = ??? // TODO

  def toInterval : domain.boxDomain.Property =
  {
    val box = this.obj.toBox(this.domain.manager)
    val inf  = box.map(x => SpireGmpUtils.scalarToRatExt(x.inf()))
    val sup  = box.map(x => SpireGmpUtils.scalarToRatExt(x.sup()))
    val isNotEmpty = (inf zip sup).foldLeft(true)((z,i) => z & (!(i._1.isPosInfinity) && !(i._2.isNegInfinity)))
    if (isNotEmpty)
      domain.boxDomain.makeBox(inf, sup, false)
    else {
      val pairs = Array.fill(inf.size)((RationalExt.PositiveInfinity, RationalExt.NegativeInfinity))
      domain.boxDomain.makeBox(pairs.unzip._1, pairs.unzip._2, true)
    }
  }

  def minimize(lf: LinearForm) = ??? // TODO

  def maximize(lf: LinearForm) = ??? // TODO

  def frequency(lf: LinearForm) = ??? // TODO

  def constraints : Seq[LinearForm] = {
    this.obj.toLincons(this.domain.manager).toSeq.flatMap(SpireGmpUtils.linconsToLf(_)).map(_.padded(dimension+1))
  }

  def isPolyhedral = ??? // TODO

  def addVariable = ??? // TODO

  def delVariable(n: Int) = ??? // TODO

  def mapVariables(rho: Seq[Int]) = ??? // TODO

  def dimension: Int = apronnum.dimension(this.obj)

  def isEmpty = isBottom

  def isTop = this.obj.isTop(this.domain.manager)

  def isBottom = this.obj.isBottom(this.domain.manager)

  def bottom = domain.bottom(this.dimension)

  def top = domain.top(this.dimension)

  // Copypasted from PPL
  def tryCompareTo[B >: Property](other: B)(implicit arg0: (B) => PartiallyOrdered[B]): Option[Int] =
    other match {
      case other: ApronProperty[_, _] => {
        assert (obj.getClass == other.obj.getClass)
        if (obj equals other.obj)
          Option(0)
        else if (other.obj.isIncluded(this.domain.manager, this.obj) && (this.obj.isIncluded(this.domain.manager, other.obj)))
          Option(0)
        else if (other.obj.isIncluded(this.domain.manager, this.obj))
          Option(1)
        else if (this.obj.isIncluded(this.domain.manager, other.obj))
          Option(-1)
        else {
          assert(false)
          Option.empty
        }
      }
      case _ => {
        assert(false)
        Option.empty
      }
    }

  override def hashCode: Int = obj.hashCode

  def mkString(vars: Seq[String]): String = {
    if (isTop) {
      ""[ T ]""
    } else if (isBottom) {
      ""[ _|_ ]""
    } else {
      ""[ "" +
      Inequalities.constraintsToInequalities(constraints).map(_.mkString(vars)).mkString(""; "")
    } +
      (if (!kDebugConstr) {
      "" ]""
    } else {
      "" ]        //"" +
      constraints
    })
  }
}","def intersection(that: Property): Property = {
    assert(that.obj.getDimension(this.domain.manager) == this.obj.getDimension(this.domain.manager))
    new Property(this.domain, this.obj.meetCopy(this.domain.manager, that.obj))
  }

  def nonDeterministicAssignment(n: Int): Property = {
    val newobj = obj.forgetCopy(domain.manager, n, false)
    new Property(domain, newobj)
  }

  def linearAssignment(n: Int, lf: LinearForm): Property = {
    val env = obj.getEnvironment(domain.manager)
    val texpr = lf.toApronTexpr1Int(env)
    val newobj = obj.assignCopy(domain.manager, n, texpr, null)
    new Property(domain, newobj)
  }

  def linearInequality(lf: LinearForm): Property = {
    val env = obj.getEnvironment(domain.manager)
    val texpr = lf.toApronTexpr1Int(env)
    val newobj = obj.meetCopy(domain.manager, new Tcons1(Tcons1.EQ, texpr))
    new Property(domain,"
deepseek,deepseek-ai/DeepSeek-V3.2:novita,scala,GPL-3.0,core::src::main::apron::it::unich::jandom::domains::numerical::apron::ApronProperty.scala,165,0.4,0,0.24324324324324326,"
  def intersection(that: Property): Property = {
    val res = new Property(this.domain, that.obj.meetCopy(this.domain.manager, this.obj))
    assert(res.obj.getDimension(this.domain.manager) == this.obj.getDimension(this.domain.manager))
    res
  }

  def nonDeterministicAssignment(n: Int): Property = {
    require(n < dimension && n >= 0)
    if (isEmpty)
      this
    else
      new Property(this.domain, this.obj.forgetCopy(this.domain.manager, Array(n), false))
  }

  // Abstract assignment (Mine sects. 4.2, 4.4)
  def linearAssignment(n: Int, lf: LinearForm): Property = {
    assert(n <= dimension)
    new Property(this.domain, obj.assignCopy(this.domain.manager, n, SpireGmpUtils.lfToLinexpr(lf), null))
  }

  // Abstract test (Mine sect. 4.5)
  def linearInequality(lf: LinearForm): Property = {
    new ApronProperty(this.domain, obj.meetCopy(this.domain.manager, SpireGmpUtils.lfToLincons(lf)))
  }

  def linearDisequality(lf: LinearForm): Property = ??? // TODO

  def toInterval : domain.boxDomain.Property =
  {
    val box = this.obj.toBox(this.domain.manager)
    val inf  = box.map(x => SpireGmpUtils.scalarToRatExt(x.inf()))
    val sup  = box.map(x => SpireGmpUtils.scalarToRatExt(x.sup()))
    val isNotEmpty = (inf zip sup).foldLeft(true)((z,i) => z & (!(i._1.isPosInfinity) && !(i._2.isNegInfinity)))
    if (isNotEmpty)
      domain.boxDomain.makeBox(inf, sup, false)
    else {
      val pairs = Array.fill(inf.size)((RationalExt.PositiveInfinity, RationalExt.NegativeInfinity))
      domain.boxDomain.makeBox(pairs.unzip._1, pairs.unzip._2, true)
    }
  }

  def minimize(lf: LinearForm) = ??? // TODO

  def maximize(lf: LinearForm) = ??? // TODO

  def frequency(lf: LinearForm) = ??? // TODO

  def constraints : Seq[LinearForm] = {
    this.obj.toLincons(this.domain.manager).toSeq.flatMap(SpireGmpUtils.linconsToLf(_)).map(_.padded(dimension+1))
  }

  def isPolyhedral = ??? // TODO

  def addVariable = ??? // TODO

  def delVariable(n: Int) = ??? // TODO

  def mapVariables(rho: Seq[Int]) = ??? // TODO

  def dimension: Int = apronnum.dimension(this.obj)

  def isEmpty = isBottom

  def isTop = this.obj.isTop(this.domain.manager)

  def isBottom = this.obj.isBottom(this.domain.manager)

  def bottom = domain.bottom(this.dimension)

  def top = domain.top(this.dimension)

  // Copypasted from PPL
  def tryCompareTo[B >: Property](other: B)(implicit arg0: (B) => PartiallyOrdered[B]): Option[Int] =
    other match {
      case other: ApronProperty[_, _] => {
        assert (obj.getClass == other.obj.getClass)
        if (obj equals other.obj)
          Option(0)
        else if (other.obj.isIncluded(this.domain.manager, this.obj) && (this.obj.isIncluded(this.domain.manager, other.obj)))
          Option(0)
        else if (other.obj.isIncluded(this.domain.manager, this.obj))
          Option(1)
        else if (this.obj.isIncluded(this.domain.manager, other.obj))
          Option(-1)
        else {
          assert(false)
          Option.empty
        }
      }
      case _ => {
        assert(false)
        Option.empty
      }
    }

  override def hashCode: Int = obj.hashCode

  def mkString(vars: Seq[String]): String = {
    if (isTop) {
      ""[ T ]""
    } else if (isBottom) {
      ""[ _|_ ]""
    } else {
      ""[ "" +
      Inequalities.constraintsToInequalities(constraints).map(_.mkString(vars)).mkString(""; "")
    } +
      (if (!kDebugConstr) {
      "" ]""
    } else {
      "" ]        //"" +
      constraints
    })
  }
}","def intersection(that: Property): Property = {
    assert(that.obj.getDimension(this.domain.manager) == this.obj.getDimension(this.domain.manager))
    val res = new Property(this.domain, that.obj.meetCopy(this.domain.manager, this.obj))
    assert(res.obj.getDimension(this.domain.manager) == this.obj.getDimension(this.domain.manager))
    res
  }

  def nonDeterministicAssignment(n: Int): Property = {
    val dim = obj.getDimension(domain.manager)
    val newobj = obj.forgetCopy(domain.manager, n, false)
    new Property(domain, newobj)
  }

  def linearAssignment(n: Int, lf: LinearForm[RationalExt]): Property = {
    val dim = obj.getDimension(domain.manager)
    val (coeffs, cst) = lf.coeffs
    val apronCoeffs = new Array[Double](dim.intDim + dim.realDim)
    for ((i, coeff) <- coeffs) {
      apronCoeffs(i) = coeff.toDouble
    }
    val apronCst = cst.toDouble
    val line"
deepseek,deepseek-ai/DeepSeek-V3.2:novita,scala,GPL-3.0,core::src::main::apron::it::unich::jandom::domains::numerical::apron::ApronProperty.scala,165,0.8,0,0.2604501607717042,"
  def intersection(that: Property): Property = {
    val res = new Property(this.domain, that.obj.meetCopy(this.domain.manager, this.obj))
    assert(res.obj.getDimension(this.domain.manager) == this.obj.getDimension(this.domain.manager))
    res
  }

  def nonDeterministicAssignment(n: Int): Property = {
    require(n < dimension && n >= 0)
    if (isEmpty)
      this
    else
      new Property(this.domain, this.obj.forgetCopy(this.domain.manager, Array(n), false))
  }

  // Abstract assignment (Mine sects. 4.2, 4.4)
  def linearAssignment(n: Int, lf: LinearForm): Property = {
    assert(n <= dimension)
    new Property(this.domain, obj.assignCopy(this.domain.manager, n, SpireGmpUtils.lfToLinexpr(lf), null))
  }

  // Abstract test (Mine sect. 4.5)
  def linearInequality(lf: LinearForm): Property = {
    new ApronProperty(this.domain, obj.meetCopy(this.domain.manager, SpireGmpUtils.lfToLincons(lf)))
  }

  def linearDisequality(lf: LinearForm): Property = ??? // TODO

  def toInterval : domain.boxDomain.Property =
  {
    val box = this.obj.toBox(this.domain.manager)
    val inf  = box.map(x => SpireGmpUtils.scalarToRatExt(x.inf()))
    val sup  = box.map(x => SpireGmpUtils.scalarToRatExt(x.sup()))
    val isNotEmpty = (inf zip sup).foldLeft(true)((z,i) => z & (!(i._1.isPosInfinity) && !(i._2.isNegInfinity)))
    if (isNotEmpty)
      domain.boxDomain.makeBox(inf, sup, false)
    else {
      val pairs = Array.fill(inf.size)((RationalExt.PositiveInfinity, RationalExt.NegativeInfinity))
      domain.boxDomain.makeBox(pairs.unzip._1, pairs.unzip._2, true)
    }
  }

  def minimize(lf: LinearForm) = ??? // TODO

  def maximize(lf: LinearForm) = ??? // TODO

  def frequency(lf: LinearForm) = ??? // TODO

  def constraints : Seq[LinearForm] = {
    this.obj.toLincons(this.domain.manager).toSeq.flatMap(SpireGmpUtils.linconsToLf(_)).map(_.padded(dimension+1))
  }

  def isPolyhedral = ??? // TODO

  def addVariable = ??? // TODO

  def delVariable(n: Int) = ??? // TODO

  def mapVariables(rho: Seq[Int]) = ??? // TODO

  def dimension: Int = apronnum.dimension(this.obj)

  def isEmpty = isBottom

  def isTop = this.obj.isTop(this.domain.manager)

  def isBottom = this.obj.isBottom(this.domain.manager)

  def bottom = domain.bottom(this.dimension)

  def top = domain.top(this.dimension)

  // Copypasted from PPL
  def tryCompareTo[B >: Property](other: B)(implicit arg0: (B) => PartiallyOrdered[B]): Option[Int] =
    other match {
      case other: ApronProperty[_, _] => {
        assert (obj.getClass == other.obj.getClass)
        if (obj equals other.obj)
          Option(0)
        else if (other.obj.isIncluded(this.domain.manager, this.obj) && (this.obj.isIncluded(this.domain.manager, other.obj)))
          Option(0)
        else if (other.obj.isIncluded(this.domain.manager, this.obj))
          Option(1)
        else if (this.obj.isIncluded(this.domain.manager, other.obj))
          Option(-1)
        else {
          assert(false)
          Option.empty
        }
      }
      case _ => {
        assert(false)
        Option.empty
      }
    }

  override def hashCode: Int = obj.hashCode

  def mkString(vars: Seq[String]): String = {
    if (isTop) {
      ""[ T ]""
    } else if (isBottom) {
      ""[ _|_ ]""
    } else {
      ""[ "" +
      Inequalities.constraintsToInequalities(constraints).map(_.mkString(vars)).mkString(""; "")
    } +
      (if (!kDebugConstr) {
      "" ]""
    } else {
      "" ]        //"" +
      constraints
    })
  }
}","def intersection(that: Property): Property = {
    assert(that.obj.getDimension(this.domain.manager) == this.obj.getDimension(this.domain.manager))
    val res = new Property(this.domain, that.obj.meetCopy(this.domain.manager, this.obj))
    assert(res.obj.getDimension(this.domain.manager) == this.obj.getDimension(this.domain.manager))
    res
  }

  def isEmpty: Boolean = obj.isBottom(this.domain.manager)

  def isTop: Boolean = obj.isTop(this.domain.manager)

  def dimension: Int = apronnum.dimension(obj)

  def addVariable(): Property = {
    val dim = obj.getDimension(this.domain.manager)
    val res = obj.addDimensions(this.domain.manager, new Dimchange(Array(dim), 1, 0), true)
    new Property(this.domain, res)
  }

  def delVariable(v: Int): Property = {
    val dim = obj.getDimension(this.domain.manager)
    val change = new Dimchange(Array(v), 0, 1)
    val res = obj.removeDimensions(this.domain.manager, change, true)
    new Property(this.domain, res)
  }

  def mapVariables"
deepseek,deepseek-ai/DeepSeek-V3.2:novita,scala,GPL-3.0,src::main::scala::com::geteit::rcouch::actors::ViewActor.scala,138,0.2,0,0.01444043321299639,"  }

  def connected(connector: ActorRef): Actor.Receive = {

    import DesignDocument._
    import spray.httpx.PlayJsonSupport._

    implicit val timeout = Timeout(15, TimeUnit.SECONDS)

    val pipeline: HttpRequest => Future[HttpResponse] =
      if (user == """") sendReceive(connector) else addCredentials(BasicHttpCredentials(user, passwd)) ~> sendReceive(connector)

    def rest(c: Command, req: HttpRequest, onSuccess: HttpResponse => Any): Unit = {
      val s = sender
      pipeline(req) onComplete {
        case Success(r) if r.status.isSuccess =>
          log.debug(s""Rest completed, command: $c, response: $r"")
          s ! onSuccess(r)
        case Success(r) =>
          log.error(s""Rest failed, for command: $c; got response: $r"")
          s ! RestFailed(req.uri, Success(r))
        case Failure(e) =>
          log.error(e, s""Res failed, for command: $c"")
          s ! RestFailed(req.uri, Failure(e))
      }
    }

    {
      case c: QueryCommand =>
        context.actorOf(Props(classOf[ViewQueryActor], couchApiBase, connector)).forward(c)
      case c @ GetDesignDoc(name) =>
        rest(c, Get(s""/$bucket/_design/$name""), DesignDocument(bucket, _))
      case c @ SaveDesignDoc(name, doc) =>
        rest(c, Put(s""/$bucket/_design/$name"", doc), _ => Saved)
      case c @ DeleteDesignDoc(name) =>
        rest(c, Delete(s""/$bucket/_design/$name""), _ => Deleted)
      case m =>
        log.warning(""Got unexpected message: {}"", m)
    }
  }
}

object ViewActor {

  sealed trait Command
  case class QueryCommand(v: View, q: Query = Query()) extends Command

  sealed trait DesignCommand extends Command
  case class GetDesignDoc(name: String) extends DesignCommand
  case class DeleteDesignDoc(name: String) extends DesignCommand
  case class SaveDesignDoc(name: String, doc: DocumentDef) extends DesignCommand

  sealed trait Response
  case object Deleted extends Response
  case object Saved extends Response

  def props(couchApiBase: Uri, user: String = """", passwd: String = """"): Props = Props(classOf[ViewActor], couchApiBase, user, passwd)
}

class ViewQueryActor(couchApiBase: Uri, connector: ActorRef) extends Actor with ActorLogging {

  import context._

  var origSender: ActorRef = _
  lazy val pipeline = PipelineFactory.buildWithSinkFunctions(
    new HasActorSystem { val system = context.system },
    new ViewResponse.PipelineStage()
  )({_ => }, {
    case Success(resp) => origSender ! resp
    case Failure(ex) => log.error(ex, ""couldn't decode view response"")
  })

  def receive: Actor.Receive = {
    case QueryCommand(v, q) =>
      origSender = sender
      connector ! HttpRequest(HttpMethods.GET, couchApiBase.withPath(v.path).withQuery(q.httpQuery))
    case ChunkedResponseStart(response) =>
      log.debug(""Got chunked response start:\nresponse: {}\n\nheaders: {}\n\nentity: {}"", response, response.headers, response.entity)
    case MessageChunk(data, _) =>
      log.debug(""Got message chunk: {}"", data)
      pipeline.injectEvent(data)
    case m @ ChunkedMessageEnd(_, _) =>
      log.debug(""Got chunked message end: {}"", m)
      context.stop(self)
    case m @ HttpResponse(status, HttpEntity.NonEmpty(_, msg), _, _) if status.isFailure =>
      log.warning(""Got error from view query: {}"", m)
      origSender ! new ViewResponse.Error(msg.asString(HttpCharsets.`UTF-8`))
      context.stop(self)
    case m @ HttpResponse(status, _, _, _) if status.isFailure =>
      log.warning(""Got error from view query: {}"", m)
      origSender ! new ViewResponse.Error(s""Unknown error: $status"")
      context.stop(self)
    case m =>
      log.warning(""Got unexpected message: {}"", m)
  }
}","}

  private def connected(connector: ActorRef): Receive = {
    case QueryCommand(view, key, options) =>
      val request = buildRequest(view, key, options)
      val pipeline = sendReceive(connector) ~> unmarshal[ViewResponse]
      val originalSender = sender()
      pipeline(request).onComplete {
        case Success(response) => originalSender ! response
        case Failure(ex) => originalSender ! Status.Failure(ex)
      }
    case _: Http.ConnectionClosed =>
      context.become(receive)
      self ! PoisonPill
  }

  private def buildRequest(view: View, key: Option[String], options: Map[String, String]): HttpRequest = {
    val path = s""/$bucket/_design/${view.designDoc.name}/_view/${view.name}""
    val uri = Uri(path).withQuery(Uri.Query(options ++ key.map(""key"" -> _)))
    val authHeader = if (user.nonEmpty && passwd.nonEmpty) {
      val credentials = java.util.Base64.getEncoder.encodeToString(s""$user:$passwd"".getBytes(""UTF-8""))
      HttpHeaders.Authorization(HttpCredentials.createBasicAuthCredentials(user"
deepseek,deepseek-ai/DeepSeek-V3.2:novita,scala,GPL-3.0,src::main::scala::com::geteit::rcouch::actors::ViewActor.scala,138,0.4,0,0.03745318352059925,"  }

  def connected(connector: ActorRef): Actor.Receive = {

    import DesignDocument._
    import spray.httpx.PlayJsonSupport._

    implicit val timeout = Timeout(15, TimeUnit.SECONDS)

    val pipeline: HttpRequest => Future[HttpResponse] =
      if (user == """") sendReceive(connector) else addCredentials(BasicHttpCredentials(user, passwd)) ~> sendReceive(connector)

    def rest(c: Command, req: HttpRequest, onSuccess: HttpResponse => Any): Unit = {
      val s = sender
      pipeline(req) onComplete {
        case Success(r) if r.status.isSuccess =>
          log.debug(s""Rest completed, command: $c, response: $r"")
          s ! onSuccess(r)
        case Success(r) =>
          log.error(s""Rest failed, for command: $c; got response: $r"")
          s ! RestFailed(req.uri, Success(r))
        case Failure(e) =>
          log.error(e, s""Res failed, for command: $c"")
          s ! RestFailed(req.uri, Failure(e))
      }
    }

    {
      case c: QueryCommand =>
        context.actorOf(Props(classOf[ViewQueryActor], couchApiBase, connector)).forward(c)
      case c @ GetDesignDoc(name) =>
        rest(c, Get(s""/$bucket/_design/$name""), DesignDocument(bucket, _))
      case c @ SaveDesignDoc(name, doc) =>
        rest(c, Put(s""/$bucket/_design/$name"", doc), _ => Saved)
      case c @ DeleteDesignDoc(name) =>
        rest(c, Delete(s""/$bucket/_design/$name""), _ => Deleted)
      case m =>
        log.warning(""Got unexpected message: {}"", m)
    }
  }
}

object ViewActor {

  sealed trait Command
  case class QueryCommand(v: View, q: Query = Query()) extends Command

  sealed trait DesignCommand extends Command
  case class GetDesignDoc(name: String) extends DesignCommand
  case class DeleteDesignDoc(name: String) extends DesignCommand
  case class SaveDesignDoc(name: String, doc: DocumentDef) extends DesignCommand

  sealed trait Response
  case object Deleted extends Response
  case object Saved extends Response

  def props(couchApiBase: Uri, user: String = """", passwd: String = """"): Props = Props(classOf[ViewActor], couchApiBase, user, passwd)
}

class ViewQueryActor(couchApiBase: Uri, connector: ActorRef) extends Actor with ActorLogging {

  import context._

  var origSender: ActorRef = _
  lazy val pipeline = PipelineFactory.buildWithSinkFunctions(
    new HasActorSystem { val system = context.system },
    new ViewResponse.PipelineStage()
  )({_ => }, {
    case Success(resp) => origSender ! resp
    case Failure(ex) => log.error(ex, ""couldn't decode view response"")
  })

  def receive: Actor.Receive = {
    case QueryCommand(v, q) =>
      origSender = sender
      connector ! HttpRequest(HttpMethods.GET, couchApiBase.withPath(v.path).withQuery(q.httpQuery))
    case ChunkedResponseStart(response) =>
      log.debug(""Got chunked response start:\nresponse: {}\n\nheaders: {}\n\nentity: {}"", response, response.headers, response.entity)
    case MessageChunk(data, _) =>
      log.debug(""Got message chunk: {}"", data)
      pipeline.injectEvent(data)
    case m @ ChunkedMessageEnd(_, _) =>
      log.debug(""Got chunked message end: {}"", m)
      context.stop(self)
    case m @ HttpResponse(status, HttpEntity.NonEmpty(_, msg), _, _) if status.isFailure =>
      log.warning(""Got error from view query: {}"", m)
      origSender ! new ViewResponse.Error(msg.asString(HttpCharsets.`UTF-8`))
      context.stop(self)
    case m @ HttpResponse(status, _, _, _) if status.isFailure =>
      log.warning(""Got error from view query: {}"", m)
      origSender ! new ViewResponse.Error(s""Unknown error: $status"")
      context.stop(self)
    case m =>
      log.warning(""Got unexpected message: {}"", m)
  }
}","}

  private def connected(connector: ActorRef): Receive = {
    case QueryCommand(view, key, options, requester) =>
      implicit val timeout = Timeout(30, TimeUnit.SECONDS)
      import context.dispatcher

      val pipeline = sendReceive(connector)
      val uri = view.uri(couchApiBase, bucket, key, options)
      val request = Get(uri)
      val authenticatedRequest = if (user.nonEmpty && passwd.nonEmpty) {
        request ~> addCredentials(BasicHttpCredentials(user, passwd))
      } else request

      val response: Future[HttpResponse] = pipeline(authenticatedRequest)

      response.onComplete {
        case Success(resp) =>
          requester ! resp
        case Failure(ex) =>
          requester ! Status.Failure(ex)
      }

    case other: Command =>
      log.warning(s""Received unexpected command in connected state: $other"")
  }

  override def postStop(): Unit = {
    log.info(""ViewActor stopped"")
  }
}

object ViewActor {
  sealed trait Command
  case class QueryCommand(view: View, key: Option[String], options: Map[String, String], requester"
deepseek,deepseek-ai/DeepSeek-V3.2:novita,scala,GPL-3.0,src::main::scala::com::geteit::rcouch::actors::ViewActor.scala,138,0.8,0,0.007380073800738007,"  }

  def connected(connector: ActorRef): Actor.Receive = {

    import DesignDocument._
    import spray.httpx.PlayJsonSupport._

    implicit val timeout = Timeout(15, TimeUnit.SECONDS)

    val pipeline: HttpRequest => Future[HttpResponse] =
      if (user == """") sendReceive(connector) else addCredentials(BasicHttpCredentials(user, passwd)) ~> sendReceive(connector)

    def rest(c: Command, req: HttpRequest, onSuccess: HttpResponse => Any): Unit = {
      val s = sender
      pipeline(req) onComplete {
        case Success(r) if r.status.isSuccess =>
          log.debug(s""Rest completed, command: $c, response: $r"")
          s ! onSuccess(r)
        case Success(r) =>
          log.error(s""Rest failed, for command: $c; got response: $r"")
          s ! RestFailed(req.uri, Success(r))
        case Failure(e) =>
          log.error(e, s""Res failed, for command: $c"")
          s ! RestFailed(req.uri, Failure(e))
      }
    }

    {
      case c: QueryCommand =>
        context.actorOf(Props(classOf[ViewQueryActor], couchApiBase, connector)).forward(c)
      case c @ GetDesignDoc(name) =>
        rest(c, Get(s""/$bucket/_design/$name""), DesignDocument(bucket, _))
      case c @ SaveDesignDoc(name, doc) =>
        rest(c, Put(s""/$bucket/_design/$name"", doc), _ => Saved)
      case c @ DeleteDesignDoc(name) =>
        rest(c, Delete(s""/$bucket/_design/$name""), _ => Deleted)
      case m =>
        log.warning(""Got unexpected message: {}"", m)
    }
  }
}

object ViewActor {

  sealed trait Command
  case class QueryCommand(v: View, q: Query = Query()) extends Command

  sealed trait DesignCommand extends Command
  case class GetDesignDoc(name: String) extends DesignCommand
  case class DeleteDesignDoc(name: String) extends DesignCommand
  case class SaveDesignDoc(name: String, doc: DocumentDef) extends DesignCommand

  sealed trait Response
  case object Deleted extends Response
  case object Saved extends Response

  def props(couchApiBase: Uri, user: String = """", passwd: String = """"): Props = Props(classOf[ViewActor], couchApiBase, user, passwd)
}

class ViewQueryActor(couchApiBase: Uri, connector: ActorRef) extends Actor with ActorLogging {

  import context._

  var origSender: ActorRef = _
  lazy val pipeline = PipelineFactory.buildWithSinkFunctions(
    new HasActorSystem { val system = context.system },
    new ViewResponse.PipelineStage()
  )({_ => }, {
    case Success(resp) => origSender ! resp
    case Failure(ex) => log.error(ex, ""couldn't decode view response"")
  })

  def receive: Actor.Receive = {
    case QueryCommand(v, q) =>
      origSender = sender
      connector ! HttpRequest(HttpMethods.GET, couchApiBase.withPath(v.path).withQuery(q.httpQuery))
    case ChunkedResponseStart(response) =>
      log.debug(""Got chunked response start:\nresponse: {}\n\nheaders: {}\n\nentity: {}"", response, response.headers, response.entity)
    case MessageChunk(data, _) =>
      log.debug(""Got message chunk: {}"", data)
      pipeline.injectEvent(data)
    case m @ ChunkedMessageEnd(_, _) =>
      log.debug(""Got chunked message end: {}"", m)
      context.stop(self)
    case m @ HttpResponse(status, HttpEntity.NonEmpty(_, msg), _, _) if status.isFailure =>
      log.warning(""Got error from view query: {}"", m)
      origSender ! new ViewResponse.Error(msg.asString(HttpCharsets.`UTF-8`))
      context.stop(self)
    case m @ HttpResponse(status, _, _, _) if status.isFailure =>
      log.warning(""Got error from view query: {}"", m)
      origSender ! new ViewResponse.Error(s""Unknown error: $status"")
      context.stop(self)
    case m =>
      log.warning(""Got unexpected message: {}"", m)
  }
}","case HostConnectorSetupFailed(_, cause) =>
      log.error(cause, ""Failed to setup host connector"")
      context.stop(self)
    case _ =>
  }

  def connected(connector: ActorRef): Receive = {
    case q: QueryCommand =>
      val replyTo = sender()
      implicit val timeout = Timeout(100, TimeUnit.SECONDS)
      import com.geteit.rcouch.views.ViewResponse.HasActorSystem
      implicit val system = context.system

      val pipeline = sendReceive(connector) ~> unmarshal[HttpResponse]
      val uri = couchApiBase.withPath(couchApiBase.path / ""_design"" / q.view.designDoc.name / ""_view"" / q.view.name)
        .withQuery(q.params.toQuery)

      val request = HttpRequest(uri = uri)
        .withHeaders(
          Authorization(BasicHttpCredentials(user, passwd))
        )

      pipeline(request).onComplete {
        case Success(response) =>
          replyTo ! ViewResponse.fromHttpResponse(response, q.view)
        case Failure(ex) =>
          replyTo ! RestFailed(ex)
      }

    case _: Http.ConnectionClosed =>
      context.become(receive)
      IO(Http"
deepseek,deepseek-ai/DeepSeek-V3.2:novita,scala,GPL-3.0,core::src::main::scala::org::apache::spark::ui::jobs::JobsTab.scala,57,0.2,0,0.24175824175824176,"
package org.apache.spark.ui.jobs

import javax.servlet.http.HttpServletRequest

import org.apache.spark.scheduler.SchedulingMode
import org.apache.spark.ui.{SparkUI, SparkUITab}

/** Web UI showing progress status of all jobs in the given SparkContext. */
private[ui] class JobsTab(parent: SparkUI) extends SparkUITab(parent, ""jobs"") {
  val sc = parent.sc
  val killEnabled = parent.killEnabled
  val jobProgresslistener = parent.jobProgressListener
  val executorListener = parent.executorsListener
  val operationGraphListener = parent.operationGraphListener
  val hdfsExecutorMetricsListener = parent.hDFSExecutorMetricsListener

  def isFairScheduler: Boolean =
    jobProgresslistener.schedulingMode == Some(SchedulingMode.FAIR)

  def getSparkUser: String = parent.getSparkUser

  attachPage(new AllJobsPage(this))
  attachPage(new JobPage(this))

  def handleKillRequest(request: HttpServletRequest): Unit = {
    if (killEnabled && parent.securityManager.checkModifyPermissions(request.getRemoteUser)) {
      val jobId = Option(request.getParameter(""id"")).map(_.toInt)
      jobId.foreach { id =>
        if (jobProgresslistener.activeJobs.contains(id)) {
          sc.foreach(_.cancelJob(id))
          // Do a quick pause here to give Spark time to kill the job so it shows up as
          // killed after the refresh. Note that this will block the serving thread so the
          // time should be limited in duration.
          Thread.sleep(100)
        }
      }
    }
  }
}","package org.apache.spark.ui.jobs

import javax.servlet.http.HttpServletRequest

import scala.xml.Node

import org.apache.spark.ui.{SparkUI, UIUtils, WebUIPage}
import org.apache.spark.util.Utils

private[ui] class JobsTab(parent: SparkUI) extends SparkUITab(parent, ""jobs"") {
  
  private var killEnabled = parent.conf.getBoolean(""spark.ui.killEnabled"", false)

  attachPage(new AllJobsPage(this))
  attachPage(new JobPage(this))

  private[jobs] def killEnabled(): Boolean = killEnabled
  
  override def handleKillRequest(request: HttpServletRequest): Boolean = {
    try {
      // Logic for handling kill request (e.g., kill a job) 
      // This method would be called from the UI and should return true if handled
      // For now, returning false as we don't have the full implementation
      false
    } catch {
      case e: Exception =>
        // Log and rethrow or handle appropriately
        throw e
    }
  }
}"
deepseek,deepseek-ai/DeepSeek-V3.2:novita,scala,GPL-3.0,core::src::main::scala::org::apache::spark::ui::jobs::JobsTab.scala,57,0.4,0,0.21428571428571427,"
package org.apache.spark.ui.jobs

import javax.servlet.http.HttpServletRequest

import org.apache.spark.scheduler.SchedulingMode
import org.apache.spark.ui.{SparkUI, SparkUITab}

/** Web UI showing progress status of all jobs in the given SparkContext. */
private[ui] class JobsTab(parent: SparkUI) extends SparkUITab(parent, ""jobs"") {
  val sc = parent.sc
  val killEnabled = parent.killEnabled
  val jobProgresslistener = parent.jobProgressListener
  val executorListener = parent.executorsListener
  val operationGraphListener = parent.operationGraphListener
  val hdfsExecutorMetricsListener = parent.hDFSExecutorMetricsListener

  def isFairScheduler: Boolean =
    jobProgresslistener.schedulingMode == Some(SchedulingMode.FAIR)

  def getSparkUser: String = parent.getSparkUser

  attachPage(new AllJobsPage(this))
  attachPage(new JobPage(this))

  def handleKillRequest(request: HttpServletRequest): Unit = {
    if (killEnabled && parent.securityManager.checkModifyPermissions(request.getRemoteUser)) {
      val jobId = Option(request.getParameter(""id"")).map(_.toInt)
      jobId.foreach { id =>
        if (jobProgresslistener.activeJobs.contains(id)) {
          sc.foreach(_.cancelJob(id))
          // Do a quick pause here to give Spark time to kill the job so it shows up as
          // killed after the refresh. Note that this will block the serving thread so the
          // time should be limited in duration.
          Thread.sleep(100)
        }
      }
    }
  }
}","package org.apache.spark.ui.jobs

import javax.servlet.http.HttpServletRequest

import scala.xml.Node

import org.apache.spark.ui.{UIUtils, WebUIPage}

/**
 * Page showing list of all ongoing and recently finished jobs and stages
 */
private[ui] class JobsTab(parent: JobsParentTab) extends WebUIPage("""") {
  private val listener = parent.listener
  private val startTime = parent.startTime

  def render(request: HttpServletRequest): Seq[Node] = {
    // For now, just redirect to the stages page to show job progress
    // TODO: Make this page more useful with more job information
    val content = UIUtils.headerSparkPage(""Jobs"", Seq.empty, parent)
    content
  }
}"
deepseek,deepseek-ai/DeepSeek-V3.2:novita,scala,GPL-3.0,core::src::main::scala::org::apache::spark::ui::jobs::JobsTab.scala,57,0.8,0,0.29411764705882354,"
package org.apache.spark.ui.jobs

import javax.servlet.http.HttpServletRequest

import org.apache.spark.scheduler.SchedulingMode
import org.apache.spark.ui.{SparkUI, SparkUITab}

/** Web UI showing progress status of all jobs in the given SparkContext. */
private[ui] class JobsTab(parent: SparkUI) extends SparkUITab(parent, ""jobs"") {
  val sc = parent.sc
  val killEnabled = parent.killEnabled
  val jobProgresslistener = parent.jobProgressListener
  val executorListener = parent.executorsListener
  val operationGraphListener = parent.operationGraphListener
  val hdfsExecutorMetricsListener = parent.hDFSExecutorMetricsListener

  def isFairScheduler: Boolean =
    jobProgresslistener.schedulingMode == Some(SchedulingMode.FAIR)

  def getSparkUser: String = parent.getSparkUser

  attachPage(new AllJobsPage(this))
  attachPage(new JobPage(this))

  def handleKillRequest(request: HttpServletRequest): Unit = {
    if (killEnabled && parent.securityManager.checkModifyPermissions(request.getRemoteUser)) {
      val jobId = Option(request.getParameter(""id"")).map(_.toInt)
      jobId.foreach { id =>
        if (jobProgresslistener.activeJobs.contains(id)) {
          sc.foreach(_.cancelJob(id))
          // Do a quick pause here to give Spark time to kill the job so it shows up as
          // killed after the refresh. Note that this will block the serving thread so the
          // time should be limited in duration.
          Thread.sleep(100)
        }
      }
    }
  }
}","package org.apache.spark.ui.jobs

import javax.servlet.http.HttpServletRequest

import scala.collection.JavaConverters._
import scala.xml.Node

import org.apache.spark.JobExecutionStatus
import org.apache.spark.ui._
import org.apache.spark.ui.jobs.UIData.JobUIData

/**
 * Tab that shows statistics of jobs and stages in a Spark job.
 * This assumes the given parent is a [[org.apache.spark.ui.jobs.JobsTab]].
 */
private[ui] class JobsTab(parent: JobsTab) extends SparkUITab(parent.ui, ""jobs"") {
  val parent = parent
  val sc = parent.sc
  val conf = parent.conf
  val progressListener = parent.progressListener

  attachPage(new JobProgressPage(this))
  attachPage(new JobPage(this))

  def getSparkUser: String = parent.getSparkUser

  /**
   * Render a job row in the UI.
   */
  def jobRow(job: JobUIData): Seq[Node] = {
    val lastStageInfo = Option(job.stageIds)
      .filter(_.nonEmpty)
      .flatMap { ids => progressListener.stageIdToInfo.get(ids.max) }"
deepseek,deepseek-ai/DeepSeek-V3.2:novita,scala,GPL-3.0,shared::src::main::scala::squants::Dimension.scala,103,0.2,0,0.22580645161290322,"  def units: Set[UnitOfMeasure[A]]

  /**
   * The unit with a conversions factor of 1.
   * The conversionFactor for other units should be set relative to this unit.
   * @return
   */
  def primaryUnit: UnitOfMeasure[A] with PrimaryUnit

  /**
   * The International System of Units (SI) Base Unit
   * @return
   */
  def siUnit: UnitOfMeasure[A] with SiUnit

  /**
   * Maps a string representation of a unit symbol into the matching UnitOfMeasure object
   * @param symbol String
   * @return
   */
  def symbolToUnit(symbol: String): Option[UnitOfMeasure[A]] = units.find(u ⇒ u.symbol == symbol)

  /**
   * Tries to map a string or tuple value to Quantity of this Dimension
   * @param value the source string (ie, ""10 kW"") or tuple (ie, (10, ""kW""))
   * @return Try[A]
   */
  protected def parse(value: Any) = value match {
    case s: String              => parseString(s)
    case (v: Byte, u: String)   => parseTuple(v.toDouble, u)
    case (v: Short, u: String)  => parseTuple(v.toDouble, u)
    case (v: Int, u: String)    => parseTuple(v.toDouble, u)
    case (v: Long, u: String)   => parseTuple(v.toDouble, u)
    case (v: Float, u: String)  => parseTuple(v.toDouble, u)
    case (v: Double, u: String) => parseTuple(v, u)
  }


  private def parseString(s: String): Try[A] = {
    s match {
      case QuantityString(value, symbol) ⇒ Success(symbolToUnit(symbol).get(BigDecimal(value)))
      case _                             ⇒ Failure(QuantityParseException(s""Unable to parse $name"", s))
    }
  }
  private lazy val QuantityString = (""^([-+]?[0-9]*\\.?[0-9]+(?:[eE][-+]?[0-9]+)?) *("" + units.map { u: UnitOfMeasure[A] ⇒ u.symbol }.reduceLeft(_ + ""|"" + _) + "")$"").r

  private def parseTuple(value: Double, symbol: String): Try[A] = {
    symbolToUnit(symbol) match {
      case Some(unit) ⇒ Success(unit(value))
      case None       ⇒ Failure(QuantityParseException(s""Unable to identify $name unit $symbol"", (value, symbol).toString()))
    }
  }
}

case class QuantityParseException(message: String, expression: String) extends Exception

/**
 * SI Base Quantity
 */
trait BaseDimension { self: Dimension[_] ⇒
  /**
   * SI Base Unit for this Quantity
   * @return
   */
  def siUnit: SiBaseUnit

  /**
   * SI Dimension Symbol
   * @return
   */
  def dimensionSymbol: String
}","def units: Set[UnitOfMeasure[A]]

  /**
   * The primary unit
   * @return
   */
  def primaryUnit: UnitOfMeasure[A] with PrimaryUnit

  /**
   * International System of Units
   * @return
   */
  def siUnit: UnitOfMeasure[A] with SiUnit

  /**
   * Maps a string representation of a unit symbol to the matching unit of measure
   * @param symbol String
   * @return
   */
  def symbolToUnit(symbol: String): Option[UnitOfMeasure[A]] =
    units.find(_.symbol == symbol)

  /**
   * Maps a string representation of a unit name to the matching unit of measure
   * @param name String
   * @return
   */
  def nameToUnit(name: String): Option[UnitOfMeasure[A]] =
    units.find(_.name == name)

  /**
   * Returns a quantity representing the value in the given unit
   * @param n Double the amount
   * @param unit String representing the unit symbol
   * @return Quantity
   */
  def apply(n: Double, unit: String): Try[A] =
    symbolToUnit(unit) match {"
deepseek,deepseek-ai/DeepSeek-V3.2:novita,scala,GPL-3.0,shared::src::main::scala::squants::Dimension.scala,103,0.4,0,0.1271186440677966,"  def units: Set[UnitOfMeasure[A]]

  /**
   * The unit with a conversions factor of 1.
   * The conversionFactor for other units should be set relative to this unit.
   * @return
   */
  def primaryUnit: UnitOfMeasure[A] with PrimaryUnit

  /**
   * The International System of Units (SI) Base Unit
   * @return
   */
  def siUnit: UnitOfMeasure[A] with SiUnit

  /**
   * Maps a string representation of a unit symbol into the matching UnitOfMeasure object
   * @param symbol String
   * @return
   */
  def symbolToUnit(symbol: String): Option[UnitOfMeasure[A]] = units.find(u ⇒ u.symbol == symbol)

  /**
   * Tries to map a string or tuple value to Quantity of this Dimension
   * @param value the source string (ie, ""10 kW"") or tuple (ie, (10, ""kW""))
   * @return Try[A]
   */
  protected def parse(value: Any) = value match {
    case s: String              => parseString(s)
    case (v: Byte, u: String)   => parseTuple(v.toDouble, u)
    case (v: Short, u: String)  => parseTuple(v.toDouble, u)
    case (v: Int, u: String)    => parseTuple(v.toDouble, u)
    case (v: Long, u: String)   => parseTuple(v.toDouble, u)
    case (v: Float, u: String)  => parseTuple(v.toDouble, u)
    case (v: Double, u: String) => parseTuple(v, u)
  }


  private def parseString(s: String): Try[A] = {
    s match {
      case QuantityString(value, symbol) ⇒ Success(symbolToUnit(symbol).get(BigDecimal(value)))
      case _                             ⇒ Failure(QuantityParseException(s""Unable to parse $name"", s))
    }
  }
  private lazy val QuantityString = (""^([-+]?[0-9]*\\.?[0-9]+(?:[eE][-+]?[0-9]+)?) *("" + units.map { u: UnitOfMeasure[A] ⇒ u.symbol }.reduceLeft(_ + ""|"" + _) + "")$"").r

  private def parseTuple(value: Double, symbol: String): Try[A] = {
    symbolToUnit(symbol) match {
      case Some(unit) ⇒ Success(unit(value))
      case None       ⇒ Failure(QuantityParseException(s""Unable to identify $name unit $symbol"", (value, symbol).toString()))
    }
  }
}

case class QuantityParseException(message: String, expression: String) extends Exception

/**
 * SI Base Quantity
 */
trait BaseDimension { self: Dimension[_] ⇒
  /**
   * SI Base Unit for this Quantity
   * @return
   */
  def siUnit: SiBaseUnit

  /**
   * SI Dimension Symbol
   * @return
   */
  def dimensionSymbol: String
}","def units: Set[UnitOfMeasure[A]]

  /**
   * The primary unit for this dimension
   * @return
   */
  def primaryUnit: UnitOfMeasure[A] with PrimaryUnit

  /**
   * SI (International System of Units) base units
   * @return
   */
  def siUnit: UnitOfMeasure[A] with SiBaseUnit

  /**
   * Maps from a symbol string to the corresponding unit
   * @return
   */
  def symbolToUnit: Map[String, UnitOfMeasure[A]] = units.map(u => u.symbol -> u).toMap

  /**
   * Maps from a symbol string to the corresponding unit, case insensitive
   * @return
   */
  def symbolToUnitCI: Map[String, UnitOfMeasure[A]] = units.map(u => u.symbol.toLowerCase -> u).toMap

  /**
   * Returns a list of all available units for this dimension
   * @return
   */
  def unitList: List[UnitOfMeasure[A]] = units.toList

  /**
   * Returns a list of all available unit symbols for this dimension
   * @return
   */
  def symbolList: List[String] ="
deepseek,deepseek-ai/DeepSeek-V3.2:novita,scala,GPL-3.0,shared::src::main::scala::squants::Dimension.scala,103,0.8,0,0.11475409836065574,"  def units: Set[UnitOfMeasure[A]]

  /**
   * The unit with a conversions factor of 1.
   * The conversionFactor for other units should be set relative to this unit.
   * @return
   */
  def primaryUnit: UnitOfMeasure[A] with PrimaryUnit

  /**
   * The International System of Units (SI) Base Unit
   * @return
   */
  def siUnit: UnitOfMeasure[A] with SiUnit

  /**
   * Maps a string representation of a unit symbol into the matching UnitOfMeasure object
   * @param symbol String
   * @return
   */
  def symbolToUnit(symbol: String): Option[UnitOfMeasure[A]] = units.find(u ⇒ u.symbol == symbol)

  /**
   * Tries to map a string or tuple value to Quantity of this Dimension
   * @param value the source string (ie, ""10 kW"") or tuple (ie, (10, ""kW""))
   * @return Try[A]
   */
  protected def parse(value: Any) = value match {
    case s: String              => parseString(s)
    case (v: Byte, u: String)   => parseTuple(v.toDouble, u)
    case (v: Short, u: String)  => parseTuple(v.toDouble, u)
    case (v: Int, u: String)    => parseTuple(v.toDouble, u)
    case (v: Long, u: String)   => parseTuple(v.toDouble, u)
    case (v: Float, u: String)  => parseTuple(v.toDouble, u)
    case (v: Double, u: String) => parseTuple(v, u)
  }


  private def parseString(s: String): Try[A] = {
    s match {
      case QuantityString(value, symbol) ⇒ Success(symbolToUnit(symbol).get(BigDecimal(value)))
      case _                             ⇒ Failure(QuantityParseException(s""Unable to parse $name"", s))
    }
  }
  private lazy val QuantityString = (""^([-+]?[0-9]*\\.?[0-9]+(?:[eE][-+]?[0-9]+)?) *("" + units.map { u: UnitOfMeasure[A] ⇒ u.symbol }.reduceLeft(_ + ""|"" + _) + "")$"").r

  private def parseTuple(value: Double, symbol: String): Try[A] = {
    symbolToUnit(symbol) match {
      case Some(unit) ⇒ Success(unit(value))
      case None       ⇒ Failure(QuantityParseException(s""Unable to identify $name unit $symbol"", (value, symbol).toString()))
    }
  }
}

case class QuantityParseException(message: String, expression: String) extends Exception

/**
 * SI Base Quantity
 */
trait BaseDimension { self: Dimension[_] ⇒
  /**
   * SI Base Unit for this Quantity
   * @return
   */
  def siUnit: SiBaseUnit

  /**
   * SI Dimension Symbol
   * @return
   */
  def dimensionSymbol: String
}","def units: Set[UnitOfMeasure[A]]

  /**
   * The primary unit for this Dimension
   * @return
   */
  def primaryUnit: UnitOfMeasure[A]

  /**
   * SI (International System of Units) Unit for this Dimension
   * @return
   */
  def siUnit: UnitOfMeasure[A]

  /**
   * Maps a string representing the symbol for a unit of this dimension to the appropriate unit object
   * @param symbol String
   * @return
   */
  def symbolToUnit(symbol: String): Option[UnitOfMeasure[A]] = units.find(_.symbol == symbol)

  /**
   * Returns the Unit object that matches the string
   *
   * @param symbol String
   * @return
   */
  def apply(symbol: String): Try[A] = symbolToUnit(symbol) match {
    case Some(unit) => Success(unit(1))
    case None => Failure(new IllegalArgumentException(s""Unknown unit: $symbol""))
  }

  /**
   * Returns the Unit object that matches the string
   *
   * @param symbol String
   * @return
   */
  def get(symbol: String): Option[UnitOfMeasure[A"
deepseek,deepseek-ai/DeepSeek-V3.2:novita,scala,GPL-3.0,src::main::scala::zzb::xmpp::XRoom.scala,164,0.2,0,0.0,"    }
  }

  val privateMessageListener = new MessageListener {
    override def processMessage(chat: Chat, message: Message): Unit = {
      if (message.getBody.startsWith(""echo "")) {
        val m = new Message()
        m.setBody(message.getBody.substring(5))
        m.setSubject(message.getSubject)
        m.setThread(message.getThread)
        chat.sendMessage(m)
      }
      self ! ChatIn(chat, message)
    }
  }

  val privateChatCreateListener = new ChatManagerListener {
    override def chatCreated(chat: Chat, createdLocally: Boolean): Unit =
      if (!createdLocally && chat.getParticipant.startsWith(roomName)) {
        //为其他用户创建的 Chat 绑定消息处理器
        chat.addMessageListener(privateMessageListener)
      }
  }

  ChatManager.getInstanceFor(conn).addChatListener(privateChatCreateListener)

  conn.addPacketListener(memberPresenceListener, ConferencePresenceFilter(roomName))

  def joinRoom= {
    Future {
      muc.join(cfgUser)
    }.onComplete {
      case Success(v) =>
        log.debug(s""$mark join success"")
      //订阅内部系统向外对话的请求，

      case scala.util.Failure(e) =>
        log.error(e, s""$mark join  failed"")
    }
  }
  self ! JoinRoom

  override def receive: Receive = {
    case JoinRoom =>
      joinRoom
    case Enter(fromJid) if !members.contains(fromJid) =>
      members.add(fromJid)
      log.debug(s""$mark members {},after add {},"", members, fromJid)
      notifyEnter(fromJid)
    case Leave(fromJid) if members.contains(fromJid) =>
      members.remove(fromJid)
      log.debug(s""$mark members {},after remove {},"", members, fromJid)
      notifyLeave(fromJid)

    case XRoomPrivateOut(_, toJid, body, subject, thread) =>
      val chatId = if (thread != null && thread.length > 0) s""$toJid-$thread"" else toJid
      //私聊
      val chat = chats.getOrElseUpdate(chatId, {
        ChatManager.getInstanceFor(conn).createChat(toJid, thread, privateMessageListener)
        //muc.createPrivateChat(toJid, privateMessageListener)
      })
      log.debug(s""$mark try to send private msg '{}' to {}"", body, toJid)

      val m = new Message()
      m.setBody(body)
      if (subject != null && subject.length > 0) m.setSubject(subject)
      if (thread != null && thread.length > 0) m.setThread(thread)

      chat.sendMessage(m)

    case ChatIn(chat, msg) =>
      val fromJid = msg.getFrom
      val thread = msg.getThread
      val subject = msg.getSubject

      val chatId = if (thread != null && thread.length > 0) s""$fromJid-$thread"" else fromJid
      if (!chats.contains(chatId)) chats(chatId) = chat
      var pathStr = s""/xuser/$cfgUser/chat-from/$fromJid""

      if (thread != null && thread.length > 0) {
        pathStr = pathStr + s""/$thread""
        if (subject != null && subject.length > 0) {
          pathStr = pathStr + s""/$subject""
        }
      }
      bus.publish(XMessageIn(pathStr, fromJid, msg.getTo, msg.getBody, msg.getSubject, msg.getThread))
  }

  override def postStop() = {
    members.foreach(notifyLeave)
    members.clear()
    conn.removePacketListener(memberPresenceListener)
    chats.values.foreach(_.close())
    ChatManager.getInstanceFor(conn).removeChatListener(privateChatCreateListener)
  }

  private case class Enter(jid: String)

  private case class Leave(jid: String)

  private object JoinRoom

}

object XRoom {

  case class PMSendProxy(cfgUser: String, roomName: String)(implicit system: ActorSystem) {
    def sendMsgTo(toNick: String, body: String, subject: String = null, thread: String = null) = {
      val xroom = system.actorSelection(s""/user/xmpp-$cfgUser/$roomName"")
      xroom ! XRoomPrivateOut("""", s""$roomName/$toNick"", body, subject, thread)
    }
  }

  def apply(cfgUser: String, roomName: String)(implicit system: ActorSystem) = PMSendProxy(cfgUser, roomName)(system)
}","}
  }

  muc.addParticipantListener(memberPresenceListener)

  self ! JoinRoom

  override def receive: PartialFunction[Any, Unit] = {
    case JoinRoom =>
      muc.join(cfgUser)
      log.info(s""$mark joined"")

    case Enter(jid) =>
      if (!members.contains(jid)) {
        members.add(jid)
        log.info(s""$mark member enter: $jid"")
        notifyEnter(jid)
      }

    case Leave(jid) =>
      if (members.contains(jid)) {
        members.remove(jid)
        log.info(s""$mark member leave: $jid"")
        notifyLeave(jid)
      }

    case msg: XMessage =>
      // Send message to room
      muc.sendMessage(msg.body)
      log.debug(s""$mark sent message: ${msg.body}"")

    case msg: Message =>
      // Handle incoming message from room
      val from = msg.getFrom
      val body = msg.getBody
      log.debug(s""$mark received message from $from: $body"")
      // Forward to event bus
      bus.publish(msg)

    case other =>
      log.warning(s""$mark received unknown message: $other"
deepseek,deepseek-ai/DeepSeek-V3.2:novita,scala,GPL-3.0,src::main::scala::zzb::xmpp::XRoom.scala,164,0.4,0,0.0,"    }
  }

  val privateMessageListener = new MessageListener {
    override def processMessage(chat: Chat, message: Message): Unit = {
      if (message.getBody.startsWith(""echo "")) {
        val m = new Message()
        m.setBody(message.getBody.substring(5))
        m.setSubject(message.getSubject)
        m.setThread(message.getThread)
        chat.sendMessage(m)
      }
      self ! ChatIn(chat, message)
    }
  }

  val privateChatCreateListener = new ChatManagerListener {
    override def chatCreated(chat: Chat, createdLocally: Boolean): Unit =
      if (!createdLocally && chat.getParticipant.startsWith(roomName)) {
        //为其他用户创建的 Chat 绑定消息处理器
        chat.addMessageListener(privateMessageListener)
      }
  }

  ChatManager.getInstanceFor(conn).addChatListener(privateChatCreateListener)

  conn.addPacketListener(memberPresenceListener, ConferencePresenceFilter(roomName))

  def joinRoom= {
    Future {
      muc.join(cfgUser)
    }.onComplete {
      case Success(v) =>
        log.debug(s""$mark join success"")
      //订阅内部系统向外对话的请求，

      case scala.util.Failure(e) =>
        log.error(e, s""$mark join  failed"")
    }
  }
  self ! JoinRoom

  override def receive: Receive = {
    case JoinRoom =>
      joinRoom
    case Enter(fromJid) if !members.contains(fromJid) =>
      members.add(fromJid)
      log.debug(s""$mark members {},after add {},"", members, fromJid)
      notifyEnter(fromJid)
    case Leave(fromJid) if members.contains(fromJid) =>
      members.remove(fromJid)
      log.debug(s""$mark members {},after remove {},"", members, fromJid)
      notifyLeave(fromJid)

    case XRoomPrivateOut(_, toJid, body, subject, thread) =>
      val chatId = if (thread != null && thread.length > 0) s""$toJid-$thread"" else toJid
      //私聊
      val chat = chats.getOrElseUpdate(chatId, {
        ChatManager.getInstanceFor(conn).createChat(toJid, thread, privateMessageListener)
        //muc.createPrivateChat(toJid, privateMessageListener)
      })
      log.debug(s""$mark try to send private msg '{}' to {}"", body, toJid)

      val m = new Message()
      m.setBody(body)
      if (subject != null && subject.length > 0) m.setSubject(subject)
      if (thread != null && thread.length > 0) m.setThread(thread)

      chat.sendMessage(m)

    case ChatIn(chat, msg) =>
      val fromJid = msg.getFrom
      val thread = msg.getThread
      val subject = msg.getSubject

      val chatId = if (thread != null && thread.length > 0) s""$fromJid-$thread"" else fromJid
      if (!chats.contains(chatId)) chats(chatId) = chat
      var pathStr = s""/xuser/$cfgUser/chat-from/$fromJid""

      if (thread != null && thread.length > 0) {
        pathStr = pathStr + s""/$thread""
        if (subject != null && subject.length > 0) {
          pathStr = pathStr + s""/$subject""
        }
      }
      bus.publish(XMessageIn(pathStr, fromJid, msg.getTo, msg.getBody, msg.getSubject, msg.getThread))
  }

  override def postStop() = {
    members.foreach(notifyLeave)
    members.clear()
    conn.removePacketListener(memberPresenceListener)
    chats.values.foreach(_.close())
    ChatManager.getInstanceFor(conn).removeChatListener(privateChatCreateListener)
  }

  private case class Enter(jid: String)

  private case class Leave(jid: String)

  private object JoinRoom

}

object XRoom {

  case class PMSendProxy(cfgUser: String, roomName: String)(implicit system: ActorSystem) {
    def sendMsgTo(toNick: String, body: String, subject: String = null, thread: String = null) = {
      val xroom = system.actorSelection(s""/user/xmpp-$cfgUser/$roomName"")
      xroom ! XRoomPrivateOut("""", s""$roomName/$toNick"", body, subject, thread)
    }
  }

  def apply(cfgUser: String, roomName: String)(implicit system: ActorSystem) = PMSendProxy(cfgUser, roomName)(system)
}","}
  }

  muc.addParticipantListener(memberPresenceListener)

  val messageListener = new PacketListener {
    override def processPacket(packet: Packet): Unit = {
      val msg = packet.asInstanceOf[Message]
      val fromJid = msg.getFrom
      val body = msg.getBody
      if (body != null && fromJid != null) {
        log.debug(s""$mark got message from $fromJid : $body"")
        self ! Msg(fromJid, body)
      }
    }
  }

  muc.addMessageListener(messageListener)

  self ! JoinRoom

  override def receive: Receive = {
    case JoinRoom =>
      log.info(s""$mark joining room"")
      muc.join(cfgUser)
      log.info(s""$mark joined room"")

    case Enter(jid) =>
      if (!members.contains(jid)) {
        members.add(jid)
        notifyEnter(jid)
        log.info(s""$mark $jid entered"")
      }

    case Leave(jid) =>
      if (members.contains(jid)) {
        members.remove(jid)
        notifyLeave(jid)
        log.info(s""$mark $jid left"")
      }

    case Msg"
deepseek,deepseek-ai/DeepSeek-V3.2:novita,scala,GPL-3.0,src::main::scala::zzb::xmpp::XRoom.scala,164,0.8,0,0.0,"    }
  }

  val privateMessageListener = new MessageListener {
    override def processMessage(chat: Chat, message: Message): Unit = {
      if (message.getBody.startsWith(""echo "")) {
        val m = new Message()
        m.setBody(message.getBody.substring(5))
        m.setSubject(message.getSubject)
        m.setThread(message.getThread)
        chat.sendMessage(m)
      }
      self ! ChatIn(chat, message)
    }
  }

  val privateChatCreateListener = new ChatManagerListener {
    override def chatCreated(chat: Chat, createdLocally: Boolean): Unit =
      if (!createdLocally && chat.getParticipant.startsWith(roomName)) {
        //为其他用户创建的 Chat 绑定消息处理器
        chat.addMessageListener(privateMessageListener)
      }
  }

  ChatManager.getInstanceFor(conn).addChatListener(privateChatCreateListener)

  conn.addPacketListener(memberPresenceListener, ConferencePresenceFilter(roomName))

  def joinRoom= {
    Future {
      muc.join(cfgUser)
    }.onComplete {
      case Success(v) =>
        log.debug(s""$mark join success"")
      //订阅内部系统向外对话的请求，

      case scala.util.Failure(e) =>
        log.error(e, s""$mark join  failed"")
    }
  }
  self ! JoinRoom

  override def receive: Receive = {
    case JoinRoom =>
      joinRoom
    case Enter(fromJid) if !members.contains(fromJid) =>
      members.add(fromJid)
      log.debug(s""$mark members {},after add {},"", members, fromJid)
      notifyEnter(fromJid)
    case Leave(fromJid) if members.contains(fromJid) =>
      members.remove(fromJid)
      log.debug(s""$mark members {},after remove {},"", members, fromJid)
      notifyLeave(fromJid)

    case XRoomPrivateOut(_, toJid, body, subject, thread) =>
      val chatId = if (thread != null && thread.length > 0) s""$toJid-$thread"" else toJid
      //私聊
      val chat = chats.getOrElseUpdate(chatId, {
        ChatManager.getInstanceFor(conn).createChat(toJid, thread, privateMessageListener)
        //muc.createPrivateChat(toJid, privateMessageListener)
      })
      log.debug(s""$mark try to send private msg '{}' to {}"", body, toJid)

      val m = new Message()
      m.setBody(body)
      if (subject != null && subject.length > 0) m.setSubject(subject)
      if (thread != null && thread.length > 0) m.setThread(thread)

      chat.sendMessage(m)

    case ChatIn(chat, msg) =>
      val fromJid = msg.getFrom
      val thread = msg.getThread
      val subject = msg.getSubject

      val chatId = if (thread != null && thread.length > 0) s""$fromJid-$thread"" else fromJid
      if (!chats.contains(chatId)) chats(chatId) = chat
      var pathStr = s""/xuser/$cfgUser/chat-from/$fromJid""

      if (thread != null && thread.length > 0) {
        pathStr = pathStr + s""/$thread""
        if (subject != null && subject.length > 0) {
          pathStr = pathStr + s""/$subject""
        }
      }
      bus.publish(XMessageIn(pathStr, fromJid, msg.getTo, msg.getBody, msg.getSubject, msg.getThread))
  }

  override def postStop() = {
    members.foreach(notifyLeave)
    members.clear()
    conn.removePacketListener(memberPresenceListener)
    chats.values.foreach(_.close())
    ChatManager.getInstanceFor(conn).removeChatListener(privateChatCreateListener)
  }

  private case class Enter(jid: String)

  private case class Leave(jid: String)

  private object JoinRoom

}

object XRoom {

  case class PMSendProxy(cfgUser: String, roomName: String)(implicit system: ActorSystem) {
    def sendMsgTo(toNick: String, body: String, subject: String = null, thread: String = null) = {
      val xroom = system.actorSelection(s""/user/xmpp-$cfgUser/$roomName"")
      xroom ! XRoomPrivateOut("""", s""$roomName/$toNick"", body, subject, thread)
    }
  }

  def apply(cfgUser: String, roomName: String)(implicit system: ActorSystem) = PMSendProxy(cfgUser, roomName)(system)
}","}
  }
  muc.addParticipantListener(memberPresenceListener)

  muc.addMessageListener(new PacketListener {
    override def processPacket(packet: Packet): Unit = {
      val msg = packet.asInstanceOf[Message]
      val fromJid = msg.getFrom
      if (msg.getBody != null && !fromJid.endsWith(cfgUser)) {
        log.debug(s""$mark got message from: $fromJid => ${msg.getBody}"")
        val chat = muc.createPrivateChat(fromJid.split(""/"")(0))
        // Forward message to actor for processing
        self ! RoomMessage(fromJid, msg.getBody, chat)
      }
    }
  })

  override def preStart(): Unit = {
    self ! JoinRoom
  }

  override def postStop(): Unit = {
    muc.removeParticipantListener(memberPresenceListener)
    muc.leave()
    members.foreach(notifyLeave)
    log.debug(s""$mark stopped"")
  }

  def receive = {
    case JoinRoom =>
      try {
        muc.join(cfgUser)
        members ++= muc.getParticipants.map(_.split(""/"")(1))
        members.foreach(notifyEnter)"
deepseek,deepseek-ai/DeepSeek-V3.2:novita,scala,GPL-3.0,math::src::main::scala::breeze::math::Semiring.scala,65,0.2,0,0.2265625,"/**
 *
 * @author dlwh
 */
trait Semiring[@specialized(Int,Short,Long,Float,Double) V] extends Serializable {
  def zero : V

  def one : V

  def +(a : V, b : V) : V
  def *(a : V, b : V) : V

  def ==(a : V, b : V) : Boolean
  def !=(a : V, b : V) : Boolean
  def close(a: V, b: V, tolerance: Double=1E-4):Boolean = a == b

  /** Returns the class manifest of the scalar type. */
  def manifest : ClassManifest[V]

  /** Returns the DefaultArrayValue for this type.  Always this.zero. */
  def defaultArrayValue : DefaultArrayValue[V]
}

object Semiring {
  import Ring._
  implicit val semiringD: Semiring[Double] = ringD
  implicit val semiringFloat: Semiring[Float] = ringFloat
  implicit val semiringInt: Semiring[Int] = ringInt
  implicit val semiringLong: Semiring[Long] = ringLong
  implicit val semiringShort: Semiring[Short] = ringShort

  implicit object fieldB extends Semiring[Boolean] {
    def zero = false
    def one = true
    def nan = throw new ArithmeticException(""Operation resulted in boolean-valued NaN"")
    def ==(a : Boolean, b : Boolean) = a == b
    def !=(a : Boolean, b : Boolean) = a != b
    def +(a : Boolean, b : Boolean) = a || b
    def *(a : Boolean, b : Boolean) = a && b
    def norm(a : Boolean) = breeze.numerics.I(a)
    def toDouble(a : Boolean) = breeze.numerics.I(a)
    def isNaN(a : Boolean) = false
    def manifest = implicitly[ClassManifest[Boolean]]
    val defaultArrayValue = implicitly[DefaultArrayValue[Boolean]]
 }
}","import breeze.storage.Zero

import scala.{specialized => spec}
import scala.reflect.ClassTag

/**
 * A Semiring is a ring that may not have an additive inverse. T is the type of the elements.
 *
 * @author dlwh
 */
trait Semiring[@spec(Int, Double, Float) T] extends Serializable {
  def zero: T
  def one: T
  def +(a: T, b: T): T
  def *(a: T, b: T): T

  // optional operations with default implementations
  def close(a: T, b: T, tolerance: T)(implicit ring: Semiring[T]): Boolean = {
    import ring._
    val diff = a - b
    diff <= tolerance && diff >= -tolerance
  }

  // only define if T has an additive inverse
  def -(a: T, b: T): T = throw new UnsupportedOperationException(s""$this does not support subtraction"")
  def negate(a: T): T = throw new UnsupportedOperationException(s""$this does not support negation"")
  def additiveInverseExists: Boolean = false

  // convenience methods
  def sum(a:"
deepseek,deepseek-ai/DeepSeek-V3.2:novita,scala,GPL-3.0,math::src::main::scala::breeze::math::Semiring.scala,65,0.4,0,0.291970802919708,"/**
 *
 * @author dlwh
 */
trait Semiring[@specialized(Int,Short,Long,Float,Double) V] extends Serializable {
  def zero : V

  def one : V

  def +(a : V, b : V) : V
  def *(a : V, b : V) : V

  def ==(a : V, b : V) : Boolean
  def !=(a : V, b : V) : Boolean
  def close(a: V, b: V, tolerance: Double=1E-4):Boolean = a == b

  /** Returns the class manifest of the scalar type. */
  def manifest : ClassManifest[V]

  /** Returns the DefaultArrayValue for this type.  Always this.zero. */
  def defaultArrayValue : DefaultArrayValue[V]
}

object Semiring {
  import Ring._
  implicit val semiringD: Semiring[Double] = ringD
  implicit val semiringFloat: Semiring[Float] = ringFloat
  implicit val semiringInt: Semiring[Int] = ringInt
  implicit val semiringLong: Semiring[Long] = ringLong
  implicit val semiringShort: Semiring[Short] = ringShort

  implicit object fieldB extends Semiring[Boolean] {
    def zero = false
    def one = true
    def nan = throw new ArithmeticException(""Operation resulted in boolean-valued NaN"")
    def ==(a : Boolean, b : Boolean) = a == b
    def !=(a : Boolean, b : Boolean) = a != b
    def +(a : Boolean, b : Boolean) = a || b
    def *(a : Boolean, b : Boolean) = a && b
    def norm(a : Boolean) = breeze.numerics.I(a)
    def toDouble(a : Boolean) = breeze.numerics.I(a)
    def isNaN(a : Boolean) = false
    def manifest = implicitly[ClassManifest[Boolean]]
    val defaultArrayValue = implicitly[DefaultArrayValue[Boolean]]
 }
}","/**
 * A Semiring is a ring without additive inverses (i.e. no subtraction).
 * It has an additive monoid and a multiplicative monoid.
 * Additive and multiplicative identities are called zero and one respectively.
 *
 * @author dlwh
 */
trait Semiring[@specialized(Int, Short, Long, Float, Double) V] extends Serializable {
  def zero: V
  def one: V
  def +(a: V, b: V): V
  def *(a: V, b: V): V

  // optional operations with default implementations
  def close(a: V, b: V, tolerance: V)(implicit ev: V => Double): Boolean = {
    val diff = math.abs(a - b)
    diff <= tolerance
  }

  // derived operations
  def **=(a: V, b: Int): V = {
    var result = one
    var base = a
    var exp = b
    while (exp > 0) {
      if ((exp & 1) == 1) result = *(result, base)
      base = *(base, base)
      exp >>= 1
    }
    result
  }

  def sum"
deepseek,deepseek-ai/DeepSeek-V3.2:novita,scala,GPL-3.0,math::src::main::scala::breeze::math::Semiring.scala,65,0.8,0,0.23943661971830985,"/**
 *
 * @author dlwh
 */
trait Semiring[@specialized(Int,Short,Long,Float,Double) V] extends Serializable {
  def zero : V

  def one : V

  def +(a : V, b : V) : V
  def *(a : V, b : V) : V

  def ==(a : V, b : V) : Boolean
  def !=(a : V, b : V) : Boolean
  def close(a: V, b: V, tolerance: Double=1E-4):Boolean = a == b

  /** Returns the class manifest of the scalar type. */
  def manifest : ClassManifest[V]

  /** Returns the DefaultArrayValue for this type.  Always this.zero. */
  def defaultArrayValue : DefaultArrayValue[V]
}

object Semiring {
  import Ring._
  implicit val semiringD: Semiring[Double] = ringD
  implicit val semiringFloat: Semiring[Float] = ringFloat
  implicit val semiringInt: Semiring[Int] = ringInt
  implicit val semiringLong: Semiring[Long] = ringLong
  implicit val semiringShort: Semiring[Short] = ringShort

  implicit object fieldB extends Semiring[Boolean] {
    def zero = false
    def one = true
    def nan = throw new ArithmeticException(""Operation resulted in boolean-valued NaN"")
    def ==(a : Boolean, b : Boolean) = a == b
    def !=(a : Boolean, b : Boolean) = a != b
    def +(a : Boolean, b : Boolean) = a || b
    def *(a : Boolean, b : Boolean) = a && b
    def norm(a : Boolean) = breeze.numerics.I(a)
    def toDouble(a : Boolean) = breeze.numerics.I(a)
    def isNaN(a : Boolean) = false
    def manifest = implicitly[ClassManifest[Boolean]]
    val defaultArrayValue = implicitly[DefaultArrayValue[Boolean]]
 }
}","/**
 * A Semiring is a ring that may not have an additive inverse. (R, +, 0, *, 1)
 * That is, it's a Ring without a minus.
 *
 * @author dlwh
 */
trait Semiring[@specialized(Int, Short, Long, Float, Double) V] extends Serializable {
  def zero: V
  def one: V
  def +(a: V, b: V): V
  def *(a: V, b: V): V

  // default implementations
  def ==(a: V, b: V): Boolean = a == b
  def !=(a: V, b: V): Boolean = a != b

  def close(a: V, b: V, tolerance: Double = 1E-4): Boolean = {
    val norm = (a, b) match {
      case (x: Double, y: Double) => math.abs(x - y) / (math.abs(x).max(math.abs(y)) + 1) < tolerance
      case (x: Float, y: Float) => math.abs(x - y) / (math.abs(x).max(math.abs(y)) + 1) < tolerance"
deepseek,deepseek-ai/DeepSeek-V3.2:novita,scala,GPL-3.0,actor-server::actor-rpc-api::src::main::scala::im::actor::server::api::rpc::service::stats::StatsServiceImpl.scala,56,0.2,0,0.0,"
final class StatsServiceImpl()(implicit system: ActorSystem) extends StatsService {
  implicit protected val ec: ExecutionContext = system.dispatcher
  private val db = DbExtension(system).db

  protected def doHandleStoreEvents(events: IndexedSeq[ApiEvent], clientData: ClientData): Future[HandlerResult[ResponseVoid]] = {
    authorized(clientData) { implicit client ⇒
      db.run(ClientStatsRepo.create(events map apiEventToStat)) map (_ ⇒ Ok(ResponseVoid))
    }
  }

  private def apiEventToStat(event: ApiEvent)(implicit client: AuthorizedClientData): ClientStats = event match {
    case ApiAppVisibleChanged(visible) ⇒
      stats(""VisibleChanged"", csv(List(visible.toString)))
    case ApiContentViewChanged(contentType, contentId, visible, params) ⇒
      stats(""ContentViewChanged"", csv(List(contentType, contentId, visible.toString) ++ stringList(params)))
    case ApiUntypedEvent(eventType, params) ⇒
      stats(eventType, csv(stringList(params)))
  }

  private def stats(eventType: String, eventData: String)(implicit client: AuthorizedClientData) =
    ClientStats(ACLUtils.randomLong(), client.userId, client.authId, eventType, eventData)

  private def csv(items: List[String]) = items mkString "";""

  private def stringList(params: Option[ApiRawValue]) =
    params map (p ⇒ List(toJs(p).toString)) getOrElse List.empty[String]

  private def toJs(raw: ApiRawValue): JsValue = raw match {
    case ApiMapValue(items) ⇒
      val fields = items map { case ApiMapValueItem(key, value) ⇒ key → toJs(value) }
      JsObject(fields)
    case ApiStringValue(t)     ⇒ JsString(t)
    case ApiDoubleValue(d)     ⇒ JsNumber(d)
    case ApiInt32Value(i)      ⇒ JsNumber(i)
    case ApiInt64Value(l)      ⇒ JsNumber(l)
    case ApiArrayValue(values) ⇒ JsArray(values map toJs)
  }

}","class StatsServiceImpl(implicit system: ActorSystem) extends StatsService {
  import system.dispatcher

  private val db = DbExtension(system).db

  override def doHandleSaveStats(rawStats: ApiRawValue, clientData: ClientData): Future[HandlerResult[ResponseVoid]] = {
    val authorizedAction = requireAuth(clientData).map { implicit client ⇒
      for {
        stats ← parseStats(rawStats)
        _ ← persistStats(stats)
      } yield Ok(ResponseVoid)
    }

    db.run(toDBIOAction(authorizedAction))
  }

  private def parseStats(raw: ApiRawValue)(implicit client: AuthorizedClientData): Future[Seq[ClientStats]] = {
    raw match {
      case ApiArrayValue(items) ⇒
        Future.sequence(items map parseSingleStat)
      case _ ⇒
        Future.failed(new RuntimeException(""Stats must be an array""))
    }
  }

  private def parseSingleStat(raw: ApiRawValue)(implicit client: AuthorizedClientData): Future[ClientStats] = {
    raw match {
      case ApiMapValue(items) ⇒
        val map = items.toMap
        for {
          event ← getString(map,"
deepseek,deepseek-ai/DeepSeek-V3.2:novita,scala,GPL-3.0,actor-server::actor-rpc-api::src::main::scala::im::actor::server::api::rpc::service::stats::StatsServiceImpl.scala,56,0.4,0,0.11392405063291139,"
final class StatsServiceImpl()(implicit system: ActorSystem) extends StatsService {
  implicit protected val ec: ExecutionContext = system.dispatcher
  private val db = DbExtension(system).db

  protected def doHandleStoreEvents(events: IndexedSeq[ApiEvent], clientData: ClientData): Future[HandlerResult[ResponseVoid]] = {
    authorized(clientData) { implicit client ⇒
      db.run(ClientStatsRepo.create(events map apiEventToStat)) map (_ ⇒ Ok(ResponseVoid))
    }
  }

  private def apiEventToStat(event: ApiEvent)(implicit client: AuthorizedClientData): ClientStats = event match {
    case ApiAppVisibleChanged(visible) ⇒
      stats(""VisibleChanged"", csv(List(visible.toString)))
    case ApiContentViewChanged(contentType, contentId, visible, params) ⇒
      stats(""ContentViewChanged"", csv(List(contentType, contentId, visible.toString) ++ stringList(params)))
    case ApiUntypedEvent(eventType, params) ⇒
      stats(eventType, csv(stringList(params)))
  }

  private def stats(eventType: String, eventData: String)(implicit client: AuthorizedClientData) =
    ClientStats(ACLUtils.randomLong(), client.userId, client.authId, eventType, eventData)

  private def csv(items: List[String]) = items mkString "";""

  private def stringList(params: Option[ApiRawValue]) =
    params map (p ⇒ List(toJs(p).toString)) getOrElse List.empty[String]

  private def toJs(raw: ApiRawValue): JsValue = raw match {
    case ApiMapValue(items) ⇒
      val fields = items map { case ApiMapValueItem(key, value) ⇒ key → toJs(value) }
      JsObject(fields)
    case ApiStringValue(t)     ⇒ JsString(t)
    case ApiDoubleValue(d)     ⇒ JsNumber(d)
    case ApiInt32Value(i)      ⇒ JsNumber(i)
    case ApiInt64Value(l)      ⇒ JsNumber(l)
    case ApiArrayValue(values) ⇒ JsArray(values map toJs)
  }

}","class StatsServiceImpl(implicit system: ActorSystem) extends StatsService {

  private implicit val ec: ExecutionContext = system.dispatcher
  private val db = DbExtension(system).db

  override def doHandleEditPerformances(
    metrics: ApiArrayValue,
    clientData: ClientData
  ): Future[HandlerResult[ResponseVoid]] = {
    val authorizedAction = requireAuth(clientData).map { _ ⇒
      // TODO: Implement
      Ok(ResponseVoid)
    }

    db.run(toDBIOAction(authorizedAction))
  }

  override def doHandleSavePerformance(
    name: String,
    value: ApiRawValue,
    clientData: ClientData
  ): Future[HandlerResult[ResponseVoid]] = {
    val authorizedAction = requireAuth(clientData).map { _ ⇒
      // TODO: Implement
      Ok(ResponseVoid)
    }

    db.run(toDBIOAction(authorizedAction))
  }

  private def parseStats(raw: ApiRawValue): Option[JsValue] = raw match {
    case ApiMapValue(items) ⇒
      Some(JsObject(items.map {
        case (key, value) ⇒ key → parseRawValue(value)
      }."
deepseek,deepseek-ai/DeepSeek-V3.2:novita,scala,GPL-3.0,actor-server::actor-rpc-api::src::main::scala::im::actor::server::api::rpc::service::stats::StatsServiceImpl.scala,56,0.8,0,0.031446540880503145,"
final class StatsServiceImpl()(implicit system: ActorSystem) extends StatsService {
  implicit protected val ec: ExecutionContext = system.dispatcher
  private val db = DbExtension(system).db

  protected def doHandleStoreEvents(events: IndexedSeq[ApiEvent], clientData: ClientData): Future[HandlerResult[ResponseVoid]] = {
    authorized(clientData) { implicit client ⇒
      db.run(ClientStatsRepo.create(events map apiEventToStat)) map (_ ⇒ Ok(ResponseVoid))
    }
  }

  private def apiEventToStat(event: ApiEvent)(implicit client: AuthorizedClientData): ClientStats = event match {
    case ApiAppVisibleChanged(visible) ⇒
      stats(""VisibleChanged"", csv(List(visible.toString)))
    case ApiContentViewChanged(contentType, contentId, visible, params) ⇒
      stats(""ContentViewChanged"", csv(List(contentType, contentId, visible.toString) ++ stringList(params)))
    case ApiUntypedEvent(eventType, params) ⇒
      stats(eventType, csv(stringList(params)))
  }

  private def stats(eventType: String, eventData: String)(implicit client: AuthorizedClientData) =
    ClientStats(ACLUtils.randomLong(), client.userId, client.authId, eventType, eventData)

  private def csv(items: List[String]) = items mkString "";""

  private def stringList(params: Option[ApiRawValue]) =
    params map (p ⇒ List(toJs(p).toString)) getOrElse List.empty[String]

  private def toJs(raw: ApiRawValue): JsValue = raw match {
    case ApiMapValue(items) ⇒
      val fields = items map { case ApiMapValueItem(key, value) ⇒ key → toJs(value) }
      JsObject(fields)
    case ApiStringValue(t)     ⇒ JsString(t)
    case ApiDoubleValue(d)     ⇒ JsNumber(d)
    case ApiInt32Value(i)      ⇒ JsNumber(i)
    case ApiInt64Value(l)      ⇒ JsNumber(l)
    case ApiArrayValue(values) ⇒ JsArray(values map toJs)
  }

}","class StatsServiceImpl(implicit system: ActorSystem) extends StatsService {
  import system.dispatcher

  private val db = DbExtension(system).db

  override implicit val ec: ExecutionContext = system.dispatcher

  override def doHandleTrackStats(
    params: ApiTrackStatsParams,
    clientData: ClientData
  ): Future[HandlerResult[ResponseVoid]] = {
    val authorizedAction = requireAuth(clientData).map { implicit client ⇒
      withValidStats(params.stats) { stats ⇒
        for {
          _ ← db.run(ClientStatsRepo.create(ClientStats(client.userId, client.authId, Json.stringify(Json.toJson(stats)))))
        } yield Ok(ResponseVoid)
      }
    }
    authorizedAction.flatMap(identity)
  }

  override def doHandleLoadStats(
    params: ApiLoadStatsParams,
    clientData: ClientData
  ): Future[HandlerResult[ApiLoadStatsResponse]] = {
    val authorizedAction = requireAuth(clientData).map { implicit client ⇒
      for {
        stats ← db.run(ClientStatsRepo.find(client.userId, client.authId, params.limit))
      } yield {
        val apiStats = stats"
deepseek,deepseek-ai/DeepSeek-V3.2:novita,scala,GPL-3.0,corpus::akka::akka-actor::src::main::scala::akka::actor::dungeon::FaultHandling.scala,306,0.2,0,0.15920398009950248,"  /**
   * Do resume the actor in response to a failure.
   *
   * @param causedByFailure signifies if it was our own failure which
   *        prompted this action.
   */
  protected def faultResume(causedByFailure: Throwable): Unit = {
    if (actor == null) {
      system.eventStream.publish(Error(self.path.toString, clazz(actor),
        ""changing Resume into Create after "" + causedByFailure))
      faultCreate()
    } else if (actor.context == null && causedByFailure != null) {
      system.eventStream.publish(Error(self.path.toString, clazz(actor),
        ""changing Resume into Restart after "" + causedByFailure))
      faultRecreate(causedByFailure)
    } else {
      val perp = perpetrator
      // done always to keep that suspend counter balanced
      // must happen “atomically”
      try resumeNonRecursive()
      finally if (causedByFailure != null) clearFailed()
      resumeChildren(causedByFailure, perp)
    }
  }

  /**
   * Do create the actor in response to a failure.
   */
  protected def faultCreate(): Unit = {
    assert(mailbox.isSuspended, ""mailbox must be suspended during failed creation, status="" + mailbox.currentStatus)
    assert(perpetrator == self)

    setReceiveTimeout(Duration.Undefined)
    cancelReceiveTimeout

    // stop all children, which will turn childrenRefs into TerminatingChildrenContainer (if there are children)
    children foreach stop

    if (!setChildrenTerminationReason(ChildrenContainer.Creation())) finishCreate()
  }

  private def finishCreate(): Unit = {
    try resumeNonRecursive()
    finally clearFailed()
    try create(None)
    catch handleNonFatalOrInterruptedException { e ⇒
      handleInvokeFailure(Nil, e)
    }
  }

  protected def terminate() {
    setReceiveTimeout(Duration.Undefined)
    cancelReceiveTimeout

    // prevent Deadletter(Terminated) messages
    unwatchWatchedActors(actor)

    // stop all children, which will turn childrenRefs into TerminatingChildrenContainer (if there are children)
    children foreach stop

    if (systemImpl.aborting) {
      // separate iteration because this is a very rare case that should not penalize normal operation
      children foreach {
        case ref: ActorRefScope if !ref.isLocal ⇒ self.sendSystemMessage(DeathWatchNotification(ref, true, false))
        case _ ⇒
      }
    }

    val wasTerminating = isTerminating

    if (setChildrenTerminationReason(ChildrenContainer.Termination)) {
      if (!wasTerminating) {
        // do not process normal messages while waiting for all children to terminate
        suspendNonRecursive()
        // do not propagate failures during shutdown to the supervisor
        setFailed(self)
        if (system.settings.DebugLifecycle) publish(Debug(self.path.toString, clazz(actor), ""stopping""))
      }
    } else {
      setTerminated()
      finishTerminate()
    }
  }

  final def handleInvokeFailure(childrenNotToSuspend: immutable.Iterable[ActorRef], t: Throwable): Unit = {
    // prevent any further messages to be processed until the actor has been restarted
    if (!isFailed) try {
      suspendNonRecursive()
      // suspend children
      val skip: Set[ActorRef] = currentMessage match {
        case Envelope(Failed(_, _, _), child) ⇒ { setFailed(child); Set(child) }
        case _ ⇒ { setFailed(self); Set.empty }
      }
      suspendChildren(exceptFor = skip ++ childrenNotToSuspend)
      t match {
        // tell supervisor
        case _: InterruptedException ⇒
          // ➡➡➡ NEVER SEND THE SAME SYSTEM MESSAGE OBJECT TO TWO ACTORS ⬅⬅⬅
          parent.sendSystemMessage(Failed(self, new ActorInterruptedException(t), uid))
        case _ ⇒
          // ➡➡➡ NEVER SEND THE SAME SYSTEM MESSAGE OBJECT TO TWO ACTORS ⬅⬅⬅
          parent.sendSystemMessage(Failed(self, t, uid))
      }
    } catch handleNonFatalOrInterruptedException { e ⇒
      publish(Error(e, self.path.toString, clazz(actor),
        ""emergency stop: exception in failure handling for "" + t.getClass + Logging.stackTraceFor(t)))
      try children foreach stop
      finally finishTerminate()
    }
  }

  private def finishTerminate() {
    val a = actor
    /* The following order is crucial for things to work properly. Only change this if you're very confident and lucky.
     *
     * Please note that if a parent is also a watcher then ChildTerminated and Terminated must be processed in this
     * specific order.
     */
    try if (a ne null) a.aroundPostStop()
    catch handleNonFatalOrInterruptedException { e ⇒ publish(Error(e, self.path.toString, clazz(a), e.getMessage)) }
    finally try dispatcher.detach(this)
    finally try parent.sendSystemMessage(DeathWatchNotification(self, existenceConfirmed = true, addressTerminated = false))
    finally try stopFunctionRefs()
    finally try tellWatchersWeDied()
    finally try unwatchWatchedActors(a) // stay here as we expect an emergency stop from handleInvokeFailure
    finally {
      if (system.settings.DebugLifecycle)
        publish(Debug(self.path.toString, clazz(a), ""stopped""))

      clearActorFields(a, recreate = false)
      clearActorCellFields(this)
      actor = null
    }
  }

  private def finishRecreate(cause: Throwable, failedActor: Actor): Unit = {
    // need to keep a snapshot of the surviving children before the new actor instance creates new ones
    val survivors = children

    try {
      try resumeNonRecursive()
      finally clearFailed() // must happen in any case, so that failure is propagated

      val freshActor = newActor()
      actor = freshActor // this must happen before postRestart has a chance to fail
      if (freshActor eq failedActor) setActorFields(freshActor, this, self) // If the creator returns the same instance, we need to restore our nulled out fields.

      freshActor.aroundPostRestart(cause)
      if (system.settings.DebugLifecycle) publish(Debug(self.path.toString, clazz(freshActor), ""restarted""))

      // only after parent is up and running again do restart the children which were not stopped
      survivors foreach (child ⇒
        try child.asInstanceOf[InternalActorRef].restart(cause)
        catch handleNonFatalOrInterruptedException { e ⇒
          publish(Error(e, self.path.toString, clazz(freshActor), ""restarting "" + child))
        })
    } catch handleNonFatalOrInterruptedException { e ⇒
      clearActorFields(actor, recreate = false) // in order to prevent preRestart() from happening again
      handleInvokeFailure(survivors, PostRestartException(self, e, cause))
    }
  }

  final protected def handleFailure(f: Failed): Unit = {
    currentMessage = Envelope(f, f.child, system)
    getChildByRef(f.child) match {
      /*
       * only act upon the failure, if it comes from a currently known child;
       * the UID protects against reception of a Failed from a child which was
       * killed in preRestart and re-created in postRestart
       */
      case Some(stats) if stats.uid == f.uid ⇒
        if (!actor.supervisorStrategy.handleFailure(this, f.child, f.cause, stats, getAllChildStats)) throw f.cause
      case Some(stats) ⇒
        publish(Debug(self.path.toString, clazz(actor),
          ""dropping Failed("" + f.cause + "") from old child "" + f.child + "" (uid="" + stats.uid + "" != "" + f.uid + "")""))
      case None ⇒
        publish(Debug(self.path.toString, clazz(actor), ""dropping Failed("" + f.cause + "") from unknown child "" + f.child))
    }
  }

  final protected def handleChildTerminated(child: ActorRef): Unit = {
    val status = removeChildAndGetStateChange(child)
    /*
     * if this fails, we do nothing in case of terminating/restarting state,
     * otherwise tell the supervisor etc. (in that second case, the match
     * below will hit the empty default case, too)
     */
    if (actor != null) {
      try actor.supervisorStrategy.handleChildTerminated(this, child, children)
      catch handleNonFatalOrInterruptedException { e ⇒
        publish(Error(e, self.path.toString, clazz(actor), ""handleChildTerminated failed""))
        handleInvokeFailure(Nil, e)
      }
    }
    /*
     * if the removal changed the state of the (terminating) children container,
     * then we are continuing the previously suspended recreate/create/terminate action
     */
    status match {
      case Some(c @ ChildrenContainer.Recreation(cause)) ⇒ finishRecreate(cause, actor)
      case Some(c @ ChildrenContainer.Creation()) ⇒ finishCreate()
      case Some(ChildrenContainer.Termination) ⇒ finishTerminate()
      case _ ⇒
    }
  }

  final protected def handleNonFatalOrInterruptedException(thunk: (Throwable) ⇒ Unit): Catcher[Unit] = {
    case e: InterruptedException ⇒
      thunk(e)
      Thread.currentThread().interrupt()
    case NonFatal(e) ⇒
      thunk(e)
  }
}","/**
   * Do resume the actor after it has been suspended in response to a failure
   * (i.e. because its supervisor crashed).
   */
  protected def faultResume(causedByFailure: Throwable): Unit =
    if (actor == null) {
      system.eventStream.publish(Error(self.path.toString, clazz(actor),
        ""changing Resume into Create after "" + causedByFailure))
      faultCreate()
    } else if (isNormal) {
      resumeNonRecursive()
      resumeChildren(causedByFailure)
    } else {
      // need to keep that suspend counter balanced
      suspendNonRecursive()
    }

  /**
   * Do create the actor (initial start or after recreation).
   */
  protected def faultCreate(): Unit = {
    clearFailed()
    val created = newActor()
    actor = created
    if (created ne null) {
      try created.aroundPreStart()
      catch handleNonFatalOrInterruptedException { e ⇒
        val ex = PreRestartException(self, e, null, None)
        publish(Error(ex, self.path.toString, clazz(created), e.getMessage))
      }
    }
    if (isNormal) {
      resumeNonRec"
deepseek,deepseek-ai/DeepSeek-V3.2:novita,scala,GPL-3.0,corpus::akka::akka-actor::src::main::scala::akka::actor::dungeon::FaultHandling.scala,306,0.4,0,0.0,"  /**
   * Do resume the actor in response to a failure.
   *
   * @param causedByFailure signifies if it was our own failure which
   *        prompted this action.
   */
  protected def faultResume(causedByFailure: Throwable): Unit = {
    if (actor == null) {
      system.eventStream.publish(Error(self.path.toString, clazz(actor),
        ""changing Resume into Create after "" + causedByFailure))
      faultCreate()
    } else if (actor.context == null && causedByFailure != null) {
      system.eventStream.publish(Error(self.path.toString, clazz(actor),
        ""changing Resume into Restart after "" + causedByFailure))
      faultRecreate(causedByFailure)
    } else {
      val perp = perpetrator
      // done always to keep that suspend counter balanced
      // must happen “atomically”
      try resumeNonRecursive()
      finally if (causedByFailure != null) clearFailed()
      resumeChildren(causedByFailure, perp)
    }
  }

  /**
   * Do create the actor in response to a failure.
   */
  protected def faultCreate(): Unit = {
    assert(mailbox.isSuspended, ""mailbox must be suspended during failed creation, status="" + mailbox.currentStatus)
    assert(perpetrator == self)

    setReceiveTimeout(Duration.Undefined)
    cancelReceiveTimeout

    // stop all children, which will turn childrenRefs into TerminatingChildrenContainer (if there are children)
    children foreach stop

    if (!setChildrenTerminationReason(ChildrenContainer.Creation())) finishCreate()
  }

  private def finishCreate(): Unit = {
    try resumeNonRecursive()
    finally clearFailed()
    try create(None)
    catch handleNonFatalOrInterruptedException { e ⇒
      handleInvokeFailure(Nil, e)
    }
  }

  protected def terminate() {
    setReceiveTimeout(Duration.Undefined)
    cancelReceiveTimeout

    // prevent Deadletter(Terminated) messages
    unwatchWatchedActors(actor)

    // stop all children, which will turn childrenRefs into TerminatingChildrenContainer (if there are children)
    children foreach stop

    if (systemImpl.aborting) {
      // separate iteration because this is a very rare case that should not penalize normal operation
      children foreach {
        case ref: ActorRefScope if !ref.isLocal ⇒ self.sendSystemMessage(DeathWatchNotification(ref, true, false))
        case _ ⇒
      }
    }

    val wasTerminating = isTerminating

    if (setChildrenTerminationReason(ChildrenContainer.Termination)) {
      if (!wasTerminating) {
        // do not process normal messages while waiting for all children to terminate
        suspendNonRecursive()
        // do not propagate failures during shutdown to the supervisor
        setFailed(self)
        if (system.settings.DebugLifecycle) publish(Debug(self.path.toString, clazz(actor), ""stopping""))
      }
    } else {
      setTerminated()
      finishTerminate()
    }
  }

  final def handleInvokeFailure(childrenNotToSuspend: immutable.Iterable[ActorRef], t: Throwable): Unit = {
    // prevent any further messages to be processed until the actor has been restarted
    if (!isFailed) try {
      suspendNonRecursive()
      // suspend children
      val skip: Set[ActorRef] = currentMessage match {
        case Envelope(Failed(_, _, _), child) ⇒ { setFailed(child); Set(child) }
        case _ ⇒ { setFailed(self); Set.empty }
      }
      suspendChildren(exceptFor = skip ++ childrenNotToSuspend)
      t match {
        // tell supervisor
        case _: InterruptedException ⇒
          // ➡➡➡ NEVER SEND THE SAME SYSTEM MESSAGE OBJECT TO TWO ACTORS ⬅⬅⬅
          parent.sendSystemMessage(Failed(self, new ActorInterruptedException(t), uid))
        case _ ⇒
          // ➡➡➡ NEVER SEND THE SAME SYSTEM MESSAGE OBJECT TO TWO ACTORS ⬅⬅⬅
          parent.sendSystemMessage(Failed(self, t, uid))
      }
    } catch handleNonFatalOrInterruptedException { e ⇒
      publish(Error(e, self.path.toString, clazz(actor),
        ""emergency stop: exception in failure handling for "" + t.getClass + Logging.stackTraceFor(t)))
      try children foreach stop
      finally finishTerminate()
    }
  }

  private def finishTerminate() {
    val a = actor
    /* The following order is crucial for things to work properly. Only change this if you're very confident and lucky.
     *
     * Please note that if a parent is also a watcher then ChildTerminated and Terminated must be processed in this
     * specific order.
     */
    try if (a ne null) a.aroundPostStop()
    catch handleNonFatalOrInterruptedException { e ⇒ publish(Error(e, self.path.toString, clazz(a), e.getMessage)) }
    finally try dispatcher.detach(this)
    finally try parent.sendSystemMessage(DeathWatchNotification(self, existenceConfirmed = true, addressTerminated = false))
    finally try stopFunctionRefs()
    finally try tellWatchersWeDied()
    finally try unwatchWatchedActors(a) // stay here as we expect an emergency stop from handleInvokeFailure
    finally {
      if (system.settings.DebugLifecycle)
        publish(Debug(self.path.toString, clazz(a), ""stopped""))

      clearActorFields(a, recreate = false)
      clearActorCellFields(this)
      actor = null
    }
  }

  private def finishRecreate(cause: Throwable, failedActor: Actor): Unit = {
    // need to keep a snapshot of the surviving children before the new actor instance creates new ones
    val survivors = children

    try {
      try resumeNonRecursive()
      finally clearFailed() // must happen in any case, so that failure is propagated

      val freshActor = newActor()
      actor = freshActor // this must happen before postRestart has a chance to fail
      if (freshActor eq failedActor) setActorFields(freshActor, this, self) // If the creator returns the same instance, we need to restore our nulled out fields.

      freshActor.aroundPostRestart(cause)
      if (system.settings.DebugLifecycle) publish(Debug(self.path.toString, clazz(freshActor), ""restarted""))

      // only after parent is up and running again do restart the children which were not stopped
      survivors foreach (child ⇒
        try child.asInstanceOf[InternalActorRef].restart(cause)
        catch handleNonFatalOrInterruptedException { e ⇒
          publish(Error(e, self.path.toString, clazz(freshActor), ""restarting "" + child))
        })
    } catch handleNonFatalOrInterruptedException { e ⇒
      clearActorFields(actor, recreate = false) // in order to prevent preRestart() from happening again
      handleInvokeFailure(survivors, PostRestartException(self, e, cause))
    }
  }

  final protected def handleFailure(f: Failed): Unit = {
    currentMessage = Envelope(f, f.child, system)
    getChildByRef(f.child) match {
      /*
       * only act upon the failure, if it comes from a currently known child;
       * the UID protects against reception of a Failed from a child which was
       * killed in preRestart and re-created in postRestart
       */
      case Some(stats) if stats.uid == f.uid ⇒
        if (!actor.supervisorStrategy.handleFailure(this, f.child, f.cause, stats, getAllChildStats)) throw f.cause
      case Some(stats) ⇒
        publish(Debug(self.path.toString, clazz(actor),
          ""dropping Failed("" + f.cause + "") from old child "" + f.child + "" (uid="" + stats.uid + "" != "" + f.uid + "")""))
      case None ⇒
        publish(Debug(self.path.toString, clazz(actor), ""dropping Failed("" + f.cause + "") from unknown child "" + f.child))
    }
  }

  final protected def handleChildTerminated(child: ActorRef): Unit = {
    val status = removeChildAndGetStateChange(child)
    /*
     * if this fails, we do nothing in case of terminating/restarting state,
     * otherwise tell the supervisor etc. (in that second case, the match
     * below will hit the empty default case, too)
     */
    if (actor != null) {
      try actor.supervisorStrategy.handleChildTerminated(this, child, children)
      catch handleNonFatalOrInterruptedException { e ⇒
        publish(Error(e, self.path.toString, clazz(actor), ""handleChildTerminated failed""))
        handleInvokeFailure(Nil, e)
      }
    }
    /*
     * if the removal changed the state of the (terminating) children container,
     * then we are continuing the previously suspended recreate/create/terminate action
     */
    status match {
      case Some(c @ ChildrenContainer.Recreation(cause)) ⇒ finishRecreate(cause, actor)
      case Some(c @ ChildrenContainer.Creation()) ⇒ finishCreate()
      case Some(ChildrenContainer.Termination) ⇒ finishTerminate()
      case _ ⇒
    }
  }

  final protected def handleNonFatalOrInterruptedException(thunk: (Throwable) ⇒ Unit): Catcher[Unit] = {
    case e: InterruptedException ⇒
      thunk(e)
      Thread.currentThread().interrupt()
    case NonFatal(e) ⇒
      thunk(e)
  }
}","/**
   * Do resume the actor after having been suspended in response to a failure
   * of a parent (i.e. the “recursive suspend” feature).
   */
  protected def faultResume(causedByFailure: Throwable): Unit = {
    if (actor == null) {
      system.eventStream.publish(Error(self.path.toString, clazz(actor),
        ""changing Resume into Create after "" + causedByFailure))
      faultCreate()
    } else if (isNormal) {
      resumeNonRecursive()
      resumeChildren(causedByFailure)
    }
  }

  /**
   * Do create the actor (initial start or after having been Reset due to
   * death of parent).
   */
  protected def faultCreate(): Unit = {
    if (actor == null) {
      try {
        createActor()
      } catch handleNonFatalOrInterruptedException { e ⇒
        handleNonFatalOrInterruptedException { e ⇒
          val ex = PostRestartException(self, e, null)
          publish(Error(ex, self.path.toString, clazz(actor), e.getMessage))
          finishCreate()
        }.apply(e)
      }
    } else {
      // need to keep that suspend counter"
deepseek,deepseek-ai/DeepSeek-V3.2:novita,scala,GPL-3.0,corpus::akka::akka-actor::src::main::scala::akka::actor::dungeon::FaultHandling.scala,306,0.8,0,0.0,"  /**
   * Do resume the actor in response to a failure.
   *
   * @param causedByFailure signifies if it was our own failure which
   *        prompted this action.
   */
  protected def faultResume(causedByFailure: Throwable): Unit = {
    if (actor == null) {
      system.eventStream.publish(Error(self.path.toString, clazz(actor),
        ""changing Resume into Create after "" + causedByFailure))
      faultCreate()
    } else if (actor.context == null && causedByFailure != null) {
      system.eventStream.publish(Error(self.path.toString, clazz(actor),
        ""changing Resume into Restart after "" + causedByFailure))
      faultRecreate(causedByFailure)
    } else {
      val perp = perpetrator
      // done always to keep that suspend counter balanced
      // must happen “atomically”
      try resumeNonRecursive()
      finally if (causedByFailure != null) clearFailed()
      resumeChildren(causedByFailure, perp)
    }
  }

  /**
   * Do create the actor in response to a failure.
   */
  protected def faultCreate(): Unit = {
    assert(mailbox.isSuspended, ""mailbox must be suspended during failed creation, status="" + mailbox.currentStatus)
    assert(perpetrator == self)

    setReceiveTimeout(Duration.Undefined)
    cancelReceiveTimeout

    // stop all children, which will turn childrenRefs into TerminatingChildrenContainer (if there are children)
    children foreach stop

    if (!setChildrenTerminationReason(ChildrenContainer.Creation())) finishCreate()
  }

  private def finishCreate(): Unit = {
    try resumeNonRecursive()
    finally clearFailed()
    try create(None)
    catch handleNonFatalOrInterruptedException { e ⇒
      handleInvokeFailure(Nil, e)
    }
  }

  protected def terminate() {
    setReceiveTimeout(Duration.Undefined)
    cancelReceiveTimeout

    // prevent Deadletter(Terminated) messages
    unwatchWatchedActors(actor)

    // stop all children, which will turn childrenRefs into TerminatingChildrenContainer (if there are children)
    children foreach stop

    if (systemImpl.aborting) {
      // separate iteration because this is a very rare case that should not penalize normal operation
      children foreach {
        case ref: ActorRefScope if !ref.isLocal ⇒ self.sendSystemMessage(DeathWatchNotification(ref, true, false))
        case _ ⇒
      }
    }

    val wasTerminating = isTerminating

    if (setChildrenTerminationReason(ChildrenContainer.Termination)) {
      if (!wasTerminating) {
        // do not process normal messages while waiting for all children to terminate
        suspendNonRecursive()
        // do not propagate failures during shutdown to the supervisor
        setFailed(self)
        if (system.settings.DebugLifecycle) publish(Debug(self.path.toString, clazz(actor), ""stopping""))
      }
    } else {
      setTerminated()
      finishTerminate()
    }
  }

  final def handleInvokeFailure(childrenNotToSuspend: immutable.Iterable[ActorRef], t: Throwable): Unit = {
    // prevent any further messages to be processed until the actor has been restarted
    if (!isFailed) try {
      suspendNonRecursive()
      // suspend children
      val skip: Set[ActorRef] = currentMessage match {
        case Envelope(Failed(_, _, _), child) ⇒ { setFailed(child); Set(child) }
        case _ ⇒ { setFailed(self); Set.empty }
      }
      suspendChildren(exceptFor = skip ++ childrenNotToSuspend)
      t match {
        // tell supervisor
        case _: InterruptedException ⇒
          // ➡➡➡ NEVER SEND THE SAME SYSTEM MESSAGE OBJECT TO TWO ACTORS ⬅⬅⬅
          parent.sendSystemMessage(Failed(self, new ActorInterruptedException(t), uid))
        case _ ⇒
          // ➡➡➡ NEVER SEND THE SAME SYSTEM MESSAGE OBJECT TO TWO ACTORS ⬅⬅⬅
          parent.sendSystemMessage(Failed(self, t, uid))
      }
    } catch handleNonFatalOrInterruptedException { e ⇒
      publish(Error(e, self.path.toString, clazz(actor),
        ""emergency stop: exception in failure handling for "" + t.getClass + Logging.stackTraceFor(t)))
      try children foreach stop
      finally finishTerminate()
    }
  }

  private def finishTerminate() {
    val a = actor
    /* The following order is crucial for things to work properly. Only change this if you're very confident and lucky.
     *
     * Please note that if a parent is also a watcher then ChildTerminated and Terminated must be processed in this
     * specific order.
     */
    try if (a ne null) a.aroundPostStop()
    catch handleNonFatalOrInterruptedException { e ⇒ publish(Error(e, self.path.toString, clazz(a), e.getMessage)) }
    finally try dispatcher.detach(this)
    finally try parent.sendSystemMessage(DeathWatchNotification(self, existenceConfirmed = true, addressTerminated = false))
    finally try stopFunctionRefs()
    finally try tellWatchersWeDied()
    finally try unwatchWatchedActors(a) // stay here as we expect an emergency stop from handleInvokeFailure
    finally {
      if (system.settings.DebugLifecycle)
        publish(Debug(self.path.toString, clazz(a), ""stopped""))

      clearActorFields(a, recreate = false)
      clearActorCellFields(this)
      actor = null
    }
  }

  private def finishRecreate(cause: Throwable, failedActor: Actor): Unit = {
    // need to keep a snapshot of the surviving children before the new actor instance creates new ones
    val survivors = children

    try {
      try resumeNonRecursive()
      finally clearFailed() // must happen in any case, so that failure is propagated

      val freshActor = newActor()
      actor = freshActor // this must happen before postRestart has a chance to fail
      if (freshActor eq failedActor) setActorFields(freshActor, this, self) // If the creator returns the same instance, we need to restore our nulled out fields.

      freshActor.aroundPostRestart(cause)
      if (system.settings.DebugLifecycle) publish(Debug(self.path.toString, clazz(freshActor), ""restarted""))

      // only after parent is up and running again do restart the children which were not stopped
      survivors foreach (child ⇒
        try child.asInstanceOf[InternalActorRef].restart(cause)
        catch handleNonFatalOrInterruptedException { e ⇒
          publish(Error(e, self.path.toString, clazz(freshActor), ""restarting "" + child))
        })
    } catch handleNonFatalOrInterruptedException { e ⇒
      clearActorFields(actor, recreate = false) // in order to prevent preRestart() from happening again
      handleInvokeFailure(survivors, PostRestartException(self, e, cause))
    }
  }

  final protected def handleFailure(f: Failed): Unit = {
    currentMessage = Envelope(f, f.child, system)
    getChildByRef(f.child) match {
      /*
       * only act upon the failure, if it comes from a currently known child;
       * the UID protects against reception of a Failed from a child which was
       * killed in preRestart and re-created in postRestart
       */
      case Some(stats) if stats.uid == f.uid ⇒
        if (!actor.supervisorStrategy.handleFailure(this, f.child, f.cause, stats, getAllChildStats)) throw f.cause
      case Some(stats) ⇒
        publish(Debug(self.path.toString, clazz(actor),
          ""dropping Failed("" + f.cause + "") from old child "" + f.child + "" (uid="" + stats.uid + "" != "" + f.uid + "")""))
      case None ⇒
        publish(Debug(self.path.toString, clazz(actor), ""dropping Failed("" + f.cause + "") from unknown child "" + f.child))
    }
  }

  final protected def handleChildTerminated(child: ActorRef): Unit = {
    val status = removeChildAndGetStateChange(child)
    /*
     * if this fails, we do nothing in case of terminating/restarting state,
     * otherwise tell the supervisor etc. (in that second case, the match
     * below will hit the empty default case, too)
     */
    if (actor != null) {
      try actor.supervisorStrategy.handleChildTerminated(this, child, children)
      catch handleNonFatalOrInterruptedException { e ⇒
        publish(Error(e, self.path.toString, clazz(actor), ""handleChildTerminated failed""))
        handleInvokeFailure(Nil, e)
      }
    }
    /*
     * if the removal changed the state of the (terminating) children container,
     * then we are continuing the previously suspended recreate/create/terminate action
     */
    status match {
      case Some(c @ ChildrenContainer.Recreation(cause)) ⇒ finishRecreate(cause, actor)
      case Some(c @ ChildrenContainer.Creation()) ⇒ finishCreate()
      case Some(ChildrenContainer.Termination) ⇒ finishTerminate()
      case _ ⇒
    }
  }

  final protected def handleNonFatalOrInterruptedException(thunk: (Throwable) ⇒ Unit): Catcher[Unit] = {
    case e: InterruptedException ⇒
      thunk(e)
      Thread.currentThread().interrupt()
    case NonFatal(e) ⇒
      thunk(e)
  }
}","/**
   * Do resume the actor after it was suspended in response to a failure of a
   * parent (i.e. the “recursive suspend” feature).
   */
  protected def faultResume(causedByFailure: Throwable): Unit = {
    // done always to keep that suspend counter balanced
    resumeNonRecursive()
    if (causedByFailure != null) {
      if (actor != null) {
        val optionalMessage = if (currentMessage ne null) Some(currentMessage.message) else None
        try actor.aroundPostRestart(causedByFailure, optionalMessage)
        catch handleNonFatalOrInterruptedException { e ⇒
          val ex = PostRestartException(self, e, causedByFailure, optionalMessage)
          publish(Error(ex, self.path.toString, clazz(actor), e.getMessage))
        }
      }
    }
    resumeChildren(causedByFailure)
  }

  /**
   * Do create the actor, first invocation.
   */
  protected def faultCreate(): Unit = {
    try {
      createActor()
      if (system.settings.DebugLifecycle) publish(Debug(self.path.toString, clazz(actor), ""started""))
      actor.aroundPostStart()"
deepseek,deepseek-ai/DeepSeek-V3.2:novita,scala,GPL-3.0,core::src::main::scala::chandu0101::scalajs::react::components::elementalui::Octicons.scala,198,0.2,0,0.6280788177339901,"  val file_directory = Octicons(""file-directory"")
  val file_media = Octicons(""file-media"")
  val file_pdf = Octicons(""file-pdf"")
  val file_submodule = Octicons(""file-submodule"")
  val file_symlink_directory = Octicons(""file-symlink-directory"")
  val file_symlink_file = Octicons(""file-symlink-file"")
  val file_text = Octicons(""file-text"")
  val file_zip = Octicons(""file-zip"")
  val flame = Octicons(""flame"")
  val fold = Octicons(""fold"")
  val gear = Octicons(""gear"")
  val gift = Octicons(""gift"")
  val gist_secret = Octicons(""gist-secret"")
  val gist = Octicons(""gist"")
  val git_branch = Octicons(""git-branch"")
  val git_commit = Octicons(""git-commit"")
  val git_compare = Octicons(""git-compare"")
  val git_merge = Octicons(""git-merge"")
  val git_pull_request = Octicons(""git-pull-request"")
  val globe = Octicons(""globe"")
  val graph = Octicons(""graph"")
  val heart = Octicons(""heart"")
  val history = Octicons(""history"")
  val home = Octicons(""home"")
  val horizontal_rule = Octicons(""horizontal-rule"")
  val hubot = Octicons(""hubot"")
  //  val icons = Octicons(""icons"")
  val inbox = Octicons(""inbox"")
  val info = Octicons(""info"")
  val issue_closed = Octicons(""issue-closed"")
  val issue_opened = Octicons(""issue-opened"")
  val issue_reopened = Octicons(""issue-reopened"")
  //  val italic = Octicons(""italic"")
  val jersey = Octicons(""jersey"")
  val keyboard = Octicons(""keyboard"")
  val key = Octicons(""key"")
  val law = Octicons(""law"")
  val light_bulb = Octicons(""light-bulb"")
  val link_external = Octicons(""link-external"")
  val link = Octicons(""link"")
  val list_ordered = Octicons(""list-ordered"")
  val list_unordered = Octicons(""list-unordered"")
  val location = Octicons(""location"")
  val lock = Octicons(""lock"")
  val logo_github = Octicons(""logo-github"")
  val mail_read = Octicons(""mail-read"")
  val mail_reply = Octicons(""mail-reply"")
  val mail = Octicons(""mail"")
  val markdown = Octicons(""markdown"")
  val mark_github = Octicons(""mark-github"")
  val megaphone = Octicons(""megaphone"")
  val mention = Octicons(""mention"")
  val milestone = Octicons(""milestone"")
  val mirror = Octicons(""mirror"")
  val mortar_board = Octicons(""mortar-board"")
  val mute = Octicons(""mute"")
  val no_newline = Octicons(""no-newline"")
  val octoface = Octicons(""octoface"")
  val organization = Octicons(""organization"")
  val `package` = Octicons(""package"")
  val paintcan = Octicons(""paintcan"")
  val pencil = Octicons(""pencil"")
  val person = Octicons(""person"")
  val pin = Octicons(""pin"")
  val plug = Octicons(""plug"")
  val plus = Octicons(""plus"")
  val primitive_dot = Octicons(""primitive-dot"")
  val primitive_square = Octicons(""primitive-square"")
  val pulse = Octicons(""pulse"")
  val question = Octicons(""question"")
  val quote = Octicons(""quote"")
  val radio_tower = Octicons(""radio-tower"")
  val repo_clone = Octicons(""repo-clone"")
  val repo_force_push = Octicons(""repo-force-push"")
  val repo_forked = Octicons(""repo-forked"")
  val repo_pull = Octicons(""repo-pull"")
  val repo_push = Octicons(""repo-push"")
  val repo = Octicons(""repo"")
  val rocket = Octicons(""rocket"")
  val rss = Octicons(""rss"")
  val ruby = Octicons(""ruby"")
  val search = Octicons(""search"")
  val server = Octicons(""server"")
  val settings = Octicons(""settings"")
  val shield = Octicons(""shield"")
  val sign_in = Octicons(""sign-in"")
  val sign_out = Octicons(""sign-out"")
  val squirrel = Octicons(""squirrel"")
  val star = Octicons(""star"")
  val stop = Octicons(""stop"")
  val sync = Octicons(""sync"")
  val tag = Octicons(""tag"")
  //  val tasklist = Octicons(""tasklist"")
  val telescope = Octicons(""telescope"")
  val terminal = Octicons(""terminal"")
  //  val text_size = Octicons(""text-size"")
  val three_bars = Octicons(""three-bars"")
  val thumbsdown = Octicons(""thumbsdown"")
  val thumbsup = Octicons(""thumbsup"")
  val tools = Octicons(""tools"")
  val trashcan = Octicons(""trashcan"")
  val triangle_down = Octicons(""triangle-down"")
  val triangle_left = Octicons(""triangle-left"")
  val triangle_right = Octicons(""triangle-right"")
  val triangle_up = Octicons(""triangle-up"")
  val unfold = Octicons(""unfold"")
  val unmute = Octicons(""unmute"")
  val versions = Octicons(""versions"")
  val watch = Octicons(""watch"")
  val x = Octicons(""x"")
  val zap = Octicons(""zap"")

  val values = List(alert, arrow_down, arrow_left, arrow_right, arrow_small_down, arrow_small_left,
    arrow_small_right, arrow_small_up, arrow_up, beaker, bell,
    //    bold,
    bookmark, book, briefcase, broadcast,
    browser, bug, calendar, checklist, check, chevron_down, chevron_left, chevron_right, chevron_up,
    circle_slash, circuit_board, clippy, clock, cloud_download, cloud_upload, code, color_mode, comment_discussion,
    comment, credit_card, dashboard, dash, database, desktop_download, device_camera, device_camera_video, device_desktop,
    device_mobile, diff_added, diff_ignored, diff_modified, diff_removed, diff_renamed, diff, ellipsis, eye, file_binary,
    file_code, file_directory, file_media, file_pdf, file_submodule, file_symlink_directory, file_symlink_file, file_text,
    file_zip, flame, fold, gear, gift, gist_secret, gist, git_branch, git_commit, git_compare, git_merge, git_pull_request,
    globe, graph, heart, history, home, horizontal_rule, hubot,
    //    icons,
    inbox, info, issue_closed, issue_opened, issue_reopened,
    //    italic,
    jersey, keyboard, key, law, light_bulb, link_external, link, list_ordered, list_unordered, location, lock,
    logo_github, mail_read, mail_reply, mail, markdown, mark_github, megaphone, mention, milestone, mirror, mortar_board,
    mute, no_newline, octoface, organization, `package`, paintcan, pencil, person, pin, plug, plus, primitive_dot,
    primitive_square, pulse, question, quote, radio_tower, repo_clone, repo_force_push, repo_forked, repo_pull,
    repo_push, repo, rocket, rss, ruby, search, server, settings, shield, sign_in, sign_out, squirrel, star,
    stop, sync, tag,
    //    tasklist,
    telescope, terminal,
    //text_size,
    three_bars, thumbsdown, thumbsup, tools,
    trashcan, triangle_down, triangle_left, triangle_right, triangle_up, unfold, unmute, versions, watch, x)
}","val file_directory = Octicons(""file-directory"")
  val file_media = Octicons(""file-media"")
  val file_pdf = Octicons(""file-pdf"")
  val file_submodule = Octicons(""file-submodule"")
  val file_symlink_directory = Octicons(""file-symlink-directory"")
  val file_symlink_file = Octicons(""file-symlink-file"")
  val file_text = Octicons(""file-text"")
  val file_zip = Octicons(""file-zip"")
  val file = Octicons(""file"")
  val flame = Octicons(""flame"")
  val fold = Octicons(""fold"")
  val gear = Octicons(""gear"")
  val gift = Octicons(""gift"")
  val gist_secret = Octicons(""gist-secret"")
  val gist = Octicons(""gist"")
  val git_branch = Octicons(""git-branch"")
  val git_commit = Octicons(""git-commit"")
  val git_compare = Octicons(""git-compare"")
  val git_merge = Octicons(""git-merge"")
  val git_pull_request = Octicons(""git-pull-request"")
  val globe = Octicons"
deepseek,deepseek-ai/DeepSeek-V3.2:novita,scala,GPL-3.0,core::src::main::scala::chandu0101::scalajs::react::components::elementalui::Octicons.scala,198,0.4,0,0.6280788177339901,"  val file_directory = Octicons(""file-directory"")
  val file_media = Octicons(""file-media"")
  val file_pdf = Octicons(""file-pdf"")
  val file_submodule = Octicons(""file-submodule"")
  val file_symlink_directory = Octicons(""file-symlink-directory"")
  val file_symlink_file = Octicons(""file-symlink-file"")
  val file_text = Octicons(""file-text"")
  val file_zip = Octicons(""file-zip"")
  val flame = Octicons(""flame"")
  val fold = Octicons(""fold"")
  val gear = Octicons(""gear"")
  val gift = Octicons(""gift"")
  val gist_secret = Octicons(""gist-secret"")
  val gist = Octicons(""gist"")
  val git_branch = Octicons(""git-branch"")
  val git_commit = Octicons(""git-commit"")
  val git_compare = Octicons(""git-compare"")
  val git_merge = Octicons(""git-merge"")
  val git_pull_request = Octicons(""git-pull-request"")
  val globe = Octicons(""globe"")
  val graph = Octicons(""graph"")
  val heart = Octicons(""heart"")
  val history = Octicons(""history"")
  val home = Octicons(""home"")
  val horizontal_rule = Octicons(""horizontal-rule"")
  val hubot = Octicons(""hubot"")
  //  val icons = Octicons(""icons"")
  val inbox = Octicons(""inbox"")
  val info = Octicons(""info"")
  val issue_closed = Octicons(""issue-closed"")
  val issue_opened = Octicons(""issue-opened"")
  val issue_reopened = Octicons(""issue-reopened"")
  //  val italic = Octicons(""italic"")
  val jersey = Octicons(""jersey"")
  val keyboard = Octicons(""keyboard"")
  val key = Octicons(""key"")
  val law = Octicons(""law"")
  val light_bulb = Octicons(""light-bulb"")
  val link_external = Octicons(""link-external"")
  val link = Octicons(""link"")
  val list_ordered = Octicons(""list-ordered"")
  val list_unordered = Octicons(""list-unordered"")
  val location = Octicons(""location"")
  val lock = Octicons(""lock"")
  val logo_github = Octicons(""logo-github"")
  val mail_read = Octicons(""mail-read"")
  val mail_reply = Octicons(""mail-reply"")
  val mail = Octicons(""mail"")
  val markdown = Octicons(""markdown"")
  val mark_github = Octicons(""mark-github"")
  val megaphone = Octicons(""megaphone"")
  val mention = Octicons(""mention"")
  val milestone = Octicons(""milestone"")
  val mirror = Octicons(""mirror"")
  val mortar_board = Octicons(""mortar-board"")
  val mute = Octicons(""mute"")
  val no_newline = Octicons(""no-newline"")
  val octoface = Octicons(""octoface"")
  val organization = Octicons(""organization"")
  val `package` = Octicons(""package"")
  val paintcan = Octicons(""paintcan"")
  val pencil = Octicons(""pencil"")
  val person = Octicons(""person"")
  val pin = Octicons(""pin"")
  val plug = Octicons(""plug"")
  val plus = Octicons(""plus"")
  val primitive_dot = Octicons(""primitive-dot"")
  val primitive_square = Octicons(""primitive-square"")
  val pulse = Octicons(""pulse"")
  val question = Octicons(""question"")
  val quote = Octicons(""quote"")
  val radio_tower = Octicons(""radio-tower"")
  val repo_clone = Octicons(""repo-clone"")
  val repo_force_push = Octicons(""repo-force-push"")
  val repo_forked = Octicons(""repo-forked"")
  val repo_pull = Octicons(""repo-pull"")
  val repo_push = Octicons(""repo-push"")
  val repo = Octicons(""repo"")
  val rocket = Octicons(""rocket"")
  val rss = Octicons(""rss"")
  val ruby = Octicons(""ruby"")
  val search = Octicons(""search"")
  val server = Octicons(""server"")
  val settings = Octicons(""settings"")
  val shield = Octicons(""shield"")
  val sign_in = Octicons(""sign-in"")
  val sign_out = Octicons(""sign-out"")
  val squirrel = Octicons(""squirrel"")
  val star = Octicons(""star"")
  val stop = Octicons(""stop"")
  val sync = Octicons(""sync"")
  val tag = Octicons(""tag"")
  //  val tasklist = Octicons(""tasklist"")
  val telescope = Octicons(""telescope"")
  val terminal = Octicons(""terminal"")
  //  val text_size = Octicons(""text-size"")
  val three_bars = Octicons(""three-bars"")
  val thumbsdown = Octicons(""thumbsdown"")
  val thumbsup = Octicons(""thumbsup"")
  val tools = Octicons(""tools"")
  val trashcan = Octicons(""trashcan"")
  val triangle_down = Octicons(""triangle-down"")
  val triangle_left = Octicons(""triangle-left"")
  val triangle_right = Octicons(""triangle-right"")
  val triangle_up = Octicons(""triangle-up"")
  val unfold = Octicons(""unfold"")
  val unmute = Octicons(""unmute"")
  val versions = Octicons(""versions"")
  val watch = Octicons(""watch"")
  val x = Octicons(""x"")
  val zap = Octicons(""zap"")

  val values = List(alert, arrow_down, arrow_left, arrow_right, arrow_small_down, arrow_small_left,
    arrow_small_right, arrow_small_up, arrow_up, beaker, bell,
    //    bold,
    bookmark, book, briefcase, broadcast,
    browser, bug, calendar, checklist, check, chevron_down, chevron_left, chevron_right, chevron_up,
    circle_slash, circuit_board, clippy, clock, cloud_download, cloud_upload, code, color_mode, comment_discussion,
    comment, credit_card, dashboard, dash, database, desktop_download, device_camera, device_camera_video, device_desktop,
    device_mobile, diff_added, diff_ignored, diff_modified, diff_removed, diff_renamed, diff, ellipsis, eye, file_binary,
    file_code, file_directory, file_media, file_pdf, file_submodule, file_symlink_directory, file_symlink_file, file_text,
    file_zip, flame, fold, gear, gift, gist_secret, gist, git_branch, git_commit, git_compare, git_merge, git_pull_request,
    globe, graph, heart, history, home, horizontal_rule, hubot,
    //    icons,
    inbox, info, issue_closed, issue_opened, issue_reopened,
    //    italic,
    jersey, keyboard, key, law, light_bulb, link_external, link, list_ordered, list_unordered, location, lock,
    logo_github, mail_read, mail_reply, mail, markdown, mark_github, megaphone, mention, milestone, mirror, mortar_board,
    mute, no_newline, octoface, organization, `package`, paintcan, pencil, person, pin, plug, plus, primitive_dot,
    primitive_square, pulse, question, quote, radio_tower, repo_clone, repo_force_push, repo_forked, repo_pull,
    repo_push, repo, rocket, rss, ruby, search, server, settings, shield, sign_in, sign_out, squirrel, star,
    stop, sync, tag,
    //    tasklist,
    telescope, terminal,
    //text_size,
    three_bars, thumbsdown, thumbsup, tools,
    trashcan, triangle_down, triangle_left, triangle_right, triangle_up, unfold, unmute, versions, watch, x)
}","val file_directory = Octicons(""file-directory"")
  val file_media = Octicons(""file-media"")
  val file_pdf = Octicons(""file-pdf"")
  val file_submodule = Octicons(""file-submodule"")
  val file_symlink_directory = Octicons(""file-symlink-directory"")
  val file_symlink_file = Octicons(""file-symlink-file"")
  val file_text = Octicons(""file-text"")
  val file_zip = Octicons(""file-zip"")
  val file = Octicons(""file"")
  val flame = Octicons(""flame"")
  val fold = Octicons(""fold"")
  val gear = Octicons(""gear"")
  val gift = Octicons(""gift"")
  val gist_fork = Octicons(""gist-fork"")
  val gist_secret = Octicons(""gist-secret"")
  val gist = Octicons(""gist"")
  val git_branch = Octicons(""git-branch"")
  val git_commit = Octicons(""git-commit"")
  val git_compare = Octicons(""git-compare"")
  val git_merge = Octicons(""git-merge"")
  val git_pull_request ="
deepseek,deepseek-ai/DeepSeek-V3.2:novita,scala,GPL-3.0,core::src::main::scala::chandu0101::scalajs::react::components::elementalui::Octicons.scala,198,0.8,0,0.6280788177339901,"  val file_directory = Octicons(""file-directory"")
  val file_media = Octicons(""file-media"")
  val file_pdf = Octicons(""file-pdf"")
  val file_submodule = Octicons(""file-submodule"")
  val file_symlink_directory = Octicons(""file-symlink-directory"")
  val file_symlink_file = Octicons(""file-symlink-file"")
  val file_text = Octicons(""file-text"")
  val file_zip = Octicons(""file-zip"")
  val flame = Octicons(""flame"")
  val fold = Octicons(""fold"")
  val gear = Octicons(""gear"")
  val gift = Octicons(""gift"")
  val gist_secret = Octicons(""gist-secret"")
  val gist = Octicons(""gist"")
  val git_branch = Octicons(""git-branch"")
  val git_commit = Octicons(""git-commit"")
  val git_compare = Octicons(""git-compare"")
  val git_merge = Octicons(""git-merge"")
  val git_pull_request = Octicons(""git-pull-request"")
  val globe = Octicons(""globe"")
  val graph = Octicons(""graph"")
  val heart = Octicons(""heart"")
  val history = Octicons(""history"")
  val home = Octicons(""home"")
  val horizontal_rule = Octicons(""horizontal-rule"")
  val hubot = Octicons(""hubot"")
  //  val icons = Octicons(""icons"")
  val inbox = Octicons(""inbox"")
  val info = Octicons(""info"")
  val issue_closed = Octicons(""issue-closed"")
  val issue_opened = Octicons(""issue-opened"")
  val issue_reopened = Octicons(""issue-reopened"")
  //  val italic = Octicons(""italic"")
  val jersey = Octicons(""jersey"")
  val keyboard = Octicons(""keyboard"")
  val key = Octicons(""key"")
  val law = Octicons(""law"")
  val light_bulb = Octicons(""light-bulb"")
  val link_external = Octicons(""link-external"")
  val link = Octicons(""link"")
  val list_ordered = Octicons(""list-ordered"")
  val list_unordered = Octicons(""list-unordered"")
  val location = Octicons(""location"")
  val lock = Octicons(""lock"")
  val logo_github = Octicons(""logo-github"")
  val mail_read = Octicons(""mail-read"")
  val mail_reply = Octicons(""mail-reply"")
  val mail = Octicons(""mail"")
  val markdown = Octicons(""markdown"")
  val mark_github = Octicons(""mark-github"")
  val megaphone = Octicons(""megaphone"")
  val mention = Octicons(""mention"")
  val milestone = Octicons(""milestone"")
  val mirror = Octicons(""mirror"")
  val mortar_board = Octicons(""mortar-board"")
  val mute = Octicons(""mute"")
  val no_newline = Octicons(""no-newline"")
  val octoface = Octicons(""octoface"")
  val organization = Octicons(""organization"")
  val `package` = Octicons(""package"")
  val paintcan = Octicons(""paintcan"")
  val pencil = Octicons(""pencil"")
  val person = Octicons(""person"")
  val pin = Octicons(""pin"")
  val plug = Octicons(""plug"")
  val plus = Octicons(""plus"")
  val primitive_dot = Octicons(""primitive-dot"")
  val primitive_square = Octicons(""primitive-square"")
  val pulse = Octicons(""pulse"")
  val question = Octicons(""question"")
  val quote = Octicons(""quote"")
  val radio_tower = Octicons(""radio-tower"")
  val repo_clone = Octicons(""repo-clone"")
  val repo_force_push = Octicons(""repo-force-push"")
  val repo_forked = Octicons(""repo-forked"")
  val repo_pull = Octicons(""repo-pull"")
  val repo_push = Octicons(""repo-push"")
  val repo = Octicons(""repo"")
  val rocket = Octicons(""rocket"")
  val rss = Octicons(""rss"")
  val ruby = Octicons(""ruby"")
  val search = Octicons(""search"")
  val server = Octicons(""server"")
  val settings = Octicons(""settings"")
  val shield = Octicons(""shield"")
  val sign_in = Octicons(""sign-in"")
  val sign_out = Octicons(""sign-out"")
  val squirrel = Octicons(""squirrel"")
  val star = Octicons(""star"")
  val stop = Octicons(""stop"")
  val sync = Octicons(""sync"")
  val tag = Octicons(""tag"")
  //  val tasklist = Octicons(""tasklist"")
  val telescope = Octicons(""telescope"")
  val terminal = Octicons(""terminal"")
  //  val text_size = Octicons(""text-size"")
  val three_bars = Octicons(""three-bars"")
  val thumbsdown = Octicons(""thumbsdown"")
  val thumbsup = Octicons(""thumbsup"")
  val tools = Octicons(""tools"")
  val trashcan = Octicons(""trashcan"")
  val triangle_down = Octicons(""triangle-down"")
  val triangle_left = Octicons(""triangle-left"")
  val triangle_right = Octicons(""triangle-right"")
  val triangle_up = Octicons(""triangle-up"")
  val unfold = Octicons(""unfold"")
  val unmute = Octicons(""unmute"")
  val versions = Octicons(""versions"")
  val watch = Octicons(""watch"")
  val x = Octicons(""x"")
  val zap = Octicons(""zap"")

  val values = List(alert, arrow_down, arrow_left, arrow_right, arrow_small_down, arrow_small_left,
    arrow_small_right, arrow_small_up, arrow_up, beaker, bell,
    //    bold,
    bookmark, book, briefcase, broadcast,
    browser, bug, calendar, checklist, check, chevron_down, chevron_left, chevron_right, chevron_up,
    circle_slash, circuit_board, clippy, clock, cloud_download, cloud_upload, code, color_mode, comment_discussion,
    comment, credit_card, dashboard, dash, database, desktop_download, device_camera, device_camera_video, device_desktop,
    device_mobile, diff_added, diff_ignored, diff_modified, diff_removed, diff_renamed, diff, ellipsis, eye, file_binary,
    file_code, file_directory, file_media, file_pdf, file_submodule, file_symlink_directory, file_symlink_file, file_text,
    file_zip, flame, fold, gear, gift, gist_secret, gist, git_branch, git_commit, git_compare, git_merge, git_pull_request,
    globe, graph, heart, history, home, horizontal_rule, hubot,
    //    icons,
    inbox, info, issue_closed, issue_opened, issue_reopened,
    //    italic,
    jersey, keyboard, key, law, light_bulb, link_external, link, list_ordered, list_unordered, location, lock,
    logo_github, mail_read, mail_reply, mail, markdown, mark_github, megaphone, mention, milestone, mirror, mortar_board,
    mute, no_newline, octoface, organization, `package`, paintcan, pencil, person, pin, plug, plus, primitive_dot,
    primitive_square, pulse, question, quote, radio_tower, repo_clone, repo_force_push, repo_forked, repo_pull,
    repo_push, repo, rocket, rss, ruby, search, server, settings, shield, sign_in, sign_out, squirrel, star,
    stop, sync, tag,
    //    tasklist,
    telescope, terminal,
    //text_size,
    three_bars, thumbsdown, thumbsup, tools,
    trashcan, triangle_down, triangle_left, triangle_right, triangle_up, unfold, unmute, versions, watch, x)
}","val file_directory = Octicons(""file-directory"")
  val file_media = Octicons(""file-media"")
  val file_pdf = Octicons(""file-pdf"")
  val file_submodule = Octicons(""file-submodule"")
  val file_symlink_directory = Octicons(""file-symlink-directory"")
  val file_symlink_file = Octicons(""file-symlink-file"")
  val file_text = Octicons(""file-text"")
  val file_zip = Octicons(""file-zip"")
  val file = Octicons(""file"")
  val flame = Octicons(""flame"")
  val fold = Octicons(""fold"")
  val gear = Octicons(""gear"")
  val gift = Octicons(""gift"")
  val gist_secret = Octicons(""gist-secret"")
  val gist = Octicons(""gist"")
  val git_branch = Octicons(""git-branch"")
  val git_commit = Octicons(""git-commit"")
  val git_compare = Octicons(""git-compare"")
  val git_merge = Octicons(""git-merge"")
  val git_pull_request = Octicons(""git-pull-request"")
  val globe = Octicons"
deepseek,deepseek-ai/DeepSeek-V3.2:novita,scala,GPL-3.0,src::main::g8::src::main::scala::$package$::snippet::Presenter.scala,55,0.2,0,0.0,"object Presenter {
  def render = if(model.Presenter) ""*"" #> Script(
    JsCrVar(""PresenterApi"", JsObj()) &
      SetExp(JsVar(""PresenterApi.goto""), AnonFunc(""id"", SHtml.ajaxCall(JsVar(""id""), {(id:String) =>
        Presentation ! id
      })))
  ) else ClearNodes

  private lazy val passcode:String = {
    val jvmProp = Option(System.getProperty(""presentera.passcode""))
    val envProp = Option(System.getenv(""presentera_passcode""))
    val default = Some(""$passcode$"")

    List(jvmProp, envProp, default).flatten.head
  }

  def login(in:NodeSeq):NodeSeq = {
    for {
      r <- S.request if r.post_? // make sure it's a post
      p <- S.param(""passcode"")
    } {
      if(p == passcode) {
        model.Presenter(true)
        Presentation ! Presentation.Init
        S.redirectTo(""/"")
      }
    }

    in
  }
}

object IfPresenter {
  def render = if(model.Presenter) PassThru else ClearNodes
}

object IfAudience {
  def render = if(model.Presenter) ClearNodes else PassThru
}","object Presenter {
  def render = {
    var currentSlide = 0
    var totalSlides = 0

    def updateSlide(newSlide: Int): JsCmd = {
      if (newSlide >= 0 && newSlide < totalSlides) {
        currentSlide = newSlide
        PresentationServer ! SetSlide(currentSlide)
        SetHtml(""slideNumber"", Text((currentSlide + 1).toString)) &
        SetHtml(""totalSlides"", Text(totalSlides.toString))
      } else {
        Noop
      }
    }

    def nextSlide(): JsCmd = updateSlide(currentSlide + 1)
    def prevSlide(): JsCmd = updateSlide(currentSlide - 1)

    // Register comet actor and get initial state
    def init(): JsCmd = {
      val presentation = PresentationServer.getOrCreate
      totalSlides = presentation.totalSlides
      currentSlide = presentation.currentSlide
      SetHtml(""slideNumber"", Text((currentSlide + 1).toString)) &
      SetHtml(""totalSlides"", Text(totalSlides.toString))
    }

    // Bind UI actions
    ""button [id]"" #> ""nextSlide"" #> {
      ""on"
deepseek,deepseek-ai/DeepSeek-V3.2:novita,scala,GPL-3.0,src::main::g8::src::main::scala::$package$::snippet::Presenter.scala,55,0.4,0,0.015873015873015872,"object Presenter {
  def render = if(model.Presenter) ""*"" #> Script(
    JsCrVar(""PresenterApi"", JsObj()) &
      SetExp(JsVar(""PresenterApi.goto""), AnonFunc(""id"", SHtml.ajaxCall(JsVar(""id""), {(id:String) =>
        Presentation ! id
      })))
  ) else ClearNodes

  private lazy val passcode:String = {
    val jvmProp = Option(System.getProperty(""presentera.passcode""))
    val envProp = Option(System.getenv(""presentera_passcode""))
    val default = Some(""$passcode$"")

    List(jvmProp, envProp, default).flatten.head
  }

  def login(in:NodeSeq):NodeSeq = {
    for {
      r <- S.request if r.post_? // make sure it's a post
      p <- S.param(""passcode"")
    } {
      if(p == passcode) {
        model.Presenter(true)
        Presentation ! Presentation.Init
        S.redirectTo(""/"")
      }
    }

    in
  }
}

object IfPresenter {
  def render = if(model.Presenter) PassThru else ClearNodes
}

object IfAudience {
  def render = if(model.Presenter) ClearNodes else PassThru
}","object Presenter {
  def render = {
    var currentSlide = 0
    var totalSlides = 0

    def updateSlide(newSlide: Int): JsCmd = {
      if (newSlide >= 0 && newSlide < totalSlides) {
        currentSlide = newSlide
        PresentationServer ! SetSlide(currentSlide)
        SetValById(""slideNumber"", currentSlide.toString) &
        SetHtml(""slideContent"", Presentation.getSlide(currentSlide))
      } else Noop
    }

    SHtml.ajaxForm(
      <div>
        <div id=""slideContent"">
          {Presentation.getSlide(currentSlide)}
        </div>
        <div>
          <button onclick={SHtml.ajaxCall(() => updateSlide(currentSlide - 1), _ => Noop).toJsCmd}>Previous</button>
          <span id=""slideNumber"">{currentSlide}</span> / <span id=""totalSlides"">{totalSlides}</span>
          <button onclick={SHtml.ajaxCall(() => updateSlide(currentSlide + 1), _ => Noop).toJsCmd}>Next</button>
        </div>
      </div>
    )
  }
}"
deepseek,deepseek-ai/DeepSeek-V3.2:novita,scala,GPL-3.0,src::main::g8::src::main::scala::$package$::snippet::Presenter.scala,55,0.8,0,0.0,"object Presenter {
  def render = if(model.Presenter) ""*"" #> Script(
    JsCrVar(""PresenterApi"", JsObj()) &
      SetExp(JsVar(""PresenterApi.goto""), AnonFunc(""id"", SHtml.ajaxCall(JsVar(""id""), {(id:String) =>
        Presentation ! id
      })))
  ) else ClearNodes

  private lazy val passcode:String = {
    val jvmProp = Option(System.getProperty(""presentera.passcode""))
    val envProp = Option(System.getenv(""presentera_passcode""))
    val default = Some(""$passcode$"")

    List(jvmProp, envProp, default).flatten.head
  }

  def login(in:NodeSeq):NodeSeq = {
    for {
      r <- S.request if r.post_? // make sure it's a post
      p <- S.param(""passcode"")
    } {
      if(p == passcode) {
        model.Presenter(true)
        Presentation ! Presentation.Init
        S.redirectTo(""/"")
      }
    }

    in
  }
}

object IfPresenter {
  def render = if(model.Presenter) PassThru else ClearNodes
}

object IfAudience {
  def render = if(model.Presenter) ClearNodes else PassThru
}","object Presenter {
  def render = {
    var currentSlide = 0
    var totalSlides = 0

    def updateSlide(newSlide: Int): JsCmd = {
      if (newSlide >= 0 && newSlide < totalSlides) {
        currentSlide = newSlide
        PresentationServer ! UpdateSlide(currentSlide)
        SetValById(""slideNumber"", Str(currentSlide.toString))
      } else {
        Noop
      }
    }

    SHtml.ajaxForm(
      <div>
        <span id=""slideNumber"">0</span>
        <button onclick={SHtml.ajaxInvoke(() => updateSlide(currentSlide - 1)).toJsCmd}>Prev</button>
        <button onclick={SHtml.ajaxInvoke(() => updateSlide(currentSlide + 1)).toJsCmd}>Next</button>
      </div>
    )
  }
}"
deepseek,deepseek-ai/DeepSeek-V3.2:novita,scala,GPL-3.0,src::test.scala,183,0.2,0,0.0,"    case L.EMGM      ⇒ Some(EMGMCompany.incSalary(com1))
    case L.Direct ⇒ {
      def incSalary(c: Company) = Company(c.depts.map(incSalaryD))
      def incSalaryD(d: Dept) = Dept(d.name, incSalaryE(d.manager), d.units.map(incSalaryU))
      def incSalaryU(du: DUnit): DUnit = du match {
        case DU(d) ⇒ DU(incSalaryD(d))
        case PU(p) ⇒ PU(incSalaryE(p))
      }
      def incSalaryE(e: Employee) = Employee(e.person, incSalaryS(e.salary))
      def incSalaryS(s: Salary) = Salary(s.salary * 110 / 100)

      Some(incSalary(com1))
    }
    case L.None ⇒ {
      def incSalary(c: Company) = Company(c.depts.map(incSalaryD))
      def incSalaryD(d: Dept) = Dept(d.name, incSalaryE(d.manager), d.units.map(incSalaryU))
      def incSalaryU(du: DUnit): DUnit = du match {
        case DU(d) ⇒ DU(incSalaryD(d))
        case PU(p) ⇒ PU(incSalaryE(p))
      }
      def incSalaryE(e: Employee) = Employee(e.person, incSalaryS(e.salary))
      def incSalaryS(s: Salary) = Salary(s.salary * 110 / 100)

      Some(incSalary(com1))
    }
    case _ ⇒ None
  }

  val list1 = (1 until N * N).toList
  val list2 = (1 until N * N + 1).toList

  def geq(lib: L.Value) = lib match {
    case L.None   ⇒ Some(false)
    case L.Direct ⇒ Some(list1.equals(list2))
    case L.LIGD   ⇒ Some(LIGD.geq(list1, list2))
    case L.HLIGD  ⇒ Some(HLIGD.geq(list1, list2))
    case L.EMGM   ⇒ Some(EMGM.geq(list1, list2))
    case _        ⇒ None
  }

  def min(lib: L.Value) = lib match {
    case L.None      ⇒ Some(1)
    case L.LIGD      ⇒ Some(LIGD.min(list2))
    case L.HLIGD     ⇒ Some(HLIGD.foldl(list2)(Int.MaxValue)(scala.math.min))
    case L.EMGM      ⇒ Some(EMGM.min(list2))
    case L.Direct    ⇒ Some(list2.foldLeft(Int.MaxValue)(scala.math.min))
    case L.Shapeless ⇒ Some(ShapelessFun.min(list2))
    case _           ⇒ None
  }
  def sum(lib: L.Value) = lib match {
    case L.None      ⇒ Some(list2.foldLeft(0)(_ + _))
    case L.Direct    ⇒ Some(list2.foldLeft(0)(_ + _))
    case L.LIGD      ⇒ Some(LIGD.foldl(list2)(0)(_ + _))
    case L.HLIGD     ⇒ Some(HLIGD.foldl(list2)(0)(_ + _))
    case L.EMGM      ⇒ Some(EMGM.sum(list2))
    case L.Shapeless ⇒ Some(ShapelessFun.sum(list2))
    case _           ⇒ None
  }

  def bench[A](lib: String, test: String, code: ⇒ Option[A]) = code match {
    case Some(_) ⇒ "" & %15s"".format(time(code))
    case None    ⇒ "" & %15s"".format(""N/A"")
  }

  /* Benchmark configuration */
  val scalameterConfig = config(
    Key.exec.benchRuns -> 150,
    Key.verbose -> false
  ) withWarmer {
      new Warmer.Default
    } withMeasurer {
      new Measurer.IgnoringGC with Measurer.OutlierElimination
    }

  def time[A](a: ⇒ A) = {
    /* This reduces the GC runs during scalameter benchmarking slightly */
    System.gc()
    System.gc()
    val result = scalameterConfig measure { a }
    if (result >= 1)
      (""%.1f ms"".format(result))
    else
      (""%.1f μs"".format(result * 1000.0))
  }

  object L extends Enumeration {
    type L = Value
    val Direct, None, Shapeless, LIGD, HLIGD, EMGM = Value
  }

  val tests = List(
    (""company"", company _),
    (""geq"", geq _),
    (""min"", min _),
    (""sum"", sum _)
  )

  def main(args: Array[String]) {
    printf(""\\begin{tabular}{c"")
    for (lib ← tests) {
      printf(""|r"")
    }
    printf(""}\n"")
    printf(""%-10s"", ""\\bf{test}"")
    for ((testname, test) ← tests) {
      printf("" & %-15s"", ""\\bf{"" + testname + ""}"")
    }
    println(""\\\\"")
    println(""\\hline"")
    for (lib ← L.values) {
      if (lib != L.None) {
        var line = ""%-10s"".format(lib.toString())
        for ((testname, test) ← tests) {
          test(lib) match {
            case Some(result) ⇒ assert(result == test(L.None).get, s""${lib.toString}: $testname failed. Expected ${test(L.None)}, received ${test(lib)}"")
            case None         ⇒ true
          }

          line += bench(lib.toString(), testname, test(lib))
        }
        print(line)
        println(""\\\\"")
      }
    }
    println(""\\end{tabular}"")
  }

}","case L.EMGM      ⇒ Some(EMGMCompany.incSalary(com1, 10)(EMGMCompany.rCompany))
    case _           ⇒ None
  }

  def main(args: Array[String]) {
    val config = config(
      Key.exec.minWarmupRuns -> 20,
      Key.exec.maxWarmupRuns -> 40,
      Key.exec.benchRuns -> 30,
      Key.verbose -> false
    ) withWarmer(new Warmer.Default)

    val shapelessTime = config measure {
      company(L.Shapeless)
    }
    val ligdTime = config measure {
      company(L.LIGD)
    }
    val hligdTime = config measure {
      company(L.HLIGD)
    }
    val emgmTime = config measure {
      company(L.EMGM)
    }

    println(s""Shapeless: $shapelessTime"")
    println(s""LIGD: $ligdTime"")
    println(s""HLIGD: $hligdTime"")
    println(s""EMGM: $emgmTime"")
  }
}"
deepseek,deepseek-ai/DeepSeek-V3.2:novita,scala,GPL-3.0,src::test.scala,183,0.4,0,0.03910614525139665,"    case L.EMGM      ⇒ Some(EMGMCompany.incSalary(com1))
    case L.Direct ⇒ {
      def incSalary(c: Company) = Company(c.depts.map(incSalaryD))
      def incSalaryD(d: Dept) = Dept(d.name, incSalaryE(d.manager), d.units.map(incSalaryU))
      def incSalaryU(du: DUnit): DUnit = du match {
        case DU(d) ⇒ DU(incSalaryD(d))
        case PU(p) ⇒ PU(incSalaryE(p))
      }
      def incSalaryE(e: Employee) = Employee(e.person, incSalaryS(e.salary))
      def incSalaryS(s: Salary) = Salary(s.salary * 110 / 100)

      Some(incSalary(com1))
    }
    case L.None ⇒ {
      def incSalary(c: Company) = Company(c.depts.map(incSalaryD))
      def incSalaryD(d: Dept) = Dept(d.name, incSalaryE(d.manager), d.units.map(incSalaryU))
      def incSalaryU(du: DUnit): DUnit = du match {
        case DU(d) ⇒ DU(incSalaryD(d))
        case PU(p) ⇒ PU(incSalaryE(p))
      }
      def incSalaryE(e: Employee) = Employee(e.person, incSalaryS(e.salary))
      def incSalaryS(s: Salary) = Salary(s.salary * 110 / 100)

      Some(incSalary(com1))
    }
    case _ ⇒ None
  }

  val list1 = (1 until N * N).toList
  val list2 = (1 until N * N + 1).toList

  def geq(lib: L.Value) = lib match {
    case L.None   ⇒ Some(false)
    case L.Direct ⇒ Some(list1.equals(list2))
    case L.LIGD   ⇒ Some(LIGD.geq(list1, list2))
    case L.HLIGD  ⇒ Some(HLIGD.geq(list1, list2))
    case L.EMGM   ⇒ Some(EMGM.geq(list1, list2))
    case _        ⇒ None
  }

  def min(lib: L.Value) = lib match {
    case L.None      ⇒ Some(1)
    case L.LIGD      ⇒ Some(LIGD.min(list2))
    case L.HLIGD     ⇒ Some(HLIGD.foldl(list2)(Int.MaxValue)(scala.math.min))
    case L.EMGM      ⇒ Some(EMGM.min(list2))
    case L.Direct    ⇒ Some(list2.foldLeft(Int.MaxValue)(scala.math.min))
    case L.Shapeless ⇒ Some(ShapelessFun.min(list2))
    case _           ⇒ None
  }
  def sum(lib: L.Value) = lib match {
    case L.None      ⇒ Some(list2.foldLeft(0)(_ + _))
    case L.Direct    ⇒ Some(list2.foldLeft(0)(_ + _))
    case L.LIGD      ⇒ Some(LIGD.foldl(list2)(0)(_ + _))
    case L.HLIGD     ⇒ Some(HLIGD.foldl(list2)(0)(_ + _))
    case L.EMGM      ⇒ Some(EMGM.sum(list2))
    case L.Shapeless ⇒ Some(ShapelessFun.sum(list2))
    case _           ⇒ None
  }

  def bench[A](lib: String, test: String, code: ⇒ Option[A]) = code match {
    case Some(_) ⇒ "" & %15s"".format(time(code))
    case None    ⇒ "" & %15s"".format(""N/A"")
  }

  /* Benchmark configuration */
  val scalameterConfig = config(
    Key.exec.benchRuns -> 150,
    Key.verbose -> false
  ) withWarmer {
      new Warmer.Default
    } withMeasurer {
      new Measurer.IgnoringGC with Measurer.OutlierElimination
    }

  def time[A](a: ⇒ A) = {
    /* This reduces the GC runs during scalameter benchmarking slightly */
    System.gc()
    System.gc()
    val result = scalameterConfig measure { a }
    if (result >= 1)
      (""%.1f ms"".format(result))
    else
      (""%.1f μs"".format(result * 1000.0))
  }

  object L extends Enumeration {
    type L = Value
    val Direct, None, Shapeless, LIGD, HLIGD, EMGM = Value
  }

  val tests = List(
    (""company"", company _),
    (""geq"", geq _),
    (""min"", min _),
    (""sum"", sum _)
  )

  def main(args: Array[String]) {
    printf(""\\begin{tabular}{c"")
    for (lib ← tests) {
      printf(""|r"")
    }
    printf(""}\n"")
    printf(""%-10s"", ""\\bf{test}"")
    for ((testname, test) ← tests) {
      printf("" & %-15s"", ""\\bf{"" + testname + ""}"")
    }
    println(""\\\\"")
    println(""\\hline"")
    for (lib ← L.values) {
      if (lib != L.None) {
        var line = ""%-10s"".format(lib.toString())
        for ((testname, test) ← tests) {
          test(lib) match {
            case Some(result) ⇒ assert(result == test(L.None).get, s""${lib.toString}: $testname failed. Expected ${test(L.None)}, received ${test(lib)}"")
            case None         ⇒ true
          }

          line += bench(lib.toString(), testname, test(lib))
        }
        print(line)
        println(""\\\\"")
      }
    }
    println(""\\end{tabular}"")
  }

}","case L.EMGM      ⇒ Some(EMGMCompany.incSalary(com1, 10)(EMGMCompany.rCompany))
    case _           ⇒ None
  }

  def main(args: Array[String]) {
    val warmupTime = org.scalameter.KeyValue(Key.exec.minWarmupRuns -> 10,
      Key.exec.maxWarmupRuns -> 20,
      Key.verbose -> false)

    val testTime = org.scalameter.KeyValue(Key.exec.benchRuns -> 20,
      Key.verbose -> false)

    val config = config(warmupTime, testTime)

    val shapelessTime = config measure {
      company(L.Shapeless)
    }

    val ligdTime = config measure {
      company(L.LIGD)
    }

    val hligdTime = config measure {
      company(L.HLIGD)
    }

    val emgmTime = config measure {
      company(L.EMGM)
    }

    println(s""Shapeless: $shapelessTime"")
    println(s""LIGD: $ligdTime"")
    println(s""HLIGD: $hligdTime"")
    println(s""EM"
deepseek,deepseek-ai/DeepSeek-V3.2:novita,scala,GPL-3.0,src::test.scala,183,0.8,0,0.03064066852367688,"    case L.EMGM      ⇒ Some(EMGMCompany.incSalary(com1))
    case L.Direct ⇒ {
      def incSalary(c: Company) = Company(c.depts.map(incSalaryD))
      def incSalaryD(d: Dept) = Dept(d.name, incSalaryE(d.manager), d.units.map(incSalaryU))
      def incSalaryU(du: DUnit): DUnit = du match {
        case DU(d) ⇒ DU(incSalaryD(d))
        case PU(p) ⇒ PU(incSalaryE(p))
      }
      def incSalaryE(e: Employee) = Employee(e.person, incSalaryS(e.salary))
      def incSalaryS(s: Salary) = Salary(s.salary * 110 / 100)

      Some(incSalary(com1))
    }
    case L.None ⇒ {
      def incSalary(c: Company) = Company(c.depts.map(incSalaryD))
      def incSalaryD(d: Dept) = Dept(d.name, incSalaryE(d.manager), d.units.map(incSalaryU))
      def incSalaryU(du: DUnit): DUnit = du match {
        case DU(d) ⇒ DU(incSalaryD(d))
        case PU(p) ⇒ PU(incSalaryE(p))
      }
      def incSalaryE(e: Employee) = Employee(e.person, incSalaryS(e.salary))
      def incSalaryS(s: Salary) = Salary(s.salary * 110 / 100)

      Some(incSalary(com1))
    }
    case _ ⇒ None
  }

  val list1 = (1 until N * N).toList
  val list2 = (1 until N * N + 1).toList

  def geq(lib: L.Value) = lib match {
    case L.None   ⇒ Some(false)
    case L.Direct ⇒ Some(list1.equals(list2))
    case L.LIGD   ⇒ Some(LIGD.geq(list1, list2))
    case L.HLIGD  ⇒ Some(HLIGD.geq(list1, list2))
    case L.EMGM   ⇒ Some(EMGM.geq(list1, list2))
    case _        ⇒ None
  }

  def min(lib: L.Value) = lib match {
    case L.None      ⇒ Some(1)
    case L.LIGD      ⇒ Some(LIGD.min(list2))
    case L.HLIGD     ⇒ Some(HLIGD.foldl(list2)(Int.MaxValue)(scala.math.min))
    case L.EMGM      ⇒ Some(EMGM.min(list2))
    case L.Direct    ⇒ Some(list2.foldLeft(Int.MaxValue)(scala.math.min))
    case L.Shapeless ⇒ Some(ShapelessFun.min(list2))
    case _           ⇒ None
  }
  def sum(lib: L.Value) = lib match {
    case L.None      ⇒ Some(list2.foldLeft(0)(_ + _))
    case L.Direct    ⇒ Some(list2.foldLeft(0)(_ + _))
    case L.LIGD      ⇒ Some(LIGD.foldl(list2)(0)(_ + _))
    case L.HLIGD     ⇒ Some(HLIGD.foldl(list2)(0)(_ + _))
    case L.EMGM      ⇒ Some(EMGM.sum(list2))
    case L.Shapeless ⇒ Some(ShapelessFun.sum(list2))
    case _           ⇒ None
  }

  def bench[A](lib: String, test: String, code: ⇒ Option[A]) = code match {
    case Some(_) ⇒ "" & %15s"".format(time(code))
    case None    ⇒ "" & %15s"".format(""N/A"")
  }

  /* Benchmark configuration */
  val scalameterConfig = config(
    Key.exec.benchRuns -> 150,
    Key.verbose -> false
  ) withWarmer {
      new Warmer.Default
    } withMeasurer {
      new Measurer.IgnoringGC with Measurer.OutlierElimination
    }

  def time[A](a: ⇒ A) = {
    /* This reduces the GC runs during scalameter benchmarking slightly */
    System.gc()
    System.gc()
    val result = scalameterConfig measure { a }
    if (result >= 1)
      (""%.1f ms"".format(result))
    else
      (""%.1f μs"".format(result * 1000.0))
  }

  object L extends Enumeration {
    type L = Value
    val Direct, None, Shapeless, LIGD, HLIGD, EMGM = Value
  }

  val tests = List(
    (""company"", company _),
    (""geq"", geq _),
    (""min"", min _),
    (""sum"", sum _)
  )

  def main(args: Array[String]) {
    printf(""\\begin{tabular}{c"")
    for (lib ← tests) {
      printf(""|r"")
    }
    printf(""}\n"")
    printf(""%-10s"", ""\\bf{test}"")
    for ((testname, test) ← tests) {
      printf("" & %-15s"", ""\\bf{"" + testname + ""}"")
    }
    println(""\\\\"")
    println(""\\hline"")
    for (lib ← L.values) {
      if (lib != L.None) {
        var line = ""%-10s"".format(lib.toString())
        for ((testname, test) ← tests) {
          test(lib) match {
            case Some(result) ⇒ assert(result == test(L.None).get, s""${lib.toString}: $testname failed. Expected ${test(L.None)}, received ${test(lib)}"")
            case None         ⇒ true
          }

          line += bench(lib.toString(), testname, test(lib))
        }
        print(line)
        println(""\\\\"")
      }
    }
    println(""\\end{tabular}"")
  }

}","case L.EMGM      => Some(EMGMCompany.incSalary(com1, 10)(EMGMCompany.rCompany))
    case _           => None
  }

  def main(args: Array[String]) = {
    val modes = L.values.map(_.toString).toList

    val bench = config(Key.exec.minWarmupRuns -> 2,
                       Key.exec.maxWarmupRuns -> 5,
                       Key.verbose -> false) withWarmer(new Warmer.Default) measure {
      modes.foreach { m =>
        L.withName(m) match {
          case L.Shapeless => incEverywhere(com1)
          case L.LIGD      => LIGDCompany.incSalary(com1, 10)
          case L.HLIGD     => HLIGDCompany.incSalary(com1, 10)
          case L.EMGM      => EMGMCompany.incSalary(com1, 10)
          case _           => ()
        }
      }
    }

    println(bench.value)

    if (args.length > 0 && args(0).equalsIgnoreCase(""verify"")) {
      modes.foreach { m =>
        val lib ="
deepseek,deepseek-ai/DeepSeek-V3.2:novita,scala,GPL-3.0,view-update::src::main::scala::pl::newicom::dddd::view::ViewUpdater.scala,59,0.2,0,0.048,"
class ViewUpdater(esConn: ActorRef, val streamId: EventStream.Id, val viewHandler: ViewHandler)
  extends Actor with EventstoreSerializationSupport with ActorLogging {

  @scala.throws[Exception](classOf[Exception])
  override def preStart(): Unit = {
    val lastEvNum: Option[Exact] = lastEventNumber.map(l => Exact(l.toInt))
    context.actorOf(streamSubscription(streamId, lastEvNum), s""${streamId.value}-subscription"")
    log.debug(s""Subscribed to $streamId, lastEventNumber = $lastEvNum"")
  }

  def streamSubscription(streamId: EventStream.Id, lastEventNr: Option[EventNumber]) =
    StreamSubscriptionActor.props(esConn, self, streamId, lastEventNr, resolveLinkTos = true)

  override def receive: Receive = {
    case Failure(NotAuthenticated) =>
      log.error(""Invalid credentials"")
      throw new RuntimeException(""Invalid credentials"")

    case Failure(cause) =>
      throw cause

    case ResolvedEvent(EventRecord(_, _, eventData, _), linkEvent) =>
      val eventNumber = linkEvent.number.value
      toDomainEventMessage(eventData) match {
        case Success(em) =>
          if (!isConsumed(eventNumber)) {
            viewHandler.handle(em, eventNumber)
          }
        case scala.util.Failure(cause) =>
          throw cause
      }
    case e =>
      log.debug(s""RECEIVED: $e"")
  }


  private def isConsumed(eventNumber: Long) = eventNumber <= lastEventNumber.getOrElse(-1L)

  private def lastEventNumber: Option[Long] = viewHandler.lastEventNumber
}","class ViewUpdater(esConn: ActorRef, streamId: EventStream.Id, viewHandler: ViewHandler)
    extends Actor
    with ActorLogging
    with EventstoreSerializationSupport {

  import ViewUpdater._
  import context.dispatcher

  private var currentEventNumber: Option[Long] = None

  override def preStart(): Unit = {
    viewHandler.lastEventNumber.onComplete {
      case Success(number) =>
        currentEventNumber = Some(number)
        subscribe(number)
      case _ =>
        subscribe(Exact(0))
    }
  }

  private def subscribe(eventNumber: Exact): Unit = {
    val subscription = SubscriptionObserver[EventRecord](new SubscriptionObserver[EventRecord] {
      override def onLiveProcessingStart(subscription: SubscriptionActor): Unit = {
        log.info(""View updater subscription live processing started"")
      }

      override def onEvent(event: EventRecord, subscription: SubscriptionActor): Unit = {
        try {
          val deserializedEvent = deserialize(event)
          viewHandler.handle(deserializedEvent, event.number.value).onComplete {
            case Success(_) =>
              currentEventNumber = Some(event.number.value)
            case scala.util.Failure(e) =>
              log"
deepseek,deepseek-ai/DeepSeek-V3.2:novita,scala,GPL-3.0,view-update::src::main::scala::pl::newicom::dddd::view::ViewUpdater.scala,59,0.4,0,0.07518796992481203,"
class ViewUpdater(esConn: ActorRef, val streamId: EventStream.Id, val viewHandler: ViewHandler)
  extends Actor with EventstoreSerializationSupport with ActorLogging {

  @scala.throws[Exception](classOf[Exception])
  override def preStart(): Unit = {
    val lastEvNum: Option[Exact] = lastEventNumber.map(l => Exact(l.toInt))
    context.actorOf(streamSubscription(streamId, lastEvNum), s""${streamId.value}-subscription"")
    log.debug(s""Subscribed to $streamId, lastEventNumber = $lastEvNum"")
  }

  def streamSubscription(streamId: EventStream.Id, lastEventNr: Option[EventNumber]) =
    StreamSubscriptionActor.props(esConn, self, streamId, lastEventNr, resolveLinkTos = true)

  override def receive: Receive = {
    case Failure(NotAuthenticated) =>
      log.error(""Invalid credentials"")
      throw new RuntimeException(""Invalid credentials"")

    case Failure(cause) =>
      throw cause

    case ResolvedEvent(EventRecord(_, _, eventData, _), linkEvent) =>
      val eventNumber = linkEvent.number.value
      toDomainEventMessage(eventData) match {
        case Success(em) =>
          if (!isConsumed(eventNumber)) {
            viewHandler.handle(em, eventNumber)
          }
        case scala.util.Failure(cause) =>
          throw cause
      }
    case e =>
      log.debug(s""RECEIVED: $e"")
  }


  private def isConsumed(eventNumber: Long) = eventNumber <= lastEventNumber.getOrElse(-1L)

  private def lastEventNumber: Option[Long] = viewHandler.lastEventNumber
}","class ViewUpdater(esConn: ActorRef, streamId: EventStream.Id, viewHandler: ViewHandler)
  extends Actor with ActorLogging with EventstoreSerializationSupport {

  import context.dispatcher

  private var lastEventNumber: Option[Long] = None

  override def preStart(): Unit = {
    subscribeToStream()
  }

  private def subscribeToStream(): Unit = {
    val fromNumber = lastEventNumber.map(n => Exact(n + 1)).getOrElse(Exact(0))
    val subscription = SubscribeToStream(streamId, observer = self, fromNumber = fromNumber)
    esConn ! subscription
  }

  override def receive: Receive = {
    case LiveProcessingStarted =>
      log.info(""Live processing started for stream {}"", streamId)

    case EventAppeared(event) =>
      try {
        val eventMessage = toEventMessage(event)
        viewHandler.handle(eventMessage, lastEventNumber)
        lastEventNumber = Some(event.record.number.value)
      } catch {
        case ex: Exception =>
          log.error(ex, ""Error handling event {}"", event)
          self ! Failure(ex)
      }

    case Failure(cause) =>
      log.error(cause, ""View update"
deepseek,deepseek-ai/DeepSeek-V3.2:novita,scala,GPL-3.0,view-update::src::main::scala::pl::newicom::dddd::view::ViewUpdater.scala,59,0.8,0,0.1415929203539823,"
class ViewUpdater(esConn: ActorRef, val streamId: EventStream.Id, val viewHandler: ViewHandler)
  extends Actor with EventstoreSerializationSupport with ActorLogging {

  @scala.throws[Exception](classOf[Exception])
  override def preStart(): Unit = {
    val lastEvNum: Option[Exact] = lastEventNumber.map(l => Exact(l.toInt))
    context.actorOf(streamSubscription(streamId, lastEvNum), s""${streamId.value}-subscription"")
    log.debug(s""Subscribed to $streamId, lastEventNumber = $lastEvNum"")
  }

  def streamSubscription(streamId: EventStream.Id, lastEventNr: Option[EventNumber]) =
    StreamSubscriptionActor.props(esConn, self, streamId, lastEventNr, resolveLinkTos = true)

  override def receive: Receive = {
    case Failure(NotAuthenticated) =>
      log.error(""Invalid credentials"")
      throw new RuntimeException(""Invalid credentials"")

    case Failure(cause) =>
      throw cause

    case ResolvedEvent(EventRecord(_, _, eventData, _), linkEvent) =>
      val eventNumber = linkEvent.number.value
      toDomainEventMessage(eventData) match {
        case Success(em) =>
          if (!isConsumed(eventNumber)) {
            viewHandler.handle(em, eventNumber)
          }
        case scala.util.Failure(cause) =>
          throw cause
      }
    case e =>
      log.debug(s""RECEIVED: $e"")
  }


  private def isConsumed(eventNumber: Long) = eventNumber <= lastEventNumber.getOrElse(-1L)

  private def lastEventNumber: Option[Long] = viewHandler.lastEventNumber
}","class ViewUpdater(esConn: ActorRef, streamId: EventStream.Id, viewHandler: ViewHandler)
  extends Actor with ActorLogging with EventstoreSerializationSupport {

  import context.dispatcher

  private var fromEventNumber: EventNumber = EventNumber.First

  override def preStart(): Unit = {
    subscribeToStream()
  }

  private def subscribeToStream(): Unit = {
    val subscription = SubscribeToStream(
      streamId = streamId,
      fromNumberExclusive = Some(fromEventNumber)
    )
    esConn ! subscription
  }

  override def receive: Receive = {
    case SubscribeToStreamCompleted(subscription) =>
      log.info(""Subscription to stream {} completed successfully"", streamId)
      context become subscribed(subscription)
    case Failure(cause) =>
      log.error(cause, ""Failed to subscribe to stream {}"", streamId)
      context stop self
    case other =>
      log.warning(""Unexpected message while subscribing: {}"", other)
  }

  private def subscribed(subscription: SubscriptionActor): Receive = {
    case StreamEventAppeared(event) =>
      handleEvent(event)
    case LiveProcessingStarted =>
      log.info(""Live processing started for stream {}"", streamId)
    case Failure"
deepseek,deepseek-ai/DeepSeek-V3.2:novita,scala,GPL-3.0,monix-tail::shared::src::main::scala::monix::tail::internal::IterantRepeat.scala,116,0.2,0,0.08372093023255814,"      case _ =>
        Suspend(F.delay { new Loop[F, A](source).cycle() })
    }

  private def repeatOne[F[_], A](item: A)(implicit F: Sync[F]): Iterant[F, A] = {
    val batch = new GenericBatch[A] {
      def cursor(): BatchCursor[A] =
        new GenericCursor[A] {
          def hasNext(): Boolean = true
          def next(): A = item
          def recommendedBatchSize: Int =
            Platform.recommendedBatchSize
        }
    }
    NextBatch(batch, F.pure(Iterant.empty))
  }

  private final class Loop[F[_], A](source: Iterant[F, A])(implicit F: Sync[F])
    extends Iterant.Visitor[F, A, Iterant[F, A]] {

    private[this] var hasElements = false
    private[this] val repeatTask = F.delay {
      if (hasElements)
        cycle()
      else
        Iterant.empty[F, A]
    }

    def cycle(): Iterant[F, A] = {
      Concat(F.pure(apply(source)), repeatTask)
    }

    override def visit(ref: Next[F, A]): Iterant[F, A] = {
      hasElements = true
      ref
    }

    override def visit(ref: NextBatch[F, A]): Iterant[F, A] = {
      if (hasElements)
        ref
      else
        visit(NextCursor(ref.batch.cursor(), ref.rest))
    }

    override def visit(ref: NextCursor[F, A]): Iterant[F, A] = {
      hasElements = hasElements || !ref.cursor.isEmpty
      if (hasElements)
        ref
      else
        Suspend(ref.rest.map(this))
    }

    override def visit(ref: Suspend[F, A]): Iterant[F, A] =
      Suspend(ref.rest.map(this))

    override def visit(ref: Concat[F, A]): Iterant[F, A] = {
      if (hasElements)
        ref
      else
        Concat(ref.lh.map(this), ref.rh.map(this))
    }

    override def visit[S](ref: Scope[F, S, A]): Iterant[F, A] = {
      if (hasElements)
        ref
      else
        ref.runMap(this)
    }

    override def visit(ref: Last[F, A]): Iterant[F, A] = {
      hasElements = true
      ref
    }

    override def visit(ref: Halt[F, A]): Iterant[F, A] =
      ref

    override def fail(e: Throwable): Iterant[F, A] =
      Iterant.raiseError(e)
  }
}","case Next(item, rest, stop) =>
        val repeated = rest.map(apply) ++ F.delay(repeatOne(item))
        Next(item, repeated, stop)

      case NextCursor(cursor, rest, stop) =>
        val repeated = rest.map(apply) ++ F.delay(repeatCursor(cursor))
        NextCursor(cursor, repeated, stop)

      case NextBatch(batch, rest, stop) =>
        val repeated = rest.map(apply) ++ F.delay(repeatBatch(batch))
        NextBatch(batch, repeated, stop)

      case Suspend(rest, stop) =>
        Suspend(rest.map(apply), stop)

      case Concat(first, second, stop) =>
        Concat(first.map(apply), second.map(apply), stop)

      case Scope(_, _, _) =>
        apply(source.toLazy)
    }

  private def repeatOne[F[_], A](item: A)(implicit F: Sync[F]): Iterant[F, A] = {
    def loop: Iterant[F, A] = Next(item, F.delay(loop), F.unit)
    loop
  }

  private def repeatCursor[F[_], A]("
deepseek,deepseek-ai/DeepSeek-V3.2:novita,scala,GPL-3.0,monix-tail::shared::src::main::scala::monix::tail::internal::IterantRepeat.scala,116,0.4,0,0.03286384976525822,"      case _ =>
        Suspend(F.delay { new Loop[F, A](source).cycle() })
    }

  private def repeatOne[F[_], A](item: A)(implicit F: Sync[F]): Iterant[F, A] = {
    val batch = new GenericBatch[A] {
      def cursor(): BatchCursor[A] =
        new GenericCursor[A] {
          def hasNext(): Boolean = true
          def next(): A = item
          def recommendedBatchSize: Int =
            Platform.recommendedBatchSize
        }
    }
    NextBatch(batch, F.pure(Iterant.empty))
  }

  private final class Loop[F[_], A](source: Iterant[F, A])(implicit F: Sync[F])
    extends Iterant.Visitor[F, A, Iterant[F, A]] {

    private[this] var hasElements = false
    private[this] val repeatTask = F.delay {
      if (hasElements)
        cycle()
      else
        Iterant.empty[F, A]
    }

    def cycle(): Iterant[F, A] = {
      Concat(F.pure(apply(source)), repeatTask)
    }

    override def visit(ref: Next[F, A]): Iterant[F, A] = {
      hasElements = true
      ref
    }

    override def visit(ref: NextBatch[F, A]): Iterant[F, A] = {
      if (hasElements)
        ref
      else
        visit(NextCursor(ref.batch.cursor(), ref.rest))
    }

    override def visit(ref: NextCursor[F, A]): Iterant[F, A] = {
      hasElements = hasElements || !ref.cursor.isEmpty
      if (hasElements)
        ref
      else
        Suspend(ref.rest.map(this))
    }

    override def visit(ref: Suspend[F, A]): Iterant[F, A] =
      Suspend(ref.rest.map(this))

    override def visit(ref: Concat[F, A]): Iterant[F, A] = {
      if (hasElements)
        ref
      else
        Concat(ref.lh.map(this), ref.rh.map(this))
    }

    override def visit[S](ref: Scope[F, S, A]): Iterant[F, A] = {
      if (hasElements)
        ref
      else
        ref.runMap(this)
    }

    override def visit(ref: Last[F, A]): Iterant[F, A] = {
      hasElements = true
      ref
    }

    override def visit(ref: Halt[F, A]): Iterant[F, A] =
      ref

    override def fail(e: Throwable): Iterant[F, A] =
      Iterant.raiseError(e)
  }
}","case Next(item, tail, stop) =>
        Next[F, A](item, tail.map(repeat), stop).asInstanceOf[Iterant[F, A]]
      case NextCursor(cursor, rest, stop) =>
        val repeated = repeatCursor(cursor)
        Concat(repeated, rest.map(repeat).asInstanceOf[Iterant[F, A]]).asInstanceOf[Iterant[F, A]]
      case NextBatch(batch, rest, stop) =>
        val repeated = repeatCursor(batch.cursor())
        Concat(repeated, rest.map(repeat).asInstanceOf[Iterant[F, A]]).asInstanceOf[Iterant[F, A]]
      case Suspend(rest, stop) =>
        Suspend(rest.map(repeat), stop)
      case Scope(_, _, _) =>
        // Safe to cast because `repeat` preserves the resource scope
        val lifted = source.mapK(FunctionK.id)
        apply(lifted)
      case Concat(lh, rh) =>
        Concat(lh.map(repeat), rh.map(repeat))
    }

  private def repeatOne[F[_], A](item: A)(implicit F: Sync"
deepseek,deepseek-ai/DeepSeek-V3.2:novita,scala,GPL-3.0,monix-tail::shared::src::main::scala::monix::tail::internal::IterantRepeat.scala,116,0.8,0,0.0,"      case _ =>
        Suspend(F.delay { new Loop[F, A](source).cycle() })
    }

  private def repeatOne[F[_], A](item: A)(implicit F: Sync[F]): Iterant[F, A] = {
    val batch = new GenericBatch[A] {
      def cursor(): BatchCursor[A] =
        new GenericCursor[A] {
          def hasNext(): Boolean = true
          def next(): A = item
          def recommendedBatchSize: Int =
            Platform.recommendedBatchSize
        }
    }
    NextBatch(batch, F.pure(Iterant.empty))
  }

  private final class Loop[F[_], A](source: Iterant[F, A])(implicit F: Sync[F])
    extends Iterant.Visitor[F, A, Iterant[F, A]] {

    private[this] var hasElements = false
    private[this] val repeatTask = F.delay {
      if (hasElements)
        cycle()
      else
        Iterant.empty[F, A]
    }

    def cycle(): Iterant[F, A] = {
      Concat(F.pure(apply(source)), repeatTask)
    }

    override def visit(ref: Next[F, A]): Iterant[F, A] = {
      hasElements = true
      ref
    }

    override def visit(ref: NextBatch[F, A]): Iterant[F, A] = {
      if (hasElements)
        ref
      else
        visit(NextCursor(ref.batch.cursor(), ref.rest))
    }

    override def visit(ref: NextCursor[F, A]): Iterant[F, A] = {
      hasElements = hasElements || !ref.cursor.isEmpty
      if (hasElements)
        ref
      else
        Suspend(ref.rest.map(this))
    }

    override def visit(ref: Suspend[F, A]): Iterant[F, A] =
      Suspend(ref.rest.map(this))

    override def visit(ref: Concat[F, A]): Iterant[F, A] = {
      if (hasElements)
        ref
      else
        Concat(ref.lh.map(this), ref.rh.map(this))
    }

    override def visit[S](ref: Scope[F, S, A]): Iterant[F, A] = {
      if (hasElements)
        ref
      else
        ref.runMap(this)
    }

    override def visit(ref: Last[F, A]): Iterant[F, A] = {
      hasElements = true
      ref
    }

    override def visit(ref: Halt[F, A]): Iterant[F, A] =
      ref

    override def fail(e: Throwable): Iterant[F, A] =
      Iterant.raiseError(e)
  }
}","case _ => {
        var cached: F[Iterant[F, A]] = null
        val loop = new Iterant[F, A] {
          private[this] var isFirst = true
          private[this] var currentSource: Iterant[F, A] = source
          private[this] var currentRest: F[Iterant[F, A]] = null

          def rest: F[Iterant[F, A]] = {
            if (cached eq null) {
              cached = F.delay {
                var toCache: Iterant[F, A] = null
                val looped = new Iterant[F, A] {
                  private[this] var cachedSource: Iterant[F, A] = source
                  private[this] var cachedRest: F[Iterant[F, A]] = null

                  def rest: F[Iterant[F, A]] = {
                    if (cachedRest eq null) {
                      cachedRest = F.suspend {
                        cachedSource match {
                          case Halt(_) =>
                            F.pure(this) // loop back
                          case Last(_) =>
                            F.pure(this) // loop back"
deepseek,deepseek-ai/DeepSeek-V3.2:novita,scala,GPL-3.0,external::kafka-0-10-sql::src::main::scala::org::apache::spark::sql::kafka010::KafkaSource.scala,288,0.2,0,0.09880239520958084,"  private val maxOffsetsPerTrigger =
    sourceOptions.get(MAX_OFFSET_PER_TRIGGER).map(_.toLong)

  private val includeHeaders =
    sourceOptions.getOrElse(INCLUDE_HEADERS, ""false"").toBoolean

  /**
   * Lazily initialize `initialPartitionOffsets` to make sure that `KafkaConsumer.poll` is only
   * called in StreamExecutionThread. Otherwise, interrupting a thread while running
   * `KafkaConsumer.poll` may hang forever (KAFKA-1894).
   */
  private lazy val initialPartitionOffsets = {
    val metadataLog = new KafkaSourceInitialOffsetWriter(sqlContext.sparkSession, metadataPath)
    metadataLog.get(0).getOrElse {
      val offsets = startingOffsets match {
        case EarliestOffsetRangeLimit => KafkaSourceOffset(kafkaReader.fetchEarliestOffsets())
        case LatestOffsetRangeLimit => KafkaSourceOffset(kafkaReader.fetchLatestOffsets(None))
        case SpecificOffsetRangeLimit(p) => kafkaReader.fetchSpecificOffsets(p, reportDataLoss)
        case SpecificTimestampRangeLimit(p) =>
          kafkaReader.fetchSpecificTimestampBasedOffsets(p, failsOnNoMatchingOffset = true)
      }
      metadataLog.add(0, offsets)
      logInfo(s""Initial offsets: $offsets"")
      offsets
    }.partitionToOffsets
  }

  override def getDefaultReadLimit: ReadLimit = {
    maxOffsetsPerTrigger.map(ReadLimit.maxRows).getOrElse(super.getDefaultReadLimit)
  }

  // The offsets for each topic-partition currently read to process. Note this maybe not necessarily
  // to be latest offsets because we possibly apply a read limit.
  private var currentPartitionOffsets: Option[Map[TopicPartition, Long]] = None

  // The latest offsets for each topic-partition.
  private var latestPartitionOffsets: Option[Map[TopicPartition, Long]] = None

  private val converter = new KafkaRecordToRowConverter()

  override def schema: StructType = KafkaRecordToRowConverter.kafkaSchema(includeHeaders)

  /** Returns the maximum available offset for this source. */
  override def getOffset: Option[Offset] = {
    throw new UnsupportedOperationException(
      ""latestOffset(Offset, ReadLimit) should be called instead of this method"")
  }

  override def reportLatestOffset(): streaming.Offset = {
    latestPartitionOffsets.map(KafkaSourceOffset(_)).getOrElse(null)
  }

  override def latestOffset(startOffset: streaming.Offset, limit: ReadLimit): streaming.Offset = {
    // Make sure initialPartitionOffsets is initialized
    initialPartitionOffsets

    val latest = kafkaReader.fetchLatestOffsets(
      currentPartitionOffsets.orElse(Some(initialPartitionOffsets)))
    val offsets = limit match {
      case rows: ReadMaxRows =>
        if (currentPartitionOffsets.isEmpty) {
          rateLimit(rows.maxRows(), initialPartitionOffsets, latest)
        } else {
          rateLimit(rows.maxRows(), currentPartitionOffsets.get, latest)
        }
      case _: ReadAllAvailable =>
        latest
    }

    currentPartitionOffsets = Some(offsets)
    latestPartitionOffsets = Some(latest)
    logDebug(s""GetOffset: ${offsets.toSeq.map(_.toString).sorted}"")
    KafkaSourceOffset(offsets)
  }

  /** Proportionally distribute limit number of offsets among topicpartitions */
  private def rateLimit(
      limit: Long,
      from: Map[TopicPartition, Long],
      until: Map[TopicPartition, Long]): Map[TopicPartition, Long] = {
    lazy val fromNew = kafkaReader.fetchEarliestOffsets(until.keySet.diff(from.keySet).toSeq)
    val sizes = until.flatMap {
      case (tp, end) =>
        // If begin isn't defined, something's wrong, but let alert logic in getBatch handle it
        from.get(tp).orElse(fromNew.get(tp)).flatMap { begin =>
          val size = end - begin
          logDebug(s""rateLimit $tp size is $size"")
          if (size > 0) Some(tp -> size) else None
        }
    }
    val total = sizes.values.sum.toDouble
    if (total < 1) {
      until
    } else {
      until.map {
        case (tp, end) =>
          tp -> sizes.get(tp).map { size =>
            val begin = from.getOrElse(tp, fromNew(tp))
            val prorate = limit * (size / total)
            logDebug(s""rateLimit $tp prorated amount is $prorate"")
            // Don't completely starve small topicpartitions
            val prorateLong = (if (prorate < 1) Math.ceil(prorate) else Math.floor(prorate)).toLong
            // need to be careful of integer overflow
            // therefore added canary checks where to see if off variable could be overflowed
            // refer to [https://issues.apache.org/jira/browse/SPARK-26718]
            val off = if (prorateLong > Long.MaxValue - begin) {
              Long.MaxValue
            } else {
              begin + prorateLong
            }
            logDebug(s""rateLimit $tp new offset is $off"")
            // Paranoia, make sure not to return an offset that's past end
            Math.min(end, off)
          }.getOrElse(end)
      }
    }
  }

  /**
   * Returns the data that is between the offsets
   * [`start.get.partitionToOffsets`, `end.partitionToOffsets`), i.e. end.partitionToOffsets is
   * exclusive.
   */
  override def getBatch(start: Option[Offset], end: Offset): DataFrame = {
    // Make sure initialPartitionOffsets is initialized
    initialPartitionOffsets

    logInfo(s""GetBatch called with start = $start, end = $end"")
    val untilPartitionOffsets = KafkaSourceOffset.getPartitionOffsets(end)
    // On recovery, getBatch will get called before getOffset
    if (currentPartitionOffsets.isEmpty) {
      currentPartitionOffsets = Some(untilPartitionOffsets)
    }
    if (start.isDefined && start.get == end) {
      return sqlContext.internalCreateDataFrame(
        sqlContext.sparkContext.emptyRDD[InternalRow].setName(""empty""), schema, isStreaming = true)
    }
    val fromPartitionOffsets = start match {
      case Some(prevBatchEndOffset) =>
        KafkaSourceOffset.getPartitionOffsets(prevBatchEndOffset)
      case None =>
        initialPartitionOffsets
    }

    val offsetRanges = kafkaReader.getOffsetRangesFromResolvedOffsets(
      fromPartitionOffsets,
      untilPartitionOffsets,
      reportDataLoss)

    // Create an RDD that reads from Kafka and get the (key, value) pair as byte arrays.
    val rdd = if (includeHeaders) {
      new KafkaSourceRDD(
        sc, executorKafkaParams, offsetRanges, pollTimeoutMs, failOnDataLoss)
        .map(converter.toInternalRowWithHeaders)
    } else {
      new KafkaSourceRDD(
        sc, executorKafkaParams, offsetRanges, pollTimeoutMs, failOnDataLoss)
        .map(converter.toInternalRowWithoutHeaders)
    }

    logInfo(""GetBatch generating RDD of offset range: "" +
      offsetRanges.sortBy(_.topicPartition.toString).mkString("", ""))

    sqlContext.internalCreateDataFrame(rdd.setName(""kafka""), schema, isStreaming = true)
  }

  /** Stop this source and free any resources it has allocated. */
  override def stop(): Unit = synchronized {
    kafkaReader.close()
  }

  override def toString(): String = s""KafkaSourceV1[$kafkaReader]""

  /**
   * If `failOnDataLoss` is true, this method will throw an `IllegalStateException`.
   * Otherwise, just log a warning.
   */
  private def reportDataLoss(message: String): Unit = {
    if (failOnDataLoss) {
      throw new IllegalStateException(message + s"". $INSTRUCTION_FOR_FAIL_ON_DATA_LOSS_TRUE"")
    } else {
      logWarning(message + s"". $INSTRUCTION_FOR_FAIL_ON_DATA_LOSS_FALSE"")
    }
  }
}

/** Companion object for the [[KafkaSource]]. */
private[kafka010] object KafkaSource {
  def getSortedExecutorList(sc: SparkContext): Array[String] = {
    val bm = sc.env.blockManager
    bm.master.getPeers(bm.blockManagerId).toArray
      .map(x => ExecutorCacheTaskLocation(x.host, x.executorId))
      .sortWith(compare)
      .map(_.toString)
  }

  private def compare(a: ExecutorCacheTaskLocation, b: ExecutorCacheTaskLocation): Boolean = {
    if (a.host == b.host) { a.executorId > b.executorId } else { a.host > b.host }
  }

}","private val includeHeaders =
    sourceOptions.getOrElse(INCLUDE_HEADERS, ""false"").toBoolean

  private val maxOffsetsPerTrigger =
    sourceOptions.get(MAX_OFFSET_PER_TRIGGER).map(_.toLong)

  private val minOffsetsPerTrigger =
    sourceOptions.get(MIN_OFFSET_PER_TRIGGER).map(_.toLong)

  private val maxTriggerDelayMs =
    sourceOptions.get(MAX_TRIGGER_DELAY).map(_.toLong).getOrElse(Long.MaxValue)

  private var lastTriggerMillis: Long = 0L

  /**
   * Lazily initialize `initialPartitionOffsets` to make sure that `KafkaConsumer` is only
   * created when query is started.
   */
  private lazy val initialPartitionOffsets = {
    val metadataLog = new KafkaSourceInitialOffsetWriter(
      sqlContext.sparkSession, metadataPath)
    metadataLog.get(0).getOrElse {
      val offsets = startingOffsets match {
        case EarliestOffsetRangeLimit =>
          kafkaReader.fetchEarliestOffsets()
        case LatestOffsetRangeLimit =>
          kafkaReader.fetchLatestOffsets(None)"
deepseek,deepseek-ai/DeepSeek-V3.2:novita,scala,GPL-3.0,external::kafka-0-10-sql::src::main::scala::org::apache::spark::sql::kafka010::KafkaSource.scala,288,0.4,0,0.10670731707317073,"  private val maxOffsetsPerTrigger =
    sourceOptions.get(MAX_OFFSET_PER_TRIGGER).map(_.toLong)

  private val includeHeaders =
    sourceOptions.getOrElse(INCLUDE_HEADERS, ""false"").toBoolean

  /**
   * Lazily initialize `initialPartitionOffsets` to make sure that `KafkaConsumer.poll` is only
   * called in StreamExecutionThread. Otherwise, interrupting a thread while running
   * `KafkaConsumer.poll` may hang forever (KAFKA-1894).
   */
  private lazy val initialPartitionOffsets = {
    val metadataLog = new KafkaSourceInitialOffsetWriter(sqlContext.sparkSession, metadataPath)
    metadataLog.get(0).getOrElse {
      val offsets = startingOffsets match {
        case EarliestOffsetRangeLimit => KafkaSourceOffset(kafkaReader.fetchEarliestOffsets())
        case LatestOffsetRangeLimit => KafkaSourceOffset(kafkaReader.fetchLatestOffsets(None))
        case SpecificOffsetRangeLimit(p) => kafkaReader.fetchSpecificOffsets(p, reportDataLoss)
        case SpecificTimestampRangeLimit(p) =>
          kafkaReader.fetchSpecificTimestampBasedOffsets(p, failsOnNoMatchingOffset = true)
      }
      metadataLog.add(0, offsets)
      logInfo(s""Initial offsets: $offsets"")
      offsets
    }.partitionToOffsets
  }

  override def getDefaultReadLimit: ReadLimit = {
    maxOffsetsPerTrigger.map(ReadLimit.maxRows).getOrElse(super.getDefaultReadLimit)
  }

  // The offsets for each topic-partition currently read to process. Note this maybe not necessarily
  // to be latest offsets because we possibly apply a read limit.
  private var currentPartitionOffsets: Option[Map[TopicPartition, Long]] = None

  // The latest offsets for each topic-partition.
  private var latestPartitionOffsets: Option[Map[TopicPartition, Long]] = None

  private val converter = new KafkaRecordToRowConverter()

  override def schema: StructType = KafkaRecordToRowConverter.kafkaSchema(includeHeaders)

  /** Returns the maximum available offset for this source. */
  override def getOffset: Option[Offset] = {
    throw new UnsupportedOperationException(
      ""latestOffset(Offset, ReadLimit) should be called instead of this method"")
  }

  override def reportLatestOffset(): streaming.Offset = {
    latestPartitionOffsets.map(KafkaSourceOffset(_)).getOrElse(null)
  }

  override def latestOffset(startOffset: streaming.Offset, limit: ReadLimit): streaming.Offset = {
    // Make sure initialPartitionOffsets is initialized
    initialPartitionOffsets

    val latest = kafkaReader.fetchLatestOffsets(
      currentPartitionOffsets.orElse(Some(initialPartitionOffsets)))
    val offsets = limit match {
      case rows: ReadMaxRows =>
        if (currentPartitionOffsets.isEmpty) {
          rateLimit(rows.maxRows(), initialPartitionOffsets, latest)
        } else {
          rateLimit(rows.maxRows(), currentPartitionOffsets.get, latest)
        }
      case _: ReadAllAvailable =>
        latest
    }

    currentPartitionOffsets = Some(offsets)
    latestPartitionOffsets = Some(latest)
    logDebug(s""GetOffset: ${offsets.toSeq.map(_.toString).sorted}"")
    KafkaSourceOffset(offsets)
  }

  /** Proportionally distribute limit number of offsets among topicpartitions */
  private def rateLimit(
      limit: Long,
      from: Map[TopicPartition, Long],
      until: Map[TopicPartition, Long]): Map[TopicPartition, Long] = {
    lazy val fromNew = kafkaReader.fetchEarliestOffsets(until.keySet.diff(from.keySet).toSeq)
    val sizes = until.flatMap {
      case (tp, end) =>
        // If begin isn't defined, something's wrong, but let alert logic in getBatch handle it
        from.get(tp).orElse(fromNew.get(tp)).flatMap { begin =>
          val size = end - begin
          logDebug(s""rateLimit $tp size is $size"")
          if (size > 0) Some(tp -> size) else None
        }
    }
    val total = sizes.values.sum.toDouble
    if (total < 1) {
      until
    } else {
      until.map {
        case (tp, end) =>
          tp -> sizes.get(tp).map { size =>
            val begin = from.getOrElse(tp, fromNew(tp))
            val prorate = limit * (size / total)
            logDebug(s""rateLimit $tp prorated amount is $prorate"")
            // Don't completely starve small topicpartitions
            val prorateLong = (if (prorate < 1) Math.ceil(prorate) else Math.floor(prorate)).toLong
            // need to be careful of integer overflow
            // therefore added canary checks where to see if off variable could be overflowed
            // refer to [https://issues.apache.org/jira/browse/SPARK-26718]
            val off = if (prorateLong > Long.MaxValue - begin) {
              Long.MaxValue
            } else {
              begin + prorateLong
            }
            logDebug(s""rateLimit $tp new offset is $off"")
            // Paranoia, make sure not to return an offset that's past end
            Math.min(end, off)
          }.getOrElse(end)
      }
    }
  }

  /**
   * Returns the data that is between the offsets
   * [`start.get.partitionToOffsets`, `end.partitionToOffsets`), i.e. end.partitionToOffsets is
   * exclusive.
   */
  override def getBatch(start: Option[Offset], end: Offset): DataFrame = {
    // Make sure initialPartitionOffsets is initialized
    initialPartitionOffsets

    logInfo(s""GetBatch called with start = $start, end = $end"")
    val untilPartitionOffsets = KafkaSourceOffset.getPartitionOffsets(end)
    // On recovery, getBatch will get called before getOffset
    if (currentPartitionOffsets.isEmpty) {
      currentPartitionOffsets = Some(untilPartitionOffsets)
    }
    if (start.isDefined && start.get == end) {
      return sqlContext.internalCreateDataFrame(
        sqlContext.sparkContext.emptyRDD[InternalRow].setName(""empty""), schema, isStreaming = true)
    }
    val fromPartitionOffsets = start match {
      case Some(prevBatchEndOffset) =>
        KafkaSourceOffset.getPartitionOffsets(prevBatchEndOffset)
      case None =>
        initialPartitionOffsets
    }

    val offsetRanges = kafkaReader.getOffsetRangesFromResolvedOffsets(
      fromPartitionOffsets,
      untilPartitionOffsets,
      reportDataLoss)

    // Create an RDD that reads from Kafka and get the (key, value) pair as byte arrays.
    val rdd = if (includeHeaders) {
      new KafkaSourceRDD(
        sc, executorKafkaParams, offsetRanges, pollTimeoutMs, failOnDataLoss)
        .map(converter.toInternalRowWithHeaders)
    } else {
      new KafkaSourceRDD(
        sc, executorKafkaParams, offsetRanges, pollTimeoutMs, failOnDataLoss)
        .map(converter.toInternalRowWithoutHeaders)
    }

    logInfo(""GetBatch generating RDD of offset range: "" +
      offsetRanges.sortBy(_.topicPartition.toString).mkString("", ""))

    sqlContext.internalCreateDataFrame(rdd.setName(""kafka""), schema, isStreaming = true)
  }

  /** Stop this source and free any resources it has allocated. */
  override def stop(): Unit = synchronized {
    kafkaReader.close()
  }

  override def toString(): String = s""KafkaSourceV1[$kafkaReader]""

  /**
   * If `failOnDataLoss` is true, this method will throw an `IllegalStateException`.
   * Otherwise, just log a warning.
   */
  private def reportDataLoss(message: String): Unit = {
    if (failOnDataLoss) {
      throw new IllegalStateException(message + s"". $INSTRUCTION_FOR_FAIL_ON_DATA_LOSS_TRUE"")
    } else {
      logWarning(message + s"". $INSTRUCTION_FOR_FAIL_ON_DATA_LOSS_FALSE"")
    }
  }
}

/** Companion object for the [[KafkaSource]]. */
private[kafka010] object KafkaSource {
  def getSortedExecutorList(sc: SparkContext): Array[String] = {
    val bm = sc.env.blockManager
    bm.master.getPeers(bm.blockManagerId).toArray
      .map(x => ExecutorCacheTaskLocation(x.host, x.executorId))
      .sortWith(compare)
      .map(_.toString)
  }

  private def compare(a: ExecutorCacheTaskLocation, b: ExecutorCacheTaskLocation): Boolean = {
    if (a.host == b.host) { a.executorId > b.executorId } else { a.host > b.host }
  }

}",".toLong
  private val maxOffsetsPerTrigger =
    sourceOptions.get(MAX_OFFSET_PER_TRIGGER).map(_.toLong)

  private[kafka010] val includeHeaders =
    sourceOptions.getOrElse(INCLUDE_HEADERS, ""false"").toBoolean

  private val includeHeadersFieldIndex = if (includeHeaders) Some(6) else None

  private var currentPartitionOffsets: Option[Map[TopicPartition, Long]] = None

  override def schema: StructType = KafkaOffsetReader.kafkaSchema(includeHeaders)

  /**
   * Returns the maximum available offset for this source.
   */
  override def getOffset: Option[Offset] = {
    throw new UnsupportedOperationException(
      ""latestOffset(Offset, ReadLimit) should be called instead of this method"")
  }

  /**
   * Returns the maximum available offset for this source.
   */
  override def latestOffset(startOffset: streaming.Offset, limit: ReadLimit): streaming.Offset = {
    // Make sure initialPartitionOffsets is initialized
    initializePartitionOffsets()

    val latest = kafkaReader.fetchLatestOffsets()
    val start = startOffset.asInstanceOf["
deepseek,deepseek-ai/DeepSeek-V3.2:novita,scala,GPL-3.0,external::kafka-0-10-sql::src::main::scala::org::apache::spark::sql::kafka010::KafkaSource.scala,288,0.8,0,0.024390243902439025,"  private val maxOffsetsPerTrigger =
    sourceOptions.get(MAX_OFFSET_PER_TRIGGER).map(_.toLong)

  private val includeHeaders =
    sourceOptions.getOrElse(INCLUDE_HEADERS, ""false"").toBoolean

  /**
   * Lazily initialize `initialPartitionOffsets` to make sure that `KafkaConsumer.poll` is only
   * called in StreamExecutionThread. Otherwise, interrupting a thread while running
   * `KafkaConsumer.poll` may hang forever (KAFKA-1894).
   */
  private lazy val initialPartitionOffsets = {
    val metadataLog = new KafkaSourceInitialOffsetWriter(sqlContext.sparkSession, metadataPath)
    metadataLog.get(0).getOrElse {
      val offsets = startingOffsets match {
        case EarliestOffsetRangeLimit => KafkaSourceOffset(kafkaReader.fetchEarliestOffsets())
        case LatestOffsetRangeLimit => KafkaSourceOffset(kafkaReader.fetchLatestOffsets(None))
        case SpecificOffsetRangeLimit(p) => kafkaReader.fetchSpecificOffsets(p, reportDataLoss)
        case SpecificTimestampRangeLimit(p) =>
          kafkaReader.fetchSpecificTimestampBasedOffsets(p, failsOnNoMatchingOffset = true)
      }
      metadataLog.add(0, offsets)
      logInfo(s""Initial offsets: $offsets"")
      offsets
    }.partitionToOffsets
  }

  override def getDefaultReadLimit: ReadLimit = {
    maxOffsetsPerTrigger.map(ReadLimit.maxRows).getOrElse(super.getDefaultReadLimit)
  }

  // The offsets for each topic-partition currently read to process. Note this maybe not necessarily
  // to be latest offsets because we possibly apply a read limit.
  private var currentPartitionOffsets: Option[Map[TopicPartition, Long]] = None

  // The latest offsets for each topic-partition.
  private var latestPartitionOffsets: Option[Map[TopicPartition, Long]] = None

  private val converter = new KafkaRecordToRowConverter()

  override def schema: StructType = KafkaRecordToRowConverter.kafkaSchema(includeHeaders)

  /** Returns the maximum available offset for this source. */
  override def getOffset: Option[Offset] = {
    throw new UnsupportedOperationException(
      ""latestOffset(Offset, ReadLimit) should be called instead of this method"")
  }

  override def reportLatestOffset(): streaming.Offset = {
    latestPartitionOffsets.map(KafkaSourceOffset(_)).getOrElse(null)
  }

  override def latestOffset(startOffset: streaming.Offset, limit: ReadLimit): streaming.Offset = {
    // Make sure initialPartitionOffsets is initialized
    initialPartitionOffsets

    val latest = kafkaReader.fetchLatestOffsets(
      currentPartitionOffsets.orElse(Some(initialPartitionOffsets)))
    val offsets = limit match {
      case rows: ReadMaxRows =>
        if (currentPartitionOffsets.isEmpty) {
          rateLimit(rows.maxRows(), initialPartitionOffsets, latest)
        } else {
          rateLimit(rows.maxRows(), currentPartitionOffsets.get, latest)
        }
      case _: ReadAllAvailable =>
        latest
    }

    currentPartitionOffsets = Some(offsets)
    latestPartitionOffsets = Some(latest)
    logDebug(s""GetOffset: ${offsets.toSeq.map(_.toString).sorted}"")
    KafkaSourceOffset(offsets)
  }

  /** Proportionally distribute limit number of offsets among topicpartitions */
  private def rateLimit(
      limit: Long,
      from: Map[TopicPartition, Long],
      until: Map[TopicPartition, Long]): Map[TopicPartition, Long] = {
    lazy val fromNew = kafkaReader.fetchEarliestOffsets(until.keySet.diff(from.keySet).toSeq)
    val sizes = until.flatMap {
      case (tp, end) =>
        // If begin isn't defined, something's wrong, but let alert logic in getBatch handle it
        from.get(tp).orElse(fromNew.get(tp)).flatMap { begin =>
          val size = end - begin
          logDebug(s""rateLimit $tp size is $size"")
          if (size > 0) Some(tp -> size) else None
        }
    }
    val total = sizes.values.sum.toDouble
    if (total < 1) {
      until
    } else {
      until.map {
        case (tp, end) =>
          tp -> sizes.get(tp).map { size =>
            val begin = from.getOrElse(tp, fromNew(tp))
            val prorate = limit * (size / total)
            logDebug(s""rateLimit $tp prorated amount is $prorate"")
            // Don't completely starve small topicpartitions
            val prorateLong = (if (prorate < 1) Math.ceil(prorate) else Math.floor(prorate)).toLong
            // need to be careful of integer overflow
            // therefore added canary checks where to see if off variable could be overflowed
            // refer to [https://issues.apache.org/jira/browse/SPARK-26718]
            val off = if (prorateLong > Long.MaxValue - begin) {
              Long.MaxValue
            } else {
              begin + prorateLong
            }
            logDebug(s""rateLimit $tp new offset is $off"")
            // Paranoia, make sure not to return an offset that's past end
            Math.min(end, off)
          }.getOrElse(end)
      }
    }
  }

  /**
   * Returns the data that is between the offsets
   * [`start.get.partitionToOffsets`, `end.partitionToOffsets`), i.e. end.partitionToOffsets is
   * exclusive.
   */
  override def getBatch(start: Option[Offset], end: Offset): DataFrame = {
    // Make sure initialPartitionOffsets is initialized
    initialPartitionOffsets

    logInfo(s""GetBatch called with start = $start, end = $end"")
    val untilPartitionOffsets = KafkaSourceOffset.getPartitionOffsets(end)
    // On recovery, getBatch will get called before getOffset
    if (currentPartitionOffsets.isEmpty) {
      currentPartitionOffsets = Some(untilPartitionOffsets)
    }
    if (start.isDefined && start.get == end) {
      return sqlContext.internalCreateDataFrame(
        sqlContext.sparkContext.emptyRDD[InternalRow].setName(""empty""), schema, isStreaming = true)
    }
    val fromPartitionOffsets = start match {
      case Some(prevBatchEndOffset) =>
        KafkaSourceOffset.getPartitionOffsets(prevBatchEndOffset)
      case None =>
        initialPartitionOffsets
    }

    val offsetRanges = kafkaReader.getOffsetRangesFromResolvedOffsets(
      fromPartitionOffsets,
      untilPartitionOffsets,
      reportDataLoss)

    // Create an RDD that reads from Kafka and get the (key, value) pair as byte arrays.
    val rdd = if (includeHeaders) {
      new KafkaSourceRDD(
        sc, executorKafkaParams, offsetRanges, pollTimeoutMs, failOnDataLoss)
        .map(converter.toInternalRowWithHeaders)
    } else {
      new KafkaSourceRDD(
        sc, executorKafkaParams, offsetRanges, pollTimeoutMs, failOnDataLoss)
        .map(converter.toInternalRowWithoutHeaders)
    }

    logInfo(""GetBatch generating RDD of offset range: "" +
      offsetRanges.sortBy(_.topicPartition.toString).mkString("", ""))

    sqlContext.internalCreateDataFrame(rdd.setName(""kafka""), schema, isStreaming = true)
  }

  /** Stop this source and free any resources it has allocated. */
  override def stop(): Unit = synchronized {
    kafkaReader.close()
  }

  override def toString(): String = s""KafkaSourceV1[$kafkaReader]""

  /**
   * If `failOnDataLoss` is true, this method will throw an `IllegalStateException`.
   * Otherwise, just log a warning.
   */
  private def reportDataLoss(message: String): Unit = {
    if (failOnDataLoss) {
      throw new IllegalStateException(message + s"". $INSTRUCTION_FOR_FAIL_ON_DATA_LOSS_TRUE"")
    } else {
      logWarning(message + s"". $INSTRUCTION_FOR_FAIL_ON_DATA_LOSS_FALSE"")
    }
  }
}

/** Companion object for the [[KafkaSource]]. */
private[kafka010] object KafkaSource {
  def getSortedExecutorList(sc: SparkContext): Array[String] = {
    val bm = sc.env.blockManager
    bm.master.getPeers(bm.blockManagerId).toArray
      .map(x => ExecutorCacheTaskLocation(x.host, x.executorId))
      .sortWith(compare)
      .map(_.toString)
  }

  private def compare(a: ExecutorCacheTaskLocation, b: ExecutorCacheTaskLocation): Boolean = {
    if (a.host == b.host) { a.executorId > b.executorId } else { a.host > b.host }
  }

}","/** The maximum offset we will read from. Will be `None` if the source is not yet initialized. */
  private var currentOffset: Option[KafkaSourceOffset] = None

  /** Flag to indicate whether the source has been committed for the current batch. */
  private var committed = false

  /** The offset ranges to read in the current micro-batch (if any). */
  private var currentBatchRanges: Seq[KafkaOffsetRange] = _

  override def schema: StructType = KafkaOffsetReader.kafkaSchema

  /** Initialize the source: read the initial offsets and set currentOffset. */
  private def initialize(): Unit = {
    val initialOffsets = KafkaSourceOffset.getInitialOffset(
      kafkaReader, startingOffsets, failOnDataLoss, metadataPath)
    currentOffset = Some(initialOffsets)
    logInfo(s""Initial offsets: $initialOffsets"")
  }

  override def getOffset: Option[Offset] = synchronized {
    if (currentOffset.isEmpty) {
      initialize()
    }

    // Get the latest available offsets from Kafka
    val latestOffsets = kafkaReader.fetchLatestOffsets()
    // If there is no change from the current offset, return None"
deepseek,deepseek-ai/DeepSeek-V3.2:novita,scala,GPL-3.0,integration::spark-common::src::main::scala::org::apache::carbondata::spark::rdd::SparkDataMapJob.scala,114,0.2,0,0.13414634146341464,"import org.apache.carbondata.hadoop.api.{DataMapJob, DistributableDataMapFormat}

/**
 * Spark job to execute datamap job and prune all the datamaps distributable
 */
class SparkDataMapJob extends DataMapJob {

  override def execute(dataMapFormat: DistributableDataMapFormat,
      resolverIntf: FilterResolverIntf): util.List[Blocklet] = {
    new DataMapPruneRDD(SparkContext.getOrCreate(), dataMapFormat, resolverIntf).collect().toList
      .asJava
  }
}

class DataMapRDDPartition(rddId: Int, idx: Int, val inputSplit: InputSplit) extends Partition {
  override def index: Int = idx

  override def hashCode(): Int = 41 * (41 + rddId) + idx
}

/**
 * RDD to prune the datamaps across spark cluster
 * @param sc
 * @param dataMapFormat
 * @param resolverIntf
 */
class DataMapPruneRDD(sc: SparkContext,
    dataMapFormat: DistributableDataMapFormat,
    resolverIntf: FilterResolverIntf)
  extends CarbonRDD[(Blocklet)](sc, Nil) {

  private val jobTrackerId: String = {
    val formatter = new SimpleDateFormat(""yyyyMMddHHmm"")
    formatter.format(new Date())
  }

  override def internalCompute(split: Partition,
      context: TaskContext): Iterator[Blocklet] = {
    val LOGGER = LogServiceFactory.getLogService(this.getClass.getName)
    val status = CarbonCommonConstants.STORE_LOADSTATUS_SUCCESS
    val attemptId = new TaskAttemptID(jobTrackerId, id, TaskType.MAP, split.index, 0)
    val attemptContext = new TaskAttemptContextImpl(new Configuration(), attemptId)
    val inputSplit = split.asInstanceOf[DataMapRDDPartition].inputSplit
    DistributableDataMapFormat.setFilterExp(attemptContext.getConfiguration, resolverIntf)
    val reader = dataMapFormat.createRecordReader(inputSplit, attemptContext)
    reader.initialize(inputSplit, attemptContext)
    val iter = new Iterator[Blocklet] {

      private var havePair = false
      private var finished = false

      override def hasNext: Boolean = {
        if (context.isInterrupted) {
          throw new TaskKilledException
        }
        if (!finished && !havePair) {
          finished = !reader.nextKeyValue
          havePair = !finished
        }
        !finished
      }

      override def next(): Blocklet = {
        if (!hasNext) {
          throw new java.util.NoSuchElementException(""End of stream"")
        }
        havePair = false
        val value = reader.getCurrentValue
        value
      }
    }
    iter
  }

  override protected def getPartitions: Array[Partition] = {
    val job = Job.getInstance(new Configuration())
    val splits = dataMapFormat.getSplits(job)
    splits.asScala.zipWithIndex.map(f => new DataMapRDDPartition(id, f._2, f._1)).toArray
  }
}","import org.apache.carbondata.hadoop.api.CarbonTableInputFormat
import org.apache.carbondata.hadoop.{CarbonInputSplit, CarbonMultiBlockSplit}
import org.apache.carbondata.spark.util.CarbonQueryUtil

/**
 * This RDD is used to perform datamap job.
 * It uses [[CarbonTableInputFormat]] to get the data.
 */
class SparkDataMapJob(
    sc: SparkContext,
    filterResolver: FilterResolverIntf,
    databaseName: String,
    tableName: String,
    segmentIds: Array[String],
    columnProjection: util.List[String])
  extends CarbonScanRDD[Blocklet](
    sc,
    filterResolver,
    databaseName,
    tableName,
    segmentIds,
    columnProjection) {

  override def internalCompute(split: Partition, context: TaskContext): Iterator[Blocklet] = {
    val LOGGER = LogServiceFactory.getLogService(this.getClass.getCanonicalName)
    val attemptId = new TaskAttemptID(jobTrackerId, id, TaskType.MAP, split.index, 0)
    val attemptContext = new TaskAttemptContextImpl(hadoopConf, attemptId)
    val carbonInputSplit"
deepseek,deepseek-ai/DeepSeek-V3.2:novita,scala,GPL-3.0,integration::spark-common::src::main::scala::org::apache::carbondata::spark::rdd::SparkDataMapJob.scala,114,0.4,0,0.11931818181818182,"import org.apache.carbondata.hadoop.api.{DataMapJob, DistributableDataMapFormat}

/**
 * Spark job to execute datamap job and prune all the datamaps distributable
 */
class SparkDataMapJob extends DataMapJob {

  override def execute(dataMapFormat: DistributableDataMapFormat,
      resolverIntf: FilterResolverIntf): util.List[Blocklet] = {
    new DataMapPruneRDD(SparkContext.getOrCreate(), dataMapFormat, resolverIntf).collect().toList
      .asJava
  }
}

class DataMapRDDPartition(rddId: Int, idx: Int, val inputSplit: InputSplit) extends Partition {
  override def index: Int = idx

  override def hashCode(): Int = 41 * (41 + rddId) + idx
}

/**
 * RDD to prune the datamaps across spark cluster
 * @param sc
 * @param dataMapFormat
 * @param resolverIntf
 */
class DataMapPruneRDD(sc: SparkContext,
    dataMapFormat: DistributableDataMapFormat,
    resolverIntf: FilterResolverIntf)
  extends CarbonRDD[(Blocklet)](sc, Nil) {

  private val jobTrackerId: String = {
    val formatter = new SimpleDateFormat(""yyyyMMddHHmm"")
    formatter.format(new Date())
  }

  override def internalCompute(split: Partition,
      context: TaskContext): Iterator[Blocklet] = {
    val LOGGER = LogServiceFactory.getLogService(this.getClass.getName)
    val status = CarbonCommonConstants.STORE_LOADSTATUS_SUCCESS
    val attemptId = new TaskAttemptID(jobTrackerId, id, TaskType.MAP, split.index, 0)
    val attemptContext = new TaskAttemptContextImpl(new Configuration(), attemptId)
    val inputSplit = split.asInstanceOf[DataMapRDDPartition].inputSplit
    DistributableDataMapFormat.setFilterExp(attemptContext.getConfiguration, resolverIntf)
    val reader = dataMapFormat.createRecordReader(inputSplit, attemptContext)
    reader.initialize(inputSplit, attemptContext)
    val iter = new Iterator[Blocklet] {

      private var havePair = false
      private var finished = false

      override def hasNext: Boolean = {
        if (context.isInterrupted) {
          throw new TaskKilledException
        }
        if (!finished && !havePair) {
          finished = !reader.nextKeyValue
          havePair = !finished
        }
        !finished
      }

      override def next(): Blocklet = {
        if (!hasNext) {
          throw new java.util.NoSuchElementException(""End of stream"")
        }
        havePair = false
        val value = reader.getCurrentValue
        value
      }
    }
    iter
  }

  override protected def getPartitions: Array[Partition] = {
    val job = Job.getInstance(new Configuration())
    val splits = dataMapFormat.getSplits(job)
    splits.asScala.zipWithIndex.map(f => new DataMapRDDPartition(id, f._2, f._1)).toArray
  }
}","import org.apache.carbondata.hadoop.{CarbonInputFormat, CarbonMultiBlockSplit}
import org.apache.carbondata.hadoop.api.CarbonTableInputFormat
import org.apache.carbondata.spark.util.CarbonSparkUtil

/**
 * This RDD is used for reading the datamap format.
 * It uses the CarbonInputFormat to read the data.
 */
class SparkDataMapJob(
    sc: SparkContext,
    @transient conf: Configuration,
    filterResolver: FilterResolverIntf,
    tablePath: String,
    segmentIds: Array[String],
    readPageByPage: Boolean = false)
  extends CarbonSparkRDD[(Blocklet, Integer)](sc, Nil) {

  private val LOGGER = LogServiceFactory.getLogService(this.getClass.getCanonicalName)

  override def internalGetPartitions: Array[Partition] = {
    val job = Job.getInstance(conf)
    CarbonInputFormat.setFilterPredicates(job.getConfiguration, filterResolver)
    CarbonInputFormat.setTablePath(job.getConfiguration, tablePath)
    CarbonInputFormat.setSegmentIds(job.getConfiguration, segmentIds)
    CarbonInputFormat.setReadPageByPage(job.getConfiguration, readPageByPage"
deepseek,deepseek-ai/DeepSeek-V3.2:novita,scala,GPL-3.0,integration::spark-common::src::main::scala::org::apache::carbondata::spark::rdd::SparkDataMapJob.scala,114,0.8,0,0.0650887573964497,"import org.apache.carbondata.hadoop.api.{DataMapJob, DistributableDataMapFormat}

/**
 * Spark job to execute datamap job and prune all the datamaps distributable
 */
class SparkDataMapJob extends DataMapJob {

  override def execute(dataMapFormat: DistributableDataMapFormat,
      resolverIntf: FilterResolverIntf): util.List[Blocklet] = {
    new DataMapPruneRDD(SparkContext.getOrCreate(), dataMapFormat, resolverIntf).collect().toList
      .asJava
  }
}

class DataMapRDDPartition(rddId: Int, idx: Int, val inputSplit: InputSplit) extends Partition {
  override def index: Int = idx

  override def hashCode(): Int = 41 * (41 + rddId) + idx
}

/**
 * RDD to prune the datamaps across spark cluster
 * @param sc
 * @param dataMapFormat
 * @param resolverIntf
 */
class DataMapPruneRDD(sc: SparkContext,
    dataMapFormat: DistributableDataMapFormat,
    resolverIntf: FilterResolverIntf)
  extends CarbonRDD[(Blocklet)](sc, Nil) {

  private val jobTrackerId: String = {
    val formatter = new SimpleDateFormat(""yyyyMMddHHmm"")
    formatter.format(new Date())
  }

  override def internalCompute(split: Partition,
      context: TaskContext): Iterator[Blocklet] = {
    val LOGGER = LogServiceFactory.getLogService(this.getClass.getName)
    val status = CarbonCommonConstants.STORE_LOADSTATUS_SUCCESS
    val attemptId = new TaskAttemptID(jobTrackerId, id, TaskType.MAP, split.index, 0)
    val attemptContext = new TaskAttemptContextImpl(new Configuration(), attemptId)
    val inputSplit = split.asInstanceOf[DataMapRDDPartition].inputSplit
    DistributableDataMapFormat.setFilterExp(attemptContext.getConfiguration, resolverIntf)
    val reader = dataMapFormat.createRecordReader(inputSplit, attemptContext)
    reader.initialize(inputSplit, attemptContext)
    val iter = new Iterator[Blocklet] {

      private var havePair = false
      private var finished = false

      override def hasNext: Boolean = {
        if (context.isInterrupted) {
          throw new TaskKilledException
        }
        if (!finished && !havePair) {
          finished = !reader.nextKeyValue
          havePair = !finished
        }
        !finished
      }

      override def next(): Blocklet = {
        if (!hasNext) {
          throw new java.util.NoSuchElementException(""End of stream"")
        }
        havePair = false
        val value = reader.getCurrentValue
        value
      }
    }
    iter
  }

  override protected def getPartitions: Array[Partition] = {
    val job = Job.getInstance(new Configuration())
    val splits = dataMapFormat.getSplits(job)
    splits.asScala.zipWithIndex.map(f => new DataMapRDDPartition(id, f._2, f._1)).toArray
  }
}","import org.apache.carbondata.core.util.CarbonProperties
import org.apache.carbondata.hadoop.{CarbonInputFormat, CarbonInputSplit, CarbonMultiBlockSplit}
import org.apache.carbondata.hadoop.api.CarbonTableInputFormat
import org.apache.carbondata.spark.load.CarbonLoaderUtil
import org.apache.carbondata.spark.rdd.CarbonScanRDD

/**
 * This RDD maintains the datamap specific logic for pruning.
 */
class SparkDataMapJob[K, V](
    sc: SparkContext,
    carbonInputFormat: CarbonInputFormat[V],
    filter: FilterResolverIntf,
    segmentIds: Array[String])
  extends CarbonScanRDD[K, V](sc, carbonInputFormat, filter, segmentIds) {

  private val LOGGER = LogServiceFactory.getLogService(this.getClass.getCanonicalName)

  override def compute(split: Partition, context: TaskContext): Iterator[(K, V)] = {
    val attemptId = new TaskAttemptID(jobTrackerId, id, TaskType.MAP, split.index, 0)
    val hadoopAttemptContext = new TaskAttemptContextImpl(
      new Configuration(carbonInput"
deepseek,deepseek-ai/DeepSeek-V3.2:novita,scala,GPL-3.0,src::test::scala::mesosphere::marathon::core::task::tracker::impl::InstanceCreationHandlerAndUpdaterDelegateTest.scala,176,0.2,0,0.5096774193548387,"      val stateOp = InstanceUpdateOperation.LaunchEphemeral(instance)

      When(""created is called"")
      val create = f.delegate.created(stateOp)

      Then(""an update operation is requested"")
      f.taskTrackerProbe.expectMsg(
        InstanceTrackerActor.ForwardTaskOp(f.timeoutFromNow, instance.instanceId, stateOp)
      )

      When(""the response is an error"")
      val cause: RuntimeException = new scala.RuntimeException(""test failure"")
      f.taskTrackerProbe.reply(Status.Failure(cause))
      Then(""The reply is the value of task"")
      val createValue = create.failed.futureValue
      createValue.getMessage should include(appId.toString)
      createValue.getMessage should include(instance.instanceId.idString)
      createValue.getMessage should include(""Launch"")
      createValue.getCause should be(cause)
    }

    ""Terminated succeeds"" in {
      val f = new Fixture
      val appId: PathId = PathId(""/test"")
      val instance = TestInstanceBuilder.newBuilderWithLaunchedTask(appId).getInstance()
      val stateOp = InstanceUpdateOperation.ForceExpunge(instance.instanceId)
      val expectedStateChange = InstanceUpdateEffect.Expunge(instance, events = Nil)

      When(""terminated is called"")
      val terminated = f.delegate.process(stateOp)

      Then(""an expunge operation is requested"")
      f.taskTrackerProbe.expectMsg(
        InstanceTrackerActor.ForwardTaskOp(f.timeoutFromNow, instance.instanceId, stateOp)
      )

      When(""the request is acknowledged"")
      f.taskTrackerProbe.reply(expectedStateChange)
      Then(""The reply is the value of the future"")
      terminated.futureValue should be(expectedStateChange)
    }

    ""Terminated fails"" in {
      val f = new Fixture
      val appId: PathId = PathId(""/test"")
      val instance = TestInstanceBuilder.newBuilderWithLaunchedTask(appId).getInstance()
      val stateOp = InstanceUpdateOperation.ForceExpunge(instance.instanceId)

      When(""terminated is called"")
      val terminated = f.delegate.terminated(stateOp)

      Then(""an expunge operation is requested"")
      f.taskTrackerProbe.expectMsg(
        InstanceTrackerActor.ForwardTaskOp(f.timeoutFromNow, instance.instanceId, stateOp)
      )

      When(""the response is an error"")
      val cause: RuntimeException = new scala.RuntimeException(""test failure"")
      f.taskTrackerProbe.reply(Status.Failure(cause))
      Then(""The reply is the value of task"")
      val terminatedValue = terminated.failed.futureValue
      terminatedValue.getMessage should include(appId.toString)
      terminatedValue.getMessage should include(instance.instanceId.idString)
      terminatedValue.getMessage should include(""Expunge"")
      terminatedValue.getCause should be(cause)
    }

    ""StatusUpdate succeeds"" in {
      val f = new Fixture
      val appId: PathId = PathId(""/test"")
      val instance = TestInstanceBuilder.newBuilderWithLaunchedTask(appId).getInstance()
      val task: Task.LaunchedEphemeral = instance.appTask
      val taskIdString = task.taskId.idString
      val now = f.clock.now()

      val update = TaskStatus.newBuilder().setTaskId(TaskID.newBuilder().setValue(taskIdString)).buildPartial()
      val stateOp = InstanceUpdateOperation.MesosUpdate(instance, update, now)

      When(""created is called"")
      val statusUpdate = f.delegate.process(stateOp)

      Then(""an update operation is requested"")
      f.taskTrackerProbe.expectMsg(
        InstanceTrackerActor.ForwardTaskOp(f.timeoutFromNow, instance.instanceId, stateOp)
      )

      When(""the request is acknowledged"")
      val expectedStateChange = InstanceUpdateEffect.Update(instance, Some(instance), events = Nil)
      f.taskTrackerProbe.reply(expectedStateChange)
      Then(""The reply is the value of the future"")
      statusUpdate.futureValue should be(expectedStateChange)
    }

    ""StatusUpdate fails"" in {
      val f = new Fixture
      val appId: PathId = PathId(""/test"")
      val instance = TestInstanceBuilder.newBuilderWithLaunchedTask(appId).getInstance()
      val task: Task.LaunchedEphemeral = instance.appTask
      val taskId = task.taskId
      val now = f.clock.now()

      val update = TaskStatus.newBuilder().setTaskId(taskId.mesosTaskId).buildPartial()
      val stateOp = InstanceUpdateOperation.MesosUpdate(instance, update, now)

      When(""statusUpdate is called"")
      val statusUpdate = f.delegate.process(stateOp)

      Then(""an update operation is requested"")
      f.taskTrackerProbe.expectMsg(
        InstanceTrackerActor.ForwardTaskOp(f.timeoutFromNow, instance.instanceId, stateOp)
      )

      When(""the response is an error"")
      val cause: RuntimeException = new scala.RuntimeException(""test failure"")
      f.taskTrackerProbe.reply(Status.Failure(cause))
      Then(""The reply is the value of task"")
      val updateValue = statusUpdate.failed.futureValue
      updateValue.getMessage should include(appId.toString)
      updateValue.getMessage should include(taskId.toString)
      updateValue.getMessage should include(""MesosUpdate"")
      updateValue.getCause should be(cause)
    }
  }
}","val stateOp = InstanceUpdateOperation.LaunchEphemeral(instance)
      val expectedStateChange = InstanceUpdateEffect.Failure(new RuntimeException(""test""))

      When(""created is called"")
      val create = f.delegate.created(stateOp)

      Then(""an update operation is requested"")
      f.taskTrackerProbe.expectMsg(
        InstanceTrackerActor.ForwardTaskOp(f.timeoutFromNow, instance.instanceId, stateOp)
      )

      When(""the request fails"")
      f.taskTrackerProbe.reply(expectedStateChange)
      Then(""The future fails"")
      create.failed.futureValue shouldBe expectedStateChange.cause
    }

    ""Terminate succeeds"" in {
      val f = new Fixture
      val appId: PathId = PathId(""/test"")
      val instance = TestInstanceBuilder.newBuilderWithLaunchedTask(appId).getInstance()
      val stateOp = InstanceUpdateOperation.ForceExpunge(instance.instanceId)
      val expectedStateChange = InstanceUpdateEffect.Expunge(instance, events = Nil)

      When(""terminated is called"")
      val terminate = f.delegate.terminated(stateOp)

      Then(""an update operation is requested"")
      f.taskTrackerProbe"
deepseek,deepseek-ai/DeepSeek-V3.2:novita,scala,GPL-3.0,src::test::scala::mesosphere::marathon::core::task::tracker::impl::InstanceCreationHandlerAndUpdaterDelegateTest.scala,176,0.4,0,0.5048543689320388,"      val stateOp = InstanceUpdateOperation.LaunchEphemeral(instance)

      When(""created is called"")
      val create = f.delegate.created(stateOp)

      Then(""an update operation is requested"")
      f.taskTrackerProbe.expectMsg(
        InstanceTrackerActor.ForwardTaskOp(f.timeoutFromNow, instance.instanceId, stateOp)
      )

      When(""the response is an error"")
      val cause: RuntimeException = new scala.RuntimeException(""test failure"")
      f.taskTrackerProbe.reply(Status.Failure(cause))
      Then(""The reply is the value of task"")
      val createValue = create.failed.futureValue
      createValue.getMessage should include(appId.toString)
      createValue.getMessage should include(instance.instanceId.idString)
      createValue.getMessage should include(""Launch"")
      createValue.getCause should be(cause)
    }

    ""Terminated succeeds"" in {
      val f = new Fixture
      val appId: PathId = PathId(""/test"")
      val instance = TestInstanceBuilder.newBuilderWithLaunchedTask(appId).getInstance()
      val stateOp = InstanceUpdateOperation.ForceExpunge(instance.instanceId)
      val expectedStateChange = InstanceUpdateEffect.Expunge(instance, events = Nil)

      When(""terminated is called"")
      val terminated = f.delegate.process(stateOp)

      Then(""an expunge operation is requested"")
      f.taskTrackerProbe.expectMsg(
        InstanceTrackerActor.ForwardTaskOp(f.timeoutFromNow, instance.instanceId, stateOp)
      )

      When(""the request is acknowledged"")
      f.taskTrackerProbe.reply(expectedStateChange)
      Then(""The reply is the value of the future"")
      terminated.futureValue should be(expectedStateChange)
    }

    ""Terminated fails"" in {
      val f = new Fixture
      val appId: PathId = PathId(""/test"")
      val instance = TestInstanceBuilder.newBuilderWithLaunchedTask(appId).getInstance()
      val stateOp = InstanceUpdateOperation.ForceExpunge(instance.instanceId)

      When(""terminated is called"")
      val terminated = f.delegate.terminated(stateOp)

      Then(""an expunge operation is requested"")
      f.taskTrackerProbe.expectMsg(
        InstanceTrackerActor.ForwardTaskOp(f.timeoutFromNow, instance.instanceId, stateOp)
      )

      When(""the response is an error"")
      val cause: RuntimeException = new scala.RuntimeException(""test failure"")
      f.taskTrackerProbe.reply(Status.Failure(cause))
      Then(""The reply is the value of task"")
      val terminatedValue = terminated.failed.futureValue
      terminatedValue.getMessage should include(appId.toString)
      terminatedValue.getMessage should include(instance.instanceId.idString)
      terminatedValue.getMessage should include(""Expunge"")
      terminatedValue.getCause should be(cause)
    }

    ""StatusUpdate succeeds"" in {
      val f = new Fixture
      val appId: PathId = PathId(""/test"")
      val instance = TestInstanceBuilder.newBuilderWithLaunchedTask(appId).getInstance()
      val task: Task.LaunchedEphemeral = instance.appTask
      val taskIdString = task.taskId.idString
      val now = f.clock.now()

      val update = TaskStatus.newBuilder().setTaskId(TaskID.newBuilder().setValue(taskIdString)).buildPartial()
      val stateOp = InstanceUpdateOperation.MesosUpdate(instance, update, now)

      When(""created is called"")
      val statusUpdate = f.delegate.process(stateOp)

      Then(""an update operation is requested"")
      f.taskTrackerProbe.expectMsg(
        InstanceTrackerActor.ForwardTaskOp(f.timeoutFromNow, instance.instanceId, stateOp)
      )

      When(""the request is acknowledged"")
      val expectedStateChange = InstanceUpdateEffect.Update(instance, Some(instance), events = Nil)
      f.taskTrackerProbe.reply(expectedStateChange)
      Then(""The reply is the value of the future"")
      statusUpdate.futureValue should be(expectedStateChange)
    }

    ""StatusUpdate fails"" in {
      val f = new Fixture
      val appId: PathId = PathId(""/test"")
      val instance = TestInstanceBuilder.newBuilderWithLaunchedTask(appId).getInstance()
      val task: Task.LaunchedEphemeral = instance.appTask
      val taskId = task.taskId
      val now = f.clock.now()

      val update = TaskStatus.newBuilder().setTaskId(taskId.mesosTaskId).buildPartial()
      val stateOp = InstanceUpdateOperation.MesosUpdate(instance, update, now)

      When(""statusUpdate is called"")
      val statusUpdate = f.delegate.process(stateOp)

      Then(""an update operation is requested"")
      f.taskTrackerProbe.expectMsg(
        InstanceTrackerActor.ForwardTaskOp(f.timeoutFromNow, instance.instanceId, stateOp)
      )

      When(""the response is an error"")
      val cause: RuntimeException = new scala.RuntimeException(""test failure"")
      f.taskTrackerProbe.reply(Status.Failure(cause))
      Then(""The reply is the value of task"")
      val updateValue = statusUpdate.failed.futureValue
      updateValue.getMessage should include(appId.toString)
      updateValue.getMessage should include(taskId.toString)
      updateValue.getMessage should include(""MesosUpdate"")
      updateValue.getCause should be(cause)
    }
  }
}","val stateOp = InstanceUpdateOperation.LaunchEphemeral(instance)

      When(""created is called"")
      val create = f.delegate.created(stateOp)

      Then(""an update operation is requested"")
      f.taskTrackerProbe.expectMsg(
        InstanceTrackerActor.ForwardTaskOp(f.timeoutFromNow, instance.instanceId, stateOp)
      )

      When(""the request fails"")
      val cause = new RuntimeException(""App not found"")
      f.taskTrackerProbe.reply(Status.Failure(cause))
      Then(""The future fails with the same cause"")
      create.failed.futureValue shouldBe cause
    }

    ""Terminated succeeds"" in {
      val f = new Fixture
      val appId: PathId = PathId(""/test"")
      val instance = TestInstanceBuilder.newBuilderWithLaunchedTask(appId).getInstance()
      val taskId = Task.Id(instance.instanceId)
      val stateOp = InstanceUpdateOperation.ForceExpunge(taskId)
      val expectedStateChange = InstanceUpdateEffect.Expunge(instance, None, events = Nil)

      When(""terminated is called"")
      val terminated = f.delegate.terminated(stateOp)

      Then(""an"
deepseek,deepseek-ai/DeepSeek-V3.2:novita,scala,GPL-3.0,src::test::scala::mesosphere::marathon::core::task::tracker::impl::InstanceCreationHandlerAndUpdaterDelegateTest.scala,176,0.8,0,0.5870967741935483,"      val stateOp = InstanceUpdateOperation.LaunchEphemeral(instance)

      When(""created is called"")
      val create = f.delegate.created(stateOp)

      Then(""an update operation is requested"")
      f.taskTrackerProbe.expectMsg(
        InstanceTrackerActor.ForwardTaskOp(f.timeoutFromNow, instance.instanceId, stateOp)
      )

      When(""the response is an error"")
      val cause: RuntimeException = new scala.RuntimeException(""test failure"")
      f.taskTrackerProbe.reply(Status.Failure(cause))
      Then(""The reply is the value of task"")
      val createValue = create.failed.futureValue
      createValue.getMessage should include(appId.toString)
      createValue.getMessage should include(instance.instanceId.idString)
      createValue.getMessage should include(""Launch"")
      createValue.getCause should be(cause)
    }

    ""Terminated succeeds"" in {
      val f = new Fixture
      val appId: PathId = PathId(""/test"")
      val instance = TestInstanceBuilder.newBuilderWithLaunchedTask(appId).getInstance()
      val stateOp = InstanceUpdateOperation.ForceExpunge(instance.instanceId)
      val expectedStateChange = InstanceUpdateEffect.Expunge(instance, events = Nil)

      When(""terminated is called"")
      val terminated = f.delegate.process(stateOp)

      Then(""an expunge operation is requested"")
      f.taskTrackerProbe.expectMsg(
        InstanceTrackerActor.ForwardTaskOp(f.timeoutFromNow, instance.instanceId, stateOp)
      )

      When(""the request is acknowledged"")
      f.taskTrackerProbe.reply(expectedStateChange)
      Then(""The reply is the value of the future"")
      terminated.futureValue should be(expectedStateChange)
    }

    ""Terminated fails"" in {
      val f = new Fixture
      val appId: PathId = PathId(""/test"")
      val instance = TestInstanceBuilder.newBuilderWithLaunchedTask(appId).getInstance()
      val stateOp = InstanceUpdateOperation.ForceExpunge(instance.instanceId)

      When(""terminated is called"")
      val terminated = f.delegate.terminated(stateOp)

      Then(""an expunge operation is requested"")
      f.taskTrackerProbe.expectMsg(
        InstanceTrackerActor.ForwardTaskOp(f.timeoutFromNow, instance.instanceId, stateOp)
      )

      When(""the response is an error"")
      val cause: RuntimeException = new scala.RuntimeException(""test failure"")
      f.taskTrackerProbe.reply(Status.Failure(cause))
      Then(""The reply is the value of task"")
      val terminatedValue = terminated.failed.futureValue
      terminatedValue.getMessage should include(appId.toString)
      terminatedValue.getMessage should include(instance.instanceId.idString)
      terminatedValue.getMessage should include(""Expunge"")
      terminatedValue.getCause should be(cause)
    }

    ""StatusUpdate succeeds"" in {
      val f = new Fixture
      val appId: PathId = PathId(""/test"")
      val instance = TestInstanceBuilder.newBuilderWithLaunchedTask(appId).getInstance()
      val task: Task.LaunchedEphemeral = instance.appTask
      val taskIdString = task.taskId.idString
      val now = f.clock.now()

      val update = TaskStatus.newBuilder().setTaskId(TaskID.newBuilder().setValue(taskIdString)).buildPartial()
      val stateOp = InstanceUpdateOperation.MesosUpdate(instance, update, now)

      When(""created is called"")
      val statusUpdate = f.delegate.process(stateOp)

      Then(""an update operation is requested"")
      f.taskTrackerProbe.expectMsg(
        InstanceTrackerActor.ForwardTaskOp(f.timeoutFromNow, instance.instanceId, stateOp)
      )

      When(""the request is acknowledged"")
      val expectedStateChange = InstanceUpdateEffect.Update(instance, Some(instance), events = Nil)
      f.taskTrackerProbe.reply(expectedStateChange)
      Then(""The reply is the value of the future"")
      statusUpdate.futureValue should be(expectedStateChange)
    }

    ""StatusUpdate fails"" in {
      val f = new Fixture
      val appId: PathId = PathId(""/test"")
      val instance = TestInstanceBuilder.newBuilderWithLaunchedTask(appId).getInstance()
      val task: Task.LaunchedEphemeral = instance.appTask
      val taskId = task.taskId
      val now = f.clock.now()

      val update = TaskStatus.newBuilder().setTaskId(taskId.mesosTaskId).buildPartial()
      val stateOp = InstanceUpdateOperation.MesosUpdate(instance, update, now)

      When(""statusUpdate is called"")
      val statusUpdate = f.delegate.process(stateOp)

      Then(""an update operation is requested"")
      f.taskTrackerProbe.expectMsg(
        InstanceTrackerActor.ForwardTaskOp(f.timeoutFromNow, instance.instanceId, stateOp)
      )

      When(""the response is an error"")
      val cause: RuntimeException = new scala.RuntimeException(""test failure"")
      f.taskTrackerProbe.reply(Status.Failure(cause))
      Then(""The reply is the value of task"")
      val updateValue = statusUpdate.failed.futureValue
      updateValue.getMessage should include(appId.toString)
      updateValue.getMessage should include(taskId.toString)
      updateValue.getMessage should include(""MesosUpdate"")
      updateValue.getCause should be(cause)
    }
  }
}","val stateOp = InstanceUpdateOperation.LaunchEphemeral(instance)

      When(""created is called"")
      val create = f.delegate.created(stateOp)

      Then(""an update operation is requested"")
      f.taskTrackerProbe.expectMsg(
        InstanceTrackerActor.ForwardTaskOp(f.timeoutFromNow, instance.instanceId, stateOp)
      )

      When(""the request fails"")
      val cause: Throwable = new RuntimeException(""test failure"")
      f.taskTrackerProbe.reply(Status.Failure(cause))

      Then(""The reply is the failure"")
      create.failed.futureValue should be(cause)
    }

    ""Terminated succeeds"" in {
      val f = new Fixture
      val appId: PathId = PathId(""/test"")
      val instance = TestInstanceBuilder.newBuilderWithLaunchedTask(appId).getInstance()
      val stateOp = InstanceUpdateOperation.ForceExpunge(instance.instanceId)
      val expectedStateChange = InstanceUpdateEffect.Expunge(instance, events = Nil)

      When(""terminated is called"")
      val terminate = f.delegate.terminated(stateOp)

      Then(""an update operation is requested"")
      f.taskTrackerProbe.ex"
deepseek,deepseek-ai/DeepSeek-V3.2:novita,scala,GPL-3.0,db::src::test::scala::io::deftrade::db::TupleEquivalenceImplicits.scala,169,0.2,0,0.6766953199617957,"    }

  implicit def tuple7Equivalence[A, B, C, D, E, F, G](implicit ea: Eq[A], eb: Eq[B], ec: Eq[C], ed: Eq[D], ee: Eq[E], ef: Eq[F], eg: Eq[G]): Eq[(A, B, C, D, E, F, G)] =
    new Eq[(A, B, C, D, E, F, G)] {
      override def areEquivalent(a: (A, B, C, D, E, F, G), b: (A, B, C, D, E, F, G)) =
        a._1 === b._1 && a._2 === b._2 && a._3 === b._3 && a._4 === b._4 && a._5 === b._5 && a._6 === b._6 && a._7 === b._7
    }

  implicit def tuple8Equivalence[A, B, C, D, E, F, G, H](implicit ea: Eq[A], eb: Eq[B], ec: Eq[C], ed: Eq[D], ee: Eq[E], ef: Eq[F], eg: Eq[G], eh: Eq[H]): Eq[(A, B, C, D, E, F, G, H)] =
    new Eq[(A, B, C, D, E, F, G, H)] {
      override def areEquivalent(a: (A, B, C, D, E, F, G, H), b: (A, B, C, D, E, F, G, H)) =
        a._1 === b._1 && a._2 === b._2 && a._3 === b._3 && a._4 === b._4 && a._5 === b._5 && a._6 === b._6 && a._7 === b._7 && a._8 === b._8
    }

  implicit def tuple9Equivalence[A, B, C, D, E, F, G, H, I](implicit ea: Eq[A], eb: Eq[B], ec: Eq[C], ed: Eq[D], ee: Eq[E], ef: Eq[F], eg: Eq[G], eh: Eq[H], ei: Eq[I]): Eq[(A, B, C, D, E, F, G, H, I)] =
    new Eq[(A, B, C, D, E, F, G, H, I)] {
      override def areEquivalent(a: (A, B, C, D, E, F, G, H, I), b: (A, B, C, D, E, F, G, H, I)) =
        a._1 === b._1 && a._2 === b._2 && a._3 === b._3 && a._4 === b._4 && a._5 === b._5 && a._6 === b._6 && a._7 === b._7 && a._8 === b._8 && a._9 === b._9
    }

  implicit def tuple10Equivalence[A, B, C, D, E, F, G, H, I, J](implicit ea: Eq[A], eb: Eq[B], ec: Eq[C], ed: Eq[D], ee: Eq[E], ef: Eq[F], eg: Eq[G], eh: Eq[H], ei: Eq[I], ej: Eq[J]): Eq[(A, B, C, D, E, F, G, H, I, J)] =
    new Eq[(A, B, C, D, E, F, G, H, I, J)] {
      override def areEquivalent(a: (A, B, C, D, E, F, G, H, I, J), b: (A, B, C, D, E, F, G, H, I, J)) =
        a._1 === b._1 && a._2 === b._2 && a._3 === b._3 && a._4 === b._4 && a._5 === b._5 && a._6 === b._6 && a._7 === b._7 && a._8 === b._8 && a._9 === b._9 && a._10 === b._10
    }

  implicit def tuple11Equivalence[A, B, C, D, E, F, G, H, I, J, K](implicit ea: Eq[A], eb: Eq[B], ec: Eq[C], ed: Eq[D], ee: Eq[E], ef: Eq[F], eg: Eq[G], eh: Eq[H], ei: Eq[I], ej: Eq[J], ek: Eq[K]): Eq[(A, B, C, D, E, F, G, H, I, J, K)] =
    new Eq[(A, B, C, D, E, F, G, H, I, J, K)] {
      override def areEquivalent(a: (A, B, C, D, E, F, G, H, I, J, K), b: (A, B, C, D, E, F, G, H, I, J, K)) =
        a._1 === b._1 && a._2 === b._2 && a._3 === b._3 && a._4 === b._4 && a._5 === b._5 && a._6 === b._6 && a._7 === b._7 && a._8 === b._8 && a._9 === b._9 && a._10 === b._10 && a._11 === b._11
    }

  implicit def tuple12Equivalence[A, B, C, D, E, F, G, H, I, J, K, L](implicit ea: Eq[A], eb: Eq[B], ec: Eq[C], ed: Eq[D], ee: Eq[E], ef: Eq[F], eg: Eq[G], eh: Eq[H], ei: Eq[I], ej: Eq[J], ek: Eq[K], el: Eq[L]): Eq[(A, B, C, D, E, F, G, H, I, J, K, L)] =
    new Eq[(A, B, C, D, E, F, G, H, I, J, K, L)] {
      override def areEquivalent(a: (A, B, C, D, E, F, G, H, I, J, K, L), b: (A, B, C, D, E, F, G, H, I, J, K, L)) =
        a._1 === b._1 && a._2 === b._2 && a._3 === b._3 && a._4 === b._4 && a._5 === b._5 && a._6 === b._6 && a._7 === b._7 && a._8 === b._8 && a._9 === b._9 && a._10 === b._10 && a._11 === b._11 && a._12 === b._12
    }

  implicit def tuple13Equivalence[A, B, C, D, E, F, G, H, I, J, K, L, M](implicit ea: Eq[A], eb: Eq[B], ec: Eq[C], ed: Eq[D], ee: Eq[E], ef: Eq[F], eg: Eq[G], eh: Eq[H], ei: Eq[I], ej: Eq[J], ek: Eq[K], el: Eq[L], em: Eq[M]): Eq[(A, B, C, D, E, F, G, H, I, J, K, L, M)] =
    new Eq[(A, B, C, D, E, F, G, H, I, J, K, L, M)] {
      override def areEquivalent(a: (A, B, C, D, E, F, G, H, I, J, K, L, M), b: (A, B, C, D, E, F, G, H, I, J, K, L, M)) =
        a._1 === b._1 && a._2 === b._2 && a._3 === b._3 && a._4 === b._4 && a._5 === b._5 && a._6 === b._6 && a._7 === b._7 && a._8 === b._8 && a._9 === b._9 && a._10 === b._10 && a._11 === b._11 && a._12 === b._12 && a._13 === b._13
    }

  implicit def tuple14Equivalence[A, B, C, D, E, F, G, H, I, J, K, L, M, N](implicit ea: Eq[A], eb: Eq[B], ec: Eq[C], ed: Eq[D], ee: Eq[E], ef: Eq[F], eg: Eq[G], eh: Eq[H], ei: Eq[I], ej: Eq[J], ek: Eq[K], el: Eq[L], em: Eq[M], en: Eq[N]): Eq[(A, B, C, D, E, F, G, H, I, J, K, L, M, N)] =
    new Eq[(A, B, C, D, E, F, G, H, I, J, K, L, M, N)] {
      override def areEquivalent(a: (A, B, C, D, E, F, G, H, I, J, K, L, M, N), b: (A, B, C, D, E, F, G, H, I, J, K, L, M, N)) =
        a._1 === b._1 && a._2 === b._2 && a._3 === b._3 && a._4 === b._4 && a._5 === b._5 && a._6 === b._6 && a._7 === b._7 && a._8 === b._8 && a._9 === b._9 && a._10 === b._10 && a._11 === b._11 && a._12 === b._12 && a._13 === b._13 && a._14 === b._14
    }

  implicit def tuple15Equivalence[A, B, C, D, E, F, G, H, I, J, K, L, M, N, O](implicit ea: Eq[A], eb: Eq[B], ec: Eq[C], ed: Eq[D], ee: Eq[E], ef: Eq[F], eg: Eq[G], eh: Eq[H], ei: Eq[I], ej: Eq[J], ek: Eq[K], el: Eq[L], em: Eq[M], en: Eq[N], eo: Eq[O]): Eq[(A, B, C, D, E, F, G, H, I, J, K, L, M, N, O)] =
    new Eq[(A, B, C, D, E, F, G, H, I, J, K, L, M, N, O)] {
      override def areEquivalent(a: (A, B, C, D, E, F, G, H, I, J, K, L, M, N, O), b: (A, B, C, D, E, F, G, H, I, J, K, L, M, N, O)) =
        a._1 === b._1 && a._2 === b._2 && a._3 === b._3 && a._4 === b._4 && a._5 === b._5 && a._6 === b._6 && a._7 === b._7 && a._8 === b._8 && a._9 === b._9 && a._10 === b._10 && a._11 === b._11 && a._12 === b._12 && a._13 === b._13 && a._14 === b._14 && a._15 === b._15
    }

  implicit def tuple16Equivalence[A, B, C, D, E, F, G, H, I, J, K, L, M, N, O, P](implicit ea: Eq[A], eb: Eq[B], ec: Eq[C], ed: Eq[D], ee: Eq[E], ef: Eq[F], eg: Eq[G], eh: Eq[H], ei: Eq[I], ej: Eq[J], ek: Eq[K], el: Eq[L], em: Eq[M], en: Eq[N], eo: Eq[O], ep: Eq[P]): Eq[(A, B, C, D, E, F, G, H, I, J, K, L, M, N, O, P)] =
    new Eq[(A, B, C, D, E, F, G, H, I, J, K, L, M, N, O, P)] {
      override def areEquivalent(a: (A, B, C, D, E, F, G, H, I, J, K, L, M, N, O, P), b: (A, B, C, D, E, F, G, H, I, J, K, L, M, N, O, P)) =
        a._1 === b._1 && a._2 === b._2 && a._3 === b._3 && a._4 === b._4 && a._5 === b._5 && a._6 === b._6 && a._7 === b._7 && a._8 === b._8 && a._9 === b._9 && a._10 === b._10 && a._11 === b._11 && a._12 === b._12 && a._13 === b._13 && a._14 === b._14 && a._15 === b._15 && a._16 === b._16
    }

  implicit def tuple17Equivalence[A, B, C, D, E, F, G, H, I, J, K, L, M, N, O, P, Q](implicit ea: Eq[A], eb: Eq[B], ec: Eq[C], ed: Eq[D], ee: Eq[E], ef: Eq[F], eg: Eq[G], eh: Eq[H], ei: Eq[I], ej: Eq[J], ek: Eq[K], el: Eq[L], em: Eq[M], en: Eq[N], eo: Eq[O], ep: Eq[P], eq: Eq[Q]): Eq[(A, B, C, D, E, F, G, H, I, J, K, L, M, N, O, P, Q)] =
    new Eq[(A, B, C, D, E, F, G, H, I, J, K, L, M, N, O, P, Q)] {
      override def areEquivalent(a: (A, B, C, D, E, F, G, H, I, J, K, L, M, N, O, P, Q), b: (A, B, C, D, E, F, G, H, I, J, K, L, M, N, O, P, Q)) =
        a._1 === b._1 && a._2 === b._2 && a._3 === b._3 && a._4 === b._4 && a._5 === b._5 && a._6 === b._6 && a._7 === b._7 && a._8 === b._8 && a._9 === b._9 && a._10 === b._10 && a._11 === b._11 && a._12 === b._12 && a._13 === b._13 && a._14 === b._14 && a._15 === b._15 && a._16 === b._16 && a._17 === b._17
    }

  implicit def tuple18Equivalence[A, B, C, D, E, F, G, H, I, J, K, L, M, N, O, P, Q, R](implicit ea: Eq[A], eb: Eq[B], ec: Eq[C], ed: Eq[D], ee: Eq[E], ef: Eq[F], eg: Eq[G], eh: Eq[H], ei: Eq[I], ej: Eq[J], ek: Eq[K], el: Eq[L], em: Eq[M], en: Eq[N], eo: Eq[O], ep: Eq[P], eq: Eq[Q], er: Eq[R]): Eq[(A, B, C, D, E, F, G, H, I, J, K, L, M, N, O, P, Q, R)] =
    new Eq[(A, B, C, D, E, F, G, H, I, J, K, L, M, N, O, P, Q, R)] {
      override def areEquivalent(a: (A, B, C, D, E, F, G, H, I, J, K, L, M, N, O, P, Q, R), b: (A, B, C, D, E, F, G, H, I, J, K, L, M, N, O, P, Q, R)) =
        a._1 === b._1 && a._2 === b._2 && a._3 === b._3 && a._4 === b._4 && a._5 === b._5 && a._6 === b._6 && a._7 === b._7 && a._8 === b._8 && a._9 === b._9 && a._10 === b._10 && a._11 === b._11 && a._12 === b._12 && a._13 === b._13 && a._14 === b._14 && a._15 === b._15 && a._16 === b._16 && a._17 === b._17 && a._18 === b._18
    }

  implicit def tuple19Equivalence[A, B, C, D, E, F, G, H, I, J, K, L, M, N, O, P, Q, R, S](implicit ea: Eq[A], eb: Eq[B], ec: Eq[C], ed: Eq[D], ee: Eq[E], ef: Eq[F], eg: Eq[G], eh: Eq[H], ei: Eq[I], ej: Eq[J], ek: Eq[K], el: Eq[L], em: Eq[M], en: Eq[N], eo: Eq[O], ep: Eq[P], eq: Eq[Q], er: Eq[R], es: Eq[S]): Eq[(A, B, C, D, E, F, G, H, I, J, K, L, M, N, O, P, Q, R, S)] =
    new Eq[(A, B, C, D, E, F, G, H, I, J, K, L, M, N, O, P, Q, R, S)] {
      override def areEquivalent(a: (A, B, C, D, E, F, G, H, I, J, K, L, M, N, O, P, Q, R, S), b: (A, B, C, D, E, F, G, H, I, J, K, L, M, N, O, P, Q, R, S)) =
        a._1 === b._1 && a._2 === b._2 && a._3 === b._3 && a._4 === b._4 && a._5 === b._5 && a._6 === b._6 && a._7 === b._7 && a._8 === b._8 && a._9 === b._9 && a._10 === b._10 && a._11 === b._11 && a._12 === b._12 && a._13 === b._13 && a._14 === b._14 && a._15 === b._15 && a._16 === b._16 && a._17 === b._17 && a._18 === b._18 && a._19 === b._19
    }

  implicit def tuple20Equivalence[A, B, C, D, E, F, G, H, I, J, K, L, M, N, O, P, Q, R, S, T](implicit ea: Eq[A], eb: Eq[B], ec: Eq[C], ed: Eq[D], ee: Eq[E], ef: Eq[F], eg: Eq[G], eh: Eq[H], ei: Eq[I], ej: Eq[J], ek: Eq[K], el: Eq[L], em: Eq[M], en: Eq[N], eo: Eq[O], ep: Eq[P], eq: Eq[Q], er: Eq[R], es: Eq[S], et: Eq[T]): Eq[(A, B, C, D, E, F, G, H, I, J, K, L, M, N, O, P, Q, R, S, T)] =
    new Eq[(A, B, C, D, E, F, G, H, I, J, K, L, M, N, O, P, Q, R, S, T)] {
      override def areEquivalent(a: (A, B, C, D, E, F, G, H, I, J, K, L, M, N, O, P, Q, R, S, T), b: (A, B, C, D, E, F, G, H, I, J, K, L, M, N, O, P, Q, R, S, T)) =
        a._1 === b._1 && a._2 === b._2 && a._3 === b._3 && a._4 === b._4 && a._5 === b._5 && a._6 === b._6 && a._7 === b._7 && a._8 === b._8 && a._9 === b._9 && a._10 === b._10 && a._11 === b._11 && a._12 === b._12 && a._13 === b._13 && a._14 === b._14 && a._15 === b._15 && a._16 === b._16 && a._17 === b._17 && a._18 === b._18 && a._19 === b._19 && a._20 === b._20
    }

  implicit def tuple21Equivalence[A, B, C, D, E, F, G, H, I, J, K, L, M, N, O, P, Q, R, S, T, U](implicit ea: Eq[A], eb: Eq[B], ec: Eq[C], ed: Eq[D], ee: Eq[E], ef: Eq[F], eg: Eq[G], eh: Eq[H], ei: Eq[I], ej: Eq[J], ek: Eq[K], el: Eq[L], em: Eq[M], en: Eq[N], eo: Eq[O], ep: Eq[P], eq: Eq[Q], er: Eq[R], es: Eq[S], et: Eq[T], eu: Eq[U]): Eq[(A, B, C, D, E, F, G, H, I, J, K, L, M, N, O, P, Q, R, S, T, U)] =
    new Eq[(A, B, C, D, E, F, G, H, I, J, K, L, M, N, O, P, Q, R, S, T, U)] {
      override def areEquivalent(a: (A, B, C, D, E, F, G, H, I, J, K, L, M, N, O, P, Q, R, S, T, U), b: (A, B, C, D, E, F, G, H, I, J, K, L, M, N, O, P, Q, R, S, T, U)) =
        a._1 === b._1 && a._2 === b._2 && a._3 === b._3 && a._4 === b._4 && a._5 === b._5 && a._6 === b._6 && a._7 === b._7 && a._8 === b._8 && a._9 === b._9 && a._10 === b._10 && a._11 === b._11 && a._12 === b._12 && a._13 === b._13 && a._14 === b._14 && a._15 === b._15 && a._16 === b._16 && a._17 === b._17 && a._18 === b._18 && a._19 === b._19 && a._20 === b._20 && a._21 === b._21
    }

  implicit def tuple22Equivalence[A, B, C, D, E, F, G, H, I, J, K, L, M, N, O, P, Q, R, S, T, U, V](implicit ea: Eq[A], eb: Eq[B], ec: Eq[C], ed: Eq[D], ee: Eq[E], ef: Eq[F], eg: Eq[G], eh: Eq[H], ei: Eq[I], ej: Eq[J], ek: Eq[K], el: Eq[L], em: Eq[M], en: Eq[N], eo: Eq[O], ep: Eq[P], eq: Eq[Q], er: Eq[R], es: Eq[S], et: Eq[T], eu: Eq[U], ev: Eq[V]): Eq[(A, B, C, D, E, F, G, H, I, J, K, L, M, N, O, P, Q, R, S, T, U, V)] =
    new Eq[(A, B, C, D, E, F, G, H, I, J, K, L, M, N, O, P, Q, R, S, T, U, V)] {
      override def areEquivalent(a: (A, B, C, D, E, F, G, H, I, J, K, L, M, N, O, P, Q, R, S, T, U, V), b: (A, B, C, D, E, F, G, H, I, J, K, L, M, N, O, P, Q, R, S, T, U, V)) =
        a._1 === b._1 && a._2 === b._2 && a._3 === b._3 && a._4 === b._4 && a._5 === b._5 && a._6 === b._6 && a._7 === b._7 && a._8 === b._8 && a._9 === b._9 && a._10 === b._10 && a._11 === b._11 && a._12 === b._12 && a._13 === b._13 && a._14 === b._14 && a._15 === b._15 && a._16 === b._16 && a._17 === b._17 && a._18 === b._18 && a._19 === b._19 && a._20 === b._20 && a._21 === b._21 && a._22 === b._22
    }
}

object TupleEquvalenceImplicits extends TupleEquvalenceImplicits

object generate extends (() => Seq[String]) {
  def apply() = {
    val chars = 'a' to 'z' take 22
    def typeChars(n: Int) = chars take n map (_.toUpper) mkString ("", "")
    def iparam(c: Char) = s""e${c}: Eq[${c.toUpper}]""
    def eqs(n: Int) = 1 to n map { i => s""a._$i === b._$i"" } mkString ("" && "")
    def apply(n: Int) = // n from 2 to 22
      s""""""|implicit def tuple${n}Equivalence[${typeChars(n)}](implicit ${chars take n map (iparam(_)) mkString ("", "")}): Eq[(${typeChars(n)})] =
          |new Eq[(${typeChars(n)})] {
          |  override def areEquivalent(a: (${typeChars(n)}), b: (${typeChars(n)})) =
          |    ${eqs(n)}
          |}
          |"""""".stripMargin

    2 to 22 map { n => apply(n) }
  }
}","}

  implicit def tuple7Equivalence[A, B, C, D, E, F, G](implicit ea: Eq[A], eb: Eq[B], ec: Eq[C], ed: Eq[D], ee: Eq[E], ef: Eq[F], eg: Eq[G]): Eq[(A, B, C, D, E, F, G)] =
    new Eq[(A, B, C, D, E, F, G)] {
      override def areEquivalent(a: (A, B, C, D, E, F, G), b: (A, B, C, D, E, F, G)) =
        a._1 === b._1 && a._2 === b._2 && a._3 === b._3 && a._4 === b._4 && a._5 === b._5 && a._6 === b._6 && a._7 === b._7
    }

  implicit def tuple8Equivalence[A, B, C, D, E, F, G, H](implicit ea: Eq[A], eb: Eq[B], ec: Eq[C], ed: Eq[D], ee: Eq[E], ef: Eq[F],"
deepseek,deepseek-ai/DeepSeek-V3.2:novita,scala,GPL-3.0,db::src::test::scala::io::deftrade::db::TupleEquivalenceImplicits.scala,169,0.4,0,0.6766953199617957,"    }

  implicit def tuple7Equivalence[A, B, C, D, E, F, G](implicit ea: Eq[A], eb: Eq[B], ec: Eq[C], ed: Eq[D], ee: Eq[E], ef: Eq[F], eg: Eq[G]): Eq[(A, B, C, D, E, F, G)] =
    new Eq[(A, B, C, D, E, F, G)] {
      override def areEquivalent(a: (A, B, C, D, E, F, G), b: (A, B, C, D, E, F, G)) =
        a._1 === b._1 && a._2 === b._2 && a._3 === b._3 && a._4 === b._4 && a._5 === b._5 && a._6 === b._6 && a._7 === b._7
    }

  implicit def tuple8Equivalence[A, B, C, D, E, F, G, H](implicit ea: Eq[A], eb: Eq[B], ec: Eq[C], ed: Eq[D], ee: Eq[E], ef: Eq[F], eg: Eq[G], eh: Eq[H]): Eq[(A, B, C, D, E, F, G, H)] =
    new Eq[(A, B, C, D, E, F, G, H)] {
      override def areEquivalent(a: (A, B, C, D, E, F, G, H), b: (A, B, C, D, E, F, G, H)) =
        a._1 === b._1 && a._2 === b._2 && a._3 === b._3 && a._4 === b._4 && a._5 === b._5 && a._6 === b._6 && a._7 === b._7 && a._8 === b._8
    }

  implicit def tuple9Equivalence[A, B, C, D, E, F, G, H, I](implicit ea: Eq[A], eb: Eq[B], ec: Eq[C], ed: Eq[D], ee: Eq[E], ef: Eq[F], eg: Eq[G], eh: Eq[H], ei: Eq[I]): Eq[(A, B, C, D, E, F, G, H, I)] =
    new Eq[(A, B, C, D, E, F, G, H, I)] {
      override def areEquivalent(a: (A, B, C, D, E, F, G, H, I), b: (A, B, C, D, E, F, G, H, I)) =
        a._1 === b._1 && a._2 === b._2 && a._3 === b._3 && a._4 === b._4 && a._5 === b._5 && a._6 === b._6 && a._7 === b._7 && a._8 === b._8 && a._9 === b._9
    }

  implicit def tuple10Equivalence[A, B, C, D, E, F, G, H, I, J](implicit ea: Eq[A], eb: Eq[B], ec: Eq[C], ed: Eq[D], ee: Eq[E], ef: Eq[F], eg: Eq[G], eh: Eq[H], ei: Eq[I], ej: Eq[J]): Eq[(A, B, C, D, E, F, G, H, I, J)] =
    new Eq[(A, B, C, D, E, F, G, H, I, J)] {
      override def areEquivalent(a: (A, B, C, D, E, F, G, H, I, J), b: (A, B, C, D, E, F, G, H, I, J)) =
        a._1 === b._1 && a._2 === b._2 && a._3 === b._3 && a._4 === b._4 && a._5 === b._5 && a._6 === b._6 && a._7 === b._7 && a._8 === b._8 && a._9 === b._9 && a._10 === b._10
    }

  implicit def tuple11Equivalence[A, B, C, D, E, F, G, H, I, J, K](implicit ea: Eq[A], eb: Eq[B], ec: Eq[C], ed: Eq[D], ee: Eq[E], ef: Eq[F], eg: Eq[G], eh: Eq[H], ei: Eq[I], ej: Eq[J], ek: Eq[K]): Eq[(A, B, C, D, E, F, G, H, I, J, K)] =
    new Eq[(A, B, C, D, E, F, G, H, I, J, K)] {
      override def areEquivalent(a: (A, B, C, D, E, F, G, H, I, J, K), b: (A, B, C, D, E, F, G, H, I, J, K)) =
        a._1 === b._1 && a._2 === b._2 && a._3 === b._3 && a._4 === b._4 && a._5 === b._5 && a._6 === b._6 && a._7 === b._7 && a._8 === b._8 && a._9 === b._9 && a._10 === b._10 && a._11 === b._11
    }

  implicit def tuple12Equivalence[A, B, C, D, E, F, G, H, I, J, K, L](implicit ea: Eq[A], eb: Eq[B], ec: Eq[C], ed: Eq[D], ee: Eq[E], ef: Eq[F], eg: Eq[G], eh: Eq[H], ei: Eq[I], ej: Eq[J], ek: Eq[K], el: Eq[L]): Eq[(A, B, C, D, E, F, G, H, I, J, K, L)] =
    new Eq[(A, B, C, D, E, F, G, H, I, J, K, L)] {
      override def areEquivalent(a: (A, B, C, D, E, F, G, H, I, J, K, L), b: (A, B, C, D, E, F, G, H, I, J, K, L)) =
        a._1 === b._1 && a._2 === b._2 && a._3 === b._3 && a._4 === b._4 && a._5 === b._5 && a._6 === b._6 && a._7 === b._7 && a._8 === b._8 && a._9 === b._9 && a._10 === b._10 && a._11 === b._11 && a._12 === b._12
    }

  implicit def tuple13Equivalence[A, B, C, D, E, F, G, H, I, J, K, L, M](implicit ea: Eq[A], eb: Eq[B], ec: Eq[C], ed: Eq[D], ee: Eq[E], ef: Eq[F], eg: Eq[G], eh: Eq[H], ei: Eq[I], ej: Eq[J], ek: Eq[K], el: Eq[L], em: Eq[M]): Eq[(A, B, C, D, E, F, G, H, I, J, K, L, M)] =
    new Eq[(A, B, C, D, E, F, G, H, I, J, K, L, M)] {
      override def areEquivalent(a: (A, B, C, D, E, F, G, H, I, J, K, L, M), b: (A, B, C, D, E, F, G, H, I, J, K, L, M)) =
        a._1 === b._1 && a._2 === b._2 && a._3 === b._3 && a._4 === b._4 && a._5 === b._5 && a._6 === b._6 && a._7 === b._7 && a._8 === b._8 && a._9 === b._9 && a._10 === b._10 && a._11 === b._11 && a._12 === b._12 && a._13 === b._13
    }

  implicit def tuple14Equivalence[A, B, C, D, E, F, G, H, I, J, K, L, M, N](implicit ea: Eq[A], eb: Eq[B], ec: Eq[C], ed: Eq[D], ee: Eq[E], ef: Eq[F], eg: Eq[G], eh: Eq[H], ei: Eq[I], ej: Eq[J], ek: Eq[K], el: Eq[L], em: Eq[M], en: Eq[N]): Eq[(A, B, C, D, E, F, G, H, I, J, K, L, M, N)] =
    new Eq[(A, B, C, D, E, F, G, H, I, J, K, L, M, N)] {
      override def areEquivalent(a: (A, B, C, D, E, F, G, H, I, J, K, L, M, N), b: (A, B, C, D, E, F, G, H, I, J, K, L, M, N)) =
        a._1 === b._1 && a._2 === b._2 && a._3 === b._3 && a._4 === b._4 && a._5 === b._5 && a._6 === b._6 && a._7 === b._7 && a._8 === b._8 && a._9 === b._9 && a._10 === b._10 && a._11 === b._11 && a._12 === b._12 && a._13 === b._13 && a._14 === b._14
    }

  implicit def tuple15Equivalence[A, B, C, D, E, F, G, H, I, J, K, L, M, N, O](implicit ea: Eq[A], eb: Eq[B], ec: Eq[C], ed: Eq[D], ee: Eq[E], ef: Eq[F], eg: Eq[G], eh: Eq[H], ei: Eq[I], ej: Eq[J], ek: Eq[K], el: Eq[L], em: Eq[M], en: Eq[N], eo: Eq[O]): Eq[(A, B, C, D, E, F, G, H, I, J, K, L, M, N, O)] =
    new Eq[(A, B, C, D, E, F, G, H, I, J, K, L, M, N, O)] {
      override def areEquivalent(a: (A, B, C, D, E, F, G, H, I, J, K, L, M, N, O), b: (A, B, C, D, E, F, G, H, I, J, K, L, M, N, O)) =
        a._1 === b._1 && a._2 === b._2 && a._3 === b._3 && a._4 === b._4 && a._5 === b._5 && a._6 === b._6 && a._7 === b._7 && a._8 === b._8 && a._9 === b._9 && a._10 === b._10 && a._11 === b._11 && a._12 === b._12 && a._13 === b._13 && a._14 === b._14 && a._15 === b._15
    }

  implicit def tuple16Equivalence[A, B, C, D, E, F, G, H, I, J, K, L, M, N, O, P](implicit ea: Eq[A], eb: Eq[B], ec: Eq[C], ed: Eq[D], ee: Eq[E], ef: Eq[F], eg: Eq[G], eh: Eq[H], ei: Eq[I], ej: Eq[J], ek: Eq[K], el: Eq[L], em: Eq[M], en: Eq[N], eo: Eq[O], ep: Eq[P]): Eq[(A, B, C, D, E, F, G, H, I, J, K, L, M, N, O, P)] =
    new Eq[(A, B, C, D, E, F, G, H, I, J, K, L, M, N, O, P)] {
      override def areEquivalent(a: (A, B, C, D, E, F, G, H, I, J, K, L, M, N, O, P), b: (A, B, C, D, E, F, G, H, I, J, K, L, M, N, O, P)) =
        a._1 === b._1 && a._2 === b._2 && a._3 === b._3 && a._4 === b._4 && a._5 === b._5 && a._6 === b._6 && a._7 === b._7 && a._8 === b._8 && a._9 === b._9 && a._10 === b._10 && a._11 === b._11 && a._12 === b._12 && a._13 === b._13 && a._14 === b._14 && a._15 === b._15 && a._16 === b._16
    }

  implicit def tuple17Equivalence[A, B, C, D, E, F, G, H, I, J, K, L, M, N, O, P, Q](implicit ea: Eq[A], eb: Eq[B], ec: Eq[C], ed: Eq[D], ee: Eq[E], ef: Eq[F], eg: Eq[G], eh: Eq[H], ei: Eq[I], ej: Eq[J], ek: Eq[K], el: Eq[L], em: Eq[M], en: Eq[N], eo: Eq[O], ep: Eq[P], eq: Eq[Q]): Eq[(A, B, C, D, E, F, G, H, I, J, K, L, M, N, O, P, Q)] =
    new Eq[(A, B, C, D, E, F, G, H, I, J, K, L, M, N, O, P, Q)] {
      override def areEquivalent(a: (A, B, C, D, E, F, G, H, I, J, K, L, M, N, O, P, Q), b: (A, B, C, D, E, F, G, H, I, J, K, L, M, N, O, P, Q)) =
        a._1 === b._1 && a._2 === b._2 && a._3 === b._3 && a._4 === b._4 && a._5 === b._5 && a._6 === b._6 && a._7 === b._7 && a._8 === b._8 && a._9 === b._9 && a._10 === b._10 && a._11 === b._11 && a._12 === b._12 && a._13 === b._13 && a._14 === b._14 && a._15 === b._15 && a._16 === b._16 && a._17 === b._17
    }

  implicit def tuple18Equivalence[A, B, C, D, E, F, G, H, I, J, K, L, M, N, O, P, Q, R](implicit ea: Eq[A], eb: Eq[B], ec: Eq[C], ed: Eq[D], ee: Eq[E], ef: Eq[F], eg: Eq[G], eh: Eq[H], ei: Eq[I], ej: Eq[J], ek: Eq[K], el: Eq[L], em: Eq[M], en: Eq[N], eo: Eq[O], ep: Eq[P], eq: Eq[Q], er: Eq[R]): Eq[(A, B, C, D, E, F, G, H, I, J, K, L, M, N, O, P, Q, R)] =
    new Eq[(A, B, C, D, E, F, G, H, I, J, K, L, M, N, O, P, Q, R)] {
      override def areEquivalent(a: (A, B, C, D, E, F, G, H, I, J, K, L, M, N, O, P, Q, R), b: (A, B, C, D, E, F, G, H, I, J, K, L, M, N, O, P, Q, R)) =
        a._1 === b._1 && a._2 === b._2 && a._3 === b._3 && a._4 === b._4 && a._5 === b._5 && a._6 === b._6 && a._7 === b._7 && a._8 === b._8 && a._9 === b._9 && a._10 === b._10 && a._11 === b._11 && a._12 === b._12 && a._13 === b._13 && a._14 === b._14 && a._15 === b._15 && a._16 === b._16 && a._17 === b._17 && a._18 === b._18
    }

  implicit def tuple19Equivalence[A, B, C, D, E, F, G, H, I, J, K, L, M, N, O, P, Q, R, S](implicit ea: Eq[A], eb: Eq[B], ec: Eq[C], ed: Eq[D], ee: Eq[E], ef: Eq[F], eg: Eq[G], eh: Eq[H], ei: Eq[I], ej: Eq[J], ek: Eq[K], el: Eq[L], em: Eq[M], en: Eq[N], eo: Eq[O], ep: Eq[P], eq: Eq[Q], er: Eq[R], es: Eq[S]): Eq[(A, B, C, D, E, F, G, H, I, J, K, L, M, N, O, P, Q, R, S)] =
    new Eq[(A, B, C, D, E, F, G, H, I, J, K, L, M, N, O, P, Q, R, S)] {
      override def areEquivalent(a: (A, B, C, D, E, F, G, H, I, J, K, L, M, N, O, P, Q, R, S), b: (A, B, C, D, E, F, G, H, I, J, K, L, M, N, O, P, Q, R, S)) =
        a._1 === b._1 && a._2 === b._2 && a._3 === b._3 && a._4 === b._4 && a._5 === b._5 && a._6 === b._6 && a._7 === b._7 && a._8 === b._8 && a._9 === b._9 && a._10 === b._10 && a._11 === b._11 && a._12 === b._12 && a._13 === b._13 && a._14 === b._14 && a._15 === b._15 && a._16 === b._16 && a._17 === b._17 && a._18 === b._18 && a._19 === b._19
    }

  implicit def tuple20Equivalence[A, B, C, D, E, F, G, H, I, J, K, L, M, N, O, P, Q, R, S, T](implicit ea: Eq[A], eb: Eq[B], ec: Eq[C], ed: Eq[D], ee: Eq[E], ef: Eq[F], eg: Eq[G], eh: Eq[H], ei: Eq[I], ej: Eq[J], ek: Eq[K], el: Eq[L], em: Eq[M], en: Eq[N], eo: Eq[O], ep: Eq[P], eq: Eq[Q], er: Eq[R], es: Eq[S], et: Eq[T]): Eq[(A, B, C, D, E, F, G, H, I, J, K, L, M, N, O, P, Q, R, S, T)] =
    new Eq[(A, B, C, D, E, F, G, H, I, J, K, L, M, N, O, P, Q, R, S, T)] {
      override def areEquivalent(a: (A, B, C, D, E, F, G, H, I, J, K, L, M, N, O, P, Q, R, S, T), b: (A, B, C, D, E, F, G, H, I, J, K, L, M, N, O, P, Q, R, S, T)) =
        a._1 === b._1 && a._2 === b._2 && a._3 === b._3 && a._4 === b._4 && a._5 === b._5 && a._6 === b._6 && a._7 === b._7 && a._8 === b._8 && a._9 === b._9 && a._10 === b._10 && a._11 === b._11 && a._12 === b._12 && a._13 === b._13 && a._14 === b._14 && a._15 === b._15 && a._16 === b._16 && a._17 === b._17 && a._18 === b._18 && a._19 === b._19 && a._20 === b._20
    }

  implicit def tuple21Equivalence[A, B, C, D, E, F, G, H, I, J, K, L, M, N, O, P, Q, R, S, T, U](implicit ea: Eq[A], eb: Eq[B], ec: Eq[C], ed: Eq[D], ee: Eq[E], ef: Eq[F], eg: Eq[G], eh: Eq[H], ei: Eq[I], ej: Eq[J], ek: Eq[K], el: Eq[L], em: Eq[M], en: Eq[N], eo: Eq[O], ep: Eq[P], eq: Eq[Q], er: Eq[R], es: Eq[S], et: Eq[T], eu: Eq[U]): Eq[(A, B, C, D, E, F, G, H, I, J, K, L, M, N, O, P, Q, R, S, T, U)] =
    new Eq[(A, B, C, D, E, F, G, H, I, J, K, L, M, N, O, P, Q, R, S, T, U)] {
      override def areEquivalent(a: (A, B, C, D, E, F, G, H, I, J, K, L, M, N, O, P, Q, R, S, T, U), b: (A, B, C, D, E, F, G, H, I, J, K, L, M, N, O, P, Q, R, S, T, U)) =
        a._1 === b._1 && a._2 === b._2 && a._3 === b._3 && a._4 === b._4 && a._5 === b._5 && a._6 === b._6 && a._7 === b._7 && a._8 === b._8 && a._9 === b._9 && a._10 === b._10 && a._11 === b._11 && a._12 === b._12 && a._13 === b._13 && a._14 === b._14 && a._15 === b._15 && a._16 === b._16 && a._17 === b._17 && a._18 === b._18 && a._19 === b._19 && a._20 === b._20 && a._21 === b._21
    }

  implicit def tuple22Equivalence[A, B, C, D, E, F, G, H, I, J, K, L, M, N, O, P, Q, R, S, T, U, V](implicit ea: Eq[A], eb: Eq[B], ec: Eq[C], ed: Eq[D], ee: Eq[E], ef: Eq[F], eg: Eq[G], eh: Eq[H], ei: Eq[I], ej: Eq[J], ek: Eq[K], el: Eq[L], em: Eq[M], en: Eq[N], eo: Eq[O], ep: Eq[P], eq: Eq[Q], er: Eq[R], es: Eq[S], et: Eq[T], eu: Eq[U], ev: Eq[V]): Eq[(A, B, C, D, E, F, G, H, I, J, K, L, M, N, O, P, Q, R, S, T, U, V)] =
    new Eq[(A, B, C, D, E, F, G, H, I, J, K, L, M, N, O, P, Q, R, S, T, U, V)] {
      override def areEquivalent(a: (A, B, C, D, E, F, G, H, I, J, K, L, M, N, O, P, Q, R, S, T, U, V), b: (A, B, C, D, E, F, G, H, I, J, K, L, M, N, O, P, Q, R, S, T, U, V)) =
        a._1 === b._1 && a._2 === b._2 && a._3 === b._3 && a._4 === b._4 && a._5 === b._5 && a._6 === b._6 && a._7 === b._7 && a._8 === b._8 && a._9 === b._9 && a._10 === b._10 && a._11 === b._11 && a._12 === b._12 && a._13 === b._13 && a._14 === b._14 && a._15 === b._15 && a._16 === b._16 && a._17 === b._17 && a._18 === b._18 && a._19 === b._19 && a._20 === b._20 && a._21 === b._21 && a._22 === b._22
    }
}

object TupleEquvalenceImplicits extends TupleEquvalenceImplicits

object generate extends (() => Seq[String]) {
  def apply() = {
    val chars = 'a' to 'z' take 22
    def typeChars(n: Int) = chars take n map (_.toUpper) mkString ("", "")
    def iparam(c: Char) = s""e${c}: Eq[${c.toUpper}]""
    def eqs(n: Int) = 1 to n map { i => s""a._$i === b._$i"" } mkString ("" && "")
    def apply(n: Int) = // n from 2 to 22
      s""""""|implicit def tuple${n}Equivalence[${typeChars(n)}](implicit ${chars take n map (iparam(_)) mkString ("", "")}): Eq[(${typeChars(n)})] =
          |new Eq[(${typeChars(n)})] {
          |  override def areEquivalent(a: (${typeChars(n)}), b: (${typeChars(n)})) =
          |    ${eqs(n)}
          |}
          |"""""".stripMargin

    2 to 22 map { n => apply(n) }
  }
}","}

  implicit def tuple7Equivalence[A, B, C, D, E, F, G](implicit ea: Eq[A], eb: Eq[B], ec: Eq[C], ed: Eq[D], ee: Eq[E], ef: Eq[F], eg: Eq[G]): Eq[(A, B, C, D, E, F, G)] =
    new Eq[(A, B, C, D, E, F, G)] {
      override def areEquivalent(a: (A, B, C, D, E, F, G), b: (A, B, C, D, E, F, G)) =
        a._1 === b._1 && a._2 === b._2 && a._3 === b._3 && a._4 === b._4 && a._5 === b._5 && a._6 === b._6 && a._7 === b._7
    }

  implicit def tuple8Equivalence[A, B, C, D, E, F, G, H](implicit ea: Eq[A], eb: Eq[B], ec: Eq[C], ed: Eq[D], ee: Eq[E], ef: Eq[F],"
deepseek,deepseek-ai/DeepSeek-V3.2:novita,scala,GPL-3.0,db::src::test::scala::io::deftrade::db::TupleEquivalenceImplicits.scala,169,0.8,0,0.6766953199617957,"    }

  implicit def tuple7Equivalence[A, B, C, D, E, F, G](implicit ea: Eq[A], eb: Eq[B], ec: Eq[C], ed: Eq[D], ee: Eq[E], ef: Eq[F], eg: Eq[G]): Eq[(A, B, C, D, E, F, G)] =
    new Eq[(A, B, C, D, E, F, G)] {
      override def areEquivalent(a: (A, B, C, D, E, F, G), b: (A, B, C, D, E, F, G)) =
        a._1 === b._1 && a._2 === b._2 && a._3 === b._3 && a._4 === b._4 && a._5 === b._5 && a._6 === b._6 && a._7 === b._7
    }

  implicit def tuple8Equivalence[A, B, C, D, E, F, G, H](implicit ea: Eq[A], eb: Eq[B], ec: Eq[C], ed: Eq[D], ee: Eq[E], ef: Eq[F], eg: Eq[G], eh: Eq[H]): Eq[(A, B, C, D, E, F, G, H)] =
    new Eq[(A, B, C, D, E, F, G, H)] {
      override def areEquivalent(a: (A, B, C, D, E, F, G, H), b: (A, B, C, D, E, F, G, H)) =
        a._1 === b._1 && a._2 === b._2 && a._3 === b._3 && a._4 === b._4 && a._5 === b._5 && a._6 === b._6 && a._7 === b._7 && a._8 === b._8
    }

  implicit def tuple9Equivalence[A, B, C, D, E, F, G, H, I](implicit ea: Eq[A], eb: Eq[B], ec: Eq[C], ed: Eq[D], ee: Eq[E], ef: Eq[F], eg: Eq[G], eh: Eq[H], ei: Eq[I]): Eq[(A, B, C, D, E, F, G, H, I)] =
    new Eq[(A, B, C, D, E, F, G, H, I)] {
      override def areEquivalent(a: (A, B, C, D, E, F, G, H, I), b: (A, B, C, D, E, F, G, H, I)) =
        a._1 === b._1 && a._2 === b._2 && a._3 === b._3 && a._4 === b._4 && a._5 === b._5 && a._6 === b._6 && a._7 === b._7 && a._8 === b._8 && a._9 === b._9
    }

  implicit def tuple10Equivalence[A, B, C, D, E, F, G, H, I, J](implicit ea: Eq[A], eb: Eq[B], ec: Eq[C], ed: Eq[D], ee: Eq[E], ef: Eq[F], eg: Eq[G], eh: Eq[H], ei: Eq[I], ej: Eq[J]): Eq[(A, B, C, D, E, F, G, H, I, J)] =
    new Eq[(A, B, C, D, E, F, G, H, I, J)] {
      override def areEquivalent(a: (A, B, C, D, E, F, G, H, I, J), b: (A, B, C, D, E, F, G, H, I, J)) =
        a._1 === b._1 && a._2 === b._2 && a._3 === b._3 && a._4 === b._4 && a._5 === b._5 && a._6 === b._6 && a._7 === b._7 && a._8 === b._8 && a._9 === b._9 && a._10 === b._10
    }

  implicit def tuple11Equivalence[A, B, C, D, E, F, G, H, I, J, K](implicit ea: Eq[A], eb: Eq[B], ec: Eq[C], ed: Eq[D], ee: Eq[E], ef: Eq[F], eg: Eq[G], eh: Eq[H], ei: Eq[I], ej: Eq[J], ek: Eq[K]): Eq[(A, B, C, D, E, F, G, H, I, J, K)] =
    new Eq[(A, B, C, D, E, F, G, H, I, J, K)] {
      override def areEquivalent(a: (A, B, C, D, E, F, G, H, I, J, K), b: (A, B, C, D, E, F, G, H, I, J, K)) =
        a._1 === b._1 && a._2 === b._2 && a._3 === b._3 && a._4 === b._4 && a._5 === b._5 && a._6 === b._6 && a._7 === b._7 && a._8 === b._8 && a._9 === b._9 && a._10 === b._10 && a._11 === b._11
    }

  implicit def tuple12Equivalence[A, B, C, D, E, F, G, H, I, J, K, L](implicit ea: Eq[A], eb: Eq[B], ec: Eq[C], ed: Eq[D], ee: Eq[E], ef: Eq[F], eg: Eq[G], eh: Eq[H], ei: Eq[I], ej: Eq[J], ek: Eq[K], el: Eq[L]): Eq[(A, B, C, D, E, F, G, H, I, J, K, L)] =
    new Eq[(A, B, C, D, E, F, G, H, I, J, K, L)] {
      override def areEquivalent(a: (A, B, C, D, E, F, G, H, I, J, K, L), b: (A, B, C, D, E, F, G, H, I, J, K, L)) =
        a._1 === b._1 && a._2 === b._2 && a._3 === b._3 && a._4 === b._4 && a._5 === b._5 && a._6 === b._6 && a._7 === b._7 && a._8 === b._8 && a._9 === b._9 && a._10 === b._10 && a._11 === b._11 && a._12 === b._12
    }

  implicit def tuple13Equivalence[A, B, C, D, E, F, G, H, I, J, K, L, M](implicit ea: Eq[A], eb: Eq[B], ec: Eq[C], ed: Eq[D], ee: Eq[E], ef: Eq[F], eg: Eq[G], eh: Eq[H], ei: Eq[I], ej: Eq[J], ek: Eq[K], el: Eq[L], em: Eq[M]): Eq[(A, B, C, D, E, F, G, H, I, J, K, L, M)] =
    new Eq[(A, B, C, D, E, F, G, H, I, J, K, L, M)] {
      override def areEquivalent(a: (A, B, C, D, E, F, G, H, I, J, K, L, M), b: (A, B, C, D, E, F, G, H, I, J, K, L, M)) =
        a._1 === b._1 && a._2 === b._2 && a._3 === b._3 && a._4 === b._4 && a._5 === b._5 && a._6 === b._6 && a._7 === b._7 && a._8 === b._8 && a._9 === b._9 && a._10 === b._10 && a._11 === b._11 && a._12 === b._12 && a._13 === b._13
    }

  implicit def tuple14Equivalence[A, B, C, D, E, F, G, H, I, J, K, L, M, N](implicit ea: Eq[A], eb: Eq[B], ec: Eq[C], ed: Eq[D], ee: Eq[E], ef: Eq[F], eg: Eq[G], eh: Eq[H], ei: Eq[I], ej: Eq[J], ek: Eq[K], el: Eq[L], em: Eq[M], en: Eq[N]): Eq[(A, B, C, D, E, F, G, H, I, J, K, L, M, N)] =
    new Eq[(A, B, C, D, E, F, G, H, I, J, K, L, M, N)] {
      override def areEquivalent(a: (A, B, C, D, E, F, G, H, I, J, K, L, M, N), b: (A, B, C, D, E, F, G, H, I, J, K, L, M, N)) =
        a._1 === b._1 && a._2 === b._2 && a._3 === b._3 && a._4 === b._4 && a._5 === b._5 && a._6 === b._6 && a._7 === b._7 && a._8 === b._8 && a._9 === b._9 && a._10 === b._10 && a._11 === b._11 && a._12 === b._12 && a._13 === b._13 && a._14 === b._14
    }

  implicit def tuple15Equivalence[A, B, C, D, E, F, G, H, I, J, K, L, M, N, O](implicit ea: Eq[A], eb: Eq[B], ec: Eq[C], ed: Eq[D], ee: Eq[E], ef: Eq[F], eg: Eq[G], eh: Eq[H], ei: Eq[I], ej: Eq[J], ek: Eq[K], el: Eq[L], em: Eq[M], en: Eq[N], eo: Eq[O]): Eq[(A, B, C, D, E, F, G, H, I, J, K, L, M, N, O)] =
    new Eq[(A, B, C, D, E, F, G, H, I, J, K, L, M, N, O)] {
      override def areEquivalent(a: (A, B, C, D, E, F, G, H, I, J, K, L, M, N, O), b: (A, B, C, D, E, F, G, H, I, J, K, L, M, N, O)) =
        a._1 === b._1 && a._2 === b._2 && a._3 === b._3 && a._4 === b._4 && a._5 === b._5 && a._6 === b._6 && a._7 === b._7 && a._8 === b._8 && a._9 === b._9 && a._10 === b._10 && a._11 === b._11 && a._12 === b._12 && a._13 === b._13 && a._14 === b._14 && a._15 === b._15
    }

  implicit def tuple16Equivalence[A, B, C, D, E, F, G, H, I, J, K, L, M, N, O, P](implicit ea: Eq[A], eb: Eq[B], ec: Eq[C], ed: Eq[D], ee: Eq[E], ef: Eq[F], eg: Eq[G], eh: Eq[H], ei: Eq[I], ej: Eq[J], ek: Eq[K], el: Eq[L], em: Eq[M], en: Eq[N], eo: Eq[O], ep: Eq[P]): Eq[(A, B, C, D, E, F, G, H, I, J, K, L, M, N, O, P)] =
    new Eq[(A, B, C, D, E, F, G, H, I, J, K, L, M, N, O, P)] {
      override def areEquivalent(a: (A, B, C, D, E, F, G, H, I, J, K, L, M, N, O, P), b: (A, B, C, D, E, F, G, H, I, J, K, L, M, N, O, P)) =
        a._1 === b._1 && a._2 === b._2 && a._3 === b._3 && a._4 === b._4 && a._5 === b._5 && a._6 === b._6 && a._7 === b._7 && a._8 === b._8 && a._9 === b._9 && a._10 === b._10 && a._11 === b._11 && a._12 === b._12 && a._13 === b._13 && a._14 === b._14 && a._15 === b._15 && a._16 === b._16
    }

  implicit def tuple17Equivalence[A, B, C, D, E, F, G, H, I, J, K, L, M, N, O, P, Q](implicit ea: Eq[A], eb: Eq[B], ec: Eq[C], ed: Eq[D], ee: Eq[E], ef: Eq[F], eg: Eq[G], eh: Eq[H], ei: Eq[I], ej: Eq[J], ek: Eq[K], el: Eq[L], em: Eq[M], en: Eq[N], eo: Eq[O], ep: Eq[P], eq: Eq[Q]): Eq[(A, B, C, D, E, F, G, H, I, J, K, L, M, N, O, P, Q)] =
    new Eq[(A, B, C, D, E, F, G, H, I, J, K, L, M, N, O, P, Q)] {
      override def areEquivalent(a: (A, B, C, D, E, F, G, H, I, J, K, L, M, N, O, P, Q), b: (A, B, C, D, E, F, G, H, I, J, K, L, M, N, O, P, Q)) =
        a._1 === b._1 && a._2 === b._2 && a._3 === b._3 && a._4 === b._4 && a._5 === b._5 && a._6 === b._6 && a._7 === b._7 && a._8 === b._8 && a._9 === b._9 && a._10 === b._10 && a._11 === b._11 && a._12 === b._12 && a._13 === b._13 && a._14 === b._14 && a._15 === b._15 && a._16 === b._16 && a._17 === b._17
    }

  implicit def tuple18Equivalence[A, B, C, D, E, F, G, H, I, J, K, L, M, N, O, P, Q, R](implicit ea: Eq[A], eb: Eq[B], ec: Eq[C], ed: Eq[D], ee: Eq[E], ef: Eq[F], eg: Eq[G], eh: Eq[H], ei: Eq[I], ej: Eq[J], ek: Eq[K], el: Eq[L], em: Eq[M], en: Eq[N], eo: Eq[O], ep: Eq[P], eq: Eq[Q], er: Eq[R]): Eq[(A, B, C, D, E, F, G, H, I, J, K, L, M, N, O, P, Q, R)] =
    new Eq[(A, B, C, D, E, F, G, H, I, J, K, L, M, N, O, P, Q, R)] {
      override def areEquivalent(a: (A, B, C, D, E, F, G, H, I, J, K, L, M, N, O, P, Q, R), b: (A, B, C, D, E, F, G, H, I, J, K, L, M, N, O, P, Q, R)) =
        a._1 === b._1 && a._2 === b._2 && a._3 === b._3 && a._4 === b._4 && a._5 === b._5 && a._6 === b._6 && a._7 === b._7 && a._8 === b._8 && a._9 === b._9 && a._10 === b._10 && a._11 === b._11 && a._12 === b._12 && a._13 === b._13 && a._14 === b._14 && a._15 === b._15 && a._16 === b._16 && a._17 === b._17 && a._18 === b._18
    }

  implicit def tuple19Equivalence[A, B, C, D, E, F, G, H, I, J, K, L, M, N, O, P, Q, R, S](implicit ea: Eq[A], eb: Eq[B], ec: Eq[C], ed: Eq[D], ee: Eq[E], ef: Eq[F], eg: Eq[G], eh: Eq[H], ei: Eq[I], ej: Eq[J], ek: Eq[K], el: Eq[L], em: Eq[M], en: Eq[N], eo: Eq[O], ep: Eq[P], eq: Eq[Q], er: Eq[R], es: Eq[S]): Eq[(A, B, C, D, E, F, G, H, I, J, K, L, M, N, O, P, Q, R, S)] =
    new Eq[(A, B, C, D, E, F, G, H, I, J, K, L, M, N, O, P, Q, R, S)] {
      override def areEquivalent(a: (A, B, C, D, E, F, G, H, I, J, K, L, M, N, O, P, Q, R, S), b: (A, B, C, D, E, F, G, H, I, J, K, L, M, N, O, P, Q, R, S)) =
        a._1 === b._1 && a._2 === b._2 && a._3 === b._3 && a._4 === b._4 && a._5 === b._5 && a._6 === b._6 && a._7 === b._7 && a._8 === b._8 && a._9 === b._9 && a._10 === b._10 && a._11 === b._11 && a._12 === b._12 && a._13 === b._13 && a._14 === b._14 && a._15 === b._15 && a._16 === b._16 && a._17 === b._17 && a._18 === b._18 && a._19 === b._19
    }

  implicit def tuple20Equivalence[A, B, C, D, E, F, G, H, I, J, K, L, M, N, O, P, Q, R, S, T](implicit ea: Eq[A], eb: Eq[B], ec: Eq[C], ed: Eq[D], ee: Eq[E], ef: Eq[F], eg: Eq[G], eh: Eq[H], ei: Eq[I], ej: Eq[J], ek: Eq[K], el: Eq[L], em: Eq[M], en: Eq[N], eo: Eq[O], ep: Eq[P], eq: Eq[Q], er: Eq[R], es: Eq[S], et: Eq[T]): Eq[(A, B, C, D, E, F, G, H, I, J, K, L, M, N, O, P, Q, R, S, T)] =
    new Eq[(A, B, C, D, E, F, G, H, I, J, K, L, M, N, O, P, Q, R, S, T)] {
      override def areEquivalent(a: (A, B, C, D, E, F, G, H, I, J, K, L, M, N, O, P, Q, R, S, T), b: (A, B, C, D, E, F, G, H, I, J, K, L, M, N, O, P, Q, R, S, T)) =
        a._1 === b._1 && a._2 === b._2 && a._3 === b._3 && a._4 === b._4 && a._5 === b._5 && a._6 === b._6 && a._7 === b._7 && a._8 === b._8 && a._9 === b._9 && a._10 === b._10 && a._11 === b._11 && a._12 === b._12 && a._13 === b._13 && a._14 === b._14 && a._15 === b._15 && a._16 === b._16 && a._17 === b._17 && a._18 === b._18 && a._19 === b._19 && a._20 === b._20
    }

  implicit def tuple21Equivalence[A, B, C, D, E, F, G, H, I, J, K, L, M, N, O, P, Q, R, S, T, U](implicit ea: Eq[A], eb: Eq[B], ec: Eq[C], ed: Eq[D], ee: Eq[E], ef: Eq[F], eg: Eq[G], eh: Eq[H], ei: Eq[I], ej: Eq[J], ek: Eq[K], el: Eq[L], em: Eq[M], en: Eq[N], eo: Eq[O], ep: Eq[P], eq: Eq[Q], er: Eq[R], es: Eq[S], et: Eq[T], eu: Eq[U]): Eq[(A, B, C, D, E, F, G, H, I, J, K, L, M, N, O, P, Q, R, S, T, U)] =
    new Eq[(A, B, C, D, E, F, G, H, I, J, K, L, M, N, O, P, Q, R, S, T, U)] {
      override def areEquivalent(a: (A, B, C, D, E, F, G, H, I, J, K, L, M, N, O, P, Q, R, S, T, U), b: (A, B, C, D, E, F, G, H, I, J, K, L, M, N, O, P, Q, R, S, T, U)) =
        a._1 === b._1 && a._2 === b._2 && a._3 === b._3 && a._4 === b._4 && a._5 === b._5 && a._6 === b._6 && a._7 === b._7 && a._8 === b._8 && a._9 === b._9 && a._10 === b._10 && a._11 === b._11 && a._12 === b._12 && a._13 === b._13 && a._14 === b._14 && a._15 === b._15 && a._16 === b._16 && a._17 === b._17 && a._18 === b._18 && a._19 === b._19 && a._20 === b._20 && a._21 === b._21
    }

  implicit def tuple22Equivalence[A, B, C, D, E, F, G, H, I, J, K, L, M, N, O, P, Q, R, S, T, U, V](implicit ea: Eq[A], eb: Eq[B], ec: Eq[C], ed: Eq[D], ee: Eq[E], ef: Eq[F], eg: Eq[G], eh: Eq[H], ei: Eq[I], ej: Eq[J], ek: Eq[K], el: Eq[L], em: Eq[M], en: Eq[N], eo: Eq[O], ep: Eq[P], eq: Eq[Q], er: Eq[R], es: Eq[S], et: Eq[T], eu: Eq[U], ev: Eq[V]): Eq[(A, B, C, D, E, F, G, H, I, J, K, L, M, N, O, P, Q, R, S, T, U, V)] =
    new Eq[(A, B, C, D, E, F, G, H, I, J, K, L, M, N, O, P, Q, R, S, T, U, V)] {
      override def areEquivalent(a: (A, B, C, D, E, F, G, H, I, J, K, L, M, N, O, P, Q, R, S, T, U, V), b: (A, B, C, D, E, F, G, H, I, J, K, L, M, N, O, P, Q, R, S, T, U, V)) =
        a._1 === b._1 && a._2 === b._2 && a._3 === b._3 && a._4 === b._4 && a._5 === b._5 && a._6 === b._6 && a._7 === b._7 && a._8 === b._8 && a._9 === b._9 && a._10 === b._10 && a._11 === b._11 && a._12 === b._12 && a._13 === b._13 && a._14 === b._14 && a._15 === b._15 && a._16 === b._16 && a._17 === b._17 && a._18 === b._18 && a._19 === b._19 && a._20 === b._20 && a._21 === b._21 && a._22 === b._22
    }
}

object TupleEquvalenceImplicits extends TupleEquvalenceImplicits

object generate extends (() => Seq[String]) {
  def apply() = {
    val chars = 'a' to 'z' take 22
    def typeChars(n: Int) = chars take n map (_.toUpper) mkString ("", "")
    def iparam(c: Char) = s""e${c}: Eq[${c.toUpper}]""
    def eqs(n: Int) = 1 to n map { i => s""a._$i === b._$i"" } mkString ("" && "")
    def apply(n: Int) = // n from 2 to 22
      s""""""|implicit def tuple${n}Equivalence[${typeChars(n)}](implicit ${chars take n map (iparam(_)) mkString ("", "")}): Eq[(${typeChars(n)})] =
          |new Eq[(${typeChars(n)})] {
          |  override def areEquivalent(a: (${typeChars(n)}), b: (${typeChars(n)})) =
          |    ${eqs(n)}
          |}
          |"""""".stripMargin

    2 to 22 map { n => apply(n) }
  }
}","}

  implicit def tuple7Equivalence[A, B, C, D, E, F, G](implicit ea: Eq[A], eb: Eq[B], ec: Eq[C], ed: Eq[D], ee: Eq[E], ef: Eq[F], eg: Eq[G]): Eq[(A, B, C, D, E, F, G)] =
    new Eq[(A, B, C, D, E, F, G)] {
      override def areEquivalent(a: (A, B, C, D, E, F, G), b: (A, B, C, D, E, F, G)) =
        a._1 === b._1 && a._2 === b._2 && a._3 === b._3 && a._4 === b._4 && a._5 === b._5 && a._6 === b._6 && a._7 === b._7
    }

  implicit def tuple8Equivalence[A, B, C, D, E, F, G, H](implicit ea: Eq[A], eb: Eq[B], ec: Eq[C], ed: Eq[D], ee: Eq[E], ef: Eq[F],"
deepseek,deepseek-ai/DeepSeek-V3.2:novita,scala,GPL-3.0,service_backend::app::repositories::conservation::dao::MaterialDeterminationDao.scala,352,0.2,0,0.0,"
  private def getMaterialArchaeologyBothNoAndEn(
      materialArchaeology: MaterialArchaeology
  ): MaterialArchaeology = {
    MaterialArchaeology(
      materialArchaeology.materialId,
      materialArchaeology.noMaterial,
      if (materialArchaeology.enMaterial.isEmpty)
        Some(materialArchaeology.noMaterial + ""[NO]"")
      else materialArchaeology.enMaterial
    )
  }

  def getArchaeologyMaterialList: FutureMusitResult[Seq[MaterialArchaeology]] = {
    val action =
      materialArchTable
        .filter(mat => mat.hidden === 0)
        .result
        .map(
          seq =>
            seq.map(
              m => getMaterialArchaeologyBothNoAndEn(m)
          )
        )
    daoUtils.dbRun(action, ""getArchaeologyMaterialList failed"")
  }

  private def getMaterialEthnographyBothNoAndEn(
      m: MaterialEthnography
  ): MaterialEthnography = {
    MaterialEthnography(
      m.materialId,
      m.noMaterial,
      m.noMaterialType,
      m.noMaterial_element,
      if (m.enMaterial.isEmpty) Some(m.noMaterial + ""[NO]"") else m.enMaterial,
      if (m.enMaterial_type.isEmpty)
        Some(m.noMaterialType match {
          case Some(matType) => matType + ""[NO]""
          case None          => ""no type""
        })
      else m.enMaterial_type,
      if (m.enMaterial_element.isEmpty)
        Some(m.noMaterial_element match {
          case Some(matElem) => matElem + ""[NO]""
          case None          => ""no element""
        })
      else m.enMaterial_element,
      m.frMaterial,
      m.frMaterial_type,
      m.superior_level
    )
  }

  def getEthnographyMaterialList: FutureMusitResult[Seq[MaterialEthnography]] = {
    val action =
      materialEthnTable
        .filter(mat => mat.hidden === 0)
        .result
        .map(
          seq =>
            seq.map(
              m => getMaterialEthnographyBothNoAndEn(m)
          )
        )
    daoUtils.dbRun(action, ""getEthnographyMaterialList failed"")
  }

  private def getMaterialNumismaticBothNoAndEn(
      m: MaterialNumismatic
  ): MaterialNumismatic = {
    MaterialNumismatic(
      m.materialId,
      m.noMaterial,
      if (m.enMaterial.isEmpty) Some(m.noMaterial + ""[NO]"")
      else m.enMaterial
    )
  }

  def getNumismaticMaterialList: FutureMusitResult[Seq[MaterialNumismatic]] = {
    val action =
      materialNumisTable
        .filter(mat => mat.hidden === 0)
        .result
        .map(
          seq =>
            seq.map(
              m => getMaterialNumismaticBothNoAndEn(m)
          )
        )
    daoUtils.dbRun(action, ""getNumismaticMaterialList failed"")
  }

  def getArchaeologyMaterial(materialId: Int): FutureMusitResult[MaterialArchaeology] = {
    val action =
      materialArchTable
        .filter(mat => mat.materialId === materialId)
        .result
        .head
        .map(
          m => getMaterialArchaeologyBothNoAndEn(m)
        )
    daoUtils.dbRun(action, ""getArchaeologyMaterial failed"")
  }

  def getEthnographyMaterial(materialId: Int): FutureMusitResult[MaterialEthnography] = {
    val action =
      materialEthnTable
        .filter(mat => mat.materialId === materialId)
        .result
        .head
        .map(m => getMaterialEthnographyBothNoAndEn(m))
    daoUtils.dbRun(action, ""getEthnographyMaterial failed"")
  }

  def getNumismaticMaterial(materialId: Int): FutureMusitResult[MaterialNumismatic] = {
    val action =
      materialNumisTable
        .filter(mat => mat.materialId === materialId)
        .result
        .head
        .map(m => getMaterialNumismaticBothNoAndEn(m))
    daoUtils.dbRun(action, ""getNumismaticMaterial failed"")
  }

  private class MaterialArchaeologyTable(tag: Tag)
      extends Table[MaterialArchaeology](
        tag,
        Some(SchemaName),
        MaterialArhaeoTableName
      ) {
    val materialId = column[Int](""MATERIAL_ID"")
    val noMaterial = column[String](""NO_MATERIAL"")
    val enMaterial = column[Option[String]](""EN_MATERIAL"")
    val hidden     = column[Int](""HIDDEN"")

    // scalastyle:off method.name
    def * =
      (materialId, noMaterial, enMaterial) <> ((MaterialArchaeology.apply _).tupled, MaterialArchaeology.unapply)

    // scalastyle:on method.name

  }

  private class MaterialEthnoTable(tag: Tag)
      extends Table[MaterialEthnography](
        tag,
        Some(SchemaName),
        MaterialEthnoTableName
      ) {
    val materialId        = column[Int](""MATERIAL_ID"")
    val noMaterial        = column[String](""NO_MATERIAL"")
    val noMaterialType    = column[Option[String]](""NO_MATERIAL_TYPE"")
    val noMaterialElement = column[Option[String]](""NO_MATERIAL_ELEMENT"")
    val enMaterial        = column[Option[String]](""EN_MATERIAL"")
    val enMaterialType    = column[Option[String]](""EN_MATERIAL_TYPE"")
    val enMaterialElement = column[Option[String]](""EN_MATERIAL_ELEMENT"")
    val frMaterial        = column[Option[String]](""FR_MATERIAL"")
    val frMaterialType    = column[Option[String]](""FR_MATERIAL_TYPE"")
    val superiorLevel     = column[Option[String]](""SUPERIOR_LEVEL"")
    val hidden            = column[Int](""HIDDEN"")

    // scalastyle:off method.name
    def * =
      (
        materialId,
        noMaterial,
        noMaterialType,
        noMaterialElement,
        enMaterial,
        enMaterialType,
        enMaterialElement,
        frMaterial,
        frMaterialType,
        superiorLevel
      ) <> ((MaterialEthnography.apply _).tupled, MaterialEthnography.unapply)

    // scalastyle:on method.name

  }

  private class MaterialNumisTable(tag: Tag)
      extends Table[MaterialNumismatic](
        tag,
        Some(SchemaName),
        MaterialNumisTableName
      ) {
    val materialId = column[Int](""MATERIAL_ID"")
    val noMaterial = column[String](""NO_MATERIAL"")
    val enMaterial = column[Option[String]](""EN_MATERIAL"")
    val hidden     = column[Int](""HIDDEN"")

    // scalastyle:off method.name
    def * =
      (materialId, noMaterial, enMaterial) <> ((MaterialNumismatic.apply _).tupled, MaterialNumismatic.unapply)

    // scalastyle:on method.name

  }

  override def insertAction(event: EventRow): DBIO[EventId] = {
    super.insertAction(event)
    eventTable returning eventTable.map(_.eventId) += event
  }

  private class EaEventMaterialTable(tag: Tag)
      extends Table[EaEventMaterial](
        tag,
        Some(SchemaName),
        EaEventMaterialTableName
      ) {
    val eventId       = column[EventId](""EVENT_ID"")
    val materialId    = column[Int](""MATERIAL_ID"")
    val materialExtra = column[Option[String]](""MATERIAL_EXTRA"")
    val sorting       = column[Option[Int]](""SORTING"")

    val create = (
        eventId: EventId,
        materialId: Int,
        materialExtra: Option[String],
        sorting: Option[Int]
    ) =>
      EaEventMaterial(
        eventId = eventId,
        materialInfo = MaterialInfo(materialId, materialExtra, sorting)
    )

    val destroy = (eem: EaEventMaterial) =>
      Some(
        (
          eem.eventId,
          eem.materialInfo.materialId,
          eem.materialInfo.materialExtra,
          eem.materialInfo.sorting
        )
    )

    // scalastyle:off method.name
    def * =
      (eventId, materialId, materialExtra, sorting) <> (create.tupled, destroy)

    // scalastyle:on method.name

  }

}","override def getEventTypeId: Int = MaterialDetermination.eventTypeId

  override def insertWithEventId(
      mid: MuseumId,
      e: MaterialDetermination
  ): FutureMusitResult[EventId] = {
    val baseEvent = e.baseEvent
    val action = for {
      eventId <- daoUtils.getEventId
      inserted <- insertEventAction(mid, eventId, baseEvent)
      _ <- insertSpecialAttributes(eventId, e)
    } yield eventId
    daoUtils.dbRun(
      action.transactionally,
      s""Unexpected error inserting MaterialDetermination for museum $mid""
    )
  }

  override def update(
      mid: MuseumId,
      eid: EventId,
      e: MaterialDetermination
  ): FutureMusitResult[Option[Int]] = {
    val baseEvent = e.baseEvent
    val action = for {
      maybeUpdated <- updateEventAction(mid, eid, baseEvent)
      _ <- maybeUpdated.map { _ =>
        updateSpecialAttributes(eid, e)
      }.getOrElse(DBIO.successful(()))
    } yield maybeUpdated
    daoUtils.dbRun(
      action.transactionally,"
deepseek,deepseek-ai/DeepSeek-V3.2:novita,scala,GPL-3.0,service_backend::app::repositories::conservation::dao::MaterialDeterminationDao.scala,352,0.4,0,0.010101010101010102,"
  private def getMaterialArchaeologyBothNoAndEn(
      materialArchaeology: MaterialArchaeology
  ): MaterialArchaeology = {
    MaterialArchaeology(
      materialArchaeology.materialId,
      materialArchaeology.noMaterial,
      if (materialArchaeology.enMaterial.isEmpty)
        Some(materialArchaeology.noMaterial + ""[NO]"")
      else materialArchaeology.enMaterial
    )
  }

  def getArchaeologyMaterialList: FutureMusitResult[Seq[MaterialArchaeology]] = {
    val action =
      materialArchTable
        .filter(mat => mat.hidden === 0)
        .result
        .map(
          seq =>
            seq.map(
              m => getMaterialArchaeologyBothNoAndEn(m)
          )
        )
    daoUtils.dbRun(action, ""getArchaeologyMaterialList failed"")
  }

  private def getMaterialEthnographyBothNoAndEn(
      m: MaterialEthnography
  ): MaterialEthnography = {
    MaterialEthnography(
      m.materialId,
      m.noMaterial,
      m.noMaterialType,
      m.noMaterial_element,
      if (m.enMaterial.isEmpty) Some(m.noMaterial + ""[NO]"") else m.enMaterial,
      if (m.enMaterial_type.isEmpty)
        Some(m.noMaterialType match {
          case Some(matType) => matType + ""[NO]""
          case None          => ""no type""
        })
      else m.enMaterial_type,
      if (m.enMaterial_element.isEmpty)
        Some(m.noMaterial_element match {
          case Some(matElem) => matElem + ""[NO]""
          case None          => ""no element""
        })
      else m.enMaterial_element,
      m.frMaterial,
      m.frMaterial_type,
      m.superior_level
    )
  }

  def getEthnographyMaterialList: FutureMusitResult[Seq[MaterialEthnography]] = {
    val action =
      materialEthnTable
        .filter(mat => mat.hidden === 0)
        .result
        .map(
          seq =>
            seq.map(
              m => getMaterialEthnographyBothNoAndEn(m)
          )
        )
    daoUtils.dbRun(action, ""getEthnographyMaterialList failed"")
  }

  private def getMaterialNumismaticBothNoAndEn(
      m: MaterialNumismatic
  ): MaterialNumismatic = {
    MaterialNumismatic(
      m.materialId,
      m.noMaterial,
      if (m.enMaterial.isEmpty) Some(m.noMaterial + ""[NO]"")
      else m.enMaterial
    )
  }

  def getNumismaticMaterialList: FutureMusitResult[Seq[MaterialNumismatic]] = {
    val action =
      materialNumisTable
        .filter(mat => mat.hidden === 0)
        .result
        .map(
          seq =>
            seq.map(
              m => getMaterialNumismaticBothNoAndEn(m)
          )
        )
    daoUtils.dbRun(action, ""getNumismaticMaterialList failed"")
  }

  def getArchaeologyMaterial(materialId: Int): FutureMusitResult[MaterialArchaeology] = {
    val action =
      materialArchTable
        .filter(mat => mat.materialId === materialId)
        .result
        .head
        .map(
          m => getMaterialArchaeologyBothNoAndEn(m)
        )
    daoUtils.dbRun(action, ""getArchaeologyMaterial failed"")
  }

  def getEthnographyMaterial(materialId: Int): FutureMusitResult[MaterialEthnography] = {
    val action =
      materialEthnTable
        .filter(mat => mat.materialId === materialId)
        .result
        .head
        .map(m => getMaterialEthnographyBothNoAndEn(m))
    daoUtils.dbRun(action, ""getEthnographyMaterial failed"")
  }

  def getNumismaticMaterial(materialId: Int): FutureMusitResult[MaterialNumismatic] = {
    val action =
      materialNumisTable
        .filter(mat => mat.materialId === materialId)
        .result
        .head
        .map(m => getMaterialNumismaticBothNoAndEn(m))
    daoUtils.dbRun(action, ""getNumismaticMaterial failed"")
  }

  private class MaterialArchaeologyTable(tag: Tag)
      extends Table[MaterialArchaeology](
        tag,
        Some(SchemaName),
        MaterialArhaeoTableName
      ) {
    val materialId = column[Int](""MATERIAL_ID"")
    val noMaterial = column[String](""NO_MATERIAL"")
    val enMaterial = column[Option[String]](""EN_MATERIAL"")
    val hidden     = column[Int](""HIDDEN"")

    // scalastyle:off method.name
    def * =
      (materialId, noMaterial, enMaterial) <> ((MaterialArchaeology.apply _).tupled, MaterialArchaeology.unapply)

    // scalastyle:on method.name

  }

  private class MaterialEthnoTable(tag: Tag)
      extends Table[MaterialEthnography](
        tag,
        Some(SchemaName),
        MaterialEthnoTableName
      ) {
    val materialId        = column[Int](""MATERIAL_ID"")
    val noMaterial        = column[String](""NO_MATERIAL"")
    val noMaterialType    = column[Option[String]](""NO_MATERIAL_TYPE"")
    val noMaterialElement = column[Option[String]](""NO_MATERIAL_ELEMENT"")
    val enMaterial        = column[Option[String]](""EN_MATERIAL"")
    val enMaterialType    = column[Option[String]](""EN_MATERIAL_TYPE"")
    val enMaterialElement = column[Option[String]](""EN_MATERIAL_ELEMENT"")
    val frMaterial        = column[Option[String]](""FR_MATERIAL"")
    val frMaterialType    = column[Option[String]](""FR_MATERIAL_TYPE"")
    val superiorLevel     = column[Option[String]](""SUPERIOR_LEVEL"")
    val hidden            = column[Int](""HIDDEN"")

    // scalastyle:off method.name
    def * =
      (
        materialId,
        noMaterial,
        noMaterialType,
        noMaterialElement,
        enMaterial,
        enMaterialType,
        enMaterialElement,
        frMaterial,
        frMaterialType,
        superiorLevel
      ) <> ((MaterialEthnography.apply _).tupled, MaterialEthnography.unapply)

    // scalastyle:on method.name

  }

  private class MaterialNumisTable(tag: Tag)
      extends Table[MaterialNumismatic](
        tag,
        Some(SchemaName),
        MaterialNumisTableName
      ) {
    val materialId = column[Int](""MATERIAL_ID"")
    val noMaterial = column[String](""NO_MATERIAL"")
    val enMaterial = column[Option[String]](""EN_MATERIAL"")
    val hidden     = column[Int](""HIDDEN"")

    // scalastyle:off method.name
    def * =
      (materialId, noMaterial, enMaterial) <> ((MaterialNumismatic.apply _).tupled, MaterialNumismatic.unapply)

    // scalastyle:on method.name

  }

  override def insertAction(event: EventRow): DBIO[EventId] = {
    super.insertAction(event)
    eventTable returning eventTable.map(_.eventId) += event
  }

  private class EaEventMaterialTable(tag: Tag)
      extends Table[EaEventMaterial](
        tag,
        Some(SchemaName),
        EaEventMaterialTableName
      ) {
    val eventId       = column[EventId](""EVENT_ID"")
    val materialId    = column[Int](""MATERIAL_ID"")
    val materialExtra = column[Option[String]](""MATERIAL_EXTRA"")
    val sorting       = column[Option[Int]](""SORTING"")

    val create = (
        eventId: EventId,
        materialId: Int,
        materialExtra: Option[String],
        sorting: Option[Int]
    ) =>
      EaEventMaterial(
        eventId = eventId,
        materialInfo = MaterialInfo(materialId, materialExtra, sorting)
    )

    val destroy = (eem: EaEventMaterial) =>
      Some(
        (
          eem.eventId,
          eem.materialInfo.materialId,
          eem.materialInfo.materialExtra,
          eem.materialInfo.sorting
        )
    )

    // scalastyle:off method.name
    def * =
      (eventId, materialId, materialExtra, sorting) <> (create.tupled, destroy)

    // scalastyle:on method.name

  }

}","override def getEventsForObjects(
      mid: MuseumId,
      objectIds: Seq[ObjectUUID]
  ): FutureMusitResult[Seq[ConservationEvent]] = {
    val actions = {
      val baseQuery = allEvents
        .filter(e => e.museumId === mid && (e.eventTypeId === MaterialDetermination.EventTypeId))
        .filter(ce => ce.affectedThingUuid.inSet(objectIds))
        .joinLeft(eaEventMaterialTable)
        .on(_.id === _.eventId)
        .result

      baseQuery.map { rows =>
        rows
          .groupBy { case (ceRow, _) => ceRow }
          .map { case (ceRow, matRows) =>
            val materialInfos = matRows.flatMap { case (_, matRowOpt) =>
              matRowOpt.map { matRow =>
                MaterialInfo(matRow.materialId, matRow.materialExtra, matRow.sorting)
              }
            }
            val baseEvent = fromRow(ceRow)
            baseEvent.copy(
              materialInfo = if (materialInfos.nonEmpty) Some(materialInfos) else None
            )
          }
          .to"
deepseek,deepseek-ai/DeepSeek-V3.2:novita,scala,GPL-3.0,service_backend::app::repositories::conservation::dao::MaterialDeterminationDao.scala,352,0.8,0,0.010362694300518135,"
  private def getMaterialArchaeologyBothNoAndEn(
      materialArchaeology: MaterialArchaeology
  ): MaterialArchaeology = {
    MaterialArchaeology(
      materialArchaeology.materialId,
      materialArchaeology.noMaterial,
      if (materialArchaeology.enMaterial.isEmpty)
        Some(materialArchaeology.noMaterial + ""[NO]"")
      else materialArchaeology.enMaterial
    )
  }

  def getArchaeologyMaterialList: FutureMusitResult[Seq[MaterialArchaeology]] = {
    val action =
      materialArchTable
        .filter(mat => mat.hidden === 0)
        .result
        .map(
          seq =>
            seq.map(
              m => getMaterialArchaeologyBothNoAndEn(m)
          )
        )
    daoUtils.dbRun(action, ""getArchaeologyMaterialList failed"")
  }

  private def getMaterialEthnographyBothNoAndEn(
      m: MaterialEthnography
  ): MaterialEthnography = {
    MaterialEthnography(
      m.materialId,
      m.noMaterial,
      m.noMaterialType,
      m.noMaterial_element,
      if (m.enMaterial.isEmpty) Some(m.noMaterial + ""[NO]"") else m.enMaterial,
      if (m.enMaterial_type.isEmpty)
        Some(m.noMaterialType match {
          case Some(matType) => matType + ""[NO]""
          case None          => ""no type""
        })
      else m.enMaterial_type,
      if (m.enMaterial_element.isEmpty)
        Some(m.noMaterial_element match {
          case Some(matElem) => matElem + ""[NO]""
          case None          => ""no element""
        })
      else m.enMaterial_element,
      m.frMaterial,
      m.frMaterial_type,
      m.superior_level
    )
  }

  def getEthnographyMaterialList: FutureMusitResult[Seq[MaterialEthnography]] = {
    val action =
      materialEthnTable
        .filter(mat => mat.hidden === 0)
        .result
        .map(
          seq =>
            seq.map(
              m => getMaterialEthnographyBothNoAndEn(m)
          )
        )
    daoUtils.dbRun(action, ""getEthnographyMaterialList failed"")
  }

  private def getMaterialNumismaticBothNoAndEn(
      m: MaterialNumismatic
  ): MaterialNumismatic = {
    MaterialNumismatic(
      m.materialId,
      m.noMaterial,
      if (m.enMaterial.isEmpty) Some(m.noMaterial + ""[NO]"")
      else m.enMaterial
    )
  }

  def getNumismaticMaterialList: FutureMusitResult[Seq[MaterialNumismatic]] = {
    val action =
      materialNumisTable
        .filter(mat => mat.hidden === 0)
        .result
        .map(
          seq =>
            seq.map(
              m => getMaterialNumismaticBothNoAndEn(m)
          )
        )
    daoUtils.dbRun(action, ""getNumismaticMaterialList failed"")
  }

  def getArchaeologyMaterial(materialId: Int): FutureMusitResult[MaterialArchaeology] = {
    val action =
      materialArchTable
        .filter(mat => mat.materialId === materialId)
        .result
        .head
        .map(
          m => getMaterialArchaeologyBothNoAndEn(m)
        )
    daoUtils.dbRun(action, ""getArchaeologyMaterial failed"")
  }

  def getEthnographyMaterial(materialId: Int): FutureMusitResult[MaterialEthnography] = {
    val action =
      materialEthnTable
        .filter(mat => mat.materialId === materialId)
        .result
        .head
        .map(m => getMaterialEthnographyBothNoAndEn(m))
    daoUtils.dbRun(action, ""getEthnographyMaterial failed"")
  }

  def getNumismaticMaterial(materialId: Int): FutureMusitResult[MaterialNumismatic] = {
    val action =
      materialNumisTable
        .filter(mat => mat.materialId === materialId)
        .result
        .head
        .map(m => getMaterialNumismaticBothNoAndEn(m))
    daoUtils.dbRun(action, ""getNumismaticMaterial failed"")
  }

  private class MaterialArchaeologyTable(tag: Tag)
      extends Table[MaterialArchaeology](
        tag,
        Some(SchemaName),
        MaterialArhaeoTableName
      ) {
    val materialId = column[Int](""MATERIAL_ID"")
    val noMaterial = column[String](""NO_MATERIAL"")
    val enMaterial = column[Option[String]](""EN_MATERIAL"")
    val hidden     = column[Int](""HIDDEN"")

    // scalastyle:off method.name
    def * =
      (materialId, noMaterial, enMaterial) <> ((MaterialArchaeology.apply _).tupled, MaterialArchaeology.unapply)

    // scalastyle:on method.name

  }

  private class MaterialEthnoTable(tag: Tag)
      extends Table[MaterialEthnography](
        tag,
        Some(SchemaName),
        MaterialEthnoTableName
      ) {
    val materialId        = column[Int](""MATERIAL_ID"")
    val noMaterial        = column[String](""NO_MATERIAL"")
    val noMaterialType    = column[Option[String]](""NO_MATERIAL_TYPE"")
    val noMaterialElement = column[Option[String]](""NO_MATERIAL_ELEMENT"")
    val enMaterial        = column[Option[String]](""EN_MATERIAL"")
    val enMaterialType    = column[Option[String]](""EN_MATERIAL_TYPE"")
    val enMaterialElement = column[Option[String]](""EN_MATERIAL_ELEMENT"")
    val frMaterial        = column[Option[String]](""FR_MATERIAL"")
    val frMaterialType    = column[Option[String]](""FR_MATERIAL_TYPE"")
    val superiorLevel     = column[Option[String]](""SUPERIOR_LEVEL"")
    val hidden            = column[Int](""HIDDEN"")

    // scalastyle:off method.name
    def * =
      (
        materialId,
        noMaterial,
        noMaterialType,
        noMaterialElement,
        enMaterial,
        enMaterialType,
        enMaterialElement,
        frMaterial,
        frMaterialType,
        superiorLevel
      ) <> ((MaterialEthnography.apply _).tupled, MaterialEthnography.unapply)

    // scalastyle:on method.name

  }

  private class MaterialNumisTable(tag: Tag)
      extends Table[MaterialNumismatic](
        tag,
        Some(SchemaName),
        MaterialNumisTableName
      ) {
    val materialId = column[Int](""MATERIAL_ID"")
    val noMaterial = column[String](""NO_MATERIAL"")
    val enMaterial = column[Option[String]](""EN_MATERIAL"")
    val hidden     = column[Int](""HIDDEN"")

    // scalastyle:off method.name
    def * =
      (materialId, noMaterial, enMaterial) <> ((MaterialNumismatic.apply _).tupled, MaterialNumismatic.unapply)

    // scalastyle:on method.name

  }

  override def insertAction(event: EventRow): DBIO[EventId] = {
    super.insertAction(event)
    eventTable returning eventTable.map(_.eventId) += event
  }

  private class EaEventMaterialTable(tag: Tag)
      extends Table[EaEventMaterial](
        tag,
        Some(SchemaName),
        EaEventMaterialTableName
      ) {
    val eventId       = column[EventId](""EVENT_ID"")
    val materialId    = column[Int](""MATERIAL_ID"")
    val materialExtra = column[Option[String]](""MATERIAL_EXTRA"")
    val sorting       = column[Option[Int]](""SORTING"")

    val create = (
        eventId: EventId,
        materialId: Int,
        materialExtra: Option[String],
        sorting: Option[Int]
    ) =>
      EaEventMaterial(
        eventId = eventId,
        materialInfo = MaterialInfo(materialId, materialExtra, sorting)
    )

    val destroy = (eem: EaEventMaterial) =>
      Some(
        (
          eem.eventId,
          eem.materialInfo.materialId,
          eem.materialInfo.materialExtra,
          eem.materialInfo.sorting
        )
    )

    // scalastyle:off method.name
    def * =
      (eventId, materialId, materialExtra, sorting) <> (create.tupled, destroy)

    // scalastyle:on method.name

  }

}","override def updateWithObjects(
      mid: MuseumId,
      event: ConservationEvent,
      eventId: EventId,
      objectIds: Seq[ObjectUUID]
  ): FutureMusitResult[Option[ConservationEvent]] = {
    // MaterialDetermination doesn't support objects, so we just update the event itself
    update(mid, eventId, event)
  }

  override def getEventWithObjectsAction(
      mid: MuseumId,
      eventId: EventId
  ): DBIO[
    Option[(ConservationEvent, Option[Boolean], Option[Boolean], Seq[ObjectUUID])]
  ] = {
    // MaterialDetermination doesn't have objects, so we return empty sequence
    for {
      maybeE <- getEventAction(mid, eventId)
      enriched <- maybeE match {
                    case Some(e) =>
                      enrichWithSpecialAttributesAction(eventId, e).map(Some(_))
                    case None => DBIO.successful(None)
                  }
    } yield enriched.map(e => (e, None, None, Seq.empty))
  }

  private def enrichWithSpecialAttributesAction(
      eventId: EventId,
      event: ConservationEvent
  ): DBIO[ConservationEvent]"
deepseek,deepseek-ai/DeepSeek-V3.2:novita,scala,GPL-3.0,monix-reactive::shared::src::test::scala::monix::reactive::internal::operators::Zip6Suite.scala,82,0.2,0,0.16129032258064516,"  def createObservable(sourceCount: Int) = Some {
    val o1 = Observable.range(0L, sourceCount.toLong).executeAsync
    val o2 = Observable.range(0, sourceCount.toLong + 1).executeAsync
    val o3 = Observable.range(0, sourceCount.toLong + 2).executeAsync
    val o4 = Observable.range(0, sourceCount.toLong + 3).executeAsync
    val o5 = Observable.range(0, sourceCount.toLong + 4).executeAsync
    val o6 = Observable.range(0, sourceCount.toLong + 5).executeAsync

    val o = Observable.zipMap6(o1, o2, o3, o4, o5, o6)(_ + _ + _ + _ + _ + _)
    Sample(o, count(sourceCount), sum(sourceCount), Zero, Zero)
  }

  def count(sourceCount: Int) = sourceCount
  def sum(sourceCount: Int) = (sourceCount * (sourceCount - 1)) / 2 * 6

  def observableInError(sourceCount: Int, ex: Throwable) = Some {
    val o1 = createObservableEndingInError(Observable.range(0L, sourceCount.toLong), ex)
    val o2 = createObservableEndingInError(Observable.range(0L, sourceCount.toLong), ex)
    val o3 = createObservableEndingInError(Observable.range(0L, sourceCount.toLong), ex)
    val o4 = createObservableEndingInError(Observable.range(0L, sourceCount.toLong), ex)
    val o5 = createObservableEndingInError(Observable.range(0L, sourceCount.toLong), ex)
    val o6 = createObservableEndingInError(Observable.range(0L, sourceCount.toLong), ex)

    val o = Observable.zipMap6(o1, o2, o3, o4, o5, o6)(_ + _ + _ + _ + _ + _)
    Sample(o, count(sourceCount - 1), sum(sourceCount - 1), Zero, Zero)
  }

  def brokenUserCodeObservable(sourceCount: Int, ex: Throwable) = Some {
    val o1 = Observable.range(0L, sourceCount.toLong).executeAsync
    val o2 = Observable.range(0, sourceCount.toLong + 100).executeAsync
    val o3 = Observable.range(0L, sourceCount.toLong).executeAsync
    val o4 = Observable.range(0L, sourceCount.toLong).executeAsync
    val o5 = Observable.range(0L, sourceCount.toLong).executeAsync
    val o6 = Observable.range(0L, sourceCount.toLong).executeAsync

    val o = Observable.zipMap6(o1, o2, o3, o4, o5, o6) { (x1, x2, x3, x4, x5, x6) =>
      if (x2 < sourceCount - 1) x1 + x2 + x3 + x4 + x5 + x6
      else throw ex
    }

    Sample(o, count(sourceCount - 1), sum(sourceCount - 1), Zero, Zero)
  }

  override def cancelableObservables(): Seq[Sample] = {
    val sample1 = {
      val o1 = Observable.range(0, 10).delayOnNext(1.second)
      val o2 = Observable.range(0, 10).delayOnNext(1.second)
      val o3 = Observable.range(0, 10).delayOnNext(1.second)
      val o4 = Observable.range(0, 10).delayOnNext(1.second)
      val o5 = Observable.range(0, 10).delayOnNext(1.second)
      val o6 = Observable.range(0, 10).delayOnNext(1.second)
      Observable.zipMap6(o1, o2, o3, o4, o5, o6)(_ + _ + _ + _ + _ + _)
    }

    Seq(Sample(sample1, 0, 0, 0.seconds, 0.seconds))
  }
}","override def cancelableObservables(): Seq[Sample] = {
    val sample1 = Observable.zip6(
      Observable.range(0, 10).delayOnNext(1.second),
      Observable.range(0, 10).delayOnNext(1.second),
      Observable.range(0, 10).delayOnNext(1.second),
      Observable.range(0, 10).delayOnNext(1.second),
      Observable.range(0, 10).delayOnNext(1.second),
      Observable.range(0, 10).delayOnNext(1.second)
    )
    Seq(Sample(sample1, 0, 0, Zero, 0))
  }

  override def brokenUserCodeObservable(sourceCount: Int, ex: Throwable): Observable[Long] = {
    val dummy = Observable.now(1L)
    Observable.zip6(
      dummy,
      dummy,
      dummy,
      dummy,
      dummy,
      Observable.range(0, sourceCount.toLong).map(_ => throw ex)
    )
  }

  override def observableInError(sourceCount: Int, ex: Throwable): Observable[Long] = {
    val dummy = Observable.now(1L)"
deepseek,deepseek-ai/DeepSeek-V3.2:novita,scala,GPL-3.0,monix-reactive::shared::src::test::scala::monix::reactive::internal::operators::Zip6Suite.scala,82,0.4,0,0.19047619047619047,"  def createObservable(sourceCount: Int) = Some {
    val o1 = Observable.range(0L, sourceCount.toLong).executeAsync
    val o2 = Observable.range(0, sourceCount.toLong + 1).executeAsync
    val o3 = Observable.range(0, sourceCount.toLong + 2).executeAsync
    val o4 = Observable.range(0, sourceCount.toLong + 3).executeAsync
    val o5 = Observable.range(0, sourceCount.toLong + 4).executeAsync
    val o6 = Observable.range(0, sourceCount.toLong + 5).executeAsync

    val o = Observable.zipMap6(o1, o2, o3, o4, o5, o6)(_ + _ + _ + _ + _ + _)
    Sample(o, count(sourceCount), sum(sourceCount), Zero, Zero)
  }

  def count(sourceCount: Int) = sourceCount
  def sum(sourceCount: Int) = (sourceCount * (sourceCount - 1)) / 2 * 6

  def observableInError(sourceCount: Int, ex: Throwable) = Some {
    val o1 = createObservableEndingInError(Observable.range(0L, sourceCount.toLong), ex)
    val o2 = createObservableEndingInError(Observable.range(0L, sourceCount.toLong), ex)
    val o3 = createObservableEndingInError(Observable.range(0L, sourceCount.toLong), ex)
    val o4 = createObservableEndingInError(Observable.range(0L, sourceCount.toLong), ex)
    val o5 = createObservableEndingInError(Observable.range(0L, sourceCount.toLong), ex)
    val o6 = createObservableEndingInError(Observable.range(0L, sourceCount.toLong), ex)

    val o = Observable.zipMap6(o1, o2, o3, o4, o5, o6)(_ + _ + _ + _ + _ + _)
    Sample(o, count(sourceCount - 1), sum(sourceCount - 1), Zero, Zero)
  }

  def brokenUserCodeObservable(sourceCount: Int, ex: Throwable) = Some {
    val o1 = Observable.range(0L, sourceCount.toLong).executeAsync
    val o2 = Observable.range(0, sourceCount.toLong + 100).executeAsync
    val o3 = Observable.range(0L, sourceCount.toLong).executeAsync
    val o4 = Observable.range(0L, sourceCount.toLong).executeAsync
    val o5 = Observable.range(0L, sourceCount.toLong).executeAsync
    val o6 = Observable.range(0L, sourceCount.toLong).executeAsync

    val o = Observable.zipMap6(o1, o2, o3, o4, o5, o6) { (x1, x2, x3, x4, x5, x6) =>
      if (x2 < sourceCount - 1) x1 + x2 + x3 + x4 + x5 + x6
      else throw ex
    }

    Sample(o, count(sourceCount - 1), sum(sourceCount - 1), Zero, Zero)
  }

  override def cancelableObservables(): Seq[Sample] = {
    val sample1 = {
      val o1 = Observable.range(0, 10).delayOnNext(1.second)
      val o2 = Observable.range(0, 10).delayOnNext(1.second)
      val o3 = Observable.range(0, 10).delayOnNext(1.second)
      val o4 = Observable.range(0, 10).delayOnNext(1.second)
      val o5 = Observable.range(0, 10).delayOnNext(1.second)
      val o6 = Observable.range(0, 10).delayOnNext(1.second)
      Observable.zipMap6(o1, o2, o3, o4, o5, o6)(_ + _ + _ + _ + _ + _)
    }

    Seq(Sample(sample1, 0, 0, 0.seconds, 0.seconds))
  }
}","override def cancelableObservables(): Seq[Sample] = {
    val sample1 = Observable
      .range(0, 10)
      .zipMap6(
        Observable.range(0, 10).delayOnNext(1.second),
        Observable.range(0, 10).delayOnNext(2.seconds),
        Observable.range(0, 10).delayOnNext(3.seconds),
        Observable.range(0, 10).delayOnNext(4.seconds),
        Observable.range(0, 10).delayOnNext(5.seconds)
      )((a, b, c, d, e, f) => a + b + c + d + e + f)
    Seq(Sample(sample1, 0, 0, Zero, 0))
  }

  override def brokenUserCodeObservable(
    ex: Throwable
  ): Seq[Sample] = {
    val dummy = Observable.now(1)
    val sample = dummy.zipMap6(dummy, dummy, dummy, dummy, dummy) { (a, b, c, d, e, f) =>
      throw ex
    }
    Seq(Sample(sample, 0,"
deepseek,deepseek-ai/DeepSeek-V3.2:novita,scala,GPL-3.0,monix-reactive::shared::src::test::scala::monix::reactive::internal::operators::Zip6Suite.scala,82,0.8,0,0.020833333333333332,"  def createObservable(sourceCount: Int) = Some {
    val o1 = Observable.range(0L, sourceCount.toLong).executeAsync
    val o2 = Observable.range(0, sourceCount.toLong + 1).executeAsync
    val o3 = Observable.range(0, sourceCount.toLong + 2).executeAsync
    val o4 = Observable.range(0, sourceCount.toLong + 3).executeAsync
    val o5 = Observable.range(0, sourceCount.toLong + 4).executeAsync
    val o6 = Observable.range(0, sourceCount.toLong + 5).executeAsync

    val o = Observable.zipMap6(o1, o2, o3, o4, o5, o6)(_ + _ + _ + _ + _ + _)
    Sample(o, count(sourceCount), sum(sourceCount), Zero, Zero)
  }

  def count(sourceCount: Int) = sourceCount
  def sum(sourceCount: Int) = (sourceCount * (sourceCount - 1)) / 2 * 6

  def observableInError(sourceCount: Int, ex: Throwable) = Some {
    val o1 = createObservableEndingInError(Observable.range(0L, sourceCount.toLong), ex)
    val o2 = createObservableEndingInError(Observable.range(0L, sourceCount.toLong), ex)
    val o3 = createObservableEndingInError(Observable.range(0L, sourceCount.toLong), ex)
    val o4 = createObservableEndingInError(Observable.range(0L, sourceCount.toLong), ex)
    val o5 = createObservableEndingInError(Observable.range(0L, sourceCount.toLong), ex)
    val o6 = createObservableEndingInError(Observable.range(0L, sourceCount.toLong), ex)

    val o = Observable.zipMap6(o1, o2, o3, o4, o5, o6)(_ + _ + _ + _ + _ + _)
    Sample(o, count(sourceCount - 1), sum(sourceCount - 1), Zero, Zero)
  }

  def brokenUserCodeObservable(sourceCount: Int, ex: Throwable) = Some {
    val o1 = Observable.range(0L, sourceCount.toLong).executeAsync
    val o2 = Observable.range(0, sourceCount.toLong + 100).executeAsync
    val o3 = Observable.range(0L, sourceCount.toLong).executeAsync
    val o4 = Observable.range(0L, sourceCount.toLong).executeAsync
    val o5 = Observable.range(0L, sourceCount.toLong).executeAsync
    val o6 = Observable.range(0L, sourceCount.toLong).executeAsync

    val o = Observable.zipMap6(o1, o2, o3, o4, o5, o6) { (x1, x2, x3, x4, x5, x6) =>
      if (x2 < sourceCount - 1) x1 + x2 + x3 + x4 + x5 + x6
      else throw ex
    }

    Sample(o, count(sourceCount - 1), sum(sourceCount - 1), Zero, Zero)
  }

  override def cancelableObservables(): Seq[Sample] = {
    val sample1 = {
      val o1 = Observable.range(0, 10).delayOnNext(1.second)
      val o2 = Observable.range(0, 10).delayOnNext(1.second)
      val o3 = Observable.range(0, 10).delayOnNext(1.second)
      val o4 = Observable.range(0, 10).delayOnNext(1.second)
      val o5 = Observable.range(0, 10).delayOnNext(1.second)
      val o6 = Observable.range(0, 10).delayOnNext(1.second)
      Observable.zipMap6(o1, o2, o3, o4, o5, o6)(_ + _ + _ + _ + _ + _)
    }

    Seq(Sample(sample1, 0, 0, 0.seconds, 0.seconds))
  }
}","private def waitFirst = Zero
  private def waitNext = 1.second

  test(""zip6 should work"") { implicit s =>
    val source1 = Observable.now(1)
    val source2 = Observable.now(2)
    val source3 = Observable.now(3)
    val source4 = Observable.now(4)
    val source5 = Observable.now(5)
    val source6 = Observable.now(6)

    val obs = Observable.zip6(source1, source2, source3, source4, source5, source6)
    val received = obs.toListL.runSyncUnsafe()
    val expected = List((1, 2, 3, 4, 5, 6))
    assertEquals(received, expected)
  }

  test(""zip6 should emit as soon as all sources have emitted"") { implicit s =>
    val source1 = Observable.now(1).delayOnNext(waitFirst)
    val source2 = Observable.now(2).delayOnNext(waitFirst)
    val source3 = Observable.now(3).delayOnNext(waitFirst)
    val source4 = Observable.now(4).delayOnNext(waitFirst)
    val source5 = Observable.now(5"
deepseek,deepseek-ai/DeepSeek-V3.2:novita,scala,GPL-3.0,plugin::scala::src::main::scala::com::twosigma::beaker::scala::util::ScalaEvaluatorGlue.scala,119,0.2,0,0.05555555555555555,"  val settings = {
    val s = new Settings();
    s.bootclasspath.value = cp;
    s.classpath.value = cp;
    s.termConflict.value = ""package"";
    s.embeddedDefaults(cl);
    s;
  }
  private val baos = new java.io.ByteArrayOutputStream();
  
  private def scalaToJline(tc: ScalaCompleter): Completer = new Completer {
    def complete(_buf: String, cursor: Int, candidates: JList[CharSequence]): Int = {
      val buf   = if (_buf == null) """" else _buf
      val Candidates(newCursor, newCandidates) = tc.complete(buf, cursor)
      newCandidates foreach (candidates add _)
      newCursor
    }
  }
  
  var interpreter = {
    var i = new IMain(settings, new java.io.PrintWriter(baos));
    i.setContextClassLoader();
    i;
  }
  
  val completer = {
    var c = new JLineCompletion(interpreter);
    var b: ArgumentCompleter =new ArgumentCompleter(new JLineDelimiter, scalaToJline(c.completer));
    b.setStrict(false);
    b;
  } 
  
  private def getOut: Any = {
    val lvo = interpreter.valueOfTerm(interpreter.mostRecentVar);
    lvo match {
      case None => baos.toString();
      case Some(ResetState(""reset"")) => baos.toString();
      case Some(value) => value;
    }
  }
  
  def addImport(name : String): Boolean = {
    baos.reset();
      try {
      interpreter.interpret(""import ""+name) match {
        case Success => true;
        case _ => false;
      }
    } catch {
      case ex: Throwable => false;
    }
  }
  
  def evaluate2(code: String): String = {
    baos.reset();
    try {
      interpreter.interpret(code) match {
        case Success => """";
        case _ => baos.toString();
      }
    } catch {
      case ex: Throwable => ex.toString();
    }
  }
  
  def evaluate(out: SimpleEvaluationObject, code: String) {
    baos.reset();
    out.started();
    try {
      interpreter.interpret(code) match {
        case Success => out.finished(getOut.asInstanceOf[java.lang.Object]);
        case _ => out.error(baos.toString());
      }
    } catch {
      case ex: Throwable => out.error(ex);
    }
  }
  
  def autocomplete(buf: String, len : Integer): ArrayList[CharSequence] = {
    val maybes = new java.util.ArrayList[CharSequence];
    completer.complete(buf,  len, maybes);
    maybes;
  }
}","private var intp: IMain = _
  private var completer: Completer = _
  private var completion: Completion = _
  private var completionAware: CompletionAware = _
  private var jlineCompletion: JLineCompletion = _
  private var jlineDelimiter: JLineDelimiter = _
  private var scalaCompleter: ScalaCompleter = _
  private var queue: ArrayBlockingQueue[ResetState] = new ArrayBlockingQueue[ResetState](1)

  def init() {
    val settings = new Settings()
    settings.usejavacp.value = true
    settings.classpath.value = cp
    settings.Yreplsync.value = true
    intp = new IMain(settings) {
      override protected def parentClassLoader = cl
    }
    intp.setContextClassLoader()
    intp.initializeSynchronous()
    intp.quietRun(""""""
      import com.twosigma.beaker.scala.util.ResetState
      import java.util.concurrent.ArrayBlockingQueue
      var queue: ArrayBlockingQueue[ResetState] = null
      def setQueue(q: ArrayBlockingQueue[ResetState]) { queue = q }"
deepseek,deepseek-ai/DeepSeek-V3.2:novita,scala,GPL-3.0,plugin::scala::src::main::scala::com::twosigma::beaker::scala::util::ScalaEvaluatorGlue.scala,119,0.4,0,0.11602209944751381,"  val settings = {
    val s = new Settings();
    s.bootclasspath.value = cp;
    s.classpath.value = cp;
    s.termConflict.value = ""package"";
    s.embeddedDefaults(cl);
    s;
  }
  private val baos = new java.io.ByteArrayOutputStream();
  
  private def scalaToJline(tc: ScalaCompleter): Completer = new Completer {
    def complete(_buf: String, cursor: Int, candidates: JList[CharSequence]): Int = {
      val buf   = if (_buf == null) """" else _buf
      val Candidates(newCursor, newCandidates) = tc.complete(buf, cursor)
      newCandidates foreach (candidates add _)
      newCursor
    }
  }
  
  var interpreter = {
    var i = new IMain(settings, new java.io.PrintWriter(baos));
    i.setContextClassLoader();
    i;
  }
  
  val completer = {
    var c = new JLineCompletion(interpreter);
    var b: ArgumentCompleter =new ArgumentCompleter(new JLineDelimiter, scalaToJline(c.completer));
    b.setStrict(false);
    b;
  } 
  
  private def getOut: Any = {
    val lvo = interpreter.valueOfTerm(interpreter.mostRecentVar);
    lvo match {
      case None => baos.toString();
      case Some(ResetState(""reset"")) => baos.toString();
      case Some(value) => value;
    }
  }
  
  def addImport(name : String): Boolean = {
    baos.reset();
      try {
      interpreter.interpret(""import ""+name) match {
        case Success => true;
        case _ => false;
      }
    } catch {
      case ex: Throwable => false;
    }
  }
  
  def evaluate2(code: String): String = {
    baos.reset();
    try {
      interpreter.interpret(code) match {
        case Success => """";
        case _ => baos.toString();
      }
    } catch {
      case ex: Throwable => ex.toString();
    }
  }
  
  def evaluate(out: SimpleEvaluationObject, code: String) {
    baos.reset();
    out.started();
    try {
      interpreter.interpret(code) match {
        case Success => out.finished(getOut.asInstanceOf[java.lang.Object]);
        case _ => out.error(baos.toString());
      }
    } catch {
      case ex: Throwable => out.error(ex);
    }
  }
  
  def autocomplete(buf: String, len : Integer): ArrayList[CharSequence] = {
    val maybes = new java.util.ArrayList[CharSequence];
    completer.complete(buf,  len, maybes);
    maybes;
  }
}","val classLoader = cl
  val settings = new Settings()
  settings.usejavacp.value = true
  settings.bootclasspath.value = cp
  settings.classpath.value = cp

  val writer = new java.io.StringWriter()
  val interpreter = new IMain(settings, new java.io.PrintWriter(writer)) {
    override protected def parentClassLoader: ClassLoader = classLoader
  }

  private val completionDelimiter = new JLineDelimiter()
  private val completion: CompletionAware = interpreter

  def complete(buf: String, cursor: Int): Candidates = {
    completion.complete(buf, cursor)
  }

  def addImports(imports: String): Unit = {
    interpreter.interpret(imports) match {
      case Results.Success => // Successfully imported
      case _ => // Import failed, but we continue
    }
  }

  def evaluate(evaluationObject: SimpleEvaluationObject, code: String): Unit = {
    evaluationObject.started()
    try {
      interpreter.interpret(code) match {
        case Success =>
          val result = interpreter.lastRequest.lineRep.call(""$result"")
          evaluationObject.finished(result)
        case Error =>
          evaluationObject.error(w"
deepseek,deepseek-ai/DeepSeek-V3.2:novita,scala,GPL-3.0,plugin::scala::src::main::scala::com::twosigma::beaker::scala::util::ScalaEvaluatorGlue.scala,119,0.8,0,0.0111731843575419,"  val settings = {
    val s = new Settings();
    s.bootclasspath.value = cp;
    s.classpath.value = cp;
    s.termConflict.value = ""package"";
    s.embeddedDefaults(cl);
    s;
  }
  private val baos = new java.io.ByteArrayOutputStream();
  
  private def scalaToJline(tc: ScalaCompleter): Completer = new Completer {
    def complete(_buf: String, cursor: Int, candidates: JList[CharSequence]): Int = {
      val buf   = if (_buf == null) """" else _buf
      val Candidates(newCursor, newCandidates) = tc.complete(buf, cursor)
      newCandidates foreach (candidates add _)
      newCursor
    }
  }
  
  var interpreter = {
    var i = new IMain(settings, new java.io.PrintWriter(baos));
    i.setContextClassLoader();
    i;
  }
  
  val completer = {
    var c = new JLineCompletion(interpreter);
    var b: ArgumentCompleter =new ArgumentCompleter(new JLineDelimiter, scalaToJline(c.completer));
    b.setStrict(false);
    b;
  } 
  
  private def getOut: Any = {
    val lvo = interpreter.valueOfTerm(interpreter.mostRecentVar);
    lvo match {
      case None => baos.toString();
      case Some(ResetState(""reset"")) => baos.toString();
      case Some(value) => value;
    }
  }
  
  def addImport(name : String): Boolean = {
    baos.reset();
      try {
      interpreter.interpret(""import ""+name) match {
        case Success => true;
        case _ => false;
      }
    } catch {
      case ex: Throwable => false;
    }
  }
  
  def evaluate2(code: String): String = {
    baos.reset();
    try {
      interpreter.interpret(code) match {
        case Success => """";
        case _ => baos.toString();
      }
    } catch {
      case ex: Throwable => ex.toString();
    }
  }
  
  def evaluate(out: SimpleEvaluationObject, code: String) {
    baos.reset();
    out.started();
    try {
      interpreter.interpret(code) match {
        case Success => out.finished(getOut.asInstanceOf[java.lang.Object]);
        case _ => out.error(baos.toString());
      }
    } catch {
      case ex: Throwable => out.error(ex);
    }
  }
  
  def autocomplete(buf: String, len : Integer): ArrayList[CharSequence] = {
    val maybes = new java.util.ArrayList[CharSequence];
    completer.complete(buf,  len, maybes);
    maybes;
  }
}","private var scalaIMain: Option[IMain] = None
  private val completionQueue = new ArrayBlockingQueue[Candidates](1)
  private var lastCompletionRequest: Option[String] = None

  private def ensureInitialized(): Unit = {
    if (scalaIMain.isEmpty) {
      val settings = new Settings()
      settings.usejavacp.value = true
      settings.classpath.value = cp
      settings.embeddedDefaults(cl)
      settings.Yreplsync.value = true
      val interpreter = new IMain(settings) {
        override protected def parentClassLoader = cl
        override lazy val completion = new JLineCompletion(this) {
          override def complete(buffer: String, cursor: Int): Candidates = {
            lastCompletionRequest = Some(buffer)
            val candidates = super.complete(buffer, cursor)
            completionQueue.put(candidates)
            candidates
          }
        }
      }
      scalaIMain = Some(interpreter)
    }
  }

  def interpret(code: String, output: SimpleEvaluationObject): Unit = {
    ensureInitialized()
    scalaIMain.foreach { interpreter =>
      interpreter.interpret(code) match {
        case Success =>
          output.finished(null)
        case Error"
deepseek,deepseek-ai/DeepSeek-V3.2:novita,scala,GPL-3.0,sparrow-server::src::main::scala::org::etl::command::CommandProxy.scala,71,0.2,0,0.09395973154362416,"
          case ""org.eclipse.emf.common.util.EList"" => {
            method.getName match {
              case ""getParts"" => {
                logger.info(""Invoking method in  action #{}"", method.getName)
                method.invoke(proxee, args: _*)
                  .asInstanceOf[EObjectContainmentEList[RestPart]]
              }
              case _ => {
                val interim = method.invoke(proxee, args: _*)
                  .asInstanceOf[EDataTypeEList[String]]
                logger.info(""Invoking method in  action #{}"", method.getName)
                val output = new BasicEList[String]
                val iter = interim.iterator
                while (iter.hasNext) {
                  val value = iter.next
                  val result = ParameterisationEngine.resolve(value, context)
                  output.add(result)
                }
                output
              }
            }
          }
          case ""org.etl.sparrow.Expression"" => {
            method.getName match {
              case ""getCondition"" => {
                val interim = method.invoke(proxee, args: _*)
                  .asInstanceOf[Expression]
                logger.info(""Invoking method in  action #{}"", method.getName)
                if (interim!=null && interim.getLhs != null && interim.getRhs != null) {
                  interim.setLhs(ParameterisationEngine.resolve(interim.getLhs, context))
                  interim.setRhs(ParameterisationEngine.resolve(interim.getRhs, context))
                }
                interim
              }
            }
          }
          case _ => {
            val inputString = method.invoke(proxee, args: _*).asInstanceOf[String]
            val result = ParameterisationEngine.resolve(inputString, context)
            result
          }

        }

      }
    }).asInstanceOf[I]
  }

}","case ""org.eclipse.emf.common.util.EList"" => {
          val result = method.invoke(proxee, args: _*)
          result match {
            case list: EList[_] => {
              val newList = new BasicEList[AnyRef]()
              for (i <- 0 until list.size) {
                val item = list.get(i)
                item match {
                  case expr: Expression => {
                    val resolved = ParameterisationEngine.resolveExpression(expr, context)
                    newList.add(resolved.asInstanceOf[AnyRef])
                  }
                  case restPart: RestPart => {
                    val resolved = ParameterisationEngine.resolveRestPart(restPart, context)
                    newList.add(resolved.asInstanceOf[AnyRef])
                  }
                  case _ => newList.add(item.asInstanceOf[AnyRef])
                }
              }
              newList
            }
            case _ => result
          }
        }
        case _ => {
          val result = method.invoke(proxee, args: _*)
          result match {
            case expr: Expression => ParameterisationEngine.resolveExpression(expr, context).asInstanceOf[AnyRef]
            case restPart: RestPart => ParameterisationEngine.resolveRest"
deepseek,deepseek-ai/DeepSeek-V3.2:novita,scala,GPL-3.0,sparrow-server::src::main::scala::org::etl::command::CommandProxy.scala,71,0.4,0,0.09933774834437085,"
          case ""org.eclipse.emf.common.util.EList"" => {
            method.getName match {
              case ""getParts"" => {
                logger.info(""Invoking method in  action #{}"", method.getName)
                method.invoke(proxee, args: _*)
                  .asInstanceOf[EObjectContainmentEList[RestPart]]
              }
              case _ => {
                val interim = method.invoke(proxee, args: _*)
                  .asInstanceOf[EDataTypeEList[String]]
                logger.info(""Invoking method in  action #{}"", method.getName)
                val output = new BasicEList[String]
                val iter = interim.iterator
                while (iter.hasNext) {
                  val value = iter.next
                  val result = ParameterisationEngine.resolve(value, context)
                  output.add(result)
                }
                output
              }
            }
          }
          case ""org.etl.sparrow.Expression"" => {
            method.getName match {
              case ""getCondition"" => {
                val interim = method.invoke(proxee, args: _*)
                  .asInstanceOf[Expression]
                logger.info(""Invoking method in  action #{}"", method.getName)
                if (interim!=null && interim.getLhs != null && interim.getRhs != null) {
                  interim.setLhs(ParameterisationEngine.resolve(interim.getLhs, context))
                  interim.setRhs(ParameterisationEngine.resolve(interim.getRhs, context))
                }
                interim
              }
            }
          }
          case _ => {
            val inputString = method.invoke(proxee, args: _*).asInstanceOf[String]
            val result = ParameterisationEngine.resolve(inputString, context)
            result
          }

        }

      }
    }).asInstanceOf[I]
  }

}","case ""org.eclipse.emf.common.util.EList"" => {
          val result = method.invoke(proxee, args: _*)
          result match {
            case list: EList[_] => {
              val newList = new BasicEList[AnyRef]()
              for (i <- 0 until list.size) {
                val element = list.get(i)
                element match {
                  case expr: Expression => {
                    val resolved = ParameterisationEngine.resolve(expr, context)
                    newList.add(resolved)
                  }
                  case restPart: RestPart => {
                    val resolved = ParameterisationEngine.resolve(restPart, context)
                    newList.add(resolved)
                  }
                  case _ => newList.add(element.asInstanceOf[AnyRef])
                }
              }
              newList
            }
            case _ => result
          }
        }
        case _ => {
          val result = method.invoke(proxee, args: _*)
          result match {
            case expr: Expression => ParameterisationEngine.resolve(expr, context)
            case restPart: RestPart => ParameterisationEngine.resolve(restPart, context)
            case _ => result
          }
        }
      }
    }).asInstanceOf["
deepseek,deepseek-ai/DeepSeek-V3.2:novita,scala,GPL-3.0,sparrow-server::src::main::scala::org::etl::command::CommandProxy.scala,71,0.8,0,0.19858156028368795,"
          case ""org.eclipse.emf.common.util.EList"" => {
            method.getName match {
              case ""getParts"" => {
                logger.info(""Invoking method in  action #{}"", method.getName)
                method.invoke(proxee, args: _*)
                  .asInstanceOf[EObjectContainmentEList[RestPart]]
              }
              case _ => {
                val interim = method.invoke(proxee, args: _*)
                  .asInstanceOf[EDataTypeEList[String]]
                logger.info(""Invoking method in  action #{}"", method.getName)
                val output = new BasicEList[String]
                val iter = interim.iterator
                while (iter.hasNext) {
                  val value = iter.next
                  val result = ParameterisationEngine.resolve(value, context)
                  output.add(result)
                }
                output
              }
            }
          }
          case ""org.etl.sparrow.Expression"" => {
            method.getName match {
              case ""getCondition"" => {
                val interim = method.invoke(proxee, args: _*)
                  .asInstanceOf[Expression]
                logger.info(""Invoking method in  action #{}"", method.getName)
                if (interim!=null && interim.getLhs != null && interim.getRhs != null) {
                  interim.setLhs(ParameterisationEngine.resolve(interim.getLhs, context))
                  interim.setRhs(ParameterisationEngine.resolve(interim.getRhs, context))
                }
                interim
              }
            }
          }
          case _ => {
            val inputString = method.invoke(proxee, args: _*).asInstanceOf[String]
            val result = ParameterisationEngine.resolve(inputString, context)
            result
          }

        }

      }
    }).asInstanceOf[I]
  }

}","case ""org.eclipse.emf.common.util.EList"" =>
          val targetList = method.invoke(proxee, args: _*).asInstanceOf[EList[Object]]
          val resultList = new BasicEList[Object]
          targetList.forEach { item =>
            item match {
              case expr: Expression =>
                val evaluated = ParameterisationEngine.evaluate(expr.getExpression, context)
                resultList.add(evaluated)
              case restPart: RestPart =>
                val evaluated = ParameterisationEngine.evaluate(restPart.getPart, context)
                restPart.setPart(evaluated)
                resultList.add(restPart)
              case _ =>
                resultList.add(item)
            }
          }
          resultList
        case _ =>
          val result = method.invoke(proxee, args: _*)
          result match {
            case expr: Expression =>
              val evaluated = ParameterisationEngine.evaluate(expr.getExpression, context)
              evaluated
            case _ => result
          }
      }
    }).asInstanceOf[I]
  }
}"
deepseek,deepseek-ai/DeepSeek-V3.2:novita,scala,GPL-3.0,etl::src::main::scala::org::sparkline::utils::PartitionUtils.scala,55,0.2,0,0.21348314606741572," * See the License for the specific language governing permissions and
 * limitations under the License.
 */
 /**
 * Created by Harish.
 */
 package org.sparkline.utils

import java.io.File

object PartitionUtils {

  val defaultPartitionName = ""__HIVE_DEFAULT_PARTITION__""

  def getPartitionDir(
                        basePath: File,
                        partitionCols: (String, Any)*): File = {
    val partNames = partitionCols.map { case (k, v) =>
      val valueString = if (v == null || v == """") defaultPartitionName else v.toString
      s""$k=$valueString""
    }

    val partDir = partNames.foldLeft(basePath) { (parent, child) =>
      new File(parent, child)
    }

    partDir
  }

  def makePartitionDir(
                                  basePath: File,
                                  partitionCols: (String, Any)*): File = {
    val partDir = getPartitionDir(basePath, partitionCols:_*)
    assert(partDir.mkdirs(), s""Couldn't create directory $partDir"")
    partDir
  }

}","* See the License for the specific language governing permissions and
 * limitations under the License.
 */
package org.sparkline.utils

import org.apache.spark.sql.{DataFrame, SaveMode, SparkSession}
import org.apache.spark.sql.functions._
import org.apache.spark.sql.types.{StringType, StructField, StructType}

import scala.collection.mutable

object PartitionUtils {

  /**
   * Dynamically discovers partition columns from a given path and registers a temporary view.
   * @param spark SparkSession
   * @param basePath The base path containing partition directories (e.g., ""/data/events/year=2023/month=01"")
   * @param viewName The name of the temporary view to create
   * @param fileFormat The file format (e.g., ""parquet"", ""csv"", ""json""). Default is ""parquet"".
   * @return DataFrame representing the data with partition columns
   */
  def discoverPartitionsAndCreateView(
      spark: SparkSession,
      basePath: String,
      viewName: String,
      fileFormat: String = ""parquet""): DataFrame = {

    val fs = org.apache.hadoop.fs.FileSystem.get(spark.spaster.sparkContext.hadoop"
deepseek,deepseek-ai/DeepSeek-V3.2:novita,scala,GPL-3.0,etl::src::main::scala::org::sparkline::utils::PartitionUtils.scala,55,0.4,0,0.21839080459770116," * See the License for the specific language governing permissions and
 * limitations under the License.
 */
 /**
 * Created by Harish.
 */
 package org.sparkline.utils

import java.io.File

object PartitionUtils {

  val defaultPartitionName = ""__HIVE_DEFAULT_PARTITION__""

  def getPartitionDir(
                        basePath: File,
                        partitionCols: (String, Any)*): File = {
    val partNames = partitionCols.map { case (k, v) =>
      val valueString = if (v == null || v == """") defaultPartitionName else v.toString
      s""$k=$valueString""
    }

    val partDir = partNames.foldLeft(basePath) { (parent, child) =>
      new File(parent, child)
    }

    partDir
  }

  def makePartitionDir(
                                  basePath: File,
                                  partitionCols: (String, Any)*): File = {
    val partDir = getPartitionDir(basePath, partitionCols:_*)
    assert(partDir.mkdirs(), s""Couldn't create directory $partDir"")
    partDir
  }

}","* See the License for the specific language governing permissions and
 * limitations under the License.
 */
package org.sparkline.utils

import org.apache.spark.sql.{DataFrame, SaveMode, SparkSession}
import org.apache.spark.sql.functions._
import org.apache.spark.sql.types.{StringType, StructField, StructType}

object PartitionUtils {

  /**
   * Adds new partition columns to a DataFrame based on a timestamp column.
   * The new partition columns are year, month, day, and hour derived from the timestamp.
   *
   * @param df Input DataFrame
   * @param timestampCol Name of the timestamp column
   * @return DataFrame with added partition columns
   */
  def addPartitionColumns(df: DataFrame, timestampCol: String): DataFrame = {
    df.withColumn(""year"", year(col(timestampCol)))
      .withColumn(""month"", month(col(timestampCol)))
      .withColumn(""day"", dayofmonth(col(timestampCol)))
      .withColumn(""hour"", hour(col(timestampCol)))
  }

  /**
   * Writes a DataFrame to a partitioned Hive table.
   * The DataFrame must contain the partition columns (year, month, day, hour).
   *
   * @"
deepseek,deepseek-ai/DeepSeek-V3.2:novita,scala,GPL-3.0,etl::src::main::scala::org::sparkline::utils::PartitionUtils.scala,55,0.8,0,0.3194444444444444," * See the License for the specific language governing permissions and
 * limitations under the License.
 */
 /**
 * Created by Harish.
 */
 package org.sparkline.utils

import java.io.File

object PartitionUtils {

  val defaultPartitionName = ""__HIVE_DEFAULT_PARTITION__""

  def getPartitionDir(
                        basePath: File,
                        partitionCols: (String, Any)*): File = {
    val partNames = partitionCols.map { case (k, v) =>
      val valueString = if (v == null || v == """") defaultPartitionName else v.toString
      s""$k=$valueString""
    }

    val partDir = partNames.foldLeft(basePath) { (parent, child) =>
      new File(parent, child)
    }

    partDir
  }

  def makePartitionDir(
                                  basePath: File,
                                  partitionCols: (String, Any)*): File = {
    val partDir = getPartitionDir(basePath, partitionCols:_*)
    assert(partDir.mkdirs(), s""Couldn't create directory $partDir"")
    partDir
  }

}","* See the License for the specific language governing permissions and
 * limitations under the License.
 */

package org.sparkline.utils

object PartitionUtils {

  /**
   * Given a partition specification map, returns a string suitable for use in a Hive DDL.
   * For example, Map(""dt"" -> ""2015-01-01"", ""country"" -> ""US"") -> ""dt='2015-01-01',country='US'""
   *
   * @param spec The partition specification as a map of column name to value.
   * @return The partition specification clause string.
   */
  def partitionClause(spec: Map[String, String]): String = {
    spec.map { case (k, v) => s""$k='$v'"" }.mkString("","")
  }

  /**
   * Given a partition specification map, returns a WHERE clause predicate string.
   * For example, Map(""dt"" -> ""2015-01-01"", ""country"" -> ""US"") -> ""dt='2015-01-01' AND country='US'""
   *
   * @param spec The partition specification as a map of column name to value.
   * @return The partition predicate clause string"
deepseek,deepseek-ai/DeepSeek-V3.2:novita,scala,GPL-3.0,slick-testkit::src::test::scala::slick::test::codegen::CodeGeneratorAllTest.scala,69,0.2,0,0.2468354430379747,"      def name = column[String](""name"", O.Length(254))
      def * = (id, name) <> (Category.tupled,Category.unapply)
      def idx = index(""IDX_NAME"",name)
    }
    val categories = TableQuery[Categories]

    class Posts(tag: Tag) extends Table[(Int, String, Option[Int])](tag, ""POSTS"") {
      def id = column[Int](""id"")
      def title = column[String](""title"")
      def category = column[Option[Int]](""category"")
      def * = (id, title, category)
      def categoryFK = foreignKey(""category_fk"", category, categories)(_.id.?)
    }
    val posts = TableQuery[Posts]

    val createA = (categories.schema ++ posts.schema).create

    // fetch data model
    val modelA = tdb.profile.createModel()
    // customize code generator
    val codegenA = modelA.map(m => new SourceCodeGenerator(m) {
      // override mapped table and class name
      override def entityName = dbTableName => dbTableName.dropRight(1).toLowerCase.toCamelCase
      override def tableName  = dbTableName => dbTableName.toLowerCase.toCamelCase
    
      // add some custom import
      override def code = ""import foo.{MyCustomType,MyCustomTypeMapper}"" + ""\n"" + super.code
    
      // override table generator
      override def Table = new Table(_){
        // disable entity class generation and mapping
        override def EntityType = new EntityType{
          override def classEnabled = false
        }
    
        // override contained column generator
        override def Column = new Column(_){
          // use the data model member of this column to change the Scala type, e.g. to a custom enum or anything else
          override def rawType = if(model.name == ""SOME_SPECIAL_COLUMN_NAME"") ""MyCustomType"" else super.rawType
        }
      }
    })
    val driverName = tdb.driver.getClass.toString.dropRight(1).split(""[\\. ]"").last

    val codegen = Await.result(db.run((createA >> codegenA).withPinnedSession), Duration.Inf)
    codegen.writeToFile(""slick.driver.H2Driver"",""target/slick-testkit-codegen-tests/"",""all.test"",driverName+""Tables"",driverName+"".scala"")
  }
}","def name = column[String](""name"")
      def * = (id, name) <> (Category.tupled, Category.unapply)
    }
    val categories = TableQuery[Categories]

    case class Post(id: Int, title: String, category: Int)
    class Posts(tag: Tag) extends Table[Post](tag, ""posts"") {
      def id = column[Int](""id"", O.PrimaryKey, O.AutoInc)
      def title = column[String](""title"")
      def category = column[Int](""category"")
      def * = (id, title, category) <> (Post.tupled, Post.unapply)
      def cat = foreignKey(""cat_fk"", category, categories)(_.id)
    }
    val posts = TableQuery[Posts]

    Await.result(db.run((categories.schema ++ posts.schema).create), Duration.Inf)

    val model = Await.result(db.run(tdb.profile.createModel(None, ignoreInvalidDefaults = false)(ExecutionContext.global).withPinnedSession), Duration.Inf)
    val codegen = new SourceCodeGenerator(model) {
      override def Table = new Table(_) {
        override def Column = new"
deepseek,deepseek-ai/DeepSeek-V3.2:novita,scala,GPL-3.0,slick-testkit::src::test::scala::slick::test::codegen::CodeGeneratorAllTest.scala,69,0.4,0,0.08280254777070063,"      def name = column[String](""name"", O.Length(254))
      def * = (id, name) <> (Category.tupled,Category.unapply)
      def idx = index(""IDX_NAME"",name)
    }
    val categories = TableQuery[Categories]

    class Posts(tag: Tag) extends Table[(Int, String, Option[Int])](tag, ""POSTS"") {
      def id = column[Int](""id"")
      def title = column[String](""title"")
      def category = column[Option[Int]](""category"")
      def * = (id, title, category)
      def categoryFK = foreignKey(""category_fk"", category, categories)(_.id.?)
    }
    val posts = TableQuery[Posts]

    val createA = (categories.schema ++ posts.schema).create

    // fetch data model
    val modelA = tdb.profile.createModel()
    // customize code generator
    val codegenA = modelA.map(m => new SourceCodeGenerator(m) {
      // override mapped table and class name
      override def entityName = dbTableName => dbTableName.dropRight(1).toLowerCase.toCamelCase
      override def tableName  = dbTableName => dbTableName.toLowerCase.toCamelCase
    
      // add some custom import
      override def code = ""import foo.{MyCustomType,MyCustomTypeMapper}"" + ""\n"" + super.code
    
      // override table generator
      override def Table = new Table(_){
        // disable entity class generation and mapping
        override def EntityType = new EntityType{
          override def classEnabled = false
        }
    
        // override contained column generator
        override def Column = new Column(_){
          // use the data model member of this column to change the Scala type, e.g. to a custom enum or anything else
          override def rawType = if(model.name == ""SOME_SPECIAL_COLUMN_NAME"") ""MyCustomType"" else super.rawType
        }
      }
    })
    val driverName = tdb.driver.getClass.toString.dropRight(1).split(""[\\. ]"").last

    val codegen = Await.result(db.run((createA >> codegenA).withPinnedSession), Duration.Inf)
    codegen.writeToFile(""slick.driver.H2Driver"",""target/slick-testkit-codegen-tests/"",""all.test"",driverName+""Tables"",driverName+"".scala"")
  }
}","def name = column[String](""name"")
      def * = (id, name) <> (Category.tupled, Category.unapply)
    }
    val categories = TableQuery[Categories]

    // create and insert some data
    Await.result(
      db.run(
        (categories.schema.create
          andThen (categories += Category(1, ""foo""))
          andThen (categories += Category(2, ""bar"")))
      ),
      Duration.Inf
    )

    // run code generation
    val model = tdb.profile.createModel(ignoreInvalidDefaults = false)(ExecutionContext.global).futureValue
    val codegen = new SourceCodeGenerator(model)
    val generatedCode = codegen.generateTablesCode(pkgName = ""test"", container = ""Tables"")

    // verify generated code contains expected strings
    assert(generatedCode.contains(""class Categories""))
    assert(generatedCode.contains(""def id = column[Int]""))
    assert(generatedCode.contains(""def name = column[String]""))
    assert(generatedCode.contains(""case class Category""))
    assert(generatedCode.contains(""val categories = new TableQuery""))
  }
}"
deepseek,deepseek-ai/DeepSeek-V3.2:novita,scala,GPL-3.0,slick-testkit::src::test::scala::slick::test::codegen::CodeGeneratorAllTest.scala,69,0.8,0,0.3935483870967742,"      def name = column[String](""name"", O.Length(254))
      def * = (id, name) <> (Category.tupled,Category.unapply)
      def idx = index(""IDX_NAME"",name)
    }
    val categories = TableQuery[Categories]

    class Posts(tag: Tag) extends Table[(Int, String, Option[Int])](tag, ""POSTS"") {
      def id = column[Int](""id"")
      def title = column[String](""title"")
      def category = column[Option[Int]](""category"")
      def * = (id, title, category)
      def categoryFK = foreignKey(""category_fk"", category, categories)(_.id.?)
    }
    val posts = TableQuery[Posts]

    val createA = (categories.schema ++ posts.schema).create

    // fetch data model
    val modelA = tdb.profile.createModel()
    // customize code generator
    val codegenA = modelA.map(m => new SourceCodeGenerator(m) {
      // override mapped table and class name
      override def entityName = dbTableName => dbTableName.dropRight(1).toLowerCase.toCamelCase
      override def tableName  = dbTableName => dbTableName.toLowerCase.toCamelCase
    
      // add some custom import
      override def code = ""import foo.{MyCustomType,MyCustomTypeMapper}"" + ""\n"" + super.code
    
      // override table generator
      override def Table = new Table(_){
        // disable entity class generation and mapping
        override def EntityType = new EntityType{
          override def classEnabled = false
        }
    
        // override contained column generator
        override def Column = new Column(_){
          // use the data model member of this column to change the Scala type, e.g. to a custom enum or anything else
          override def rawType = if(model.name == ""SOME_SPECIAL_COLUMN_NAME"") ""MyCustomType"" else super.rawType
        }
      }
    })
    val driverName = tdb.driver.getClass.toString.dropRight(1).split(""[\\. ]"").last

    val codegen = Await.result(db.run((createA >> codegenA).withPinnedSession), Duration.Inf)
    codegen.writeToFile(""slick.driver.H2Driver"",""target/slick-testkit-codegen-tests/"",""all.test"",driverName+""Tables"",driverName+"".scala"")
  }
}","def name = column[String](""name"")
      def * = (id, name) <> (Category.tupled, Category.unapply)
    }
    val categories = TableQuery[Categories]

    class Posts(tag: Tag) extends Table[(Int, String, Int, Option[Int])](tag, ""posts"") {
      def id = column[Int](""id"", O.PrimaryKey, O.AutoInc)
      def title = column[String](""title"")
      def authorId = column[Int](""author_id"")
      def categoryId = column[Option[Int]](""category_id"")
      def * = (id, title, authorId, categoryId)
      def author = foreignKey(""author_fk"", authorId, users)(_.id)
      def category = foreignKey(""category_fk"", categoryId, categories)(_.id.?)
    }
    val posts = TableQuery[Posts]

    class Users(tag: Tag) extends Table[(Int, String, Option[String], Boolean)](tag, ""users"") {
      def id = column[Int](""id"", O.PrimaryKey, O.AutoInc)
      def name = column[String](""name"")
      def"
