model,model_id,language,license,qualified_name,n_lines,temperature,sample_idx,similarity,original_suffix,generated_suffix
deepseek,deepseek-ai/DeepSeek-V3.2:novita,rust,GPL-3.0,compiler::crates::relay-compiler::src::build_project::generate_artifacts.rs,235,0.2,0,0.1722689075630252,"                .expect(""Expected the source document for the SplitOperation to exist."");
            let source_hash = source_hashes.get(&source_name).cloned().unwrap();

            artifacts.push(generate_normalization_artifact(
                source_name,
                project_config,
                programs,
                normalization_operation,
                source_hash,
                source_fragment.name.location.source_location(),
            ));
        } else {
            let source_hash = source_hashes
                .get(&normalization_operation.name.item)
                .cloned()
                .unwrap();
            artifacts.push(generate_normalization_artifact(
                normalization_operation.name.item,
                project_config,
                programs,
                normalization_operation,
                source_hash,
                normalization_operation.name.location.source_location(),
            ));
        }
    }

    for reader_fragment in programs.reader.fragments() {
        let source_hash = source_hashes
            .get(&reader_fragment.name.item)
            .cloned()
            .unwrap();
        artifacts.push(generate_reader_artifact(
            project_config,
            programs,
            reader_fragment,
            source_hash,
        ));
    }

    Ok(artifacts)
}

fn generate_normalization_artifact(
    source_definition_name: StringKey,
    project_config: &ProjectConfig,
    programs: &Programs,
    normalization_operation: &Arc<OperationDefinition>,
    source_hash: String,
    source_file: SourceLocationKey,
) -> Artifact {
    let name = normalization_operation.name.item;
    let print_operation = programs
        .operation_text
        .operation(name)
        .expect(""a query text operation should be generated for this operation"");
    let text = print_full_operation(&programs.operation_text, print_operation);
    let reader_operation = programs
        .reader
        .operation(name)
        .expect(""a reader fragment should be generated for this operation"");
    let typegen_operation = programs
        .typegen
        .operation(name)
        .expect(""a type fragment should be generated for this operation"");

    Artifact {
        source_definition_names: vec![source_definition_name],
        path: path_for_artifact(project_config, source_file, name),
        content: ArtifactContent::Operation {
            normalization_operation: Arc::clone(normalization_operation),
            reader_operation: Arc::clone(reader_operation),
            typegen_operation: Arc::clone(typegen_operation),
            source_hash,
            text,
            id_and_text_hash: None,
        },
        source_file: normalization_operation.name.location.source_location(),
    }
}

fn generate_reader_artifact(
    project_config: &ProjectConfig,
    programs: &Programs,
    reader_fragment: &Arc<FragmentDefinition>,
    source_hash: String,
) -> Artifact {
    let name = reader_fragment.name.item;
    let typegen_fragment = programs
        .typegen
        .fragment(name)
        .expect(""a type fragment should be generated for this fragment"");
    Artifact {
        source_definition_names: vec![name],
        path: path_for_artifact(
            project_config,
            reader_fragment.name.location.source_location(),
            name,
        ),
        content: ArtifactContent::Fragment {
            reader_fragment: Arc::clone(reader_fragment),
            typegen_fragment: Arc::clone(typegen_fragment),
            source_hash,
        },
        source_file: reader_fragment.name.location.source_location(),
    }
}

/// This function will create a correct path for artifact based on the project configuration
pub fn create_path_for_artifact(
    project_config: &ProjectConfig,
    source_file: SourceLocationKey,
    artifact_file_name: String,
) -> PathBuf {
    if let Some(output) = &project_config.output {
        // If an output directory is specified, output into that directory.
        if project_config.shard_output {
            if let Some(ref regex) = project_config.shard_strip_regex {
                let full_source_path = regex.replace_all(source_file.path(), """");
                let mut output = output.join(full_source_path.to_string());
                output.pop();
                output
            } else {
                output.join(source_file.get_dir())
            }
            .join(artifact_file_name)
        } else {
            output.join(artifact_file_name)
        }
    } else {
        // Otherwise, output into a file relative to the source.
        source_file
            .get_dir()
            .join(""__generated__"")
            .join(artifact_file_name)
    }
}

fn path_for_artifact(
    project_config: &ProjectConfig,
    source_file: SourceLocationKey,
    definition_name: StringKey,
) -> PathBuf {
    let filename = if let Some(filename_for_artifact) = &project_config.filename_for_artifact {
        filename_for_artifact(source_file, definition_name)
    } else {
        match &project_config.typegen_config.language {
            TypegenLanguage::Flow => format!(""{}.graphql.js"", definition_name),
            TypegenLanguage::TypeScript => format!(""{}.graphql.ts"", definition_name),
        }
    };
    create_path_for_artifact(project_config, source_file, filename)
}",".expect(""Expected the source document for the refetchable fragment to exist."");
            let source_hash = source_hashes.get(&source_name).cloned().unwrap();
            let source_file = source_fragment.name.location.source_location();
            let typegen_operation = programs
                .typegen
                .operation(normalization_operation.name.item)
                .map(Arc::clone);

            artifacts.push(Artifact {
                source_definition_names: vec![source_name],
                path: path_for_artifact(
                    project_config,
                    source_file,
                    normalization_operation.name.item,
                ),
                content: ArtifactContent::RefetchableOperation {
                    normalization_operation: Arc::clone(normalization_operation),
                    typegen_operation,
                    source_hash,
                },
                source_file,
            });
        } else {
            // Standard operation
            let source_hash = source_hashes
                .get(&normalization_operation.name.item)
                .cloned()
                .unwrap();
            let source_file = normalization_operation.name.location.source_location();
            let typegen_operation = programs
                .typegen
                .operation(normalization_operation.name.item)
                .map(Arc::clone);

            artifacts"
deepseek,deepseek-ai/DeepSeek-V3.2:novita,rust,GPL-3.0,compiler::crates::relay-compiler::src::build_project::generate_artifacts.rs,235,0.4,0,0.17916666666666667,"                .expect(""Expected the source document for the SplitOperation to exist."");
            let source_hash = source_hashes.get(&source_name).cloned().unwrap();

            artifacts.push(generate_normalization_artifact(
                source_name,
                project_config,
                programs,
                normalization_operation,
                source_hash,
                source_fragment.name.location.source_location(),
            ));
        } else {
            let source_hash = source_hashes
                .get(&normalization_operation.name.item)
                .cloned()
                .unwrap();
            artifacts.push(generate_normalization_artifact(
                normalization_operation.name.item,
                project_config,
                programs,
                normalization_operation,
                source_hash,
                normalization_operation.name.location.source_location(),
            ));
        }
    }

    for reader_fragment in programs.reader.fragments() {
        let source_hash = source_hashes
            .get(&reader_fragment.name.item)
            .cloned()
            .unwrap();
        artifacts.push(generate_reader_artifact(
            project_config,
            programs,
            reader_fragment,
            source_hash,
        ));
    }

    Ok(artifacts)
}

fn generate_normalization_artifact(
    source_definition_name: StringKey,
    project_config: &ProjectConfig,
    programs: &Programs,
    normalization_operation: &Arc<OperationDefinition>,
    source_hash: String,
    source_file: SourceLocationKey,
) -> Artifact {
    let name = normalization_operation.name.item;
    let print_operation = programs
        .operation_text
        .operation(name)
        .expect(""a query text operation should be generated for this operation"");
    let text = print_full_operation(&programs.operation_text, print_operation);
    let reader_operation = programs
        .reader
        .operation(name)
        .expect(""a reader fragment should be generated for this operation"");
    let typegen_operation = programs
        .typegen
        .operation(name)
        .expect(""a type fragment should be generated for this operation"");

    Artifact {
        source_definition_names: vec![source_definition_name],
        path: path_for_artifact(project_config, source_file, name),
        content: ArtifactContent::Operation {
            normalization_operation: Arc::clone(normalization_operation),
            reader_operation: Arc::clone(reader_operation),
            typegen_operation: Arc::clone(typegen_operation),
            source_hash,
            text,
            id_and_text_hash: None,
        },
        source_file: normalization_operation.name.location.source_location(),
    }
}

fn generate_reader_artifact(
    project_config: &ProjectConfig,
    programs: &Programs,
    reader_fragment: &Arc<FragmentDefinition>,
    source_hash: String,
) -> Artifact {
    let name = reader_fragment.name.item;
    let typegen_fragment = programs
        .typegen
        .fragment(name)
        .expect(""a type fragment should be generated for this fragment"");
    Artifact {
        source_definition_names: vec![name],
        path: path_for_artifact(
            project_config,
            reader_fragment.name.location.source_location(),
            name,
        ),
        content: ArtifactContent::Fragment {
            reader_fragment: Arc::clone(reader_fragment),
            typegen_fragment: Arc::clone(typegen_fragment),
            source_hash,
        },
        source_file: reader_fragment.name.location.source_location(),
    }
}

/// This function will create a correct path for artifact based on the project configuration
pub fn create_path_for_artifact(
    project_config: &ProjectConfig,
    source_file: SourceLocationKey,
    artifact_file_name: String,
) -> PathBuf {
    if let Some(output) = &project_config.output {
        // If an output directory is specified, output into that directory.
        if project_config.shard_output {
            if let Some(ref regex) = project_config.shard_strip_regex {
                let full_source_path = regex.replace_all(source_file.path(), """");
                let mut output = output.join(full_source_path.to_string());
                output.pop();
                output
            } else {
                output.join(source_file.get_dir())
            }
            .join(artifact_file_name)
        } else {
            output.join(artifact_file_name)
        }
    } else {
        // Otherwise, output into a file relative to the source.
        source_file
            .get_dir()
            .join(""__generated__"")
            .join(artifact_file_name)
    }
}

fn path_for_artifact(
    project_config: &ProjectConfig,
    source_file: SourceLocationKey,
    definition_name: StringKey,
) -> PathBuf {
    let filename = if let Some(filename_for_artifact) = &project_config.filename_for_artifact {
        filename_for_artifact(source_file, definition_name)
    } else {
        match &project_config.typegen_config.language {
            TypegenLanguage::Flow => format!(""{}.graphql.js"", definition_name),
            TypegenLanguage::TypeScript => format!(""{}.graphql.ts"", definition_name),
        }
    };
    create_path_for_artifact(project_config, source_file, filename)
}",".expect(""Expected the source document for the refetchable fragment to exist."");
            let source_hash = source_hashes.get(&source_name).cloned().unwrap();
            let source_file = source_fragment.name.location.source_location();
            let typegen_operation = programs
                .typegen
                .operation(normalization_operation.name.item)
                .map(Arc::clone);

            artifacts.push(Artifact {
                source_definition_names: vec![source_name],
                path: path_for_artifact(
                    project_config,
                    source_file,
                    normalization_operation.name.item,
                ),
                content: ArtifactContent::Operation {
                    normalization_operation: Arc::clone(normalization_operation),
                    typegen_operation,
                    source_hash,
                },
                source_file,
            });
        } else {
            let source_hash = source_hashes
                .get(&normalization_operation.name.item)
                .cloned()
                .unwrap();
            let source_file = normalization_operation.name.location.source_location();
            let typegen_operation = programs
                .typegen
                .operation(normalization_operation.name.item)
                .map(Arc::clone);

            artifacts.push(Artifact {
                source_"
deepseek,deepseek-ai/DeepSeek-V3.2:novita,rust,GPL-3.0,compiler::crates::relay-compiler::src::build_project::generate_artifacts.rs,235,0.8,0,0.19672131147540983,"                .expect(""Expected the source document for the SplitOperation to exist."");
            let source_hash = source_hashes.get(&source_name).cloned().unwrap();

            artifacts.push(generate_normalization_artifact(
                source_name,
                project_config,
                programs,
                normalization_operation,
                source_hash,
                source_fragment.name.location.source_location(),
            ));
        } else {
            let source_hash = source_hashes
                .get(&normalization_operation.name.item)
                .cloned()
                .unwrap();
            artifacts.push(generate_normalization_artifact(
                normalization_operation.name.item,
                project_config,
                programs,
                normalization_operation,
                source_hash,
                normalization_operation.name.location.source_location(),
            ));
        }
    }

    for reader_fragment in programs.reader.fragments() {
        let source_hash = source_hashes
            .get(&reader_fragment.name.item)
            .cloned()
            .unwrap();
        artifacts.push(generate_reader_artifact(
            project_config,
            programs,
            reader_fragment,
            source_hash,
        ));
    }

    Ok(artifacts)
}

fn generate_normalization_artifact(
    source_definition_name: StringKey,
    project_config: &ProjectConfig,
    programs: &Programs,
    normalization_operation: &Arc<OperationDefinition>,
    source_hash: String,
    source_file: SourceLocationKey,
) -> Artifact {
    let name = normalization_operation.name.item;
    let print_operation = programs
        .operation_text
        .operation(name)
        .expect(""a query text operation should be generated for this operation"");
    let text = print_full_operation(&programs.operation_text, print_operation);
    let reader_operation = programs
        .reader
        .operation(name)
        .expect(""a reader fragment should be generated for this operation"");
    let typegen_operation = programs
        .typegen
        .operation(name)
        .expect(""a type fragment should be generated for this operation"");

    Artifact {
        source_definition_names: vec![source_definition_name],
        path: path_for_artifact(project_config, source_file, name),
        content: ArtifactContent::Operation {
            normalization_operation: Arc::clone(normalization_operation),
            reader_operation: Arc::clone(reader_operation),
            typegen_operation: Arc::clone(typegen_operation),
            source_hash,
            text,
            id_and_text_hash: None,
        },
        source_file: normalization_operation.name.location.source_location(),
    }
}

fn generate_reader_artifact(
    project_config: &ProjectConfig,
    programs: &Programs,
    reader_fragment: &Arc<FragmentDefinition>,
    source_hash: String,
) -> Artifact {
    let name = reader_fragment.name.item;
    let typegen_fragment = programs
        .typegen
        .fragment(name)
        .expect(""a type fragment should be generated for this fragment"");
    Artifact {
        source_definition_names: vec![name],
        path: path_for_artifact(
            project_config,
            reader_fragment.name.location.source_location(),
            name,
        ),
        content: ArtifactContent::Fragment {
            reader_fragment: Arc::clone(reader_fragment),
            typegen_fragment: Arc::clone(typegen_fragment),
            source_hash,
        },
        source_file: reader_fragment.name.location.source_location(),
    }
}

/// This function will create a correct path for artifact based on the project configuration
pub fn create_path_for_artifact(
    project_config: &ProjectConfig,
    source_file: SourceLocationKey,
    artifact_file_name: String,
) -> PathBuf {
    if let Some(output) = &project_config.output {
        // If an output directory is specified, output into that directory.
        if project_config.shard_output {
            if let Some(ref regex) = project_config.shard_strip_regex {
                let full_source_path = regex.replace_all(source_file.path(), """");
                let mut output = output.join(full_source_path.to_string());
                output.pop();
                output
            } else {
                output.join(source_file.get_dir())
            }
            .join(artifact_file_name)
        } else {
            output.join(artifact_file_name)
        }
    } else {
        // Otherwise, output into a file relative to the source.
        source_file
            .get_dir()
            .join(""__generated__"")
            .join(artifact_file_name)
    }
}

fn path_for_artifact(
    project_config: &ProjectConfig,
    source_file: SourceLocationKey,
    definition_name: StringKey,
) -> PathBuf {
    let filename = if let Some(filename_for_artifact) = &project_config.filename_for_artifact {
        filename_for_artifact(source_file, definition_name)
    } else {
        match &project_config.typegen_config.language {
            TypegenLanguage::Flow => format!(""{}.graphql.js"", definition_name),
            TypegenLanguage::TypeScript => format!(""{}.graphql.ts"", definition_name),
        }
    };
    create_path_for_artifact(project_config, source_file, filename)
}",".expect(""Expected the source document for the refetchable operation to exist."");
            let source_hash = source_hashes.get(&source_name).cloned().unwrap();
            let source_file = source_fragment.name.location.source_location();
            artifacts.push(Artifact {
                source_definition_names: vec![source_name],
                path: path_for_artifact(
                    project_config,
                    source_file,
                    normalization_operation.name.item,
                ),
                content: ArtifactContent::Operation {
                    normalization_operation: Arc::clone(normalization_operation),
                    typegen_operation: programs
                        .typegen
                        .operation(normalization_operation.name.item)
                        .map(Arc::clone),
                    source_hash,
                },
                source_file,
            });
        } else {
            let source_hash = source_hashes
                .get(&normalization_operation.name.item)
                .cloned()
                .unwrap();
            let source_file = normalization_operation.name.location.source_location();
            artifacts.push(Artifact {
                source_definition_names: vec![normalization_operation.name.item],
                path: path_for_artifact(
                    project_config,
                    source_file,
                    normalization_operation.name.item,
                ),
                content: Art"
deepseek,deepseek-ai/DeepSeek-V3.2:novita,rust,GPL-3.0,src::projects::all.rs,228,0.2,0,0.056179775280898875,"        debug!(""query: {:?}"", query);

        self.gl.get(&query, None, None).chain_err(|| format!(""cannot get query {}"", query))
    }
}


impl<'a> BuildQuery for ProjectsLister<'a> {
    fn build_query(&self) -> String {

        let encoded = serde_urlencoded::to_string(&self.internal).unwrap();
        let mut query = String::from(""projects/all"");
        if !encoded.is_empty() {
            query.push_str(""?"");
            query.push_str(&encoded);
        }
        debug!(""query: {}"", query);

        query
    }
}


#[cfg(test)]
mod tests {
    use BuildQuery;


    #[test]
    fn build_query_default() {
        let gl = ::GitLab::new(&""localhost"", ""XXXXXXXXXXXXXXXXXXXX"").unwrap();
        // let gl: ::GitLab = Default::default();

        let expected_string = ""projects/all"";
        let projects_lister = gl.projects().all();
        let query = projects_lister.build_query();
        assert_eq!(query, expected_string);

        let expected_string = ""projects/all"";
        let query = gl.projects().all().build_query();
        assert_eq!(query, expected_string);
    }


    #[test]
    fn build_query_archived() {
        let gl = ::GitLab::new(&""localhost"", ""XXXXXXXXXXXXXXXXXXXX"").unwrap();
        // let gl: ::GitLab = Default::default();

        let expected_string = ""projects/all?archived=true"";
        let query = gl.projects().all().archived(true).build_query();
        assert_eq!(query, expected_string);

        let expected_string = ""projects/all?archived=false"";
        let query = gl.projects().all().archived(false).build_query();
        assert_eq!(query, expected_string);
    }


    #[test]
    fn build_query_visibility() {
        let gl = ::GitLab::new(&""localhost"", ""XXXXXXXXXXXXXXXXXXXX"").unwrap();
        // let gl: ::GitLab = Default::default();

        let expected_string = ""projects/all?visibility=public"";
        let query = gl.projects().all().visibility(::ListingVisibility::Public).build_query();
        assert_eq!(query, expected_string);

        let expected_string = ""projects/all?visibility=internal"";
        let query = gl.projects().all().visibility(::ListingVisibility::Internal).build_query();
        assert_eq!(query, expected_string);

        let expected_string = ""projects/all?visibility=private"";
        let query = gl.projects().all().visibility(::ListingVisibility::Private).build_query();
        assert_eq!(query, expected_string);
    }


    #[test]
    fn build_query_order_by() {
        let gl = ::GitLab::new(&""localhost"", ""XXXXXXXXXXXXXXXXXXXX"").unwrap();
        // let gl: ::GitLab = Default::default();

        let expected_string = ""projects/all?order_by=id"";
        let query = gl.projects().all().order_by(::projects::ListingOrderBy::Id).build_query();
        assert_eq!(query, expected_string);

        let expected_string = ""projects/all?order_by=name"";
        let query = gl.projects().all().order_by(::projects::ListingOrderBy::Name).build_query();
        assert_eq!(query, expected_string);

        let expected_string = ""projects/all?order_by=path"";
        let query = gl.projects().all().order_by(::projects::ListingOrderBy::Path).build_query();
        assert_eq!(query, expected_string);

        let expected_string = ""projects/all?order_by=created_at"";
        let query =
            gl.projects().all().order_by(::projects::ListingOrderBy::CreatedAt).build_query();
        assert_eq!(query, expected_string);

        let expected_string = ""projects/all?order_by=updated_at"";
        let query =
            gl.projects().all().order_by(::projects::ListingOrderBy::UpdatedAt).build_query();
        assert_eq!(query, expected_string);

        let expected_string = ""projects/all?order_by=last_activity_at"";
        let query =
            gl.projects().all().order_by(::projects::ListingOrderBy::LastActivityAt).build_query();
        assert_eq!(query, expected_string);
    }


    #[test]
    fn build_query_sort() {
        let gl = ::GitLab::new(&""localhost"", ""XXXXXXXXXXXXXXXXXXXX"").unwrap();
        // let gl: ::GitLab = Default::default();

        let expected_string = ""projects/all?sort=asc"";
        let query = gl.projects().all().sort(::ListingSort::Asc).build_query();
        assert_eq!(query, expected_string);

        let expected_string = ""projects/all?sort=desc"";
        let query = gl.projects().all().sort(::ListingSort::Desc).build_query();
        assert_eq!(query, expected_string);
    }


    #[test]
    fn build_query_search() {
        let gl = ::GitLab::new(&""localhost"", ""XXXXXXXXXXXXXXXXXXXX"").unwrap();
        // let gl: ::GitLab = Default::default();

        let expected_string = ""projects/all?search=SearchPattern"";
        let query = gl.projects().all().search(String::from(""SearchPattern"")).build_query();
        assert_eq!(query, expected_string);
    }


    #[test]
    fn groups_build_query_multiple() {
        let gl = ::GitLab::new(&""localhost"", ""XXXXXXXXXXXXXXXXXXXX"").unwrap();
        // let gl: ::GitLab = Default::default();

        let expected_string = ""projects/all?archived=false&sort=asc"";
        let query = gl.projects().all().archived(false).sort(::ListingSort::Asc).build_query();
        assert_eq!(query, expected_string);
    }
}","let url = format!(""/projects/all?{}"", query);

        self.gl.get(&url, None, None).chain_err(|| ""failed to get project list"")
    }
}

impl<'a> BuildQuery for ProjectsLister<'a> {
    fn build_query(&self) -> String {
        serde_urlencoded::to_string(&self.internal).unwrap()
    }
}

#[derive(Debug, Clone)]
pub struct AllProjectListerInternal {
    archived: Option<bool>,
    visibility: Option<::ListingVisibility>,
    order_by: Option<::projects::ListingOrderBy>,
    sort: Option<::ListingSort>,
    search: Option<String>,
}"
deepseek,deepseek-ai/DeepSeek-V3.2:novita,rust,GPL-3.0,src::projects::all.rs,228,0.4,0,0.027855153203342618,"        debug!(""query: {:?}"", query);

        self.gl.get(&query, None, None).chain_err(|| format!(""cannot get query {}"", query))
    }
}


impl<'a> BuildQuery for ProjectsLister<'a> {
    fn build_query(&self) -> String {

        let encoded = serde_urlencoded::to_string(&self.internal).unwrap();
        let mut query = String::from(""projects/all"");
        if !encoded.is_empty() {
            query.push_str(""?"");
            query.push_str(&encoded);
        }
        debug!(""query: {}"", query);

        query
    }
}


#[cfg(test)]
mod tests {
    use BuildQuery;


    #[test]
    fn build_query_default() {
        let gl = ::GitLab::new(&""localhost"", ""XXXXXXXXXXXXXXXXXXXX"").unwrap();
        // let gl: ::GitLab = Default::default();

        let expected_string = ""projects/all"";
        let projects_lister = gl.projects().all();
        let query = projects_lister.build_query();
        assert_eq!(query, expected_string);

        let expected_string = ""projects/all"";
        let query = gl.projects().all().build_query();
        assert_eq!(query, expected_string);
    }


    #[test]
    fn build_query_archived() {
        let gl = ::GitLab::new(&""localhost"", ""XXXXXXXXXXXXXXXXXXXX"").unwrap();
        // let gl: ::GitLab = Default::default();

        let expected_string = ""projects/all?archived=true"";
        let query = gl.projects().all().archived(true).build_query();
        assert_eq!(query, expected_string);

        let expected_string = ""projects/all?archived=false"";
        let query = gl.projects().all().archived(false).build_query();
        assert_eq!(query, expected_string);
    }


    #[test]
    fn build_query_visibility() {
        let gl = ::GitLab::new(&""localhost"", ""XXXXXXXXXXXXXXXXXXXX"").unwrap();
        // let gl: ::GitLab = Default::default();

        let expected_string = ""projects/all?visibility=public"";
        let query = gl.projects().all().visibility(::ListingVisibility::Public).build_query();
        assert_eq!(query, expected_string);

        let expected_string = ""projects/all?visibility=internal"";
        let query = gl.projects().all().visibility(::ListingVisibility::Internal).build_query();
        assert_eq!(query, expected_string);

        let expected_string = ""projects/all?visibility=private"";
        let query = gl.projects().all().visibility(::ListingVisibility::Private).build_query();
        assert_eq!(query, expected_string);
    }


    #[test]
    fn build_query_order_by() {
        let gl = ::GitLab::new(&""localhost"", ""XXXXXXXXXXXXXXXXXXXX"").unwrap();
        // let gl: ::GitLab = Default::default();

        let expected_string = ""projects/all?order_by=id"";
        let query = gl.projects().all().order_by(::projects::ListingOrderBy::Id).build_query();
        assert_eq!(query, expected_string);

        let expected_string = ""projects/all?order_by=name"";
        let query = gl.projects().all().order_by(::projects::ListingOrderBy::Name).build_query();
        assert_eq!(query, expected_string);

        let expected_string = ""projects/all?order_by=path"";
        let query = gl.projects().all().order_by(::projects::ListingOrderBy::Path).build_query();
        assert_eq!(query, expected_string);

        let expected_string = ""projects/all?order_by=created_at"";
        let query =
            gl.projects().all().order_by(::projects::ListingOrderBy::CreatedAt).build_query();
        assert_eq!(query, expected_string);

        let expected_string = ""projects/all?order_by=updated_at"";
        let query =
            gl.projects().all().order_by(::projects::ListingOrderBy::UpdatedAt).build_query();
        assert_eq!(query, expected_string);

        let expected_string = ""projects/all?order_by=last_activity_at"";
        let query =
            gl.projects().all().order_by(::projects::ListingOrderBy::LastActivityAt).build_query();
        assert_eq!(query, expected_string);
    }


    #[test]
    fn build_query_sort() {
        let gl = ::GitLab::new(&""localhost"", ""XXXXXXXXXXXXXXXXXXXX"").unwrap();
        // let gl: ::GitLab = Default::default();

        let expected_string = ""projects/all?sort=asc"";
        let query = gl.projects().all().sort(::ListingSort::Asc).build_query();
        assert_eq!(query, expected_string);

        let expected_string = ""projects/all?sort=desc"";
        let query = gl.projects().all().sort(::ListingSort::Desc).build_query();
        assert_eq!(query, expected_string);
    }


    #[test]
    fn build_query_search() {
        let gl = ::GitLab::new(&""localhost"", ""XXXXXXXXXXXXXXXXXXXX"").unwrap();
        // let gl: ::GitLab = Default::default();

        let expected_string = ""projects/all?search=SearchPattern"";
        let query = gl.projects().all().search(String::from(""SearchPattern"")).build_query();
        assert_eq!(query, expected_string);
    }


    #[test]
    fn groups_build_query_multiple() {
        let gl = ::GitLab::new(&""localhost"", ""XXXXXXXXXXXXXXXXXXXX"").unwrap();
        // let gl: ::GitLab = Default::default();

        let expected_string = ""projects/all?archived=false&sort=asc"";
        let query = gl.projects().all().archived(false).sort(::ListingSort::Asc).build_query();
        assert_eq!(query, expected_string);
    }
}","let projects: ::projects::Projects = self.gl.get(&[""projects"", ""all""], None, Some(&query))?;
        Ok(projects)
    }
}

impl<'a> BuildQuery for ProjectsLister<'a> {
    fn build_query(&self) -> String {
        serde_urlencoded::to_string(&self.internal).unwrap()
    }
}

#[derive(Debug, Clone, Serialize)]
pub struct AllProjectListerInternal {
    archived: Option<bool>,
    visibility: Option<::ListingVisibility>,
    order_by: Option<::projects::ListingOrderBy>,
    sort: Option<::ListingSort>,
    search: Option<String>,
}"
deepseek,deepseek-ai/DeepSeek-V3.2:novita,rust,GPL-3.0,src::projects::all.rs,228,0.8,0,0.058823529411764705,"        debug!(""query: {:?}"", query);

        self.gl.get(&query, None, None).chain_err(|| format!(""cannot get query {}"", query))
    }
}


impl<'a> BuildQuery for ProjectsLister<'a> {
    fn build_query(&self) -> String {

        let encoded = serde_urlencoded::to_string(&self.internal).unwrap();
        let mut query = String::from(""projects/all"");
        if !encoded.is_empty() {
            query.push_str(""?"");
            query.push_str(&encoded);
        }
        debug!(""query: {}"", query);

        query
    }
}


#[cfg(test)]
mod tests {
    use BuildQuery;


    #[test]
    fn build_query_default() {
        let gl = ::GitLab::new(&""localhost"", ""XXXXXXXXXXXXXXXXXXXX"").unwrap();
        // let gl: ::GitLab = Default::default();

        let expected_string = ""projects/all"";
        let projects_lister = gl.projects().all();
        let query = projects_lister.build_query();
        assert_eq!(query, expected_string);

        let expected_string = ""projects/all"";
        let query = gl.projects().all().build_query();
        assert_eq!(query, expected_string);
    }


    #[test]
    fn build_query_archived() {
        let gl = ::GitLab::new(&""localhost"", ""XXXXXXXXXXXXXXXXXXXX"").unwrap();
        // let gl: ::GitLab = Default::default();

        let expected_string = ""projects/all?archived=true"";
        let query = gl.projects().all().archived(true).build_query();
        assert_eq!(query, expected_string);

        let expected_string = ""projects/all?archived=false"";
        let query = gl.projects().all().archived(false).build_query();
        assert_eq!(query, expected_string);
    }


    #[test]
    fn build_query_visibility() {
        let gl = ::GitLab::new(&""localhost"", ""XXXXXXXXXXXXXXXXXXXX"").unwrap();
        // let gl: ::GitLab = Default::default();

        let expected_string = ""projects/all?visibility=public"";
        let query = gl.projects().all().visibility(::ListingVisibility::Public).build_query();
        assert_eq!(query, expected_string);

        let expected_string = ""projects/all?visibility=internal"";
        let query = gl.projects().all().visibility(::ListingVisibility::Internal).build_query();
        assert_eq!(query, expected_string);

        let expected_string = ""projects/all?visibility=private"";
        let query = gl.projects().all().visibility(::ListingVisibility::Private).build_query();
        assert_eq!(query, expected_string);
    }


    #[test]
    fn build_query_order_by() {
        let gl = ::GitLab::new(&""localhost"", ""XXXXXXXXXXXXXXXXXXXX"").unwrap();
        // let gl: ::GitLab = Default::default();

        let expected_string = ""projects/all?order_by=id"";
        let query = gl.projects().all().order_by(::projects::ListingOrderBy::Id).build_query();
        assert_eq!(query, expected_string);

        let expected_string = ""projects/all?order_by=name"";
        let query = gl.projects().all().order_by(::projects::ListingOrderBy::Name).build_query();
        assert_eq!(query, expected_string);

        let expected_string = ""projects/all?order_by=path"";
        let query = gl.projects().all().order_by(::projects::ListingOrderBy::Path).build_query();
        assert_eq!(query, expected_string);

        let expected_string = ""projects/all?order_by=created_at"";
        let query =
            gl.projects().all().order_by(::projects::ListingOrderBy::CreatedAt).build_query();
        assert_eq!(query, expected_string);

        let expected_string = ""projects/all?order_by=updated_at"";
        let query =
            gl.projects().all().order_by(::projects::ListingOrderBy::UpdatedAt).build_query();
        assert_eq!(query, expected_string);

        let expected_string = ""projects/all?order_by=last_activity_at"";
        let query =
            gl.projects().all().order_by(::projects::ListingOrderBy::LastActivityAt).build_query();
        assert_eq!(query, expected_string);
    }


    #[test]
    fn build_query_sort() {
        let gl = ::GitLab::new(&""localhost"", ""XXXXXXXXXXXXXXXXXXXX"").unwrap();
        // let gl: ::GitLab = Default::default();

        let expected_string = ""projects/all?sort=asc"";
        let query = gl.projects().all().sort(::ListingSort::Asc).build_query();
        assert_eq!(query, expected_string);

        let expected_string = ""projects/all?sort=desc"";
        let query = gl.projects().all().sort(::ListingSort::Desc).build_query();
        assert_eq!(query, expected_string);
    }


    #[test]
    fn build_query_search() {
        let gl = ::GitLab::new(&""localhost"", ""XXXXXXXXXXXXXXXXXXXX"").unwrap();
        // let gl: ::GitLab = Default::default();

        let expected_string = ""projects/all?search=SearchPattern"";
        let query = gl.projects().all().search(String::from(""SearchPattern"")).build_query();
        assert_eq!(query, expected_string);
    }


    #[test]
    fn groups_build_query_multiple() {
        let gl = ::GitLab::new(&""localhost"", ""XXXXXXXXXXXXXXXXXXXX"").unwrap();
        // let gl: ::GitLab = Default::default();

        let expected_string = ""projects/all?archived=false&sort=asc"";
        let query = gl.projects().all().archived(false).sort(::ListingSort::Asc).build_query();
        assert_eq!(query, expected_string);
    }
}","let url = format!(""/projects/all?{}"", query);

        self.gl.get(&url, None, None).chain_err(|| ""failed to get project list"")
    }
}

impl<'a> BuildQuery for ProjectsLister<'a> {
    fn build_query(&self) -> String {
        serde_urlencoded::to_string(&self.internal).unwrap_or_default()
    }
}"
deepseek,deepseek-ai/DeepSeek-V3.2:novita,rust,GPL-3.0,src::libcore::any.rs,306,0.2,0,0.11079545454545454,"            unsafe {
                // Get the raw representation of the trait object
                let to: TraitObject = transmute_copy(&self);

                // Extract the data pointer
                Some(transmute(to.data))
            }
        } else {
            None
        }
    }
}

/// Extension methods for an owning `Any` trait object
pub trait AnyOwnExt {
    /// Returns the boxed value if it is of type `T`, or
    /// `Err(Self)` if it isn't.
    fn move<T: 'static>(self) -> Result<Box<T>, Self>;
}

impl AnyOwnExt for Box<Any> {
    #[inline]
    fn move<T: 'static>(self) -> Result<Box<T>, Box<Any>> {
        if self.is::<T>() {
            unsafe {
                // Get the raw representation of the trait object
                let to: TraitObject = transmute_copy(&self);

                // Prevent destructor on self being run
                intrinsics::forget(self);

                // Extract the data pointer
                Ok(transmute(to.data))
            }
        } else {
            Err(self)
        }
    }
}

#[cfg(test)]
mod tests {
    use prelude::*;
    use super::*;
    use owned::Box;
    use realstd::str::StrAllocating;

    #[deriving(Eq, Show)]
    struct Test;

    static TEST: &'static str = ""Test"";

    #[test]
    fn any_referenced() {
        let (a, b, c) = (&5u as &Any, &TEST as &Any, &Test as &Any);

        assert!(a.is::<uint>());
        assert!(!b.is::<uint>());
        assert!(!c.is::<uint>());

        assert!(!a.is::<&'static str>());
        assert!(b.is::<&'static str>());
        assert!(!c.is::<&'static str>());

        assert!(!a.is::<Test>());
        assert!(!b.is::<Test>());
        assert!(c.is::<Test>());
    }

    #[test]
    fn any_owning() {
        let (a, b, c) = (box 5u as Box<Any>, box TEST as Box<Any>, box Test as Box<Any>);

        assert!(a.is::<uint>());
        assert!(!b.is::<uint>());
        assert!(!c.is::<uint>());

        assert!(!a.is::<&'static str>());
        assert!(b.is::<&'static str>());
        assert!(!c.is::<&'static str>());

        assert!(!a.is::<Test>());
        assert!(!b.is::<Test>());
        assert!(c.is::<Test>());
    }

    #[test]
    fn any_as_ref() {
        let a = &5u as &Any;

        match a.as_ref::<uint>() {
            Some(&5) => {}
            x => fail!(""Unexpected value {:?}"", x)
        }

        match a.as_ref::<Test>() {
            None => {}
            x => fail!(""Unexpected value {:?}"", x)
        }
    }

    #[test]
    fn any_as_mut() {
        let mut a = 5u;
        let mut b = box 7u;

        let a_r = &mut a as &mut Any;
        let tmp: &mut uint = b;
        let b_r = tmp as &mut Any;

        match a_r.as_mut::<uint>() {
            Some(x) => {
                assert_eq!(*x, 5u);
                *x = 612;
            }
            x => fail!(""Unexpected value {:?}"", x)
        }

        match b_r.as_mut::<uint>() {
            Some(x) => {
                assert_eq!(*x, 7u);
                *x = 413;
            }
            x => fail!(""Unexpected value {:?}"", x)
        }

        match a_r.as_mut::<Test>() {
            None => (),
            x => fail!(""Unexpected value {:?}"", x)
        }

        match b_r.as_mut::<Test>() {
            None => (),
            x => fail!(""Unexpected value {:?}"", x)
        }

        match a_r.as_mut::<uint>() {
            Some(&612) => {}
            x => fail!(""Unexpected value {:?}"", x)
        }

        match b_r.as_mut::<uint>() {
            Some(&413) => {}
            x => fail!(""Unexpected value {:?}"", x)
        }
    }

    #[test]
    fn any_move() {
        let a = box 8u as Box<Any>;
        let b = box Test as Box<Any>;

        match a.move::<uint>() {
            Ok(a) => { assert_eq!(a, box 8u); }
            Err(..) => fail!()
        }
        match b.move::<Test>() {
            Ok(a) => { assert_eq!(a, box Test); }
            Err(..) => fail!()
        }

        let a = box 8u as Box<Any>;
        let b = box Test as Box<Any>;

        assert!(a.move::<Box<Test>>().is_err());
        assert!(b.move::<Box<uint>>().is_err());
    }

    #[test]
    fn test_show() {
        let a = box 8u as Box<::realcore::any::Any>;
        let b = box Test as Box<::realcore::any::Any>;
        assert_eq!(format!(""{}"", a), ""Box<Any>"".to_owned());
        assert_eq!(format!(""{}"", b), ""Box<Any>"".to_owned());

        let a = &8u as &::realcore::any::Any;
        let b = &Test as &::realcore::any::Any;
        assert_eq!(format!(""{}"", a), ""&Any"".to_owned());
        assert_eq!(format!(""{}"", b), ""&Any"".to_owned());
    }
}

#[cfg(test)]
mod bench {
    extern crate test;

    use any::{Any, AnyRefExt};
    use option::Some;
    use self::test::Bencher;

    #[bench]
    fn bench_as_ref(b: &mut Bencher) {
        b.iter(|| {
            let mut x = 0; let mut y = &mut x as &mut Any;
            test::black_box(&mut y);
            test::black_box(y.as_ref::<int>() == Some(&0));
        });
    }
}","unsafe {
                // Get the raw representation of the trait object
                let to: TraitObject = transmute_copy(&self);

                // Extract the data pointer
                Some(transmute(to.data))
            }
        } else {
            None
        }
    }
}

/// Extension methods for a boxed `Any` trait object
pub trait AnyBoxExt {
    /// Returns the boxed value if it is of type `T`, or `Err(Self)` if it isn't.
    fn move<T: 'static>(self) -> Result<Box<T>, Self>;
}

impl AnyBoxExt for Box<Any> {
    #[inline]
    fn move<T: 'static>(self) -> Result<Box<T>, Box<Any>> {
        // Get the TypeId of the return type
        let t = TypeId::of::<T>();
        
        // Get the TypeId of the value in the box
        let boxed = self.get_type_id();
        
        if t == boxed {
            unsafe {
                // Deconstruct the box without dropping
                let raw = Box::into_raw(self);
                
                // Reconstruct as Box<T>
                Ok(Box::from_raw(raw as *mut T))"
deepseek,deepseek-ai/DeepSeek-V3.2:novita,rust,GPL-3.0,src::libcore::any.rs,306,0.4,0,0.11142857142857143,"            unsafe {
                // Get the raw representation of the trait object
                let to: TraitObject = transmute_copy(&self);

                // Extract the data pointer
                Some(transmute(to.data))
            }
        } else {
            None
        }
    }
}

/// Extension methods for an owning `Any` trait object
pub trait AnyOwnExt {
    /// Returns the boxed value if it is of type `T`, or
    /// `Err(Self)` if it isn't.
    fn move<T: 'static>(self) -> Result<Box<T>, Self>;
}

impl AnyOwnExt for Box<Any> {
    #[inline]
    fn move<T: 'static>(self) -> Result<Box<T>, Box<Any>> {
        if self.is::<T>() {
            unsafe {
                // Get the raw representation of the trait object
                let to: TraitObject = transmute_copy(&self);

                // Prevent destructor on self being run
                intrinsics::forget(self);

                // Extract the data pointer
                Ok(transmute(to.data))
            }
        } else {
            Err(self)
        }
    }
}

#[cfg(test)]
mod tests {
    use prelude::*;
    use super::*;
    use owned::Box;
    use realstd::str::StrAllocating;

    #[deriving(Eq, Show)]
    struct Test;

    static TEST: &'static str = ""Test"";

    #[test]
    fn any_referenced() {
        let (a, b, c) = (&5u as &Any, &TEST as &Any, &Test as &Any);

        assert!(a.is::<uint>());
        assert!(!b.is::<uint>());
        assert!(!c.is::<uint>());

        assert!(!a.is::<&'static str>());
        assert!(b.is::<&'static str>());
        assert!(!c.is::<&'static str>());

        assert!(!a.is::<Test>());
        assert!(!b.is::<Test>());
        assert!(c.is::<Test>());
    }

    #[test]
    fn any_owning() {
        let (a, b, c) = (box 5u as Box<Any>, box TEST as Box<Any>, box Test as Box<Any>);

        assert!(a.is::<uint>());
        assert!(!b.is::<uint>());
        assert!(!c.is::<uint>());

        assert!(!a.is::<&'static str>());
        assert!(b.is::<&'static str>());
        assert!(!c.is::<&'static str>());

        assert!(!a.is::<Test>());
        assert!(!b.is::<Test>());
        assert!(c.is::<Test>());
    }

    #[test]
    fn any_as_ref() {
        let a = &5u as &Any;

        match a.as_ref::<uint>() {
            Some(&5) => {}
            x => fail!(""Unexpected value {:?}"", x)
        }

        match a.as_ref::<Test>() {
            None => {}
            x => fail!(""Unexpected value {:?}"", x)
        }
    }

    #[test]
    fn any_as_mut() {
        let mut a = 5u;
        let mut b = box 7u;

        let a_r = &mut a as &mut Any;
        let tmp: &mut uint = b;
        let b_r = tmp as &mut Any;

        match a_r.as_mut::<uint>() {
            Some(x) => {
                assert_eq!(*x, 5u);
                *x = 612;
            }
            x => fail!(""Unexpected value {:?}"", x)
        }

        match b_r.as_mut::<uint>() {
            Some(x) => {
                assert_eq!(*x, 7u);
                *x = 413;
            }
            x => fail!(""Unexpected value {:?}"", x)
        }

        match a_r.as_mut::<Test>() {
            None => (),
            x => fail!(""Unexpected value {:?}"", x)
        }

        match b_r.as_mut::<Test>() {
            None => (),
            x => fail!(""Unexpected value {:?}"", x)
        }

        match a_r.as_mut::<uint>() {
            Some(&612) => {}
            x => fail!(""Unexpected value {:?}"", x)
        }

        match b_r.as_mut::<uint>() {
            Some(&413) => {}
            x => fail!(""Unexpected value {:?}"", x)
        }
    }

    #[test]
    fn any_move() {
        let a = box 8u as Box<Any>;
        let b = box Test as Box<Any>;

        match a.move::<uint>() {
            Ok(a) => { assert_eq!(a, box 8u); }
            Err(..) => fail!()
        }
        match b.move::<Test>() {
            Ok(a) => { assert_eq!(a, box Test); }
            Err(..) => fail!()
        }

        let a = box 8u as Box<Any>;
        let b = box Test as Box<Any>;

        assert!(a.move::<Box<Test>>().is_err());
        assert!(b.move::<Box<uint>>().is_err());
    }

    #[test]
    fn test_show() {
        let a = box 8u as Box<::realcore::any::Any>;
        let b = box Test as Box<::realcore::any::Any>;
        assert_eq!(format!(""{}"", a), ""Box<Any>"".to_owned());
        assert_eq!(format!(""{}"", b), ""Box<Any>"".to_owned());

        let a = &8u as &::realcore::any::Any;
        let b = &Test as &::realcore::any::Any;
        assert_eq!(format!(""{}"", a), ""&Any"".to_owned());
        assert_eq!(format!(""{}"", b), ""&Any"".to_owned());
    }
}

#[cfg(test)]
mod bench {
    extern crate test;

    use any::{Any, AnyRefExt};
    use option::Some;
    use self::test::Bencher;

    #[bench]
    fn bench_as_ref(b: &mut Bencher) {
        b.iter(|| {
            let mut x = 0; let mut y = &mut x as &mut Any;
            test::black_box(&mut y);
            test::black_box(y.as_ref::<int>() == Some(&0));
        });
    }
}","unsafe {
                // Get the raw representation of the trait object
                let to: TraitObject = transmute_copy(&self);

                // Extract the data pointer
                Some(transmute(to.data))
            }
        } else {
            None
        }
    }
}

/// Extension methods for a boxed `Any` trait object
pub trait AnyBoxExt {
    /// Returns the boxed value if it is of type `T`, or `Err(Self)` if it isn't.
    fn move<T: 'static>(self) -> Result<Box<T>, Self>;
}

impl AnyBoxExt for Box<Any> {
    #[inline]
    fn move<T: 'static>(self) -> Result<Box<T>, Box<Any>> {
        // Get the TypeId of the return type
        let t = TypeId::of::<T>();

        // Get the TypeId of the boxed type
        let boxed = self.get_type_id();

        // Compare both TypeIds on equality
        if t == boxed {
            unsafe {
                // Get the raw representation of the trait object
                let to: TraitObject = transmute_copy(&self);

                // Prevent destructor of the trait object from"
deepseek,deepseek-ai/DeepSeek-V3.2:novita,rust,GPL-3.0,src::libcore::any.rs,306,0.8,0,0.12640449438202248,"            unsafe {
                // Get the raw representation of the trait object
                let to: TraitObject = transmute_copy(&self);

                // Extract the data pointer
                Some(transmute(to.data))
            }
        } else {
            None
        }
    }
}

/// Extension methods for an owning `Any` trait object
pub trait AnyOwnExt {
    /// Returns the boxed value if it is of type `T`, or
    /// `Err(Self)` if it isn't.
    fn move<T: 'static>(self) -> Result<Box<T>, Self>;
}

impl AnyOwnExt for Box<Any> {
    #[inline]
    fn move<T: 'static>(self) -> Result<Box<T>, Box<Any>> {
        if self.is::<T>() {
            unsafe {
                // Get the raw representation of the trait object
                let to: TraitObject = transmute_copy(&self);

                // Prevent destructor on self being run
                intrinsics::forget(self);

                // Extract the data pointer
                Ok(transmute(to.data))
            }
        } else {
            Err(self)
        }
    }
}

#[cfg(test)]
mod tests {
    use prelude::*;
    use super::*;
    use owned::Box;
    use realstd::str::StrAllocating;

    #[deriving(Eq, Show)]
    struct Test;

    static TEST: &'static str = ""Test"";

    #[test]
    fn any_referenced() {
        let (a, b, c) = (&5u as &Any, &TEST as &Any, &Test as &Any);

        assert!(a.is::<uint>());
        assert!(!b.is::<uint>());
        assert!(!c.is::<uint>());

        assert!(!a.is::<&'static str>());
        assert!(b.is::<&'static str>());
        assert!(!c.is::<&'static str>());

        assert!(!a.is::<Test>());
        assert!(!b.is::<Test>());
        assert!(c.is::<Test>());
    }

    #[test]
    fn any_owning() {
        let (a, b, c) = (box 5u as Box<Any>, box TEST as Box<Any>, box Test as Box<Any>);

        assert!(a.is::<uint>());
        assert!(!b.is::<uint>());
        assert!(!c.is::<uint>());

        assert!(!a.is::<&'static str>());
        assert!(b.is::<&'static str>());
        assert!(!c.is::<&'static str>());

        assert!(!a.is::<Test>());
        assert!(!b.is::<Test>());
        assert!(c.is::<Test>());
    }

    #[test]
    fn any_as_ref() {
        let a = &5u as &Any;

        match a.as_ref::<uint>() {
            Some(&5) => {}
            x => fail!(""Unexpected value {:?}"", x)
        }

        match a.as_ref::<Test>() {
            None => {}
            x => fail!(""Unexpected value {:?}"", x)
        }
    }

    #[test]
    fn any_as_mut() {
        let mut a = 5u;
        let mut b = box 7u;

        let a_r = &mut a as &mut Any;
        let tmp: &mut uint = b;
        let b_r = tmp as &mut Any;

        match a_r.as_mut::<uint>() {
            Some(x) => {
                assert_eq!(*x, 5u);
                *x = 612;
            }
            x => fail!(""Unexpected value {:?}"", x)
        }

        match b_r.as_mut::<uint>() {
            Some(x) => {
                assert_eq!(*x, 7u);
                *x = 413;
            }
            x => fail!(""Unexpected value {:?}"", x)
        }

        match a_r.as_mut::<Test>() {
            None => (),
            x => fail!(""Unexpected value {:?}"", x)
        }

        match b_r.as_mut::<Test>() {
            None => (),
            x => fail!(""Unexpected value {:?}"", x)
        }

        match a_r.as_mut::<uint>() {
            Some(&612) => {}
            x => fail!(""Unexpected value {:?}"", x)
        }

        match b_r.as_mut::<uint>() {
            Some(&413) => {}
            x => fail!(""Unexpected value {:?}"", x)
        }
    }

    #[test]
    fn any_move() {
        let a = box 8u as Box<Any>;
        let b = box Test as Box<Any>;

        match a.move::<uint>() {
            Ok(a) => { assert_eq!(a, box 8u); }
            Err(..) => fail!()
        }
        match b.move::<Test>() {
            Ok(a) => { assert_eq!(a, box Test); }
            Err(..) => fail!()
        }

        let a = box 8u as Box<Any>;
        let b = box Test as Box<Any>;

        assert!(a.move::<Box<Test>>().is_err());
        assert!(b.move::<Box<uint>>().is_err());
    }

    #[test]
    fn test_show() {
        let a = box 8u as Box<::realcore::any::Any>;
        let b = box Test as Box<::realcore::any::Any>;
        assert_eq!(format!(""{}"", a), ""Box<Any>"".to_owned());
        assert_eq!(format!(""{}"", b), ""Box<Any>"".to_owned());

        let a = &8u as &::realcore::any::Any;
        let b = &Test as &::realcore::any::Any;
        assert_eq!(format!(""{}"", a), ""&Any"".to_owned());
        assert_eq!(format!(""{}"", b), ""&Any"".to_owned());
    }
}

#[cfg(test)]
mod bench {
    extern crate test;

    use any::{Any, AnyRefExt};
    use option::Some;
    use self::test::Bencher;

    #[bench]
    fn bench_as_ref(b: &mut Bencher) {
        b.iter(|| {
            let mut x = 0; let mut y = &mut x as &mut Any;
            test::black_box(&mut y);
            test::black_box(y.as_ref::<int>() == Some(&0));
        });
    }
}","unsafe {
        // Get the raw representation of the trait object
        let to: TraitObject = transmute_copy(&self);

        // Extract the data pointer
        Some(transmute(to.data))
    }
} else {
    None
}
}
}

/// Extension methods for a boxed `Any` trait object
pub trait AnyBoxExt {
    /// Move the boxed value out of the box if it is of type `T`, or
    /// return the box if it isn't.
    fn move<T: 'static>(self) -> Result<Box<T>, Box<Any>>;
}

impl AnyBoxExt for Box<Any> {
    #[inline]
    fn move<T: 'static>(self) -> Result<Box<T>, Box<Any>> {
        if self.is::<T>() {
            unsafe {
                // Get the raw representation of the boxed trait object
                let to: TraitObject = transmute_copy(&self);

                // Reconstruct the box without dropping it
                let raw_box = Box::into_raw(self);
                Box::from_raw(raw_box as *mut T);
                
                // Return the correctly typed box
                Ok(transmute(to.data))
            }
        }"
deepseek,deepseek-ai/DeepSeek-V3.2:novita,rust,GPL-3.0,src::dist.rs,62,0.2,0,0.5094339622641509,"            dist: Static::new(""dist""),
        }
    }
}

impl AroundMiddleware for Middleware {
    fn with_handler(&mut self, handler: Box<Handler>) {
        self.handler = Some(handler);
    }
}

impl Handler for Middleware {
    fn call(&self, req: &mut Request) -> Result<Response, Box<Error + Send>> {
        // First, attempt to serve a static file. If we're missing a static
        // file, then keep going.
        match self.dist.call(req) {
            Ok(ref resp) if resp.status.0 == 404 => {}
            ret => return ret,
        }

        // Second, if we're requesting html, then we've only got one page so
        // serve up that page. Otherwise proxy on to the rest of the app.
        let wants_html = req.headers()
            .find(""Accept"")
            .map(|accept| accept.iter().any(|s| s.contains(""html"")))
            .unwrap_or(false);
        // If the route starts with /api, just assume they want the API
        // response. Someone is either debugging or trying to download a crate.
        let is_api_path = req.path().starts_with(""/api"");
        if wants_html && !is_api_path {
            self.dist.call(&mut RequestProxy {
                other: req,
                path: Some(""/index.html""),
                method: None,
            })
        } else {
            self.handler.as_ref().unwrap().call(req)
        }
    }
}","dist: Static::new(""dist""),
        }
    }
}

impl AroundMiddleware for Middleware {
    fn with_handler(&mut self, handler: Box<Handler>) {
        self.handler = Some(handler);
    }
}

impl Handler for Middleware {
    fn call(&self, req: &mut Request) -> Result<Response, Box<Error + Send>> {
        // Try to serve static file first
        match self.dist.call(req) {
            Ok(ref resp) if resp.status.0 == 404 => {
                // If static file not found, fall back to index.html
                let mut index_req = RequestProxy {
                    other: req,
                    path: Some(""/index.html"".to_string()),
                };
                self.dist.call(&mut index_req)
            }
            other => other,
        }
    }
}"
deepseek,deepseek-ai/DeepSeek-V3.2:novita,rust,GPL-3.0,src::dist.rs,62,0.4,0,0.4716981132075472,"            dist: Static::new(""dist""),
        }
    }
}

impl AroundMiddleware for Middleware {
    fn with_handler(&mut self, handler: Box<Handler>) {
        self.handler = Some(handler);
    }
}

impl Handler for Middleware {
    fn call(&self, req: &mut Request) -> Result<Response, Box<Error + Send>> {
        // First, attempt to serve a static file. If we're missing a static
        // file, then keep going.
        match self.dist.call(req) {
            Ok(ref resp) if resp.status.0 == 404 => {}
            ret => return ret,
        }

        // Second, if we're requesting html, then we've only got one page so
        // serve up that page. Otherwise proxy on to the rest of the app.
        let wants_html = req.headers()
            .find(""Accept"")
            .map(|accept| accept.iter().any(|s| s.contains(""html"")))
            .unwrap_or(false);
        // If the route starts with /api, just assume they want the API
        // response. Someone is either debugging or trying to download a crate.
        let is_api_path = req.path().starts_with(""/api"");
        if wants_html && !is_api_path {
            self.dist.call(&mut RequestProxy {
                other: req,
                path: Some(""/index.html""),
                method: None,
            })
        } else {
            self.handler.as_ref().unwrap().call(req)
        }
    }
}","dist: Static::new(""dist""),
        }
    }
}

impl Middleware {
    pub fn new() -> Middleware {
        Middleware::default()
    }
}

impl AroundMiddleware for Middleware {
    fn with_handler(&mut self, handler: Box<Handler>) {
        self.handler = Some(handler);
    }
}

impl Handler for Middleware {
    fn call(&self, req: &mut Request) -> Result<Response, Box<Error + Send>> {
        // Try to serve static file first
        match self.dist.call(req) {
            Ok(ref resp) if resp.status.0 == 404 => {
                // Static file not found, fall back to index.html
                let mut req = RequestProxy::new(req, ""GET"", ""/index.html"");
                self.dist.call(&mut req)
            }
            other => other,
        }
    }
}"
deepseek,deepseek-ai/DeepSeek-V3.2:novita,rust,GPL-3.0,src::dist.rs,62,0.8,0,0.5420560747663551,"            dist: Static::new(""dist""),
        }
    }
}

impl AroundMiddleware for Middleware {
    fn with_handler(&mut self, handler: Box<Handler>) {
        self.handler = Some(handler);
    }
}

impl Handler for Middleware {
    fn call(&self, req: &mut Request) -> Result<Response, Box<Error + Send>> {
        // First, attempt to serve a static file. If we're missing a static
        // file, then keep going.
        match self.dist.call(req) {
            Ok(ref resp) if resp.status.0 == 404 => {}
            ret => return ret,
        }

        // Second, if we're requesting html, then we've only got one page so
        // serve up that page. Otherwise proxy on to the rest of the app.
        let wants_html = req.headers()
            .find(""Accept"")
            .map(|accept| accept.iter().any(|s| s.contains(""html"")))
            .unwrap_or(false);
        // If the route starts with /api, just assume they want the API
        // response. Someone is either debugging or trying to download a crate.
        let is_api_path = req.path().starts_with(""/api"");
        if wants_html && !is_api_path {
            self.dist.call(&mut RequestProxy {
                other: req,
                path: Some(""/index.html""),
                method: None,
            })
        } else {
            self.handler.as_ref().unwrap().call(req)
        }
    }
}","dist: Static::new(""dist""),
        }
    }
}

impl Middleware {
    pub fn new() -> Middleware {
        Default::default()
    }
}

impl AroundMiddleware for Middleware {
    fn with_handler(&mut self, handler: Box<Handler>) {
        self.handler = Some(handler);
    }
}

impl Handler for Middleware {
    fn call(&self, req: &mut Request) -> Result<Response, Box<Error + Send>> {
        // First try to serve static file from dist directory
        match self.dist.call(req) {
            Ok(ref resp) if resp.status.0 == 404 => {
                // If static file not found, fall back to main handler
                self.handler.as_ref().unwrap().call(req)
            }
            other => other,
        }
    }
}"
deepseek,deepseek-ai/DeepSeek-V3.2:novita,rust,GPL-3.0,components::gfx::platform::macos::font.rs,332,0.2,0,0.12531328320802004,"                        self.ctfont.pt_size() as f64 / self.ctfont.units_per_em() as f64;
                    result.px_per_font_unit = pt_to_px(pt_per_font_unit);
                }
                start = end;
            }
        }
        if result.pair_data_range.len() > 0 {
            Some(result)
        } else {
            None
        }
    }
}

struct CachedKernTable {
    font_table: FontTable,
    pair_data_range: Range<usize>,
    px_per_font_unit: f64,
}

impl CachedKernTable {
    /// Search for a glyph pair in the kern table and return the corresponding value.
    fn binary_search(&self, first_glyph: GlyphId, second_glyph: GlyphId) -> Option<i16> {
        let pairs = &self.font_table.buffer()[self.pair_data_range.clone()];

        let query = first_glyph << 16 | second_glyph;
        let (mut start, mut end) = (0, pairs.len() / KERN_PAIR_LEN);
        while start < end {
            let i = (start + end) / 2;
            let key = BigEndian::read_u32(&pairs[i * KERN_PAIR_LEN..]);
            if key > query {
                end = i;
            } else if key < query {
                start = i + 1;
            } else {
                return Some(BigEndian::read_i16(&pairs[i * KERN_PAIR_LEN + 4..]));
            }
        }
        None
    }
}

impl fmt::Debug for CachedKernTable {
    fn fmt(&self, f: &mut fmt::Formatter) -> Result<(), fmt::Error> {
        write!(f, ""CachedKernTable"")
    }
}

impl FontHandleMethods for FontHandle {
    fn new_from_template(
        _fctx: &FontContextHandle,
        template: Arc<FontTemplateData>,
        pt_size: Option<Au>,
    ) -> Result<FontHandle, ()> {
        let size = match pt_size {
            Some(s) => s.to_f64_px(),
            None => 0.0,
        };
        match template.ctfont(size) {
            Some(ref ctfont) => {
                let mut handle = FontHandle {
                    font_data: template.clone(),
                    ctfont: ctfont.clone_with_font_size(size),
                    h_kern_subtable: None,
                    can_do_fast_shaping: false,
                };
                handle.h_kern_subtable = handle.find_h_kern_subtable();
                // TODO (#11310): Implement basic support for GPOS and GSUB.
                handle.can_do_fast_shaping = handle.h_kern_subtable.is_some() &&
                    handle.table_for_tag(GPOS).is_none() &&
                    handle.table_for_tag(GSUB).is_none();
                Ok(handle)
            },
            None => Err(()),
        }
    }

    fn template(&self) -> Arc<FontTemplateData> {
        self.font_data.clone()
    }

    fn family_name(&self) -> Option<String> {
        Some(self.ctfont.family_name())
    }

    fn face_name(&self) -> Option<String> {
        Some(self.ctfont.face_name())
    }

    fn style(&self) -> FontStyle {
        use style::values::generics::font::FontStyle::*;
        if self.ctfont.symbolic_traits().is_italic() {
            Italic
        } else {
            Normal
        }
    }

    fn boldness(&self) -> FontWeight {
        let normalized = self.ctfont.all_traits().normalized_weight(); // [-1.0, 1.0]

        // TODO(emilio): It may make sense to make this range [.01, 10.0], to
        // align with css-fonts-4's range of [1, 1000].
        let normalized = if normalized <= 0.0 {
            4.0 + normalized * 3.0 // [1.0, 4.0]
        } else {
            4.0 + normalized * 5.0 // [4.0, 9.0]
        }; // [1.0, 9.0], centered on 4.0
        FontWeight(normalized as f32 * 100.)
    }

    fn stretchiness(&self) -> FontStretch {
        use style::values::computed::Percentage;
        use style::values::generics::NonNegative;

        let normalized = self.ctfont.all_traits().normalized_width(); // [-1.0, 1.0]
        FontStretch(NonNegative(Percentage(normalized as f32 + 1.0)))
    }

    fn glyph_index(&self, codepoint: char) -> Option<GlyphId> {
        let characters: [UniChar; 1] = [codepoint as UniChar];
        let mut glyphs: [CGGlyph; 1] = [0 as CGGlyph];
        let count: CFIndex = 1;

        let result = unsafe {
            self.ctfont
                .get_glyphs_for_characters(characters.as_ptr(), glyphs.as_mut_ptr(), count)
        };

        if !result || glyphs[0] == 0 {
            // No glyph for this character
            return None;
        }

        return Some(glyphs[0] as GlyphId);
    }

    fn glyph_h_kerning(&self, first_glyph: GlyphId, second_glyph: GlyphId) -> FractionalPixel {
        if let Some(ref table) = self.h_kern_subtable {
            if let Some(font_units) = table.binary_search(first_glyph, second_glyph) {
                return font_units as f64 * table.px_per_font_unit;
            }
        }
        0.0
    }

    fn can_do_fast_shaping(&self) -> bool {
        self.can_do_fast_shaping
    }

    fn glyph_h_advance(&self, glyph: GlyphId) -> Option<FractionalPixel> {
        let glyphs = [glyph as CGGlyph];
        let advance = unsafe {
            self.ctfont.get_advances_for_glyphs(
                kCTFontDefaultOrientation,
                &glyphs[0],
                ptr::null_mut(),
                1,
            )
        };
        Some(advance as FractionalPixel)
    }

    fn metrics(&self) -> FontMetrics {
        let bounding_rect: CGRect = self.ctfont.bounding_box();
        let ascent = self.ctfont.ascent() as f64;
        let descent = self.ctfont.descent() as f64;
        let em_size = Au::from_f64_px(self.ctfont.pt_size() as f64);
        let leading = self.ctfont.leading() as f64;

        let scale = px_to_pt(self.ctfont.pt_size() as f64) / (ascent + descent);
        let line_gap = (ascent + descent + leading + 0.5).floor();

        let max_advance_width = au_from_pt(bounding_rect.size.width as f64);
        let average_advance = self
            .glyph_index('0')
            .and_then(|idx| self.glyph_h_advance(idx))
            .map(Au::from_f64_px)
            .unwrap_or(max_advance_width);

        let metrics = FontMetrics {
            underline_size: au_from_pt(self.ctfont.underline_thickness() as f64),
            // TODO(Issue #201): underline metrics are not reliable. Have to pull out of font table
            // directly.
            //
            // see also: https://bugs.webkit.org/show_bug.cgi?id=16768
            // see also: https://bugreports.qt-project.org/browse/QTBUG-13364
            underline_offset: au_from_pt(self.ctfont.underline_position() as f64),
            strikeout_size: Au(0),   // FIXME(Issue #942)
            strikeout_offset: Au(0), // FIXME(Issue #942)
            leading: au_from_pt(leading),
            x_height: au_from_pt((self.ctfont.x_height() as f64) * scale),
            em_size: em_size,
            ascent: au_from_pt(ascent * scale),
            descent: au_from_pt(descent * scale),
            max_advance: max_advance_width,
            average_advance: average_advance,
            line_gap: Au::from_f64_px(line_gap),
        };
        debug!(
            ""Font metrics (@{} pt): {:?}"",
            self.ctfont.pt_size() as f64,
            metrics
        );
        metrics
    }

    fn table_for_tag(&self, tag: FontTableTag) -> Option<FontTable> {
        let result: Option<CFData> = self.ctfont.get_font_table(tag);
        result.and_then(|data| Some(FontTable::wrap(data)))
    }

    fn identifier(&self) -> Atom {
        self.font_data.identifier.clone()
    }
}","self.ctfont.units_per_em() as f64 / self.ctfont.pt_size() as f64;
                    result.px_per_font_unit = pt_to_px(pt_per_font_unit);
                }
                start = end;
            }
        }

        if result.pair_data_range.len() > 0 {
            Some(result)
        } else {
            None
        }
    }
}

struct CachedKernTable {
    font_table: FontTable,
    pair_data_range: Range<usize>,
    px_per_font_unit: f64,
}

impl FontHandleMethods for FontHandle {
    fn new_from_template(
        font_template: Arc<FontTemplateData>,
        pt_size: Option<f64>,
        _ctx: &FontContextHandle,
    ) -> Result<Arc<Self>, ()> {
        let ctfont = match &*font_template {
            FontTemplateData::Native(ref ctfont) => ctfont.clone_with_font_size(
                px_to_pt(pt_size.unwrap_or(16.0) as f64) as f32,
            ),
            FontTemplateData::Raw(ref bytes, index) => {
                let data_provider = core_graphics::data_provider::"
deepseek,deepseek-ai/DeepSeek-V3.2:novita,rust,GPL-3.0,components::gfx::platform::macos::font.rs,332,0.4,0,0.1407035175879397,"                        self.ctfont.pt_size() as f64 / self.ctfont.units_per_em() as f64;
                    result.px_per_font_unit = pt_to_px(pt_per_font_unit);
                }
                start = end;
            }
        }
        if result.pair_data_range.len() > 0 {
            Some(result)
        } else {
            None
        }
    }
}

struct CachedKernTable {
    font_table: FontTable,
    pair_data_range: Range<usize>,
    px_per_font_unit: f64,
}

impl CachedKernTable {
    /// Search for a glyph pair in the kern table and return the corresponding value.
    fn binary_search(&self, first_glyph: GlyphId, second_glyph: GlyphId) -> Option<i16> {
        let pairs = &self.font_table.buffer()[self.pair_data_range.clone()];

        let query = first_glyph << 16 | second_glyph;
        let (mut start, mut end) = (0, pairs.len() / KERN_PAIR_LEN);
        while start < end {
            let i = (start + end) / 2;
            let key = BigEndian::read_u32(&pairs[i * KERN_PAIR_LEN..]);
            if key > query {
                end = i;
            } else if key < query {
                start = i + 1;
            } else {
                return Some(BigEndian::read_i16(&pairs[i * KERN_PAIR_LEN + 4..]));
            }
        }
        None
    }
}

impl fmt::Debug for CachedKernTable {
    fn fmt(&self, f: &mut fmt::Formatter) -> Result<(), fmt::Error> {
        write!(f, ""CachedKernTable"")
    }
}

impl FontHandleMethods for FontHandle {
    fn new_from_template(
        _fctx: &FontContextHandle,
        template: Arc<FontTemplateData>,
        pt_size: Option<Au>,
    ) -> Result<FontHandle, ()> {
        let size = match pt_size {
            Some(s) => s.to_f64_px(),
            None => 0.0,
        };
        match template.ctfont(size) {
            Some(ref ctfont) => {
                let mut handle = FontHandle {
                    font_data: template.clone(),
                    ctfont: ctfont.clone_with_font_size(size),
                    h_kern_subtable: None,
                    can_do_fast_shaping: false,
                };
                handle.h_kern_subtable = handle.find_h_kern_subtable();
                // TODO (#11310): Implement basic support for GPOS and GSUB.
                handle.can_do_fast_shaping = handle.h_kern_subtable.is_some() &&
                    handle.table_for_tag(GPOS).is_none() &&
                    handle.table_for_tag(GSUB).is_none();
                Ok(handle)
            },
            None => Err(()),
        }
    }

    fn template(&self) -> Arc<FontTemplateData> {
        self.font_data.clone()
    }

    fn family_name(&self) -> Option<String> {
        Some(self.ctfont.family_name())
    }

    fn face_name(&self) -> Option<String> {
        Some(self.ctfont.face_name())
    }

    fn style(&self) -> FontStyle {
        use style::values::generics::font::FontStyle::*;
        if self.ctfont.symbolic_traits().is_italic() {
            Italic
        } else {
            Normal
        }
    }

    fn boldness(&self) -> FontWeight {
        let normalized = self.ctfont.all_traits().normalized_weight(); // [-1.0, 1.0]

        // TODO(emilio): It may make sense to make this range [.01, 10.0], to
        // align with css-fonts-4's range of [1, 1000].
        let normalized = if normalized <= 0.0 {
            4.0 + normalized * 3.0 // [1.0, 4.0]
        } else {
            4.0 + normalized * 5.0 // [4.0, 9.0]
        }; // [1.0, 9.0], centered on 4.0
        FontWeight(normalized as f32 * 100.)
    }

    fn stretchiness(&self) -> FontStretch {
        use style::values::computed::Percentage;
        use style::values::generics::NonNegative;

        let normalized = self.ctfont.all_traits().normalized_width(); // [-1.0, 1.0]
        FontStretch(NonNegative(Percentage(normalized as f32 + 1.0)))
    }

    fn glyph_index(&self, codepoint: char) -> Option<GlyphId> {
        let characters: [UniChar; 1] = [codepoint as UniChar];
        let mut glyphs: [CGGlyph; 1] = [0 as CGGlyph];
        let count: CFIndex = 1;

        let result = unsafe {
            self.ctfont
                .get_glyphs_for_characters(characters.as_ptr(), glyphs.as_mut_ptr(), count)
        };

        if !result || glyphs[0] == 0 {
            // No glyph for this character
            return None;
        }

        return Some(glyphs[0] as GlyphId);
    }

    fn glyph_h_kerning(&self, first_glyph: GlyphId, second_glyph: GlyphId) -> FractionalPixel {
        if let Some(ref table) = self.h_kern_subtable {
            if let Some(font_units) = table.binary_search(first_glyph, second_glyph) {
                return font_units as f64 * table.px_per_font_unit;
            }
        }
        0.0
    }

    fn can_do_fast_shaping(&self) -> bool {
        self.can_do_fast_shaping
    }

    fn glyph_h_advance(&self, glyph: GlyphId) -> Option<FractionalPixel> {
        let glyphs = [glyph as CGGlyph];
        let advance = unsafe {
            self.ctfont.get_advances_for_glyphs(
                kCTFontDefaultOrientation,
                &glyphs[0],
                ptr::null_mut(),
                1,
            )
        };
        Some(advance as FractionalPixel)
    }

    fn metrics(&self) -> FontMetrics {
        let bounding_rect: CGRect = self.ctfont.bounding_box();
        let ascent = self.ctfont.ascent() as f64;
        let descent = self.ctfont.descent() as f64;
        let em_size = Au::from_f64_px(self.ctfont.pt_size() as f64);
        let leading = self.ctfont.leading() as f64;

        let scale = px_to_pt(self.ctfont.pt_size() as f64) / (ascent + descent);
        let line_gap = (ascent + descent + leading + 0.5).floor();

        let max_advance_width = au_from_pt(bounding_rect.size.width as f64);
        let average_advance = self
            .glyph_index('0')
            .and_then(|idx| self.glyph_h_advance(idx))
            .map(Au::from_f64_px)
            .unwrap_or(max_advance_width);

        let metrics = FontMetrics {
            underline_size: au_from_pt(self.ctfont.underline_thickness() as f64),
            // TODO(Issue #201): underline metrics are not reliable. Have to pull out of font table
            // directly.
            //
            // see also: https://bugs.webkit.org/show_bug.cgi?id=16768
            // see also: https://bugreports.qt-project.org/browse/QTBUG-13364
            underline_offset: au_from_pt(self.ctfont.underline_position() as f64),
            strikeout_size: Au(0),   // FIXME(Issue #942)
            strikeout_offset: Au(0), // FIXME(Issue #942)
            leading: au_from_pt(leading),
            x_height: au_from_pt((self.ctfont.x_height() as f64) * scale),
            em_size: em_size,
            ascent: au_from_pt(ascent * scale),
            descent: au_from_pt(descent * scale),
            max_advance: max_advance_width,
            average_advance: average_advance,
            line_gap: Au::from_f64_px(line_gap),
        };
        debug!(
            ""Font metrics (@{} pt): {:?}"",
            self.ctfont.pt_size() as f64,
            metrics
        );
        metrics
    }

    fn table_for_tag(&self, tag: FontTableTag) -> Option<FontTable> {
        let result: Option<CFData> = self.ctfont.get_font_table(tag);
        result.and_then(|data| Some(FontTable::wrap(data)))
    }

    fn identifier(&self) -> Atom {
        self.font_data.identifier.clone()
    }
}","self.ctfont.units_per_em() as f64 / self.ctfont.pt_size() as f64;
                    result.px_per_font_unit = pt_to_px(pt_per_font_unit);
                }
                start = end;
            }
        }

        if result.pair_data_range.len() > 0 {
            Some(result)
        } else {
            None
        }
    }
}

struct CachedKernTable {
    font_table: FontTable,
    pair_data_range: Range<usize>,
    px_per_font_unit: f64,
}

impl fmt::Debug for CachedKernTable {
    fn fmt(&self, f: &mut fmt::Formatter) -> fmt::Result {
        write!(f, ""CachedKernTable {{ pair_data_range: {:?}, px_per_font_unit: {} }}"",
               self.pair_data_range, self.px_per_font_unit)
    }
}

impl FontHandleMethods for FontHandle {
    fn new_from_template(
        template: Arc<FontTemplateData>,
        pt_size: Option<f64>,
        ctx: &FontContextHandle,
    ) -> Result<Self, ()> {
        let ctfont = template.create_ctfont(pt"
deepseek,deepseek-ai/DeepSeek-V3.2:novita,rust,GPL-3.0,components::gfx::platform::macos::font.rs,332,0.8,0,0.11970074812967581,"                        self.ctfont.pt_size() as f64 / self.ctfont.units_per_em() as f64;
                    result.px_per_font_unit = pt_to_px(pt_per_font_unit);
                }
                start = end;
            }
        }
        if result.pair_data_range.len() > 0 {
            Some(result)
        } else {
            None
        }
    }
}

struct CachedKernTable {
    font_table: FontTable,
    pair_data_range: Range<usize>,
    px_per_font_unit: f64,
}

impl CachedKernTable {
    /// Search for a glyph pair in the kern table and return the corresponding value.
    fn binary_search(&self, first_glyph: GlyphId, second_glyph: GlyphId) -> Option<i16> {
        let pairs = &self.font_table.buffer()[self.pair_data_range.clone()];

        let query = first_glyph << 16 | second_glyph;
        let (mut start, mut end) = (0, pairs.len() / KERN_PAIR_LEN);
        while start < end {
            let i = (start + end) / 2;
            let key = BigEndian::read_u32(&pairs[i * KERN_PAIR_LEN..]);
            if key > query {
                end = i;
            } else if key < query {
                start = i + 1;
            } else {
                return Some(BigEndian::read_i16(&pairs[i * KERN_PAIR_LEN + 4..]));
            }
        }
        None
    }
}

impl fmt::Debug for CachedKernTable {
    fn fmt(&self, f: &mut fmt::Formatter) -> Result<(), fmt::Error> {
        write!(f, ""CachedKernTable"")
    }
}

impl FontHandleMethods for FontHandle {
    fn new_from_template(
        _fctx: &FontContextHandle,
        template: Arc<FontTemplateData>,
        pt_size: Option<Au>,
    ) -> Result<FontHandle, ()> {
        let size = match pt_size {
            Some(s) => s.to_f64_px(),
            None => 0.0,
        };
        match template.ctfont(size) {
            Some(ref ctfont) => {
                let mut handle = FontHandle {
                    font_data: template.clone(),
                    ctfont: ctfont.clone_with_font_size(size),
                    h_kern_subtable: None,
                    can_do_fast_shaping: false,
                };
                handle.h_kern_subtable = handle.find_h_kern_subtable();
                // TODO (#11310): Implement basic support for GPOS and GSUB.
                handle.can_do_fast_shaping = handle.h_kern_subtable.is_some() &&
                    handle.table_for_tag(GPOS).is_none() &&
                    handle.table_for_tag(GSUB).is_none();
                Ok(handle)
            },
            None => Err(()),
        }
    }

    fn template(&self) -> Arc<FontTemplateData> {
        self.font_data.clone()
    }

    fn family_name(&self) -> Option<String> {
        Some(self.ctfont.family_name())
    }

    fn face_name(&self) -> Option<String> {
        Some(self.ctfont.face_name())
    }

    fn style(&self) -> FontStyle {
        use style::values::generics::font::FontStyle::*;
        if self.ctfont.symbolic_traits().is_italic() {
            Italic
        } else {
            Normal
        }
    }

    fn boldness(&self) -> FontWeight {
        let normalized = self.ctfont.all_traits().normalized_weight(); // [-1.0, 1.0]

        // TODO(emilio): It may make sense to make this range [.01, 10.0], to
        // align with css-fonts-4's range of [1, 1000].
        let normalized = if normalized <= 0.0 {
            4.0 + normalized * 3.0 // [1.0, 4.0]
        } else {
            4.0 + normalized * 5.0 // [4.0, 9.0]
        }; // [1.0, 9.0], centered on 4.0
        FontWeight(normalized as f32 * 100.)
    }

    fn stretchiness(&self) -> FontStretch {
        use style::values::computed::Percentage;
        use style::values::generics::NonNegative;

        let normalized = self.ctfont.all_traits().normalized_width(); // [-1.0, 1.0]
        FontStretch(NonNegative(Percentage(normalized as f32 + 1.0)))
    }

    fn glyph_index(&self, codepoint: char) -> Option<GlyphId> {
        let characters: [UniChar; 1] = [codepoint as UniChar];
        let mut glyphs: [CGGlyph; 1] = [0 as CGGlyph];
        let count: CFIndex = 1;

        let result = unsafe {
            self.ctfont
                .get_glyphs_for_characters(characters.as_ptr(), glyphs.as_mut_ptr(), count)
        };

        if !result || glyphs[0] == 0 {
            // No glyph for this character
            return None;
        }

        return Some(glyphs[0] as GlyphId);
    }

    fn glyph_h_kerning(&self, first_glyph: GlyphId, second_glyph: GlyphId) -> FractionalPixel {
        if let Some(ref table) = self.h_kern_subtable {
            if let Some(font_units) = table.binary_search(first_glyph, second_glyph) {
                return font_units as f64 * table.px_per_font_unit;
            }
        }
        0.0
    }

    fn can_do_fast_shaping(&self) -> bool {
        self.can_do_fast_shaping
    }

    fn glyph_h_advance(&self, glyph: GlyphId) -> Option<FractionalPixel> {
        let glyphs = [glyph as CGGlyph];
        let advance = unsafe {
            self.ctfont.get_advances_for_glyphs(
                kCTFontDefaultOrientation,
                &glyphs[0],
                ptr::null_mut(),
                1,
            )
        };
        Some(advance as FractionalPixel)
    }

    fn metrics(&self) -> FontMetrics {
        let bounding_rect: CGRect = self.ctfont.bounding_box();
        let ascent = self.ctfont.ascent() as f64;
        let descent = self.ctfont.descent() as f64;
        let em_size = Au::from_f64_px(self.ctfont.pt_size() as f64);
        let leading = self.ctfont.leading() as f64;

        let scale = px_to_pt(self.ctfont.pt_size() as f64) / (ascent + descent);
        let line_gap = (ascent + descent + leading + 0.5).floor();

        let max_advance_width = au_from_pt(bounding_rect.size.width as f64);
        let average_advance = self
            .glyph_index('0')
            .and_then(|idx| self.glyph_h_advance(idx))
            .map(Au::from_f64_px)
            .unwrap_or(max_advance_width);

        let metrics = FontMetrics {
            underline_size: au_from_pt(self.ctfont.underline_thickness() as f64),
            // TODO(Issue #201): underline metrics are not reliable. Have to pull out of font table
            // directly.
            //
            // see also: https://bugs.webkit.org/show_bug.cgi?id=16768
            // see also: https://bugreports.qt-project.org/browse/QTBUG-13364
            underline_offset: au_from_pt(self.ctfont.underline_position() as f64),
            strikeout_size: Au(0),   // FIXME(Issue #942)
            strikeout_offset: Au(0), // FIXME(Issue #942)
            leading: au_from_pt(leading),
            x_height: au_from_pt((self.ctfont.x_height() as f64) * scale),
            em_size: em_size,
            ascent: au_from_pt(ascent * scale),
            descent: au_from_pt(descent * scale),
            max_advance: max_advance_width,
            average_advance: average_advance,
            line_gap: Au::from_f64_px(line_gap),
        };
        debug!(
            ""Font metrics (@{} pt): {:?}"",
            self.ctfont.pt_size() as f64,
            metrics
        );
        metrics
    }

    fn table_for_tag(&self, tag: FontTableTag) -> Option<FontTable> {
        let result: Option<CFData> = self.ctfont.get_font_table(tag);
        result.and_then(|data| Some(FontTable::wrap(data)))
    }

    fn identifier(&self) -> Atom {
        self.font_data.identifier.clone()
    }
}","self.ctfont.units_per_em() as f64;
                    result.px_per_font_unit = pt_to_px(pt_per_font_unit);
                }
                start = end;
            }
        }

        if result.pair_data_range.len() > 0 {
            Some(result)
        } else {
            None
        }
    }
}

struct CachedKernTable {
    font_table: FontTable,
    pair_data_range: Range<usize>,
    px_per_font_unit: f64,
}

impl fmt::Debug for CachedKernTable {
    fn fmt(&self, f: &mut fmt::Formatter) -> fmt::Result {
        f.debug_struct(""CachedKernTable"")
            .field(""pair_data_range"", &self.pair_data_range)
            .field(""px_per_font_unit"", &self.px_per_font_unit)
            .finish()
    }
}

impl FontHandleMethods for FontHandle {
    fn new_from_template(
        _: &FontContextHandle,
        template: Arc<FontTemplateData>,
        pt_size: Option<f64>,
    ) -> Result<Self, ()> {
        let ctfont = template.create_ctfont(pt_size)?;"
deepseek,deepseek-ai/DeepSeek-V3.2:novita,rust,GPL-3.0,components::style::values::specified::time.rs,159,0.2,0,0.1940928270042194,"    ) -> Result<Time, ()> {
        let (seconds, unit) = match_ignore_ascii_case! { unit,
            ""s"" => (value, TimeUnit::Second),
            ""ms"" => (value / 1000.0, TimeUnit::Millisecond),
            _ => return Err(())
        };

        Ok(Time { seconds, unit, was_calc })
    }

    /// Returns a `Time` value from a CSS `calc()` expression.
    pub fn from_calc(seconds: CSSFloat) -> Self {
        Time {
            seconds: seconds,
            unit: TimeUnit::Second,
            was_calc: true,
        }
    }

    fn parse_with_clamping_mode<'i, 't>(
        context: &ParserContext,
        input: &mut Parser<'i, 't>,
        clamping_mode: AllowedNumericType
    ) -> Result<Self, ParseError<'i>> {
        use style_traits::ParsingMode;

        let location = input.current_source_location();
        // FIXME: remove early returns when lifetimes are non-lexical
        match input.next() {
            // Note that we generally pass ParserContext to is_ok() to check
            // that the ParserMode of the ParserContext allows all numeric
            // values for SMIL regardless of clamping_mode, but in this Time
            // value case, the value does not animate for SMIL at all, so we use
            // ParsingMode::DEFAULT directly.
            Ok(&Token::Dimension { value, ref unit, .. }) if clamping_mode.is_ok(ParsingMode::DEFAULT, value) => {
                return Time::parse_dimension(value, unit, /* from_calc = */ false)
                    .map_err(|()| location.new_custom_error(StyleParseErrorKind::UnspecifiedError))
            }
            Ok(&Token::Function(ref name)) if name.eq_ignore_ascii_case(""calc"") => {}
            Ok(t) => return Err(location.new_unexpected_token_error(t.clone())),
            Err(e) => return Err(e.into())
        }
        match input.parse_nested_block(|i| CalcNode::parse_time(context, i)) {
            Ok(time) if clamping_mode.is_ok(ParsingMode::DEFAULT, time.seconds) => Ok(time),
            _ => Err(input.new_custom_error(StyleParseErrorKind::UnspecifiedError)),
        }
    }

    /// Parses a non-negative time value.
    pub fn parse_non_negative<'i, 't>(
        context: &ParserContext,
        input: &mut Parser<'i, 't>
    ) -> Result<Self, ParseError<'i>> {
        Self::parse_with_clamping_mode(context, input, AllowedNumericType::NonNegative)
    }
}

impl ToComputedValue for Time {
    type ComputedValue = ComputedTime;

    fn to_computed_value(&self, _context: &Context) -> Self::ComputedValue {
        ComputedTime::from_seconds(self.seconds())
    }

    fn from_computed_value(computed: &Self::ComputedValue) -> Self {
        Time {
            seconds: computed.seconds(),
            unit: TimeUnit::Second,
            was_calc: false,
        }
    }
}

impl Parse for Time {
    fn parse<'i, 't>(context: &ParserContext, input: &mut Parser<'i, 't>) -> Result<Self, ParseError<'i>> {
        Self::parse_with_clamping_mode(context, input, AllowedNumericType::All)
    }
}

impl ToCss for Time {
    fn to_css<W>(&self, dest: &mut W) -> fmt::Result
    where
        W: fmt::Write,
    {
        if self.was_calc {
            dest.write_str(""calc("")?;
        }
        match self.unit {
            TimeUnit::Second => {
                self.seconds.to_css(dest)?;
                dest.write_str(""s"")?;
            }
            TimeUnit::Millisecond => {
                (self.seconds * 1000.).to_css(dest)?;
                dest.write_str(""ms"")?;
            }
        }
        if self.was_calc {
            dest.write_str("")"")?;
        }
        Ok(())
    }
}",") -> Result<Self, ()> {
        let unit = match_ignore_ascii_case! { unit,
            ""s"" => TimeUnit::Second,
            ""ms"" => TimeUnit::Millisecond,
            _ => return Err(()),
        };
        let seconds = match unit {
            TimeUnit::Second => value,
            TimeUnit::Millisecond => value / 1000.0,
        };
        Ok(Time { seconds, unit, was_calc })
    }
}

impl Parse for Time {
    fn parse<'i, 't>(
        context: &ParserContext,
        input: &mut Parser<'i, 't>,
    ) -> Result<Self, ParseError<'i>> {
        let location = input.current_source_location();
        match *input.next()? {
            Token::Dimension { value, ref unit, .. } => {
                Self::parse_dimension(value, unit, false).map_err(|()| {
                    location.new_custom_error(StyleParseErrorKind::UnexpectedDimension)
                })
            },
            Token::Function(ref name) if name.eq_ignore_ascii_case(""calc"") => {
                let calc = CalcNode::parse_time(context, input)?;"
deepseek,deepseek-ai/DeepSeek-V3.2:novita,rust,GPL-3.0,components::style::values::specified::time.rs,159,0.4,0,0.0730593607305936,"    ) -> Result<Time, ()> {
        let (seconds, unit) = match_ignore_ascii_case! { unit,
            ""s"" => (value, TimeUnit::Second),
            ""ms"" => (value / 1000.0, TimeUnit::Millisecond),
            _ => return Err(())
        };

        Ok(Time { seconds, unit, was_calc })
    }

    /// Returns a `Time` value from a CSS `calc()` expression.
    pub fn from_calc(seconds: CSSFloat) -> Self {
        Time {
            seconds: seconds,
            unit: TimeUnit::Second,
            was_calc: true,
        }
    }

    fn parse_with_clamping_mode<'i, 't>(
        context: &ParserContext,
        input: &mut Parser<'i, 't>,
        clamping_mode: AllowedNumericType
    ) -> Result<Self, ParseError<'i>> {
        use style_traits::ParsingMode;

        let location = input.current_source_location();
        // FIXME: remove early returns when lifetimes are non-lexical
        match input.next() {
            // Note that we generally pass ParserContext to is_ok() to check
            // that the ParserMode of the ParserContext allows all numeric
            // values for SMIL regardless of clamping_mode, but in this Time
            // value case, the value does not animate for SMIL at all, so we use
            // ParsingMode::DEFAULT directly.
            Ok(&Token::Dimension { value, ref unit, .. }) if clamping_mode.is_ok(ParsingMode::DEFAULT, value) => {
                return Time::parse_dimension(value, unit, /* from_calc = */ false)
                    .map_err(|()| location.new_custom_error(StyleParseErrorKind::UnspecifiedError))
            }
            Ok(&Token::Function(ref name)) if name.eq_ignore_ascii_case(""calc"") => {}
            Ok(t) => return Err(location.new_unexpected_token_error(t.clone())),
            Err(e) => return Err(e.into())
        }
        match input.parse_nested_block(|i| CalcNode::parse_time(context, i)) {
            Ok(time) if clamping_mode.is_ok(ParsingMode::DEFAULT, time.seconds) => Ok(time),
            _ => Err(input.new_custom_error(StyleParseErrorKind::UnspecifiedError)),
        }
    }

    /// Parses a non-negative time value.
    pub fn parse_non_negative<'i, 't>(
        context: &ParserContext,
        input: &mut Parser<'i, 't>
    ) -> Result<Self, ParseError<'i>> {
        Self::parse_with_clamping_mode(context, input, AllowedNumericType::NonNegative)
    }
}

impl ToComputedValue for Time {
    type ComputedValue = ComputedTime;

    fn to_computed_value(&self, _context: &Context) -> Self::ComputedValue {
        ComputedTime::from_seconds(self.seconds())
    }

    fn from_computed_value(computed: &Self::ComputedValue) -> Self {
        Time {
            seconds: computed.seconds(),
            unit: TimeUnit::Second,
            was_calc: false,
        }
    }
}

impl Parse for Time {
    fn parse<'i, 't>(context: &ParserContext, input: &mut Parser<'i, 't>) -> Result<Self, ParseError<'i>> {
        Self::parse_with_clamping_mode(context, input, AllowedNumericType::All)
    }
}

impl ToCss for Time {
    fn to_css<W>(&self, dest: &mut W) -> fmt::Result
    where
        W: fmt::Write,
    {
        if self.was_calc {
            dest.write_str(""calc("")?;
        }
        match self.unit {
            TimeUnit::Second => {
                self.seconds.to_css(dest)?;
                dest.write_str(""s"")?;
            }
            TimeUnit::Millisecond => {
                (self.seconds * 1000.).to_css(dest)?;
                dest.write_str(""ms"")?;
            }
        }
        if self.was_calc {
            dest.write_str("")"")?;
        }
        Ok(())
    }
}",") -> Result<Time, ()> {
        let unit = match_ignore_ascii_case! { unit,
            ""s"" => TimeUnit::Second,
            ""ms"" => TimeUnit::Millisecond,
            _ => return Err(())
        };

        // Clamp numeric values according to allowed numeric type.
        let seconds = match unit {
            TimeUnit::Second => value,
            TimeUnit::Millisecond => value / 1000.0,
        };

        Ok(Time { seconds, unit, was_calc })
    }

    /// Parse a time from a CSS dimension, with clamping according to allowed numeric type.
    pub fn parse_with_clamping_mode<'i, 't>(
        context: &ParserContext,
        input: &mut Parser<'i, 't>,
        allowed_numeric_type: AllowedNumericType,
    ) -> Result<Self, ParseError<'i>> {
        let location = input.current_source_location();
        let token = input.next()?;
        match *token {
            Token::Dimension { value, ref unit, .. } => {
                let time = Self::parse_dimension(
                    allowed_numeric_type.clamp(value),
                    unit,
                    false,
                ).map"
deepseek,deepseek-ai/DeepSeek-V3.2:novita,rust,GPL-3.0,components::style::values::specified::time.rs,159,0.8,0,0.1910569105691057,"    ) -> Result<Time, ()> {
        let (seconds, unit) = match_ignore_ascii_case! { unit,
            ""s"" => (value, TimeUnit::Second),
            ""ms"" => (value / 1000.0, TimeUnit::Millisecond),
            _ => return Err(())
        };

        Ok(Time { seconds, unit, was_calc })
    }

    /// Returns a `Time` value from a CSS `calc()` expression.
    pub fn from_calc(seconds: CSSFloat) -> Self {
        Time {
            seconds: seconds,
            unit: TimeUnit::Second,
            was_calc: true,
        }
    }

    fn parse_with_clamping_mode<'i, 't>(
        context: &ParserContext,
        input: &mut Parser<'i, 't>,
        clamping_mode: AllowedNumericType
    ) -> Result<Self, ParseError<'i>> {
        use style_traits::ParsingMode;

        let location = input.current_source_location();
        // FIXME: remove early returns when lifetimes are non-lexical
        match input.next() {
            // Note that we generally pass ParserContext to is_ok() to check
            // that the ParserMode of the ParserContext allows all numeric
            // values for SMIL regardless of clamping_mode, but in this Time
            // value case, the value does not animate for SMIL at all, so we use
            // ParsingMode::DEFAULT directly.
            Ok(&Token::Dimension { value, ref unit, .. }) if clamping_mode.is_ok(ParsingMode::DEFAULT, value) => {
                return Time::parse_dimension(value, unit, /* from_calc = */ false)
                    .map_err(|()| location.new_custom_error(StyleParseErrorKind::UnspecifiedError))
            }
            Ok(&Token::Function(ref name)) if name.eq_ignore_ascii_case(""calc"") => {}
            Ok(t) => return Err(location.new_unexpected_token_error(t.clone())),
            Err(e) => return Err(e.into())
        }
        match input.parse_nested_block(|i| CalcNode::parse_time(context, i)) {
            Ok(time) if clamping_mode.is_ok(ParsingMode::DEFAULT, time.seconds) => Ok(time),
            _ => Err(input.new_custom_error(StyleParseErrorKind::UnspecifiedError)),
        }
    }

    /// Parses a non-negative time value.
    pub fn parse_non_negative<'i, 't>(
        context: &ParserContext,
        input: &mut Parser<'i, 't>
    ) -> Result<Self, ParseError<'i>> {
        Self::parse_with_clamping_mode(context, input, AllowedNumericType::NonNegative)
    }
}

impl ToComputedValue for Time {
    type ComputedValue = ComputedTime;

    fn to_computed_value(&self, _context: &Context) -> Self::ComputedValue {
        ComputedTime::from_seconds(self.seconds())
    }

    fn from_computed_value(computed: &Self::ComputedValue) -> Self {
        Time {
            seconds: computed.seconds(),
            unit: TimeUnit::Second,
            was_calc: false,
        }
    }
}

impl Parse for Time {
    fn parse<'i, 't>(context: &ParserContext, input: &mut Parser<'i, 't>) -> Result<Self, ParseError<'i>> {
        Self::parse_with_clamping_mode(context, input, AllowedNumericType::All)
    }
}

impl ToCss for Time {
    fn to_css<W>(&self, dest: &mut W) -> fmt::Result
    where
        W: fmt::Write,
    {
        if self.was_calc {
            dest.write_str(""calc("")?;
        }
        match self.unit {
            TimeUnit::Second => {
                self.seconds.to_css(dest)?;
                dest.write_str(""s"")?;
            }
            TimeUnit::Millisecond => {
                (self.seconds * 1000.).to_css(dest)?;
                dest.write_str(""ms"")?;
            }
        }
        if self.was_calc {
            dest.write_str("")"")?;
        }
        Ok(())
    }
}",") -> Result<Self, ()> {
        let unit = match unit.eq_ignore_ascii_case(""s"") {
            true => TimeUnit::Second,
            false if unit.eq_ignore_ascii_case(""ms"") => TimeUnit::Millisecond,
            _ => return Err(()),
        };
        Ok(Time { seconds: value, unit, was_calc })
    }
}

impl Parse for Time {
    fn parse<'i, 't>(
        context: &ParserContext,
        input: &mut Parser<'i, 't>,
    ) -> Result<Self, ParseError<'i>> {
        let location = input.current_source_location();
        match *input.next()? {
            Token::Number { value, .. } if value == 0.0 => {
                Ok(Time::zero())
            },
            Token::Dimension { value, ref unit, .. } => {
                Time::parse_dimension(value, unit, false)
                    .map_err(|()| location.new_custom_error(StyleParseErrorKind::UnspecifiedError))
            },
            Token::Function(ref name) if name.eq_ignore_ascii_case(""calc"") => {
                let calc = CalcNode::"
deepseek,deepseek-ai/DeepSeek-V3.2:novita,rust,GPL-3.0,src::users.rs,61,0.2,0,0.11320754716981132,"        let user: User = json::decode(req.as_slice()).unwrap();

        return user;
    }
}

#[allow(dead_code)]
#[derive(RustcDecodable)]
pub struct User {
    pub login: String,
    pub id: i32,
    pub avatar_url: String,
    pub gravatar_id: String,
    pub url: String,
    pub html_url: String,
    pub followers_url: String,
    pub following_url: String,
    pub gists_url: String,
    pub starred_url: String,
    pub subscriptions_url: String,
    pub organizations_url: String,
    pub repos_url: String,
    pub events_url: String,
    pub received_events_url: String,
    pub site_admin: bool,
    pub name: String,
    pub company: String,
    pub blog: String,
    pub location: String,
    pub email: String,
    pub hireable: bool,
    pub bio: Option<String>,
    pub public_repos: i32,
    pub public_gists: i32,
    pub followers: i32,
    pub following: i32,
    pub created_at: String,
    pub updated_at: String,
}","let resp = req.send().unwrap();
        let user: User = json::decode(resp.as_slice()).unwrap();
        user
    }
}"
deepseek,deepseek-ai/DeepSeek-V3.2:novita,rust,GPL-3.0,src::users.rs,61,0.4,0,0.0,"        let user: User = json::decode(req.as_slice()).unwrap();

        return user;
    }
}

#[allow(dead_code)]
#[derive(RustcDecodable)]
pub struct User {
    pub login: String,
    pub id: i32,
    pub avatar_url: String,
    pub gravatar_id: String,
    pub url: String,
    pub html_url: String,
    pub followers_url: String,
    pub following_url: String,
    pub gists_url: String,
    pub starred_url: String,
    pub subscriptions_url: String,
    pub organizations_url: String,
    pub repos_url: String,
    pub events_url: String,
    pub received_events_url: String,
    pub site_admin: bool,
    pub name: String,
    pub company: String,
    pub blog: String,
    pub location: String,
    pub email: String,
    pub hireable: bool,
    pub bio: Option<String>,
    pub public_repos: i32,
    pub public_gists: i32,
    pub followers: i32,
    pub following: i32,
    pub created_at: String,
    pub updated_at: String,
}","let res = req.send().unwrap();
        let body = res.text().unwrap();
        let user: User = json::decode(&body).unwrap();
        user
    }
}"
deepseek,deepseek-ai/DeepSeek-V3.2:novita,rust,GPL-3.0,src::users.rs,61,0.8,0,0.0,"        let user: User = json::decode(req.as_slice()).unwrap();

        return user;
    }
}

#[allow(dead_code)]
#[derive(RustcDecodable)]
pub struct User {
    pub login: String,
    pub id: i32,
    pub avatar_url: String,
    pub gravatar_id: String,
    pub url: String,
    pub html_url: String,
    pub followers_url: String,
    pub following_url: String,
    pub gists_url: String,
    pub starred_url: String,
    pub subscriptions_url: String,
    pub organizations_url: String,
    pub repos_url: String,
    pub events_url: String,
    pub received_events_url: String,
    pub site_admin: bool,
    pub name: String,
    pub company: String,
    pub blog: String,
    pub location: String,
    pub email: String,
    pub hireable: bool,
    pub bio: Option<String>,
    pub public_repos: i32,
    pub public_gists: i32,
    pub followers: i32,
    pub following: i32,
    pub created_at: String,
    pub updated_at: String,
}","let mut resp = req.send().unwrap();
        let body = resp.text().unwrap();
        json::decode(&body).unwrap()
    }
}"
deepseek,deepseek-ai/DeepSeek-V3.2:novita,rust,GPL-3.0,src::lib::schedule::mod.rs,66,0.2,0,0.02666666666666667,"
/// A scheduling decision.
#[derive(Clone, Debug)]
pub enum Decision {
    Accept {
        /// The start of the execution interval.
        start: f64,
        /// The end of the execution interval.
        finish: f64,
        /// The mapping of the job to the platform.
        mapping: Mapping,
    },
    Reject,
}

/// A mapping of a job’s processing elements to the platform‘s procesing
/// elements.
pub type Mapping = Vec<(usize, usize)>;

/// A placeholder signifying that no data are needed.
#[derive(Clone, Copy)]
pub struct NoData;

impl Decision {
    /// Create an accept decision.
    #[inline]
    pub fn accept(start: f64, finish: f64, mapping: Mapping) -> Decision {
        Decision::Accept { start: start, finish: finish, mapping: mapping }
    }

    /// Create a reject decision.
    #[inline]
    pub fn reject() -> Decision {
        Decision::Reject
    }
}

impl<'l, T> From<&'l T> for NoData {
    #[inline]
    fn from(_: &'l T) -> NoData {
        NoData
    }
}","rust
/// A decision taken by a scheduling policy.
#[derive(Clone, Copy, Debug, Eq, PartialEq)]
pub enum Decision {
    /// Run the job.
    Run,
    /// Wait for the next time slot.
    Wait,
    /// Drop the job.
    Drop,
}

impl Decision {
    /// Check if the decision is to run.
    pub fn is_run(&self) -> bool {
        matches!(self, Decision::Run)
    }

    /// Check if the decision is to wait.
    pub fn is_wait(&self) -> bool {
        matches!(self, Decision::Wait)
    }

    /// Check if the decision is to drop.
    pub fn is_drop(&self) -> bool {
        matches!(self, Decision::Drop)
    }
}

/// A scheduler that uses a queue and a scheduling policy.
pub struct Scheduler<S: Schedule> {
    queue: Queue,
    policy: S,
}

impl<S: Schedule> Scheduler<S> {
    /// Create a new scheduler with the given policy.
    pub fn new(policy: S) -> Self {
        Scheduler {
            queue: Queue::new(),
            policy,
        }
    }

    /// Submit a job to the scheduler."
deepseek,deepseek-ai/DeepSeek-V3.2:novita,rust,GPL-3.0,src::lib::schedule::mod.rs,66,0.4,0,0.023809523809523808,"
/// A scheduling decision.
#[derive(Clone, Debug)]
pub enum Decision {
    Accept {
        /// The start of the execution interval.
        start: f64,
        /// The end of the execution interval.
        finish: f64,
        /// The mapping of the job to the platform.
        mapping: Mapping,
    },
    Reject,
}

/// A mapping of a job’s processing elements to the platform‘s procesing
/// elements.
pub type Mapping = Vec<(usize, usize)>;

/// A placeholder signifying that no data are needed.
#[derive(Clone, Copy)]
pub struct NoData;

impl Decision {
    /// Create an accept decision.
    #[inline]
    pub fn accept(start: f64, finish: f64, mapping: Mapping) -> Decision {
        Decision::Accept { start: start, finish: finish, mapping: mapping }
    }

    /// Create a reject decision.
    #[inline]
    pub fn reject() -> Decision {
        Decision::Reject
    }
}

impl<'l, T> From<&'l T> for NoData {
    #[inline]
    fn from(_: &'l T) -> NoData {
        NoData
    }
}","/// A scheduling decision.
#[derive(Clone, Copy, Debug, PartialEq)]
pub enum Decision {
    /// Accept the job.
    Accept,
    /// Reject the job.
    Reject,
    /// Postpone the decision.
    Postpone,
}

impl Schedule for Impartial {
    type Data = ();

    fn next(&mut self, _job: &Job) -> Result<Decision> {
        Ok(Decision::Accept)
    }

    fn push(&mut self, _time: f64, _data: Self::Data) -> Result<()> {
        Ok(())
    }
}

impl Schedule for Queue {
    type Data = Vec<Interval>;

    fn next(&mut self, job: &Job) -> Result<Decision> {
        if self.can_accommodate(job) {
            Ok(Decision::Accept)
        } else {
            Ok(Decision::Reject)
        }
    }

    fn push(&mut self, time: f64, data: Self::Data) -> Result<()> {
        self.advance(time, data)
    }
}"
deepseek,deepseek-ai/DeepSeek-V3.2:novita,rust,GPL-3.0,src::lib::schedule::mod.rs,66,0.8,0,0.02631578947368421,"
/// A scheduling decision.
#[derive(Clone, Debug)]
pub enum Decision {
    Accept {
        /// The start of the execution interval.
        start: f64,
        /// The end of the execution interval.
        finish: f64,
        /// The mapping of the job to the platform.
        mapping: Mapping,
    },
    Reject,
}

/// A mapping of a job’s processing elements to the platform‘s procesing
/// elements.
pub type Mapping = Vec<(usize, usize)>;

/// A placeholder signifying that no data are needed.
#[derive(Clone, Copy)]
pub struct NoData;

impl Decision {
    /// Create an accept decision.
    #[inline]
    pub fn accept(start: f64, finish: f64, mapping: Mapping) -> Decision {
        Decision::Accept { start: start, finish: finish, mapping: mapping }
    }

    /// Create a reject decision.
    #[inline]
    pub fn reject() -> Decision {
        Decision::Reject
    }
}

impl<'l, T> From<&'l T> for NoData {
    #[inline]
    fn from(_: &'l T) -> NoData {
        NoData
    }
}","/// A scheduling decision.
#[derive(Debug, Clone, Copy)]
pub enum Decision {
    /// Run the job.
    Run,
    /// Do not run the job.
    Idle,
    /// Preempt the currently running job, if any, and run this one.
    Preempt,
}

/// A scheduler that makes decisions based on a queue.
pub struct Scheduler<Q: Queue, P: Schedule> {
    queue: Q,
    policy: P,
    current_job: Option<Job>,
}

impl<Q: Queue, P: Schedule> Scheduler<Q, P> {
    /// Create a new scheduler with the given queue and policy.
    pub fn new(queue: Q, policy: P) -> Self {
        Scheduler {
            queue,
            policy,
            current_job: None,
        }
    }

    /// Submit a job to the scheduler.
    pub fn submit(&mut self, job: Job) -> Result<()> {
        self.queue.enqueue(job)?;
        Ok(())
    }

    /// Make a scheduling decision for the current time.
    pub fn decide(&mut self, now: f64) -> Result<Option<Decision>> {
        // Advance policy with any accumulated data from"
deepseek,deepseek-ai/DeepSeek-V3.2:novita,rust,GPL-3.0,src::lib.rs,229,0.2,0,0.0,"//! let rgb = Rgb::new(0.5, 0.75, 1.0);
//! let mut hsv = Hsv::from_color(&rgb);
//! hsv.set_hue(Deg(180.0));
//! let rgb = Rgb::from_color(&hsv);
//! assert_relative_eq!(rgb, Rgb::new(0.5, 1.0, 1.0), epsilon=1e-6);
//! ```
//!
//! ##### Interpolating between two colors in Hsl.
//!
//! ```rust
//! #[macro_use] extern crate approx;
//! extern crate angular_units as angle;
//! # extern crate prisma;
//!
//! use prisma::{Rgb, Hsl, FromColor, Lerp};
//! use angle::Deg;
//!
//! let rgb1 = Rgb::new(0.8, 0.25, 0.0f32);
//! let rgb2 = Rgb::new(0.5, 0.66, 1.0);
//! // Specify the hue channel should use degrees
//! let hsl1: Hsl<_, Deg<f32>> = Hsl::from_color(&rgb1);
//! let hsl2 = Hsl::from_color(&rgb2);
//! // Note that hue channels will interpolate in the shortest direction. This is usually
//! // the expected behavior, but you can always go forward with `lerp_flat`.
//! let rgb_out = Rgb::from_color(&hsl1.lerp(&hsl2, 0.35));
//! assert_relative_eq!(rgb_out, Rgb::new(1.0, 0.045, 0.62648), epsilon=1e-4);
//! ```
//!
//! ##### Converting from Rgb<u8> to Rgb<f32>
//!
//! ```rust
//! #[macro_use] extern crate approx;
//! # extern crate prisma;
//!
//! use prisma::Rgb;
//!
//! let rgb_in = Rgb::new(100, 200, 255u8);
//! let rgb_out: Rgb<f32> = rgb_in.color_cast();
//! assert_relative_eq!(rgb_out, Rgb::new(0.39216, 0.78431, 1.0), epsilon=1e-4);
//! ```
//!
//! ##### Convert from sRgb encoded to linear encoded Rgb
//!
//! ```rust
//! #[macro_use] extern crate approx;
//! # extern crate prisma;
//!
//! use prisma::Rgb;
//! use prisma::encoding::{EncodableColor, TranscodableColor, SrgbEncoding};
//!
//! // This returns a `EncodedColor<Rgb<f32>, SrgbEncoding>`
//! // Note: no encodind is done. `srgb_encoded` says that this value is already in sRgb encoding.
//! let rgb_srgb = Rgb::new(0.5, 1.0, 0.25f32).srgb_encoded();
//! // Decode goes from an encoding to linear.
//! let rgb_linear = rgb_srgb.clone().decode();
//! assert_relative_eq!(rgb_linear, Rgb::new(0.21404, 1.0, 0.05088).linear(), epsilon=1e-4);
//! // We can then go back with `encode`
//! let rgb_out = rgb_linear.encode(SrgbEncoding);
//! assert_relative_eq!(rgb_out, rgb_srgb, epsilon=1e-6);
//! ```
//!
//! ##### Going to XYZ
//!
//! ```rust
//! #[macro_use] extern crate approx;
//! # extern crate prisma;
//!
//! use prisma::{Rgb, Xyz};
//! use prisma::encoding::{EncodableColor, TranscodableColor};
//! use prisma::color_space::{ColorSpace, EncodedColorSpace, ConvertToXyz};
//! use prisma::color_space::named::SRgb;
//!
//! let rgb = Rgb::new(0.25, 0.5, 0.75f32).srgb_encoded();
//! let color_space = SRgb::new();
//! // In this case, since rgb and color_space know their own encodings, the conversion to linear
//! // is automatic.
//! let xyz = color_space.convert_to_xyz(&rgb);
//! assert_relative_eq!(xyz, Xyz::new(0.191803, 0.201605, 0.523050), epsilon=1e-5);
//! ```
//! <a name=""definitions""></a>

#![allow(clippy::unreadable_literal)]
#![allow(clippy::module_inception)]
#![allow(clippy::clone_on_copy)]
#![allow(clippy::useless_transmute)]
#![warn(missing_docs)]

extern crate angular_units as angle;

#[macro_use]
mod impl_macros;

pub mod channel;
mod linalg;

pub mod color_space;
pub mod encoding;
pub mod tags;
pub mod white_point;

mod alpha;
mod chromaticity;
mod color;
mod convert;

mod ehsi;
mod hsi;
mod hsl;
mod hsv;
mod hwb;
mod lab;
mod lchab;
mod lchuv;
pub mod lms;
mod luv;
mod rgb;
mod rgi;
mod xyy;
mod xyz;
pub mod ycbcr;

#[cfg(test)]
pub mod test;

pub use crate::color::{
    Bounded, Broadcast, Color, Color3, Color4, DeviceDependentColor, Flatten, FromTuple,
    HomogeneousColor, Invert, Lerp, PolarColor,
};

pub use crate::alpha::{
    eHsia, Alpha, Hsia, Hsla, Hsva, Hwba, Laba, Lchaba, Lchauv, Lmsa, Luva, Rgba, Rgia, XyYa, Xyza,
    YCbCra,
};
pub use crate::chromaticity::ChromaticityCoordinates;
pub use crate::convert::{FromColor, FromHsi, FromYCbCr};
pub use crate::ehsi::eHsi;
pub use crate::hsi::{Hsi, HsiOutOfGamutMode};
pub use crate::hsl::Hsl;
pub use crate::hsv::Hsv;
pub use crate::hwb::{Hwb, HwbBoundedChannelTraits};
pub use crate::lab::Lab;
pub use crate::lchab::Lchab;
pub use crate::lchuv::Lchuv;
pub use crate::linalg::Matrix3;
pub use crate::luv::Luv;
pub use crate::rgb::Rgb;
pub use crate::rgi::Rgi;
pub use crate::xyy::XyY;
pub use crate::xyz::Xyz;","//! //! let mut rgb = Rgb::new(0.5, 0.2, 0.8);
//! let hsv = Hsv::from_color(&rgb);
//! let shifted = Hsv::new(Deg(hsv.hue().as_degrees() + 180.0), hsv.saturation(), hsv.value());
//! rgb = Rgb::from_color(&shifted);
//! assert_relative_eq!(rgb, Rgb::new(0.5, 0.8, 0.2), epsilon = 1e-6);
//!"
deepseek,deepseek-ai/DeepSeek-V3.2:novita,rust,GPL-3.0,src::lib.rs,229,0.4,0,0.0,"//! let rgb = Rgb::new(0.5, 0.75, 1.0);
//! let mut hsv = Hsv::from_color(&rgb);
//! hsv.set_hue(Deg(180.0));
//! let rgb = Rgb::from_color(&hsv);
//! assert_relative_eq!(rgb, Rgb::new(0.5, 1.0, 1.0), epsilon=1e-6);
//! ```
//!
//! ##### Interpolating between two colors in Hsl.
//!
//! ```rust
//! #[macro_use] extern crate approx;
//! extern crate angular_units as angle;
//! # extern crate prisma;
//!
//! use prisma::{Rgb, Hsl, FromColor, Lerp};
//! use angle::Deg;
//!
//! let rgb1 = Rgb::new(0.8, 0.25, 0.0f32);
//! let rgb2 = Rgb::new(0.5, 0.66, 1.0);
//! // Specify the hue channel should use degrees
//! let hsl1: Hsl<_, Deg<f32>> = Hsl::from_color(&rgb1);
//! let hsl2 = Hsl::from_color(&rgb2);
//! // Note that hue channels will interpolate in the shortest direction. This is usually
//! // the expected behavior, but you can always go forward with `lerp_flat`.
//! let rgb_out = Rgb::from_color(&hsl1.lerp(&hsl2, 0.35));
//! assert_relative_eq!(rgb_out, Rgb::new(1.0, 0.045, 0.62648), epsilon=1e-4);
//! ```
//!
//! ##### Converting from Rgb<u8> to Rgb<f32>
//!
//! ```rust
//! #[macro_use] extern crate approx;
//! # extern crate prisma;
//!
//! use prisma::Rgb;
//!
//! let rgb_in = Rgb::new(100, 200, 255u8);
//! let rgb_out: Rgb<f32> = rgb_in.color_cast();
//! assert_relative_eq!(rgb_out, Rgb::new(0.39216, 0.78431, 1.0), epsilon=1e-4);
//! ```
//!
//! ##### Convert from sRgb encoded to linear encoded Rgb
//!
//! ```rust
//! #[macro_use] extern crate approx;
//! # extern crate prisma;
//!
//! use prisma::Rgb;
//! use prisma::encoding::{EncodableColor, TranscodableColor, SrgbEncoding};
//!
//! // This returns a `EncodedColor<Rgb<f32>, SrgbEncoding>`
//! // Note: no encodind is done. `srgb_encoded` says that this value is already in sRgb encoding.
//! let rgb_srgb = Rgb::new(0.5, 1.0, 0.25f32).srgb_encoded();
//! // Decode goes from an encoding to linear.
//! let rgb_linear = rgb_srgb.clone().decode();
//! assert_relative_eq!(rgb_linear, Rgb::new(0.21404, 1.0, 0.05088).linear(), epsilon=1e-4);
//! // We can then go back with `encode`
//! let rgb_out = rgb_linear.encode(SrgbEncoding);
//! assert_relative_eq!(rgb_out, rgb_srgb, epsilon=1e-6);
//! ```
//!
//! ##### Going to XYZ
//!
//! ```rust
//! #[macro_use] extern crate approx;
//! # extern crate prisma;
//!
//! use prisma::{Rgb, Xyz};
//! use prisma::encoding::{EncodableColor, TranscodableColor};
//! use prisma::color_space::{ColorSpace, EncodedColorSpace, ConvertToXyz};
//! use prisma::color_space::named::SRgb;
//!
//! let rgb = Rgb::new(0.25, 0.5, 0.75f32).srgb_encoded();
//! let color_space = SRgb::new();
//! // In this case, since rgb and color_space know their own encodings, the conversion to linear
//! // is automatic.
//! let xyz = color_space.convert_to_xyz(&rgb);
//! assert_relative_eq!(xyz, Xyz::new(0.191803, 0.201605, 0.523050), epsilon=1e-5);
//! ```
//! <a name=""definitions""></a>

#![allow(clippy::unreadable_literal)]
#![allow(clippy::module_inception)]
#![allow(clippy::clone_on_copy)]
#![allow(clippy::useless_transmute)]
#![warn(missing_docs)]

extern crate angular_units as angle;

#[macro_use]
mod impl_macros;

pub mod channel;
mod linalg;

pub mod color_space;
pub mod encoding;
pub mod tags;
pub mod white_point;

mod alpha;
mod chromaticity;
mod color;
mod convert;

mod ehsi;
mod hsi;
mod hsl;
mod hsv;
mod hwb;
mod lab;
mod lchab;
mod lchuv;
pub mod lms;
mod luv;
mod rgb;
mod rgi;
mod xyy;
mod xyz;
pub mod ycbcr;

#[cfg(test)]
pub mod test;

pub use crate::color::{
    Bounded, Broadcast, Color, Color3, Color4, DeviceDependentColor, Flatten, FromTuple,
    HomogeneousColor, Invert, Lerp, PolarColor,
};

pub use crate::alpha::{
    eHsia, Alpha, Hsia, Hsla, Hsva, Hwba, Laba, Lchaba, Lchauv, Lmsa, Luva, Rgba, Rgia, XyYa, Xyza,
    YCbCra,
};
pub use crate::chromaticity::ChromaticityCoordinates;
pub use crate::convert::{FromColor, FromHsi, FromYCbCr};
pub use crate::ehsi::eHsi;
pub use crate::hsi::{Hsi, HsiOutOfGamutMode};
pub use crate::hsl::Hsl;
pub use crate::hsv::Hsv;
pub use crate::hwb::{Hwb, HwbBoundedChannelTraits};
pub use crate::lab::Lab;
pub use crate::lchab::Lchab;
pub use crate::lchuv::Lchuv;
pub use crate::linalg::Matrix3;
pub use crate::luv::Luv;
pub use crate::rgb::Rgb;
pub use crate::rgi::Rgi;
pub use crate::xyy::XyY;
pub use crate::xyz::Xyz;","//!     let c1 = Rgb::new(1.0, 0.0, 0.4);  // a nice magenta-ish
//!     let c2: Hsv = c1.into_color();      // convert to Hsv
//!     // Hue is represented as an angle, so we can use angular arithmetic:
//!     let c3 = Hsv::new(c2.hue() + Deg(180.0), c2.saturation(), c2.value());
//!     let c4: Rgb = c3.into_color();      // convert back to Rgb
//!     assert_relative_eq!(c4, Rgb::new(0.0, 1.0, 0.4));
//!"
deepseek,deepseek-ai/DeepSeek-V3.2:novita,rust,GPL-3.0,src::lib.rs,229,0.8,0,0.0,"//! let rgb = Rgb::new(0.5, 0.75, 1.0);
//! let mut hsv = Hsv::from_color(&rgb);
//! hsv.set_hue(Deg(180.0));
//! let rgb = Rgb::from_color(&hsv);
//! assert_relative_eq!(rgb, Rgb::new(0.5, 1.0, 1.0), epsilon=1e-6);
//! ```
//!
//! ##### Interpolating between two colors in Hsl.
//!
//! ```rust
//! #[macro_use] extern crate approx;
//! extern crate angular_units as angle;
//! # extern crate prisma;
//!
//! use prisma::{Rgb, Hsl, FromColor, Lerp};
//! use angle::Deg;
//!
//! let rgb1 = Rgb::new(0.8, 0.25, 0.0f32);
//! let rgb2 = Rgb::new(0.5, 0.66, 1.0);
//! // Specify the hue channel should use degrees
//! let hsl1: Hsl<_, Deg<f32>> = Hsl::from_color(&rgb1);
//! let hsl2 = Hsl::from_color(&rgb2);
//! // Note that hue channels will interpolate in the shortest direction. This is usually
//! // the expected behavior, but you can always go forward with `lerp_flat`.
//! let rgb_out = Rgb::from_color(&hsl1.lerp(&hsl2, 0.35));
//! assert_relative_eq!(rgb_out, Rgb::new(1.0, 0.045, 0.62648), epsilon=1e-4);
//! ```
//!
//! ##### Converting from Rgb<u8> to Rgb<f32>
//!
//! ```rust
//! #[macro_use] extern crate approx;
//! # extern crate prisma;
//!
//! use prisma::Rgb;
//!
//! let rgb_in = Rgb::new(100, 200, 255u8);
//! let rgb_out: Rgb<f32> = rgb_in.color_cast();
//! assert_relative_eq!(rgb_out, Rgb::new(0.39216, 0.78431, 1.0), epsilon=1e-4);
//! ```
//!
//! ##### Convert from sRgb encoded to linear encoded Rgb
//!
//! ```rust
//! #[macro_use] extern crate approx;
//! # extern crate prisma;
//!
//! use prisma::Rgb;
//! use prisma::encoding::{EncodableColor, TranscodableColor, SrgbEncoding};
//!
//! // This returns a `EncodedColor<Rgb<f32>, SrgbEncoding>`
//! // Note: no encodind is done. `srgb_encoded` says that this value is already in sRgb encoding.
//! let rgb_srgb = Rgb::new(0.5, 1.0, 0.25f32).srgb_encoded();
//! // Decode goes from an encoding to linear.
//! let rgb_linear = rgb_srgb.clone().decode();
//! assert_relative_eq!(rgb_linear, Rgb::new(0.21404, 1.0, 0.05088).linear(), epsilon=1e-4);
//! // We can then go back with `encode`
//! let rgb_out = rgb_linear.encode(SrgbEncoding);
//! assert_relative_eq!(rgb_out, rgb_srgb, epsilon=1e-6);
//! ```
//!
//! ##### Going to XYZ
//!
//! ```rust
//! #[macro_use] extern crate approx;
//! # extern crate prisma;
//!
//! use prisma::{Rgb, Xyz};
//! use prisma::encoding::{EncodableColor, TranscodableColor};
//! use prisma::color_space::{ColorSpace, EncodedColorSpace, ConvertToXyz};
//! use prisma::color_space::named::SRgb;
//!
//! let rgb = Rgb::new(0.25, 0.5, 0.75f32).srgb_encoded();
//! let color_space = SRgb::new();
//! // In this case, since rgb and color_space know their own encodings, the conversion to linear
//! // is automatic.
//! let xyz = color_space.convert_to_xyz(&rgb);
//! assert_relative_eq!(xyz, Xyz::new(0.191803, 0.201605, 0.523050), epsilon=1e-5);
//! ```
//! <a name=""definitions""></a>

#![allow(clippy::unreadable_literal)]
#![allow(clippy::module_inception)]
#![allow(clippy::clone_on_copy)]
#![allow(clippy::useless_transmute)]
#![warn(missing_docs)]

extern crate angular_units as angle;

#[macro_use]
mod impl_macros;

pub mod channel;
mod linalg;

pub mod color_space;
pub mod encoding;
pub mod tags;
pub mod white_point;

mod alpha;
mod chromaticity;
mod color;
mod convert;

mod ehsi;
mod hsi;
mod hsl;
mod hsv;
mod hwb;
mod lab;
mod lchab;
mod lchuv;
pub mod lms;
mod luv;
mod rgb;
mod rgi;
mod xyy;
mod xyz;
pub mod ycbcr;

#[cfg(test)]
pub mod test;

pub use crate::color::{
    Bounded, Broadcast, Color, Color3, Color4, DeviceDependentColor, Flatten, FromTuple,
    HomogeneousColor, Invert, Lerp, PolarColor,
};

pub use crate::alpha::{
    eHsia, Alpha, Hsia, Hsla, Hsva, Hwba, Laba, Lchaba, Lchauv, Lmsa, Luva, Rgba, Rgia, XyYa, Xyza,
    YCbCra,
};
pub use crate::chromaticity::ChromaticityCoordinates;
pub use crate::convert::{FromColor, FromHsi, FromYCbCr};
pub use crate::ehsi::eHsi;
pub use crate::hsi::{Hsi, HsiOutOfGamutMode};
pub use crate::hsl::Hsl;
pub use crate::hsv::Hsv;
pub use crate::hwb::{Hwb, HwbBoundedChannelTraits};
pub use crate::lab::Lab;
pub use crate::lchab::Lchab;
pub use crate::lchuv::Lchuv;
pub use crate::linalg::Matrix3;
pub use crate::luv::Luv;
pub use crate::rgb::Rgb;
pub use crate::rgi::Rgi;
pub use crate::xyy::XyY;
pub use crate::xyz::Xyz;","//! # fn main() {
    //! let rgb = Rgb::new(0.5, 0.2, 0.8);
    //! let mut hsv = Hsv::from_color(&rgb);
    //! hsv.hue = Deg(180.0);
    //! let new_rgb = Rgb::from_color(&hsv);
    //! 
    //! // Check that the conversion is accurate to within 1e-6
    //! assert_relative_eq!(new_rgb, Rgb::new(0.2, 0.8, 0.8), epsilon = 1e-6);
    //! # }
    //!"
deepseek,deepseek-ai/DeepSeek-V3.2:novita,rust,GPL-3.0,test::sys::test_ptrace.rs,220,0.2,0,0.12094395280235988,"    // and skip the test then.
    // On valid platforms the ptrace call should return Errno::EPERM, this
    // is already tested by `test_ptrace`.
    let err = ptrace::attach(getpid()).unwrap_err();
    if err == Errno::ENOSYS {
        return;
    }

    match unsafe{fork()}.expect(""Error: Fork Failed"") {
        Child => {
            ptrace::traceme().unwrap();
            // As recommended by ptrace(2), raise SIGTRAP to pause the child
            // until the parent is ready to continue
            loop {
                raise(Signal::SIGTRAP).unwrap();
            }

        },
        Parent { child } => {
            assert_eq!(waitpid(child, None), Ok(WaitStatus::Stopped(child, Signal::SIGTRAP)));
            ptrace::cont(child, None).unwrap();
            assert_eq!(waitpid(child, None), Ok(WaitStatus::Stopped(child, Signal::SIGTRAP)));
            ptrace::cont(child, Some(Signal::SIGKILL)).unwrap();
            match waitpid(child, None) {
                Ok(WaitStatus::Signaled(pid, Signal::SIGKILL, _)) if pid == child => {
                    // FIXME It's been observed on some systems (apple) the
                    // tracee may not be killed but remain as a zombie process
                    // affecting other wait based tests. Add an extra kill just
                    // to make sure there are no zombies.
                    let _ = waitpid(child, Some(WaitPidFlag::WNOHANG));
                    while ptrace::cont(child, Some(Signal::SIGKILL)).is_ok() {
                        let _ = waitpid(child, Some(WaitPidFlag::WNOHANG));
                    }
                }
                _ => panic!(""The process should have been killed""),
            }
        },
    }
}

#[cfg(target_os = ""linux"")]
#[test]
fn test_ptrace_interrupt() {
    use nix::sys::ptrace;
    use nix::sys::signal::Signal;
    use nix::sys::wait::{waitpid, WaitPidFlag, WaitStatus};
    use nix::unistd::fork;
    use nix::unistd::ForkResult::*;
    use std::thread::sleep;
    use std::time::Duration;

    require_capability!(""test_ptrace_interrupt"", CAP_SYS_PTRACE);

    let _m = crate::FORK_MTX.lock();

    match unsafe{fork()}.expect(""Error: Fork Failed"") {
        Child => {
            loop {
                sleep(Duration::from_millis(1000));
            }

        },
        Parent { child } => {
            ptrace::seize(child, ptrace::Options::PTRACE_O_TRACESYSGOOD).unwrap();
            ptrace::interrupt(child).unwrap();
            assert_eq!(waitpid(child, None), Ok(WaitStatus::PtraceEvent(child, Signal::SIGTRAP, 128)));
            ptrace::syscall(child, None).unwrap();
            assert_eq!(waitpid(child, None), Ok(WaitStatus::PtraceSyscall(child)));
            ptrace::detach(child, Some(Signal::SIGKILL)).unwrap();
            match waitpid(child, None) {
                Ok(WaitStatus::Signaled(pid, Signal::SIGKILL, _)) if pid == child => {
                    let _ = waitpid(child, Some(WaitPidFlag::WNOHANG));
                    while ptrace::cont(child, Some(Signal::SIGKILL)).is_ok() {
                        let _ = waitpid(child, Some(WaitPidFlag::WNOHANG));
                    }
                }
                _ => panic!(""The process should have been killed""),
            }
        },
    }
}

// ptrace::{setoptions, getregs} are only available in these platforms
#[cfg(all(target_os = ""linux"",
          any(target_arch = ""x86_64"",
              target_arch = ""x86""),
          target_env = ""gnu""))]
#[test]
fn test_ptrace_syscall() {
    use nix::sys::signal::kill;
    use nix::sys::ptrace;
    use nix::sys::signal::Signal;
    use nix::sys::wait::{waitpid, WaitStatus};
    use nix::unistd::fork;
    use nix::unistd::getpid;
    use nix::unistd::ForkResult::*;

    require_capability!(""test_ptrace_syscall"", CAP_SYS_PTRACE);

    let _m = crate::FORK_MTX.lock();

    match unsafe{fork()}.expect(""Error: Fork Failed"") {
        Child => {
            ptrace::traceme().unwrap();
            // first sigstop until parent is ready to continue
            let pid = getpid();
            kill(pid, Signal::SIGSTOP).unwrap();
            kill(pid, Signal::SIGTERM).unwrap();
            unsafe { ::libc::_exit(0); }
        },

        Parent { child } => {
            assert_eq!(waitpid(child, None), Ok(WaitStatus::Stopped(child, Signal::SIGSTOP)));

            // set this option to recognize syscall-stops
            ptrace::setoptions(child, ptrace::Options::PTRACE_O_TRACESYSGOOD).unwrap();

            #[cfg(target_arch = ""x86_64"")]
            let get_syscall_id = || ptrace::getregs(child).unwrap().orig_rax as libc::c_long;

            #[cfg(target_arch = ""x86"")]
            let get_syscall_id = || ptrace::getregs(child).unwrap().orig_eax as libc::c_long;

            // kill entry
            ptrace::syscall(child, None).unwrap();
            assert_eq!(waitpid(child, None), Ok(WaitStatus::PtraceSyscall(child)));
            assert_eq!(get_syscall_id(), ::libc::SYS_kill);

            // kill exit
            ptrace::syscall(child, None).unwrap();
            assert_eq!(waitpid(child, None), Ok(WaitStatus::PtraceSyscall(child)));
            assert_eq!(get_syscall_id(), ::libc::SYS_kill);

            // receive signal
            ptrace::syscall(child, None).unwrap();
            assert_eq!(waitpid(child, None), Ok(WaitStatus::Stopped(child, Signal::SIGTERM)));

            // inject signal
            ptrace::syscall(child, Signal::SIGTERM).unwrap();
            assert_eq!(waitpid(child, None), Ok(WaitStatus::Signaled(child, Signal::SIGTERM, false)));
        },
    }
}","// and skip the test there.
    match unsafe { fork() } {
        Ok(Child) => {
            let pid = getpid();
            let err = ptrace::attach(pid).unwrap_err();
            if err == Errno::ENOSYS {
                unsafe { libc::_exit(0) };
            }
            assert!(err == Errno::EPERM);
            loop {
                raise(Signal::SIGSTOP).unwrap();
            }
        }
        Ok(Parent { child }) => {
            let mut wait_status = WaitStatus::StillAlive;
            while wait_status != WaitStatus::Stopped(child, Signal::SIGSTOP) {
                wait_status = waitpid(child, Some(WaitPidFlag::WUNTRACED)).unwrap();
            }

            ptrace::cont(child, None).unwrap();
            wait_status = waitpid(child, None).unwrap();
            match wait_status {
                WaitStatus::Exited(_, code) => assert_eq!(code, 0),
                _ => panic!(""The child should have exited""),
            }
        }
        Err(_) => panic!(""Error: Fork failed"")
    }
}"
deepseek,deepseek-ai/DeepSeek-V3.2:novita,rust,GPL-3.0,test::sys::test_ptrace.rs,220,0.4,0,0.11009174311926606,"    // and skip the test then.
    // On valid platforms the ptrace call should return Errno::EPERM, this
    // is already tested by `test_ptrace`.
    let err = ptrace::attach(getpid()).unwrap_err();
    if err == Errno::ENOSYS {
        return;
    }

    match unsafe{fork()}.expect(""Error: Fork Failed"") {
        Child => {
            ptrace::traceme().unwrap();
            // As recommended by ptrace(2), raise SIGTRAP to pause the child
            // until the parent is ready to continue
            loop {
                raise(Signal::SIGTRAP).unwrap();
            }

        },
        Parent { child } => {
            assert_eq!(waitpid(child, None), Ok(WaitStatus::Stopped(child, Signal::SIGTRAP)));
            ptrace::cont(child, None).unwrap();
            assert_eq!(waitpid(child, None), Ok(WaitStatus::Stopped(child, Signal::SIGTRAP)));
            ptrace::cont(child, Some(Signal::SIGKILL)).unwrap();
            match waitpid(child, None) {
                Ok(WaitStatus::Signaled(pid, Signal::SIGKILL, _)) if pid == child => {
                    // FIXME It's been observed on some systems (apple) the
                    // tracee may not be killed but remain as a zombie process
                    // affecting other wait based tests. Add an extra kill just
                    // to make sure there are no zombies.
                    let _ = waitpid(child, Some(WaitPidFlag::WNOHANG));
                    while ptrace::cont(child, Some(Signal::SIGKILL)).is_ok() {
                        let _ = waitpid(child, Some(WaitPidFlag::WNOHANG));
                    }
                }
                _ => panic!(""The process should have been killed""),
            }
        },
    }
}

#[cfg(target_os = ""linux"")]
#[test]
fn test_ptrace_interrupt() {
    use nix::sys::ptrace;
    use nix::sys::signal::Signal;
    use nix::sys::wait::{waitpid, WaitPidFlag, WaitStatus};
    use nix::unistd::fork;
    use nix::unistd::ForkResult::*;
    use std::thread::sleep;
    use std::time::Duration;

    require_capability!(""test_ptrace_interrupt"", CAP_SYS_PTRACE);

    let _m = crate::FORK_MTX.lock();

    match unsafe{fork()}.expect(""Error: Fork Failed"") {
        Child => {
            loop {
                sleep(Duration::from_millis(1000));
            }

        },
        Parent { child } => {
            ptrace::seize(child, ptrace::Options::PTRACE_O_TRACESYSGOOD).unwrap();
            ptrace::interrupt(child).unwrap();
            assert_eq!(waitpid(child, None), Ok(WaitStatus::PtraceEvent(child, Signal::SIGTRAP, 128)));
            ptrace::syscall(child, None).unwrap();
            assert_eq!(waitpid(child, None), Ok(WaitStatus::PtraceSyscall(child)));
            ptrace::detach(child, Some(Signal::SIGKILL)).unwrap();
            match waitpid(child, None) {
                Ok(WaitStatus::Signaled(pid, Signal::SIGKILL, _)) if pid == child => {
                    let _ = waitpid(child, Some(WaitPidFlag::WNOHANG));
                    while ptrace::cont(child, Some(Signal::SIGKILL)).is_ok() {
                        let _ = waitpid(child, Some(WaitPidFlag::WNOHANG));
                    }
                }
                _ => panic!(""The process should have been killed""),
            }
        },
    }
}

// ptrace::{setoptions, getregs} are only available in these platforms
#[cfg(all(target_os = ""linux"",
          any(target_arch = ""x86_64"",
              target_arch = ""x86""),
          target_env = ""gnu""))]
#[test]
fn test_ptrace_syscall() {
    use nix::sys::signal::kill;
    use nix::sys::ptrace;
    use nix::sys::signal::Signal;
    use nix::sys::wait::{waitpid, WaitStatus};
    use nix::unistd::fork;
    use nix::unistd::getpid;
    use nix::unistd::ForkResult::*;

    require_capability!(""test_ptrace_syscall"", CAP_SYS_PTRACE);

    let _m = crate::FORK_MTX.lock();

    match unsafe{fork()}.expect(""Error: Fork Failed"") {
        Child => {
            ptrace::traceme().unwrap();
            // first sigstop until parent is ready to continue
            let pid = getpid();
            kill(pid, Signal::SIGSTOP).unwrap();
            kill(pid, Signal::SIGTERM).unwrap();
            unsafe { ::libc::_exit(0); }
        },

        Parent { child } => {
            assert_eq!(waitpid(child, None), Ok(WaitStatus::Stopped(child, Signal::SIGSTOP)));

            // set this option to recognize syscall-stops
            ptrace::setoptions(child, ptrace::Options::PTRACE_O_TRACESYSGOOD).unwrap();

            #[cfg(target_arch = ""x86_64"")]
            let get_syscall_id = || ptrace::getregs(child).unwrap().orig_rax as libc::c_long;

            #[cfg(target_arch = ""x86"")]
            let get_syscall_id = || ptrace::getregs(child).unwrap().orig_eax as libc::c_long;

            // kill entry
            ptrace::syscall(child, None).unwrap();
            assert_eq!(waitpid(child, None), Ok(WaitStatus::PtraceSyscall(child)));
            assert_eq!(get_syscall_id(), ::libc::SYS_kill);

            // kill exit
            ptrace::syscall(child, None).unwrap();
            assert_eq!(waitpid(child, None), Ok(WaitStatus::PtraceSyscall(child)));
            assert_eq!(get_syscall_id(), ::libc::SYS_kill);

            // receive signal
            ptrace::syscall(child, None).unwrap();
            assert_eq!(waitpid(child, None), Ok(WaitStatus::Stopped(child, Signal::SIGTERM)));

            // inject signal
            ptrace::syscall(child, Signal::SIGTERM).unwrap();
            assert_eq!(waitpid(child, None), Ok(WaitStatus::Signaled(child, Signal::SIGTERM, false)));
        },
    }
}","// and skip the test there.
    let pid = getpid();
    if let Err(Errno::ENOSYS) = ptrace::attach(pid) {
        return;
    }

    match unsafe { fork() }.expect(""Error: Fork Failed"") {
        Parent { child } => {
            let mut status = WaitStatus::StillAlive;
            while status == WaitStatus::StillAlive {
                status = waitpid(child, Some(WaitPidFlag::WUNTRACED))
                    .expect(""Error: waitpid Failed"");
            }
            ptrace::cont(child, None).expect(""Error: ptrace cont Failed"");
            waitpid(child, None).expect(""Error: waitpid Failed"");
        }
        Child => {
            ptrace::traceme().expect(""Error: ptrace traceme Failed"");
            raise(Signal::SIGSTOP).expect(""Error: raise SIGSTOP Failed"");
            unsafe { libc::_exit(0) };
        }
    }
}"
deepseek,deepseek-ai/DeepSeek-V3.2:novita,rust,GPL-3.0,test::sys::test_ptrace.rs,220,0.8,0,0.08982035928143713,"    // and skip the test then.
    // On valid platforms the ptrace call should return Errno::EPERM, this
    // is already tested by `test_ptrace`.
    let err = ptrace::attach(getpid()).unwrap_err();
    if err == Errno::ENOSYS {
        return;
    }

    match unsafe{fork()}.expect(""Error: Fork Failed"") {
        Child => {
            ptrace::traceme().unwrap();
            // As recommended by ptrace(2), raise SIGTRAP to pause the child
            // until the parent is ready to continue
            loop {
                raise(Signal::SIGTRAP).unwrap();
            }

        },
        Parent { child } => {
            assert_eq!(waitpid(child, None), Ok(WaitStatus::Stopped(child, Signal::SIGTRAP)));
            ptrace::cont(child, None).unwrap();
            assert_eq!(waitpid(child, None), Ok(WaitStatus::Stopped(child, Signal::SIGTRAP)));
            ptrace::cont(child, Some(Signal::SIGKILL)).unwrap();
            match waitpid(child, None) {
                Ok(WaitStatus::Signaled(pid, Signal::SIGKILL, _)) if pid == child => {
                    // FIXME It's been observed on some systems (apple) the
                    // tracee may not be killed but remain as a zombie process
                    // affecting other wait based tests. Add an extra kill just
                    // to make sure there are no zombies.
                    let _ = waitpid(child, Some(WaitPidFlag::WNOHANG));
                    while ptrace::cont(child, Some(Signal::SIGKILL)).is_ok() {
                        let _ = waitpid(child, Some(WaitPidFlag::WNOHANG));
                    }
                }
                _ => panic!(""The process should have been killed""),
            }
        },
    }
}

#[cfg(target_os = ""linux"")]
#[test]
fn test_ptrace_interrupt() {
    use nix::sys::ptrace;
    use nix::sys::signal::Signal;
    use nix::sys::wait::{waitpid, WaitPidFlag, WaitStatus};
    use nix::unistd::fork;
    use nix::unistd::ForkResult::*;
    use std::thread::sleep;
    use std::time::Duration;

    require_capability!(""test_ptrace_interrupt"", CAP_SYS_PTRACE);

    let _m = crate::FORK_MTX.lock();

    match unsafe{fork()}.expect(""Error: Fork Failed"") {
        Child => {
            loop {
                sleep(Duration::from_millis(1000));
            }

        },
        Parent { child } => {
            ptrace::seize(child, ptrace::Options::PTRACE_O_TRACESYSGOOD).unwrap();
            ptrace::interrupt(child).unwrap();
            assert_eq!(waitpid(child, None), Ok(WaitStatus::PtraceEvent(child, Signal::SIGTRAP, 128)));
            ptrace::syscall(child, None).unwrap();
            assert_eq!(waitpid(child, None), Ok(WaitStatus::PtraceSyscall(child)));
            ptrace::detach(child, Some(Signal::SIGKILL)).unwrap();
            match waitpid(child, None) {
                Ok(WaitStatus::Signaled(pid, Signal::SIGKILL, _)) if pid == child => {
                    let _ = waitpid(child, Some(WaitPidFlag::WNOHANG));
                    while ptrace::cont(child, Some(Signal::SIGKILL)).is_ok() {
                        let _ = waitpid(child, Some(WaitPidFlag::WNOHANG));
                    }
                }
                _ => panic!(""The process should have been killed""),
            }
        },
    }
}

// ptrace::{setoptions, getregs} are only available in these platforms
#[cfg(all(target_os = ""linux"",
          any(target_arch = ""x86_64"",
              target_arch = ""x86""),
          target_env = ""gnu""))]
#[test]
fn test_ptrace_syscall() {
    use nix::sys::signal::kill;
    use nix::sys::ptrace;
    use nix::sys::signal::Signal;
    use nix::sys::wait::{waitpid, WaitStatus};
    use nix::unistd::fork;
    use nix::unistd::getpid;
    use nix::unistd::ForkResult::*;

    require_capability!(""test_ptrace_syscall"", CAP_SYS_PTRACE);

    let _m = crate::FORK_MTX.lock();

    match unsafe{fork()}.expect(""Error: Fork Failed"") {
        Child => {
            ptrace::traceme().unwrap();
            // first sigstop until parent is ready to continue
            let pid = getpid();
            kill(pid, Signal::SIGSTOP).unwrap();
            kill(pid, Signal::SIGTERM).unwrap();
            unsafe { ::libc::_exit(0); }
        },

        Parent { child } => {
            assert_eq!(waitpid(child, None), Ok(WaitStatus::Stopped(child, Signal::SIGSTOP)));

            // set this option to recognize syscall-stops
            ptrace::setoptions(child, ptrace::Options::PTRACE_O_TRACESYSGOOD).unwrap();

            #[cfg(target_arch = ""x86_64"")]
            let get_syscall_id = || ptrace::getregs(child).unwrap().orig_rax as libc::c_long;

            #[cfg(target_arch = ""x86"")]
            let get_syscall_id = || ptrace::getregs(child).unwrap().orig_eax as libc::c_long;

            // kill entry
            ptrace::syscall(child, None).unwrap();
            assert_eq!(waitpid(child, None), Ok(WaitStatus::PtraceSyscall(child)));
            assert_eq!(get_syscall_id(), ::libc::SYS_kill);

            // kill exit
            ptrace::syscall(child, None).unwrap();
            assert_eq!(waitpid(child, None), Ok(WaitStatus::PtraceSyscall(child)));
            assert_eq!(get_syscall_id(), ::libc::SYS_kill);

            // receive signal
            ptrace::syscall(child, None).unwrap();
            assert_eq!(waitpid(child, None), Ok(WaitStatus::Stopped(child, Signal::SIGTERM)));

            // inject signal
            ptrace::syscall(child, Signal::SIGTERM).unwrap();
            assert_eq!(waitpid(child, None), Ok(WaitStatus::Signaled(child, Signal::SIGTERM, false)));
        },
    }
}","// and skip the test there.
    match unsafe { fork() } {
        Ok(Child) => {
            let pid = getpid();
            let err = ptrace::attach(pid).unwrap_err();
            if err == Errno::ENOSYS {
                unsafe { libc::_exit(0) };
            }
            assert!(err == Errno::EPERM);
            // raise a signal and wait for the parent to continue us
            loop {
                raise(Signal::SIGUSR1).unwrap();
            }
        },
        Ok(Parent { child }) => {
            let status = waitpid(child, Some(WaitPidFlag::WUNTRACED)).unwrap();
            match status {
                WaitStatus::Stopped(pid, sig) => {
                    assert_eq!(pid, child);
                    assert_eq!(sig, Signal::SIGSTOP);
                },
                _ => panic!(""Unexpected status: {:?}"", status),
            }

            ptrace::cont(child, None).unwrap();
            let status = waitpid(child, None).unwrap();
            match status {
                WaitStatus::Stopped(pid, sig) => {
                    assert_eq!(pid, child);
                    assert_eq"
deepseek,deepseek-ai/DeepSeek-V3.2:novita,rust,GPL-3.0,components::script::dom::htmldialogelement.rs,86,0.2,0,0.4358974358974359,"            htmlelement:
                HTMLElement::new_inherited(local_name, prefix, document),
            return_value: DOMRefCell::new(DOMString::new()),
        }
    }

    #[allow(unrooted_must_root)]
    pub fn new(local_name: LocalName,
               prefix: Option<Prefix>,
               document: &Document) -> Root<HTMLDialogElement> {
        Node::reflect_node(box HTMLDialogElement::new_inherited(local_name, prefix, document),
                           document,
                           HTMLDialogElementBinding::Wrap)
    }
}

impl HTMLDialogElementMethods for HTMLDialogElement {
    // https://html.spec.whatwg.org/multipage/#dom-dialog-open
    make_bool_getter!(Open, ""open"");

    // https://html.spec.whatwg.org/multipage/#dom-dialog-open
    make_bool_setter!(SetOpen, ""open"");

    // https://html.spec.whatwg.org/multipage/#dom-dialog-returnvalue
    fn ReturnValue(&self) -> DOMString {
        let return_value = self.return_value.borrow();
        return_value.clone()
    }

    // https://html.spec.whatwg.org/multipage/#dom-dialog-returnvalue
    fn SetReturnValue(&self, return_value: DOMString) {
        *self.return_value.borrow_mut() = return_value;
    }

    // https://html.spec.whatwg.org/multipage/#dom-dialog-close
    fn Close(&self, return_value: Option<DOMString>) {
        let element = self.upcast::<Element>();
        let target = self.upcast::<EventTarget>();
        let win = window_from_node(self);

        // Step 1 & 2
        if element.remove_attribute(&ns!(), &local_name!(""open"")).is_none() {
            return;
        }

        // Step 3
        if let Some(new_value) = return_value {
            *self.return_value.borrow_mut() = new_value;
        }

        // TODO: Step 4 implement pending dialog stack removal

        // Step 5
        win.dom_manipulation_task_source().queue_simple_event(target, atom!(""close""), &win);
    }
}","htmlelement: HTMLElement::new_inherited(local_name, prefix, document),
            return_value: DOMRefCell::new(DOMString::new()),
        }
    }

    #[allow(unrooted_must_root)]
    pub fn new(local_name: LocalName,
               prefix: Option<Prefix>,
               document: &Document) -> Root<HTMLDialogElement> {
        Node::reflect_node(Box::new(HTMLDialogElement::new_inherited(local_name, prefix, document)),
                           document,
                           HTMLDialogElementBinding::Wrap)
    }
}

impl HTMLDialogElementMethods for HTMLDialogElement {
    // https://html.spec.whatwg.org/multipage/#dom-dialog-open
    make_bool_getter!(Open, ""open"");

    // https://html.spec.whatwg.org/multipage/#dom-dialog-open
    make_bool_setter!(SetOpen, ""open"");

    // https://html.spec.whatwg.org/multipage/#dom-dialog-returnvalue
    fn ReturnValue(&self) -> DOMString {
        self.return_value.borrow().clone()
    }

    // https://html.spec.what"
deepseek,deepseek-ai/DeepSeek-V3.2:novita,rust,GPL-3.0,components::script::dom::htmldialogelement.rs,86,0.4,0,0.5172413793103449,"            htmlelement:
                HTMLElement::new_inherited(local_name, prefix, document),
            return_value: DOMRefCell::new(DOMString::new()),
        }
    }

    #[allow(unrooted_must_root)]
    pub fn new(local_name: LocalName,
               prefix: Option<Prefix>,
               document: &Document) -> Root<HTMLDialogElement> {
        Node::reflect_node(box HTMLDialogElement::new_inherited(local_name, prefix, document),
                           document,
                           HTMLDialogElementBinding::Wrap)
    }
}

impl HTMLDialogElementMethods for HTMLDialogElement {
    // https://html.spec.whatwg.org/multipage/#dom-dialog-open
    make_bool_getter!(Open, ""open"");

    // https://html.spec.whatwg.org/multipage/#dom-dialog-open
    make_bool_setter!(SetOpen, ""open"");

    // https://html.spec.whatwg.org/multipage/#dom-dialog-returnvalue
    fn ReturnValue(&self) -> DOMString {
        let return_value = self.return_value.borrow();
        return_value.clone()
    }

    // https://html.spec.whatwg.org/multipage/#dom-dialog-returnvalue
    fn SetReturnValue(&self, return_value: DOMString) {
        *self.return_value.borrow_mut() = return_value;
    }

    // https://html.spec.whatwg.org/multipage/#dom-dialog-close
    fn Close(&self, return_value: Option<DOMString>) {
        let element = self.upcast::<Element>();
        let target = self.upcast::<EventTarget>();
        let win = window_from_node(self);

        // Step 1 & 2
        if element.remove_attribute(&ns!(), &local_name!(""open"")).is_none() {
            return;
        }

        // Step 3
        if let Some(new_value) = return_value {
            *self.return_value.borrow_mut() = new_value;
        }

        // TODO: Step 4 implement pending dialog stack removal

        // Step 5
        win.dom_manipulation_task_source().queue_simple_event(target, atom!(""close""), &win);
    }
}","htmlelement: HTMLElement::new_inherited(local_name, prefix, document),
            return_value: DOMRefCell::new(DOMString::new()),
        }
    }

    #[allow(unrooted_must_root)]
    pub fn new(local_name: LocalName,
               prefix: Option<Prefix>,
               document: &Document) -> Root<HTMLDialogElement> {
        Node::reflect_node(box HTMLDialogElement::new_inherited(local_name, prefix, document),
                           document,
                           HTMLDialogElementBinding::Wrap)
    }
}

impl HTMLDialogElementMethods for HTMLDialogElement {
    // https://html.spec.whatwg.org/multipage/#dom-dialog-open
    make_bool_getter!(Open, ""open"");

    // https://html.spec.whatwg.org/multipage/#dom-dialog-open
    make_bool_setter!(SetOpen, ""open"");

    // https://html.spec.whatwg.org/multipage/#dom-dialog-returnvalue
    fn ReturnValue(&self) -> DOMString {
        self.return_value.borrow().clone()
    }

    // https://html.spec.whatwg.org/m"
deepseek,deepseek-ai/DeepSeek-V3.2:novita,rust,GPL-3.0,components::script::dom::htmldialogelement.rs,86,0.8,0,0.29133858267716534,"            htmlelement:
                HTMLElement::new_inherited(local_name, prefix, document),
            return_value: DOMRefCell::new(DOMString::new()),
        }
    }

    #[allow(unrooted_must_root)]
    pub fn new(local_name: LocalName,
               prefix: Option<Prefix>,
               document: &Document) -> Root<HTMLDialogElement> {
        Node::reflect_node(box HTMLDialogElement::new_inherited(local_name, prefix, document),
                           document,
                           HTMLDialogElementBinding::Wrap)
    }
}

impl HTMLDialogElementMethods for HTMLDialogElement {
    // https://html.spec.whatwg.org/multipage/#dom-dialog-open
    make_bool_getter!(Open, ""open"");

    // https://html.spec.whatwg.org/multipage/#dom-dialog-open
    make_bool_setter!(SetOpen, ""open"");

    // https://html.spec.whatwg.org/multipage/#dom-dialog-returnvalue
    fn ReturnValue(&self) -> DOMString {
        let return_value = self.return_value.borrow();
        return_value.clone()
    }

    // https://html.spec.whatwg.org/multipage/#dom-dialog-returnvalue
    fn SetReturnValue(&self, return_value: DOMString) {
        *self.return_value.borrow_mut() = return_value;
    }

    // https://html.spec.whatwg.org/multipage/#dom-dialog-close
    fn Close(&self, return_value: Option<DOMString>) {
        let element = self.upcast::<Element>();
        let target = self.upcast::<EventTarget>();
        let win = window_from_node(self);

        // Step 1 & 2
        if element.remove_attribute(&ns!(), &local_name!(""open"")).is_none() {
            return;
        }

        // Step 3
        if let Some(new_value) = return_value {
            *self.return_value.borrow_mut() = new_value;
        }

        // TODO: Step 4 implement pending dialog stack removal

        // Step 5
        win.dom_manipulation_task_source().queue_simple_event(target, atom!(""close""), &win);
    }
}","htmlelement: HTMLElement::new_inherited(local_name, prefix, document),
            return_value: DOMRefCell::new(DOMString::new()),
        }
    }

    #[allow(unrooted_must_root)]
    pub fn new(local_name: LocalName,
               prefix: Option<Prefix>,
               document: &Document) -> Root<HTMLDialogElement> {
        Node::reflect_node(Box::new(HTMLDialogElement::new_inherited(local_name, prefix, document)),
                           document,
                           HTMLDialogElementBinding::Wrap)
    }
}

impl HTMLDialogElementMethods for HTMLDialogElement {
    // https://html.spec.whatwg.org/multipage/#dom-dialog-open
    fn Open(&self) -> bool {
        self.upcast::<Element>().has_attribute(&local_name!(""open""))
    }

    // https://html.spec.whatwg.org/multipage/#dom-dialog-open
    fn SetOpen(&self, open: bool) {
        if open {
            self.upcast::<Element>().set_attribute(&local_name!(""open""), DOMString::from(""""));
        } else {
            self.upcast::<Element>().remove_attribute(&"
deepseek,deepseek-ai/DeepSeek-V3.2:novita,rust,GPL-3.0,src::main.rs,104,0.2,0,0.14383561643835616,"                .help(""Get package status"")
                .takes_value(true),
        )
        .get_matches();

    let input = matches.value_of(""track"").unwrap();
    String::from(format!(
        ""https://tracking.bring.com/api/v2/tracking.json?q={}"",
        input
    ))
}

async fn deserialize(buf: String) {
    let deserialized: Result<BringResponse, serde_json::Error> = serde_json::from_str(buf.trim());

    match deserialized {
        Ok(deserialized) => {
            let sets = deserialized.consignment_set;
            for i in 0..sets.len() {
                let consignment_set = &sets[i];

                for x in 0..consignment_set.package_set.len() {
                    let package_set = &consignment_set.package_set[x];

                    match consignment_set.package_set[x] {
                        Packageset {
                            product_name: Some(ref product_name),
                            package_number: Some(ref package_number),
                            ..
                        } => println!(
                            ""Product Name: {}\nPackage number: {}"",
                            product_name, package_number
                        ),
                        _ => println!(""Not covered""),
                    }
                    for n in 0..package_set.event_set.len() {
                        match package_set.event_set[n] {
                            Eventset {
                                description: Some(ref description),
                                status: Some(ref status),
                                ..
                            } => println!(""Description: {}\nStatus: {}"", description, status),
                            _ => println!(""Not covered""),
                        }
                    }
                }
            }
        }
        Err(_) => deserialize_err(&buf).await,
    }
}

async fn deserialize_err(buf: &String) {
    let deserialized: Result<ErrorConsignmentSet, serde_json::Error> = serde_json::from_str(&buf);
    match deserialized {
        Ok(deserialized) => {
            eprintln!(
                ""Error: {}, Code:{}"",
                deserialized.error.message, deserialized.error.code
            );
        }
        Err(e) => eprintln!(
            ""Error while deserializing, please check if your tracking number is valid. {}"",
            e
        ),
    }
}",".value_name(""TRACKING_NUMBER"")
                .help(""Tracking number for the package"")
                .required(true)
                .takes_value(true),
        )
        .get_matches();

    let tracking_number = matches.value_of(""track"").unwrap();
    format!(""https://tracking.bring.com/tracking.json?q={}"", tracking_number)
}

async fn deserialize(json: String) {
    let response: BringResponse = serde_json::from_str(&json).unwrap();
    for consignment in response.consignment_set {
        println!(""Package: {}"", consignment.package_set[0].product_name);
        for event in consignment.package_set[0].event_set {
            println!(""  {}: {}"", event.date_iso, event.description);
        }
    }
}"
deepseek,deepseek-ai/DeepSeek-V3.2:novita,rust,GPL-3.0,src::main.rs,104,0.4,0,0.18181818181818182,"                .help(""Get package status"")
                .takes_value(true),
        )
        .get_matches();

    let input = matches.value_of(""track"").unwrap();
    String::from(format!(
        ""https://tracking.bring.com/api/v2/tracking.json?q={}"",
        input
    ))
}

async fn deserialize(buf: String) {
    let deserialized: Result<BringResponse, serde_json::Error> = serde_json::from_str(buf.trim());

    match deserialized {
        Ok(deserialized) => {
            let sets = deserialized.consignment_set;
            for i in 0..sets.len() {
                let consignment_set = &sets[i];

                for x in 0..consignment_set.package_set.len() {
                    let package_set = &consignment_set.package_set[x];

                    match consignment_set.package_set[x] {
                        Packageset {
                            product_name: Some(ref product_name),
                            package_number: Some(ref package_number),
                            ..
                        } => println!(
                            ""Product Name: {}\nPackage number: {}"",
                            product_name, package_number
                        ),
                        _ => println!(""Not covered""),
                    }
                    for n in 0..package_set.event_set.len() {
                        match package_set.event_set[n] {
                            Eventset {
                                description: Some(ref description),
                                status: Some(ref status),
                                ..
                            } => println!(""Description: {}\nStatus: {}"", description, status),
                            _ => println!(""Not covered""),
                        }
                    }
                }
            }
        }
        Err(_) => deserialize_err(&buf).await,
    }
}

async fn deserialize_err(buf: &String) {
    let deserialized: Result<ErrorConsignmentSet, serde_json::Error> = serde_json::from_str(&buf);
    match deserialized {
        Ok(deserialized) => {
            eprintln!(
                ""Error: {}, Code:{}"",
                deserialized.error.message, deserialized.error.code
            );
        }
        Err(e) => eprintln!(
            ""Error while deserializing, please check if your tracking number is valid. {}"",
            e
        ),
    }
}",".value_name(""TRACKING_NUMBER"")
                .help(""Tracking number to use for lookups"")
                .multiple(true)
                .required(true)
                .takes_value(true),
        )
        .get_matches();

    let track_numbers: Vec<&str> = matches.values_of(""track"").unwrap().collect();
    let url = format!(
        ""https://tracking.bring.com/tracking.json?q={}"",
        track_numbers.join("","")
    );
    url
}

async fn deserialize(body: String) {
    let response: Result<BringResponse, serde_json::Error> = serde_json::from_str(&body);
    match response {
        Ok(resp) => {
            print_response(&resp);
        }
        Err(e) => eprintln!(""Error parsing JSON: {}"", e),
    }
}

fn print_response(response: &BringResponse) {
    for consignment in &response.consignment_set {
        println!(""---"");
        println!(""Consignment ID: {}"", consignment.consignment_id);
        println!(""Shipping Company: {}"", consignment.shipping_company);
        println!();
        
        for package in &consignment.package_set {
            println!(""Package ID: {}"","
deepseek,deepseek-ai/DeepSeek-V3.2:novita,rust,GPL-3.0,src::main.rs,104,0.8,0,0.12337662337662338,"                .help(""Get package status"")
                .takes_value(true),
        )
        .get_matches();

    let input = matches.value_of(""track"").unwrap();
    String::from(format!(
        ""https://tracking.bring.com/api/v2/tracking.json?q={}"",
        input
    ))
}

async fn deserialize(buf: String) {
    let deserialized: Result<BringResponse, serde_json::Error> = serde_json::from_str(buf.trim());

    match deserialized {
        Ok(deserialized) => {
            let sets = deserialized.consignment_set;
            for i in 0..sets.len() {
                let consignment_set = &sets[i];

                for x in 0..consignment_set.package_set.len() {
                    let package_set = &consignment_set.package_set[x];

                    match consignment_set.package_set[x] {
                        Packageset {
                            product_name: Some(ref product_name),
                            package_number: Some(ref package_number),
                            ..
                        } => println!(
                            ""Product Name: {}\nPackage number: {}"",
                            product_name, package_number
                        ),
                        _ => println!(""Not covered""),
                    }
                    for n in 0..package_set.event_set.len() {
                        match package_set.event_set[n] {
                            Eventset {
                                description: Some(ref description),
                                status: Some(ref status),
                                ..
                            } => println!(""Description: {}\nStatus: {}"", description, status),
                            _ => println!(""Not covered""),
                        }
                    }
                }
            }
        }
        Err(_) => deserialize_err(&buf).await,
    }
}

async fn deserialize_err(buf: &String) {
    let deserialized: Result<ErrorConsignmentSet, serde_json::Error> = serde_json::from_str(&buf);
    match deserialized {
        Ok(deserialized) => {
            eprintln!(
                ""Error: {}, Code:{}"",
                deserialized.error.message, deserialized.error.code
            );
        }
        Err(e) => eprintln!(
            ""Error while deserializing, please check if your tracking number is valid. {}"",
            e
        ),
    }
}",".value_name(""TRACKING_NO"")
                .help(""Tracking number for the shipment"")
                .required(true)
                .takes_value(true),
        )
        .get_matches();

    let track_id = matches.value_of(""track"").unwrap();
    format!(
        ""https://tracking.bring.com/tracking/bring/api/v2/tracking.json?q={}"",
        track_id
    )
}

async fn deserialize(input: String) {
    let br: BringResponse = serde_json::from_str(&input).unwrap();

    if !br.consignment_set.is_empty() {
        for consignment in br.consignment_set {
            println!(""Package ID: {}"", consignment.package_set[0].package_id);

            for event in consignment.event_set {
                println!(
                    ""Description: {}, City: {}"",
                    event.description, event.city.unwrap_or_default()
                );

                if let Some(event_time_str) = event.display_as_datetime {
                    println!(""  Time: {}"", event_time_str);
                }
            }
            println!();
        }
    } else if let Some(error) = br.error_consignment_set {
        for err in error {
            println!(""Error: {}"", err"
deepseek,deepseek-ai/DeepSeek-V3.2:novita,rust,GPL-3.0,components::embedder_traits::resources.rs,98,0.2,0,0.0,"
pub enum Resource {
    Preferences,
    BluetoothBlocklist,
    DomainList,
    HstsPreloadList,
    SSLCertificates,
    BadCertHTML,
    NetErrorHTML,
    UserAgentCSS,
    ServoCSS,
    PresentationalHintsCSS,
    QuirksModeCSS,
    RippyPNG,
}

pub trait ResourceReaderMethods {
    fn read(&self, res: Resource) -> Vec<u8>;
    fn sandbox_access_files(&self) -> Vec<PathBuf>;
    fn sandbox_access_files_dirs(&self) -> Vec<PathBuf>;
}

static INIT: Once = ONCE_INIT;

pub fn register_resources_for_tests() {
    INIT.call_once(|| {
        struct ResourceReader;
        impl ResourceReaderMethods for ResourceReader {
            fn sandbox_access_files(&self) -> Vec<PathBuf> { vec![] }
            fn sandbox_access_files_dirs(&self) -> Vec<PathBuf> { vec![] }
            fn read(&self, file: Resource) -> Vec<u8> {
                let file = match file {
                    Resource::Preferences => ""prefs.json"",
                    Resource::BluetoothBlocklist => ""gatt_blocklist.txt"",
                    Resource::DomainList => ""public_domains.txt"",
                    Resource::HstsPreloadList => ""hsts_preload.json"",
                    Resource::SSLCertificates => ""certs"",
                    Resource::BadCertHTML => ""badcert.html"",
                    Resource::NetErrorHTML => ""neterror.html"",
                    Resource::UserAgentCSS => ""user-agent.css"",
                    Resource::ServoCSS => ""servo.css"",
                    Resource::PresentationalHintsCSS => ""presentational-hints.css"",
                    Resource::QuirksModeCSS => ""quirks-mode.css"",
                    Resource::RippyPNG => ""rippy.png"",
                };
                let mut path = env::current_exe().unwrap();
                path = path.canonicalize().unwrap();
                while path.pop() {
                    path.push(""resources"");
                    if path.is_dir() {
                        break;
                    }
                    path.pop();
                }
                path.push(file);
                let mut buffer = vec![];
                File::open(path).expect(&format!(""Can't find file: {}"", file))
                                .read_to_end(&mut buffer).expect(""Can't read file"");
                buffer
            }
        }
        set(Box::new(ResourceReader));
    });
}","pub fn read_bytes_from<P: Into<PathBuf>>(path: P) -> Vec<u8> {
    RES.read().unwrap().as_ref().expect(""Resource reader not set."").read_bytes_from(path.into())
}

pub fn read_string_from<P: Into<PathBuf>>(path: P) -> String {
    String::from_utf8(read_bytes_from(path)).unwrap()
}"
deepseek,deepseek-ai/DeepSeek-V3.2:novita,rust,GPL-3.0,components::embedder_traits::resources.rs,98,0.4,0,0.16981132075471697,"
pub enum Resource {
    Preferences,
    BluetoothBlocklist,
    DomainList,
    HstsPreloadList,
    SSLCertificates,
    BadCertHTML,
    NetErrorHTML,
    UserAgentCSS,
    ServoCSS,
    PresentationalHintsCSS,
    QuirksModeCSS,
    RippyPNG,
}

pub trait ResourceReaderMethods {
    fn read(&self, res: Resource) -> Vec<u8>;
    fn sandbox_access_files(&self) -> Vec<PathBuf>;
    fn sandbox_access_files_dirs(&self) -> Vec<PathBuf>;
}

static INIT: Once = ONCE_INIT;

pub fn register_resources_for_tests() {
    INIT.call_once(|| {
        struct ResourceReader;
        impl ResourceReaderMethods for ResourceReader {
            fn sandbox_access_files(&self) -> Vec<PathBuf> { vec![] }
            fn sandbox_access_files_dirs(&self) -> Vec<PathBuf> { vec![] }
            fn read(&self, file: Resource) -> Vec<u8> {
                let file = match file {
                    Resource::Preferences => ""prefs.json"",
                    Resource::BluetoothBlocklist => ""gatt_blocklist.txt"",
                    Resource::DomainList => ""public_domains.txt"",
                    Resource::HstsPreloadList => ""hsts_preload.json"",
                    Resource::SSLCertificates => ""certs"",
                    Resource::BadCertHTML => ""badcert.html"",
                    Resource::NetErrorHTML => ""neterror.html"",
                    Resource::UserAgentCSS => ""user-agent.css"",
                    Resource::ServoCSS => ""servo.css"",
                    Resource::PresentationalHintsCSS => ""presentational-hints.css"",
                    Resource::QuirksModeCSS => ""quirks-mode.css"",
                    Resource::RippyPNG => ""rippy.png"",
                };
                let mut path = env::current_exe().unwrap();
                path = path.canonicalize().unwrap();
                while path.pop() {
                    path.push(""resources"");
                    if path.is_dir() {
                        break;
                    }
                    path.pop();
                }
                path.push(file);
                let mut buffer = vec![];
                File::open(path).expect(&format!(""Can't find file: {}"", file))
                                .read_to_end(&mut buffer).expect(""Can't read file"");
                buffer
            }
        }
        set(Box::new(ResourceReader));
    });
}","let _ = INIT.call_once(|| {
    *RES.write().unwrap() = Some(Box::new(DefaultResourceReader));
});

struct DefaultResourceReader;

impl ResourceReaderMethods for DefaultResourceReader {
    fn read(&self, res: Resource) -> Vec<u8> {
        let mut path = PathBuf::from(env!(""CARGO_MANIFEST_DIR""));
        path.push(""resources"");
        path.push(res.filename());

        let mut file = File::open(&path).unwrap_or_else(|_| {
            panic!(""Failed to open resource file: {}"", path.display())
        });
        let mut data = Vec::new();
        file.read_to_end(&mut data).unwrap_or_else(|_| {
            panic!(""Failed to read resource file: {}"", path.display())
        });
        data
    }

    fn sandbox_access_files(&self) -> Vec<PathBuf> {
        vec![]
    }

    fn sandbox_access_files_dirs(&self) -> Vec<PathBuf> {
        vec![]
    }
}"
deepseek,deepseek-ai/DeepSeek-V3.2:novita,rust,GPL-3.0,components::embedder_traits::resources.rs,98,0.8,0,0.0,"
pub enum Resource {
    Preferences,
    BluetoothBlocklist,
    DomainList,
    HstsPreloadList,
    SSLCertificates,
    BadCertHTML,
    NetErrorHTML,
    UserAgentCSS,
    ServoCSS,
    PresentationalHintsCSS,
    QuirksModeCSS,
    RippyPNG,
}

pub trait ResourceReaderMethods {
    fn read(&self, res: Resource) -> Vec<u8>;
    fn sandbox_access_files(&self) -> Vec<PathBuf>;
    fn sandbox_access_files_dirs(&self) -> Vec<PathBuf>;
}

static INIT: Once = ONCE_INIT;

pub fn register_resources_for_tests() {
    INIT.call_once(|| {
        struct ResourceReader;
        impl ResourceReaderMethods for ResourceReader {
            fn sandbox_access_files(&self) -> Vec<PathBuf> { vec![] }
            fn sandbox_access_files_dirs(&self) -> Vec<PathBuf> { vec![] }
            fn read(&self, file: Resource) -> Vec<u8> {
                let file = match file {
                    Resource::Preferences => ""prefs.json"",
                    Resource::BluetoothBlocklist => ""gatt_blocklist.txt"",
                    Resource::DomainList => ""public_domains.txt"",
                    Resource::HstsPreloadList => ""hsts_preload.json"",
                    Resource::SSLCertificates => ""certs"",
                    Resource::BadCertHTML => ""badcert.html"",
                    Resource::NetErrorHTML => ""neterror.html"",
                    Resource::UserAgentCSS => ""user-agent.css"",
                    Resource::ServoCSS => ""servo.css"",
                    Resource::PresentationalHintsCSS => ""presentational-hints.css"",
                    Resource::QuirksModeCSS => ""quirks-mode.css"",
                    Resource::RippyPNG => ""rippy.png"",
                };
                let mut path = env::current_exe().unwrap();
                path = path.canonicalize().unwrap();
                while path.pop() {
                    path.push(""resources"");
                    if path.is_dir() {
                        break;
                    }
                    path.pop();
                }
                path.push(file);
                let mut buffer = vec![];
                File::open(path).expect(&format!(""Can't find file: {}"", file))
                                .read_to_end(&mut buffer).expect(""Can't read file"");
                buffer
            }
        }
        set(Box::new(ResourceReader));
    });
}","RES.read().unwrap().as_ref().expect(""Resource reader not set."").read_string(res)
}

pub fn sandbox_access_files() -> Vec<PathBuf> {
    RES.read().unwrap().as_ref().expect(""Resource reader not set."").sandbox_access_files()
}

pub fn sandbox_access_files_dirs() -> Vec<PathBuf> {
    RES.read().unwrap().as_ref().expect(""Resource reader not set."").sandbox_access_files_dirs()
}"
deepseek,deepseek-ai/DeepSeek-V3.2:novita,rust,GPL-3.0,tolstoy::src::tx_processor.rs,173,0.2,0,0.11428571428571428,"}

impl<'dbtx, 't, T> Iterator for DatomsIterator<'dbtx, 't, T>
where T: Sized + Iterator<Item=Result<TxPart>> + 't {
    type Item = TxPart;

    fn next(&mut self) -> Option<Self::Item> {
        if self.at_last {
            return None;
        }

        if self.at_first {
            self.at_first = false;
            return Some(self.first.clone());
        }

        // Look ahead to see if we're about to cross into
        // the next partition.
        {
            let next_option = self.rows.peek();
            match next_option {
                Some(&Ok(ref next)) => {
                    if next.tx != self.first.tx {
                        self.at_last = true;
                        return None;
                    }
                },
                // Empty, or error. Either way, this iterator's done.
                _ => {
                    self.at_last = true;
                    return None;
                }
            }
        }

        // We're in the correct partition, return a TxPart.
        if let Some(result) = self.rows.next() {
            match result {
                Err(_) => None,
                Ok(datom) => {
                    Some(TxPart {
                        partitions: None,
                        e: datom.e,
                        a: datom.a,
                        v: datom.v.clone(),
                        tx: datom.tx,
                        added: datom.added,
                    })
                },
            }
        } else {
            self.at_last = true;
            None
        }
    }
}

fn to_tx_part(row: &rusqlite::Row) -> Result<TxPart> {
    Ok(TxPart {
        partitions: None,
        e: row.get_checked(0)?,
        a: row.get_checked(1)?,
        v: TypedValue::from_sql_value_pair(row.get_checked(2)?, row.get_checked(3)?)?,
        tx: row.get_checked(4)?,
        added: row.get_checked(5)?,
    })
}

impl Processor {
    pub fn process<RR, R: TxReceiver<RR>>
        (sqlite: &rusqlite::Transaction, from_tx: Option<Entid>, mut receiver: R) -> Result<RR> {

        let tx_filter = match from_tx {
            Some(tx) => format!("" WHERE timeline = 0 AND tx > {} "", tx),
            None => format!(""WHERE timeline = 0"")
        };
        let select_query = format!(""SELECT e, a, v, value_type_tag, tx, added FROM timelined_transactions {} ORDER BY tx"", tx_filter);
        let mut stmt = sqlite.prepare(&select_query)?;

        let mut rows = stmt.query_and_then(&[], to_tx_part)?.peekable();

        // Walk the transaction table, keeping track of the current ""tx"".
        // Whenever ""tx"" changes, construct a datoms iterator and pass it to the receiver.
        // NB: this logic depends on data coming out of the rows iterator to be sorted by ""tx"".
        let mut current_tx = None;
        while let Some(row) = rows.next() {
            let datom = row?;

            match current_tx {
                Some(tx) => {
                    if tx != datom.tx {
                        current_tx = Some(datom.tx);
                        receiver.tx(
                            datom.tx,
                            &mut DatomsIterator::new(&datom, &mut rows)
                        )?;
                    }
                },
                None => {
                    current_tx = Some(datom.tx);
                    receiver.tx(
                        datom.tx,
                        &mut DatomsIterator::new(&datom, &mut rows)
                    )?;
                }
            }
        }
        // Consume the receiver, letting it produce a ""receiver report""
        // as defined by generic type RR.
        Ok(receiver.done())
    }
}","}
}

impl<'dbtx, 't, T> Iterator for DatomsIterator<'dbtx, 't, T>
where T: Sized + Iterator<Item=Result<TxPart>> + 't {
    type Item = TxPart;

    fn next(&mut self) -> Option<TxPart> {
        if self.at_first {
            self.at_first = false;
            return Some(self.first.clone());
        }
        
        if self.at_last {
            return None;
        }
        
        match self.rows.next() {
            Some(Ok(part)) => {
                // Check if next row is a different transaction.
                match self.rows.peek() {
                    Some(Ok(next_part)) => {
                        if next_part.tx_id != part.tx_id {
                            self.at_last = true;
                        }
                    },
                    Some(Err(_)) => {
                        // Error case, stop iterating.
                        self.at_last = true;
                    },
                    None => {
                        // No more rows.
                        self.at_last = true;
                    }
                }
                Some(part)
            },
            Some(Err(_)) => {
                // Propagate error by stopping iteration.
                self.at_last = true;
                None
            },"
deepseek,deepseek-ai/DeepSeek-V3.2:novita,rust,GPL-3.0,tolstoy::src::tx_processor.rs,173,0.4,0,0.08571428571428572,"}

impl<'dbtx, 't, T> Iterator for DatomsIterator<'dbtx, 't, T>
where T: Sized + Iterator<Item=Result<TxPart>> + 't {
    type Item = TxPart;

    fn next(&mut self) -> Option<Self::Item> {
        if self.at_last {
            return None;
        }

        if self.at_first {
            self.at_first = false;
            return Some(self.first.clone());
        }

        // Look ahead to see if we're about to cross into
        // the next partition.
        {
            let next_option = self.rows.peek();
            match next_option {
                Some(&Ok(ref next)) => {
                    if next.tx != self.first.tx {
                        self.at_last = true;
                        return None;
                    }
                },
                // Empty, or error. Either way, this iterator's done.
                _ => {
                    self.at_last = true;
                    return None;
                }
            }
        }

        // We're in the correct partition, return a TxPart.
        if let Some(result) = self.rows.next() {
            match result {
                Err(_) => None,
                Ok(datom) => {
                    Some(TxPart {
                        partitions: None,
                        e: datom.e,
                        a: datom.a,
                        v: datom.v.clone(),
                        tx: datom.tx,
                        added: datom.added,
                    })
                },
            }
        } else {
            self.at_last = true;
            None
        }
    }
}

fn to_tx_part(row: &rusqlite::Row) -> Result<TxPart> {
    Ok(TxPart {
        partitions: None,
        e: row.get_checked(0)?,
        a: row.get_checked(1)?,
        v: TypedValue::from_sql_value_pair(row.get_checked(2)?, row.get_checked(3)?)?,
        tx: row.get_checked(4)?,
        added: row.get_checked(5)?,
    })
}

impl Processor {
    pub fn process<RR, R: TxReceiver<RR>>
        (sqlite: &rusqlite::Transaction, from_tx: Option<Entid>, mut receiver: R) -> Result<RR> {

        let tx_filter = match from_tx {
            Some(tx) => format!("" WHERE timeline = 0 AND tx > {} "", tx),
            None => format!(""WHERE timeline = 0"")
        };
        let select_query = format!(""SELECT e, a, v, value_type_tag, tx, added FROM timelined_transactions {} ORDER BY tx"", tx_filter);
        let mut stmt = sqlite.prepare(&select_query)?;

        let mut rows = stmt.query_and_then(&[], to_tx_part)?.peekable();

        // Walk the transaction table, keeping track of the current ""tx"".
        // Whenever ""tx"" changes, construct a datoms iterator and pass it to the receiver.
        // NB: this logic depends on data coming out of the rows iterator to be sorted by ""tx"".
        let mut current_tx = None;
        while let Some(row) = rows.next() {
            let datom = row?;

            match current_tx {
                Some(tx) => {
                    if tx != datom.tx {
                        current_tx = Some(datom.tx);
                        receiver.tx(
                            datom.tx,
                            &mut DatomsIterator::new(&datom, &mut rows)
                        )?;
                    }
                },
                None => {
                    current_tx = Some(datom.tx);
                    receiver.tx(
                        datom.tx,
                        &mut DatomsIterator::new(&datom, &mut rows)
                    )?;
                }
            }
        }
        // Consume the receiver, letting it produce a ""receiver report""
        // as defined by generic type RR.
        Ok(receiver.done())
    }
}","}
}

impl<'dbtx, 't, T> Iterator for DatomsIterator<'dbtx, 't, T>
where T: Sized + Iterator<Item=Result<TxPart>> + 't {
    type Item = TxPart;

    fn next(&mut self) -> Option<TxPart> {
        if self.at_first {
            self.at_first = false;
            Some(self.first.clone())
        } else if self.at_last {
            None
        } else {
            match self.rows.next() {
                Some(Ok(part)) => {
                    // Check if next row is a new transaction.
                    let peeked = self.rows.peek();
                    match peeked {
                        Some(&Ok(ref next_part)) if next_part.tx_id() != part.tx_id() => {
                            self.at_last = true;
                        }
                        Some(&Err(_)) => {
                            // If there's an error next, we'll stop at the next iteration.
                        }
                        None => {
                            // No more rows.
                            self.at_last = true;
                        }
                        _ => {}
                    }
                    Some(part)
                }
                Some(Err(_)) => {
                    // On error, stop iteration.
                    self.at_last ="
deepseek,deepseek-ai/DeepSeek-V3.2:novita,rust,GPL-3.0,tolstoy::src::tx_processor.rs,173,0.8,0,0.2169811320754717,"}

impl<'dbtx, 't, T> Iterator for DatomsIterator<'dbtx, 't, T>
where T: Sized + Iterator<Item=Result<TxPart>> + 't {
    type Item = TxPart;

    fn next(&mut self) -> Option<Self::Item> {
        if self.at_last {
            return None;
        }

        if self.at_first {
            self.at_first = false;
            return Some(self.first.clone());
        }

        // Look ahead to see if we're about to cross into
        // the next partition.
        {
            let next_option = self.rows.peek();
            match next_option {
                Some(&Ok(ref next)) => {
                    if next.tx != self.first.tx {
                        self.at_last = true;
                        return None;
                    }
                },
                // Empty, or error. Either way, this iterator's done.
                _ => {
                    self.at_last = true;
                    return None;
                }
            }
        }

        // We're in the correct partition, return a TxPart.
        if let Some(result) = self.rows.next() {
            match result {
                Err(_) => None,
                Ok(datom) => {
                    Some(TxPart {
                        partitions: None,
                        e: datom.e,
                        a: datom.a,
                        v: datom.v.clone(),
                        tx: datom.tx,
                        added: datom.added,
                    })
                },
            }
        } else {
            self.at_last = true;
            None
        }
    }
}

fn to_tx_part(row: &rusqlite::Row) -> Result<TxPart> {
    Ok(TxPart {
        partitions: None,
        e: row.get_checked(0)?,
        a: row.get_checked(1)?,
        v: TypedValue::from_sql_value_pair(row.get_checked(2)?, row.get_checked(3)?)?,
        tx: row.get_checked(4)?,
        added: row.get_checked(5)?,
    })
}

impl Processor {
    pub fn process<RR, R: TxReceiver<RR>>
        (sqlite: &rusqlite::Transaction, from_tx: Option<Entid>, mut receiver: R) -> Result<RR> {

        let tx_filter = match from_tx {
            Some(tx) => format!("" WHERE timeline = 0 AND tx > {} "", tx),
            None => format!(""WHERE timeline = 0"")
        };
        let select_query = format!(""SELECT e, a, v, value_type_tag, tx, added FROM timelined_transactions {} ORDER BY tx"", tx_filter);
        let mut stmt = sqlite.prepare(&select_query)?;

        let mut rows = stmt.query_and_then(&[], to_tx_part)?.peekable();

        // Walk the transaction table, keeping track of the current ""tx"".
        // Whenever ""tx"" changes, construct a datoms iterator and pass it to the receiver.
        // NB: this logic depends on data coming out of the rows iterator to be sorted by ""tx"".
        let mut current_tx = None;
        while let Some(row) = rows.next() {
            let datom = row?;

            match current_tx {
                Some(tx) => {
                    if tx != datom.tx {
                        current_tx = Some(datom.tx);
                        receiver.tx(
                            datom.tx,
                            &mut DatomsIterator::new(&datom, &mut rows)
                        )?;
                    }
                },
                None => {
                    current_tx = Some(datom.tx);
                    receiver.tx(
                        datom.tx,
                        &mut DatomsIterator::new(&datom, &mut rows)
                    )?;
                }
            }
        }
        // Consume the receiver, letting it produce a ""receiver report""
        // as defined by generic type RR.
        Ok(receiver.done())
    }
}","}
}

impl<'dbtx, 't, T> Iterator for DatomsIterator<'dbtx, 't, T>
where T: Sized + Iterator<Item=Result<TxPart>> + 't {
    type Item = TxPart;

    fn next(&mut self) -> Option<Self::Item> {
        if self.at_first {
            self.at_first = false;
            return Some(self.first.clone());
        }

        if self.at_last {
            return None;
        }

        match self.rows.next() {
            Some(Ok(part)) => {
                // Check if next is the termination row.
                match self.rows.peek() {
                    Some(&Ok(ref next)) if next.is_terminator() => {
                        self.at_last = true;
                    },
                    _ => (),
                }
                Some(part)
            },
            Some(Err(_)) => {
                // On error, stop iteration.
                self.at_last = true;
                None
            },
            None => {
                self.at_last = true;
                None
            },
        }
    }
}

impl Processor {
    /// Process a stream of rows, grouping them into transactions and yielding each to the receiver.
    pub fn process<T, R, RR"
deepseek,deepseek-ai/DeepSeek-V3.2:novita,rust,GPL-3.0,src::test::instruction_tests::instr_vpsubw.rs,109,0.2,0,0.5714285714285714,"
#[test]
fn vpsubw_7() {
    run_test(&Instruction { mnemonic: Mnemonic::VPSUBW, operand1: Some(Direct(YMM3)), operand2: Some(Direct(YMM4)), operand3: Some(Direct(YMM7)), operand4: None, lock: false, rounding_mode: None, merge_mode: None, sae: false, mask: None, broadcast: None }, &[197, 221, 249, 223], OperandSize::Qword)
}

#[test]
fn vpsubw_8() {
    run_test(&Instruction { mnemonic: Mnemonic::VPSUBW, operand1: Some(Direct(YMM2)), operand2: Some(Direct(YMM7)), operand3: Some(IndirectDisplaced(RDX, 4071821, Some(OperandSize::Ymmword), None)), operand4: None, lock: false, rounding_mode: None, merge_mode: None, sae: false, mask: None, broadcast: None }, &[197, 197, 249, 146, 141, 33, 62, 0], OperandSize::Qword)
}

#[test]
fn vpsubw_9() {
    run_test(&Instruction { mnemonic: Mnemonic::VPSUBW, operand1: Some(Direct(XMM1)), operand2: Some(Direct(XMM4)), operand3: Some(Direct(XMM0)), operand4: None, lock: false, rounding_mode: None, merge_mode: Some(MergeMode::Zero), sae: false, mask: Some(MaskReg::K2), broadcast: None }, &[98, 241, 93, 138, 249, 200], OperandSize::Dword)
}

#[test]
fn vpsubw_10() {
    run_test(&Instruction { mnemonic: Mnemonic::VPSUBW, operand1: Some(Direct(XMM2)), operand2: Some(Direct(XMM2)), operand3: Some(Indirect(EBX, Some(OperandSize::Xmmword), None)), operand4: None, lock: false, rounding_mode: None, merge_mode: Some(MergeMode::Zero), sae: false, mask: Some(MaskReg::K2), broadcast: None }, &[98, 241, 109, 138, 249, 19], OperandSize::Dword)
}

#[test]
fn vpsubw_11() {
    run_test(&Instruction { mnemonic: Mnemonic::VPSUBW, operand1: Some(Direct(XMM12)), operand2: Some(Direct(XMM27)), operand3: Some(Direct(XMM20)), operand4: None, lock: false, rounding_mode: None, merge_mode: Some(MergeMode::Zero), sae: false, mask: Some(MaskReg::K2), broadcast: None }, &[98, 49, 37, 130, 249, 228], OperandSize::Qword)
}

#[test]
fn vpsubw_12() {
    run_test(&Instruction { mnemonic: Mnemonic::VPSUBW, operand1: Some(Direct(XMM14)), operand2: Some(Direct(XMM4)), operand3: Some(IndirectScaledIndexed(RDI, RBX, Two, Some(OperandSize::Xmmword), None)), operand4: None, lock: false, rounding_mode: None, merge_mode: Some(MergeMode::Zero), sae: false, mask: Some(MaskReg::K6), broadcast: None }, &[98, 113, 93, 142, 249, 52, 95], OperandSize::Qword)
}

#[test]
fn vpsubw_13() {
    run_test(&Instruction { mnemonic: Mnemonic::VPSUBW, operand1: Some(Direct(YMM1)), operand2: Some(Direct(YMM0)), operand3: Some(Direct(YMM5)), operand4: None, lock: false, rounding_mode: None, merge_mode: Some(MergeMode::Zero), sae: false, mask: Some(MaskReg::K1), broadcast: None }, &[98, 241, 125, 169, 249, 205], OperandSize::Dword)
}

#[test]
fn vpsubw_14() {
    run_test(&Instruction { mnemonic: Mnemonic::VPSUBW, operand1: Some(Direct(YMM1)), operand2: Some(Direct(YMM5)), operand3: Some(IndirectScaledIndexedDisplaced(EDI, EDX, Eight, 1344465292, Some(OperandSize::Ymmword), None)), operand4: None, lock: false, rounding_mode: None, merge_mode: Some(MergeMode::Zero), sae: false, mask: Some(MaskReg::K2), broadcast: None }, &[98, 241, 85, 170, 249, 140, 215, 140, 233, 34, 80], OperandSize::Dword)
}

#[test]
fn vpsubw_15() {
    run_test(&Instruction { mnemonic: Mnemonic::VPSUBW, operand1: Some(Direct(YMM18)), operand2: Some(Direct(YMM18)), operand3: Some(Direct(YMM29)), operand4: None, lock: false, rounding_mode: None, merge_mode: Some(MergeMode::Zero), sae: false, mask: Some(MaskReg::K7), broadcast: None }, &[98, 129, 109, 167, 249, 213], OperandSize::Qword)
}

#[test]
fn vpsubw_16() {
    run_test(&Instruction { mnemonic: Mnemonic::VPSUBW, operand1: Some(Direct(YMM15)), operand2: Some(Direct(YMM23)), operand3: Some(IndirectScaledIndexed(RSI, RBX, Four, Some(OperandSize::Ymmword), None)), operand4: None, lock: false, rounding_mode: None, merge_mode: Some(MergeMode::Zero), sae: false, mask: Some(MaskReg::K5), broadcast: None }, &[98, 113, 69, 165, 249, 60, 158], OperandSize::Qword)
}

#[test]
fn vpsubw_17() {
    run_test(&Instruction { mnemonic: Mnemonic::VPSUBW, operand1: Some(Direct(ZMM2)), operand2: Some(Direct(ZMM3)), operand3: Some(Direct(ZMM6)), operand4: None, lock: false, rounding_mode: None, merge_mode: Some(MergeMode::Zero), sae: false, mask: Some(MaskReg::K6), broadcast: None }, &[98, 241, 101, 206, 249, 214], OperandSize::Dword)
}

#[test]
fn vpsubw_18() {
    run_test(&Instruction { mnemonic: Mnemonic::VPSUBW, operand1: Some(Direct(ZMM1)), operand2: Some(Direct(ZMM6)), operand3: Some(IndirectScaledDisplaced(EDI, Eight, 696675686, Some(OperandSize::Zmmword), None)), operand4: None, lock: false, rounding_mode: None, merge_mode: Some(MergeMode::Zero), sae: false, mask: Some(MaskReg::K7), broadcast: None }, &[98, 241, 77, 207, 249, 12, 253, 102, 109, 134, 41], OperandSize::Dword)
}

#[test]
fn vpsubw_19() {
    run_test(&Instruction { mnemonic: Mnemonic::VPSUBW, operand1: Some(Direct(ZMM9)), operand2: Some(Direct(ZMM26)), operand3: Some(Direct(ZMM3)), operand4: None, lock: false, rounding_mode: None, merge_mode: Some(MergeMode::Zero), sae: false, mask: Some(MaskReg::K1), broadcast: None }, &[98, 113, 45, 193, 249, 203], OperandSize::Qword)
}

#[test]
fn vpsubw_20() {
    run_test(&Instruction { mnemonic: Mnemonic::VPSUBW, operand1: Some(Direct(ZMM2)), operand2: Some(Direct(ZMM19)), operand3: Some(IndirectScaledIndexed(RCX, RSI, Two, Some(OperandSize::Zmmword), None)), operand4: None, lock: false, rounding_mode: None, merge_mode: Some(MergeMode::Zero), sae: false, mask: Some(MaskReg::K7), broadcast: None }, &[98, 241, 101, 199, 249, 20, 113], OperandSize::Qword)
}
","#[test]
fn vpsubw_7() {
    run_test(&Instruction { mnemonic: Mnemonic::VPSUBW, operand1: Some(Direct(YMM5)), operand2: Some(Direct(YMM6)), operand3: Some(Direct(YMM7)), operand4: None, lock: false, rounding_mode: None, merge_mode: None, sae: false, mask: None, broadcast: None }, &[197, 205, 249, 239], OperandSize::Qword)
}

#[test]
fn vpsubw_8() {
    run_test(&Instruction { mnemonic: Mnemonic::VPSUBW, operand1: Some(Direct(YMM6)), operand2: Some(Direct(YMM5)), operand3: Some(IndirectScaledIndexedDisplaced(RDI, RSI, Two, 1895471726, Some(OperandSize::Ymmword), None)), operand4: None, lock: false, rounding_mode: None, merge_mode: None, sae: false, mask: None, broadcast: None }, &[197, 213, 249, 180, 119, 110,"
deepseek,deepseek-ai/DeepSeek-V3.2:novita,rust,GPL-3.0,src::test::instruction_tests::instr_vpsubw.rs,109,0.4,0,0.6927966101694916,"
#[test]
fn vpsubw_7() {
    run_test(&Instruction { mnemonic: Mnemonic::VPSUBW, operand1: Some(Direct(YMM3)), operand2: Some(Direct(YMM4)), operand3: Some(Direct(YMM7)), operand4: None, lock: false, rounding_mode: None, merge_mode: None, sae: false, mask: None, broadcast: None }, &[197, 221, 249, 223], OperandSize::Qword)
}

#[test]
fn vpsubw_8() {
    run_test(&Instruction { mnemonic: Mnemonic::VPSUBW, operand1: Some(Direct(YMM2)), operand2: Some(Direct(YMM7)), operand3: Some(IndirectDisplaced(RDX, 4071821, Some(OperandSize::Ymmword), None)), operand4: None, lock: false, rounding_mode: None, merge_mode: None, sae: false, mask: None, broadcast: None }, &[197, 197, 249, 146, 141, 33, 62, 0], OperandSize::Qword)
}

#[test]
fn vpsubw_9() {
    run_test(&Instruction { mnemonic: Mnemonic::VPSUBW, operand1: Some(Direct(XMM1)), operand2: Some(Direct(XMM4)), operand3: Some(Direct(XMM0)), operand4: None, lock: false, rounding_mode: None, merge_mode: Some(MergeMode::Zero), sae: false, mask: Some(MaskReg::K2), broadcast: None }, &[98, 241, 93, 138, 249, 200], OperandSize::Dword)
}

#[test]
fn vpsubw_10() {
    run_test(&Instruction { mnemonic: Mnemonic::VPSUBW, operand1: Some(Direct(XMM2)), operand2: Some(Direct(XMM2)), operand3: Some(Indirect(EBX, Some(OperandSize::Xmmword), None)), operand4: None, lock: false, rounding_mode: None, merge_mode: Some(MergeMode::Zero), sae: false, mask: Some(MaskReg::K2), broadcast: None }, &[98, 241, 109, 138, 249, 19], OperandSize::Dword)
}

#[test]
fn vpsubw_11() {
    run_test(&Instruction { mnemonic: Mnemonic::VPSUBW, operand1: Some(Direct(XMM12)), operand2: Some(Direct(XMM27)), operand3: Some(Direct(XMM20)), operand4: None, lock: false, rounding_mode: None, merge_mode: Some(MergeMode::Zero), sae: false, mask: Some(MaskReg::K2), broadcast: None }, &[98, 49, 37, 130, 249, 228], OperandSize::Qword)
}

#[test]
fn vpsubw_12() {
    run_test(&Instruction { mnemonic: Mnemonic::VPSUBW, operand1: Some(Direct(XMM14)), operand2: Some(Direct(XMM4)), operand3: Some(IndirectScaledIndexed(RDI, RBX, Two, Some(OperandSize::Xmmword), None)), operand4: None, lock: false, rounding_mode: None, merge_mode: Some(MergeMode::Zero), sae: false, mask: Some(MaskReg::K6), broadcast: None }, &[98, 113, 93, 142, 249, 52, 95], OperandSize::Qword)
}

#[test]
fn vpsubw_13() {
    run_test(&Instruction { mnemonic: Mnemonic::VPSUBW, operand1: Some(Direct(YMM1)), operand2: Some(Direct(YMM0)), operand3: Some(Direct(YMM5)), operand4: None, lock: false, rounding_mode: None, merge_mode: Some(MergeMode::Zero), sae: false, mask: Some(MaskReg::K1), broadcast: None }, &[98, 241, 125, 169, 249, 205], OperandSize::Dword)
}

#[test]
fn vpsubw_14() {
    run_test(&Instruction { mnemonic: Mnemonic::VPSUBW, operand1: Some(Direct(YMM1)), operand2: Some(Direct(YMM5)), operand3: Some(IndirectScaledIndexedDisplaced(EDI, EDX, Eight, 1344465292, Some(OperandSize::Ymmword), None)), operand4: None, lock: false, rounding_mode: None, merge_mode: Some(MergeMode::Zero), sae: false, mask: Some(MaskReg::K2), broadcast: None }, &[98, 241, 85, 170, 249, 140, 215, 140, 233, 34, 80], OperandSize::Dword)
}

#[test]
fn vpsubw_15() {
    run_test(&Instruction { mnemonic: Mnemonic::VPSUBW, operand1: Some(Direct(YMM18)), operand2: Some(Direct(YMM18)), operand3: Some(Direct(YMM29)), operand4: None, lock: false, rounding_mode: None, merge_mode: Some(MergeMode::Zero), sae: false, mask: Some(MaskReg::K7), broadcast: None }, &[98, 129, 109, 167, 249, 213], OperandSize::Qword)
}

#[test]
fn vpsubw_16() {
    run_test(&Instruction { mnemonic: Mnemonic::VPSUBW, operand1: Some(Direct(YMM15)), operand2: Some(Direct(YMM23)), operand3: Some(IndirectScaledIndexed(RSI, RBX, Four, Some(OperandSize::Ymmword), None)), operand4: None, lock: false, rounding_mode: None, merge_mode: Some(MergeMode::Zero), sae: false, mask: Some(MaskReg::K5), broadcast: None }, &[98, 113, 69, 165, 249, 60, 158], OperandSize::Qword)
}

#[test]
fn vpsubw_17() {
    run_test(&Instruction { mnemonic: Mnemonic::VPSUBW, operand1: Some(Direct(ZMM2)), operand2: Some(Direct(ZMM3)), operand3: Some(Direct(ZMM6)), operand4: None, lock: false, rounding_mode: None, merge_mode: Some(MergeMode::Zero), sae: false, mask: Some(MaskReg::K6), broadcast: None }, &[98, 241, 101, 206, 249, 214], OperandSize::Dword)
}

#[test]
fn vpsubw_18() {
    run_test(&Instruction { mnemonic: Mnemonic::VPSUBW, operand1: Some(Direct(ZMM1)), operand2: Some(Direct(ZMM6)), operand3: Some(IndirectScaledDisplaced(EDI, Eight, 696675686, Some(OperandSize::Zmmword), None)), operand4: None, lock: false, rounding_mode: None, merge_mode: Some(MergeMode::Zero), sae: false, mask: Some(MaskReg::K7), broadcast: None }, &[98, 241, 77, 207, 249, 12, 253, 102, 109, 134, 41], OperandSize::Dword)
}

#[test]
fn vpsubw_19() {
    run_test(&Instruction { mnemonic: Mnemonic::VPSUBW, operand1: Some(Direct(ZMM9)), operand2: Some(Direct(ZMM26)), operand3: Some(Direct(ZMM3)), operand4: None, lock: false, rounding_mode: None, merge_mode: Some(MergeMode::Zero), sae: false, mask: Some(MaskReg::K1), broadcast: None }, &[98, 113, 45, 193, 249, 203], OperandSize::Qword)
}

#[test]
fn vpsubw_20() {
    run_test(&Instruction { mnemonic: Mnemonic::VPSUBW, operand1: Some(Direct(ZMM2)), operand2: Some(Direct(ZMM19)), operand3: Some(IndirectScaledIndexed(RCX, RSI, Two, Some(OperandSize::Zmmword), None)), operand4: None, lock: false, rounding_mode: None, merge_mode: Some(MergeMode::Zero), sae: false, mask: Some(MaskReg::K7), broadcast: None }, &[98, 241, 101, 199, 249, 20, 113], OperandSize::Qword)
}
","#[test]
fn vpsubw_7() {
    run_test(&Instruction { mnemonic: Mnemonic::VPSUBW, operand1: Some(Direct(YMM7)), operand2: Some(Direct(YMM7)), operand3: Some(Direct(YMM6)), operand4: None, lock: false, rounding_mode: None, merge_mode: None, sae: false, mask: None, broadcast: None }, &[197, 197, 249, 254], OperandSize::Qword)
}

#[test]
fn vpsubw_8() {
    run_test(&Instruction { mnemonic: Mnemonic::VPSUBW, operand1: Some(Direct(YMM5)), operand2: Some(Direct(YMM4)), operand3: Some(Indirect(RCX, Some(OperandSize::Ymmword), None)), operand4: None, lock: false, rounding_mode: None, merge_mode: None, sae: false, mask: None, broadcast: None }, &[197, 221, 249, 41], OperandSize::Qword)
}

#[test]
fn vpsubw_9() {
    run_test(&"
deepseek,deepseek-ai/DeepSeek-V3.2:novita,rust,GPL-3.0,src::test::instruction_tests::instr_vpsubw.rs,109,0.8,0,0.7319148936170212,"
#[test]
fn vpsubw_7() {
    run_test(&Instruction { mnemonic: Mnemonic::VPSUBW, operand1: Some(Direct(YMM3)), operand2: Some(Direct(YMM4)), operand3: Some(Direct(YMM7)), operand4: None, lock: false, rounding_mode: None, merge_mode: None, sae: false, mask: None, broadcast: None }, &[197, 221, 249, 223], OperandSize::Qword)
}

#[test]
fn vpsubw_8() {
    run_test(&Instruction { mnemonic: Mnemonic::VPSUBW, operand1: Some(Direct(YMM2)), operand2: Some(Direct(YMM7)), operand3: Some(IndirectDisplaced(RDX, 4071821, Some(OperandSize::Ymmword), None)), operand4: None, lock: false, rounding_mode: None, merge_mode: None, sae: false, mask: None, broadcast: None }, &[197, 197, 249, 146, 141, 33, 62, 0], OperandSize::Qword)
}

#[test]
fn vpsubw_9() {
    run_test(&Instruction { mnemonic: Mnemonic::VPSUBW, operand1: Some(Direct(XMM1)), operand2: Some(Direct(XMM4)), operand3: Some(Direct(XMM0)), operand4: None, lock: false, rounding_mode: None, merge_mode: Some(MergeMode::Zero), sae: false, mask: Some(MaskReg::K2), broadcast: None }, &[98, 241, 93, 138, 249, 200], OperandSize::Dword)
}

#[test]
fn vpsubw_10() {
    run_test(&Instruction { mnemonic: Mnemonic::VPSUBW, operand1: Some(Direct(XMM2)), operand2: Some(Direct(XMM2)), operand3: Some(Indirect(EBX, Some(OperandSize::Xmmword), None)), operand4: None, lock: false, rounding_mode: None, merge_mode: Some(MergeMode::Zero), sae: false, mask: Some(MaskReg::K2), broadcast: None }, &[98, 241, 109, 138, 249, 19], OperandSize::Dword)
}

#[test]
fn vpsubw_11() {
    run_test(&Instruction { mnemonic: Mnemonic::VPSUBW, operand1: Some(Direct(XMM12)), operand2: Some(Direct(XMM27)), operand3: Some(Direct(XMM20)), operand4: None, lock: false, rounding_mode: None, merge_mode: Some(MergeMode::Zero), sae: false, mask: Some(MaskReg::K2), broadcast: None }, &[98, 49, 37, 130, 249, 228], OperandSize::Qword)
}

#[test]
fn vpsubw_12() {
    run_test(&Instruction { mnemonic: Mnemonic::VPSUBW, operand1: Some(Direct(XMM14)), operand2: Some(Direct(XMM4)), operand3: Some(IndirectScaledIndexed(RDI, RBX, Two, Some(OperandSize::Xmmword), None)), operand4: None, lock: false, rounding_mode: None, merge_mode: Some(MergeMode::Zero), sae: false, mask: Some(MaskReg::K6), broadcast: None }, &[98, 113, 93, 142, 249, 52, 95], OperandSize::Qword)
}

#[test]
fn vpsubw_13() {
    run_test(&Instruction { mnemonic: Mnemonic::VPSUBW, operand1: Some(Direct(YMM1)), operand2: Some(Direct(YMM0)), operand3: Some(Direct(YMM5)), operand4: None, lock: false, rounding_mode: None, merge_mode: Some(MergeMode::Zero), sae: false, mask: Some(MaskReg::K1), broadcast: None }, &[98, 241, 125, 169, 249, 205], OperandSize::Dword)
}

#[test]
fn vpsubw_14() {
    run_test(&Instruction { mnemonic: Mnemonic::VPSUBW, operand1: Some(Direct(YMM1)), operand2: Some(Direct(YMM5)), operand3: Some(IndirectScaledIndexedDisplaced(EDI, EDX, Eight, 1344465292, Some(OperandSize::Ymmword), None)), operand4: None, lock: false, rounding_mode: None, merge_mode: Some(MergeMode::Zero), sae: false, mask: Some(MaskReg::K2), broadcast: None }, &[98, 241, 85, 170, 249, 140, 215, 140, 233, 34, 80], OperandSize::Dword)
}

#[test]
fn vpsubw_15() {
    run_test(&Instruction { mnemonic: Mnemonic::VPSUBW, operand1: Some(Direct(YMM18)), operand2: Some(Direct(YMM18)), operand3: Some(Direct(YMM29)), operand4: None, lock: false, rounding_mode: None, merge_mode: Some(MergeMode::Zero), sae: false, mask: Some(MaskReg::K7), broadcast: None }, &[98, 129, 109, 167, 249, 213], OperandSize::Qword)
}

#[test]
fn vpsubw_16() {
    run_test(&Instruction { mnemonic: Mnemonic::VPSUBW, operand1: Some(Direct(YMM15)), operand2: Some(Direct(YMM23)), operand3: Some(IndirectScaledIndexed(RSI, RBX, Four, Some(OperandSize::Ymmword), None)), operand4: None, lock: false, rounding_mode: None, merge_mode: Some(MergeMode::Zero), sae: false, mask: Some(MaskReg::K5), broadcast: None }, &[98, 113, 69, 165, 249, 60, 158], OperandSize::Qword)
}

#[test]
fn vpsubw_17() {
    run_test(&Instruction { mnemonic: Mnemonic::VPSUBW, operand1: Some(Direct(ZMM2)), operand2: Some(Direct(ZMM3)), operand3: Some(Direct(ZMM6)), operand4: None, lock: false, rounding_mode: None, merge_mode: Some(MergeMode::Zero), sae: false, mask: Some(MaskReg::K6), broadcast: None }, &[98, 241, 101, 206, 249, 214], OperandSize::Dword)
}

#[test]
fn vpsubw_18() {
    run_test(&Instruction { mnemonic: Mnemonic::VPSUBW, operand1: Some(Direct(ZMM1)), operand2: Some(Direct(ZMM6)), operand3: Some(IndirectScaledDisplaced(EDI, Eight, 696675686, Some(OperandSize::Zmmword), None)), operand4: None, lock: false, rounding_mode: None, merge_mode: Some(MergeMode::Zero), sae: false, mask: Some(MaskReg::K7), broadcast: None }, &[98, 241, 77, 207, 249, 12, 253, 102, 109, 134, 41], OperandSize::Dword)
}

#[test]
fn vpsubw_19() {
    run_test(&Instruction { mnemonic: Mnemonic::VPSUBW, operand1: Some(Direct(ZMM9)), operand2: Some(Direct(ZMM26)), operand3: Some(Direct(ZMM3)), operand4: None, lock: false, rounding_mode: None, merge_mode: Some(MergeMode::Zero), sae: false, mask: Some(MaskReg::K1), broadcast: None }, &[98, 113, 45, 193, 249, 203], OperandSize::Qword)
}

#[test]
fn vpsubw_20() {
    run_test(&Instruction { mnemonic: Mnemonic::VPSUBW, operand1: Some(Direct(ZMM2)), operand2: Some(Direct(ZMM19)), operand3: Some(IndirectScaledIndexed(RCX, RSI, Two, Some(OperandSize::Zmmword), None)), operand4: None, lock: false, rounding_mode: None, merge_mode: Some(MergeMode::Zero), sae: false, mask: Some(MaskReg::K7), broadcast: None }, &[98, 241, 101, 199, 249, 20, 113], OperandSize::Qword)
}
","#[test]
fn vpsubw_7() {
    run_test(&Instruction { mnemonic: Mnemonic::VPSUBW, operand1: Some(Direct(YMM7)), operand2: Some(Direct(YMM5)), operand3: Some(Direct(YMM4)), operand4: None, lock: false, rounding_mode: None, merge_mode: None, sae: false, mask: None, broadcast: None }, &[197, 213, 249, 252], OperandSize::Qword)
}

#[test]
fn vpsubw_8() {
    run_test(&Instruction { mnemonic: Mnemonic::VPSUBW, operand1: Some(Direct(YMM4)), operand2: Some(Direct(YMM5)), operand3: Some(IndirectScaledIndexed(RDI, RDX, Eight, Some(OperandSize::Ymmword), None)), operand4: None, lock: false, rounding_mode: None, merge_mode: None, sae: false, mask: None, broadcast: None }, &[197, 213, 249, 36, 215], OperandSize::Qword)
}

#[test]
fn"
deepseek,deepseek-ai/DeepSeek-V3.2:novita,rust,GPL-3.0,src::event.rs,115,0.2,0,0.0,"    }

    pub fn init_fn<F>(mut self, f: F) -> Self
            where F: 'static + Fn(&mut T, &mut Keyboard) -> UsbResult<()> {
        self.init_fn = Some(Box::new(f));
        self
    }
    pub fn accept_key_fn<F>(mut self, f: F) -> Self
            where F: 'static + Fn(&T, &KeyEvent) -> bool {
        self.accept_key_fn = Some(Box::new(f));
        self
    }
    pub fn handle_key_fn<F>(mut self, f: F) -> Self
            where F: 'static + Fn(&mut T, &KeyEvent, &mut Keyboard) -> UsbResult<()> {
        self.handle_key_fn = Some(Box::new(f));
        self
    }
    pub fn handle_time_fn<F>(mut self, f: F, sleep_duration: Duration) -> Self
            where F: 'static + Fn(&mut T, Duration, &mut Keyboard) -> UsbResult<()> {
        self.handle_time_fn = Some((Box::new(f), sleep_duration, SystemTime::now()));
        self
    }
    pub fn build(self) -> Handler{
        Handler(Box::new(self))
    }
}

impl<T: Sized> GenericHandler for HandlerBuilder<T> {
    fn init(&mut self, keyboard: &mut Keyboard) -> UsbResult<()> {
        match &self.init_fn {
            &Some(ref f) => f(&mut self.user_data, keyboard),
            &None => Ok(())
        }
    }
    fn accept_key(&self, evt: &KeyEvent) -> bool {
        match &self.accept_key_fn {
            &Some(ref f) => f(&self.user_data, evt),
            &None => false
        }
    }
    fn handle_key(&mut self, evt: &KeyEvent, keyboard: &mut Keyboard) -> UsbResult<()> {
        match &self.handle_key_fn {
            &Some(ref f) => f(&mut self.user_data, evt, keyboard),
            &None => Ok(())
        }
    }
    fn handle_time(&mut self, keyboard: &mut Keyboard) -> UsbResult<()> {
        match &mut self.handle_time_fn {
            &mut Some((ref f, _, ref mut last_called)) => {
                let res = f(&mut self.user_data, last_called.elapsed().unwrap(), keyboard);
                *last_called = SystemTime::now();
                res
            },
            &mut None => Ok(())
        }
    }
    fn sleep_duration(&self) -> Option<Duration> {
        self.handle_time_fn.as_ref().map(|s| {
            let dur = s.1;
            let elapsed = s.2.elapsed().unwrap();
            if elapsed > dur {
                Duration::from_secs(0)
            } else {
                dur - elapsed
            }
        })
    }
}

#[derive(Debug, Clone, PartialEq, Eq)]
pub enum KeyEvent {
    KeyPressed(Key),
    KeyReleased(Key),
}
",的: 1. 2. 3. 4. 5. 6. 7. 8. 9. 10. 11. 12. 13. 14. 15. 16. 17. 18. 19. 20. 21. 22. 23. 24. 25. 26. 27. 28. 29. 30. 31. 32. 33. 34. 35. 36. 37. 38. 39. 40. 41. 42. 43. 44. 45. 46. 47. 48. 49. 50. 51. 52. 53. 54. 55. 56. 57. 58. 59. 60. 61. 62. 63. 64. 65. 66. 67. 68. 69. 70. 71. 72. 73. 74. 75. 76. 77. 78. 79. 80. 81. 82. 83. 84. 85
deepseek,deepseek-ai/DeepSeek-V3.2:novita,rust,GPL-3.0,src::event.rs,115,0.4,0,0.4936708860759494,"    }

    pub fn init_fn<F>(mut self, f: F) -> Self
            where F: 'static + Fn(&mut T, &mut Keyboard) -> UsbResult<()> {
        self.init_fn = Some(Box::new(f));
        self
    }
    pub fn accept_key_fn<F>(mut self, f: F) -> Self
            where F: 'static + Fn(&T, &KeyEvent) -> bool {
        self.accept_key_fn = Some(Box::new(f));
        self
    }
    pub fn handle_key_fn<F>(mut self, f: F) -> Self
            where F: 'static + Fn(&mut T, &KeyEvent, &mut Keyboard) -> UsbResult<()> {
        self.handle_key_fn = Some(Box::new(f));
        self
    }
    pub fn handle_time_fn<F>(mut self, f: F, sleep_duration: Duration) -> Self
            where F: 'static + Fn(&mut T, Duration, &mut Keyboard) -> UsbResult<()> {
        self.handle_time_fn = Some((Box::new(f), sleep_duration, SystemTime::now()));
        self
    }
    pub fn build(self) -> Handler{
        Handler(Box::new(self))
    }
}

impl<T: Sized> GenericHandler for HandlerBuilder<T> {
    fn init(&mut self, keyboard: &mut Keyboard) -> UsbResult<()> {
        match &self.init_fn {
            &Some(ref f) => f(&mut self.user_data, keyboard),
            &None => Ok(())
        }
    }
    fn accept_key(&self, evt: &KeyEvent) -> bool {
        match &self.accept_key_fn {
            &Some(ref f) => f(&self.user_data, evt),
            &None => false
        }
    }
    fn handle_key(&mut self, evt: &KeyEvent, keyboard: &mut Keyboard) -> UsbResult<()> {
        match &self.handle_key_fn {
            &Some(ref f) => f(&mut self.user_data, evt, keyboard),
            &None => Ok(())
        }
    }
    fn handle_time(&mut self, keyboard: &mut Keyboard) -> UsbResult<()> {
        match &mut self.handle_time_fn {
            &mut Some((ref f, _, ref mut last_called)) => {
                let res = f(&mut self.user_data, last_called.elapsed().unwrap(), keyboard);
                *last_called = SystemTime::now();
                res
            },
            &mut None => Ok(())
        }
    }
    fn sleep_duration(&self) -> Option<Duration> {
        self.handle_time_fn.as_ref().map(|s| {
            let dur = s.1;
            let elapsed = s.2.elapsed().unwrap();
            if elapsed > dur {
                Duration::from_secs(0)
            } else {
                dur - elapsed
            }
        })
    }
}

#[derive(Debug, Clone, PartialEq, Eq)]
pub enum KeyEvent {
    KeyPressed(Key),
    KeyReleased(Key),
}
","}

    pub fn init<F>(mut self, f: F) -> Self
    where
        F: 'static + Fn(&mut T, &mut Keyboard) -> UsbResult<()>,
    {
        self.init_fn = Some(Box::new(f));
        self
    }

    pub fn accept_key<F>(mut self, f: F) -> Self
    where
        F: 'static + Fn(&T, &KeyEvent) -> bool,
    {
        self.accept_key_fn = Some(Box::new(f));
        self
    }

    pub fn handle_key<F>(mut self, f: F) -> Self
    where
        F: 'static + Fn(&mut T, &KeyEvent, &mut Keyboard) -> UsbResult<()>,
    {
        self.handle_key_fn = Some(Box::new(f));
        self
    }

    pub fn handle_time<F>(mut self, period: Duration, f: F) -> Self
    where
        F: 'static + Fn(&mut T, Duration, &mut Keyboard) -> UsbResult<()>,
    {
        self.handle_time_fn = Some((Box::new(f"
deepseek,deepseek-ai/DeepSeek-V3.2:novita,rust,GPL-3.0,src::event.rs,115,0.8,0,0.225531914893617,"    }

    pub fn init_fn<F>(mut self, f: F) -> Self
            where F: 'static + Fn(&mut T, &mut Keyboard) -> UsbResult<()> {
        self.init_fn = Some(Box::new(f));
        self
    }
    pub fn accept_key_fn<F>(mut self, f: F) -> Self
            where F: 'static + Fn(&T, &KeyEvent) -> bool {
        self.accept_key_fn = Some(Box::new(f));
        self
    }
    pub fn handle_key_fn<F>(mut self, f: F) -> Self
            where F: 'static + Fn(&mut T, &KeyEvent, &mut Keyboard) -> UsbResult<()> {
        self.handle_key_fn = Some(Box::new(f));
        self
    }
    pub fn handle_time_fn<F>(mut self, f: F, sleep_duration: Duration) -> Self
            where F: 'static + Fn(&mut T, Duration, &mut Keyboard) -> UsbResult<()> {
        self.handle_time_fn = Some((Box::new(f), sleep_duration, SystemTime::now()));
        self
    }
    pub fn build(self) -> Handler{
        Handler(Box::new(self))
    }
}

impl<T: Sized> GenericHandler for HandlerBuilder<T> {
    fn init(&mut self, keyboard: &mut Keyboard) -> UsbResult<()> {
        match &self.init_fn {
            &Some(ref f) => f(&mut self.user_data, keyboard),
            &None => Ok(())
        }
    }
    fn accept_key(&self, evt: &KeyEvent) -> bool {
        match &self.accept_key_fn {
            &Some(ref f) => f(&self.user_data, evt),
            &None => false
        }
    }
    fn handle_key(&mut self, evt: &KeyEvent, keyboard: &mut Keyboard) -> UsbResult<()> {
        match &self.handle_key_fn {
            &Some(ref f) => f(&mut self.user_data, evt, keyboard),
            &None => Ok(())
        }
    }
    fn handle_time(&mut self, keyboard: &mut Keyboard) -> UsbResult<()> {
        match &mut self.handle_time_fn {
            &mut Some((ref f, _, ref mut last_called)) => {
                let res = f(&mut self.user_data, last_called.elapsed().unwrap(), keyboard);
                *last_called = SystemTime::now();
                res
            },
            &mut None => Ok(())
        }
    }
    fn sleep_duration(&self) -> Option<Duration> {
        self.handle_time_fn.as_ref().map(|s| {
            let dur = s.1;
            let elapsed = s.2.elapsed().unwrap();
            if elapsed > dur {
                Duration::from_secs(0)
            } else {
                dur - elapsed
            }
        })
    }
}

#[derive(Debug, Clone, PartialEq, Eq)]
pub enum KeyEvent {
    KeyPressed(Key),
    KeyReleased(Key),
}
","}

    pub fn init<F: 'static + Fn(&mut T, &mut Keyboard) -> UsbResult<()>>(
        mut self,
        init_fn: F,
    ) -> Self {
        self.init_fn = Some(Box::new(init_fn));
        self
    }

    pub fn accept_key<F: 'static + Fn(&T, &KeyEvent) -> bool>>(
        mut self,
        accept_key_fn: F,
    ) -> Self {
        self.accept_key_fn = Some(Box::new(accept_key_fn));
        self
    }

    pub fn handle_key<F: 'static + Fn(&mut T, &KeyEvent, &mut Keyboard) -> UsbResult<()>>>(
        mut self,
        handle_key_fn: F,
    ) -> Self {
        self.handle_key_fn = Some(Box::new(handle_key_fn));
        self
    }

    pub fn handle_time<F: 'static + Fn(&mut T, Duration, &mut Keyboard) -> UsbResult<()>>>(
        mut self,
        handle_time_fn: F,
        interval: Duration,
    ) -> Self {
        let now = SystemTime::now"
deepseek,deepseek-ai/DeepSeek-V3.2:novita,rust,GPL-3.0,clausewitz-game-hoi4::src::modif.rs,161,0.2,0,0.30914826498422715,"        dir.push(&self.name);

        // Delete the old mod directory if it's already there and create a new mod folder to export to
        if dir.exists() {
            warn!(""Directory already exists, deleting stale..."");
            fs::remove_dir_all(&dir).unwrap();
        }
        fs::create_dir_all(&dir).unwrap();

        // Create the .mod file
        self.export_modfile(path);

        // Export the data
        self.export_countries(&dir);
        self.export_states(&dir);
        self.export_units(&dir);
    }

    fn export_modfile(&self, path: &PathBuf) {
        info!(""Generating .mod file..."");

        // Find the actual location of the mod file
        let mut modfile = path.clone();
        modfile.push(format!(""{}.mod"", &self.name));

        // Generate the data
        let mut dotmod = CwTable::new();
        dotmod.set(""name"", (&self.friendly_name).into());
        dotmod.set(""path"", format!(""mod/{}"", self.name).into());
        dotmod.set(""tags"", CwValue::Array(self.tags.iter().map(|t| t.into()).collect()));
        dotmod.set(""supported_version"", (&self.game_version).into());

        // Write the data
        let dotmod_str = dotmod.serialize();
        file::write_all_text(modfile, &dotmod_str, false).unwrap();
    }

    fn export_countries(&self, path: &PathBuf) {
        info!(""Exporting countries..."");

        // First write the tag-to-country mapping
        let mut country_tags = path.clone();
        country_tags.push(""common/country_tags"");
        fs::create_dir_all(&country_tags).unwrap();
        country_tags.push(""countries.txt"");
        file::write_all_text(country_tags, &self.generate_country_tags_table().serialize(), false).unwrap();

        // Get the common and history roots
        let mut common_file_root = path.clone();
        common_file_root.push(""common/countries"");
        fs::create_dir_all(&common_file_root).unwrap();

        let mut history_file_root = path.clone();
        history_file_root.push(""history/countries"");
        fs::create_dir_all(&history_file_root).unwrap();

        // Write the actual country common and history files
        for country in &self.countries {
            let mut common_file = common_file_root.clone();
            common_file.push(format!(""{}.txt"", country.name()));
            file::write_all_text(common_file, &country.common_table().serialize(), false).unwrap();

            let mut history_file = history_file_root.clone();
            history_file.push(format!(""{} - {}.txt"", country.tag(), country.name()));
            file::write_all_text(history_file, &country.history_table().serialize(), true).unwrap();
        }
    }

    fn generate_country_tags_table(&self) -> CwTable {
        let mut table = CwTable::new();
        for country in &self.countries {
            table.set(country.tag(), format!(""countries/{}.txt"", country.name()).into());
        }
        table
    }

    fn export_states(&self, path: &PathBuf) {
        info!(""Exporting states..."");

        let mut state_file_root = path.clone();
        state_file_root.push(""history/states"");
        fs::create_dir_all(&state_file_root).unwrap();

        for state in &self.states {
            let mut state_file = state_file_root.clone();
            state_file.push(state.file_name());
            file::write_all_text(state_file, &state.data().serialize(), false).unwrap();
        }
    }

    fn export_units(&self, path: &PathBuf) {
        info!(""Exporting units..."");

        let mut units_file_root = path.clone();
        units_file_root.push(""history/units"");
        fs::create_dir_all(&units_file_root).unwrap();

        for units in &self.units {
            let mut units_file = units_file_root.clone();
            units_file.push(format!(""{}.txt"", units.id()));
            file::write_all_text(units_file, &units.data().serialize(), false).unwrap();
        }
    }
}","}
        dir.push(&self.name);

        // Create the mod directory
        if dir.exists() {
            fs::remove_dir_all(&dir).unwrap();
        }
        fs::create_dir_all(&dir).unwrap();

        // Create .mod file
        let mut mod_file = dir.clone();
        mod_file.set_extension(""mod"");
        let mod_contents = format!(
            ""name=\""{}\""\npath=\""mod/{}\""\nversion=\""{}\""\n"",
            self.friendly_name, self.name, self.game_version
        );
        fs::write(mod_file, mod_contents).unwrap();

        // Create mod directory structure
        let common_dir = dir.join(""common"");
        fs::create_dir_all(&common_dir.join(""countries"")).unwrap();
        fs::create_dir_all(&common_dir.join(""country_tags"")).unwrap();
        fs::create_dir_all(&common_dir.join(""units"")).unwrap();

        let history_dir = dir.join(""history"");
        fs::create_dir_all(&history_dir.join(""countries"")).unwrap();
        fs::create_dir_all(&history_dir.join(""units"")).unwrap();

        let map_dir = dir.join(""map"");
        fs::create_dir_all(&map_dir).unwrap();

        // Export countries"
deepseek,deepseek-ai/DeepSeek-V3.2:novita,rust,GPL-3.0,clausewitz-game-hoi4::src::modif.rs,161,0.4,0,0.15100671140939598,"        dir.push(&self.name);

        // Delete the old mod directory if it's already there and create a new mod folder to export to
        if dir.exists() {
            warn!(""Directory already exists, deleting stale..."");
            fs::remove_dir_all(&dir).unwrap();
        }
        fs::create_dir_all(&dir).unwrap();

        // Create the .mod file
        self.export_modfile(path);

        // Export the data
        self.export_countries(&dir);
        self.export_states(&dir);
        self.export_units(&dir);
    }

    fn export_modfile(&self, path: &PathBuf) {
        info!(""Generating .mod file..."");

        // Find the actual location of the mod file
        let mut modfile = path.clone();
        modfile.push(format!(""{}.mod"", &self.name));

        // Generate the data
        let mut dotmod = CwTable::new();
        dotmod.set(""name"", (&self.friendly_name).into());
        dotmod.set(""path"", format!(""mod/{}"", self.name).into());
        dotmod.set(""tags"", CwValue::Array(self.tags.iter().map(|t| t.into()).collect()));
        dotmod.set(""supported_version"", (&self.game_version).into());

        // Write the data
        let dotmod_str = dotmod.serialize();
        file::write_all_text(modfile, &dotmod_str, false).unwrap();
    }

    fn export_countries(&self, path: &PathBuf) {
        info!(""Exporting countries..."");

        // First write the tag-to-country mapping
        let mut country_tags = path.clone();
        country_tags.push(""common/country_tags"");
        fs::create_dir_all(&country_tags).unwrap();
        country_tags.push(""countries.txt"");
        file::write_all_text(country_tags, &self.generate_country_tags_table().serialize(), false).unwrap();

        // Get the common and history roots
        let mut common_file_root = path.clone();
        common_file_root.push(""common/countries"");
        fs::create_dir_all(&common_file_root).unwrap();

        let mut history_file_root = path.clone();
        history_file_root.push(""history/countries"");
        fs::create_dir_all(&history_file_root).unwrap();

        // Write the actual country common and history files
        for country in &self.countries {
            let mut common_file = common_file_root.clone();
            common_file.push(format!(""{}.txt"", country.name()));
            file::write_all_text(common_file, &country.common_table().serialize(), false).unwrap();

            let mut history_file = history_file_root.clone();
            history_file.push(format!(""{} - {}.txt"", country.tag(), country.name()));
            file::write_all_text(history_file, &country.history_table().serialize(), true).unwrap();
        }
    }

    fn generate_country_tags_table(&self) -> CwTable {
        let mut table = CwTable::new();
        for country in &self.countries {
            table.set(country.tag(), format!(""countries/{}.txt"", country.name()).into());
        }
        table
    }

    fn export_states(&self, path: &PathBuf) {
        info!(""Exporting states..."");

        let mut state_file_root = path.clone();
        state_file_root.push(""history/states"");
        fs::create_dir_all(&state_file_root).unwrap();

        for state in &self.states {
            let mut state_file = state_file_root.clone();
            state_file.push(state.file_name());
            file::write_all_text(state_file, &state.data().serialize(), false).unwrap();
        }
    }

    fn export_units(&self, path: &PathBuf) {
        info!(""Exporting units..."");

        let mut units_file_root = path.clone();
        units_file_root.push(""history/units"");
        fs::create_dir_all(&units_file_root).unwrap();

        for units in &self.units {
            let mut units_file = units_file_root.clone();
            units_file.push(format!(""{}.txt"", units.id()));
            file::write_all_text(units_file, &units.data().serialize(), false).unwrap();
        }
    }
}","dir.push(&self.name);

        // Create the mod directory
        if !dir.exists() {
            fs::create_dir(&dir).expect(""Failed to create mod directory"");
        }

        // Create descriptor.mod
        let mut descriptor_path = dir.clone();
        descriptor_path.push(""descriptor.mod"");
        let descriptor_content = format!(
            ""name=\""{}\""\n\
             supported_version=\""{}\""\n\
             tags={{\n{}\n}}\n"",
            self.friendly_name,
            self.game_version,
            self.tags.iter().map(|t| format!(""\t\""{}\"""", t)).collect::<Vec<_>>().join(""\n"")
        );
        fs::write(descriptor_path, descriptor_content).expect(""Failed to write descriptor.mod"");

        // Create mod directory structure
        let common_dir = dir.join(""common"");
        let history_dir = dir.join(""history"");
        let map_dir = dir.join(""map"");
        for subdir in &[&common_dir, &history_dir, &map_dir] {
            if !subdir.exists() {
                fs::create_dir(subdir).expect(""Failed to create subdirectory"");
            }
        }

        // Export countries
        if !"
deepseek,deepseek-ai/DeepSeek-V3.2:novita,rust,GPL-3.0,clausewitz-game-hoi4::src::modif.rs,161,0.8,0,0.23793103448275862,"        dir.push(&self.name);

        // Delete the old mod directory if it's already there and create a new mod folder to export to
        if dir.exists() {
            warn!(""Directory already exists, deleting stale..."");
            fs::remove_dir_all(&dir).unwrap();
        }
        fs::create_dir_all(&dir).unwrap();

        // Create the .mod file
        self.export_modfile(path);

        // Export the data
        self.export_countries(&dir);
        self.export_states(&dir);
        self.export_units(&dir);
    }

    fn export_modfile(&self, path: &PathBuf) {
        info!(""Generating .mod file..."");

        // Find the actual location of the mod file
        let mut modfile = path.clone();
        modfile.push(format!(""{}.mod"", &self.name));

        // Generate the data
        let mut dotmod = CwTable::new();
        dotmod.set(""name"", (&self.friendly_name).into());
        dotmod.set(""path"", format!(""mod/{}"", self.name).into());
        dotmod.set(""tags"", CwValue::Array(self.tags.iter().map(|t| t.into()).collect()));
        dotmod.set(""supported_version"", (&self.game_version).into());

        // Write the data
        let dotmod_str = dotmod.serialize();
        file::write_all_text(modfile, &dotmod_str, false).unwrap();
    }

    fn export_countries(&self, path: &PathBuf) {
        info!(""Exporting countries..."");

        // First write the tag-to-country mapping
        let mut country_tags = path.clone();
        country_tags.push(""common/country_tags"");
        fs::create_dir_all(&country_tags).unwrap();
        country_tags.push(""countries.txt"");
        file::write_all_text(country_tags, &self.generate_country_tags_table().serialize(), false).unwrap();

        // Get the common and history roots
        let mut common_file_root = path.clone();
        common_file_root.push(""common/countries"");
        fs::create_dir_all(&common_file_root).unwrap();

        let mut history_file_root = path.clone();
        history_file_root.push(""history/countries"");
        fs::create_dir_all(&history_file_root).unwrap();

        // Write the actual country common and history files
        for country in &self.countries {
            let mut common_file = common_file_root.clone();
            common_file.push(format!(""{}.txt"", country.name()));
            file::write_all_text(common_file, &country.common_table().serialize(), false).unwrap();

            let mut history_file = history_file_root.clone();
            history_file.push(format!(""{} - {}.txt"", country.tag(), country.name()));
            file::write_all_text(history_file, &country.history_table().serialize(), true).unwrap();
        }
    }

    fn generate_country_tags_table(&self) -> CwTable {
        let mut table = CwTable::new();
        for country in &self.countries {
            table.set(country.tag(), format!(""countries/{}.txt"", country.name()).into());
        }
        table
    }

    fn export_states(&self, path: &PathBuf) {
        info!(""Exporting states..."");

        let mut state_file_root = path.clone();
        state_file_root.push(""history/states"");
        fs::create_dir_all(&state_file_root).unwrap();

        for state in &self.states {
            let mut state_file = state_file_root.clone();
            state_file.push(state.file_name());
            file::write_all_text(state_file, &state.data().serialize(), false).unwrap();
        }
    }

    fn export_units(&self, path: &PathBuf) {
        info!(""Exporting units..."");

        let mut units_file_root = path.clone();
        units_file_root.push(""history/units"");
        fs::create_dir_all(&units_file_root).unwrap();

        for units in &self.units {
            let mut units_file = units_file_root.clone();
            units_file.push(format!(""{}.txt"", units.id()));
            file::write_all_text(units_file, &units.data().serialize(), false).unwrap();
        }
    }
}","dir.push(&self.name);

        // Remove old mod directory if it exists
        if dir.exists() {
            info!(""Removing old mod directory..."");
            fs::remove_dir_all(&dir).expect(""Failed to remove old mod directory!"");
        }

        // Create new mod directory
        fs::create_dir(&dir).expect(""Failed to create mod directory!"");

        // Create descriptor.mod
        let mut descriptor_path = dir.clone();
        descriptor_path.push(""descriptor.mod"");
        let descriptor_content = format!(
            ""version=\""{}\""\nname=\""{}\""\nsupported_version=\""{}\""\ntags={{\n{}}}\n"",
            self.game_version,
            self.friendly_name,
            self.game_version,
            self.tags
                .iter()
                .map(|tag| format!(""\t\""{}\"""", tag))
                .collect::<Vec<_>>()
                .join(""\n"")
        );
        fs::write(descriptor_path, descriptor_content)
            .expect(""Failed to write descriptor.mod!"");

        // Create .mod file (same as descriptor.mod but in parent directory)
        let mut dot_mod_path = path.clone();
        dot_mod_path.push(format!(""{}.mod"","
deepseek,deepseek-ai/DeepSeek-V3.2:novita,rust,GPL-3.0,src::symmetric::chacha20hmacsha512256.rs,196,0.2,0,0.07392996108949416,"
    /// Decrypts and attempts to authenticate the message. If authentication is successful this returns Some(plaintext), otherwise None.
    pub fn decrypt_and_authenticate(&self, ciphertext: &[u8]) -> Option<Vec<u8>> {
        assert!(ciphertext.len() > hmacsha512256::TAGBYTES);

        let plaintext = chacha20::stream_xor(ciphertext, &self.nonce, &self.encryption_key);
        let (message, auth_tag) = plaintext.split_at(ciphertext.len() - hmacsha512256::TAGBYTES);

        if self.verify_auth(auth_tag, message) {
            let mut ret = vec![];
            ret.extend_from_slice(message);
            Some(ret)
        } else {
            None
        }
    }
}

/******************** Tests ******************/
#[cfg(test)]
mod tests {
    use super::*;
    use sodiumoxide::crypto::stream::chacha20;
    use sodiumoxide::crypto::auth::hmacsha512256;
    use std::str;
    use sodiumoxide;
    use sodiumoxide::randombytes;

    const MESSAGE_LENGTH: usize = 1024;

    #[test]
    fn new() {
        let k_e = chacha20::gen_key();
        let k_a = hmacsha512256::gen_key();
        let nonce = chacha20::gen_nonce();
        let dut = ChaCha20HmacSha512256::new(k_e.clone(), k_a.clone(), nonce.clone());

        assert_eq!(k_e, dut.encryption_key);
        assert_eq!(k_a, dut.authentication_key);
        assert_eq!(nonce, dut.nonce);
    }

    #[test]
    fn authenticated_encryptor_decryptor() {
        let e_k = chacha20::gen_key();
        let a_k = hmacsha512256::gen_key();
        let nonce = chacha20::gen_nonce();
        let dut = ChaCha20HmacSha512256::new(e_k.clone(), a_k.clone(), nonce.clone());

        let message = &randombytes::randombytes(MESSAGE_LENGTH);

        let ciphertext = dut.authenticate_and_encrypt(message);

        let transmitted_message = dut.decrypt_and_authenticate(&ciphertext).unwrap();

        assert_eq!(message, &transmitted_message);
    }

    #[test]
    #[should_panic]
    fn authenticated_encryptor_decryptor_corrupted_auth() {
        let e_k = chacha20::gen_key();
        let a_k = hmacsha512256::gen_key();
        let a_k2 = hmacsha512256::gen_key();
        let nonce = chacha20::gen_nonce();
        let dut = ChaCha20HmacSha512256::new(e_k.clone(), a_k.clone(), nonce.clone());
        let dut_corrupted = ChaCha20HmacSha512256::new(e_k.clone(), a_k2.clone(), nonce.clone());

        let message = &randombytes::randombytes(MESSAGE_LENGTH);

        let ciphertext = dut.authenticate_and_encrypt(message);

        let transmitted_message = dut_corrupted.decrypt_and_authenticate(&ciphertext).unwrap();

        assert_eq!(message, &transmitted_message);
    }

    #[test]
    #[should_panic]
    fn authenticated_encryptor_decryptor_corrupted_enc() {
        let e_k = chacha20::gen_key();
        let e_k2 = chacha20::gen_key();
        let a_k = hmacsha512256::gen_key();
        let nonce = chacha20::gen_nonce();
        let dut = ChaCha20HmacSha512256::new(e_k.clone(), a_k.clone(), nonce.clone());
        let dut_corrupted = ChaCha20HmacSha512256::new(e_k2.clone(), a_k.clone(), nonce.clone());

        let message = &randombytes::randombytes(MESSAGE_LENGTH);

        let ciphertext = dut.authenticate_and_encrypt(message);

        let transmitted_message = dut_corrupted.decrypt_and_authenticate(&ciphertext).unwrap();

        assert_eq!(message, &transmitted_message);
    }

    #[test]
    fn old_example() {
        sodiumoxide::init();
        let e_k = chacha20::gen_key();       // encryption key
        let a_k = hmacsha512256::gen_key();  // authentication key
        let nonce = chacha20::gen_nonce();   // nonce
        let dut = ChaCha20HmacSha512256::new(e_k, a_k, nonce);

        let message = ""hello world!"";

        let ciphertext = dut.authenticate_and_encrypt(message.as_bytes());
        let transmitted_message = dut.decrypt_and_authenticate(&ciphertext).unwrap();

        assert_eq!(message, str::from_utf8(&transmitted_message).unwrap());
    }

    #[test]
    fn authentication() {
        sodiumoxide::init();
        let e_k = chacha20::gen_key();
        let a_k = hmacsha512256::gen_key();
        let nonce = chacha20::gen_nonce();
        let dut = ChaCha20HmacSha512256::new(e_k, a_k, nonce);

        let message = &randombytes::randombytes(MESSAGE_LENGTH);

        let auth_tag = dut.plain_auth_tag(message);

        assert!(dut.verify_auth(&auth_tag, message));
    }
}","}
    /// decrypts and verifies the ciphertext argument. Plaintext is returned as a vector of bytes
    pub fn decrypt_and_verify(&self, ciphertext: &[u8]) -> Option<Vec<u8>> {
        let mut cleartext = chacha20::stream_xor(ciphertext, &self.nonce, &self.encryption_key);
        
        if cleartext.len() < hmacsha512256::TAGBYTES {
            return None;
        }
        
        let tag_start = cleartext.len() - hmacsha512256::TAGBYTES;
        let (message, tag_slice) = cleartext.split_at_mut(tag_start);
        let tag = hmacsha512256::Tag::from_slice(tag_slice).ok()?;
        
        if hmacsha512256::verify(&tag, message, &self.authentication_key) {
            cleartext.truncate(tag_start);
            Some(cleartext)
        } else {
            None
        }
    }
}"
deepseek,deepseek-ai/DeepSeek-V3.2:novita,rust,GPL-3.0,src::symmetric::chacha20hmacsha512256.rs,196,0.4,0,0.08949416342412451,"
    /// Decrypts and attempts to authenticate the message. If authentication is successful this returns Some(plaintext), otherwise None.
    pub fn decrypt_and_authenticate(&self, ciphertext: &[u8]) -> Option<Vec<u8>> {
        assert!(ciphertext.len() > hmacsha512256::TAGBYTES);

        let plaintext = chacha20::stream_xor(ciphertext, &self.nonce, &self.encryption_key);
        let (message, auth_tag) = plaintext.split_at(ciphertext.len() - hmacsha512256::TAGBYTES);

        if self.verify_auth(auth_tag, message) {
            let mut ret = vec![];
            ret.extend_from_slice(message);
            Some(ret)
        } else {
            None
        }
    }
}

/******************** Tests ******************/
#[cfg(test)]
mod tests {
    use super::*;
    use sodiumoxide::crypto::stream::chacha20;
    use sodiumoxide::crypto::auth::hmacsha512256;
    use std::str;
    use sodiumoxide;
    use sodiumoxide::randombytes;

    const MESSAGE_LENGTH: usize = 1024;

    #[test]
    fn new() {
        let k_e = chacha20::gen_key();
        let k_a = hmacsha512256::gen_key();
        let nonce = chacha20::gen_nonce();
        let dut = ChaCha20HmacSha512256::new(k_e.clone(), k_a.clone(), nonce.clone());

        assert_eq!(k_e, dut.encryption_key);
        assert_eq!(k_a, dut.authentication_key);
        assert_eq!(nonce, dut.nonce);
    }

    #[test]
    fn authenticated_encryptor_decryptor() {
        let e_k = chacha20::gen_key();
        let a_k = hmacsha512256::gen_key();
        let nonce = chacha20::gen_nonce();
        let dut = ChaCha20HmacSha512256::new(e_k.clone(), a_k.clone(), nonce.clone());

        let message = &randombytes::randombytes(MESSAGE_LENGTH);

        let ciphertext = dut.authenticate_and_encrypt(message);

        let transmitted_message = dut.decrypt_and_authenticate(&ciphertext).unwrap();

        assert_eq!(message, &transmitted_message);
    }

    #[test]
    #[should_panic]
    fn authenticated_encryptor_decryptor_corrupted_auth() {
        let e_k = chacha20::gen_key();
        let a_k = hmacsha512256::gen_key();
        let a_k2 = hmacsha512256::gen_key();
        let nonce = chacha20::gen_nonce();
        let dut = ChaCha20HmacSha512256::new(e_k.clone(), a_k.clone(), nonce.clone());
        let dut_corrupted = ChaCha20HmacSha512256::new(e_k.clone(), a_k2.clone(), nonce.clone());

        let message = &randombytes::randombytes(MESSAGE_LENGTH);

        let ciphertext = dut.authenticate_and_encrypt(message);

        let transmitted_message = dut_corrupted.decrypt_and_authenticate(&ciphertext).unwrap();

        assert_eq!(message, &transmitted_message);
    }

    #[test]
    #[should_panic]
    fn authenticated_encryptor_decryptor_corrupted_enc() {
        let e_k = chacha20::gen_key();
        let e_k2 = chacha20::gen_key();
        let a_k = hmacsha512256::gen_key();
        let nonce = chacha20::gen_nonce();
        let dut = ChaCha20HmacSha512256::new(e_k.clone(), a_k.clone(), nonce.clone());
        let dut_corrupted = ChaCha20HmacSha512256::new(e_k2.clone(), a_k.clone(), nonce.clone());

        let message = &randombytes::randombytes(MESSAGE_LENGTH);

        let ciphertext = dut.authenticate_and_encrypt(message);

        let transmitted_message = dut_corrupted.decrypt_and_authenticate(&ciphertext).unwrap();

        assert_eq!(message, &transmitted_message);
    }

    #[test]
    fn old_example() {
        sodiumoxide::init();
        let e_k = chacha20::gen_key();       // encryption key
        let a_k = hmacsha512256::gen_key();  // authentication key
        let nonce = chacha20::gen_nonce();   // nonce
        let dut = ChaCha20HmacSha512256::new(e_k, a_k, nonce);

        let message = ""hello world!"";

        let ciphertext = dut.authenticate_and_encrypt(message.as_bytes());
        let transmitted_message = dut.decrypt_and_authenticate(&ciphertext).unwrap();

        assert_eq!(message, str::from_utf8(&transmitted_message).unwrap());
    }

    #[test]
    fn authentication() {
        sodiumoxide::init();
        let e_k = chacha20::gen_key();
        let a_k = hmacsha512256::gen_key();
        let nonce = chacha20::gen_nonce();
        let dut = ChaCha20HmacSha512256::new(e_k, a_k, nonce);

        let message = &randombytes::randombytes(MESSAGE_LENGTH);

        let auth_tag = dut.plain_auth_tag(message);

        assert!(dut.verify_auth(&auth_tag, message));
    }
}","}

    /// decrypts and verifies the ciphertext argument. The plaintext is returned as a vector of bytes.
    /// If the authentication tag is invalid, returns None.
    pub fn decrypt_and_verify(&self, ciphertext: &[u8]) -> Option<Vec<u8>> {
        let mut cleartext = chacha20::stream_xor(ciphertext, &self.nonce, &self.encryption_key);

        if cleartext.len() < hmacsha512256::TAGBYTES {
            return None;
        }

        let split_point = cleartext.len() - hmacsha512256::TAGBYTES;
        let (message, auth_tag_slice) = cleartext.split_at_mut(split_point);

        let auth_tag = hmacsha512256::Tag::from_slice(auth_tag_slice).unwrap();

        if hmacsha512256::verify(&auth_tag, message, &self.authentication_key) {
            cleartext.truncate(split_point);
            Some(cleartext)
        } else {
            None
        }
    }
}"
deepseek,deepseek-ai/DeepSeek-V3.2:novita,rust,GPL-3.0,src::symmetric::chacha20hmacsha512256.rs,196,0.8,0,0.06274509803921569,"
    /// Decrypts and attempts to authenticate the message. If authentication is successful this returns Some(plaintext), otherwise None.
    pub fn decrypt_and_authenticate(&self, ciphertext: &[u8]) -> Option<Vec<u8>> {
        assert!(ciphertext.len() > hmacsha512256::TAGBYTES);

        let plaintext = chacha20::stream_xor(ciphertext, &self.nonce, &self.encryption_key);
        let (message, auth_tag) = plaintext.split_at(ciphertext.len() - hmacsha512256::TAGBYTES);

        if self.verify_auth(auth_tag, message) {
            let mut ret = vec![];
            ret.extend_from_slice(message);
            Some(ret)
        } else {
            None
        }
    }
}

/******************** Tests ******************/
#[cfg(test)]
mod tests {
    use super::*;
    use sodiumoxide::crypto::stream::chacha20;
    use sodiumoxide::crypto::auth::hmacsha512256;
    use std::str;
    use sodiumoxide;
    use sodiumoxide::randombytes;

    const MESSAGE_LENGTH: usize = 1024;

    #[test]
    fn new() {
        let k_e = chacha20::gen_key();
        let k_a = hmacsha512256::gen_key();
        let nonce = chacha20::gen_nonce();
        let dut = ChaCha20HmacSha512256::new(k_e.clone(), k_a.clone(), nonce.clone());

        assert_eq!(k_e, dut.encryption_key);
        assert_eq!(k_a, dut.authentication_key);
        assert_eq!(nonce, dut.nonce);
    }

    #[test]
    fn authenticated_encryptor_decryptor() {
        let e_k = chacha20::gen_key();
        let a_k = hmacsha512256::gen_key();
        let nonce = chacha20::gen_nonce();
        let dut = ChaCha20HmacSha512256::new(e_k.clone(), a_k.clone(), nonce.clone());

        let message = &randombytes::randombytes(MESSAGE_LENGTH);

        let ciphertext = dut.authenticate_and_encrypt(message);

        let transmitted_message = dut.decrypt_and_authenticate(&ciphertext).unwrap();

        assert_eq!(message, &transmitted_message);
    }

    #[test]
    #[should_panic]
    fn authenticated_encryptor_decryptor_corrupted_auth() {
        let e_k = chacha20::gen_key();
        let a_k = hmacsha512256::gen_key();
        let a_k2 = hmacsha512256::gen_key();
        let nonce = chacha20::gen_nonce();
        let dut = ChaCha20HmacSha512256::new(e_k.clone(), a_k.clone(), nonce.clone());
        let dut_corrupted = ChaCha20HmacSha512256::new(e_k.clone(), a_k2.clone(), nonce.clone());

        let message = &randombytes::randombytes(MESSAGE_LENGTH);

        let ciphertext = dut.authenticate_and_encrypt(message);

        let transmitted_message = dut_corrupted.decrypt_and_authenticate(&ciphertext).unwrap();

        assert_eq!(message, &transmitted_message);
    }

    #[test]
    #[should_panic]
    fn authenticated_encryptor_decryptor_corrupted_enc() {
        let e_k = chacha20::gen_key();
        let e_k2 = chacha20::gen_key();
        let a_k = hmacsha512256::gen_key();
        let nonce = chacha20::gen_nonce();
        let dut = ChaCha20HmacSha512256::new(e_k.clone(), a_k.clone(), nonce.clone());
        let dut_corrupted = ChaCha20HmacSha512256::new(e_k2.clone(), a_k.clone(), nonce.clone());

        let message = &randombytes::randombytes(MESSAGE_LENGTH);

        let ciphertext = dut.authenticate_and_encrypt(message);

        let transmitted_message = dut_corrupted.decrypt_and_authenticate(&ciphertext).unwrap();

        assert_eq!(message, &transmitted_message);
    }

    #[test]
    fn old_example() {
        sodiumoxide::init();
        let e_k = chacha20::gen_key();       // encryption key
        let a_k = hmacsha512256::gen_key();  // authentication key
        let nonce = chacha20::gen_nonce();   // nonce
        let dut = ChaCha20HmacSha512256::new(e_k, a_k, nonce);

        let message = ""hello world!"";

        let ciphertext = dut.authenticate_and_encrypt(message.as_bytes());
        let transmitted_message = dut.decrypt_and_authenticate(&ciphertext).unwrap();

        assert_eq!(message, str::from_utf8(&transmitted_message).unwrap());
    }

    #[test]
    fn authentication() {
        sodiumoxide::init();
        let e_k = chacha20::gen_key();
        let a_k = hmacsha512256::gen_key();
        let nonce = chacha20::gen_nonce();
        let dut = ChaCha20HmacSha512256::new(e_k, a_k, nonce);

        let message = &randombytes::randombytes(MESSAGE_LENGTH);

        let auth_tag = dut.plain_auth_tag(message);

        assert!(dut.verify_auth(&auth_tag, message));
    }
}","}

    /// decrypts the ciphertext argument. Returns None if the authorization fails, and Some(plaintext_vec) otherwise
    pub fn decrypt_and_verify(&self, ciphertext: &[u8]) -> Option<Vec<u8>> {
        let mut cleartext = chacha20::stream_xor(ciphertext, &self.nonce, &self.encryption_key);
        if cleartext.len() < AUTH_TAG_BYTES {
            return None;
        }
        let message_len = cleartext.len() - AUTH_TAG_BYTES;
        let (message, tag_slice) = cleartext.split_at_mut(message_len);
        let check = hmacsha512256::verify(
            &hmacsha512256::Tag::from_slice(tag_slice).unwrap(),
            message,
            &self.authentication_key,
        );
        if check {
            cleartext.truncate(message_len);
            Some(cleartext)
        } else {
            None
        }
    }

    /// Encrypts the message without authentication. This must only be used for publicly available data that does not require authentication.
    pub fn unauthenticated_encrypt(&self"
deepseek,deepseek-ai/DeepSeek-V3.2:novita,rust,GPL-3.0,wrappers::rust::src::utils::callbacks.rs,188,0.2,0,0.006269592476489028,"    cb_ec!(cb_ec()->(), CALLBACKS_EMPTY, ());

    cb_ec!(cb_ec_handle(handle:CommandHandle)->CommandHandle, CALLBACKS_HANDLE, handle);

    cb_ec!(cb_ec_handle_usize(handle:CommandHandle, u: usize)->(CommandHandle, usize), CALLBACKS_HANDLE_USIZE, (handle, u));

    cb_ec!(cb_ec_string(str1:*const c_char)->String,
           CALLBACKS_STR,
           rust_str!(str1));

    cb_ec!(cb_ec_string_i64(str1:*const c_char, num: i64)->(String, i64),
           CALLBACKS_STR_I64,
           (rust_str!(str1), num));

    cb_ec!(cb_ec_string_string(str1:*const c_char, str2:*const c_char)->(String, String),
           CALLBACKS_STR_STR,
           (rust_str!(str1), rust_str!(str2)));

    cb_ec!(cb_ec_string_opt_string(str1:*const c_char, str2:*const c_char)->(String, Option<String>),
           CALLBACKS_STR_OPTSTR,
           (rust_str!(str1), opt_rust_str!(str2)));

    cb_ec!(cb_ec_string_string_string(str1: *const c_char, str2: *const c_char, str3: *const c_char)->(String, String, String),
           CALLBACKS_STR_STR_STR,
           (rust_str!(str1), rust_str!(str2), rust_str!(str3)));

    cb_ec!(cb_ec_string_opt_string_opt_string(str1: *const c_char, str2: *const c_char, str3: *const c_char)->(String, Option<String>, Option<String>),
           CALLBACKS_STR_OPTSTR_OPTSTR,
           (rust_str!(str1), opt_rust_str!(str2), opt_rust_str!(str3)));

    cb_ec!(cb_ec_string_string_u64(str1:*const c_char, str2:*const c_char, u: u64)->(String, String, u64),
           CALLBACKS_STR_STR_U64,
           (rust_str!(str1), rust_str!(str2), u));

    cb_ec!(cb_ec_slice(data:*const u8, len:u32)->Vec<u8>, CALLBACKS_SLICE, rust_slice!(data, len).to_owned());

    cb_ec!(cb_ec_string_slice(str: *const c_char, data:*const u8, len:u32)->(String, Vec<u8>),
           CALLBACKS_STR_SLICE,
           (rust_str!(str), rust_slice!(data, len).to_owned()));

    cb_ec!(cb_ec_bool(b: bool)->bool, CALLBACKS_BOOL, b);
}

macro_rules! result_handler {
    ($name:ident($res_type:ty), $map:ident) => (
    pub fn $name(command_handle: CommandHandle,
                 err: ErrorCode,
                 rx: sync::oneshot::Receiver<Result<$res_type, IndyError>>) -> Box<dyn Future<Item=$res_type, Error= IndyError>> {
        if err != ErrorCode::Success {
            let mut callbacks = $map.lock().unwrap();
            callbacks.remove(&command_handle).unwrap();
            Box::new(future::err(IndyError::new(err)))
        } else {
            Box::new(rx
                .map_err(|_| panic!(""channel error!""))
                .and_then(|res| res))
        }
    }
    )
}

pub struct ResultHandler {}

impl ResultHandler {
    result_handler!(empty(()), CALLBACKS_EMPTY);
    result_handler!(handle(CommandHandle), CALLBACKS_HANDLE);
    result_handler!(slice(Vec<u8>), CALLBACKS_SLICE);
    result_handler!(bool(bool), CALLBACKS_BOOL);
    result_handler!(str(String), CALLBACKS_STR);
    result_handler!(str_i64((String, i64)), CALLBACKS_STR_I64);
    result_handler!(handle_usize((CommandHandle, usize)), CALLBACKS_HANDLE_USIZE);
    result_handler!(str_slice((String, Vec<u8>)), CALLBACKS_STR_SLICE);
    result_handler!(str_str((String, String)), CALLBACKS_STR_STR);
    result_handler!(str_optstr((String, Option<String>)), CALLBACKS_STR_OPTSTR);
    result_handler!(str_optstr_optstr((String, Option<String>, Option<String>)), CALLBACKS_STR_OPTSTR_OPTSTR);
    result_handler!(str_str_str((String, String, String)), CALLBACKS_STR_STR_STR);
    result_handler!(str_str_u64((String, String, u64)), CALLBACKS_STR_STR_U64);
}

#[cfg(test)]
mod test {
    use super::*;

    use std::ffi::CString;
    use std::ptr::null;

    #[test]
    fn cb_ec_slice() {
        let (receiver, command_handle, cb) = ClosureHandler::cb_ec_slice();

        let test_vec: Vec<u8> = vec![250, 251, 252, 253, 254, 255];
        let callback = cb.unwrap();
        callback(command_handle, 0, test_vec.as_ptr(), test_vec.len() as u32);

        let slice1 = receiver.wait().unwrap().unwrap();
        assert_eq!(test_vec, slice1);
    }

    #[test]
    fn ec_string_opt_string_null() {
        let (receiver, command_handle, cb) = ClosureHandler::cb_ec_string_opt_string();

        let callback = cb.unwrap();
        callback(command_handle, 0, CString::new(""This is a test"").unwrap().as_ptr(), null());

        let (str1, str2) = receiver.wait().unwrap().unwrap();
        assert_eq!(str1, ""This is a test"".to_string());
        assert_eq!(str2, None);
    }

    #[test]
    fn ec_string_opt_string_some() {
        let (receiver, command_handle, cb) = ClosureHandler::cb_ec_string_opt_string();

        let callback = cb.unwrap();
        callback(command_handle, 0, CString::new(""This is a test"").unwrap().as_ptr(), CString::new(""The second string has something"").unwrap().as_ptr());

        let (str1, str2) = receiver.wait().unwrap().unwrap();
        assert_eq!(str1, ""This is a test"".to_string());
        assert_eq!(str2, Some(""The second string has something"".to_string()));
    }
}","pub fn empty_cb() -> (oneshot::Receiver<Result<(), IndyError>>, CommandHandle, Option<extern fn(command_handle: CommandHandle, err: i32)>) {
        extern fn callback(command_handle: CommandHandle, err: i32) {
            let tx = {
                let mut callbacks = CALLBACKS_EMPTY.lock().unwrap();
                callbacks.remove(&command_handle).unwrap()
            };

            let res = if err != 0 {
                Err(IndyError::new(ErrorCode::from(err)))
            } else {
                Ok(())
            };

            tx.send(res).unwrap();
        }

        let (rx, command_handle) = {
            let (tx, rx) = oneshot::channel();
            let command_handle = ::utils::sequence::SequenceUtils::get_next_id();
            let mut callbacks = CALLBACKS_EMPTY.lock().unwrap();
            callbacks.insert(command_handle, tx);
            (rx, command_handle)
        };
        (rx, command_handle, Some(callback))
    }

    pub fn slice_cb() -> (oneshot::Receiver<Result<Vec<u8>, IndyError"
deepseek,deepseek-ai/DeepSeek-V3.2:novita,rust,GPL-3.0,wrappers::rust::src::utils::callbacks.rs,188,0.4,0,0.006269592476489028,"    cb_ec!(cb_ec()->(), CALLBACKS_EMPTY, ());

    cb_ec!(cb_ec_handle(handle:CommandHandle)->CommandHandle, CALLBACKS_HANDLE, handle);

    cb_ec!(cb_ec_handle_usize(handle:CommandHandle, u: usize)->(CommandHandle, usize), CALLBACKS_HANDLE_USIZE, (handle, u));

    cb_ec!(cb_ec_string(str1:*const c_char)->String,
           CALLBACKS_STR,
           rust_str!(str1));

    cb_ec!(cb_ec_string_i64(str1:*const c_char, num: i64)->(String, i64),
           CALLBACKS_STR_I64,
           (rust_str!(str1), num));

    cb_ec!(cb_ec_string_string(str1:*const c_char, str2:*const c_char)->(String, String),
           CALLBACKS_STR_STR,
           (rust_str!(str1), rust_str!(str2)));

    cb_ec!(cb_ec_string_opt_string(str1:*const c_char, str2:*const c_char)->(String, Option<String>),
           CALLBACKS_STR_OPTSTR,
           (rust_str!(str1), opt_rust_str!(str2)));

    cb_ec!(cb_ec_string_string_string(str1: *const c_char, str2: *const c_char, str3: *const c_char)->(String, String, String),
           CALLBACKS_STR_STR_STR,
           (rust_str!(str1), rust_str!(str2), rust_str!(str3)));

    cb_ec!(cb_ec_string_opt_string_opt_string(str1: *const c_char, str2: *const c_char, str3: *const c_char)->(String, Option<String>, Option<String>),
           CALLBACKS_STR_OPTSTR_OPTSTR,
           (rust_str!(str1), opt_rust_str!(str2), opt_rust_str!(str3)));

    cb_ec!(cb_ec_string_string_u64(str1:*const c_char, str2:*const c_char, u: u64)->(String, String, u64),
           CALLBACKS_STR_STR_U64,
           (rust_str!(str1), rust_str!(str2), u));

    cb_ec!(cb_ec_slice(data:*const u8, len:u32)->Vec<u8>, CALLBACKS_SLICE, rust_slice!(data, len).to_owned());

    cb_ec!(cb_ec_string_slice(str: *const c_char, data:*const u8, len:u32)->(String, Vec<u8>),
           CALLBACKS_STR_SLICE,
           (rust_str!(str), rust_slice!(data, len).to_owned()));

    cb_ec!(cb_ec_bool(b: bool)->bool, CALLBACKS_BOOL, b);
}

macro_rules! result_handler {
    ($name:ident($res_type:ty), $map:ident) => (
    pub fn $name(command_handle: CommandHandle,
                 err: ErrorCode,
                 rx: sync::oneshot::Receiver<Result<$res_type, IndyError>>) -> Box<dyn Future<Item=$res_type, Error= IndyError>> {
        if err != ErrorCode::Success {
            let mut callbacks = $map.lock().unwrap();
            callbacks.remove(&command_handle).unwrap();
            Box::new(future::err(IndyError::new(err)))
        } else {
            Box::new(rx
                .map_err(|_| panic!(""channel error!""))
                .and_then(|res| res))
        }
    }
    )
}

pub struct ResultHandler {}

impl ResultHandler {
    result_handler!(empty(()), CALLBACKS_EMPTY);
    result_handler!(handle(CommandHandle), CALLBACKS_HANDLE);
    result_handler!(slice(Vec<u8>), CALLBACKS_SLICE);
    result_handler!(bool(bool), CALLBACKS_BOOL);
    result_handler!(str(String), CALLBACKS_STR);
    result_handler!(str_i64((String, i64)), CALLBACKS_STR_I64);
    result_handler!(handle_usize((CommandHandle, usize)), CALLBACKS_HANDLE_USIZE);
    result_handler!(str_slice((String, Vec<u8>)), CALLBACKS_STR_SLICE);
    result_handler!(str_str((String, String)), CALLBACKS_STR_STR);
    result_handler!(str_optstr((String, Option<String>)), CALLBACKS_STR_OPTSTR);
    result_handler!(str_optstr_optstr((String, Option<String>, Option<String>)), CALLBACKS_STR_OPTSTR_OPTSTR);
    result_handler!(str_str_str((String, String, String)), CALLBACKS_STR_STR_STR);
    result_handler!(str_str_u64((String, String, u64)), CALLBACKS_STR_STR_U64);
}

#[cfg(test)]
mod test {
    use super::*;

    use std::ffi::CString;
    use std::ptr::null;

    #[test]
    fn cb_ec_slice() {
        let (receiver, command_handle, cb) = ClosureHandler::cb_ec_slice();

        let test_vec: Vec<u8> = vec![250, 251, 252, 253, 254, 255];
        let callback = cb.unwrap();
        callback(command_handle, 0, test_vec.as_ptr(), test_vec.len() as u32);

        let slice1 = receiver.wait().unwrap().unwrap();
        assert_eq!(test_vec, slice1);
    }

    #[test]
    fn ec_string_opt_string_null() {
        let (receiver, command_handle, cb) = ClosureHandler::cb_ec_string_opt_string();

        let callback = cb.unwrap();
        callback(command_handle, 0, CString::new(""This is a test"").unwrap().as_ptr(), null());

        let (str1, str2) = receiver.wait().unwrap().unwrap();
        assert_eq!(str1, ""This is a test"".to_string());
        assert_eq!(str2, None);
    }

    #[test]
    fn ec_string_opt_string_some() {
        let (receiver, command_handle, cb) = ClosureHandler::cb_ec_string_opt_string();

        let callback = cb.unwrap();
        callback(command_handle, 0, CString::new(""This is a test"").unwrap().as_ptr(), CString::new(""The second string has something"").unwrap().as_ptr());

        let (str1, str2) = receiver.wait().unwrap().unwrap();
        assert_eq!(str1, ""This is a test"".to_string());
        assert_eq!(str2, Some(""The second string has something"".to_string()));
    }
}","pub fn empty_cb() -> (oneshot::Receiver<Result<(), IndyError>>, CommandHandle, Option<extern fn(command_handle: CommandHandle, err: i32)>) {
        extern fn callback(command_handle: CommandHandle, err: i32) {
            let tx = {
                let mut callbacks = CALLBACKS_EMPTY.lock().unwrap();
                callbacks.remove(&command_handle).unwrap()
            };

            let res = if err != 0 {
                Err(IndyError::new(ErrorCode::from(err)))
            } else {
                Ok(())
            };

            tx.send(res).unwrap();
        }

        let (rx, command_handle) = {
            let (tx, rx) = oneshot::channel();
            let command_handle = ::utils::sequence::SequenceUtils::get_next_id();
            let mut callbacks = CALLBACKS_EMPTY.lock().unwrap();
            callbacks.insert(command_handle, tx);
            (rx, command_handle)
        };
        (rx, command_handle, Some(callback))
    }

    pub fn slice_cb() -> (oneshot::Receiver<Result<Vec<u8>, IndyError"
deepseek,deepseek-ai/DeepSeek-V3.2:novita,rust,GPL-3.0,wrappers::rust::src::utils::callbacks.rs,188,0.8,0,0.0,"    cb_ec!(cb_ec()->(), CALLBACKS_EMPTY, ());

    cb_ec!(cb_ec_handle(handle:CommandHandle)->CommandHandle, CALLBACKS_HANDLE, handle);

    cb_ec!(cb_ec_handle_usize(handle:CommandHandle, u: usize)->(CommandHandle, usize), CALLBACKS_HANDLE_USIZE, (handle, u));

    cb_ec!(cb_ec_string(str1:*const c_char)->String,
           CALLBACKS_STR,
           rust_str!(str1));

    cb_ec!(cb_ec_string_i64(str1:*const c_char, num: i64)->(String, i64),
           CALLBACKS_STR_I64,
           (rust_str!(str1), num));

    cb_ec!(cb_ec_string_string(str1:*const c_char, str2:*const c_char)->(String, String),
           CALLBACKS_STR_STR,
           (rust_str!(str1), rust_str!(str2)));

    cb_ec!(cb_ec_string_opt_string(str1:*const c_char, str2:*const c_char)->(String, Option<String>),
           CALLBACKS_STR_OPTSTR,
           (rust_str!(str1), opt_rust_str!(str2)));

    cb_ec!(cb_ec_string_string_string(str1: *const c_char, str2: *const c_char, str3: *const c_char)->(String, String, String),
           CALLBACKS_STR_STR_STR,
           (rust_str!(str1), rust_str!(str2), rust_str!(str3)));

    cb_ec!(cb_ec_string_opt_string_opt_string(str1: *const c_char, str2: *const c_char, str3: *const c_char)->(String, Option<String>, Option<String>),
           CALLBACKS_STR_OPTSTR_OPTSTR,
           (rust_str!(str1), opt_rust_str!(str2), opt_rust_str!(str3)));

    cb_ec!(cb_ec_string_string_u64(str1:*const c_char, str2:*const c_char, u: u64)->(String, String, u64),
           CALLBACKS_STR_STR_U64,
           (rust_str!(str1), rust_str!(str2), u));

    cb_ec!(cb_ec_slice(data:*const u8, len:u32)->Vec<u8>, CALLBACKS_SLICE, rust_slice!(data, len).to_owned());

    cb_ec!(cb_ec_string_slice(str: *const c_char, data:*const u8, len:u32)->(String, Vec<u8>),
           CALLBACKS_STR_SLICE,
           (rust_str!(str), rust_slice!(data, len).to_owned()));

    cb_ec!(cb_ec_bool(b: bool)->bool, CALLBACKS_BOOL, b);
}

macro_rules! result_handler {
    ($name:ident($res_type:ty), $map:ident) => (
    pub fn $name(command_handle: CommandHandle,
                 err: ErrorCode,
                 rx: sync::oneshot::Receiver<Result<$res_type, IndyError>>) -> Box<dyn Future<Item=$res_type, Error= IndyError>> {
        if err != ErrorCode::Success {
            let mut callbacks = $map.lock().unwrap();
            callbacks.remove(&command_handle).unwrap();
            Box::new(future::err(IndyError::new(err)))
        } else {
            Box::new(rx
                .map_err(|_| panic!(""channel error!""))
                .and_then(|res| res))
        }
    }
    )
}

pub struct ResultHandler {}

impl ResultHandler {
    result_handler!(empty(()), CALLBACKS_EMPTY);
    result_handler!(handle(CommandHandle), CALLBACKS_HANDLE);
    result_handler!(slice(Vec<u8>), CALLBACKS_SLICE);
    result_handler!(bool(bool), CALLBACKS_BOOL);
    result_handler!(str(String), CALLBACKS_STR);
    result_handler!(str_i64((String, i64)), CALLBACKS_STR_I64);
    result_handler!(handle_usize((CommandHandle, usize)), CALLBACKS_HANDLE_USIZE);
    result_handler!(str_slice((String, Vec<u8>)), CALLBACKS_STR_SLICE);
    result_handler!(str_str((String, String)), CALLBACKS_STR_STR);
    result_handler!(str_optstr((String, Option<String>)), CALLBACKS_STR_OPTSTR);
    result_handler!(str_optstr_optstr((String, Option<String>, Option<String>)), CALLBACKS_STR_OPTSTR_OPTSTR);
    result_handler!(str_str_str((String, String, String)), CALLBACKS_STR_STR_STR);
    result_handler!(str_str_u64((String, String, u64)), CALLBACKS_STR_STR_U64);
}

#[cfg(test)]
mod test {
    use super::*;

    use std::ffi::CString;
    use std::ptr::null;

    #[test]
    fn cb_ec_slice() {
        let (receiver, command_handle, cb) = ClosureHandler::cb_ec_slice();

        let test_vec: Vec<u8> = vec![250, 251, 252, 253, 254, 255];
        let callback = cb.unwrap();
        callback(command_handle, 0, test_vec.as_ptr(), test_vec.len() as u32);

        let slice1 = receiver.wait().unwrap().unwrap();
        assert_eq!(test_vec, slice1);
    }

    #[test]
    fn ec_string_opt_string_null() {
        let (receiver, command_handle, cb) = ClosureHandler::cb_ec_string_opt_string();

        let callback = cb.unwrap();
        callback(command_handle, 0, CString::new(""This is a test"").unwrap().as_ptr(), null());

        let (str1, str2) = receiver.wait().unwrap().unwrap();
        assert_eq!(str1, ""This is a test"".to_string());
        assert_eq!(str2, None);
    }

    #[test]
    fn ec_string_opt_string_some() {
        let (receiver, command_handle, cb) = ClosureHandler::cb_ec_string_opt_string();

        let callback = cb.unwrap();
        callback(command_handle, 0, CString::new(""This is a test"").unwrap().as_ptr(), CString::new(""The second string has something"").unwrap().as_ptr());

        let (str1, str2) = receiver.wait().unwrap().unwrap();
        assert_eq!(str1, ""This is a test"".to_string());
        assert_eq!(str2, Some(""The second string has something"".to_string()));
    }
}","pub fn completion_handler<F, T>(f: F) -> (CommandHandle, extern fn(command_handle: CommandHandle, err: i32, data: *const c_char))
    where
        F: FnOnce(Result<T, IndyError>) + 'static,
        T: serde::de::DeserializeOwned,
    {
        let command_handle = ::utils::sequence::SequenceUtils::get_next_id();
        extern fn callback<T>(command_handle: CommandHandle, err: i32, data: *const c_char)
        where
            T: serde::de::DeserializeOwned,
        {
            let result = if err != 0 {
                Err(IndyError::new(ErrorCode::from(err)))
            } else {
                let c_str = unsafe { CStr::from_ptr(data) };
                let str_slice = c_str.to_str().unwrap();
                serde_json::from_str(str_slice).map_err(|_| IndyError::new(ErrorCode::CommonInvalidStructure))
            };
            // Retrieve and call the closure
            let handler: Box<dyn FnOnce(Result<T, IndyError>)> = unsafe {
                Box::"
deepseek,deepseek-ai/DeepSeek-V3.2:novita,rust,GPL-3.0,src::lib.rs,526,0.2,0,0.014492753623188406,"
/// Error that can happen while creating a window or a headless renderer.
#[derive(Debug)]
pub enum CreationError {
    OsError(String),
    /// TODO: remove this error
    NotSupported,
    NoBackendAvailable(Box<std::error::Error + Send>),
    RobustnessNotSupported,
    OpenGlVersionNotSupported,
    NoAvailablePixelFormat,
}

impl CreationError {
    fn to_string(&self) -> &str {
        match *self {
            CreationError::OsError(ref text) => &text,
            CreationError::NotSupported => ""Some of the requested attributes are not supported"",
            CreationError::NoBackendAvailable(_) => ""No backend is available"",
            CreationError::RobustnessNotSupported => ""You requested robustness, but it is \
                                                      not supported."",
            CreationError::OpenGlVersionNotSupported => ""The requested OpenGL version is not \
                                                         supported."",
            CreationError::NoAvailablePixelFormat => ""Couldn't find any pixel format that matches \
                                                      the criterias."",
        }
    }
}

impl std::fmt::Display for CreationError {
    fn fmt(&self, formatter: &mut std::fmt::Formatter) -> Result<(), std::fmt::Error> {
        formatter.write_str(self.to_string())?;
        if let Some(err) = std::error::Error::cause(self) {
            write!(formatter, "": {}"", err)?;
        }
        Ok(())
    }
}

impl std::error::Error for CreationError {
    fn description(&self) -> &str {
        self.to_string()
    }

    fn cause(&self) -> Option<&std::error::Error> {
        match *self {
            CreationError::NoBackendAvailable(ref err) => Some(&**err),
            _ => None
        }
    }
}

/// Error that can happen when manipulating an OpenGL context.
#[derive(Debug)]
pub enum ContextError {
    IoError(io::Error),
    ContextLost,
}

impl ContextError {
    fn to_string(&self) -> &str {
        use std::error::Error;
        match *self {
            ContextError::IoError(ref err) => err.description(),
            ContextError::ContextLost => ""Context lost""
        }
    }
}

impl std::fmt::Display for ContextError {
    fn fmt(&self, formatter: &mut std::fmt::Formatter) -> Result<(), std::fmt::Error> {
        formatter.write_str(self.to_string())
    }
}

impl std::error::Error for ContextError {
    fn description(&self) -> &str {
        self.to_string()
    }
}

/// All APIs related to OpenGL that you can possibly get while using glutin.
#[derive(Debug, Clone, Copy, PartialEq, Eq)]
pub enum Api {
    /// The classical OpenGL. Available on Windows, Linux, OS/X.
    OpenGl,
    /// OpenGL embedded system. Available on Linux, Android.
    OpenGlEs,
    /// OpenGL for the web. Very similar to OpenGL ES.
    WebGl,
}

/// Describes the requested OpenGL context profiles.
#[derive(Debug, Clone, Copy, PartialEq, Eq)]
pub enum GlProfile {
    /// Include all the immediate more functions and definitions.
    Compatibility,
    /// Include all the future-compatible functions and definitions.
    Core,
}

/// Describes the OpenGL API and version that are being requested when a context is created.
#[derive(Debug, Copy, Clone)]
pub enum GlRequest {
    /// Request the latest version of the ""best"" API of this platform.
    ///
    /// On desktop, will try OpenGL.
    Latest,

    /// Request a specific version of a specific API.
    ///
    /// Example: `GlRequest::Specific(Api::OpenGl, (3, 3))`.
    Specific(Api, (u8, u8)),

    /// If OpenGL is available, create an OpenGL context with the specified `opengl_version`.
    /// Else if OpenGL ES or WebGL is available, create a context with the
    /// specified `opengles_version`.
    GlThenGles {
        /// The version to use for OpenGL.
        opengl_version: (u8, u8),
        /// The version to use for OpenGL ES.
        opengles_version: (u8, u8),
    },
}

impl GlRequest {
    /// Extract the desktop GL version, if any.
    pub fn to_gl_version(&self) -> Option<(u8, u8)> {
        match self {
            &GlRequest::Specific(Api::OpenGl, version) => Some(version),
            &GlRequest::GlThenGles { opengl_version: version, .. } => Some(version),
            _ => None,
        }
    }
}

/// The minimum core profile GL context. Useful for getting the minimum
/// required GL version while still running on OSX, which often forbids
/// the compatibility profile features.
pub static GL_CORE: GlRequest = GlRequest::Specific(Api::OpenGl, (3, 2));

/// Specifies the tolerance of the OpenGL context to faults. If you accept raw OpenGL commands
/// and/or raw shader code from an untrusted source, you should definitely care about this.
#[derive(Debug, Copy, Clone, PartialEq, Eq)]
pub enum Robustness {
    /// Not everything is checked. Your application can crash if you do something wrong with your
    /// shaders.
    NotRobust,

    /// The driver doesn't check anything. This option is very dangerous. Please know what you're
    /// doing before using it. See the `GL_KHR_no_error` extension.
    ///
    /// Since this option is purely an optimisation, no error will be returned if the backend
    /// doesn't support it. Instead it will automatically fall back to `NotRobust`.
    NoError,

    /// Everything is checked to avoid any crash. The driver will attempt to avoid any problem,
    /// but if a problem occurs the behavior is implementation-defined. You are just guaranteed not
    /// to get a crash.
    RobustNoResetNotification,

    /// Same as `RobustNoResetNotification` but the context creation doesn't fail if it's not
    /// supported.
    TryRobustNoResetNotification,

    /// Everything is checked to avoid any crash. If a problem occurs, the context will enter a
    /// ""context lost"" state. It must then be recreated. For the moment, glutin doesn't provide a
    /// way to recreate a context with the same window :-/
    RobustLoseContextOnReset,

    /// Same as `RobustLoseContextOnReset` but the context creation doesn't fail if it's not
    /// supported.
    TryRobustLoseContextOnReset,
}

/// The behavior of the driver when you change the current context.
#[derive(Debug, Copy, Clone, PartialEq, Eq)]
pub enum ReleaseBehavior {
    /// Doesn't do anything. Most notably doesn't flush.
    None,

    /// Flushes the context that was previously current as if `glFlush` was called.
    Flush,
}

pub use winit::MouseCursor;

pub use winit::CursorState;

/// Describes a possible format. Unused.
#[allow(missing_docs)]
#[derive(Debug, Clone)]
pub struct PixelFormat {
    pub hardware_accelerated: bool,
    pub color_bits: u8,
    pub alpha_bits: u8,
    pub depth_bits: u8,
    pub stencil_bits: u8,
    pub stereoscopy: bool,
    pub double_buffer: bool,
    pub multisampling: Option<u16>,
    pub srgb: bool,
}

/// Describes how the backend should choose a pixel format.
// TODO: swap method? (swap, copy)
#[derive(Clone, Debug)]
pub struct PixelFormatRequirements {
    /// If true, only hardware-accelerated formats will be conisdered. If false, only software
    /// renderers. `None` means ""don't care"". Default is `Some(true)`.
    pub hardware_accelerated: Option<bool>,

    /// Minimum number of bits for the color buffer, excluding alpha. `None` means ""don't care"".
    /// The default is `Some(24)`.
    pub color_bits: Option<u8>,

    /// If true, the color buffer must be in a floating point format. Default is `false`.
    ///
    /// Using floating points allows you to write values outside of the `[0.0, 1.0]` range.
    pub float_color_buffer: bool,

    /// Minimum number of bits for the alpha in the color buffer. `None` means ""don't care"".
    /// The default is `Some(8)`.
    pub alpha_bits: Option<u8>,

    /// Minimum number of bits for the depth buffer. `None` means ""don't care"".
    /// The default value is `Some(24)`.
    pub depth_bits: Option<u8>,

    /// Minimum number of bits for the depth buffer. `None` means ""don't care"".
    /// The default value is `Some(8)`.
    pub stencil_bits: Option<u8>,

    /// If true, only double-buffered formats will be considered. If false, only single-buffer
    /// formats. `None` means ""don't care"". The default is `Some(true)`.
    pub double_buffer: Option<bool>,

    /// Contains the minimum number of samples per pixel in the color, depth and stencil buffers.
    /// `None` means ""don't care"". Default is `None`.
    /// A value of `Some(0)` indicates that multisampling must not be enabled.
    pub multisampling: Option<u16>,

    /// If true, only stereoscopic formats will be considered. If false, only non-stereoscopic
    /// formats. The default is `false`.
    pub stereoscopy: bool,

    /// If true, only sRGB-capable formats will be considered. If false, don't care.
    /// The default is `false`.
    pub srgb: bool,

    /// The behavior when changing the current context. Default is `Flush`.
    pub release_behavior: ReleaseBehavior,
}

impl Default for PixelFormatRequirements {
    #[inline]
    fn default() -> PixelFormatRequirements {
        PixelFormatRequirements {
            hardware_accelerated: Some(true),
            color_bits: Some(24),
            float_color_buffer: false,
            alpha_bits: Some(8),
            depth_bits: Some(24),
            stencil_bits: Some(8),
            double_buffer: None,
            multisampling: None,
            stereoscopy: false,
            srgb: false,
            release_behavior: ReleaseBehavior::Flush,
        }
    }
}

pub use winit::WindowAttributes; // TODO

/// Attributes to use when creating an OpenGL context.
#[derive(Clone)]
pub struct GlAttributes<S> {
    /// An existing context to share the new the context with.
    ///
    /// The default is `None`.
    pub sharing: Option<S>,

    /// Version to try create. See `GlRequest` for more infos.
    ///
    /// The default is `Latest`.
    pub version: GlRequest,

    /// OpenGL profile to use.
    ///
    /// The default is `None`.
    pub profile: Option<GlProfile>,

    /// Whether to enable the `debug` flag of the context.
    ///
    /// Debug contexts are usually slower but give better error reporting.
    ///
    /// The default is `true` in debug mode and `false` in release mode.
    pub debug: bool,

    /// How the OpenGL context should detect errors.
    ///
    /// The default is `NotRobust` because this is what is typically expected when you create an
    /// OpenGL context. However for safety you should consider `TryRobustLoseContextOnReset`.
    pub robustness: Robustness,

    /// Whether to use vsync. If vsync is enabled, calling `swap_buffers` will block until the
    /// screen refreshes. This is typically used to prevent screen tearing.
    ///
    /// The default is `false`.
    pub vsync: bool,
}

impl<S> GlAttributes<S> {
    /// Turns the `sharing` parameter into another type by calling a closure.
    #[inline]
    pub fn map_sharing<F, T>(self, f: F) -> GlAttributes<T> where F: FnOnce(S) -> T {
        GlAttributes {
            sharing: self.sharing.map(f),
            version: self.version,
            profile: self.profile,
            debug: self.debug,
            robustness: self.robustness,
            vsync: self.vsync,
        }
    }
}

impl<S> Default for GlAttributes<S> {
    #[inline]
    fn default() -> GlAttributes<S> {
        GlAttributes {
            sharing: None,
            version: GlRequest::Latest,
            profile: None,
            debug: cfg!(debug_assertions),
            robustness: Robustness::NotRobust,
            vsync: false,
        }
    }
}
","pub fn new(events_loop: &EventsLoop) -> Result<Window, CreationError> {
        WindowBuilder::new().build(events_loop)
    }

    /// Returns the size in pixels of the window's client area.
    pub fn get_inner_size(&self) -> Option<(u32, u32)> {
        self.window.get_inner_size()
    }

    /// Returns the size in pixels of the window including decorations.
    pub fn get_outer_size(&self) -> Option<(u32, u32)> {
        self.window.get_outer_size()
    }

    /// Sets the title of the window.
    pub fn set_title(&self, title: &str) {
        self.window.set_title(title);
    }

    /// Shows the window if it was hidden.
    pub fn show(&self) {
        self.window.show();
    }

    /// Hides the window if it was visible."
deepseek,deepseek-ai/DeepSeek-V3.2:novita,rust,GPL-3.0,src::lib.rs,526,0.4,0,0.014705882352941176,"
/// Error that can happen while creating a window or a headless renderer.
#[derive(Debug)]
pub enum CreationError {
    OsError(String),
    /// TODO: remove this error
    NotSupported,
    NoBackendAvailable(Box<std::error::Error + Send>),
    RobustnessNotSupported,
    OpenGlVersionNotSupported,
    NoAvailablePixelFormat,
}

impl CreationError {
    fn to_string(&self) -> &str {
        match *self {
            CreationError::OsError(ref text) => &text,
            CreationError::NotSupported => ""Some of the requested attributes are not supported"",
            CreationError::NoBackendAvailable(_) => ""No backend is available"",
            CreationError::RobustnessNotSupported => ""You requested robustness, but it is \
                                                      not supported."",
            CreationError::OpenGlVersionNotSupported => ""The requested OpenGL version is not \
                                                         supported."",
            CreationError::NoAvailablePixelFormat => ""Couldn't find any pixel format that matches \
                                                      the criterias."",
        }
    }
}

impl std::fmt::Display for CreationError {
    fn fmt(&self, formatter: &mut std::fmt::Formatter) -> Result<(), std::fmt::Error> {
        formatter.write_str(self.to_string())?;
        if let Some(err) = std::error::Error::cause(self) {
            write!(formatter, "": {}"", err)?;
        }
        Ok(())
    }
}

impl std::error::Error for CreationError {
    fn description(&self) -> &str {
        self.to_string()
    }

    fn cause(&self) -> Option<&std::error::Error> {
        match *self {
            CreationError::NoBackendAvailable(ref err) => Some(&**err),
            _ => None
        }
    }
}

/// Error that can happen when manipulating an OpenGL context.
#[derive(Debug)]
pub enum ContextError {
    IoError(io::Error),
    ContextLost,
}

impl ContextError {
    fn to_string(&self) -> &str {
        use std::error::Error;
        match *self {
            ContextError::IoError(ref err) => err.description(),
            ContextError::ContextLost => ""Context lost""
        }
    }
}

impl std::fmt::Display for ContextError {
    fn fmt(&self, formatter: &mut std::fmt::Formatter) -> Result<(), std::fmt::Error> {
        formatter.write_str(self.to_string())
    }
}

impl std::error::Error for ContextError {
    fn description(&self) -> &str {
        self.to_string()
    }
}

/// All APIs related to OpenGL that you can possibly get while using glutin.
#[derive(Debug, Clone, Copy, PartialEq, Eq)]
pub enum Api {
    /// The classical OpenGL. Available on Windows, Linux, OS/X.
    OpenGl,
    /// OpenGL embedded system. Available on Linux, Android.
    OpenGlEs,
    /// OpenGL for the web. Very similar to OpenGL ES.
    WebGl,
}

/// Describes the requested OpenGL context profiles.
#[derive(Debug, Clone, Copy, PartialEq, Eq)]
pub enum GlProfile {
    /// Include all the immediate more functions and definitions.
    Compatibility,
    /// Include all the future-compatible functions and definitions.
    Core,
}

/// Describes the OpenGL API and version that are being requested when a context is created.
#[derive(Debug, Copy, Clone)]
pub enum GlRequest {
    /// Request the latest version of the ""best"" API of this platform.
    ///
    /// On desktop, will try OpenGL.
    Latest,

    /// Request a specific version of a specific API.
    ///
    /// Example: `GlRequest::Specific(Api::OpenGl, (3, 3))`.
    Specific(Api, (u8, u8)),

    /// If OpenGL is available, create an OpenGL context with the specified `opengl_version`.
    /// Else if OpenGL ES or WebGL is available, create a context with the
    /// specified `opengles_version`.
    GlThenGles {
        /// The version to use for OpenGL.
        opengl_version: (u8, u8),
        /// The version to use for OpenGL ES.
        opengles_version: (u8, u8),
    },
}

impl GlRequest {
    /// Extract the desktop GL version, if any.
    pub fn to_gl_version(&self) -> Option<(u8, u8)> {
        match self {
            &GlRequest::Specific(Api::OpenGl, version) => Some(version),
            &GlRequest::GlThenGles { opengl_version: version, .. } => Some(version),
            _ => None,
        }
    }
}

/// The minimum core profile GL context. Useful for getting the minimum
/// required GL version while still running on OSX, which often forbids
/// the compatibility profile features.
pub static GL_CORE: GlRequest = GlRequest::Specific(Api::OpenGl, (3, 2));

/// Specifies the tolerance of the OpenGL context to faults. If you accept raw OpenGL commands
/// and/or raw shader code from an untrusted source, you should definitely care about this.
#[derive(Debug, Copy, Clone, PartialEq, Eq)]
pub enum Robustness {
    /// Not everything is checked. Your application can crash if you do something wrong with your
    /// shaders.
    NotRobust,

    /// The driver doesn't check anything. This option is very dangerous. Please know what you're
    /// doing before using it. See the `GL_KHR_no_error` extension.
    ///
    /// Since this option is purely an optimisation, no error will be returned if the backend
    /// doesn't support it. Instead it will automatically fall back to `NotRobust`.
    NoError,

    /// Everything is checked to avoid any crash. The driver will attempt to avoid any problem,
    /// but if a problem occurs the behavior is implementation-defined. You are just guaranteed not
    /// to get a crash.
    RobustNoResetNotification,

    /// Same as `RobustNoResetNotification` but the context creation doesn't fail if it's not
    /// supported.
    TryRobustNoResetNotification,

    /// Everything is checked to avoid any crash. If a problem occurs, the context will enter a
    /// ""context lost"" state. It must then be recreated. For the moment, glutin doesn't provide a
    /// way to recreate a context with the same window :-/
    RobustLoseContextOnReset,

    /// Same as `RobustLoseContextOnReset` but the context creation doesn't fail if it's not
    /// supported.
    TryRobustLoseContextOnReset,
}

/// The behavior of the driver when you change the current context.
#[derive(Debug, Copy, Clone, PartialEq, Eq)]
pub enum ReleaseBehavior {
    /// Doesn't do anything. Most notably doesn't flush.
    None,

    /// Flushes the context that was previously current as if `glFlush` was called.
    Flush,
}

pub use winit::MouseCursor;

pub use winit::CursorState;

/// Describes a possible format. Unused.
#[allow(missing_docs)]
#[derive(Debug, Clone)]
pub struct PixelFormat {
    pub hardware_accelerated: bool,
    pub color_bits: u8,
    pub alpha_bits: u8,
    pub depth_bits: u8,
    pub stencil_bits: u8,
    pub stereoscopy: bool,
    pub double_buffer: bool,
    pub multisampling: Option<u16>,
    pub srgb: bool,
}

/// Describes how the backend should choose a pixel format.
// TODO: swap method? (swap, copy)
#[derive(Clone, Debug)]
pub struct PixelFormatRequirements {
    /// If true, only hardware-accelerated formats will be conisdered. If false, only software
    /// renderers. `None` means ""don't care"". Default is `Some(true)`.
    pub hardware_accelerated: Option<bool>,

    /// Minimum number of bits for the color buffer, excluding alpha. `None` means ""don't care"".
    /// The default is `Some(24)`.
    pub color_bits: Option<u8>,

    /// If true, the color buffer must be in a floating point format. Default is `false`.
    ///
    /// Using floating points allows you to write values outside of the `[0.0, 1.0]` range.
    pub float_color_buffer: bool,

    /// Minimum number of bits for the alpha in the color buffer. `None` means ""don't care"".
    /// The default is `Some(8)`.
    pub alpha_bits: Option<u8>,

    /// Minimum number of bits for the depth buffer. `None` means ""don't care"".
    /// The default value is `Some(24)`.
    pub depth_bits: Option<u8>,

    /// Minimum number of bits for the depth buffer. `None` means ""don't care"".
    /// The default value is `Some(8)`.
    pub stencil_bits: Option<u8>,

    /// If true, only double-buffered formats will be considered. If false, only single-buffer
    /// formats. `None` means ""don't care"". The default is `Some(true)`.
    pub double_buffer: Option<bool>,

    /// Contains the minimum number of samples per pixel in the color, depth and stencil buffers.
    /// `None` means ""don't care"". Default is `None`.
    /// A value of `Some(0)` indicates that multisampling must not be enabled.
    pub multisampling: Option<u16>,

    /// If true, only stereoscopic formats will be considered. If false, only non-stereoscopic
    /// formats. The default is `false`.
    pub stereoscopy: bool,

    /// If true, only sRGB-capable formats will be considered. If false, don't care.
    /// The default is `false`.
    pub srgb: bool,

    /// The behavior when changing the current context. Default is `Flush`.
    pub release_behavior: ReleaseBehavior,
}

impl Default for PixelFormatRequirements {
    #[inline]
    fn default() -> PixelFormatRequirements {
        PixelFormatRequirements {
            hardware_accelerated: Some(true),
            color_bits: Some(24),
            float_color_buffer: false,
            alpha_bits: Some(8),
            depth_bits: Some(24),
            stencil_bits: Some(8),
            double_buffer: None,
            multisampling: None,
            stereoscopy: false,
            srgb: false,
            release_behavior: ReleaseBehavior::Flush,
        }
    }
}

pub use winit::WindowAttributes; // TODO

/// Attributes to use when creating an OpenGL context.
#[derive(Clone)]
pub struct GlAttributes<S> {
    /// An existing context to share the new the context with.
    ///
    /// The default is `None`.
    pub sharing: Option<S>,

    /// Version to try create. See `GlRequest` for more infos.
    ///
    /// The default is `Latest`.
    pub version: GlRequest,

    /// OpenGL profile to use.
    ///
    /// The default is `None`.
    pub profile: Option<GlProfile>,

    /// Whether to enable the `debug` flag of the context.
    ///
    /// Debug contexts are usually slower but give better error reporting.
    ///
    /// The default is `true` in debug mode and `false` in release mode.
    pub debug: bool,

    /// How the OpenGL context should detect errors.
    ///
    /// The default is `NotRobust` because this is what is typically expected when you create an
    /// OpenGL context. However for safety you should consider `TryRobustLoseContextOnReset`.
    pub robustness: Robustness,

    /// Whether to use vsync. If vsync is enabled, calling `swap_buffers` will block until the
    /// screen refreshes. This is typically used to prevent screen tearing.
    ///
    /// The default is `false`.
    pub vsync: bool,
}

impl<S> GlAttributes<S> {
    /// Turns the `sharing` parameter into another type by calling a closure.
    #[inline]
    pub fn map_sharing<F, T>(self, f: F) -> GlAttributes<T> where F: FnOnce(S) -> T {
        GlAttributes {
            sharing: self.sharing.map(f),
            version: self.version,
            profile: self.profile,
            debug: self.debug,
            robustness: self.robustness,
            vsync: self.vsync,
        }
    }
}

impl<S> Default for GlAttributes<S> {
    #[inline]
    fn default() -> GlAttributes<S> {
        GlAttributes {
            sharing: None,
            version: GlRequest::Latest,
            profile: None,
            debug: cfg!(debug_assertions),
            robustness: Robustness::NotRobust,
            vsync: false,
        }
    }
}
","pub fn new(events_loop: &EventsLoop) -> Result<Window, CreationError> {
        WindowBuilder::new().build(events_loop)
    }

    /// Returns the size in pixels of the window's client area.
    pub fn get_inner_size(&self) -> Option<(u32, u32)> {
        self.window.get_inner_size()
    }

    /// Returns the size in pixels of the window including decorations.
    pub fn get_outer_size(&self) -> Option<(u32, u32)> {
        self.window.get_outer_size()
    }

    /// Sets the title of the window.
    pub fn set_title(&self, title: &str) {
        self.window.set_title(title)
    }

    /// Shows the window if it was hidden.
    pub fn show(&self) {
        self.window"
deepseek,deepseek-ai/DeepSeek-V3.2:novita,rust,GPL-3.0,src::lib.rs,526,0.8,0,0.0,"
/// Error that can happen while creating a window or a headless renderer.
#[derive(Debug)]
pub enum CreationError {
    OsError(String),
    /// TODO: remove this error
    NotSupported,
    NoBackendAvailable(Box<std::error::Error + Send>),
    RobustnessNotSupported,
    OpenGlVersionNotSupported,
    NoAvailablePixelFormat,
}

impl CreationError {
    fn to_string(&self) -> &str {
        match *self {
            CreationError::OsError(ref text) => &text,
            CreationError::NotSupported => ""Some of the requested attributes are not supported"",
            CreationError::NoBackendAvailable(_) => ""No backend is available"",
            CreationError::RobustnessNotSupported => ""You requested robustness, but it is \
                                                      not supported."",
            CreationError::OpenGlVersionNotSupported => ""The requested OpenGL version is not \
                                                         supported."",
            CreationError::NoAvailablePixelFormat => ""Couldn't find any pixel format that matches \
                                                      the criterias."",
        }
    }
}

impl std::fmt::Display for CreationError {
    fn fmt(&self, formatter: &mut std::fmt::Formatter) -> Result<(), std::fmt::Error> {
        formatter.write_str(self.to_string())?;
        if let Some(err) = std::error::Error::cause(self) {
            write!(formatter, "": {}"", err)?;
        }
        Ok(())
    }
}

impl std::error::Error for CreationError {
    fn description(&self) -> &str {
        self.to_string()
    }

    fn cause(&self) -> Option<&std::error::Error> {
        match *self {
            CreationError::NoBackendAvailable(ref err) => Some(&**err),
            _ => None
        }
    }
}

/// Error that can happen when manipulating an OpenGL context.
#[derive(Debug)]
pub enum ContextError {
    IoError(io::Error),
    ContextLost,
}

impl ContextError {
    fn to_string(&self) -> &str {
        use std::error::Error;
        match *self {
            ContextError::IoError(ref err) => err.description(),
            ContextError::ContextLost => ""Context lost""
        }
    }
}

impl std::fmt::Display for ContextError {
    fn fmt(&self, formatter: &mut std::fmt::Formatter) -> Result<(), std::fmt::Error> {
        formatter.write_str(self.to_string())
    }
}

impl std::error::Error for ContextError {
    fn description(&self) -> &str {
        self.to_string()
    }
}

/// All APIs related to OpenGL that you can possibly get while using glutin.
#[derive(Debug, Clone, Copy, PartialEq, Eq)]
pub enum Api {
    /// The classical OpenGL. Available on Windows, Linux, OS/X.
    OpenGl,
    /// OpenGL embedded system. Available on Linux, Android.
    OpenGlEs,
    /// OpenGL for the web. Very similar to OpenGL ES.
    WebGl,
}

/// Describes the requested OpenGL context profiles.
#[derive(Debug, Clone, Copy, PartialEq, Eq)]
pub enum GlProfile {
    /// Include all the immediate more functions and definitions.
    Compatibility,
    /// Include all the future-compatible functions and definitions.
    Core,
}

/// Describes the OpenGL API and version that are being requested when a context is created.
#[derive(Debug, Copy, Clone)]
pub enum GlRequest {
    /// Request the latest version of the ""best"" API of this platform.
    ///
    /// On desktop, will try OpenGL.
    Latest,

    /// Request a specific version of a specific API.
    ///
    /// Example: `GlRequest::Specific(Api::OpenGl, (3, 3))`.
    Specific(Api, (u8, u8)),

    /// If OpenGL is available, create an OpenGL context with the specified `opengl_version`.
    /// Else if OpenGL ES or WebGL is available, create a context with the
    /// specified `opengles_version`.
    GlThenGles {
        /// The version to use for OpenGL.
        opengl_version: (u8, u8),
        /// The version to use for OpenGL ES.
        opengles_version: (u8, u8),
    },
}

impl GlRequest {
    /// Extract the desktop GL version, if any.
    pub fn to_gl_version(&self) -> Option<(u8, u8)> {
        match self {
            &GlRequest::Specific(Api::OpenGl, version) => Some(version),
            &GlRequest::GlThenGles { opengl_version: version, .. } => Some(version),
            _ => None,
        }
    }
}

/// The minimum core profile GL context. Useful for getting the minimum
/// required GL version while still running on OSX, which often forbids
/// the compatibility profile features.
pub static GL_CORE: GlRequest = GlRequest::Specific(Api::OpenGl, (3, 2));

/// Specifies the tolerance of the OpenGL context to faults. If you accept raw OpenGL commands
/// and/or raw shader code from an untrusted source, you should definitely care about this.
#[derive(Debug, Copy, Clone, PartialEq, Eq)]
pub enum Robustness {
    /// Not everything is checked. Your application can crash if you do something wrong with your
    /// shaders.
    NotRobust,

    /// The driver doesn't check anything. This option is very dangerous. Please know what you're
    /// doing before using it. See the `GL_KHR_no_error` extension.
    ///
    /// Since this option is purely an optimisation, no error will be returned if the backend
    /// doesn't support it. Instead it will automatically fall back to `NotRobust`.
    NoError,

    /// Everything is checked to avoid any crash. The driver will attempt to avoid any problem,
    /// but if a problem occurs the behavior is implementation-defined. You are just guaranteed not
    /// to get a crash.
    RobustNoResetNotification,

    /// Same as `RobustNoResetNotification` but the context creation doesn't fail if it's not
    /// supported.
    TryRobustNoResetNotification,

    /// Everything is checked to avoid any crash. If a problem occurs, the context will enter a
    /// ""context lost"" state. It must then be recreated. For the moment, glutin doesn't provide a
    /// way to recreate a context with the same window :-/
    RobustLoseContextOnReset,

    /// Same as `RobustLoseContextOnReset` but the context creation doesn't fail if it's not
    /// supported.
    TryRobustLoseContextOnReset,
}

/// The behavior of the driver when you change the current context.
#[derive(Debug, Copy, Clone, PartialEq, Eq)]
pub enum ReleaseBehavior {
    /// Doesn't do anything. Most notably doesn't flush.
    None,

    /// Flushes the context that was previously current as if `glFlush` was called.
    Flush,
}

pub use winit::MouseCursor;

pub use winit::CursorState;

/// Describes a possible format. Unused.
#[allow(missing_docs)]
#[derive(Debug, Clone)]
pub struct PixelFormat {
    pub hardware_accelerated: bool,
    pub color_bits: u8,
    pub alpha_bits: u8,
    pub depth_bits: u8,
    pub stencil_bits: u8,
    pub stereoscopy: bool,
    pub double_buffer: bool,
    pub multisampling: Option<u16>,
    pub srgb: bool,
}

/// Describes how the backend should choose a pixel format.
// TODO: swap method? (swap, copy)
#[derive(Clone, Debug)]
pub struct PixelFormatRequirements {
    /// If true, only hardware-accelerated formats will be conisdered. If false, only software
    /// renderers. `None` means ""don't care"". Default is `Some(true)`.
    pub hardware_accelerated: Option<bool>,

    /// Minimum number of bits for the color buffer, excluding alpha. `None` means ""don't care"".
    /// The default is `Some(24)`.
    pub color_bits: Option<u8>,

    /// If true, the color buffer must be in a floating point format. Default is `false`.
    ///
    /// Using floating points allows you to write values outside of the `[0.0, 1.0]` range.
    pub float_color_buffer: bool,

    /// Minimum number of bits for the alpha in the color buffer. `None` means ""don't care"".
    /// The default is `Some(8)`.
    pub alpha_bits: Option<u8>,

    /// Minimum number of bits for the depth buffer. `None` means ""don't care"".
    /// The default value is `Some(24)`.
    pub depth_bits: Option<u8>,

    /// Minimum number of bits for the depth buffer. `None` means ""don't care"".
    /// The default value is `Some(8)`.
    pub stencil_bits: Option<u8>,

    /// If true, only double-buffered formats will be considered. If false, only single-buffer
    /// formats. `None` means ""don't care"". The default is `Some(true)`.
    pub double_buffer: Option<bool>,

    /// Contains the minimum number of samples per pixel in the color, depth and stencil buffers.
    /// `None` means ""don't care"". Default is `None`.
    /// A value of `Some(0)` indicates that multisampling must not be enabled.
    pub multisampling: Option<u16>,

    /// If true, only stereoscopic formats will be considered. If false, only non-stereoscopic
    /// formats. The default is `false`.
    pub stereoscopy: bool,

    /// If true, only sRGB-capable formats will be considered. If false, don't care.
    /// The default is `false`.
    pub srgb: bool,

    /// The behavior when changing the current context. Default is `Flush`.
    pub release_behavior: ReleaseBehavior,
}

impl Default for PixelFormatRequirements {
    #[inline]
    fn default() -> PixelFormatRequirements {
        PixelFormatRequirements {
            hardware_accelerated: Some(true),
            color_bits: Some(24),
            float_color_buffer: false,
            alpha_bits: Some(8),
            depth_bits: Some(24),
            stencil_bits: Some(8),
            double_buffer: None,
            multisampling: None,
            stereoscopy: false,
            srgb: false,
            release_behavior: ReleaseBehavior::Flush,
        }
    }
}

pub use winit::WindowAttributes; // TODO

/// Attributes to use when creating an OpenGL context.
#[derive(Clone)]
pub struct GlAttributes<S> {
    /// An existing context to share the new the context with.
    ///
    /// The default is `None`.
    pub sharing: Option<S>,

    /// Version to try create. See `GlRequest` for more infos.
    ///
    /// The default is `Latest`.
    pub version: GlRequest,

    /// OpenGL profile to use.
    ///
    /// The default is `None`.
    pub profile: Option<GlProfile>,

    /// Whether to enable the `debug` flag of the context.
    ///
    /// Debug contexts are usually slower but give better error reporting.
    ///
    /// The default is `true` in debug mode and `false` in release mode.
    pub debug: bool,

    /// How the OpenGL context should detect errors.
    ///
    /// The default is `NotRobust` because this is what is typically expected when you create an
    /// OpenGL context. However for safety you should consider `TryRobustLoseContextOnReset`.
    pub robustness: Robustness,

    /// Whether to use vsync. If vsync is enabled, calling `swap_buffers` will block until the
    /// screen refreshes. This is typically used to prevent screen tearing.
    ///
    /// The default is `false`.
    pub vsync: bool,
}

impl<S> GlAttributes<S> {
    /// Turns the `sharing` parameter into another type by calling a closure.
    #[inline]
    pub fn map_sharing<F, T>(self, f: F) -> GlAttributes<T> where F: FnOnce(S) -> T {
        GlAttributes {
            sharing: self.sharing.map(f),
            version: self.version,
            profile: self.profile,
            debug: self.debug,
            robustness: self.robustness,
            vsync: self.vsync,
        }
    }
}

impl<S> Default for GlAttributes<S> {
    #[inline]
    fn default() -> GlAttributes<S> {
        GlAttributes {
            sharing: None,
            version: GlRequest::Latest,
            profile: None,
            debug: cfg!(debug_assertions),
            robustness: Robustness::NotRobust,
            vsync: false,
        }
    }
}
","impl<'a> WindowBuilder<'a> {
    /// Initializes a new `WindowBuilder` with default values.
    pub fn new() -> WindowBuilder<'a> {
        WindowBuilder {
            winit_builder: winit::WindowBuilder::new(),
            opengl: GlAttributes::default(),
            pf_reqs: PixelFormatRequirements::default(),
        }
    }

    /// Requests the window to be of a certain dimensions.
    #[inline]
    pub fn with_dimensions(mut self, width: u32, height: u32) -> WindowBuilder<'a> {
        self.winit_builder = self.winit_builder.with_dimensions(width, height);
        self
    }

    /// Requests a specific OpenGL context.
    #[inline]
    pub fn with_gl(mut self, request: GlRequest) -> WindowBuilder<'a> {
        self.opengl.version = request;
        self
    }

    /// Requests a specific OpenGL profile.
    #[inline]
    pub fn with_gl_profile(mut self, profile: GlProfile) -> WindowBuilder<'a> {
        self.opengl.profile = Some(profile);
        self
    }

    /// Requests the OpenGL context to be debug."
deepseek,deepseek-ai/DeepSeek-V3.2:novita,rust,GPL-3.0,src::search.rs,145,0.2,0,0.04954954954954955,"        if f.file_name()
            .to_str()
            .map(|f| endings.iter().any(|p| f.ends_with(p)))
            .unwrap_or(false)
        {
            res.push(f.path().to_owned());
        }
    }
    res
}

#[cfg(test)]
mod tests {
    use super::{find_matches, path_components_matches};
    use std::path;

    fn s(x: &str) -> String {
        x.to_string()
    }

    #[test]
    fn test_find_all_matches() {
        let ignores = vec![s("".git""), s("".bake""), s(""**/secret.cpp"")];
        let endings = vec![s("".cpp"")];
        let ms = find_matches(path::Path::new(""./test/matching""), &ignores, &endings);
        assert_eq!(ms.len(), 2);
        assert!(ms.contains(&path::PathBuf::from(""./test/matching/test0.cpp"")));
        assert!(ms.contains(&path::PathBuf::from(""./test/matching/abc/test1.cpp"")));
    }

    #[test]
    fn test_ignore_some_paths() {
        let ignores = vec![s(""**/abc/**""), s("".bake""), s(""**/secret.cpp"")];
        let endings = vec![s("".cpp"")];
        let ms = find_matches(path::Path::new(""./test/matching""), &ignores, &endings);
        assert_eq!(ms.len(), 1);
        assert!(ms.contains(&path::PathBuf::from(""./test/matching/test0.cpp"")));
        assert!(!ms.contains(&path::PathBuf::from(""./test/matching/secret.cpp"")));
    }

    #[test]
    fn test_ignore_some_paths_with_globs() {
        let ignores = vec![s(""**/ab*/**"")];
        let endings = vec![s("".cpp"")];
        let ms = find_matches(path::Path::new(""./test/matching""), &ignores, &endings);
        assert_eq!(ms.len(), 2);
        assert!(ms.contains(&path::PathBuf::from(""./test/matching/test0.cpp"")));
        assert!(ms.contains(&path::PathBuf::from(""./test/matching/secret.cpp"")));
    }
    #[test]
    fn test_ignore_some_paths_with_globs2() {
        let ignores = vec![s(""**/a?c/**"")];
        let endings = vec![s("".cpp"")];
        let ms = find_matches(path::Path::new(""./test/matching""), &ignores, &endings);
        assert_eq!(ms.len(), 2);
        assert!(ms.contains(&path::PathBuf::from(""./test/matching/test0.cpp"")));
        assert!(ms.contains(&path::PathBuf::from(""./test/matching/secret.cpp"")));
    }
    #[test]
    fn test_path_component_matches_with_globs() {
        let path = path::Path::new(""./test/abc/me.cpp"");
        assert!(path_components_matches(""**/a?c/**"", &path));
    }
    #[test]
    fn test_path_component_matches_multiple_path_elements() {
        let path = path::Path::new(""./test/abc/me.cpp"");
        assert!(path_components_matches(""**/test/abc/**"", &path));
    }
    #[test]
    fn test_path_component_matches_full_match() {
        let path = path::Path::new(""./test/abc/me.cpp"");
        assert!(path_components_matches(""**/a?c/**"", &path));
    }
    #[test]
    fn test_path_component_matches_partial_match() {
        let path = path::Path::new(""./test/aabcd/me.cpp"");
        assert!(!path_components_matches(""**/a?c/**"", &path));
    }
    #[test]
    fn test_path_component_matches_at_begining() {
        let path = path::Path::new(""./test/abc/me.cpp"");
        assert!(path_components_matches(""**/a*/**"", &path));
    }
    #[test]
    fn test_path_component_matches_at_end() {
        let path = path::Path::new(""./test/abc/me.cpp"");
        assert!(path_components_matches(""**/*bc/**"", &path));
    }
    #[test]
    fn test_leading_dot_files() {
        let path = path::Path::new(""./test/abc/.git"");
        assert!(path_components_matches(""**/abc/*"", &path));
    }
}","let path = f.path();
        let matches_ending = endings.iter().any(|ending| path.to_string_lossy().ends_with(ending));
        if matches_ending {
            res.push(path.to_path_buf());
        }
    }
    res
}"
deepseek,deepseek-ai/DeepSeek-V3.2:novita,rust,GPL-3.0,src::search.rs,145,0.4,0,0.04954954954954955,"        if f.file_name()
            .to_str()
            .map(|f| endings.iter().any(|p| f.ends_with(p)))
            .unwrap_or(false)
        {
            res.push(f.path().to_owned());
        }
    }
    res
}

#[cfg(test)]
mod tests {
    use super::{find_matches, path_components_matches};
    use std::path;

    fn s(x: &str) -> String {
        x.to_string()
    }

    #[test]
    fn test_find_all_matches() {
        let ignores = vec![s("".git""), s("".bake""), s(""**/secret.cpp"")];
        let endings = vec![s("".cpp"")];
        let ms = find_matches(path::Path::new(""./test/matching""), &ignores, &endings);
        assert_eq!(ms.len(), 2);
        assert!(ms.contains(&path::PathBuf::from(""./test/matching/test0.cpp"")));
        assert!(ms.contains(&path::PathBuf::from(""./test/matching/abc/test1.cpp"")));
    }

    #[test]
    fn test_ignore_some_paths() {
        let ignores = vec![s(""**/abc/**""), s("".bake""), s(""**/secret.cpp"")];
        let endings = vec![s("".cpp"")];
        let ms = find_matches(path::Path::new(""./test/matching""), &ignores, &endings);
        assert_eq!(ms.len(), 1);
        assert!(ms.contains(&path::PathBuf::from(""./test/matching/test0.cpp"")));
        assert!(!ms.contains(&path::PathBuf::from(""./test/matching/secret.cpp"")));
    }

    #[test]
    fn test_ignore_some_paths_with_globs() {
        let ignores = vec![s(""**/ab*/**"")];
        let endings = vec![s("".cpp"")];
        let ms = find_matches(path::Path::new(""./test/matching""), &ignores, &endings);
        assert_eq!(ms.len(), 2);
        assert!(ms.contains(&path::PathBuf::from(""./test/matching/test0.cpp"")));
        assert!(ms.contains(&path::PathBuf::from(""./test/matching/secret.cpp"")));
    }
    #[test]
    fn test_ignore_some_paths_with_globs2() {
        let ignores = vec![s(""**/a?c/**"")];
        let endings = vec![s("".cpp"")];
        let ms = find_matches(path::Path::new(""./test/matching""), &ignores, &endings);
        assert_eq!(ms.len(), 2);
        assert!(ms.contains(&path::PathBuf::from(""./test/matching/test0.cpp"")));
        assert!(ms.contains(&path::PathBuf::from(""./test/matching/secret.cpp"")));
    }
    #[test]
    fn test_path_component_matches_with_globs() {
        let path = path::Path::new(""./test/abc/me.cpp"");
        assert!(path_components_matches(""**/a?c/**"", &path));
    }
    #[test]
    fn test_path_component_matches_multiple_path_elements() {
        let path = path::Path::new(""./test/abc/me.cpp"");
        assert!(path_components_matches(""**/test/abc/**"", &path));
    }
    #[test]
    fn test_path_component_matches_full_match() {
        let path = path::Path::new(""./test/abc/me.cpp"");
        assert!(path_components_matches(""**/a?c/**"", &path));
    }
    #[test]
    fn test_path_component_matches_partial_match() {
        let path = path::Path::new(""./test/aabcd/me.cpp"");
        assert!(!path_components_matches(""**/a?c/**"", &path));
    }
    #[test]
    fn test_path_component_matches_at_begining() {
        let path = path::Path::new(""./test/abc/me.cpp"");
        assert!(path_components_matches(""**/a*/**"", &path));
    }
    #[test]
    fn test_path_component_matches_at_end() {
        let path = path::Path::new(""./test/abc/me.cpp"");
        assert!(path_components_matches(""**/*bc/**"", &path));
    }
    #[test]
    fn test_leading_dot_files() {
        let path = path::Path::new(""./test/abc/.git"");
        assert!(path_components_matches(""**/abc/*"", &path));
    }
}","let path = f.path();
        let matches = endings.iter().any(|ending| path.to_string_lossy().ends_with(ending));
        if matches {
            res.push(path.to_path_buf());
        }
    }
    res
}"
deepseek,deepseek-ai/DeepSeek-V3.2:novita,rust,GPL-3.0,src::search.rs,145,0.8,0,0.026905829596412557,"        if f.file_name()
            .to_str()
            .map(|f| endings.iter().any(|p| f.ends_with(p)))
            .unwrap_or(false)
        {
            res.push(f.path().to_owned());
        }
    }
    res
}

#[cfg(test)]
mod tests {
    use super::{find_matches, path_components_matches};
    use std::path;

    fn s(x: &str) -> String {
        x.to_string()
    }

    #[test]
    fn test_find_all_matches() {
        let ignores = vec![s("".git""), s("".bake""), s(""**/secret.cpp"")];
        let endings = vec![s("".cpp"")];
        let ms = find_matches(path::Path::new(""./test/matching""), &ignores, &endings);
        assert_eq!(ms.len(), 2);
        assert!(ms.contains(&path::PathBuf::from(""./test/matching/test0.cpp"")));
        assert!(ms.contains(&path::PathBuf::from(""./test/matching/abc/test1.cpp"")));
    }

    #[test]
    fn test_ignore_some_paths() {
        let ignores = vec![s(""**/abc/**""), s("".bake""), s(""**/secret.cpp"")];
        let endings = vec![s("".cpp"")];
        let ms = find_matches(path::Path::new(""./test/matching""), &ignores, &endings);
        assert_eq!(ms.len(), 1);
        assert!(ms.contains(&path::PathBuf::from(""./test/matching/test0.cpp"")));
        assert!(!ms.contains(&path::PathBuf::from(""./test/matching/secret.cpp"")));
    }

    #[test]
    fn test_ignore_some_paths_with_globs() {
        let ignores = vec![s(""**/ab*/**"")];
        let endings = vec![s("".cpp"")];
        let ms = find_matches(path::Path::new(""./test/matching""), &ignores, &endings);
        assert_eq!(ms.len(), 2);
        assert!(ms.contains(&path::PathBuf::from(""./test/matching/test0.cpp"")));
        assert!(ms.contains(&path::PathBuf::from(""./test/matching/secret.cpp"")));
    }
    #[test]
    fn test_ignore_some_paths_with_globs2() {
        let ignores = vec![s(""**/a?c/**"")];
        let endings = vec![s("".cpp"")];
        let ms = find_matches(path::Path::new(""./test/matching""), &ignores, &endings);
        assert_eq!(ms.len(), 2);
        assert!(ms.contains(&path::PathBuf::from(""./test/matching/test0.cpp"")));
        assert!(ms.contains(&path::PathBuf::from(""./test/matching/secret.cpp"")));
    }
    #[test]
    fn test_path_component_matches_with_globs() {
        let path = path::Path::new(""./test/abc/me.cpp"");
        assert!(path_components_matches(""**/a?c/**"", &path));
    }
    #[test]
    fn test_path_component_matches_multiple_path_elements() {
        let path = path::Path::new(""./test/abc/me.cpp"");
        assert!(path_components_matches(""**/test/abc/**"", &path));
    }
    #[test]
    fn test_path_component_matches_full_match() {
        let path = path::Path::new(""./test/abc/me.cpp"");
        assert!(path_components_matches(""**/a?c/**"", &path));
    }
    #[test]
    fn test_path_component_matches_partial_match() {
        let path = path::Path::new(""./test/aabcd/me.cpp"");
        assert!(!path_components_matches(""**/a?c/**"", &path));
    }
    #[test]
    fn test_path_component_matches_at_begining() {
        let path = path::Path::new(""./test/abc/me.cpp"");
        assert!(path_components_matches(""**/a*/**"", &path));
    }
    #[test]
    fn test_path_component_matches_at_end() {
        let path = path::Path::new(""./test/abc/me.cpp"");
        assert!(path_components_matches(""**/*bc/**"", &path));
    }
    #[test]
    fn test_leading_dot_files() {
        let path = path::Path::new(""./test/abc/.git"");
        assert!(path_components_matches(""**/abc/*"", &path));
    }
}","let matches_ending = endings.iter().any(|ending| {
            f.path()
                .file_name()
                .unwrap_or_default()
                .to_string_lossy()
                .ends_with(ending)
        });
        if matches_ending {
            res.push(f.path().to_path_buf());
        }
    }
    res
}"
deepseek,deepseek-ai/DeepSeek-V3.2:novita,rust,GPL-3.0,src::eval::multiply.rs,88,0.2,0,0.562874251497006,"        &AplComplex(_val) => {
            multiply_complex(&Cmplx::new(i as f64, 0.0), other)
        },
        &AplArray(_, _, _) => {
            simple_dyadic_array(multiply_integer, i, other)
        }
    }
}

fn multiply_complex(c: &Complex64, other: &Value) -> Result<~Value, ~str> {
    match other {
        &AplFloat(f) => {
            multiply_complex(c, &AplComplex(Cmplx::new(f, 0.0)))
        },
        &AplInteger(i) => {
            multiply_complex(c, &AplComplex(Cmplx::new(i as f64, 0.0)))
        },
        &AplComplex(other_c) => {
            Ok(~AplComplex(c * other_c))
        },
        &AplArray(_, _, _) => {
            simple_dyadic_array(multiply_complex, c, other)
        }
    }
}

fn multiply_array(array: &Value, other: &Value) -> Result<~Value, ~str> {
    match other {
        &AplFloat(_) |  &AplInteger(_) | &AplComplex(_) => {
            inverse_simple_dyadic_array(multiply, array, other)
        },
        &AplArray(_, _, _) => {
            dual_dyadic_array(multiply, array, other)
        }
    }
}

pub fn multiply(first: &Value, other: &Value) -> Result<~Value, ~str> {
    match first{
        &AplFloat(f) => {
            multiply_float(f, other)
        },
        &AplInteger(i) => {
            multiply_integer(i, other)
        }
        &AplComplex(ref c) => {
            multiply_complex(c, other)
        },
        &AplArray(ref _depth, ref _dimensions, ref _values) => {
            multiply_array(first, other)
        }
    }
}

pub fn eval_multiplication(left: &nodes::Node, right: &nodes::Node) -> Result<~Value, ~str> {
    eval_dyadic(multiply, left, right)
}","&AplComplex(_val) => {
            multiply_complex(&Cmplx::new(i as f64, 0.0), other)
        },
        &AplArray(_, _, _) => {
            simple_dyadic_array(multiply_integer, i, other)
        }
    }
}

fn multiply_complex(c: &Complex64, other:&Value) -> Result<~Value, ~str> {
    match other {
        &AplFloat(val) => {
            Ok(~AplComplex(c * &Cmplx::new(val, 0.0)))
        },
        &AplInteger(val) => {
            multiply_complex(c, &AplFloat(val as f64))
        },
        &AplComplex(val) => {
            Ok(~AplComplex(c * &val))
        },
        &AplArray(_, _, _) => {
            simple_dyadic_array(multiply_complex, c, other)
        }
    }
}

pub fn multiply(left: &Value, right: &Value) -> Result<~Value, ~str> {
    match (left, right) {
        (&AplFloat(f), _) => {
            multiply_float(f"
deepseek,deepseek-ai/DeepSeek-V3.2:novita,rust,GPL-3.0,src::eval::multiply.rs,88,0.4,0,0.6097560975609756,"        &AplComplex(_val) => {
            multiply_complex(&Cmplx::new(i as f64, 0.0), other)
        },
        &AplArray(_, _, _) => {
            simple_dyadic_array(multiply_integer, i, other)
        }
    }
}

fn multiply_complex(c: &Complex64, other: &Value) -> Result<~Value, ~str> {
    match other {
        &AplFloat(f) => {
            multiply_complex(c, &AplComplex(Cmplx::new(f, 0.0)))
        },
        &AplInteger(i) => {
            multiply_complex(c, &AplComplex(Cmplx::new(i as f64, 0.0)))
        },
        &AplComplex(other_c) => {
            Ok(~AplComplex(c * other_c))
        },
        &AplArray(_, _, _) => {
            simple_dyadic_array(multiply_complex, c, other)
        }
    }
}

fn multiply_array(array: &Value, other: &Value) -> Result<~Value, ~str> {
    match other {
        &AplFloat(_) |  &AplInteger(_) | &AplComplex(_) => {
            inverse_simple_dyadic_array(multiply, array, other)
        },
        &AplArray(_, _, _) => {
            dual_dyadic_array(multiply, array, other)
        }
    }
}

pub fn multiply(first: &Value, other: &Value) -> Result<~Value, ~str> {
    match first{
        &AplFloat(f) => {
            multiply_float(f, other)
        },
        &AplInteger(i) => {
            multiply_integer(i, other)
        }
        &AplComplex(ref c) => {
            multiply_complex(c, other)
        },
        &AplArray(ref _depth, ref _dimensions, ref _values) => {
            multiply_array(first, other)
        }
    }
}

pub fn eval_multiplication(left: &nodes::Node, right: &nodes::Node) -> Result<~Value, ~str> {
    eval_dyadic(multiply, left, right)
}","&AplComplex(_val) => {
            multiply_complex(&Cmplx::new(i as f64, 0.0), other)
        },
        &AplArray(_, _, _) => {
            simple_dyadic_array(multiply_integer, i, other)
        }
    }
}

fn multiply_complex(c: &Complex64, other:&Value) -> Result<~Value, ~str> {
    match other {
        &AplFloat(val) => {
            Ok(~AplComplex(c * &Cmplx::new(val, 0.0)))
        },
        &AplInteger(val) => {
            multiply_complex(c, &AplFloat(val as f64))
        },
        &AplComplex(val) => {
            Ok(~AplComplex(c * &val))
        },
        &AplArray(_, _, _) => {
            simple_dyadic_array(multiply_complex, c, other)
        }
    }
}

fn multiply_array(array: &Value, other: &Value) -> Result<~Value, ~str> {
    match other {
        &AplFloat(_) | &AplInteger(_) | &AplComplex(_"
deepseek,deepseek-ai/DeepSeek-V3.2:novita,rust,GPL-3.0,src::eval::multiply.rs,88,0.8,0,0.6097560975609756,"        &AplComplex(_val) => {
            multiply_complex(&Cmplx::new(i as f64, 0.0), other)
        },
        &AplArray(_, _, _) => {
            simple_dyadic_array(multiply_integer, i, other)
        }
    }
}

fn multiply_complex(c: &Complex64, other: &Value) -> Result<~Value, ~str> {
    match other {
        &AplFloat(f) => {
            multiply_complex(c, &AplComplex(Cmplx::new(f, 0.0)))
        },
        &AplInteger(i) => {
            multiply_complex(c, &AplComplex(Cmplx::new(i as f64, 0.0)))
        },
        &AplComplex(other_c) => {
            Ok(~AplComplex(c * other_c))
        },
        &AplArray(_, _, _) => {
            simple_dyadic_array(multiply_complex, c, other)
        }
    }
}

fn multiply_array(array: &Value, other: &Value) -> Result<~Value, ~str> {
    match other {
        &AplFloat(_) |  &AplInteger(_) | &AplComplex(_) => {
            inverse_simple_dyadic_array(multiply, array, other)
        },
        &AplArray(_, _, _) => {
            dual_dyadic_array(multiply, array, other)
        }
    }
}

pub fn multiply(first: &Value, other: &Value) -> Result<~Value, ~str> {
    match first{
        &AplFloat(f) => {
            multiply_float(f, other)
        },
        &AplInteger(i) => {
            multiply_integer(i, other)
        }
        &AplComplex(ref c) => {
            multiply_complex(c, other)
        },
        &AplArray(ref _depth, ref _dimensions, ref _values) => {
            multiply_array(first, other)
        }
    }
}

pub fn eval_multiplication(left: &nodes::Node, right: &nodes::Node) -> Result<~Value, ~str> {
    eval_dyadic(multiply, left, right)
}","&AplComplex(_val) => {
            multiply_complex(&Cmplx::new(i as f64, 0.0), other)
        },
        &AplArray(_, _, _) => {
            simple_dyadic_array(multiply_integer, i, other)
        }
    }
}

fn multiply_complex(c: &Complex64, other:&Value) -> Result<~Value, ~str> {
    match other {
        &AplFloat(val) => {
            Ok(~AplComplex(c * &Cmplx::new(val, 0.0)))
        },
        &AplInteger(val) => {
            multiply_complex(c, &AplFloat(val as f64))
        },
        &AplComplex(val) => {
            Ok(~AplComplex(c * &val))
        },
        &AplArray(_, _, _) => {
            simple_dyadic_array(multiply_complex, c, other)
        }
    }
}

fn multiply_array(array: &Value, other: &Value) -> Result<~Value, ~str> {
    match other {
        &AplFloat(_) | &AplInteger(_) | &AplComplex(_"
deepseek,deepseek-ai/DeepSeek-V3.2:novita,rust,GPL-3.0,src::libsyntax::ext::tt::macro_rules.rs,460,0.2,0,0.05636743215031315,"            let arg_rdr = new_tt_reader_with_doc_flag(&cx.parse_sess().span_diagnostic,
                                                      None,
                                                      None,
                                                      arg.iter()
                                                         .map(|x| (*x).clone())
                                                         .collect(),
                                                      true);
            match parse(cx.parse_sess(), cx.cfg(), arg_rdr, lhs_tt) {
              Success(named_matches) => {
                let rhs = match *rhses[i] {
                    // okay, what's your transcriber?
                    MatchedNonterminal(NtTT(ref tt)) => {
                        match **tt {
                            // ignore delimiters
                            TtDelimited(_, ref delimed) => delimed.tts.clone(),
                            _ => cx.span_fatal(sp, ""macro rhs must be delimited""),
                        }
                    },
                    _ => cx.span_bug(sp, ""bad thing in rhs"")
                };
                // rhs has holes ( `$id` and `$(...)` that need filled)
                let trncbr = new_tt_reader(&cx.parse_sess().span_diagnostic,
                                           Some(named_matches),
                                           imported_from,
                                           rhs);
                let mut p = Parser::new(cx.parse_sess(), cx.cfg(), box trncbr);
                p.check_unknown_macro_variable();
                // Let the context choose how to interpret the result.
                // Weird, but useful for X-macros.
                return box ParserAnyMacro {
                    parser: RefCell::new(p),
                } as Box<MacResult+'cx>
              }
              Failure(sp, ref msg) => if sp.lo >= best_fail_spot.lo {
                best_fail_spot = sp;
                best_fail_msg = (*msg).clone();
              },
              Error(sp, ref msg) => cx.span_fatal(sp, &msg[])
            }
          }
          _ => cx.bug(""non-matcher found in parsed lhses"")
        }
    }
    cx.span_fatal(best_fail_spot, &best_fail_msg[]);
}

// Note that macro-by-example's input is also matched against a token tree:
//                   $( $lhs:tt => $rhs:tt );+
//
// Holy self-referential!

/// Converts a `macro_rules!` invocation into a syntax extension.
pub fn compile<'cx>(cx: &'cx mut ExtCtxt,
                    def: &ast::MacroDef) -> SyntaxExtension {

    let lhs_nm =  gensym_ident(""lhs"");
    let rhs_nm =  gensym_ident(""rhs"");

    // The pattern that macro_rules matches.
    // The grammar for macro_rules! is:
    // $( $lhs:tt => $rhs:tt );+
    // ...quasiquoting this would be nice.
    // These spans won't matter, anyways
    let match_lhs_tok = MatchNt(lhs_nm, special_idents::tt, token::Plain, token::Plain);
    let match_rhs_tok = MatchNt(rhs_nm, special_idents::tt, token::Plain, token::Plain);
    let argument_gram = vec!(
        TtSequence(DUMMY_SP,
                   Rc::new(ast::SequenceRepetition {
                       tts: vec![
                           TtToken(DUMMY_SP, match_lhs_tok),
                           TtToken(DUMMY_SP, token::FatArrow),
                           TtToken(DUMMY_SP, match_rhs_tok)],
                       separator: Some(token::Semi),
                       op: ast::OneOrMore,
                       num_captures: 2
                   })),
        //to phase into semicolon-termination instead of
        //semicolon-separation
        TtSequence(DUMMY_SP,
                   Rc::new(ast::SequenceRepetition {
                       tts: vec![TtToken(DUMMY_SP, token::Semi)],
                       separator: None,
                       op: ast::ZeroOrMore,
                       num_captures: 0
                   })));


    // Parse the macro_rules! invocation (`none` is for no interpolations):
    let arg_reader = new_tt_reader(&cx.parse_sess().span_diagnostic,
                                   None,
                                   None,
                                   def.body.clone());
    let argument_map = parse_or_else(cx.parse_sess(),
                                     cx.cfg(),
                                     arg_reader,
                                     argument_gram);

    // Extract the arguments:
    let lhses = match *argument_map[lhs_nm] {
        MatchedSeq(ref s, _) => /* FIXME (#2543) */ (*s).clone(),
        _ => cx.span_bug(def.span, ""wrong-structured lhs"")
    };

    for lhs in lhses.iter() {
        check_lhs_nt_follows(cx, &**lhs, def.span);
    }

    let rhses = match *argument_map[rhs_nm] {
        MatchedSeq(ref s, _) => /* FIXME (#2543) */ (*s).clone(),
        _ => cx.span_bug(def.span, ""wrong-structured rhs"")
    };

    let exp = box MacroRulesMacroExpander {
        name: def.ident,
        imported_from: def.imported_from,
        lhses: lhses,
        rhses: rhses,
    };

    NormalTT(exp, Some(def.span))
}

fn check_lhs_nt_follows(cx: &mut ExtCtxt, lhs: &NamedMatch, sp: Span) {
    // lhs is going to be like MatchedNonterminal(NtTT(TtDelimited(...))), where
    // the entire lhs is those tts.
    // if ever we get box/deref patterns, this could turn into an `if let
    // &MatchedNonterminal(NtTT(box TtDelimited(...))) = lhs`
    let matcher = match lhs {
        &MatchedNonterminal(NtTT(ref inner)) => match &**inner {
            &TtDelimited(_, ref tts) => tts.tts.as_slice(),
            _ => cx.span_bug(sp, ""wrong-structured lhs for follow check"")
        },
        _ => cx.span_bug(sp, ""wrong-structured lhs for follow check"")
    };

    check_matcher(cx, matcher.iter(), &Eof);
    // we don't abort on errors on rejection, the driver will do that for us
    // after parsing/expansion. we can report every error in every macro this way.
}

// returns the last token that was checked, for TtSequence. this gets used later on.
fn check_matcher<'a, I>(cx: &mut ExtCtxt, matcher: I, follow: &Token)
-> Option<(Span, Token)> where I: Iterator<Item=&'a TokenTree> {
    use print::pprust::token_to_string;

    let mut last = None;

    // 2. For each token T in M:
    let mut tokens = matcher.peekable();
    while let Some(token) = tokens.next() {
        last = match *token {
            TtToken(sp, MatchNt(ref name, ref frag_spec, _, _)) => {
                // ii. If T is a simple NT, look ahead to the next token T' in
                // M.
                let next_token = match tokens.peek() {
                    // If T' closes a complex NT, replace T' with F
                    Some(&&TtToken(_, CloseDelim(_))) => follow.clone(),
                    Some(&&TtToken(_, ref tok)) => tok.clone(),
                    Some(&&TtSequence(sp, _)) => {
                        cx.span_err(sp,
                                    format!(""`${0}:{1}` is followed by a \
                                             sequence repetition, which is not \
                                             allowed for `{1}` fragments"",
                                            name.as_str(), frag_spec.as_str())
                                        .as_slice());
                        Eof
                    },
                    // die next iteration
                    Some(&&TtDelimited(_, ref delim)) => delim.close_token(),
                    // else, we're at the end of the macro or sequence
                    None => follow.clone()
                };

                let tok = if let TtToken(_, ref tok) = *token { tok } else { unreachable!() };
                // If T' is in the set FOLLOW(NT), continue. Else, reject.
                match &next_token {
                    &Eof => return Some((sp, tok.clone())),
                    _ if is_in_follow(cx, &next_token, frag_spec.as_str()) => continue,
                    next => {
                        cx.span_err(sp, format!(""`${0}:{1}` is followed by `{2}`, which \
                                                 is not allowed for `{1}` fragments"",
                                                 name.as_str(), frag_spec.as_str(),
                                                 token_to_string(next)).as_slice());
                        continue
                    },
                }
            },
            TtSequence(sp, ref seq) => {
                // iii. Else, T is a complex NT.
                match seq.separator {
                    // If T has the form $(...)U+ or $(...)U* for some token U,
                    // run the algorithm on the contents with F set to U. If it
                    // accepts, continue, else, reject.
                    Some(ref u) => {
                        let last = check_matcher(cx, seq.tts.iter(), u);
                        match last {
                            // Since the delimiter isn't required after the last
                            // repetition, make sure that the *next* token is
                            // sane. This doesn't actually compute the FIRST of
                            // the rest of the matcher yet, it only considers
                            // single tokens and simple NTs. This is imprecise,
                            // but conservatively correct.
                            Some((span, tok)) => {
                                let fol = match tokens.peek() {
                                    Some(&&TtToken(_, ref tok)) => tok.clone(),
                                    Some(&&TtDelimited(_, ref delim)) => delim.close_token(),
                                    Some(_) => {
                                        cx.span_err(sp, ""sequence repetition followed by \
                                                another sequence repetition, which is not allowed"");
                                        Eof
                                    },
                                    None => Eof
                                };
                                check_matcher(cx, Some(&TtToken(span, tok.clone())).into_iter(),
                                              &fol)
                            },
                            None => last,
                        }
                    },
                    // If T has the form $(...)+ or $(...)*, run the algorithm
                    // on the contents with F set to the token following the
                    // sequence. If it accepts, continue, else, reject.
                    None => {
                        let fol = match tokens.peek() {
                            Some(&&TtToken(_, ref tok)) => tok.clone(),
                            Some(&&TtDelimited(_, ref delim)) => delim.close_token(),
                            Some(_) => {
                                cx.span_err(sp, ""sequence repetition followed by another \
                                             sequence repetition, which is not allowed"");
                                Eof
                            },
                            None => Eof
                        };
                        check_matcher(cx, seq.tts.iter(), &fol)
                    }
                }
            },
            TtToken(..) => {
                // i. If T is not an NT, continue.
                continue
            },
            TtDelimited(_, ref tts) => {
                // if we don't pass in that close delimiter, we'll incorrectly consider the matcher
                // `{ $foo:ty }` as having a follow that isn't `RBrace`
                check_matcher(cx, tts.tts.iter(), &tts.close_token())
            }
        }
    }
    last
}

fn is_in_follow(cx: &ExtCtxt, tok: &Token, frag: &str) -> bool {
    if let &CloseDelim(_) = tok {
        return true;
    }

    match frag {
        ""item"" => {
            // since items *must* be followed by either a `;` or a `}`, we can
            // accept anything after them
            true
        },
        ""block"" => {
            // anything can follow block, the braces provide a easy boundary to
            // maintain
            true
        },
        ""stmt"" | ""expr""  => {
            match *tok {
                FatArrow | Comma | Semi => true,
                _ => false
            }
        },
        ""pat"" => {
            match *tok {
                FatArrow | Comma | Eq => true,
                _ => false
            }
        },
        ""path"" | ""ty"" => {
            match *tok {
                Comma | FatArrow | Colon | Eq | Gt => true,
                Ident(i, _) if i.as_str() == ""as"" => true,
                _ => false
            }
        },
        ""ident"" => {
            // being a single token, idents are harmless
            true
        },
        ""meta"" | ""tt"" => {
            // being either a single token or a delimited sequence, tt is
            // harmless
            true
        },
        _ => cx.bug(format!(""unrecognized builtin nonterminal {}"",
                            frag).as_slice()),
    }
}","let res = parse_or_else(cx.parse_sess(), lhs_tt, arg, None);
            match res {
                Success(ref matches) => {
                    // rhs is a token tree that we need to expand using
                    // the matches we've gathered.
                    let rhs = match **rhses[i] {
                        MatchedNonterminal(NtTT(ref rhs_tt)) => rhs_tt,
                        _ => cx.span_fatal(sp, ""malformed macro rhs"")
                    };
                    let expanded = expand_tt(cx, sp, rhs, matches);
                    let reader = new_tt_reader_with_doc_flag(&cx.parse_sess().span_diagnostic,
                                                            cx.parse_sess(),
                                                            Some(cx.codemap()),
                                                            expanded,
                                                            cx.ecfg.attr_parser,
                                                            true);
                    let parser = Parser::new(cx.parse_sess(), cx.cfg(), reader);
                    let parser = ParserAnyMacro { parser: RefCell::new(parser) };
                    return box parser as Box<MacResult>;
                }
                Failure(sp, ref msg) => {
                    if sp.lo >= best_fail_spot.lo {
                        best_fail_spot = sp;"
deepseek,deepseek-ai/DeepSeek-V3.2:novita,rust,GPL-3.0,src::libsyntax::ext::tt::macro_rules.rs,460,0.4,0,0.08559498956158663,"            let arg_rdr = new_tt_reader_with_doc_flag(&cx.parse_sess().span_diagnostic,
                                                      None,
                                                      None,
                                                      arg.iter()
                                                         .map(|x| (*x).clone())
                                                         .collect(),
                                                      true);
            match parse(cx.parse_sess(), cx.cfg(), arg_rdr, lhs_tt) {
              Success(named_matches) => {
                let rhs = match *rhses[i] {
                    // okay, what's your transcriber?
                    MatchedNonterminal(NtTT(ref tt)) => {
                        match **tt {
                            // ignore delimiters
                            TtDelimited(_, ref delimed) => delimed.tts.clone(),
                            _ => cx.span_fatal(sp, ""macro rhs must be delimited""),
                        }
                    },
                    _ => cx.span_bug(sp, ""bad thing in rhs"")
                };
                // rhs has holes ( `$id` and `$(...)` that need filled)
                let trncbr = new_tt_reader(&cx.parse_sess().span_diagnostic,
                                           Some(named_matches),
                                           imported_from,
                                           rhs);
                let mut p = Parser::new(cx.parse_sess(), cx.cfg(), box trncbr);
                p.check_unknown_macro_variable();
                // Let the context choose how to interpret the result.
                // Weird, but useful for X-macros.
                return box ParserAnyMacro {
                    parser: RefCell::new(p),
                } as Box<MacResult+'cx>
              }
              Failure(sp, ref msg) => if sp.lo >= best_fail_spot.lo {
                best_fail_spot = sp;
                best_fail_msg = (*msg).clone();
              },
              Error(sp, ref msg) => cx.span_fatal(sp, &msg[])
            }
          }
          _ => cx.bug(""non-matcher found in parsed lhses"")
        }
    }
    cx.span_fatal(best_fail_spot, &best_fail_msg[]);
}

// Note that macro-by-example's input is also matched against a token tree:
//                   $( $lhs:tt => $rhs:tt );+
//
// Holy self-referential!

/// Converts a `macro_rules!` invocation into a syntax extension.
pub fn compile<'cx>(cx: &'cx mut ExtCtxt,
                    def: &ast::MacroDef) -> SyntaxExtension {

    let lhs_nm =  gensym_ident(""lhs"");
    let rhs_nm =  gensym_ident(""rhs"");

    // The pattern that macro_rules matches.
    // The grammar for macro_rules! is:
    // $( $lhs:tt => $rhs:tt );+
    // ...quasiquoting this would be nice.
    // These spans won't matter, anyways
    let match_lhs_tok = MatchNt(lhs_nm, special_idents::tt, token::Plain, token::Plain);
    let match_rhs_tok = MatchNt(rhs_nm, special_idents::tt, token::Plain, token::Plain);
    let argument_gram = vec!(
        TtSequence(DUMMY_SP,
                   Rc::new(ast::SequenceRepetition {
                       tts: vec![
                           TtToken(DUMMY_SP, match_lhs_tok),
                           TtToken(DUMMY_SP, token::FatArrow),
                           TtToken(DUMMY_SP, match_rhs_tok)],
                       separator: Some(token::Semi),
                       op: ast::OneOrMore,
                       num_captures: 2
                   })),
        //to phase into semicolon-termination instead of
        //semicolon-separation
        TtSequence(DUMMY_SP,
                   Rc::new(ast::SequenceRepetition {
                       tts: vec![TtToken(DUMMY_SP, token::Semi)],
                       separator: None,
                       op: ast::ZeroOrMore,
                       num_captures: 0
                   })));


    // Parse the macro_rules! invocation (`none` is for no interpolations):
    let arg_reader = new_tt_reader(&cx.parse_sess().span_diagnostic,
                                   None,
                                   None,
                                   def.body.clone());
    let argument_map = parse_or_else(cx.parse_sess(),
                                     cx.cfg(),
                                     arg_reader,
                                     argument_gram);

    // Extract the arguments:
    let lhses = match *argument_map[lhs_nm] {
        MatchedSeq(ref s, _) => /* FIXME (#2543) */ (*s).clone(),
        _ => cx.span_bug(def.span, ""wrong-structured lhs"")
    };

    for lhs in lhses.iter() {
        check_lhs_nt_follows(cx, &**lhs, def.span);
    }

    let rhses = match *argument_map[rhs_nm] {
        MatchedSeq(ref s, _) => /* FIXME (#2543) */ (*s).clone(),
        _ => cx.span_bug(def.span, ""wrong-structured rhs"")
    };

    let exp = box MacroRulesMacroExpander {
        name: def.ident,
        imported_from: def.imported_from,
        lhses: lhses,
        rhses: rhses,
    };

    NormalTT(exp, Some(def.span))
}

fn check_lhs_nt_follows(cx: &mut ExtCtxt, lhs: &NamedMatch, sp: Span) {
    // lhs is going to be like MatchedNonterminal(NtTT(TtDelimited(...))), where
    // the entire lhs is those tts.
    // if ever we get box/deref patterns, this could turn into an `if let
    // &MatchedNonterminal(NtTT(box TtDelimited(...))) = lhs`
    let matcher = match lhs {
        &MatchedNonterminal(NtTT(ref inner)) => match &**inner {
            &TtDelimited(_, ref tts) => tts.tts.as_slice(),
            _ => cx.span_bug(sp, ""wrong-structured lhs for follow check"")
        },
        _ => cx.span_bug(sp, ""wrong-structured lhs for follow check"")
    };

    check_matcher(cx, matcher.iter(), &Eof);
    // we don't abort on errors on rejection, the driver will do that for us
    // after parsing/expansion. we can report every error in every macro this way.
}

// returns the last token that was checked, for TtSequence. this gets used later on.
fn check_matcher<'a, I>(cx: &mut ExtCtxt, matcher: I, follow: &Token)
-> Option<(Span, Token)> where I: Iterator<Item=&'a TokenTree> {
    use print::pprust::token_to_string;

    let mut last = None;

    // 2. For each token T in M:
    let mut tokens = matcher.peekable();
    while let Some(token) = tokens.next() {
        last = match *token {
            TtToken(sp, MatchNt(ref name, ref frag_spec, _, _)) => {
                // ii. If T is a simple NT, look ahead to the next token T' in
                // M.
                let next_token = match tokens.peek() {
                    // If T' closes a complex NT, replace T' with F
                    Some(&&TtToken(_, CloseDelim(_))) => follow.clone(),
                    Some(&&TtToken(_, ref tok)) => tok.clone(),
                    Some(&&TtSequence(sp, _)) => {
                        cx.span_err(sp,
                                    format!(""`${0}:{1}` is followed by a \
                                             sequence repetition, which is not \
                                             allowed for `{1}` fragments"",
                                            name.as_str(), frag_spec.as_str())
                                        .as_slice());
                        Eof
                    },
                    // die next iteration
                    Some(&&TtDelimited(_, ref delim)) => delim.close_token(),
                    // else, we're at the end of the macro or sequence
                    None => follow.clone()
                };

                let tok = if let TtToken(_, ref tok) = *token { tok } else { unreachable!() };
                // If T' is in the set FOLLOW(NT), continue. Else, reject.
                match &next_token {
                    &Eof => return Some((sp, tok.clone())),
                    _ if is_in_follow(cx, &next_token, frag_spec.as_str()) => continue,
                    next => {
                        cx.span_err(sp, format!(""`${0}:{1}` is followed by `{2}`, which \
                                                 is not allowed for `{1}` fragments"",
                                                 name.as_str(), frag_spec.as_str(),
                                                 token_to_string(next)).as_slice());
                        continue
                    },
                }
            },
            TtSequence(sp, ref seq) => {
                // iii. Else, T is a complex NT.
                match seq.separator {
                    // If T has the form $(...)U+ or $(...)U* for some token U,
                    // run the algorithm on the contents with F set to U. If it
                    // accepts, continue, else, reject.
                    Some(ref u) => {
                        let last = check_matcher(cx, seq.tts.iter(), u);
                        match last {
                            // Since the delimiter isn't required after the last
                            // repetition, make sure that the *next* token is
                            // sane. This doesn't actually compute the FIRST of
                            // the rest of the matcher yet, it only considers
                            // single tokens and simple NTs. This is imprecise,
                            // but conservatively correct.
                            Some((span, tok)) => {
                                let fol = match tokens.peek() {
                                    Some(&&TtToken(_, ref tok)) => tok.clone(),
                                    Some(&&TtDelimited(_, ref delim)) => delim.close_token(),
                                    Some(_) => {
                                        cx.span_err(sp, ""sequence repetition followed by \
                                                another sequence repetition, which is not allowed"");
                                        Eof
                                    },
                                    None => Eof
                                };
                                check_matcher(cx, Some(&TtToken(span, tok.clone())).into_iter(),
                                              &fol)
                            },
                            None => last,
                        }
                    },
                    // If T has the form $(...)+ or $(...)*, run the algorithm
                    // on the contents with F set to the token following the
                    // sequence. If it accepts, continue, else, reject.
                    None => {
                        let fol = match tokens.peek() {
                            Some(&&TtToken(_, ref tok)) => tok.clone(),
                            Some(&&TtDelimited(_, ref delim)) => delim.close_token(),
                            Some(_) => {
                                cx.span_err(sp, ""sequence repetition followed by another \
                                             sequence repetition, which is not allowed"");
                                Eof
                            },
                            None => Eof
                        };
                        check_matcher(cx, seq.tts.iter(), &fol)
                    }
                }
            },
            TtToken(..) => {
                // i. If T is not an NT, continue.
                continue
            },
            TtDelimited(_, ref tts) => {
                // if we don't pass in that close delimiter, we'll incorrectly consider the matcher
                // `{ $foo:ty }` as having a follow that isn't `RBrace`
                check_matcher(cx, tts.tts.iter(), &tts.close_token())
            }
        }
    }
    last
}

fn is_in_follow(cx: &ExtCtxt, tok: &Token, frag: &str) -> bool {
    if let &CloseDelim(_) = tok {
        return true;
    }

    match frag {
        ""item"" => {
            // since items *must* be followed by either a `;` or a `}`, we can
            // accept anything after them
            true
        },
        ""block"" => {
            // anything can follow block, the braces provide a easy boundary to
            // maintain
            true
        },
        ""stmt"" | ""expr""  => {
            match *tok {
                FatArrow | Comma | Semi => true,
                _ => false
            }
        },
        ""pat"" => {
            match *tok {
                FatArrow | Comma | Eq => true,
                _ => false
            }
        },
        ""path"" | ""ty"" => {
            match *tok {
                Comma | FatArrow | Colon | Eq | Gt => true,
                Ident(i, _) if i.as_str() == ""as"" => true,
                _ => false
            }
        },
        ""ident"" => {
            // being a single token, idents are harmless
            true
        },
        ""meta"" | ""tt"" => {
            // being either a single token or a delimited sequence, tt is
            // harmless
            true
        },
        _ => cx.bug(format!(""unrecognized builtin nonterminal {}"",
                            frag).as_slice()),
    }
}","let res = parse(cx.parse_sess(), lhs_tt, arg, None, false);
            match res {
                Success(named_matches) => {
                    // rhs is a token tree that we need to expand using our matches
                    let rhs = match *rhses[i] {
                        MatchedNonterminal(NtTT(ref rhs_tt)) => rhs_tt,
                        _ => cx.span_fatal(sp, ""malformed macro rhs"")
                    };
                    let rhs = match **rhs {
                        TtDelimited(_, ref delim) => &delim.tts[],
                        _ => cx.span_fatal(sp, ""malformed macro rhs"")
                    };
                    let expanded = expand_tt(cx, sp, &named_matches, rhs);
                    let reader = new_tt_reader_with_doc_flag(&cx.parse_sess().span_diagnostic,
                                                             None,
                                                             expanded,
                                                             Some(sp),
                                                             cx.backtrace(),
                                                             cx.ecfg.attr_grammar);
                    let parser = Parser::new(cx.parse_sess(), cx.cfg(), reader);
                    let parser = ParserAnyMacro { parser: RefCell::new(parser) };"
deepseek,deepseek-ai/DeepSeek-V3.2:novita,rust,GPL-3.0,src::libsyntax::ext::tt::macro_rules.rs,460,0.8,0,0.05636743215031315,"            let arg_rdr = new_tt_reader_with_doc_flag(&cx.parse_sess().span_diagnostic,
                                                      None,
                                                      None,
                                                      arg.iter()
                                                         .map(|x| (*x).clone())
                                                         .collect(),
                                                      true);
            match parse(cx.parse_sess(), cx.cfg(), arg_rdr, lhs_tt) {
              Success(named_matches) => {
                let rhs = match *rhses[i] {
                    // okay, what's your transcriber?
                    MatchedNonterminal(NtTT(ref tt)) => {
                        match **tt {
                            // ignore delimiters
                            TtDelimited(_, ref delimed) => delimed.tts.clone(),
                            _ => cx.span_fatal(sp, ""macro rhs must be delimited""),
                        }
                    },
                    _ => cx.span_bug(sp, ""bad thing in rhs"")
                };
                // rhs has holes ( `$id` and `$(...)` that need filled)
                let trncbr = new_tt_reader(&cx.parse_sess().span_diagnostic,
                                           Some(named_matches),
                                           imported_from,
                                           rhs);
                let mut p = Parser::new(cx.parse_sess(), cx.cfg(), box trncbr);
                p.check_unknown_macro_variable();
                // Let the context choose how to interpret the result.
                // Weird, but useful for X-macros.
                return box ParserAnyMacro {
                    parser: RefCell::new(p),
                } as Box<MacResult+'cx>
              }
              Failure(sp, ref msg) => if sp.lo >= best_fail_spot.lo {
                best_fail_spot = sp;
                best_fail_msg = (*msg).clone();
              },
              Error(sp, ref msg) => cx.span_fatal(sp, &msg[])
            }
          }
          _ => cx.bug(""non-matcher found in parsed lhses"")
        }
    }
    cx.span_fatal(best_fail_spot, &best_fail_msg[]);
}

// Note that macro-by-example's input is also matched against a token tree:
//                   $( $lhs:tt => $rhs:tt );+
//
// Holy self-referential!

/// Converts a `macro_rules!` invocation into a syntax extension.
pub fn compile<'cx>(cx: &'cx mut ExtCtxt,
                    def: &ast::MacroDef) -> SyntaxExtension {

    let lhs_nm =  gensym_ident(""lhs"");
    let rhs_nm =  gensym_ident(""rhs"");

    // The pattern that macro_rules matches.
    // The grammar for macro_rules! is:
    // $( $lhs:tt => $rhs:tt );+
    // ...quasiquoting this would be nice.
    // These spans won't matter, anyways
    let match_lhs_tok = MatchNt(lhs_nm, special_idents::tt, token::Plain, token::Plain);
    let match_rhs_tok = MatchNt(rhs_nm, special_idents::tt, token::Plain, token::Plain);
    let argument_gram = vec!(
        TtSequence(DUMMY_SP,
                   Rc::new(ast::SequenceRepetition {
                       tts: vec![
                           TtToken(DUMMY_SP, match_lhs_tok),
                           TtToken(DUMMY_SP, token::FatArrow),
                           TtToken(DUMMY_SP, match_rhs_tok)],
                       separator: Some(token::Semi),
                       op: ast::OneOrMore,
                       num_captures: 2
                   })),
        //to phase into semicolon-termination instead of
        //semicolon-separation
        TtSequence(DUMMY_SP,
                   Rc::new(ast::SequenceRepetition {
                       tts: vec![TtToken(DUMMY_SP, token::Semi)],
                       separator: None,
                       op: ast::ZeroOrMore,
                       num_captures: 0
                   })));


    // Parse the macro_rules! invocation (`none` is for no interpolations):
    let arg_reader = new_tt_reader(&cx.parse_sess().span_diagnostic,
                                   None,
                                   None,
                                   def.body.clone());
    let argument_map = parse_or_else(cx.parse_sess(),
                                     cx.cfg(),
                                     arg_reader,
                                     argument_gram);

    // Extract the arguments:
    let lhses = match *argument_map[lhs_nm] {
        MatchedSeq(ref s, _) => /* FIXME (#2543) */ (*s).clone(),
        _ => cx.span_bug(def.span, ""wrong-structured lhs"")
    };

    for lhs in lhses.iter() {
        check_lhs_nt_follows(cx, &**lhs, def.span);
    }

    let rhses = match *argument_map[rhs_nm] {
        MatchedSeq(ref s, _) => /* FIXME (#2543) */ (*s).clone(),
        _ => cx.span_bug(def.span, ""wrong-structured rhs"")
    };

    let exp = box MacroRulesMacroExpander {
        name: def.ident,
        imported_from: def.imported_from,
        lhses: lhses,
        rhses: rhses,
    };

    NormalTT(exp, Some(def.span))
}

fn check_lhs_nt_follows(cx: &mut ExtCtxt, lhs: &NamedMatch, sp: Span) {
    // lhs is going to be like MatchedNonterminal(NtTT(TtDelimited(...))), where
    // the entire lhs is those tts.
    // if ever we get box/deref patterns, this could turn into an `if let
    // &MatchedNonterminal(NtTT(box TtDelimited(...))) = lhs`
    let matcher = match lhs {
        &MatchedNonterminal(NtTT(ref inner)) => match &**inner {
            &TtDelimited(_, ref tts) => tts.tts.as_slice(),
            _ => cx.span_bug(sp, ""wrong-structured lhs for follow check"")
        },
        _ => cx.span_bug(sp, ""wrong-structured lhs for follow check"")
    };

    check_matcher(cx, matcher.iter(), &Eof);
    // we don't abort on errors on rejection, the driver will do that for us
    // after parsing/expansion. we can report every error in every macro this way.
}

// returns the last token that was checked, for TtSequence. this gets used later on.
fn check_matcher<'a, I>(cx: &mut ExtCtxt, matcher: I, follow: &Token)
-> Option<(Span, Token)> where I: Iterator<Item=&'a TokenTree> {
    use print::pprust::token_to_string;

    let mut last = None;

    // 2. For each token T in M:
    let mut tokens = matcher.peekable();
    while let Some(token) = tokens.next() {
        last = match *token {
            TtToken(sp, MatchNt(ref name, ref frag_spec, _, _)) => {
                // ii. If T is a simple NT, look ahead to the next token T' in
                // M.
                let next_token = match tokens.peek() {
                    // If T' closes a complex NT, replace T' with F
                    Some(&&TtToken(_, CloseDelim(_))) => follow.clone(),
                    Some(&&TtToken(_, ref tok)) => tok.clone(),
                    Some(&&TtSequence(sp, _)) => {
                        cx.span_err(sp,
                                    format!(""`${0}:{1}` is followed by a \
                                             sequence repetition, which is not \
                                             allowed for `{1}` fragments"",
                                            name.as_str(), frag_spec.as_str())
                                        .as_slice());
                        Eof
                    },
                    // die next iteration
                    Some(&&TtDelimited(_, ref delim)) => delim.close_token(),
                    // else, we're at the end of the macro or sequence
                    None => follow.clone()
                };

                let tok = if let TtToken(_, ref tok) = *token { tok } else { unreachable!() };
                // If T' is in the set FOLLOW(NT), continue. Else, reject.
                match &next_token {
                    &Eof => return Some((sp, tok.clone())),
                    _ if is_in_follow(cx, &next_token, frag_spec.as_str()) => continue,
                    next => {
                        cx.span_err(sp, format!(""`${0}:{1}` is followed by `{2}`, which \
                                                 is not allowed for `{1}` fragments"",
                                                 name.as_str(), frag_spec.as_str(),
                                                 token_to_string(next)).as_slice());
                        continue
                    },
                }
            },
            TtSequence(sp, ref seq) => {
                // iii. Else, T is a complex NT.
                match seq.separator {
                    // If T has the form $(...)U+ or $(...)U* for some token U,
                    // run the algorithm on the contents with F set to U. If it
                    // accepts, continue, else, reject.
                    Some(ref u) => {
                        let last = check_matcher(cx, seq.tts.iter(), u);
                        match last {
                            // Since the delimiter isn't required after the last
                            // repetition, make sure that the *next* token is
                            // sane. This doesn't actually compute the FIRST of
                            // the rest of the matcher yet, it only considers
                            // single tokens and simple NTs. This is imprecise,
                            // but conservatively correct.
                            Some((span, tok)) => {
                                let fol = match tokens.peek() {
                                    Some(&&TtToken(_, ref tok)) => tok.clone(),
                                    Some(&&TtDelimited(_, ref delim)) => delim.close_token(),
                                    Some(_) => {
                                        cx.span_err(sp, ""sequence repetition followed by \
                                                another sequence repetition, which is not allowed"");
                                        Eof
                                    },
                                    None => Eof
                                };
                                check_matcher(cx, Some(&TtToken(span, tok.clone())).into_iter(),
                                              &fol)
                            },
                            None => last,
                        }
                    },
                    // If T has the form $(...)+ or $(...)*, run the algorithm
                    // on the contents with F set to the token following the
                    // sequence. If it accepts, continue, else, reject.
                    None => {
                        let fol = match tokens.peek() {
                            Some(&&TtToken(_, ref tok)) => tok.clone(),
                            Some(&&TtDelimited(_, ref delim)) => delim.close_token(),
                            Some(_) => {
                                cx.span_err(sp, ""sequence repetition followed by another \
                                             sequence repetition, which is not allowed"");
                                Eof
                            },
                            None => Eof
                        };
                        check_matcher(cx, seq.tts.iter(), &fol)
                    }
                }
            },
            TtToken(..) => {
                // i. If T is not an NT, continue.
                continue
            },
            TtDelimited(_, ref tts) => {
                // if we don't pass in that close delimiter, we'll incorrectly consider the matcher
                // `{ $foo:ty }` as having a follow that isn't `RBrace`
                check_matcher(cx, tts.tts.iter(), &tts.close_token())
            }
        }
    }
    last
}

fn is_in_follow(cx: &ExtCtxt, tok: &Token, frag: &str) -> bool {
    if let &CloseDelim(_) = tok {
        return true;
    }

    match frag {
        ""item"" => {
            // since items *must* be followed by either a `;` or a `}`, we can
            // accept anything after them
            true
        },
        ""block"" => {
            // anything can follow block, the braces provide a easy boundary to
            // maintain
            true
        },
        ""stmt"" | ""expr""  => {
            match *tok {
                FatArrow | Comma | Semi => true,
                _ => false
            }
        },
        ""pat"" => {
            match *tok {
                FatArrow | Comma | Eq => true,
                _ => false
            }
        },
        ""path"" | ""ty"" => {
            match *tok {
                Comma | FatArrow | Colon | Eq | Gt => true,
                Ident(i, _) if i.as_str() == ""as"" => true,
                _ => false
            }
        },
        ""ident"" => {
            // being a single token, idents are harmless
            true
        },
        ""meta"" | ""tt"" => {
            // being either a single token or a delimited sequence, tt is
            // harmless
            true
        },
        _ => cx.bug(format!(""unrecognized builtin nonterminal {}"",
                            frag).as_slice()),
    }
}","match parse(cx.parse_sess(), lhs_tt, None, arg) {
                Success(named_matches) => {
                    // rhs is inside a token tree
                    match *rhses[i] {
                        MatchedNonterminal(NtTT(ref rhs_tt)) => {
                            // We need to expand the rhs, but we also need to
                            // substitute in any matched nonterminals.
                            let expanded = substitute(cx, sp, &named_matches, rhs_tt);
                            let expanded = match expanded {
                                TtDelimited(_, delim) => delim.tts,
                                _ => cx.span_fatal(sp, ""macro rhs must be delimited"")
                            };
                            let reader = new_tt_reader(&cx.parse_sess().span_diagnostic,
                                                        cx.cfg(),
                                                        None,
                                                        expanded,
                                                        Some(sp));
                            let parser = Parser::new(cx.parse_sess(),
                                                     cx.cfg(),
                                                     Box::new(reader));
                            parser.parse_attrs(ParserAttr::parse_normal);
                            let p = ParserAnyMacro { parser: RefCell::new(parser) };
                            return Box::new(p);
                        }
                        _ => cx.span_fatal(sp,"
deepseek,deepseek-ai/DeepSeek-V3.2:novita,rust,GPL-3.0,src::sky::lut.rs,93,0.2,0,0.10638297872340426,"                        let z = i / (size[0] as u64 * size[1] as u64) % size[2] as u64;
                        let value = self.compute([x as u16, y as u16, z as u16]);
                        for c in &value {
                            assert!(!c.is_nan())
                        }
                        value
                    })
                    .collect::<Vec<_>>()
            })
            .collect();

        context.set_progress(total / 1000);
        Ok(LookupTable { size, data })
    }
}

#[derive(Serialize, Deserialize, Clone)]
pub(crate) struct LookupTable {
    pub size: [u16; 3],
    pub data: Vec<[f32; 4]>,
}
impl LookupTable {
    pub fn get2(&self, x: f64, y: f64) -> [f32; 4] {
        assert_eq!(self.size[2], 1);
        assert!(x >= 0.0);
        assert!(y >= 0.0);
        assert!(x <= 1.0);
        assert!(y <= 1.0);

        let x = (x * (self.size[0] - 1) as f64).round() as usize;
        let y = (y * (self.size[1] - 1) as f64).round() as usize;
        self.data[x + y * self.size[0] as usize]
    }
}
// pub struct GpuLookupTable<R: gfx::Resources> {
//     pub(crate) texture_view: handle::ShaderResourceView<R, [f32; 4]>,

//     #[allow(unused)]
//     pub(crate) texture: handle::Texture<R, format::R32_G32_B32_A32>,
// }
// impl<R: gfx::Resources> GpuLookupTable<R> {
//     pub fn new<F: gfx::Factory<R>>(factory: &mut F, table: &LookupTable) -> Result<Self, Error> {
//         let kind = match table.size {
//             [x, 1, 1] => Kind::D1(x),
//             [x, y, 1] => Kind::D2(x, y, AaMode::Single),
//             [x, y, z] => Kind::D3(x, y, z),
//         };

//         let (texture, texture_view) = factory.create_texture_immutable::<format::Rgba32F>(
//             kind,
//             Mipmap::Provided,
//             &[gfx::memory::cast_slice(&table.data[..])],
//         )?;

//         Ok(Self {
//             texture_view,
//             texture,
//         })
//     }
// }","let z = i / (size[0] as u64 * size[1] as u64);
                        let v = self.compute([x as u16, y as u16, z as u16]);
                        [v[0], v[1], v[2], v[3]]
                    })
                    .collect::<Vec<_>>()
            })
            .collect::<Vec<_>>();

        context.complete();
        Ok(LookupTable {
            size,
            data: data.into_boxed_slice(),
        })
    }
}"
deepseek,deepseek-ai/DeepSeek-V3.2:novita,rust,GPL-3.0,src::sky::lut.rs,93,0.4,0,0.10638297872340426,"                        let z = i / (size[0] as u64 * size[1] as u64) % size[2] as u64;
                        let value = self.compute([x as u16, y as u16, z as u16]);
                        for c in &value {
                            assert!(!c.is_nan())
                        }
                        value
                    })
                    .collect::<Vec<_>>()
            })
            .collect();

        context.set_progress(total / 1000);
        Ok(LookupTable { size, data })
    }
}

#[derive(Serialize, Deserialize, Clone)]
pub(crate) struct LookupTable {
    pub size: [u16; 3],
    pub data: Vec<[f32; 4]>,
}
impl LookupTable {
    pub fn get2(&self, x: f64, y: f64) -> [f32; 4] {
        assert_eq!(self.size[2], 1);
        assert!(x >= 0.0);
        assert!(y >= 0.0);
        assert!(x <= 1.0);
        assert!(y <= 1.0);

        let x = (x * (self.size[0] - 1) as f64).round() as usize;
        let y = (y * (self.size[1] - 1) as f64).round() as usize;
        self.data[x + y * self.size[0] as usize]
    }
}
// pub struct GpuLookupTable<R: gfx::Resources> {
//     pub(crate) texture_view: handle::ShaderResourceView<R, [f32; 4]>,

//     #[allow(unused)]
//     pub(crate) texture: handle::Texture<R, format::R32_G32_B32_A32>,
// }
// impl<R: gfx::Resources> GpuLookupTable<R> {
//     pub fn new<F: gfx::Factory<R>>(factory: &mut F, table: &LookupTable) -> Result<Self, Error> {
//         let kind = match table.size {
//             [x, 1, 1] => Kind::D1(x),
//             [x, y, 1] => Kind::D2(x, y, AaMode::Single),
//             [x, y, z] => Kind::D3(x, y, z),
//         };

//         let (texture, texture_view) = factory.create_texture_immutable::<format::Rgba32F>(
//             kind,
//             Mipmap::Provided,
//             &[gfx::memory::cast_slice(&table.data[..])],
//         )?;

//         Ok(Self {
//             texture_view,
//             texture,
//         })
//     }
// }","let z = i / (size[0] as u64 * size[1] as u64);
                        let index = [x as u16, y as u16, z as u16];
                        let value = self.compute(index);
                        [value[0], value[1], value[2], value[3]]
                    })
                    .collect::<Vec<_>>()
            })
            .flatten()
            .collect::<Vec<f32>>();
        
        context.end();
        Ok(LookupTable {
            size,
            data,
        })
    }
}"
deepseek,deepseek-ai/DeepSeek-V3.2:novita,rust,GPL-3.0,src::sky::lut.rs,93,0.8,0,0.1553398058252427,"                        let z = i / (size[0] as u64 * size[1] as u64) % size[2] as u64;
                        let value = self.compute([x as u16, y as u16, z as u16]);
                        for c in &value {
                            assert!(!c.is_nan())
                        }
                        value
                    })
                    .collect::<Vec<_>>()
            })
            .collect();

        context.set_progress(total / 1000);
        Ok(LookupTable { size, data })
    }
}

#[derive(Serialize, Deserialize, Clone)]
pub(crate) struct LookupTable {
    pub size: [u16; 3],
    pub data: Vec<[f32; 4]>,
}
impl LookupTable {
    pub fn get2(&self, x: f64, y: f64) -> [f32; 4] {
        assert_eq!(self.size[2], 1);
        assert!(x >= 0.0);
        assert!(y >= 0.0);
        assert!(x <= 1.0);
        assert!(y <= 1.0);

        let x = (x * (self.size[0] - 1) as f64).round() as usize;
        let y = (y * (self.size[1] - 1) as f64).round() as usize;
        self.data[x + y * self.size[0] as usize]
    }
}
// pub struct GpuLookupTable<R: gfx::Resources> {
//     pub(crate) texture_view: handle::ShaderResourceView<R, [f32; 4]>,

//     #[allow(unused)]
//     pub(crate) texture: handle::Texture<R, format::R32_G32_B32_A32>,
// }
// impl<R: gfx::Resources> GpuLookupTable<R> {
//     pub fn new<F: gfx::Factory<R>>(factory: &mut F, table: &LookupTable) -> Result<Self, Error> {
//         let kind = match table.size {
//             [x, 1, 1] => Kind::D1(x),
//             [x, y, 1] => Kind::D2(x, y, AaMode::Single),
//             [x, y, z] => Kind::D3(x, y, z),
//         };

//         let (texture, texture_view) = factory.create_texture_immutable::<format::Rgba32F>(
//             kind,
//             Mipmap::Provided,
//             &[gfx::memory::cast_slice(&table.data[..])],
//         )?;

//         Ok(Self {
//             texture_view,
//             texture,
//         })
//     }
// }","let z = i / (size[0] as u64 * size[1] as u64);
                        let idx = [x as u16, y as u16, z as u16];
                        let rgba = self.compute(idx);
                        [rgba[0], rgba[1], rgba[2], rgba[3]]
                    })
                    .collect::<Vec<_>>()
            })
            .flatten()
            .collect::<Vec<_>>();
        
        context.finish();
        Ok(LookupTable { size, data })
    }
}

#[derive(Clone, Debug, Serialize, Deserialize)]
pub struct LookupTable {
    pub size: [u16; 3],
    pub data: Vec<f32>,
}"
deepseek,deepseek-ai/DeepSeek-V3.2:novita,rust,GPL-3.0,src::protocol::response.rs,464,0.2,0,0.0,"    /// sequence. Keep sending `Continue` queries until you get back `Variant::Sequence`.
    Partial(Vec<O>),

    /// A `NoReplyWait` query completed.
    WaitComplete,

    /// Means the client is buggy. An example is if the client sends a malformed protobuf, or tries
    /// to send `Continue` for an unknown token.
    ///
    /// The list of error messages which are associated with `ClientError` includes:
    ///
    /// * ""Query size ({}) greater than maximum ({})."", ErrorKind::ResourceLimit
    /// * ""Client is buggy (failed to deserialize query)."", ErrorKind::QueryLogic
    ClientError(String),

    /// Means the query failed due to a unrecognized optional argument or the wrong number of
    /// arguments to a command.
    CompileError(String),

    /// Means the query failed at runtime, basically all errors unrelated to parsing and
    /// compilation.
    ///
    /// An example is if you add together two values from a table, but they turn out at runtime to
    /// be booleans rather than numbers.
    ///
    /// One of the error messages which are associated with `RuntimeError` is:
    ///
    /// * ""Response size ({}) greater than maximum ({})."", ErrorKind::ResourceLimit
    RuntimeError(String),
}

impl<O: Deserialize> Variant<O> {
    fn visit<V: de::MapVisitor>(kind_id: u8, mut visitor: V) -> Result<Self, V::Error> {
        match kind_id {
            1 => {
                let (atom,) = try!(visitor.visit_value());
                Ok(Variant::Atom(atom))
            }
            2 => {
                let seq = try!(visitor.visit_value());
                Ok(Variant::Sequence(seq))
            }
            3 => {
                let seq = try!(visitor.visit_value());
                Ok(Variant::Partial(seq))
            }
            4 => {
                let ((),) = try!(visitor.visit_value());
                Ok(Variant::WaitComplete)
            }
            16 => {
                let (error,) = try!(visitor.visit_value());
                Ok(Variant::ClientError(error))
            }
            17 => {
                let (error,) = try!(visitor.visit_value());
                Ok(Variant::CompileError(error))
            }
            18 => {
                let (error,) = try!(visitor.visit_value());
                Ok(Variant::RuntimeError(error))
            }
            id => Err(de::Error::custom(format!(""Got an invalid `Variant` id \""{}\"""", id))),
        }
    }
}

/// Categories of runtime errors.
///
/// If `Variant` is `RuntimeError`, this may be filled in with more information about the error.
#[derive(Eq, PartialEq, Debug)]
pub enum ErrorKind {
    /// Query execution stopped due to an internal error, i.e. a server bug.
    Internal,

    /// Query execution caused a resource limit (for example, the array size limit) to be exceeded.
    ResourceLimit,

    /// The query contains a logical impossibility, such as adding a number to a string.
    QueryLogic,

    /// A `QueryLogic` error that results from accessing a non-existent field or something else that
    /// can be handled with the `default` command.
    NonExistence,

    /// The operation has failed due to cluster state, configuration or table availability.
    OpFailed,

    /// The status of the operation cannot be verified due to cluster state, configuration or table
    /// availability.
    OpIndeterminate,

    /// An error produced by the `error` command.
    User,
}

impl ErrorKind {
    fn from_id(id: u64) -> Option<ErrorKind> {
        use self::ErrorKind::*;
        match id {
            1_000_000 => Some(Internal),
            2_000_000 => Some(ResourceLimit),
            3_000_000 => Some(QueryLogic),
            3_100_000 => Some(NonExistence),
            4_100_000 => Some(OpFailed),
            4_200_000 => Some(OpIndeterminate),
            5_000_000 => Some(User),
            _ => None,
        }
    }
}

impl Deserialize for ErrorKind {
    fn deserialize<D: Deserializer>(deserializer: &mut D) -> Result<ErrorKind, D::Error> {
        deserializer.deserialize(ErrorKindVisitor)
    }
}

struct ErrorKindVisitor;

impl de::Visitor for ErrorKindVisitor {
    type Value = ErrorKind;

    fn visit_u64<E: de::Error>(&mut self, value: u64) -> Result<Self::Value, E> {
        ErrorKind::from_id(value).ok_or_else(|| de::Error::custom(""Invalid `ErrorKind` id.""))
    }
}

/// `Note`s are used to provide futher information about the query response. Currently all the notes
/// indicate that a stream has certain special properties.
#[derive(Debug)]
enum Note {
    /// The stream is a changefeed stream.
    ///
    /// e.g. `r.table(""test"").changes()`
    SequenceFeed,

    /// The stream is a point changefeed stream.
    ///
    /// e.g. `r.table(""test"").get(0).changes()`
    AtomFeed,

    /// The stream is an order_by_limit changefeed stream.
    ///
    /// e.g. `r.table(""test"").order_by(index: ""id"").limit(5).changes()`
    OrderByLimitFeed,

    /// The stream is a union of multiple changefeed types that can't be collapsed to a single type.
    ///
    /// e.g. `r.table(""test"").changes().union(r.table(""test"").get(0).changes())`
    UnionedFeed,

    /// The stream is a changefeed stream and includes notes on what state the changefeed stream is
    /// in.
    ///
    /// e.g. object of the form `{state: ""initializing""}`
    IncludesStates,
}

impl Note {
    fn from_u64(num: u64) -> Option<Note> {
        match num {
            1 => Some(Note::SequenceFeed),
            2 => Some(Note::AtomFeed),
            3 => Some(Note::OrderByLimitFeed),
            4 => Some(Note::UnionedFeed),
            5 => Some(Note::IncludesStates),
            _ => None,
        }
    }
}

impl Deserialize for Note {
    fn deserialize<D: Deserializer>(deserializer: &mut D) -> Result<Note, D::Error> {
        deserializer.deserialize(NoteVisitor)
    }
}

struct NoteVisitor;

impl de::Visitor for NoteVisitor {
    type Value = Note;

    fn visit_u64<E: de::Error>(&mut self, value: u64) -> Result<Note, E> {
        Note::from_u64(value).ok_or_else(|| de::Error::custom(""Invalid `Note` id.""))
    }
}

/// *Incomplete:* Information about the execution of a query.
#[derive(Debug)]
struct Profile {
    description: String,
    duration: f64,
    subtasks: Vec<Profile>,
}

impl Deserialize for Profile {
    fn deserialize<D: Deserializer>(deserializer: &mut D) -> Result<Profile, D::Error> {
        // Original fields as found in the wire protocol
        field_visitor!(
            enum Field {
                ""description"" => Description,
                ""duration(ms)"" => Duration,
                ""sub_tasks"" => Subtasks,
                ""parallel_tasks"" => ParallelTasks,
            },
            FieldVisitor
        );

        struct ProfileVisitor;

        impl de::Visitor for ProfileVisitor {
            type Value = Profile;

            fn visit_seq<V>(&mut self, mut visitor: V) -> Result<Profile, V::Error>
                where V: de::SeqVisitor
            {
                // There should be only one element in the sequence.
                let datum = visitor.visit()
                    .and_then(|x| x.ok_or_else(|| de::Error::custom(""malformed"")));
                try!(visitor.end());
                datum
            }

            fn visit_map<V>(&mut self, mut visitor: V) -> Result<Profile, V::Error>
                where V: de::MapVisitor
            {
                let mut description = None;
                let mut duration = None;
                let mut subtasks = None;
                let mut parallel_tasks: Option<Vec<Profile>> = None;

                while let Some(key) = try!(visitor.visit_key()) {
                    match key {
                        Field::Description => description = Some(try!(visitor.visit_value())),
                        Field::Duration => duration = Some(try!(visitor.visit_value())),
                        Field::Subtasks => subtasks = Some(try!(visitor.visit_value())),
                        Field::ParallelTasks => parallel_tasks = Some(try!(visitor.visit_value())),
                    }
                }
                try!(visitor.end());

                // TODO: The data model can't represent parallel tasks. Fix it!
                if let Some(profile) = parallel_tasks {
                    Ok(Profile {
                        description: ""Parallel tasks"".into(),
                        duration: 0.0,
                        subtasks: profile,
                    })
                } else {
                    let description = try!(description
                                           .ok_or(de::Error::missing_field(""description"")));
                    let duration = try!(duration.ok_or(de::Error::missing_field(""duration(ms)"")));
                    let subtasks = try!(subtasks.ok_or(de::Error::missing_field(""sub_tasks"")));

                    Ok(Profile {
                        description: description,
                        duration: duration,
                        subtasks: subtasks,
                    })
                }
            }
        }

        deserializer.deserialize(ProfileVisitor)
    }
}

/// Describes the position in a `Query` where an error was found.
#[derive(Debug)]
pub enum Frame {
    /// Error occured in a positional argument.
    Pos(u32),

    /// Error occured in a named optional argument.
    Opt(String),
}

impl Deserialize for Frame {
    fn deserialize<D: Deserializer>(deserializer: &mut D) -> Result<Frame, D::Error> {
        deserializer.deserialize(FrameVisitor)
    }
}

struct FrameVisitor;

impl de::Visitor for FrameVisitor {
    type Value = Frame;

    fn visit_u64<E: de::Error>(&mut self, v: u64) -> Result<Self::Value, E> {
        Ok(Frame::Pos(v as u32))
    }

    fn visit_str<E: de::Error>(&mut self, v: &str) -> Result<Self::Value, E> {
        Ok(Frame::Opt(v.into()))
    }

    fn visit_string<E: de::Error>(&mut self, v: String) -> Result<Self::Value, E> {
        Ok(Frame::Opt(v))
    }
}","/// sequence.
    Partial(Vec<O>),

    /// The server is waiting for more writes from the client before it can continue.
    ///
    /// This is only returned for writes that are not acknowledged.
    WaitComplete,

    /// The server acknowledges that a write was performed.
    ///
    /// This is only returned for writes that are acknowledged.
    Acknowledge,

    /// The server indicates that the client should stop sending `Continue` queries.
    ///
    /// This is only returned for changefeeds.
    Stop,

    /// The server indicates that the client should resume sending `Continue` queries.
    ///
    /// This is only returned for changefeeds.
    Resume,

    /// The server indicates that the client should forget about this query.
    ///
    /// This is only returned for changefeeds.
    Forget,

    /// The server indicates that the client should update its understanding of the feed's state.
    ///
    /// This is only returned for changefeeds.
    State(String),

    /// The server indicates that the client should update its understanding of the feed's state.
    ///
    /// This is only returned for changefeeds.
    Change(Vec<O>),

    /// The"
deepseek,deepseek-ai/DeepSeek-V3.2:novita,rust,GPL-3.0,src::protocol::response.rs,464,0.4,0,0.0979498861047836,"    /// sequence. Keep sending `Continue` queries until you get back `Variant::Sequence`.
    Partial(Vec<O>),

    /// A `NoReplyWait` query completed.
    WaitComplete,

    /// Means the client is buggy. An example is if the client sends a malformed protobuf, or tries
    /// to send `Continue` for an unknown token.
    ///
    /// The list of error messages which are associated with `ClientError` includes:
    ///
    /// * ""Query size ({}) greater than maximum ({})."", ErrorKind::ResourceLimit
    /// * ""Client is buggy (failed to deserialize query)."", ErrorKind::QueryLogic
    ClientError(String),

    /// Means the query failed due to a unrecognized optional argument or the wrong number of
    /// arguments to a command.
    CompileError(String),

    /// Means the query failed at runtime, basically all errors unrelated to parsing and
    /// compilation.
    ///
    /// An example is if you add together two values from a table, but they turn out at runtime to
    /// be booleans rather than numbers.
    ///
    /// One of the error messages which are associated with `RuntimeError` is:
    ///
    /// * ""Response size ({}) greater than maximum ({})."", ErrorKind::ResourceLimit
    RuntimeError(String),
}

impl<O: Deserialize> Variant<O> {
    fn visit<V: de::MapVisitor>(kind_id: u8, mut visitor: V) -> Result<Self, V::Error> {
        match kind_id {
            1 => {
                let (atom,) = try!(visitor.visit_value());
                Ok(Variant::Atom(atom))
            }
            2 => {
                let seq = try!(visitor.visit_value());
                Ok(Variant::Sequence(seq))
            }
            3 => {
                let seq = try!(visitor.visit_value());
                Ok(Variant::Partial(seq))
            }
            4 => {
                let ((),) = try!(visitor.visit_value());
                Ok(Variant::WaitComplete)
            }
            16 => {
                let (error,) = try!(visitor.visit_value());
                Ok(Variant::ClientError(error))
            }
            17 => {
                let (error,) = try!(visitor.visit_value());
                Ok(Variant::CompileError(error))
            }
            18 => {
                let (error,) = try!(visitor.visit_value());
                Ok(Variant::RuntimeError(error))
            }
            id => Err(de::Error::custom(format!(""Got an invalid `Variant` id \""{}\"""", id))),
        }
    }
}

/// Categories of runtime errors.
///
/// If `Variant` is `RuntimeError`, this may be filled in with more information about the error.
#[derive(Eq, PartialEq, Debug)]
pub enum ErrorKind {
    /// Query execution stopped due to an internal error, i.e. a server bug.
    Internal,

    /// Query execution caused a resource limit (for example, the array size limit) to be exceeded.
    ResourceLimit,

    /// The query contains a logical impossibility, such as adding a number to a string.
    QueryLogic,

    /// A `QueryLogic` error that results from accessing a non-existent field or something else that
    /// can be handled with the `default` command.
    NonExistence,

    /// The operation has failed due to cluster state, configuration or table availability.
    OpFailed,

    /// The status of the operation cannot be verified due to cluster state, configuration or table
    /// availability.
    OpIndeterminate,

    /// An error produced by the `error` command.
    User,
}

impl ErrorKind {
    fn from_id(id: u64) -> Option<ErrorKind> {
        use self::ErrorKind::*;
        match id {
            1_000_000 => Some(Internal),
            2_000_000 => Some(ResourceLimit),
            3_000_000 => Some(QueryLogic),
            3_100_000 => Some(NonExistence),
            4_100_000 => Some(OpFailed),
            4_200_000 => Some(OpIndeterminate),
            5_000_000 => Some(User),
            _ => None,
        }
    }
}

impl Deserialize for ErrorKind {
    fn deserialize<D: Deserializer>(deserializer: &mut D) -> Result<ErrorKind, D::Error> {
        deserializer.deserialize(ErrorKindVisitor)
    }
}

struct ErrorKindVisitor;

impl de::Visitor for ErrorKindVisitor {
    type Value = ErrorKind;

    fn visit_u64<E: de::Error>(&mut self, value: u64) -> Result<Self::Value, E> {
        ErrorKind::from_id(value).ok_or_else(|| de::Error::custom(""Invalid `ErrorKind` id.""))
    }
}

/// `Note`s are used to provide futher information about the query response. Currently all the notes
/// indicate that a stream has certain special properties.
#[derive(Debug)]
enum Note {
    /// The stream is a changefeed stream.
    ///
    /// e.g. `r.table(""test"").changes()`
    SequenceFeed,

    /// The stream is a point changefeed stream.
    ///
    /// e.g. `r.table(""test"").get(0).changes()`
    AtomFeed,

    /// The stream is an order_by_limit changefeed stream.
    ///
    /// e.g. `r.table(""test"").order_by(index: ""id"").limit(5).changes()`
    OrderByLimitFeed,

    /// The stream is a union of multiple changefeed types that can't be collapsed to a single type.
    ///
    /// e.g. `r.table(""test"").changes().union(r.table(""test"").get(0).changes())`
    UnionedFeed,

    /// The stream is a changefeed stream and includes notes on what state the changefeed stream is
    /// in.
    ///
    /// e.g. object of the form `{state: ""initializing""}`
    IncludesStates,
}

impl Note {
    fn from_u64(num: u64) -> Option<Note> {
        match num {
            1 => Some(Note::SequenceFeed),
            2 => Some(Note::AtomFeed),
            3 => Some(Note::OrderByLimitFeed),
            4 => Some(Note::UnionedFeed),
            5 => Some(Note::IncludesStates),
            _ => None,
        }
    }
}

impl Deserialize for Note {
    fn deserialize<D: Deserializer>(deserializer: &mut D) -> Result<Note, D::Error> {
        deserializer.deserialize(NoteVisitor)
    }
}

struct NoteVisitor;

impl de::Visitor for NoteVisitor {
    type Value = Note;

    fn visit_u64<E: de::Error>(&mut self, value: u64) -> Result<Note, E> {
        Note::from_u64(value).ok_or_else(|| de::Error::custom(""Invalid `Note` id.""))
    }
}

/// *Incomplete:* Information about the execution of a query.
#[derive(Debug)]
struct Profile {
    description: String,
    duration: f64,
    subtasks: Vec<Profile>,
}

impl Deserialize for Profile {
    fn deserialize<D: Deserializer>(deserializer: &mut D) -> Result<Profile, D::Error> {
        // Original fields as found in the wire protocol
        field_visitor!(
            enum Field {
                ""description"" => Description,
                ""duration(ms)"" => Duration,
                ""sub_tasks"" => Subtasks,
                ""parallel_tasks"" => ParallelTasks,
            },
            FieldVisitor
        );

        struct ProfileVisitor;

        impl de::Visitor for ProfileVisitor {
            type Value = Profile;

            fn visit_seq<V>(&mut self, mut visitor: V) -> Result<Profile, V::Error>
                where V: de::SeqVisitor
            {
                // There should be only one element in the sequence.
                let datum = visitor.visit()
                    .and_then(|x| x.ok_or_else(|| de::Error::custom(""malformed"")));
                try!(visitor.end());
                datum
            }

            fn visit_map<V>(&mut self, mut visitor: V) -> Result<Profile, V::Error>
                where V: de::MapVisitor
            {
                let mut description = None;
                let mut duration = None;
                let mut subtasks = None;
                let mut parallel_tasks: Option<Vec<Profile>> = None;

                while let Some(key) = try!(visitor.visit_key()) {
                    match key {
                        Field::Description => description = Some(try!(visitor.visit_value())),
                        Field::Duration => duration = Some(try!(visitor.visit_value())),
                        Field::Subtasks => subtasks = Some(try!(visitor.visit_value())),
                        Field::ParallelTasks => parallel_tasks = Some(try!(visitor.visit_value())),
                    }
                }
                try!(visitor.end());

                // TODO: The data model can't represent parallel tasks. Fix it!
                if let Some(profile) = parallel_tasks {
                    Ok(Profile {
                        description: ""Parallel tasks"".into(),
                        duration: 0.0,
                        subtasks: profile,
                    })
                } else {
                    let description = try!(description
                                           .ok_or(de::Error::missing_field(""description"")));
                    let duration = try!(duration.ok_or(de::Error::missing_field(""duration(ms)"")));
                    let subtasks = try!(subtasks.ok_or(de::Error::missing_field(""sub_tasks"")));

                    Ok(Profile {
                        description: description,
                        duration: duration,
                        subtasks: subtasks,
                    })
                }
            }
        }

        deserializer.deserialize(ProfileVisitor)
    }
}

/// Describes the position in a `Query` where an error was found.
#[derive(Debug)]
pub enum Frame {
    /// Error occured in a positional argument.
    Pos(u32),

    /// Error occured in a named optional argument.
    Opt(String),
}

impl Deserialize for Frame {
    fn deserialize<D: Deserializer>(deserializer: &mut D) -> Result<Frame, D::Error> {
        deserializer.deserialize(FrameVisitor)
    }
}

struct FrameVisitor;

impl de::Visitor for FrameVisitor {
    type Value = Frame;

    fn visit_u64<E: de::Error>(&mut self, v: u64) -> Result<Self::Value, E> {
        Ok(Frame::Pos(v as u32))
    }

    fn visit_str<E: de::Error>(&mut self, v: &str) -> Result<Self::Value, E> {
        Ok(Frame::Opt(v.into()))
    }

    fn visit_string<E: de::Error>(&mut self, v: String) -> Result<Self::Value, E> {
        Ok(Frame::Opt(v))
    }
}","/// sequence.
    Partial(Vec<O>),

    /// Query returned a wait note.
    WaitComplete,

    /// An error occurred during execution of the query.
    RuntimeError(String),

    /// An error occurred during compilation of the query.
    CompileError(String),

    /// The client sent a malformed protobuf or JSON.
    ClientError(String),
}

impl<O: Deserialize> Variant<O> {
    fn visit<V: de::MapVisitor>(discriminant: u8, visitor: &mut V) -> Result<Variant<O>, V::Error> {
        match discriminant {
            1 => Ok(Variant::Atom(try!(visitor.visit_value()))),
            2 => Ok(Variant::Sequence(try!(visitor.visit_value()))),
            3 => Ok(Variant::Partial(try!(visitor.visit_value()))),
            4 => Ok(Variant::WaitComplete),
            16 => Ok(Variant::RuntimeError(try!(visitor.visit_value()))),
            17 => Ok(Variant::CompileError(try!(visitor.visit_value()))),
            18 => Ok(Variant::ClientError(try!(visitor.visit_value()))),
            _ => Err(de"
deepseek,deepseek-ai/DeepSeek-V3.2:novita,rust,GPL-3.0,src::protocol::response.rs,464,0.8,0,0.025,"    /// sequence. Keep sending `Continue` queries until you get back `Variant::Sequence`.
    Partial(Vec<O>),

    /// A `NoReplyWait` query completed.
    WaitComplete,

    /// Means the client is buggy. An example is if the client sends a malformed protobuf, or tries
    /// to send `Continue` for an unknown token.
    ///
    /// The list of error messages which are associated with `ClientError` includes:
    ///
    /// * ""Query size ({}) greater than maximum ({})."", ErrorKind::ResourceLimit
    /// * ""Client is buggy (failed to deserialize query)."", ErrorKind::QueryLogic
    ClientError(String),

    /// Means the query failed due to a unrecognized optional argument or the wrong number of
    /// arguments to a command.
    CompileError(String),

    /// Means the query failed at runtime, basically all errors unrelated to parsing and
    /// compilation.
    ///
    /// An example is if you add together two values from a table, but they turn out at runtime to
    /// be booleans rather than numbers.
    ///
    /// One of the error messages which are associated with `RuntimeError` is:
    ///
    /// * ""Response size ({}) greater than maximum ({})."", ErrorKind::ResourceLimit
    RuntimeError(String),
}

impl<O: Deserialize> Variant<O> {
    fn visit<V: de::MapVisitor>(kind_id: u8, mut visitor: V) -> Result<Self, V::Error> {
        match kind_id {
            1 => {
                let (atom,) = try!(visitor.visit_value());
                Ok(Variant::Atom(atom))
            }
            2 => {
                let seq = try!(visitor.visit_value());
                Ok(Variant::Sequence(seq))
            }
            3 => {
                let seq = try!(visitor.visit_value());
                Ok(Variant::Partial(seq))
            }
            4 => {
                let ((),) = try!(visitor.visit_value());
                Ok(Variant::WaitComplete)
            }
            16 => {
                let (error,) = try!(visitor.visit_value());
                Ok(Variant::ClientError(error))
            }
            17 => {
                let (error,) = try!(visitor.visit_value());
                Ok(Variant::CompileError(error))
            }
            18 => {
                let (error,) = try!(visitor.visit_value());
                Ok(Variant::RuntimeError(error))
            }
            id => Err(de::Error::custom(format!(""Got an invalid `Variant` id \""{}\"""", id))),
        }
    }
}

/// Categories of runtime errors.
///
/// If `Variant` is `RuntimeError`, this may be filled in with more information about the error.
#[derive(Eq, PartialEq, Debug)]
pub enum ErrorKind {
    /// Query execution stopped due to an internal error, i.e. a server bug.
    Internal,

    /// Query execution caused a resource limit (for example, the array size limit) to be exceeded.
    ResourceLimit,

    /// The query contains a logical impossibility, such as adding a number to a string.
    QueryLogic,

    /// A `QueryLogic` error that results from accessing a non-existent field or something else that
    /// can be handled with the `default` command.
    NonExistence,

    /// The operation has failed due to cluster state, configuration or table availability.
    OpFailed,

    /// The status of the operation cannot be verified due to cluster state, configuration or table
    /// availability.
    OpIndeterminate,

    /// An error produced by the `error` command.
    User,
}

impl ErrorKind {
    fn from_id(id: u64) -> Option<ErrorKind> {
        use self::ErrorKind::*;
        match id {
            1_000_000 => Some(Internal),
            2_000_000 => Some(ResourceLimit),
            3_000_000 => Some(QueryLogic),
            3_100_000 => Some(NonExistence),
            4_100_000 => Some(OpFailed),
            4_200_000 => Some(OpIndeterminate),
            5_000_000 => Some(User),
            _ => None,
        }
    }
}

impl Deserialize for ErrorKind {
    fn deserialize<D: Deserializer>(deserializer: &mut D) -> Result<ErrorKind, D::Error> {
        deserializer.deserialize(ErrorKindVisitor)
    }
}

struct ErrorKindVisitor;

impl de::Visitor for ErrorKindVisitor {
    type Value = ErrorKind;

    fn visit_u64<E: de::Error>(&mut self, value: u64) -> Result<Self::Value, E> {
        ErrorKind::from_id(value).ok_or_else(|| de::Error::custom(""Invalid `ErrorKind` id.""))
    }
}

/// `Note`s are used to provide futher information about the query response. Currently all the notes
/// indicate that a stream has certain special properties.
#[derive(Debug)]
enum Note {
    /// The stream is a changefeed stream.
    ///
    /// e.g. `r.table(""test"").changes()`
    SequenceFeed,

    /// The stream is a point changefeed stream.
    ///
    /// e.g. `r.table(""test"").get(0).changes()`
    AtomFeed,

    /// The stream is an order_by_limit changefeed stream.
    ///
    /// e.g. `r.table(""test"").order_by(index: ""id"").limit(5).changes()`
    OrderByLimitFeed,

    /// The stream is a union of multiple changefeed types that can't be collapsed to a single type.
    ///
    /// e.g. `r.table(""test"").changes().union(r.table(""test"").get(0).changes())`
    UnionedFeed,

    /// The stream is a changefeed stream and includes notes on what state the changefeed stream is
    /// in.
    ///
    /// e.g. object of the form `{state: ""initializing""}`
    IncludesStates,
}

impl Note {
    fn from_u64(num: u64) -> Option<Note> {
        match num {
            1 => Some(Note::SequenceFeed),
            2 => Some(Note::AtomFeed),
            3 => Some(Note::OrderByLimitFeed),
            4 => Some(Note::UnionedFeed),
            5 => Some(Note::IncludesStates),
            _ => None,
        }
    }
}

impl Deserialize for Note {
    fn deserialize<D: Deserializer>(deserializer: &mut D) -> Result<Note, D::Error> {
        deserializer.deserialize(NoteVisitor)
    }
}

struct NoteVisitor;

impl de::Visitor for NoteVisitor {
    type Value = Note;

    fn visit_u64<E: de::Error>(&mut self, value: u64) -> Result<Note, E> {
        Note::from_u64(value).ok_or_else(|| de::Error::custom(""Invalid `Note` id.""))
    }
}

/// *Incomplete:* Information about the execution of a query.
#[derive(Debug)]
struct Profile {
    description: String,
    duration: f64,
    subtasks: Vec<Profile>,
}

impl Deserialize for Profile {
    fn deserialize<D: Deserializer>(deserializer: &mut D) -> Result<Profile, D::Error> {
        // Original fields as found in the wire protocol
        field_visitor!(
            enum Field {
                ""description"" => Description,
                ""duration(ms)"" => Duration,
                ""sub_tasks"" => Subtasks,
                ""parallel_tasks"" => ParallelTasks,
            },
            FieldVisitor
        );

        struct ProfileVisitor;

        impl de::Visitor for ProfileVisitor {
            type Value = Profile;

            fn visit_seq<V>(&mut self, mut visitor: V) -> Result<Profile, V::Error>
                where V: de::SeqVisitor
            {
                // There should be only one element in the sequence.
                let datum = visitor.visit()
                    .and_then(|x| x.ok_or_else(|| de::Error::custom(""malformed"")));
                try!(visitor.end());
                datum
            }

            fn visit_map<V>(&mut self, mut visitor: V) -> Result<Profile, V::Error>
                where V: de::MapVisitor
            {
                let mut description = None;
                let mut duration = None;
                let mut subtasks = None;
                let mut parallel_tasks: Option<Vec<Profile>> = None;

                while let Some(key) = try!(visitor.visit_key()) {
                    match key {
                        Field::Description => description = Some(try!(visitor.visit_value())),
                        Field::Duration => duration = Some(try!(visitor.visit_value())),
                        Field::Subtasks => subtasks = Some(try!(visitor.visit_value())),
                        Field::ParallelTasks => parallel_tasks = Some(try!(visitor.visit_value())),
                    }
                }
                try!(visitor.end());

                // TODO: The data model can't represent parallel tasks. Fix it!
                if let Some(profile) = parallel_tasks {
                    Ok(Profile {
                        description: ""Parallel tasks"".into(),
                        duration: 0.0,
                        subtasks: profile,
                    })
                } else {
                    let description = try!(description
                                           .ok_or(de::Error::missing_field(""description"")));
                    let duration = try!(duration.ok_or(de::Error::missing_field(""duration(ms)"")));
                    let subtasks = try!(subtasks.ok_or(de::Error::missing_field(""sub_tasks"")));

                    Ok(Profile {
                        description: description,
                        duration: duration,
                        subtasks: subtasks,
                    })
                }
            }
        }

        deserializer.deserialize(ProfileVisitor)
    }
}

/// Describes the position in a `Query` where an error was found.
#[derive(Debug)]
pub enum Frame {
    /// Error occured in a positional argument.
    Pos(u32),

    /// Error occured in a named optional argument.
    Opt(String),
}

impl Deserialize for Frame {
    fn deserialize<D: Deserializer>(deserializer: &mut D) -> Result<Frame, D::Error> {
        deserializer.deserialize(FrameVisitor)
    }
}

struct FrameVisitor;

impl de::Visitor for FrameVisitor {
    type Value = Frame;

    fn visit_u64<E: de::Error>(&mut self, v: u64) -> Result<Self::Value, E> {
        Ok(Frame::Pos(v as u32))
    }

    fn visit_str<E: de::Error>(&mut self, v: &str) -> Result<Self::Value, E> {
        Ok(Frame::Opt(v.into()))
    }

    fn visit_string<E: de::Error>(&mut self, v: String) -> Result<Self::Value, E> {
        Ok(Frame::Opt(v))
    }
}","/// sequence. The response to that query might be another `Partial` response.
    Partial(Vec<O>),

    /// Waiting for more data would result in a deadlock.
    ///
    /// The server sends a `WaitComplete` response when a `Wait` query finishes.
    WaitComplete,

    /// An error occured while processing the query.
    ///
    /// This is used for errors which are not caused by the query itself, like
    /// `ResourceLimitError` or `InternalError`.
    ServerError(String),

    /// The query contained an error.
    ///
    /// This is used for errors which are caused by the query itself, like
    /// `CompileError` or `RuntimeError`.
    ClientError(String),
}

impl<O> Variant<O> {
    /// Returns `true` if the response is a `Variant::Atom`.
    pub fn is_atom(&self) -> bool {
        match *self {
            Variant::Atom(_) => true,
            _ => false,
        }
    }

    /// Returns `true` if the response is a `Variant::Sequence`.
    pub fn is_sequence(&self) -> bool {
        match *self"
deepseek,deepseek-ai/DeepSeek-V3.2:novita,rust,GPL-3.0,src::replacer.rs,119,0.2,0,0.09433962264150944,"                    .into_owned();
                let position = mat.start() + new.len();

                Some(ReplaceResult {
                    before: &text[0..mat.start()],
                    after: &text[mat.end()..],
                    new: new,
                    old: &text[mat.start()..mat.end()],
                    position_of_replacement: position,
                })
            } else {
                Option::None
            },
        }
    }

    pub fn replace_all<'a>(&self, text: &'a str) -> String {
        match self.mode {
            OperationMode::RawText(ref from) => {
                text.replace(from, &*self.to)
            },
            OperationMode::Regex(ref regex) => {
                regex.replace_all(text, &*self.to).into_owned()
            },
        }
    }
}

#[cfg(test)]
mod replace_test {
    use super::*;

    fn assert<'a>(expected: &str, expected_pos: usize, result: ReplaceResult<'a>) {
        let resulting_string = format!(""{}{}{}"", result.before, result.new, result.after);
        assert_eq!(expected, resulting_string);
        assert_eq!(expected_pos, result.position_of_replacement);
    }

    #[test]
    fn text_replace() {
        let r = Replacer::new(OperationMode::new_raw(""w""), ""e"");
        assert(""eewe"", 1, r.replace(""wewe"", 0).unwrap());
        assert(""eeee"", 3, r.replace(""eewe"", 1).unwrap());
        assert_eq!(Option::None, r.replace(""eeee"", 3));
    }

    #[test]
    fn regex_replace() {
        let r = Replacer::new(OperationMode::new_regex(""(a|b)"").unwrap(), ""c"");
        assert(""c"", 1, r.replace(""a"", 0).unwrap());
        assert(""cdbdad"", 1, r.replace(""adbdad"", 0).unwrap());
        assert(""cdcdad"", 3, r.replace(""cdbdad"", 0).unwrap());
        assert(""cdcdcd"", 5, r.replace(""cdcdad"", 0).unwrap());
        assert_eq!(Option::None, r.replace(""cdcdcd"", 5));
    }

    #[test]
    fn regex_using_line_begs_and_ends() {
        let r = Replacer::new(OperationMode::new_regex(""$"").unwrap(), ""begin"");
        assert(""_begin"", 6, r.replace(""_"", 0).unwrap());
    }

    #[test]
    fn zero_string_matches() {
        let r = Replacer::new(OperationMode::new_regex(""\\d*"").unwrap(), ""X"");
        assert(""Xaaa"", 1, r.replace(""aaa"", 0).unwrap());
    }

    #[test]
    fn regex_backreference() {
        let r = Replacer::new(OperationMode::new_regex(""(a|b)"").unwrap(), ""$1$1"");
        let result = r.replace(""adb"", 0).unwrap();
        let pos = result.position_of_replacement;
        assert(""aadb"", 2, result);
        assert(""aadbb"", 5, r.replace(&""aadb"", pos).unwrap());
    }
}",".to_string();
                Some(ReplaceResult {
                    before: &text[0..mat.start()],
                    after: &text[mat.end()..],
                    new: new,
                    old: mat.as_str(),
                    position_of_replacement: mat.start() + self.to.len(),
                })
            } else {
                Option::None
            },
        }
    }
}"
deepseek,deepseek-ai/DeepSeek-V3.2:novita,rust,GPL-3.0,src::replacer.rs,119,0.4,0,0.18779342723004694,"                    .into_owned();
                let position = mat.start() + new.len();

                Some(ReplaceResult {
                    before: &text[0..mat.start()],
                    after: &text[mat.end()..],
                    new: new,
                    old: &text[mat.start()..mat.end()],
                    position_of_replacement: position,
                })
            } else {
                Option::None
            },
        }
    }

    pub fn replace_all<'a>(&self, text: &'a str) -> String {
        match self.mode {
            OperationMode::RawText(ref from) => {
                text.replace(from, &*self.to)
            },
            OperationMode::Regex(ref regex) => {
                regex.replace_all(text, &*self.to).into_owned()
            },
        }
    }
}

#[cfg(test)]
mod replace_test {
    use super::*;

    fn assert<'a>(expected: &str, expected_pos: usize, result: ReplaceResult<'a>) {
        let resulting_string = format!(""{}{}{}"", result.before, result.new, result.after);
        assert_eq!(expected, resulting_string);
        assert_eq!(expected_pos, result.position_of_replacement);
    }

    #[test]
    fn text_replace() {
        let r = Replacer::new(OperationMode::new_raw(""w""), ""e"");
        assert(""eewe"", 1, r.replace(""wewe"", 0).unwrap());
        assert(""eeee"", 3, r.replace(""eewe"", 1).unwrap());
        assert_eq!(Option::None, r.replace(""eeee"", 3));
    }

    #[test]
    fn regex_replace() {
        let r = Replacer::new(OperationMode::new_regex(""(a|b)"").unwrap(), ""c"");
        assert(""c"", 1, r.replace(""a"", 0).unwrap());
        assert(""cdbdad"", 1, r.replace(""adbdad"", 0).unwrap());
        assert(""cdcdad"", 3, r.replace(""cdbdad"", 0).unwrap());
        assert(""cdcdcd"", 5, r.replace(""cdcdad"", 0).unwrap());
        assert_eq!(Option::None, r.replace(""cdcdcd"", 5));
    }

    #[test]
    fn regex_using_line_begs_and_ends() {
        let r = Replacer::new(OperationMode::new_regex(""$"").unwrap(), ""begin"");
        assert(""_begin"", 6, r.replace(""_"", 0).unwrap());
    }

    #[test]
    fn zero_string_matches() {
        let r = Replacer::new(OperationMode::new_regex(""\\d*"").unwrap(), ""X"");
        assert(""Xaaa"", 1, r.replace(""aaa"", 0).unwrap());
    }

    #[test]
    fn regex_backreference() {
        let r = Replacer::new(OperationMode::new_regex(""(a|b)"").unwrap(), ""$1$1"");
        let result = r.replace(""adb"", 0).unwrap();
        let pos = result.position_of_replacement;
        assert(""aadb"", 2, result);
        assert(""aadbb"", 5, r.replace(&""aadb"", pos).unwrap());
    }
}",".into_owned();
                let position_of_replacement = mat.start() + new.len();
                Some(ReplaceResult {
                    before: &text[0..mat.start()],
                    after: &text[mat.end()..],
                    new,
                    old: &text[mat.start()..mat.end()],
                    position_of_replacement,
                })
            } else {
                Option::None
            },
        }
    }
}"
deepseek,deepseek-ai/DeepSeek-V3.2:novita,rust,GPL-3.0,src::replacer.rs,119,0.8,0,0.13023255813953488,"                    .into_owned();
                let position = mat.start() + new.len();

                Some(ReplaceResult {
                    before: &text[0..mat.start()],
                    after: &text[mat.end()..],
                    new: new,
                    old: &text[mat.start()..mat.end()],
                    position_of_replacement: position,
                })
            } else {
                Option::None
            },
        }
    }

    pub fn replace_all<'a>(&self, text: &'a str) -> String {
        match self.mode {
            OperationMode::RawText(ref from) => {
                text.replace(from, &*self.to)
            },
            OperationMode::Regex(ref regex) => {
                regex.replace_all(text, &*self.to).into_owned()
            },
        }
    }
}

#[cfg(test)]
mod replace_test {
    use super::*;

    fn assert<'a>(expected: &str, expected_pos: usize, result: ReplaceResult<'a>) {
        let resulting_string = format!(""{}{}{}"", result.before, result.new, result.after);
        assert_eq!(expected, resulting_string);
        assert_eq!(expected_pos, result.position_of_replacement);
    }

    #[test]
    fn text_replace() {
        let r = Replacer::new(OperationMode::new_raw(""w""), ""e"");
        assert(""eewe"", 1, r.replace(""wewe"", 0).unwrap());
        assert(""eeee"", 3, r.replace(""eewe"", 1).unwrap());
        assert_eq!(Option::None, r.replace(""eeee"", 3));
    }

    #[test]
    fn regex_replace() {
        let r = Replacer::new(OperationMode::new_regex(""(a|b)"").unwrap(), ""c"");
        assert(""c"", 1, r.replace(""a"", 0).unwrap());
        assert(""cdbdad"", 1, r.replace(""adbdad"", 0).unwrap());
        assert(""cdcdad"", 3, r.replace(""cdbdad"", 0).unwrap());
        assert(""cdcdcd"", 5, r.replace(""cdcdad"", 0).unwrap());
        assert_eq!(Option::None, r.replace(""cdcdcd"", 5));
    }

    #[test]
    fn regex_using_line_begs_and_ends() {
        let r = Replacer::new(OperationMode::new_regex(""$"").unwrap(), ""begin"");
        assert(""_begin"", 6, r.replace(""_"", 0).unwrap());
    }

    #[test]
    fn zero_string_matches() {
        let r = Replacer::new(OperationMode::new_regex(""\\d*"").unwrap(), ""X"");
        assert(""Xaaa"", 1, r.replace(""aaa"", 0).unwrap());
    }

    #[test]
    fn regex_backreference() {
        let r = Replacer::new(OperationMode::new_regex(""(a|b)"").unwrap(), ""$1$1"");
        let result = r.replace(""adb"", 0).unwrap();
        let pos = result.position_of_replacement;
        assert(""aadb"", 2, result);
        assert(""aadbb"", 5, r.replace(&""aadb"", pos).unwrap());
    }
}",".to_string();
                Some(ReplaceResult {
                    before: &text[0..mat.start()],
                    after: &text[mat.end()..],
                    new,
                    old: &text[mat.start()..mat.end()],
                    position_of_replacement: mat.start() + new.len(),
                })
            } else {
                None
            },
        }
    }
}"
deepseek,deepseek-ai/DeepSeek-V3.2:novita,rust,GPL-3.0,gameserver::src::utils::client_handler.rs,255,0.2,0,0.10810810810810811,"    },
    Request {
        request_num: usize,
        data: Vec<u8>,
        deadline: Instant,
    },
    Response {
        message_id: MessageId,
        data: Vec<u8>,
    }
}


pub struct ClientHandler {
    client_id: ClientId,

    connection: Connection,

    ctrl_chan: UnboundedReceiver<Command>,

    message_handler: MessageHandler,
    
    event_channel: UnboundedSender<Event>,
}

impl ClientHandler {
    pub fn new(client_id: ClientId,
               token: Vec<u8>,
               routing_table: Arc<Mutex<RoutingTable>>,
               event_channel: UnboundedSender<Event>)
               -> (ClientHandle, ClientHandler)
    {
        let (snd, rcv) = unbounded();

        let handle = ClientHandle {
            client_id,
            ctrl_chan: snd,
            request_counter: 0,
        };

        let handler = ClientHandler {
            client_id,

            connection: Connection::new(token, routing_table),

            ctrl_chan: rcv,

            message_handler: MessageHandler::new(),

            event_channel,
        };

        return (handle, handler);
    }

    /// Send a message to the game this controller serves.
    fn dispatch_event(&mut self, content: EventContent) {
        let event = Event {
            client_id: self.client_id,
            content,
        };
        self.event_channel.unbounded_send(event)
            .expect(""event channel broke"");
    }

    /// Pull commands from the control channel and execute them.
    fn handle_commands(&mut self) -> Poll<(), ()> {
        loop {
            match try_ready!(self.ctrl_chan.poll()) {
                Some(Command::Message { data }) => {
                    let msg = self.message_handler.create_message(data);
                    self.connection.send(msg);
                },
                Some(Command::Request { request_num, data, deadline }) => {
                    let msg = self.message_handler.create_request(
                        request_num,
                        data,
                        deadline,
                    );
                    self.connection.send(msg);
                },
                Some(Command::Response { message_id, data }) => {
                    let msg = self.message_handler.create_response(
                        message_id,
                        data
                    );
                    self.connection.send(msg);
                }
                None => {
                    // The control channel was closed; exit.
                    // return Ok(Async::Ready(()));
                    return Ok(Async::NotReady);
                }
            }
        }
    }

    /// Pull events from the client connection and handle them.
    fn poll_client_connection(&mut self) -> Poll<(), ()> {
        loop {
            match try_ready!(self.connection.poll()) {
                ConnectionEvent::Packet(data) => {
                    self.handle_packet(data);
                }
                ConnectionEvent::Connected => {
                    self.dispatch_event(EventContent::Connected);
                }
                ConnectionEvent::Disconnected => {
                    self.dispatch_event(EventContent::Disconnected);
                }
            }
        }
    }

    /// Check for request timeouts, and dispatch them.
    fn handle_timeouts(&mut self) -> Poll<(), ()> {
        loop {
            let request_num = try_ready!(self.message_handler.poll_timeout());
            let client_id = self.client_id;
            let request_id = RequestId { client_id, request_num };

            self.dispatch_event(EventContent::Response {
                request_id,
                value: Err(ResponseError::Timeout),
            });
        }
    }

    fn handle_packet(&mut self, data: Vec<u8>) {
        match self.message_handler.handle_message(data) {
            Ok(Message::Message { message_id, data }) => {
                self.dispatch_event(EventContent::Message {
                    message_id,
                    data,
                });
            }
            Ok(Message::Response { request_num, data }) => {
                let client_id = self.client_id;
                let request_id = RequestId { client_id, request_num };
                self.dispatch_event(EventContent::Response {
                    request_id,
                    value: Ok(data),
                });
            }
            Err(err) => {
                // TODO
                println!(""{}"", err);
            }
        }
    }
}

impl Future for ClientHandler {
    type Item = ();
    type Error = ();

    fn poll(&mut self) -> Poll<(), ()> {
        match try!(self.handle_commands()) {
            // drop the connection as soon as it is done
            Async::Ready(()) => return self.connection.poll_complete(),
            Async::NotReady => (),
        };
        try!(self.handle_timeouts());
        return self.poll_client_connection();
    }
}","},
    Request {
        request_num: usize,
        data: Vec<u8>,
        deadline: Instant,
    },
    Response {
        message_id: MessageId,
        data: Vec<u8>,
    },
    Disconnect,
}

pub struct ClientHandler {
    client_id: ClientId,
    connection: Connection,
    ctrl_chan: UnboundedReceiver<Command>,
    pending_requests: Vec<(usize, Instant)>,
    routing_table: Arc<Mutex<RoutingTable>>,
    message_handler: MessageHandler,
}

impl ClientHandler {
    pub fn new(
        client_id: ClientId,
        connection: Connection,
        ctrl_chan: UnboundedReceiver<Command>,
        routing_table: Arc<Mutex<RoutingTable>>,
    ) -> Self {
        ClientHandler {
            client_id,
            connection,
            ctrl_chan,
            pending_requests: Vec::new(),
            routing_table,
            message_handler: MessageHandler::new(),
        }
    }

    fn handle_command(&mut self, cmd: Command) {
        match cmd {
            Command::Message { data } => {
                let message_id = self.message_handler.send_message(&mut self.connection, data);
                //"
deepseek,deepseek-ai/DeepSeek-V3.2:novita,rust,GPL-3.0,gameserver::src::utils::client_handler.rs,255,0.4,0,0.11153846153846154,"    },
    Request {
        request_num: usize,
        data: Vec<u8>,
        deadline: Instant,
    },
    Response {
        message_id: MessageId,
        data: Vec<u8>,
    }
}


pub struct ClientHandler {
    client_id: ClientId,

    connection: Connection,

    ctrl_chan: UnboundedReceiver<Command>,

    message_handler: MessageHandler,
    
    event_channel: UnboundedSender<Event>,
}

impl ClientHandler {
    pub fn new(client_id: ClientId,
               token: Vec<u8>,
               routing_table: Arc<Mutex<RoutingTable>>,
               event_channel: UnboundedSender<Event>)
               -> (ClientHandle, ClientHandler)
    {
        let (snd, rcv) = unbounded();

        let handle = ClientHandle {
            client_id,
            ctrl_chan: snd,
            request_counter: 0,
        };

        let handler = ClientHandler {
            client_id,

            connection: Connection::new(token, routing_table),

            ctrl_chan: rcv,

            message_handler: MessageHandler::new(),

            event_channel,
        };

        return (handle, handler);
    }

    /// Send a message to the game this controller serves.
    fn dispatch_event(&mut self, content: EventContent) {
        let event = Event {
            client_id: self.client_id,
            content,
        };
        self.event_channel.unbounded_send(event)
            .expect(""event channel broke"");
    }

    /// Pull commands from the control channel and execute them.
    fn handle_commands(&mut self) -> Poll<(), ()> {
        loop {
            match try_ready!(self.ctrl_chan.poll()) {
                Some(Command::Message { data }) => {
                    let msg = self.message_handler.create_message(data);
                    self.connection.send(msg);
                },
                Some(Command::Request { request_num, data, deadline }) => {
                    let msg = self.message_handler.create_request(
                        request_num,
                        data,
                        deadline,
                    );
                    self.connection.send(msg);
                },
                Some(Command::Response { message_id, data }) => {
                    let msg = self.message_handler.create_response(
                        message_id,
                        data
                    );
                    self.connection.send(msg);
                }
                None => {
                    // The control channel was closed; exit.
                    // return Ok(Async::Ready(()));
                    return Ok(Async::NotReady);
                }
            }
        }
    }

    /// Pull events from the client connection and handle them.
    fn poll_client_connection(&mut self) -> Poll<(), ()> {
        loop {
            match try_ready!(self.connection.poll()) {
                ConnectionEvent::Packet(data) => {
                    self.handle_packet(data);
                }
                ConnectionEvent::Connected => {
                    self.dispatch_event(EventContent::Connected);
                }
                ConnectionEvent::Disconnected => {
                    self.dispatch_event(EventContent::Disconnected);
                }
            }
        }
    }

    /// Check for request timeouts, and dispatch them.
    fn handle_timeouts(&mut self) -> Poll<(), ()> {
        loop {
            let request_num = try_ready!(self.message_handler.poll_timeout());
            let client_id = self.client_id;
            let request_id = RequestId { client_id, request_num };

            self.dispatch_event(EventContent::Response {
                request_id,
                value: Err(ResponseError::Timeout),
            });
        }
    }

    fn handle_packet(&mut self, data: Vec<u8>) {
        match self.message_handler.handle_message(data) {
            Ok(Message::Message { message_id, data }) => {
                self.dispatch_event(EventContent::Message {
                    message_id,
                    data,
                });
            }
            Ok(Message::Response { request_num, data }) => {
                let client_id = self.client_id;
                let request_id = RequestId { client_id, request_num };
                self.dispatch_event(EventContent::Response {
                    request_id,
                    value: Ok(data),
                });
            }
            Err(err) => {
                // TODO
                println!(""{}"", err);
            }
        }
    }
}

impl Future for ClientHandler {
    type Item = ();
    type Error = ();

    fn poll(&mut self) -> Poll<(), ()> {
        match try!(self.handle_commands()) {
            // drop the connection as soon as it is done
            Async::Ready(()) => return self.connection.poll_complete(),
            Async::NotReady => (),
        };
        try!(self.handle_timeouts());
        return self.poll_client_connection();
    }
}","},
    Request {
        request_num: usize,
        data: Vec<u8>,
        deadline: Instant,
    },
    Response {
        message_id: MessageId,
        data: Vec<u8>,
    },
    Disconnect,
}

pub struct ClientHandler {
    client_id: ClientId,
    connection: Connection,
    routing_table: Arc<Mutex<RoutingTable>>,
    ctrl_rx: UnboundedReceiver<Command>,
    pending_requests: Vec<(usize, Instant)>,
}

impl ClientHandler {
    pub fn new(
        client_id: ClientId,
        connection: Connection,
        routing_table: Arc<Mutex<RoutingTable>>,
        ctrl_rx: UnboundedReceiver<Command>,
    ) -> Self {
        Self {
            client_id,
            connection,
            routing_table,
            ctrl_rx,
            pending_requests: Vec::new(),
        }
    }

    fn handle_command(&mut self, command: Command) {
        match command {
            Command::Message { data } => {
                let _ = self.connection.send(data);
            }
            Command::Request { request_num, data, deadline } => {
                self.pending_requests.push((request_num,"
deepseek,deepseek-ai/DeepSeek-V3.2:novita,rust,GPL-3.0,gameserver::src::utils::client_handler.rs,255,0.8,0,0.06299212598425197,"    },
    Request {
        request_num: usize,
        data: Vec<u8>,
        deadline: Instant,
    },
    Response {
        message_id: MessageId,
        data: Vec<u8>,
    }
}


pub struct ClientHandler {
    client_id: ClientId,

    connection: Connection,

    ctrl_chan: UnboundedReceiver<Command>,

    message_handler: MessageHandler,
    
    event_channel: UnboundedSender<Event>,
}

impl ClientHandler {
    pub fn new(client_id: ClientId,
               token: Vec<u8>,
               routing_table: Arc<Mutex<RoutingTable>>,
               event_channel: UnboundedSender<Event>)
               -> (ClientHandle, ClientHandler)
    {
        let (snd, rcv) = unbounded();

        let handle = ClientHandle {
            client_id,
            ctrl_chan: snd,
            request_counter: 0,
        };

        let handler = ClientHandler {
            client_id,

            connection: Connection::new(token, routing_table),

            ctrl_chan: rcv,

            message_handler: MessageHandler::new(),

            event_channel,
        };

        return (handle, handler);
    }

    /// Send a message to the game this controller serves.
    fn dispatch_event(&mut self, content: EventContent) {
        let event = Event {
            client_id: self.client_id,
            content,
        };
        self.event_channel.unbounded_send(event)
            .expect(""event channel broke"");
    }

    /// Pull commands from the control channel and execute them.
    fn handle_commands(&mut self) -> Poll<(), ()> {
        loop {
            match try_ready!(self.ctrl_chan.poll()) {
                Some(Command::Message { data }) => {
                    let msg = self.message_handler.create_message(data);
                    self.connection.send(msg);
                },
                Some(Command::Request { request_num, data, deadline }) => {
                    let msg = self.message_handler.create_request(
                        request_num,
                        data,
                        deadline,
                    );
                    self.connection.send(msg);
                },
                Some(Command::Response { message_id, data }) => {
                    let msg = self.message_handler.create_response(
                        message_id,
                        data
                    );
                    self.connection.send(msg);
                }
                None => {
                    // The control channel was closed; exit.
                    // return Ok(Async::Ready(()));
                    return Ok(Async::NotReady);
                }
            }
        }
    }

    /// Pull events from the client connection and handle them.
    fn poll_client_connection(&mut self) -> Poll<(), ()> {
        loop {
            match try_ready!(self.connection.poll()) {
                ConnectionEvent::Packet(data) => {
                    self.handle_packet(data);
                }
                ConnectionEvent::Connected => {
                    self.dispatch_event(EventContent::Connected);
                }
                ConnectionEvent::Disconnected => {
                    self.dispatch_event(EventContent::Disconnected);
                }
            }
        }
    }

    /// Check for request timeouts, and dispatch them.
    fn handle_timeouts(&mut self) -> Poll<(), ()> {
        loop {
            let request_num = try_ready!(self.message_handler.poll_timeout());
            let client_id = self.client_id;
            let request_id = RequestId { client_id, request_num };

            self.dispatch_event(EventContent::Response {
                request_id,
                value: Err(ResponseError::Timeout),
            });
        }
    }

    fn handle_packet(&mut self, data: Vec<u8>) {
        match self.message_handler.handle_message(data) {
            Ok(Message::Message { message_id, data }) => {
                self.dispatch_event(EventContent::Message {
                    message_id,
                    data,
                });
            }
            Ok(Message::Response { request_num, data }) => {
                let client_id = self.client_id;
                let request_id = RequestId { client_id, request_num };
                self.dispatch_event(EventContent::Response {
                    request_id,
                    value: Ok(data),
                });
            }
            Err(err) => {
                // TODO
                println!(""{}"", err);
            }
        }
    }
}

impl Future for ClientHandler {
    type Item = ();
    type Error = ();

    fn poll(&mut self) -> Poll<(), ()> {
        match try!(self.handle_commands()) {
            // drop the connection as soon as it is done
            Async::Ready(()) => return self.connection.poll_complete(),
            Async::NotReady => (),
        };
        try!(self.handle_timeouts());
        return self.poll_client_connection();
    }
}","},
    Request {
        request_num: usize,
        data: Vec<u8>,
        deadline: Instant,
    },
    Response {
        message_id: MessageId,
        data: Vec<u8>,
    },
    Shutdown,
}

/// Shared state between the client handler and its handles.
struct SharedState {
    pending_requests: Vec<(RequestId, Instant)>,
    connection_alive: bool,
}

pub struct ClientHandler<C: Connection> {
    client_id: ClientId,
    connection: C,
    pending_requests: Arc<Mutex<SharedState>>,
    ctrl_chan: UnboundedReceiver<Command>,
    ctrl_chan_sender: UnboundedSender<Command>,
    event_chan: UnboundedSender<Event>,
    routing_table: Arc<Mutex<RoutingTable>>,
}

impl<C: Connection> ClientHandler<C> {
    pub fn new(
        client_id: ClientId,
        connection: C,
        event_chan: UnboundedSender<Event>,
        routing_table: Arc<Mutex<RoutingTable>>,
    ) -> (Self, ClientHandle) {
        let (ctrl_sender, ctrl_receiver) = unbounded"
deepseek,deepseek-ai/DeepSeek-V3.2:novita,rust,GPL-3.0,components::style::properties::shorthand::font.mako.rs,339,0.2,0,0.0,"            % endif
        })
    }

    % if product == ""gecko"":
        enum CheckSystemResult {
            AllSystem(SystemFont),
            SomeSystem,
            None
        }
    % endif
    enum SerializeFor {
        Normal,
    % if product == ""gecko"":
        Canvas,
    % endif
    }

    impl<'a> LonghandsToSerialize<'a> {
        fn to_css_for<W>(&self,
                         serialize_for: SerializeFor,
                         dest: &mut W) -> fmt::Result where W: fmt::Write {
            % if product == ""gecko"":
                match self.check_system() {
                    CheckSystemResult::AllSystem(sys) => return sys.to_css(dest),
                    CheckSystemResult::SomeSystem => return Ok(()),
                    CheckSystemResult::None => ()
                }
            % endif

            % if product == ""gecko"":
                % for name in gecko_sub_properties:
                    if self.font_${name} != &font_${name}::get_initial_specified_value() {
                        return Ok(());
                    }
                % endfor
            % endif

            // In case of serialization for canvas font, we need to drop
            // initial values of properties other than size and family.
            % for name in ""style variant_caps weight stretch"".split():
                let needs_this_property = match serialize_for {
                    SerializeFor::Normal => true,
                % if product == ""gecko"":
                    SerializeFor::Canvas =>
                        self.font_${name} != &font_${name}::get_initial_specified_value(),
                % endif
                };
                if needs_this_property {
                    self.font_${name}.to_css(dest)?;
                    dest.write_str("" "")?;
                }
            % endfor

            self.font_size.to_css(dest)?;

            if *self.line_height != LineHeight::normal() {
                dest.write_str(""/"")?;
                self.line_height.to_css(dest)?;
            }

            dest.write_str("" "")?;
            self.font_family.to_css(dest)?;

            Ok(())
        }

        % if product == ""gecko"":
            /// Check if some or all members are system fonts
            fn check_system(&self) -> CheckSystemResult {
                let mut sys = None;
                let mut all = true;

                % for prop in SYSTEM_FONT_LONGHANDS:
                    if let Some(s) = self.${prop}.get_system() {
                        debug_assert!(sys.is_none() || s == sys.unwrap());
                        sys = Some(s);
                    } else {
                        all = false;
                    }
                % endfor
                if self.line_height != &LineHeight::normal() {
                    all = false
                }
                if all {
                    CheckSystemResult::AllSystem(sys.unwrap())
                } else if sys.is_some() {
                    CheckSystemResult::SomeSystem
                } else {
                    CheckSystemResult::None
                }
            }

            /// Serialize the shorthand value for canvas font attribute.
            pub fn to_css_for_canvas<W>(&self, dest: &mut W) -> fmt::Result where W: fmt::Write {
                self.to_css_for(SerializeFor::Canvas, dest)
            }
        % endif
    }

    // This may be a bit off, unsure, possibly needs changes
    impl<'a> ToCss for LonghandsToSerialize<'a>  {
        fn to_css<W>(&self, dest: &mut W) -> fmt::Result where W: fmt::Write {
            self.to_css_for(SerializeFor::Normal, dest)
        }
    }
</%helpers:shorthand>

<%helpers:shorthand name=""font-variant""
                    sub_properties=""font-variant-caps
                                    ${'font-variant-alternates' if product == 'gecko' else ''}
                                    ${'font-variant-east-asian' if product == 'gecko' else ''}
                                    ${'font-variant-ligatures' if product == 'gecko' else ''}
                                    ${'font-variant-numeric' if product == 'gecko' else ''}
                                    ${'font-variant-position' if product == 'gecko' else ''}""
                    spec=""https://drafts.csswg.org/css-fonts-3/#propdef-font-variant"">
    <% gecko_sub_properties = ""alternates east_asian ligatures numeric position"".split() %>
    <%
        sub_properties = [""caps""]
        if product == ""gecko"":
            sub_properties += gecko_sub_properties
    %>

% for prop in sub_properties:
    use properties::longhands::font_variant_${prop};
% endfor

    pub fn parse_value<'i, 't>(context: &ParserContext, input: &mut Parser<'i, 't>)
                               -> Result<Longhands, ParseError<'i>> {
    % for prop in sub_properties:
        let mut ${prop} = None;
    % endfor

        if input.try(|input| input.expect_ident_matching(""normal"")).is_ok() {
            // Leave the values to None, 'normal' is the initial value for all the sub properties.
        } else if input.try(|input| input.expect_ident_matching(""none"")).is_ok() {
            // The 'none' value sets 'font-variant-ligatures' to 'none' and resets all other sub properties
            // to their initial value.
        % if product == ""gecko"":
            ligatures = Some(font_variant_ligatures::get_none_specified_value());
        % endif
        } else {
            let mut has_custom_value: bool = false;
            loop {
                if input.try(|input| input.expect_ident_matching(""normal"")).is_ok() ||
                   input.try(|input| input.expect_ident_matching(""none"")).is_ok() {
                    return Err(input.new_custom_error(StyleParseErrorKind::UnspecifiedError))
                }
            % for prop in sub_properties:
                if ${prop}.is_none() {
                    if let Ok(value) = input.try(|i| font_variant_${prop}::parse(context, i)) {
                        has_custom_value = true;
                        ${prop} = Some(value);
                        continue
                    }
                }
            % endfor

                break
            }

            if !has_custom_value {
                return Err(input.new_custom_error(StyleParseErrorKind::UnspecifiedError))
            }
        }

        Ok(expanded! {
        % for prop in sub_properties:
            font_variant_${prop}: unwrap_or_initial!(font_variant_${prop}, ${prop}),
        % endfor
        })
    }

    impl<'a> ToCss for LonghandsToSerialize<'a>  {
        #[allow(unused_assignments)]
        fn to_css<W>(&self, dest: &mut W) -> fmt::Result where W: fmt::Write {

            let has_none_ligatures =
            % if product == ""gecko"":
                self.font_variant_ligatures == &font_variant_ligatures::get_none_specified_value();
            % else:
                false;
            % endif

            const TOTAL_SUBPROPS: usize = ${len(sub_properties)};
            let mut nb_normals = 0;
        % for prop in sub_properties:
            if self.font_variant_${prop} == &font_variant_${prop}::get_initial_specified_value() {
                nb_normals += 1;
            }
        % endfor


            if nb_normals > 0 && nb_normals == TOTAL_SUBPROPS {
                dest.write_str(""normal"")?;
            } else if has_none_ligatures {
                if nb_normals == TOTAL_SUBPROPS - 1 {
                    // Serialize to 'none' if 'font-variant-ligatures' is set to 'none' and all other
                    // font feature properties are reset to their initial value.
                    dest.write_str(""none"")?;
                } else {
                    return Ok(())
                }
            } else {
                let mut has_any = false;
            % for prop in sub_properties:
                if self.font_variant_${prop} != &font_variant_${prop}::get_initial_specified_value() {
                    if has_any {
                        dest.write_str("" "")?;
                    }
                    has_any = true;
                    self.font_variant_${prop}.to_css(dest)?;
                }
            % endfor
            }

            Ok(())
        }
    }
</%helpers:shorthand>","% endif
        })
    }
</%helpers:shorthand>"
deepseek,deepseek-ai/DeepSeek-V3.2:novita,rust,GPL-3.0,components::style::properties::shorthand::font.mako.rs,339,0.4,0,0.0,"            % endif
        })
    }

    % if product == ""gecko"":
        enum CheckSystemResult {
            AllSystem(SystemFont),
            SomeSystem,
            None
        }
    % endif
    enum SerializeFor {
        Normal,
    % if product == ""gecko"":
        Canvas,
    % endif
    }

    impl<'a> LonghandsToSerialize<'a> {
        fn to_css_for<W>(&self,
                         serialize_for: SerializeFor,
                         dest: &mut W) -> fmt::Result where W: fmt::Write {
            % if product == ""gecko"":
                match self.check_system() {
                    CheckSystemResult::AllSystem(sys) => return sys.to_css(dest),
                    CheckSystemResult::SomeSystem => return Ok(()),
                    CheckSystemResult::None => ()
                }
            % endif

            % if product == ""gecko"":
                % for name in gecko_sub_properties:
                    if self.font_${name} != &font_${name}::get_initial_specified_value() {
                        return Ok(());
                    }
                % endfor
            % endif

            // In case of serialization for canvas font, we need to drop
            // initial values of properties other than size and family.
            % for name in ""style variant_caps weight stretch"".split():
                let needs_this_property = match serialize_for {
                    SerializeFor::Normal => true,
                % if product == ""gecko"":
                    SerializeFor::Canvas =>
                        self.font_${name} != &font_${name}::get_initial_specified_value(),
                % endif
                };
                if needs_this_property {
                    self.font_${name}.to_css(dest)?;
                    dest.write_str("" "")?;
                }
            % endfor

            self.font_size.to_css(dest)?;

            if *self.line_height != LineHeight::normal() {
                dest.write_str(""/"")?;
                self.line_height.to_css(dest)?;
            }

            dest.write_str("" "")?;
            self.font_family.to_css(dest)?;

            Ok(())
        }

        % if product == ""gecko"":
            /// Check if some or all members are system fonts
            fn check_system(&self) -> CheckSystemResult {
                let mut sys = None;
                let mut all = true;

                % for prop in SYSTEM_FONT_LONGHANDS:
                    if let Some(s) = self.${prop}.get_system() {
                        debug_assert!(sys.is_none() || s == sys.unwrap());
                        sys = Some(s);
                    } else {
                        all = false;
                    }
                % endfor
                if self.line_height != &LineHeight::normal() {
                    all = false
                }
                if all {
                    CheckSystemResult::AllSystem(sys.unwrap())
                } else if sys.is_some() {
                    CheckSystemResult::SomeSystem
                } else {
                    CheckSystemResult::None
                }
            }

            /// Serialize the shorthand value for canvas font attribute.
            pub fn to_css_for_canvas<W>(&self, dest: &mut W) -> fmt::Result where W: fmt::Write {
                self.to_css_for(SerializeFor::Canvas, dest)
            }
        % endif
    }

    // This may be a bit off, unsure, possibly needs changes
    impl<'a> ToCss for LonghandsToSerialize<'a>  {
        fn to_css<W>(&self, dest: &mut W) -> fmt::Result where W: fmt::Write {
            self.to_css_for(SerializeFor::Normal, dest)
        }
    }
</%helpers:shorthand>

<%helpers:shorthand name=""font-variant""
                    sub_properties=""font-variant-caps
                                    ${'font-variant-alternates' if product == 'gecko' else ''}
                                    ${'font-variant-east-asian' if product == 'gecko' else ''}
                                    ${'font-variant-ligatures' if product == 'gecko' else ''}
                                    ${'font-variant-numeric' if product == 'gecko' else ''}
                                    ${'font-variant-position' if product == 'gecko' else ''}""
                    spec=""https://drafts.csswg.org/css-fonts-3/#propdef-font-variant"">
    <% gecko_sub_properties = ""alternates east_asian ligatures numeric position"".split() %>
    <%
        sub_properties = [""caps""]
        if product == ""gecko"":
            sub_properties += gecko_sub_properties
    %>

% for prop in sub_properties:
    use properties::longhands::font_variant_${prop};
% endfor

    pub fn parse_value<'i, 't>(context: &ParserContext, input: &mut Parser<'i, 't>)
                               -> Result<Longhands, ParseError<'i>> {
    % for prop in sub_properties:
        let mut ${prop} = None;
    % endfor

        if input.try(|input| input.expect_ident_matching(""normal"")).is_ok() {
            // Leave the values to None, 'normal' is the initial value for all the sub properties.
        } else if input.try(|input| input.expect_ident_matching(""none"")).is_ok() {
            // The 'none' value sets 'font-variant-ligatures' to 'none' and resets all other sub properties
            // to their initial value.
        % if product == ""gecko"":
            ligatures = Some(font_variant_ligatures::get_none_specified_value());
        % endif
        } else {
            let mut has_custom_value: bool = false;
            loop {
                if input.try(|input| input.expect_ident_matching(""normal"")).is_ok() ||
                   input.try(|input| input.expect_ident_matching(""none"")).is_ok() {
                    return Err(input.new_custom_error(StyleParseErrorKind::UnspecifiedError))
                }
            % for prop in sub_properties:
                if ${prop}.is_none() {
                    if let Ok(value) = input.try(|i| font_variant_${prop}::parse(context, i)) {
                        has_custom_value = true;
                        ${prop} = Some(value);
                        continue
                    }
                }
            % endfor

                break
            }

            if !has_custom_value {
                return Err(input.new_custom_error(StyleParseErrorKind::UnspecifiedError))
            }
        }

        Ok(expanded! {
        % for prop in sub_properties:
            font_variant_${prop}: unwrap_or_initial!(font_variant_${prop}, ${prop}),
        % endfor
        })
    }

    impl<'a> ToCss for LonghandsToSerialize<'a>  {
        #[allow(unused_assignments)]
        fn to_css<W>(&self, dest: &mut W) -> fmt::Result where W: fmt::Write {

            let has_none_ligatures =
            % if product == ""gecko"":
                self.font_variant_ligatures == &font_variant_ligatures::get_none_specified_value();
            % else:
                false;
            % endif

            const TOTAL_SUBPROPS: usize = ${len(sub_properties)};
            let mut nb_normals = 0;
        % for prop in sub_properties:
            if self.font_variant_${prop} == &font_variant_${prop}::get_initial_specified_value() {
                nb_normals += 1;
            }
        % endfor


            if nb_normals > 0 && nb_normals == TOTAL_SUBPROPS {
                dest.write_str(""normal"")?;
            } else if has_none_ligatures {
                if nb_normals == TOTAL_SUBPROPS - 1 {
                    // Serialize to 'none' if 'font-variant-ligatures' is set to 'none' and all other
                    // font feature properties are reset to their initial value.
                    dest.write_str(""none"")?;
                } else {
                    return Ok(())
                }
            } else {
                let mut has_any = false;
            % for prop in sub_properties:
                if self.font_variant_${prop} != &font_variant_${prop}::get_initial_specified_value() {
                    if has_any {
                        dest.write_str("" "")?;
                    }
                    has_any = true;
                    self.font_variant_${prop}.to_css(dest)?;
                }
            % endfor
            }

            Ok(())
        }
    }
</%helpers:shorthand>","% endif
        })
    }
</%helpers:shorthand>"
deepseek,deepseek-ai/DeepSeek-V3.2:novita,rust,GPL-3.0,components::style::properties::shorthand::font.mako.rs,339,0.8,0,0.0,"            % endif
        })
    }

    % if product == ""gecko"":
        enum CheckSystemResult {
            AllSystem(SystemFont),
            SomeSystem,
            None
        }
    % endif
    enum SerializeFor {
        Normal,
    % if product == ""gecko"":
        Canvas,
    % endif
    }

    impl<'a> LonghandsToSerialize<'a> {
        fn to_css_for<W>(&self,
                         serialize_for: SerializeFor,
                         dest: &mut W) -> fmt::Result where W: fmt::Write {
            % if product == ""gecko"":
                match self.check_system() {
                    CheckSystemResult::AllSystem(sys) => return sys.to_css(dest),
                    CheckSystemResult::SomeSystem => return Ok(()),
                    CheckSystemResult::None => ()
                }
            % endif

            % if product == ""gecko"":
                % for name in gecko_sub_properties:
                    if self.font_${name} != &font_${name}::get_initial_specified_value() {
                        return Ok(());
                    }
                % endfor
            % endif

            // In case of serialization for canvas font, we need to drop
            // initial values of properties other than size and family.
            % for name in ""style variant_caps weight stretch"".split():
                let needs_this_property = match serialize_for {
                    SerializeFor::Normal => true,
                % if product == ""gecko"":
                    SerializeFor::Canvas =>
                        self.font_${name} != &font_${name}::get_initial_specified_value(),
                % endif
                };
                if needs_this_property {
                    self.font_${name}.to_css(dest)?;
                    dest.write_str("" "")?;
                }
            % endfor

            self.font_size.to_css(dest)?;

            if *self.line_height != LineHeight::normal() {
                dest.write_str(""/"")?;
                self.line_height.to_css(dest)?;
            }

            dest.write_str("" "")?;
            self.font_family.to_css(dest)?;

            Ok(())
        }

        % if product == ""gecko"":
            /// Check if some or all members are system fonts
            fn check_system(&self) -> CheckSystemResult {
                let mut sys = None;
                let mut all = true;

                % for prop in SYSTEM_FONT_LONGHANDS:
                    if let Some(s) = self.${prop}.get_system() {
                        debug_assert!(sys.is_none() || s == sys.unwrap());
                        sys = Some(s);
                    } else {
                        all = false;
                    }
                % endfor
                if self.line_height != &LineHeight::normal() {
                    all = false
                }
                if all {
                    CheckSystemResult::AllSystem(sys.unwrap())
                } else if sys.is_some() {
                    CheckSystemResult::SomeSystem
                } else {
                    CheckSystemResult::None
                }
            }

            /// Serialize the shorthand value for canvas font attribute.
            pub fn to_css_for_canvas<W>(&self, dest: &mut W) -> fmt::Result where W: fmt::Write {
                self.to_css_for(SerializeFor::Canvas, dest)
            }
        % endif
    }

    // This may be a bit off, unsure, possibly needs changes
    impl<'a> ToCss for LonghandsToSerialize<'a>  {
        fn to_css<W>(&self, dest: &mut W) -> fmt::Result where W: fmt::Write {
            self.to_css_for(SerializeFor::Normal, dest)
        }
    }
</%helpers:shorthand>

<%helpers:shorthand name=""font-variant""
                    sub_properties=""font-variant-caps
                                    ${'font-variant-alternates' if product == 'gecko' else ''}
                                    ${'font-variant-east-asian' if product == 'gecko' else ''}
                                    ${'font-variant-ligatures' if product == 'gecko' else ''}
                                    ${'font-variant-numeric' if product == 'gecko' else ''}
                                    ${'font-variant-position' if product == 'gecko' else ''}""
                    spec=""https://drafts.csswg.org/css-fonts-3/#propdef-font-variant"">
    <% gecko_sub_properties = ""alternates east_asian ligatures numeric position"".split() %>
    <%
        sub_properties = [""caps""]
        if product == ""gecko"":
            sub_properties += gecko_sub_properties
    %>

% for prop in sub_properties:
    use properties::longhands::font_variant_${prop};
% endfor

    pub fn parse_value<'i, 't>(context: &ParserContext, input: &mut Parser<'i, 't>)
                               -> Result<Longhands, ParseError<'i>> {
    % for prop in sub_properties:
        let mut ${prop} = None;
    % endfor

        if input.try(|input| input.expect_ident_matching(""normal"")).is_ok() {
            // Leave the values to None, 'normal' is the initial value for all the sub properties.
        } else if input.try(|input| input.expect_ident_matching(""none"")).is_ok() {
            // The 'none' value sets 'font-variant-ligatures' to 'none' and resets all other sub properties
            // to their initial value.
        % if product == ""gecko"":
            ligatures = Some(font_variant_ligatures::get_none_specified_value());
        % endif
        } else {
            let mut has_custom_value: bool = false;
            loop {
                if input.try(|input| input.expect_ident_matching(""normal"")).is_ok() ||
                   input.try(|input| input.expect_ident_matching(""none"")).is_ok() {
                    return Err(input.new_custom_error(StyleParseErrorKind::UnspecifiedError))
                }
            % for prop in sub_properties:
                if ${prop}.is_none() {
                    if let Ok(value) = input.try(|i| font_variant_${prop}::parse(context, i)) {
                        has_custom_value = true;
                        ${prop} = Some(value);
                        continue
                    }
                }
            % endfor

                break
            }

            if !has_custom_value {
                return Err(input.new_custom_error(StyleParseErrorKind::UnspecifiedError))
            }
        }

        Ok(expanded! {
        % for prop in sub_properties:
            font_variant_${prop}: unwrap_or_initial!(font_variant_${prop}, ${prop}),
        % endfor
        })
    }

    impl<'a> ToCss for LonghandsToSerialize<'a>  {
        #[allow(unused_assignments)]
        fn to_css<W>(&self, dest: &mut W) -> fmt::Result where W: fmt::Write {

            let has_none_ligatures =
            % if product == ""gecko"":
                self.font_variant_ligatures == &font_variant_ligatures::get_none_specified_value();
            % else:
                false;
            % endif

            const TOTAL_SUBPROPS: usize = ${len(sub_properties)};
            let mut nb_normals = 0;
        % for prop in sub_properties:
            if self.font_variant_${prop} == &font_variant_${prop}::get_initial_specified_value() {
                nb_normals += 1;
            }
        % endfor


            if nb_normals > 0 && nb_normals == TOTAL_SUBPROPS {
                dest.write_str(""normal"")?;
            } else if has_none_ligatures {
                if nb_normals == TOTAL_SUBPROPS - 1 {
                    // Serialize to 'none' if 'font-variant-ligatures' is set to 'none' and all other
                    // font feature properties are reset to their initial value.
                    dest.write_str(""none"")?;
                } else {
                    return Ok(())
                }
            } else {
                let mut has_any = false;
            % for prop in sub_properties:
                if self.font_variant_${prop} != &font_variant_${prop}::get_initial_specified_value() {
                    if has_any {
                        dest.write_str("" "")?;
                    }
                    has_any = true;
                    self.font_variant_${prop}.to_css(dest)?;
                }
            % endfor
            }

            Ok(())
        }
    }
</%helpers:shorthand>","% endif
        })
    }
</%helpers:shorthand>"
deepseek,deepseek-ai/DeepSeek-V3.2:novita,rust,GPL-3.0,src::irc::driver.rs,127,0.2,0,0.14782608695652175,"
fn driver_err(e: irc::Error) -> DriverPoll { Err(e) }

fn driver_not_ready(s: State) -> DriverPoll { Ok((s, false)) }

fn driver_continue(s: State) -> DriverPoll { Ok((s, true)) }

impl<R: 'static, W: 'static> Driver<R, W>
    where R: AsyncRead,
          W: AsyncWrite,
{
    pub fn new(world: World, recv: R, send: W) -> Driver<R, W> {
        let mut send_driver = SendDriver::new(send);
        let pending = Pending::new(world, send_driver.sender());

        Driver {
            send: send_driver,
            recv: FramedRead::new(recv, IrcCodec),
            state: Some(State::Ready(Client::Pending(pending)))
        }
    }

    fn poll_driver(&mut self, state: State) -> DriverPoll {
        use self::State::*;

        match state {
            Ready(client) => {
                if let Async::Ready(result) = try!(self.recv.poll()) {
                    if let Some(message) = result {
                        let op = client.handle(message);
                        driver_continue(Processing(op))
                    } else {
                        driver_err(irc::Error::Other(""unexpected EOF""))
                    }
                } else {
                    driver_not_ready(Ready(client))
                }
            },

            Processing(mut op) => {
                match try!(op.poll()) {
                    Async::Ready(client) => driver_continue(Ready(client)),
                    Async::NotReady => driver_not_ready(Processing(op)),
                }
            },
        }
    }

    fn poll_error(&mut self) -> Poll<(), irc::Error> {
        let _ = try!(self.send.poll());

        for _ in 0..50 {
            let state = match self.state.take() {
                Some(state) => state,
                None => return Err(irc::Error::Other(""illegal state"")),
            };

            let (next, cont) = try!(self.poll_driver(state));
            self.state = Some(next);

            if !cont {
                return Ok(Async::NotReady);
            }
        }

        warn!(""a driver appears to be spinning"");
        task::park().unpark();
        Ok(Async::NotReady)
    }
}

impl<R: 'static, W: 'static> Future for Driver<R, W>
    where R: AsyncRead,
          W: AsyncWrite,
{
    type Item = ();
    type Error = ();

    fn poll(&mut self) -> Poll<(), ()> {
        self.poll_error().map_err(|e| info!(""driver error: {}"", e))
    }
}","impl<R, W> Driver<R, W>
where
    R: AsyncRead,
    W: AsyncWrite,
{
    pub fn new(reader: R, writer: W) -> Driver<R, W> {
        Driver {
            send: SendDriver::new(writer),
            recv: FramedRead::new(reader, IrcCodec),
            state: Some(State::Ready(Client::Pending(Pending::new()))),
        }
    }

    pub fn poll(&mut self, world: &mut World) -> Poll<(), irc::Error> {
        loop {
            let (next_state, should_continue) = match self.state.take() {
                Some(State::Ready(client)) => self.poll_ready(client, world)?,
                Some(State::Processing(op)) => self.poll_processing(op, world)?,
                None => panic!(""Driver polled without state""),
            };

            self.state = Some(next_state);
            if !should_continue {
                return Ok(Async::NotReady);
            }
        }
    }

    fn poll_ready(&mut self, client: Client, world: &mut World) -> Result<DriverPoll, irc::Error> {
        // First,"
deepseek,deepseek-ai/DeepSeek-V3.2:novita,rust,GPL-3.0,src::irc::driver.rs,127,0.4,0,0.11764705882352941,"
fn driver_err(e: irc::Error) -> DriverPoll { Err(e) }

fn driver_not_ready(s: State) -> DriverPoll { Ok((s, false)) }

fn driver_continue(s: State) -> DriverPoll { Ok((s, true)) }

impl<R: 'static, W: 'static> Driver<R, W>
    where R: AsyncRead,
          W: AsyncWrite,
{
    pub fn new(world: World, recv: R, send: W) -> Driver<R, W> {
        let mut send_driver = SendDriver::new(send);
        let pending = Pending::new(world, send_driver.sender());

        Driver {
            send: send_driver,
            recv: FramedRead::new(recv, IrcCodec),
            state: Some(State::Ready(Client::Pending(pending)))
        }
    }

    fn poll_driver(&mut self, state: State) -> DriverPoll {
        use self::State::*;

        match state {
            Ready(client) => {
                if let Async::Ready(result) = try!(self.recv.poll()) {
                    if let Some(message) = result {
                        let op = client.handle(message);
                        driver_continue(Processing(op))
                    } else {
                        driver_err(irc::Error::Other(""unexpected EOF""))
                    }
                } else {
                    driver_not_ready(Ready(client))
                }
            },

            Processing(mut op) => {
                match try!(op.poll()) {
                    Async::Ready(client) => driver_continue(Ready(client)),
                    Async::NotReady => driver_not_ready(Processing(op)),
                }
            },
        }
    }

    fn poll_error(&mut self) -> Poll<(), irc::Error> {
        let _ = try!(self.send.poll());

        for _ in 0..50 {
            let state = match self.state.take() {
                Some(state) => state,
                None => return Err(irc::Error::Other(""illegal state"")),
            };

            let (next, cont) = try!(self.poll_driver(state));
            self.state = Some(next);

            if !cont {
                return Ok(Async::NotReady);
            }
        }

        warn!(""a driver appears to be spinning"");
        task::park().unpark();
        Ok(Async::NotReady)
    }
}

impl<R: 'static, W: 'static> Future for Driver<R, W>
    where R: AsyncRead,
          W: AsyncWrite,
{
    type Item = ();
    type Error = ();

    fn poll(&mut self) -> Poll<(), ()> {
        self.poll_error().map_err(|e| info!(""driver error: {}"", e))
    }
}","impl<R, W> Driver<R, W>
where
    R: AsyncRead,
    W: AsyncWrite,
{
    pub fn new(reader: R, writer: W) -> Driver<R, W> {
        Driver {
            send: SendDriver::new(writer),
            recv: FramedRead::new(reader, IrcCodec),
            state: Some(State::Ready(Client::Pending(Pending::new()))),
        }
    }

    fn poll_state(&mut self) -> Poll<DriverPoll, irc::Error> {
        loop {
            let state = match self.state.take() {
                Some(state) => state,
                None => return Ok(Async::Ready(Err(irc::Error::DriverStateGone))),
            };

            match state {
                State::Ready(client) => {
                    match self.recv.poll() {
                        Ok(Async::Ready(Some(message))) => {
                            self.state = Some(State::Processing(client.handle(message)));
                            continue;
                        }
                        Ok(Async::Ready(None)) => {
                            return Ok(Async::Ready(Ok((State::Ready(client), true))));
                        }
                        Ok(Async::NotReady) => {
                            self"
deepseek,deepseek-ai/DeepSeek-V3.2:novita,rust,GPL-3.0,src::irc::driver.rs,127,0.8,0,0.07623318385650224,"
fn driver_err(e: irc::Error) -> DriverPoll { Err(e) }

fn driver_not_ready(s: State) -> DriverPoll { Ok((s, false)) }

fn driver_continue(s: State) -> DriverPoll { Ok((s, true)) }

impl<R: 'static, W: 'static> Driver<R, W>
    where R: AsyncRead,
          W: AsyncWrite,
{
    pub fn new(world: World, recv: R, send: W) -> Driver<R, W> {
        let mut send_driver = SendDriver::new(send);
        let pending = Pending::new(world, send_driver.sender());

        Driver {
            send: send_driver,
            recv: FramedRead::new(recv, IrcCodec),
            state: Some(State::Ready(Client::Pending(pending)))
        }
    }

    fn poll_driver(&mut self, state: State) -> DriverPoll {
        use self::State::*;

        match state {
            Ready(client) => {
                if let Async::Ready(result) = try!(self.recv.poll()) {
                    if let Some(message) = result {
                        let op = client.handle(message);
                        driver_continue(Processing(op))
                    } else {
                        driver_err(irc::Error::Other(""unexpected EOF""))
                    }
                } else {
                    driver_not_ready(Ready(client))
                }
            },

            Processing(mut op) => {
                match try!(op.poll()) {
                    Async::Ready(client) => driver_continue(Ready(client)),
                    Async::NotReady => driver_not_ready(Processing(op)),
                }
            },
        }
    }

    fn poll_error(&mut self) -> Poll<(), irc::Error> {
        let _ = try!(self.send.poll());

        for _ in 0..50 {
            let state = match self.state.take() {
                Some(state) => state,
                None => return Err(irc::Error::Other(""illegal state"")),
            };

            let (next, cont) = try!(self.poll_driver(state));
            self.state = Some(next);

            if !cont {
                return Ok(Async::NotReady);
            }
        }

        warn!(""a driver appears to be spinning"");
        task::park().unpark();
        Ok(Async::NotReady)
    }
}

impl<R: 'static, W: 'static> Future for Driver<R, W>
    where R: AsyncRead,
          W: AsyncWrite,
{
    type Item = ();
    type Error = ();

    fn poll(&mut self) -> Poll<(), ()> {
        self.poll_error().map_err(|e| info!(""driver error: {}"", e))
    }
}","impl<R, W> Future for Driver<R, W>
where
    R: AsyncRead,
    W: AsyncWrite,
{
    type Item = ();
    type Error = irc::Error;

    fn poll(&mut self) -> Poll<(), irc::Error> {
        loop {
            let (next_state, should_continue) = match self.state.take() {
                Some(State::Ready(client)) => {
                    match self.recv.poll() {
                        Ok(Async::Ready(Some(message))) => {
                            let op = client.handle(message);
                            (State::Processing(op), true)
                        }
                        Ok(Async::Ready(None)) => return Ok(Async::Ready(())),
                        Ok(Async::NotReady) => {
                            self.state = Some(State::Ready(client));
                            return Ok(Async::NotReady);
                        }
                        Err(e) => return Err(e),
                    }
                }
                Some(State::Processing(mut op)) => {
                    match op.poll() {
                        Ok(Async::Ready(client)) => (State::Ready(client), true),
                        Ok(Async::NotReady) => {
                            self.state = Some(State::Processing(op));
                            return Ok(Async::Not"
deepseek,deepseek-ai/DeepSeek-V3.2:novita,rust,GPL-3.0,src::client.rs,240,0.2,0,0.047244094488188976,"
    // publish it
    channel.basic_publish(s.exchange, s.routing_key, false, false, props, *buffer)?;

    if isrpc {
        let (tx, rx) = mpsc::channel();
        thread::Builder::new().name(""consumer_thread"".to_string()).spawn(move || {
            channel.start_consuming();
            tx.send(channel).unwrap();
        }).unwrap();


        let timeout = s.rpctimeout;
        if timeout == 0 {
            // Block forever until recieve
            rx.recv().unwrap();
        } else {
            let res = rx.recv_timeout(Duration::from_millis(timeout));

            match res {
                Ok(mut ch) => {
                    ch.close(200, ""Bye"")?;
                }                  
                Err(err) => {
                    if err.description() == ""timed out waiting on channel"".to_string() {
                        println!(""Error timeout"");
                    }
                }
            }
        }
        session.close(200, ""Good Bye"");
    } else {
        // and unwind if not rpc
        channel.close(200, ""Bye"")?;
        session.close(200, ""Good Bye"");
    }

    Ok(())
}


// narrow the string to a TableEntry type by trying to parse to known
// JSON types: bool, double and fall back on string.
fn narrow(str:&str) -> TableEntry {
    let boolv = str.parse::<bool>();
    if !boolv.is_err() {
        TableEntry::Bool(boolv.unwrap())
    } else {
        let doublev = str.parse::<f64>();
        if !doublev.is_err() {
            TableEntry::Double(doublev.unwrap())
        } else {
            TableEntry::LongString(str.to_owned())
        }
    }
}


fn _open(o:Options) -> Result<(Session, Channel),RbtError> {
//    errln!(""Connecting to amqp://{}:{}@{}:{}/{}"",
//           o.login, o.password, o.host, o.port, o.vhost);
    let mut session = Session::new(o)?;
    let channel = session.open_channel(1)?;
    Ok((session, channel))
}

impl amqp::Consumer for Receiver {
    fn handle_delivery(&mut self, channel:&mut Channel, deliver:Deliver,
                       headers:BasicProperties, body:Vec<u8>){

        let delivery_tag = deliver.delivery_tag.clone();

        if self.auto_ack {
            // ack it. make it go away.
            channel.basic_ack(delivery_tag, false).unwrap();
        }

        // and deliver to callback
        ((self.callback)(channel, deliver, headers, body)).unwrap_or_else(::error::handle);

    }
}

pub fn open_receive(o:Options, q:Option<String>, force_declare: bool, r:Receiver) -> Result<(),RbtError> {

    // open session/channel
    let (_, mut channel) = _open(o)?;

    // and pass it to internal open_receive
    do_open_receive(&mut channel, q, force_declare, r)?;

    // and go!
    channel.start_consuming();

    Ok(())
}


fn do_open_receive(channel:&mut Channel, q:Option<String>, force_declare: bool, r:Receiver) -> Result<String,RbtError> {

    let mut auto_delete = false;
    let mut bind_routing_key = r.routing_key.clone();
    
    let queue_name = match q {
        Some(q) => {
            // Force the declaration of this queue
            if force_declare {
                // queue, passive, durable, exclusive, auto_delete, nowait, arguments
                let queue_declare =  channel.queue_declare(q, false, false, auto_delete, auto_delete, false, Table::new())?;

                // name is auto generated
                queue_declare.queue
            }else{
                q
            }
        }
        None => {
            auto_delete = true; // Unnamed queues are ephemeral

            if let None = bind_routing_key {
                bind_routing_key = Some(""#"".to_owned()); // Default the routing key
            }

            // queue, passive, durable, exclusive, auto_delete, nowait, arguments
            let queue_declare =
                channel.queue_declare(
                                    q.clone().unwrap_or("""".to_owned()) ,
                                    false, false,
                                    auto_delete, auto_delete, false, Table::new())?;

            // name is auto generated
            queue_declare.queue

        }
    };

    // Only bind if we have a routing key - May be an existing queue
    if let Some(routing_key) = bind_routing_key {
        // bind queue to the exchange, which already must be declared.
        
        if r.exchange != """" {
            channel.queue_bind(queue_name.clone(), r.exchange.clone(), routing_key.clone(),
                            false, Table::new())?;
        }
    }

    // why oh why?
    let consumer_tag = """".to_string();

    // start consuming the queue.
    // callback, queue, consumer_tag, no_local, no_ack, exclusive, nowait, arguments
    channel.basic_consume(r, queue_name.clone(), consumer_tag, false,
                          false, false, false, Table::new())?;

    Ok(queue_name)
}","// send the message
    channel.basic_publish(
        s.exchange,
        s.routing_key,
        true, // mandatory
        false, // immediate
        props,
        buffer
    )?;

    // if rpc, wait for reply
    if isrpc {
        // wait for reply on the same channel
        // we'll use a simple blocking receive with timeout
        let (tx, rx) = mpsc::channel();
        let mut reply_received = false;
        let mut reply_data = None;

        // set up a consumer for the reply queue
        let queue_name = props.reply_to.clone().unwrap();
        let consumer_tag = channel.basic_consume(
            move |ch: &mut Channel, deliver: Deliver, props: BasicProperties, body: Vec<u8>| {
                if props.correlation_id.as_ref() == Some(&""rabbiteer here"".to_owned()) {
                    let _ = tx.send((props, body));
                }
                ch.basic_ack(deliver.delivery_tag, false).ok();
            },
            queue_name,
            """",
            false, // no_ack
            false, // exclusive
            false"
deepseek,deepseek-ai/DeepSeek-V3.2:novita,rust,GPL-3.0,src::client.rs,240,0.4,0,0.05343511450381679,"
    // publish it
    channel.basic_publish(s.exchange, s.routing_key, false, false, props, *buffer)?;

    if isrpc {
        let (tx, rx) = mpsc::channel();
        thread::Builder::new().name(""consumer_thread"".to_string()).spawn(move || {
            channel.start_consuming();
            tx.send(channel).unwrap();
        }).unwrap();


        let timeout = s.rpctimeout;
        if timeout == 0 {
            // Block forever until recieve
            rx.recv().unwrap();
        } else {
            let res = rx.recv_timeout(Duration::from_millis(timeout));

            match res {
                Ok(mut ch) => {
                    ch.close(200, ""Bye"")?;
                }                  
                Err(err) => {
                    if err.description() == ""timed out waiting on channel"".to_string() {
                        println!(""Error timeout"");
                    }
                }
            }
        }
        session.close(200, ""Good Bye"");
    } else {
        // and unwind if not rpc
        channel.close(200, ""Bye"")?;
        session.close(200, ""Good Bye"");
    }

    Ok(())
}


// narrow the string to a TableEntry type by trying to parse to known
// JSON types: bool, double and fall back on string.
fn narrow(str:&str) -> TableEntry {
    let boolv = str.parse::<bool>();
    if !boolv.is_err() {
        TableEntry::Bool(boolv.unwrap())
    } else {
        let doublev = str.parse::<f64>();
        if !doublev.is_err() {
            TableEntry::Double(doublev.unwrap())
        } else {
            TableEntry::LongString(str.to_owned())
        }
    }
}


fn _open(o:Options) -> Result<(Session, Channel),RbtError> {
//    errln!(""Connecting to amqp://{}:{}@{}:{}/{}"",
//           o.login, o.password, o.host, o.port, o.vhost);
    let mut session = Session::new(o)?;
    let channel = session.open_channel(1)?;
    Ok((session, channel))
}

impl amqp::Consumer for Receiver {
    fn handle_delivery(&mut self, channel:&mut Channel, deliver:Deliver,
                       headers:BasicProperties, body:Vec<u8>){

        let delivery_tag = deliver.delivery_tag.clone();

        if self.auto_ack {
            // ack it. make it go away.
            channel.basic_ack(delivery_tag, false).unwrap();
        }

        // and deliver to callback
        ((self.callback)(channel, deliver, headers, body)).unwrap_or_else(::error::handle);

    }
}

pub fn open_receive(o:Options, q:Option<String>, force_declare: bool, r:Receiver) -> Result<(),RbtError> {

    // open session/channel
    let (_, mut channel) = _open(o)?;

    // and pass it to internal open_receive
    do_open_receive(&mut channel, q, force_declare, r)?;

    // and go!
    channel.start_consuming();

    Ok(())
}


fn do_open_receive(channel:&mut Channel, q:Option<String>, force_declare: bool, r:Receiver) -> Result<String,RbtError> {

    let mut auto_delete = false;
    let mut bind_routing_key = r.routing_key.clone();
    
    let queue_name = match q {
        Some(q) => {
            // Force the declaration of this queue
            if force_declare {
                // queue, passive, durable, exclusive, auto_delete, nowait, arguments
                let queue_declare =  channel.queue_declare(q, false, false, auto_delete, auto_delete, false, Table::new())?;

                // name is auto generated
                queue_declare.queue
            }else{
                q
            }
        }
        None => {
            auto_delete = true; // Unnamed queues are ephemeral

            if let None = bind_routing_key {
                bind_routing_key = Some(""#"".to_owned()); // Default the routing key
            }

            // queue, passive, durable, exclusive, auto_delete, nowait, arguments
            let queue_declare =
                channel.queue_declare(
                                    q.clone().unwrap_or("""".to_owned()) ,
                                    false, false,
                                    auto_delete, auto_delete, false, Table::new())?;

            // name is auto generated
            queue_declare.queue

        }
    };

    // Only bind if we have a routing key - May be an existing queue
    if let Some(routing_key) = bind_routing_key {
        // bind queue to the exchange, which already must be declared.
        
        if r.exchange != """" {
            channel.queue_bind(queue_name.clone(), r.exchange.clone(), routing_key.clone(),
                            false, Table::new())?;
        }
    }

    // why oh why?
    let consumer_tag = """".to_string();

    // start consuming the queue.
    // callback, queue, consumer_tag, no_local, no_ack, exclusive, nowait, arguments
    channel.basic_consume(r, queue_name.clone(), consumer_tag, false,
                          false, false, false, Table::new())?;

    Ok(queue_name)
}","// send the message
    channel.basic_publish(
        s.exchange,
        s.routing_key,
        isrpc,
        false,
        props,
        buffer.to_vec(),
    )?;

    if isrpc {
        // wait for reply
        let (tx, rx) = mpsc::channel();
        let mut reply_received = false;
        let mut reply_data = None;

        // set up consumer for the reply queue
        let queue_name = props.reply_to.clone().unwrap();
        channel.basic_consume(
            &mut (move |ch: &mut Channel, deliver: Deliver, props: BasicProperties, body: Vec<u8>| {
                let _ = tx.send((props, body));
                if let Some(reply_to) = &deliver.routing_key {
                    ch.basic_ack(deliver.delivery_tag, false).ok();
                }
            }),
            queue_name,
            String::new(),
            false,
            false,
            false,
            false,
            Table::new(),
        )?;

        // wait for reply with timeout
        let timeout = Duration::from_secs(s.rpctimeout);
        match rx."
deepseek,deepseek-ai/DeepSeek-V3.2:novita,rust,GPL-3.0,src::client.rs,240,0.8,0,0.008771929824561403,"
    // publish it
    channel.basic_publish(s.exchange, s.routing_key, false, false, props, *buffer)?;

    if isrpc {
        let (tx, rx) = mpsc::channel();
        thread::Builder::new().name(""consumer_thread"".to_string()).spawn(move || {
            channel.start_consuming();
            tx.send(channel).unwrap();
        }).unwrap();


        let timeout = s.rpctimeout;
        if timeout == 0 {
            // Block forever until recieve
            rx.recv().unwrap();
        } else {
            let res = rx.recv_timeout(Duration::from_millis(timeout));

            match res {
                Ok(mut ch) => {
                    ch.close(200, ""Bye"")?;
                }                  
                Err(err) => {
                    if err.description() == ""timed out waiting on channel"".to_string() {
                        println!(""Error timeout"");
                    }
                }
            }
        }
        session.close(200, ""Good Bye"");
    } else {
        // and unwind if not rpc
        channel.close(200, ""Bye"")?;
        session.close(200, ""Good Bye"");
    }

    Ok(())
}


// narrow the string to a TableEntry type by trying to parse to known
// JSON types: bool, double and fall back on string.
fn narrow(str:&str) -> TableEntry {
    let boolv = str.parse::<bool>();
    if !boolv.is_err() {
        TableEntry::Bool(boolv.unwrap())
    } else {
        let doublev = str.parse::<f64>();
        if !doublev.is_err() {
            TableEntry::Double(doublev.unwrap())
        } else {
            TableEntry::LongString(str.to_owned())
        }
    }
}


fn _open(o:Options) -> Result<(Session, Channel),RbtError> {
//    errln!(""Connecting to amqp://{}:{}@{}:{}/{}"",
//           o.login, o.password, o.host, o.port, o.vhost);
    let mut session = Session::new(o)?;
    let channel = session.open_channel(1)?;
    Ok((session, channel))
}

impl amqp::Consumer for Receiver {
    fn handle_delivery(&mut self, channel:&mut Channel, deliver:Deliver,
                       headers:BasicProperties, body:Vec<u8>){

        let delivery_tag = deliver.delivery_tag.clone();

        if self.auto_ack {
            // ack it. make it go away.
            channel.basic_ack(delivery_tag, false).unwrap();
        }

        // and deliver to callback
        ((self.callback)(channel, deliver, headers, body)).unwrap_or_else(::error::handle);

    }
}

pub fn open_receive(o:Options, q:Option<String>, force_declare: bool, r:Receiver) -> Result<(),RbtError> {

    // open session/channel
    let (_, mut channel) = _open(o)?;

    // and pass it to internal open_receive
    do_open_receive(&mut channel, q, force_declare, r)?;

    // and go!
    channel.start_consuming();

    Ok(())
}


fn do_open_receive(channel:&mut Channel, q:Option<String>, force_declare: bool, r:Receiver) -> Result<String,RbtError> {

    let mut auto_delete = false;
    let mut bind_routing_key = r.routing_key.clone();
    
    let queue_name = match q {
        Some(q) => {
            // Force the declaration of this queue
            if force_declare {
                // queue, passive, durable, exclusive, auto_delete, nowait, arguments
                let queue_declare =  channel.queue_declare(q, false, false, auto_delete, auto_delete, false, Table::new())?;

                // name is auto generated
                queue_declare.queue
            }else{
                q
            }
        }
        None => {
            auto_delete = true; // Unnamed queues are ephemeral

            if let None = bind_routing_key {
                bind_routing_key = Some(""#"".to_owned()); // Default the routing key
            }

            // queue, passive, durable, exclusive, auto_delete, nowait, arguments
            let queue_declare =
                channel.queue_declare(
                                    q.clone().unwrap_or("""".to_owned()) ,
                                    false, false,
                                    auto_delete, auto_delete, false, Table::new())?;

            // name is auto generated
            queue_declare.queue

        }
    };

    // Only bind if we have a routing key - May be an existing queue
    if let Some(routing_key) = bind_routing_key {
        // bind queue to the exchange, which already must be declared.
        
        if r.exchange != """" {
            channel.queue_bind(queue_name.clone(), r.exchange.clone(), routing_key.clone(),
                            false, Table::new())?;
        }
    }

    // why oh why?
    let consumer_tag = """".to_string();

    // start consuming the queue.
    // callback, queue, consumer_tag, no_local, no_ack, exclusive, nowait, arguments
    channel.basic_consume(r, queue_name.clone(), consumer_tag, false,
                          false, false, false, Table::new())?;

    Ok(queue_name)
}","let data = buffer.as_slice();

    // send message
    channel.basic_publish(s.exchange, s.routing_key, true, false, props, data.to_vec())?;

    // if rpc, wait for response
    if isrpc {
        // Wait for response from the queue (the receiver's callback will handle it)
        // but we need to consume from that queue. We'll already have started consuming
        // in do_open_receive, so we just need to wait for the response.
        // Since the receiver's callback is defined elsewhere, and we are using a receiver,
        // we rely on the channel's event loop to process the response.
        // However, the open_send function should block until the RPC is complete.
        // We'll use a simple loop that waits for a response flag or timeout.
        // This part is tricky because the receive callback runs in the session's event loop.
        // We need to coordinate between the send thread and the receive callback.
        // For simplicity, assume the receiver handles the response and we just wait until
        // the channel is closed (or until timeout).
        let timeout = Duration::from_secs(s.rpctimeout);"
deepseek,deepseek-ai/DeepSeek-V3.2:novita,rust,GPL-3.0,components::util::opts.rs,367,0.2,0,0.032679738562091505,"    print_option(""show-compositor-borders"", ""Paint borders along layer and tile boundaries."");
    print_option(""show-fragment-borders"", ""Paint borders along fragment boundaries."");
    print_option(""trace-layout"", ""Write layout trace to an external file for debugging."");
    print_option(""validate-display-list-geometry"",
                 ""Display an error when display list geometry escapes overflow region."");

    println!("""");
}

fn args_fail(msg: &str) {
    io::stderr().write_line(msg).unwrap();
    os::set_exit_status(1);
}

// Always use CPU painting on android.

#[cfg(target_os=""android"")]
static FORCE_CPU_PAINTING: bool = true;

#[cfg(not(target_os=""android""))]
static FORCE_CPU_PAINTING: bool = false;

pub fn default_opts() -> Opts {
    Opts {
        urls: vec!(),
        n_paint_threads: 1,
        gpu_painting: false,
        tile_size: 512,
        device_pixels_per_px: None,
        time_profiler_period: None,
        memory_profiler_period: None,
        enable_experimental: false,
        layout_threads: 1,
        nonincremental_layout: false,
        output_file: None,
        headless: true,
        hard_fail: true,
        bubble_inline_sizes_separately: false,
        show_debug_borders: false,
        show_debug_fragment_borders: false,
        enable_text_antialiasing: false,
        trace_layout: false,
        devtools_port: None,
        initial_window_size: TypedSize2D(800, 600),
        user_agent: None,
        dump_flow_tree: false,
        validate_display_list_geometry: false,
        profile_tasks: false,
        resources_path: None,
    }
}

pub fn from_cmdline_args(args: &[String]) -> bool {
    let app_name = args[0].to_string();
    let args = args.tail();

    let opts = vec!(
        getopts::optflag(""c"", ""cpu"", ""CPU painting (default)""),
        getopts::optflag(""g"", ""gpu"", ""GPU painting""),
        getopts::optopt(""o"", ""output"", ""Output file"", ""output.png""),
        getopts::optopt(""s"", ""size"", ""Size of tiles"", ""512""),
        getopts::optopt("""", ""device-pixel-ratio"", ""Device pixels per px"", """"),
        getopts::optflag(""e"", ""experimental"", ""Enable experimental web features""),
        getopts::optopt(""t"", ""threads"", ""Number of paint threads"", ""1""),
        getopts::optflagopt(""p"", ""profile"", ""Profiler flag and output interval"", ""10""),
        getopts::optflagopt(""m"", ""memory-profile"", ""Memory profiler flag and output interval"", ""10""),
        getopts::optflag(""x"", ""exit"", ""Exit after load flag""),
        getopts::optopt(""y"", ""layout-threads"", ""Number of threads to use for layout"", ""1""),
        getopts::optflag(""i"", ""nonincremental-layout"", ""Enable to turn off incremental layout.""),
        getopts::optflag(""z"", ""headless"", ""Headless mode""),
        getopts::optflag(""f"", ""hard-fail"", ""Exit on task failure instead of displaying about:failure""),
        getopts::optflagopt("""", ""devtools"", ""Start remote devtools server on port"", ""6000""),
        getopts::optopt("""", ""resolution"", ""Set window resolution."", ""800x600""),
        getopts::optopt(""u"", ""user-agent"", ""Set custom user agent string"", ""NCSA Mosaic/1.0 (X11;SunOS 4.1.4 sun4m)""),
        getopts::optopt(""Z"", ""debug"", ""A comma-separated string of debug options. Pass help to show available options."", """"),
        getopts::optflag(""h"", ""help"", ""Print this message""),
        getopts::optopt(""r"", ""render-api"", ""Set the rendering API to use"", ""gl|mesa""),
        getopts::optopt("""", ""resources-path"", ""Path to find static resources"", ""/home/servo/resources""),
    );

    let opt_match = match getopts::getopts(args, opts.as_slice()) {
        Ok(m) => m,
        Err(f) => {
            args_fail(format!(""{}"", f).as_slice());
            return false;
        }
    };

    if opt_match.opt_present(""h"") || opt_match.opt_present(""help"") {
        print_usage(app_name.as_slice(), opts.as_slice());
        return false;
    };

    let debug_string = match opt_match.opt_str(""Z"") {
        Some(string) => string,
        None => String::new()
    };
    let mut debug_options = HashSet::new();
    for split in debug_string.as_slice().split(',') {
        debug_options.insert(split.clone());
    }
    if debug_options.contains(&""help"") {
        print_debug_usage(app_name.as_slice());
        return false;
    }

    let urls = if opt_match.free.is_empty() {
        print_usage(app_name.as_slice(), opts.as_slice());
        args_fail(""servo asks that you provide 1 or more URLs"");
        return false;
    } else {
        opt_match.free.clone()
    };

    let tile_size: uint = match opt_match.opt_str(""s"") {
        Some(tile_size_str) => tile_size_str.parse().unwrap(),
        None => 512,
    };

    let device_pixels_per_px = opt_match.opt_str(""device-pixel-ratio"").map(|dppx_str|
        ScaleFactor(dppx_str.parse().unwrap())
    );

    let mut n_paint_threads: uint = match opt_match.opt_str(""t"") {
        Some(n_paint_threads_str) => n_paint_threads_str.parse().unwrap(),
        None => 1,      // FIXME: Number of cores.
    };

    // If only the flag is present, default to a 5 second period for both profilers.
    let time_profiler_period = opt_match.opt_default(""p"", ""5"").map(|period| {
        period.parse().unwrap()
    });
    let memory_profiler_period = opt_match.opt_default(""m"", ""5"").map(|period| {
        period.parse().unwrap()
    });

    let gpu_painting = !FORCE_CPU_PAINTING && opt_match.opt_present(""g"");

    let mut layout_threads: uint = match opt_match.opt_str(""y"") {
        Some(layout_threads_str) => layout_threads_str.parse().unwrap(),
        None => cmp::max(rt::default_sched_threads() * 3 / 4, 1),
    };

    let nonincremental_layout = opt_match.opt_present(""i"");

    let mut bubble_inline_sizes_separately = debug_options.contains(&""bubble-widths"");
    let trace_layout = debug_options.contains(&""trace-layout"");
    if trace_layout {
        n_paint_threads = 1;
        layout_threads = 1;
        bubble_inline_sizes_separately = true;
    }

    let devtools_port = opt_match.opt_default(""devtools"", ""6000"").map(|port| {
        port.parse().unwrap()
    });

    let initial_window_size = match opt_match.opt_str(""resolution"") {
        Some(res_string) => {
            let res: Vec<uint> = res_string.split('x').map(|r| r.parse().unwrap()).collect();
            TypedSize2D(res[0], res[1])
        }
        None => {
            TypedSize2D(800, 600)
        }
    };

    let opts = Opts {
        urls: urls,
        n_paint_threads: n_paint_threads,
        gpu_painting: gpu_painting,
        tile_size: tile_size,
        device_pixels_per_px: device_pixels_per_px,
        time_profiler_period: time_profiler_period,
        memory_profiler_period: memory_profiler_period,
        enable_experimental: opt_match.opt_present(""e""),
        layout_threads: layout_threads,
        nonincremental_layout: nonincremental_layout,
        output_file: opt_match.opt_str(""o""),
        headless: opt_match.opt_present(""z""),
        hard_fail: opt_match.opt_present(""f""),
        bubble_inline_sizes_separately: bubble_inline_sizes_separately,
        profile_tasks: debug_options.contains(&""profile-tasks""),
        trace_layout: trace_layout,
        devtools_port: devtools_port,
        initial_window_size: initial_window_size,
        user_agent: opt_match.opt_str(""u""),
        show_debug_borders: debug_options.contains(&""show-compositor-borders""),
        show_debug_fragment_borders: debug_options.contains(&""show-fragment-borders""),
        enable_text_antialiasing: !debug_options.contains(&""disable-text-aa""),
        dump_flow_tree: debug_options.contains(&""dump-flow-tree""),
        validate_display_list_geometry: debug_options.contains(&""validate-display-list-geometry""),
        resources_path: opt_match.opt_str(""resources-path""),
    };

    set_opts(opts);
    true
}

static mut EXPERIMENTAL_ENABLED: bool = false;

pub fn set_experimental_enabled(new_value: bool) {
    unsafe {
        EXPERIMENTAL_ENABLED = new_value;
    }
}

pub fn experimental_enabled() -> bool {
    unsafe {
        EXPERIMENTAL_ENABLED
    }
}

// Make Opts available globally. This saves having to clone and pass
// opts everywhere it is used, which gets particularly cumbersome
// when passing through the DOM structures.
static mut OPTIONS: *mut Opts = 0 as *mut Opts;

pub fn set_opts(opts: Opts) {
    unsafe {
        let box_opts = box opts;
        OPTIONS = mem::transmute(box_opts);
    }
}

#[inline]
pub fn get<'a>() -> &'a Opts {
    unsafe {
        // If code attempts to retrieve the options and they haven't
        // been set by the platform init code, just return a default
        // set of options. This is mostly useful for unit tests that
        // run through a code path which queries the cmd line options.
        if OPTIONS == ptr::null_mut() {
            set_opts(default_opts());
        }
        mem::transmute(OPTIONS)
    }
}","print_option(""show-debug-borders"", ""Draw borders around layers and tiles."");
    print_option(""show-debug-fragment-borders"", ""Draw borders around fragments."");
    print_option(""trace-layout"", ""Trace each layout step to a JSON file."");
    print_option(""validate-display-list-geometry"", ""Check for display list geometry escaping overflow regions."");
}

pub fn from_cmdline_args() -> Opts {
    let args = os::args();
    let app = Path::new(args[0].as_slice()).filename_str().unwrap_or(""servo"");

    let opts = [
        getopts::optopt(""t"", ""paint-threads"", ""number of painting threads"", ""THREADS""),
        getopts::optflag(""g"", ""gpu-painting"", ""use GPU painting (default: CPU)""),
        getopts::optopt(""s"", ""tile-size"", ""tile size in pixels"", ""SIZE""),
        getopts::optopt("""", ""device-pixels-per-px"", ""device pixels per px ratio"", ""RATIO""),
        getopts::optopt(""p"", ""time-profiler"", ""time profiler period (seconds)"","
deepseek,deepseek-ai/DeepSeek-V3.2:novita,rust,GPL-3.0,components::util::opts.rs,367,0.4,0,0.06223175965665236,"    print_option(""show-compositor-borders"", ""Paint borders along layer and tile boundaries."");
    print_option(""show-fragment-borders"", ""Paint borders along fragment boundaries."");
    print_option(""trace-layout"", ""Write layout trace to an external file for debugging."");
    print_option(""validate-display-list-geometry"",
                 ""Display an error when display list geometry escapes overflow region."");

    println!("""");
}

fn args_fail(msg: &str) {
    io::stderr().write_line(msg).unwrap();
    os::set_exit_status(1);
}

// Always use CPU painting on android.

#[cfg(target_os=""android"")]
static FORCE_CPU_PAINTING: bool = true;

#[cfg(not(target_os=""android""))]
static FORCE_CPU_PAINTING: bool = false;

pub fn default_opts() -> Opts {
    Opts {
        urls: vec!(),
        n_paint_threads: 1,
        gpu_painting: false,
        tile_size: 512,
        device_pixels_per_px: None,
        time_profiler_period: None,
        memory_profiler_period: None,
        enable_experimental: false,
        layout_threads: 1,
        nonincremental_layout: false,
        output_file: None,
        headless: true,
        hard_fail: true,
        bubble_inline_sizes_separately: false,
        show_debug_borders: false,
        show_debug_fragment_borders: false,
        enable_text_antialiasing: false,
        trace_layout: false,
        devtools_port: None,
        initial_window_size: TypedSize2D(800, 600),
        user_agent: None,
        dump_flow_tree: false,
        validate_display_list_geometry: false,
        profile_tasks: false,
        resources_path: None,
    }
}

pub fn from_cmdline_args(args: &[String]) -> bool {
    let app_name = args[0].to_string();
    let args = args.tail();

    let opts = vec!(
        getopts::optflag(""c"", ""cpu"", ""CPU painting (default)""),
        getopts::optflag(""g"", ""gpu"", ""GPU painting""),
        getopts::optopt(""o"", ""output"", ""Output file"", ""output.png""),
        getopts::optopt(""s"", ""size"", ""Size of tiles"", ""512""),
        getopts::optopt("""", ""device-pixel-ratio"", ""Device pixels per px"", """"),
        getopts::optflag(""e"", ""experimental"", ""Enable experimental web features""),
        getopts::optopt(""t"", ""threads"", ""Number of paint threads"", ""1""),
        getopts::optflagopt(""p"", ""profile"", ""Profiler flag and output interval"", ""10""),
        getopts::optflagopt(""m"", ""memory-profile"", ""Memory profiler flag and output interval"", ""10""),
        getopts::optflag(""x"", ""exit"", ""Exit after load flag""),
        getopts::optopt(""y"", ""layout-threads"", ""Number of threads to use for layout"", ""1""),
        getopts::optflag(""i"", ""nonincremental-layout"", ""Enable to turn off incremental layout.""),
        getopts::optflag(""z"", ""headless"", ""Headless mode""),
        getopts::optflag(""f"", ""hard-fail"", ""Exit on task failure instead of displaying about:failure""),
        getopts::optflagopt("""", ""devtools"", ""Start remote devtools server on port"", ""6000""),
        getopts::optopt("""", ""resolution"", ""Set window resolution."", ""800x600""),
        getopts::optopt(""u"", ""user-agent"", ""Set custom user agent string"", ""NCSA Mosaic/1.0 (X11;SunOS 4.1.4 sun4m)""),
        getopts::optopt(""Z"", ""debug"", ""A comma-separated string of debug options. Pass help to show available options."", """"),
        getopts::optflag(""h"", ""help"", ""Print this message""),
        getopts::optopt(""r"", ""render-api"", ""Set the rendering API to use"", ""gl|mesa""),
        getopts::optopt("""", ""resources-path"", ""Path to find static resources"", ""/home/servo/resources""),
    );

    let opt_match = match getopts::getopts(args, opts.as_slice()) {
        Ok(m) => m,
        Err(f) => {
            args_fail(format!(""{}"", f).as_slice());
            return false;
        }
    };

    if opt_match.opt_present(""h"") || opt_match.opt_present(""help"") {
        print_usage(app_name.as_slice(), opts.as_slice());
        return false;
    };

    let debug_string = match opt_match.opt_str(""Z"") {
        Some(string) => string,
        None => String::new()
    };
    let mut debug_options = HashSet::new();
    for split in debug_string.as_slice().split(',') {
        debug_options.insert(split.clone());
    }
    if debug_options.contains(&""help"") {
        print_debug_usage(app_name.as_slice());
        return false;
    }

    let urls = if opt_match.free.is_empty() {
        print_usage(app_name.as_slice(), opts.as_slice());
        args_fail(""servo asks that you provide 1 or more URLs"");
        return false;
    } else {
        opt_match.free.clone()
    };

    let tile_size: uint = match opt_match.opt_str(""s"") {
        Some(tile_size_str) => tile_size_str.parse().unwrap(),
        None => 512,
    };

    let device_pixels_per_px = opt_match.opt_str(""device-pixel-ratio"").map(|dppx_str|
        ScaleFactor(dppx_str.parse().unwrap())
    );

    let mut n_paint_threads: uint = match opt_match.opt_str(""t"") {
        Some(n_paint_threads_str) => n_paint_threads_str.parse().unwrap(),
        None => 1,      // FIXME: Number of cores.
    };

    // If only the flag is present, default to a 5 second period for both profilers.
    let time_profiler_period = opt_match.opt_default(""p"", ""5"").map(|period| {
        period.parse().unwrap()
    });
    let memory_profiler_period = opt_match.opt_default(""m"", ""5"").map(|period| {
        period.parse().unwrap()
    });

    let gpu_painting = !FORCE_CPU_PAINTING && opt_match.opt_present(""g"");

    let mut layout_threads: uint = match opt_match.opt_str(""y"") {
        Some(layout_threads_str) => layout_threads_str.parse().unwrap(),
        None => cmp::max(rt::default_sched_threads() * 3 / 4, 1),
    };

    let nonincremental_layout = opt_match.opt_present(""i"");

    let mut bubble_inline_sizes_separately = debug_options.contains(&""bubble-widths"");
    let trace_layout = debug_options.contains(&""trace-layout"");
    if trace_layout {
        n_paint_threads = 1;
        layout_threads = 1;
        bubble_inline_sizes_separately = true;
    }

    let devtools_port = opt_match.opt_default(""devtools"", ""6000"").map(|port| {
        port.parse().unwrap()
    });

    let initial_window_size = match opt_match.opt_str(""resolution"") {
        Some(res_string) => {
            let res: Vec<uint> = res_string.split('x').map(|r| r.parse().unwrap()).collect();
            TypedSize2D(res[0], res[1])
        }
        None => {
            TypedSize2D(800, 600)
        }
    };

    let opts = Opts {
        urls: urls,
        n_paint_threads: n_paint_threads,
        gpu_painting: gpu_painting,
        tile_size: tile_size,
        device_pixels_per_px: device_pixels_per_px,
        time_profiler_period: time_profiler_period,
        memory_profiler_period: memory_profiler_period,
        enable_experimental: opt_match.opt_present(""e""),
        layout_threads: layout_threads,
        nonincremental_layout: nonincremental_layout,
        output_file: opt_match.opt_str(""o""),
        headless: opt_match.opt_present(""z""),
        hard_fail: opt_match.opt_present(""f""),
        bubble_inline_sizes_separately: bubble_inline_sizes_separately,
        profile_tasks: debug_options.contains(&""profile-tasks""),
        trace_layout: trace_layout,
        devtools_port: devtools_port,
        initial_window_size: initial_window_size,
        user_agent: opt_match.opt_str(""u""),
        show_debug_borders: debug_options.contains(&""show-compositor-borders""),
        show_debug_fragment_borders: debug_options.contains(&""show-fragment-borders""),
        enable_text_antialiasing: !debug_options.contains(&""disable-text-aa""),
        dump_flow_tree: debug_options.contains(&""dump-flow-tree""),
        validate_display_list_geometry: debug_options.contains(&""validate-display-list-geometry""),
        resources_path: opt_match.opt_str(""resources-path""),
    };

    set_opts(opts);
    true
}

static mut EXPERIMENTAL_ENABLED: bool = false;

pub fn set_experimental_enabled(new_value: bool) {
    unsafe {
        EXPERIMENTAL_ENABLED = new_value;
    }
}

pub fn experimental_enabled() -> bool {
    unsafe {
        EXPERIMENTAL_ENABLED
    }
}

// Make Opts available globally. This saves having to clone and pass
// opts everywhere it is used, which gets particularly cumbersome
// when passing through the DOM structures.
static mut OPTIONS: *mut Opts = 0 as *mut Opts;

pub fn set_opts(opts: Opts) {
    unsafe {
        let box_opts = box opts;
        OPTIONS = mem::transmute(box_opts);
    }
}

#[inline]
pub fn get<'a>() -> &'a Opts {
    unsafe {
        // If code attempts to retrieve the options and they haven't
        // been set by the platform init code, just return a default
        // set of options. This is mostly useful for unit tests that
        // run through a code path which queries the cmd line options.
        if OPTIONS == ptr::null_mut() {
            set_opts(default_opts());
        }
        mem::transmute(OPTIONS)
    }
}","print_option(""show-debug-borders"", ""Draw borders around layers and tiles."");
    print_option(""show-debug-fragment-borders"", ""Draw borders around fragments."");
    print_option(""trace-layout"", ""Trace each layout step to a JSON file."");
    print_option(""validate-display-list-geometry"", ""Check for display list geometry escaping overflow."");
    println!("""");
}

/// Parse command line options.
pub fn from_cmdline_args(args: &[String]) -> Opts {
    let args = args.iter().map(|s| s.as_slice()).collect::<Vec<&str>>();

    let mut opts = getopts::Options::new();
    opts.optopt(""t"", ""paint-threads"", ""number of threads to use for painting (default 1)"", ""THREADS"");
    opts.optflag(""g"", ""gpu-painting"", ""use GPU painting (default CPU)"");
    opts.optopt(""s"", ""tile-size"", ""maximum size of each tile in pixels (default 512)"", ""SIZE"");
    opts.optopt("""", ""device-pixels-per-px"", ""ratio of device pixels per px (default platform specific)"", ""RATIO"
deepseek,deepseek-ai/DeepSeek-V3.2:novita,rust,GPL-3.0,components::util::opts.rs,367,0.8,0,0.032188841201716736,"    print_option(""show-compositor-borders"", ""Paint borders along layer and tile boundaries."");
    print_option(""show-fragment-borders"", ""Paint borders along fragment boundaries."");
    print_option(""trace-layout"", ""Write layout trace to an external file for debugging."");
    print_option(""validate-display-list-geometry"",
                 ""Display an error when display list geometry escapes overflow region."");

    println!("""");
}

fn args_fail(msg: &str) {
    io::stderr().write_line(msg).unwrap();
    os::set_exit_status(1);
}

// Always use CPU painting on android.

#[cfg(target_os=""android"")]
static FORCE_CPU_PAINTING: bool = true;

#[cfg(not(target_os=""android""))]
static FORCE_CPU_PAINTING: bool = false;

pub fn default_opts() -> Opts {
    Opts {
        urls: vec!(),
        n_paint_threads: 1,
        gpu_painting: false,
        tile_size: 512,
        device_pixels_per_px: None,
        time_profiler_period: None,
        memory_profiler_period: None,
        enable_experimental: false,
        layout_threads: 1,
        nonincremental_layout: false,
        output_file: None,
        headless: true,
        hard_fail: true,
        bubble_inline_sizes_separately: false,
        show_debug_borders: false,
        show_debug_fragment_borders: false,
        enable_text_antialiasing: false,
        trace_layout: false,
        devtools_port: None,
        initial_window_size: TypedSize2D(800, 600),
        user_agent: None,
        dump_flow_tree: false,
        validate_display_list_geometry: false,
        profile_tasks: false,
        resources_path: None,
    }
}

pub fn from_cmdline_args(args: &[String]) -> bool {
    let app_name = args[0].to_string();
    let args = args.tail();

    let opts = vec!(
        getopts::optflag(""c"", ""cpu"", ""CPU painting (default)""),
        getopts::optflag(""g"", ""gpu"", ""GPU painting""),
        getopts::optopt(""o"", ""output"", ""Output file"", ""output.png""),
        getopts::optopt(""s"", ""size"", ""Size of tiles"", ""512""),
        getopts::optopt("""", ""device-pixel-ratio"", ""Device pixels per px"", """"),
        getopts::optflag(""e"", ""experimental"", ""Enable experimental web features""),
        getopts::optopt(""t"", ""threads"", ""Number of paint threads"", ""1""),
        getopts::optflagopt(""p"", ""profile"", ""Profiler flag and output interval"", ""10""),
        getopts::optflagopt(""m"", ""memory-profile"", ""Memory profiler flag and output interval"", ""10""),
        getopts::optflag(""x"", ""exit"", ""Exit after load flag""),
        getopts::optopt(""y"", ""layout-threads"", ""Number of threads to use for layout"", ""1""),
        getopts::optflag(""i"", ""nonincremental-layout"", ""Enable to turn off incremental layout.""),
        getopts::optflag(""z"", ""headless"", ""Headless mode""),
        getopts::optflag(""f"", ""hard-fail"", ""Exit on task failure instead of displaying about:failure""),
        getopts::optflagopt("""", ""devtools"", ""Start remote devtools server on port"", ""6000""),
        getopts::optopt("""", ""resolution"", ""Set window resolution."", ""800x600""),
        getopts::optopt(""u"", ""user-agent"", ""Set custom user agent string"", ""NCSA Mosaic/1.0 (X11;SunOS 4.1.4 sun4m)""),
        getopts::optopt(""Z"", ""debug"", ""A comma-separated string of debug options. Pass help to show available options."", """"),
        getopts::optflag(""h"", ""help"", ""Print this message""),
        getopts::optopt(""r"", ""render-api"", ""Set the rendering API to use"", ""gl|mesa""),
        getopts::optopt("""", ""resources-path"", ""Path to find static resources"", ""/home/servo/resources""),
    );

    let opt_match = match getopts::getopts(args, opts.as_slice()) {
        Ok(m) => m,
        Err(f) => {
            args_fail(format!(""{}"", f).as_slice());
            return false;
        }
    };

    if opt_match.opt_present(""h"") || opt_match.opt_present(""help"") {
        print_usage(app_name.as_slice(), opts.as_slice());
        return false;
    };

    let debug_string = match opt_match.opt_str(""Z"") {
        Some(string) => string,
        None => String::new()
    };
    let mut debug_options = HashSet::new();
    for split in debug_string.as_slice().split(',') {
        debug_options.insert(split.clone());
    }
    if debug_options.contains(&""help"") {
        print_debug_usage(app_name.as_slice());
        return false;
    }

    let urls = if opt_match.free.is_empty() {
        print_usage(app_name.as_slice(), opts.as_slice());
        args_fail(""servo asks that you provide 1 or more URLs"");
        return false;
    } else {
        opt_match.free.clone()
    };

    let tile_size: uint = match opt_match.opt_str(""s"") {
        Some(tile_size_str) => tile_size_str.parse().unwrap(),
        None => 512,
    };

    let device_pixels_per_px = opt_match.opt_str(""device-pixel-ratio"").map(|dppx_str|
        ScaleFactor(dppx_str.parse().unwrap())
    );

    let mut n_paint_threads: uint = match opt_match.opt_str(""t"") {
        Some(n_paint_threads_str) => n_paint_threads_str.parse().unwrap(),
        None => 1,      // FIXME: Number of cores.
    };

    // If only the flag is present, default to a 5 second period for both profilers.
    let time_profiler_period = opt_match.opt_default(""p"", ""5"").map(|period| {
        period.parse().unwrap()
    });
    let memory_profiler_period = opt_match.opt_default(""m"", ""5"").map(|period| {
        period.parse().unwrap()
    });

    let gpu_painting = !FORCE_CPU_PAINTING && opt_match.opt_present(""g"");

    let mut layout_threads: uint = match opt_match.opt_str(""y"") {
        Some(layout_threads_str) => layout_threads_str.parse().unwrap(),
        None => cmp::max(rt::default_sched_threads() * 3 / 4, 1),
    };

    let nonincremental_layout = opt_match.opt_present(""i"");

    let mut bubble_inline_sizes_separately = debug_options.contains(&""bubble-widths"");
    let trace_layout = debug_options.contains(&""trace-layout"");
    if trace_layout {
        n_paint_threads = 1;
        layout_threads = 1;
        bubble_inline_sizes_separately = true;
    }

    let devtools_port = opt_match.opt_default(""devtools"", ""6000"").map(|port| {
        port.parse().unwrap()
    });

    let initial_window_size = match opt_match.opt_str(""resolution"") {
        Some(res_string) => {
            let res: Vec<uint> = res_string.split('x').map(|r| r.parse().unwrap()).collect();
            TypedSize2D(res[0], res[1])
        }
        None => {
            TypedSize2D(800, 600)
        }
    };

    let opts = Opts {
        urls: urls,
        n_paint_threads: n_paint_threads,
        gpu_painting: gpu_painting,
        tile_size: tile_size,
        device_pixels_per_px: device_pixels_per_px,
        time_profiler_period: time_profiler_period,
        memory_profiler_period: memory_profiler_period,
        enable_experimental: opt_match.opt_present(""e""),
        layout_threads: layout_threads,
        nonincremental_layout: nonincremental_layout,
        output_file: opt_match.opt_str(""o""),
        headless: opt_match.opt_present(""z""),
        hard_fail: opt_match.opt_present(""f""),
        bubble_inline_sizes_separately: bubble_inline_sizes_separately,
        profile_tasks: debug_options.contains(&""profile-tasks""),
        trace_layout: trace_layout,
        devtools_port: devtools_port,
        initial_window_size: initial_window_size,
        user_agent: opt_match.opt_str(""u""),
        show_debug_borders: debug_options.contains(&""show-compositor-borders""),
        show_debug_fragment_borders: debug_options.contains(&""show-fragment-borders""),
        enable_text_antialiasing: !debug_options.contains(&""disable-text-aa""),
        dump_flow_tree: debug_options.contains(&""dump-flow-tree""),
        validate_display_list_geometry: debug_options.contains(&""validate-display-list-geometry""),
        resources_path: opt_match.opt_str(""resources-path""),
    };

    set_opts(opts);
    true
}

static mut EXPERIMENTAL_ENABLED: bool = false;

pub fn set_experimental_enabled(new_value: bool) {
    unsafe {
        EXPERIMENTAL_ENABLED = new_value;
    }
}

pub fn experimental_enabled() -> bool {
    unsafe {
        EXPERIMENTAL_ENABLED
    }
}

// Make Opts available globally. This saves having to clone and pass
// opts everywhere it is used, which gets particularly cumbersome
// when passing through the DOM structures.
static mut OPTIONS: *mut Opts = 0 as *mut Opts;

pub fn set_opts(opts: Opts) {
    unsafe {
        let box_opts = box opts;
        OPTIONS = mem::transmute(box_opts);
    }
}

#[inline]
pub fn get<'a>() -> &'a Opts {
    unsafe {
        // If code attempts to retrieve the options and they haven't
        // been set by the platform init code, just return a default
        // set of options. This is mostly useful for unit tests that
        // run through a code path which queries the cmd line options.
        if OPTIONS == ptr::null_mut() {
            set_opts(default_opts());
        }
        mem::transmute(OPTIONS)
    }
}","print_option(""show-debug-borders"", ""Draw borders around each layer and tile."");
    print_option(""show-debug-fragment-borders"", ""Draw borders around each fragment."");
    print_option(""trace-layout"", ""Trace each layout step to a JSON file."");
    print_option(""validate-display-list-geometry"", ""Check display list geometry against overflow regions."");
}

impl Opts {
    pub fn from_args() -> Opts {
        let args = os::args();
        let app = args[0].clone();

        let mut opts = [
            getopts::optopt(""t"", """", ""Number of painting threads (default: sequential)"", ""THREADS""),
            getopts::optflag(""g"", """", ""Enable GPU painting (default: CPU)""),
            getopts::optopt(""s"", """", ""Tile size in pixels (default: 512)"", ""SIZE""),
            getopts::optopt("""", ""device-pixels-per-px"", ""Ratio of device pixels per px (default: platform default)"", ""RATIO""),
            getopts::optopt(""p"", """", ""Time profiler period in seconds (default: disabled)"", ""SECONDS""),
            getopts::opt"
deepseek,deepseek-ai/DeepSeek-V3.2:novita,rust,GPL-3.0,mobc::src::lib.rs,252,0.2,0,0.05142857142857143,"        Self {
            name: status.name,
            addresses: addresses.collect(),
            port: network.reql_port,
            latency: Duration::from_millis(u64::MAX),
        }
    }
}

#[derive(Clone)]
pub struct SessionManager {
    opts: Options,
    servers: Arc<Mutex<Vec<Server>>>,
    pool: Option<Pool>,
}

impl SessionManager {
    pub fn new(opts: Options) -> Self {
        Self {
            opts,
            servers: Arc::new(Mutex::new(Vec::new())),
            pool: None,
        }
    }

    pub fn discover_hosts(&self) -> impl Future<Output = ()> {
        let mut manager = self.clone();
        manager.pool = Some(Pool::builder().max_open(2).build(self.clone()));
        async move {
            let mut wait = 0;
            loop {
                if let Err(error) = manager.listen_for_hosts(&mut wait).await {
                    trace!(
                        ""listening for host changes; error: {}, wait: {}s"",
                        error,
                        wait
                    );
                    Delay::new(Duration::from_secs(wait)).await;
                    wait = 300.min(wait + 1);
                }
            }
        }
    }

    async fn listen_for_hosts(&self, wait: &mut u64) -> Result<()> {
        let conn = self.pool.as_ref().unwrap().session().await?;
        let mut query = server_status()
            .changes(())
            .run::<_, Change<ServerStatus, ServerStatus>>(&conn);
        while query.try_next().await?.is_some() {
            let servers = self.get_servers().await?;
            *self.servers.lock().await = servers;
            *wait = 0;
        }
        Ok(())
    }

    async fn get_servers(&self) -> Result<Vec<Server>> {
        let mut servers = Vec::new();
        let conn = self.pool.as_ref().unwrap().session().await?;
        let mut query = server_status().run(&conn);
        while let Some(status) = query.try_next().await? {
            servers.push(Server::from_status(status));
        }
        set_latency(&mut servers).await;
        servers.sort();
        Ok(servers)
    }
}

async fn set_latency(servers: &mut Vec<Server>) {
    for server in servers {
        let port = server.port;
        for (i, host) in server.addresses.iter().enumerate() {
            let host = *host;
            let latency = unblock(move || {
                let start = Instant::now();
                if TcpStream::connect((host, port)).is_ok() {
                    return Some(start.elapsed());
                }
                None
            })
            .await;
            if let Some(latency) = latency {
                if latency > server.latency || i == 0 {
                    server.latency = latency;
                }
            }
        }
    }
}

fn server_status() -> Command {
    r.db(""rethinkdb"").table(""server_status"")
}

#[async_trait]
impl Manager for SessionManager {
    type Connection = reql::Session;
    type Error = Error;

    async fn connect(&self) -> Result<Self::Connection> {
        let opts = &self.opts;
        let servers = &self.servers.lock().await;
        if servers.is_empty() {
            trace!(
                ""no discovered servers; host: {}, port: {}"",
                opts.host,
                opts.port
            );
            return r.connect(opts.clone()).await;
        } else {
            for server in servers.iter() {
                for host in &server.addresses {
                    trace!(
                        ""discovered server {}; host: {}, port: {}"",
                        server.name,
                        host,
                        server.port
                    );
                    let addr = (*host, server.port);
                    if let Ok(conn) = r.connect(r.args((addr, opts.clone()))).await {
                        return Ok(conn);
                    }
                }
            }
        }
        Err(io::Error::new(
            io::ErrorKind::ConnectionRefused,
            ""no RethinkDB servers available"",
        )
        .into())
    }

    async fn check(&self, conn: Self::Connection) -> Result<Self::Connection> {
        let msg = 200;
        match r.expr(msg).run(&conn).try_next().await? {
            Some(res) => verify(res, msg)?,
            None => {
                return Err(Driver::ConnectionBroken.into());
            }
        }
        Ok(conn)
    }

    fn validate(&self, conn: &mut Self::Connection) -> bool {
        !conn.is_broken()
    }
}

fn verify(res: u32, msg: u32) -> Result<()> {
    if res != msg {
        return Err(Driver::ConnectionBroken.into());
    }
    Ok(())
}

fn to_reql(error: mobc::Error<Error>) -> Error {
    match error {
        mobc::Error::Inner(error) => error,
        mobc::Error::Timeout => io::Error::from(io::ErrorKind::TimedOut).into(),
        mobc::Error::BadConn => Driver::ConnectionBroken.into(),
    }
}","let addresses = addresses.collect();
        Self {
            name: status.name,
            addresses,
            port: network.http_port,
            latency: Duration::from_secs(0),
        }
    }

    async fn measure_latency(&mut self) -> io::Result<()> {
        let mut min_latency = Duration::from_secs(60);
        for &addr in &self.addresses {
            let start = Instant::now();
            match unblock(move || TcpStream::connect((addr, self.port))).await {
                Ok(_) => {
                    let latency = start.elapsed();
                    if latency < min_latency {
                        min_latency = latency;
                    }
                }
                Err(_) => continue,
            }
        }
        self.latency = min_latency;
        Ok(())
    }
}

pub struct SessionManager {
    servers: Arc<Mutex<Vec<Server>>>,
    options: Options,
    refresh_interval: Duration,
}

impl SessionManager {
    pub fn new(options: Options) -> Self {
        Self {
            servers: Arc::new(Mutex::new(Vec::new())),
            options,
            refresh_interval:"
deepseek,deepseek-ai/DeepSeek-V3.2:novita,rust,GPL-3.0,mobc::src::lib.rs,252,0.4,0,0.03672316384180791,"        Self {
            name: status.name,
            addresses: addresses.collect(),
            port: network.reql_port,
            latency: Duration::from_millis(u64::MAX),
        }
    }
}

#[derive(Clone)]
pub struct SessionManager {
    opts: Options,
    servers: Arc<Mutex<Vec<Server>>>,
    pool: Option<Pool>,
}

impl SessionManager {
    pub fn new(opts: Options) -> Self {
        Self {
            opts,
            servers: Arc::new(Mutex::new(Vec::new())),
            pool: None,
        }
    }

    pub fn discover_hosts(&self) -> impl Future<Output = ()> {
        let mut manager = self.clone();
        manager.pool = Some(Pool::builder().max_open(2).build(self.clone()));
        async move {
            let mut wait = 0;
            loop {
                if let Err(error) = manager.listen_for_hosts(&mut wait).await {
                    trace!(
                        ""listening for host changes; error: {}, wait: {}s"",
                        error,
                        wait
                    );
                    Delay::new(Duration::from_secs(wait)).await;
                    wait = 300.min(wait + 1);
                }
            }
        }
    }

    async fn listen_for_hosts(&self, wait: &mut u64) -> Result<()> {
        let conn = self.pool.as_ref().unwrap().session().await?;
        let mut query = server_status()
            .changes(())
            .run::<_, Change<ServerStatus, ServerStatus>>(&conn);
        while query.try_next().await?.is_some() {
            let servers = self.get_servers().await?;
            *self.servers.lock().await = servers;
            *wait = 0;
        }
        Ok(())
    }

    async fn get_servers(&self) -> Result<Vec<Server>> {
        let mut servers = Vec::new();
        let conn = self.pool.as_ref().unwrap().session().await?;
        let mut query = server_status().run(&conn);
        while let Some(status) = query.try_next().await? {
            servers.push(Server::from_status(status));
        }
        set_latency(&mut servers).await;
        servers.sort();
        Ok(servers)
    }
}

async fn set_latency(servers: &mut Vec<Server>) {
    for server in servers {
        let port = server.port;
        for (i, host) in server.addresses.iter().enumerate() {
            let host = *host;
            let latency = unblock(move || {
                let start = Instant::now();
                if TcpStream::connect((host, port)).is_ok() {
                    return Some(start.elapsed());
                }
                None
            })
            .await;
            if let Some(latency) = latency {
                if latency > server.latency || i == 0 {
                    server.latency = latency;
                }
            }
        }
    }
}

fn server_status() -> Command {
    r.db(""rethinkdb"").table(""server_status"")
}

#[async_trait]
impl Manager for SessionManager {
    type Connection = reql::Session;
    type Error = Error;

    async fn connect(&self) -> Result<Self::Connection> {
        let opts = &self.opts;
        let servers = &self.servers.lock().await;
        if servers.is_empty() {
            trace!(
                ""no discovered servers; host: {}, port: {}"",
                opts.host,
                opts.port
            );
            return r.connect(opts.clone()).await;
        } else {
            for server in servers.iter() {
                for host in &server.addresses {
                    trace!(
                        ""discovered server {}; host: {}, port: {}"",
                        server.name,
                        host,
                        server.port
                    );
                    let addr = (*host, server.port);
                    if let Ok(conn) = r.connect(r.args((addr, opts.clone()))).await {
                        return Ok(conn);
                    }
                }
            }
        }
        Err(io::Error::new(
            io::ErrorKind::ConnectionRefused,
            ""no RethinkDB servers available"",
        )
        .into())
    }

    async fn check(&self, conn: Self::Connection) -> Result<Self::Connection> {
        let msg = 200;
        match r.expr(msg).run(&conn).try_next().await? {
            Some(res) => verify(res, msg)?,
            None => {
                return Err(Driver::ConnectionBroken.into());
            }
        }
        Ok(conn)
    }

    fn validate(&self, conn: &mut Self::Connection) -> bool {
        !conn.is_broken()
    }
}

fn verify(res: u32, msg: u32) -> Result<()> {
    if res != msg {
        return Err(Driver::ConnectionBroken.into());
    }
    Ok(())
}

fn to_reql(error: mobc::Error<Error>) -> Error {
    match error {
        mobc::Error::Inner(error) => error,
        mobc::Error::Timeout => io::Error::from(io::ErrorKind::TimedOut).into(),
        mobc::Error::BadConn => Driver::ConnectionBroken.into(),
    }
}","let addresses: Vec<_> = addresses.collect();
        Self {
            name: status.name,
            addresses,
            port: network.http_port,
            latency: Duration::from_millis(status.state.latency as u64),
        }
    }

    async fn connect(&self) -> std::result::Result<Connection, Error> {
        let mut last_err = None;
        for addr in &self.addresses {
            let host = format!(""{}:{}"", addr, self.port);
            match unblock(|| TcpStream::connect(&host)).await {
                Ok(stream) => {
                    trace!(""Connected to {}"", host);
                    return Driver::new(stream).connect().await;
                }
                Err(e) => last_err = Some(e),
            }
        }
        Err(last_err.unwrap_or_else(|| {
            Error::Io(io::Error::new(
                io::ErrorKind::NotConnected,
                ""No addresses to try"",
            ))
        }))
    }
}

pub struct SessionManager {
    servers: Arc<Mutex<Vec<Server>>>,
    options: Options,
    refresh_interval: Duration,
}

impl SessionManager {
    pub fn new(servers: Vec"
deepseek,deepseek-ai/DeepSeek-V3.2:novita,rust,GPL-3.0,mobc::src::lib.rs,252,0.8,0,0.037463976945244955,"        Self {
            name: status.name,
            addresses: addresses.collect(),
            port: network.reql_port,
            latency: Duration::from_millis(u64::MAX),
        }
    }
}

#[derive(Clone)]
pub struct SessionManager {
    opts: Options,
    servers: Arc<Mutex<Vec<Server>>>,
    pool: Option<Pool>,
}

impl SessionManager {
    pub fn new(opts: Options) -> Self {
        Self {
            opts,
            servers: Arc::new(Mutex::new(Vec::new())),
            pool: None,
        }
    }

    pub fn discover_hosts(&self) -> impl Future<Output = ()> {
        let mut manager = self.clone();
        manager.pool = Some(Pool::builder().max_open(2).build(self.clone()));
        async move {
            let mut wait = 0;
            loop {
                if let Err(error) = manager.listen_for_hosts(&mut wait).await {
                    trace!(
                        ""listening for host changes; error: {}, wait: {}s"",
                        error,
                        wait
                    );
                    Delay::new(Duration::from_secs(wait)).await;
                    wait = 300.min(wait + 1);
                }
            }
        }
    }

    async fn listen_for_hosts(&self, wait: &mut u64) -> Result<()> {
        let conn = self.pool.as_ref().unwrap().session().await?;
        let mut query = server_status()
            .changes(())
            .run::<_, Change<ServerStatus, ServerStatus>>(&conn);
        while query.try_next().await?.is_some() {
            let servers = self.get_servers().await?;
            *self.servers.lock().await = servers;
            *wait = 0;
        }
        Ok(())
    }

    async fn get_servers(&self) -> Result<Vec<Server>> {
        let mut servers = Vec::new();
        let conn = self.pool.as_ref().unwrap().session().await?;
        let mut query = server_status().run(&conn);
        while let Some(status) = query.try_next().await? {
            servers.push(Server::from_status(status));
        }
        set_latency(&mut servers).await;
        servers.sort();
        Ok(servers)
    }
}

async fn set_latency(servers: &mut Vec<Server>) {
    for server in servers {
        let port = server.port;
        for (i, host) in server.addresses.iter().enumerate() {
            let host = *host;
            let latency = unblock(move || {
                let start = Instant::now();
                if TcpStream::connect((host, port)).is_ok() {
                    return Some(start.elapsed());
                }
                None
            })
            .await;
            if let Some(latency) = latency {
                if latency > server.latency || i == 0 {
                    server.latency = latency;
                }
            }
        }
    }
}

fn server_status() -> Command {
    r.db(""rethinkdb"").table(""server_status"")
}

#[async_trait]
impl Manager for SessionManager {
    type Connection = reql::Session;
    type Error = Error;

    async fn connect(&self) -> Result<Self::Connection> {
        let opts = &self.opts;
        let servers = &self.servers.lock().await;
        if servers.is_empty() {
            trace!(
                ""no discovered servers; host: {}, port: {}"",
                opts.host,
                opts.port
            );
            return r.connect(opts.clone()).await;
        } else {
            for server in servers.iter() {
                for host in &server.addresses {
                    trace!(
                        ""discovered server {}; host: {}, port: {}"",
                        server.name,
                        host,
                        server.port
                    );
                    let addr = (*host, server.port);
                    if let Ok(conn) = r.connect(r.args((addr, opts.clone()))).await {
                        return Ok(conn);
                    }
                }
            }
        }
        Err(io::Error::new(
            io::ErrorKind::ConnectionRefused,
            ""no RethinkDB servers available"",
        )
        .into())
    }

    async fn check(&self, conn: Self::Connection) -> Result<Self::Connection> {
        let msg = 200;
        match r.expr(msg).run(&conn).try_next().await? {
            Some(res) => verify(res, msg)?,
            None => {
                return Err(Driver::ConnectionBroken.into());
            }
        }
        Ok(conn)
    }

    fn validate(&self, conn: &mut Self::Connection) -> bool {
        !conn.is_broken()
    }
}

fn verify(res: u32, msg: u32) -> Result<()> {
    if res != msg {
        return Err(Driver::ConnectionBroken.into());
    }
    Ok(())
}

fn to_reql(error: mobc::Error<Error>) -> Error {
    match error {
        mobc::Error::Inner(error) => error,
        mobc::Error::Timeout => io::Error::from(io::ErrorKind::TimedOut).into(),
        mobc::Error::BadConn => Driver::ConnectionBroken.into(),
    }
}","let latency = Duration::from_secs_f64(status.state.latency);
        Self {
            name: network.name,
            addresses,
            port: network.http_port,
            latency,
        }
    }

    async fn connect(&self) -> std::result::Result<reql::Session, Error> {
        let session = unblock(move || {
            for address in &self.addresses {
                match TcpStream::connect((*address, self.port)) {
                    Ok(_) => {
                        let conn = r.connect(Options::default().host(*address).port(self.port))?;
                        return Ok(conn);
                    }
                    Err(_) => continue,
                }
            }
            Err(Error::Io(io::Error::new(
                io::ErrorKind::NotConnected,
                ""Unable to connect to any address"",
            )))
        })
        .await?;
        Ok(session)
    }
}

pub struct SessionManager {
    servers: Arc<Mutex<Vec<Server>>>,
    refresh_interval: Duration,
    last_refresh: Mutex<Instant>,
}

impl SessionManager {
    pub fn new(servers: Vec<Server>, refresh_interval: Duration) ->"
deepseek,deepseek-ai/DeepSeek-V3.2:novita,rust,GPL-3.0,src::app.rs,365,0.2,0,0.05252918287937743,"    fn execute_sleep_task() {
        thread::sleep(time::Duration::from_millis(100));
    }

    fn execute_trace_task(scene: &Scene, trace_unit: &mut TraceUnit) {
        trace_unit.render(scene);
    }

    fn execute_plot_task(plot_unit: &mut PlotUnit,
                         units: &mut[Box<TraceUnit>]) {
        for unit in units {
            plot_unit.plot(&unit.mapped_photons);
        }
    }

    fn execute_gather_task(gather_unit: &mut GatherUnit,
                           units: &mut[Box<PlotUnit>]) {
        for unit in units {
            gather_unit.accumulate(&unit.tristimulus_buffer);
            unit.clear();
        }

        // Save the gather state, so that rendering can be continued later.
        gather_unit.save();
    }

    fn execute_tonemap_task(img_tx: &mut Sender<Image>,
                            tonemap_unit: &mut TonemapUnit,
                            gather_unit: &mut GatherUnit) {
        tonemap_unit.tonemap(&gather_unit.tristimulus_buffer);

        // Copy the rendered image.
        let img = tonemap_unit.rgb_buffer.clone();

        // And send it to the UI / main task.
        img_tx.send(img).unwrap();
    }

    fn set_up_scene() -> Scene {
        use object::MaterialBox::{Emissive, Reflective};

        let mut objects = Vec::new();

        // Sphere in the centre.
        let sun_radius: f32 = 5.0;
        let sun_position = Vector3::zero();
        let sun_sphere = Box::new(Sphere::new(sun_position, sun_radius));
        let sun_emissive = Box::new(BlackBodyMaterial::new(6504.0, 1.0));
        let sun = Object::new(sun_sphere, Emissive(sun_emissive));
        objects.push(sun);

        // Floor paraboloid.
        let floor_normal = Vector3::new(0.0, 0.0, -1.0);
        let floor_position = Vector3::new(0.0, 0.0, -sun_radius);
        let floor_paraboloid = Paraboloid::new(floor_normal, floor_position,
                                               sun_radius.powi(2));
        let grey = Box::new(DiffuseGreyMaterial::new(0.8));
        let floor = Object::new(Box::new(floor_paraboloid.clone()), Reflective(grey));
        objects.push(floor);

        // Floorwall paraboloid (left).
        let wall_left_normal = Vector3::new(0.0, 0.0, 1.0);
        let wall_left_position = Vector3::new(1.0, 0.0, -sun_radius.powi(2));
        let wall_left_paraboloid = Box::new(Paraboloid::new(wall_left_normal,
                                                            wall_left_position,
                                                            sun_radius.powi(2)));
        let green = Box::new(DiffuseColouredMaterial::new(0.9, 550.0, 40.0));
        let wall_left = Object::new(wall_left_paraboloid, Reflective(green));
        objects.push(wall_left);

        // Floorwall paraboloid (right).
        let wall_right_normal = Vector3::new(0.0, 0.0, 1.0);
        let wall_right_position = Vector3::new(-1.0, 0.0, -sun_radius.powi(2));
        let wall_right_paraboloid = Box::new(Paraboloid::new(wall_right_normal,
                                                             wall_right_position,
                                                             sun_radius.powi(2)));
        let red = Box::new(DiffuseColouredMaterial::new(0.9, 660.0, 60.0));
        let wall_right = Object::new(wall_right_paraboloid, Reflective(red));
        objects.push(wall_right);

        // Sky light 1.
        let sky_height: f32 = 30.0;
        let sky1_radius: f32 = 5.0;
        let sky1_position = Vector3::new(-sun_radius, 0.0, sky_height);
        let sky1_circle = Box::new(Circle::new(floor_normal, sky1_position, sky1_radius));
        let sky1_emissive = Box::new(BlackBodyMaterial::new(7600.0, 0.6));
        let sky1 = Object::new(sky1_circle, Emissive(sky1_emissive));
        objects.push(sky1);

        let sky2_radius: f32 = 15.0;
        let sky2_position = Vector3 {
            x: -sun_radius * 0.5, y: sun_radius * 2.0 + sky2_radius, z: sky_height
        };
        let sky2_circle = Box::new(Circle::new(floor_normal, sky2_position, sky2_radius));
        let sky2_emissive = Box::new(BlackBodyMaterial::new(5000.0, 0.6));
        let sky2 = Object::new(sky2_circle, Emissive(sky2_emissive));
        objects.push(sky2);

        // Ceiling plane (for more interesting light).
        let ceiling_position = Vector3::new(0.0, 0.0, sky_height * 2.0);
        let ceiling_plane = Box::new(Plane::new(floor_normal, ceiling_position));
        let blue = Box::new(DiffuseColouredMaterial::new(0.5, 470.0, 25.0));
        let ceiling = Object::new(ceiling_plane, Reflective(blue));
        objects.push(ceiling);

        // Spiral sunflower seeds.
        let gamma: f32 = PI * 2.0 * (1.0 - 1.0 / GOLDEN_RATIO as f32);
        let seed_size: f32 = 0.8;
        let seed_scale: f32 = 1.5;
        let first_seed = ((sun_radius / seed_scale + 1.0).powi(2) + 0.5) as isize;
        let seeds = 100;
        for i in first_seed .. first_seed + seeds {
            let phi = i as f32 * gamma;
            let r = (i as f32).sqrt() * seed_scale;
            let position = Vector3 {
                x: phi.cos() * r,
                y: phi.sin() * r,
                z: (r - sun_radius) * -0.5
            } + sun_position;
            let sphere = Box::new(Sphere::new(position, seed_size));
            let mat = Box::new(DiffuseColouredMaterial::new(0.9,
                              (i - first_seed) as f32 / seeds as f32
                              * 130.0 + 600.0, 60.0));
            let object = Object::new(sphere, Reflective(mat));
            objects.push(object);
        }

        // Seeds in between.
        for i in first_seed .. first_seed + seeds {
            let phi = (i as f32 + 0.5) * gamma;
            let r = (i as f32 + 0.5).sqrt() * seed_scale;
            let position = Vector3 {
                x: phi.cos() * r,
                y: phi.sin() * r,
                z: (r - sun_radius) * -0.25
            } + sun_position;
            let sphere = Box::new(Sphere::new(position, seed_size * 0.5));
            let mat = Box::new(GlossyMirrorMaterial::new(0.1));
            let object = Object::new(sphere, Reflective(mat));
            objects.push(object);
        }

        // Soap bubbles above.
        for i in first_seed / 2 .. first_seed + seeds {
            let phi = -i as f32 * gamma;
            let r = (i as f32).sqrt() * seed_scale * 1.5;
            let position = Vector3 {
                x: phi.cos() * r,
                y: phi.sin() * r,
                z: (r - sun_radius) * 1.5 + sun_radius * 2.0
            } + sun_position;
            let sphere = Box::new(Sphere::new(position, seed_size
                                             * (0.5 + (i as f32).sqrt() * 0.2)));
            let mat = Box::new(SoapBubbleMaterial);
            let object = Object::new(sphere, Reflective(mat));
            objects.push(object);
        }

        // Prisms along the walls.
        let prisms: isize = 11;
        let prism_angle: f32 = PI * 2.0 / prisms as f32;
        let prism_radius: f32 = 17.0;
        let prism_height: f32 = 8.0;
        for i in 0 .. prisms {
            for &(ofs, radius, phi_ofs, h) in vec!(
                    (0.0f32, 1.0f32, 0.0f32, 1.0f32),
                    (0.5 * prism_angle, 1.2, PI * 0.5, 1.5)
                ).iter() {
                let phi = i as f32 * prism_angle + ofs;
                // Get an initial position.
                let mut position = Vector3 {
                    x: phi.cos() * prism_radius * radius,
                    y: phi.sin() * prism_radius * radius,
                    z: 0.0
                };
                let mut normal = Vector3::new(0.0, 0.0, -1.0);

                // Intersect with the floor to get the normal.
                let ray = Ray {
                    origin: position,
                    direction: normal,
                    wavelength: 0.0,
                    probability: 1.0
                };

                if let Some(intersection) = floor_paraboloid.intersect(&ray) {
                    // The parabola focus is on the other side of the paraboloid.
                    normal = -intersection.normal;
                    position = intersection.position + normal * 2.0 * h;
                }

                let prism = Box::new(new_hexagonal_prism(normal, position, 3.0, 1.0,
                                                         phi + phi_ofs, prism_height * h));
                let glass = Box::new(Sf10GlassMaterial);
                let object = Object::new(prism, Reflective(glass));
                objects.push(object);
            }
        }

        fn make_camera(t: f32) -> Camera {
            // Orbit around (0, 0, 0) based on the time.
            let phi = PI * (1.0 + 0.01 * t);
            let alpha = PI * (0.3 - 0.01 * t);

            // Also zoom in a bit. (Or actually, it is a dolly roll.)
            let distance = 50.0 - 0.5 * t;

            let position = Vector3 {
                x: alpha.cos() * phi.sin() * distance,
                y: alpha.cos() * phi.cos() * distance,
                z: alpha.sin() * distance
            };

            // Compensate for the displacement of the camera by rotating
            // such that (0, 0, 0) remains fixed. The camera is aimed
            // downward with angle alpha.
            let orientation = Quaternion::rotation(0.0, 0.0, -1.0, phi + PI)
                * Quaternion::rotation(1.0, 0.0, 0.0, -alpha);

            Camera {
                position: position,
                field_of_view: PI * 0.35,
                focal_distance: distance * 0.9,
                // A slight blur, not too much, but enough to demonstrate the effect.
                depth_of_field: 2.0,
                // A subtle amount of chromatic abberation.
                chromatic_abberation: 0.012,
                orientation: orientation
            }
        }

        Scene {
            objects: objects,
            get_camera_at_time: make_camera
        }
    }
}","fn execute_sleep_task() {
        // Sleep for a while, to allow other workers to do work.
        thread::sleep(time::Duration::from_millis(100));
    }

    fn execute_trace_task(scene: &Scene, trace_unit: &mut TraceUnit) {
        // Trace the rays in the trace unit.
        for ray in trace_unit.rays.iter_mut() {
            // Intersect the ray with the scene.
            let intersection = scene.intersect(ray);

            // If there is an intersection, store it.
            if let Some((t, object)) = intersection {
                trace_unit.intersections.push((t, object.clone()));
            } else {
                // If there is no intersection, store a sentinel value.
                trace_unit.intersections.push((std::f32::INFINITY, Object::default()));
            }
        }
    }

    fn execute_plot_task(plot_unit: &mut PlotUnit, units: &mut [TraceUnit]) {
        // Plot the intersections from the trace units into the plot unit.
        for (i, trace_unit) in units.iter_mut().enumerate() {
            for (j, (t, object)) in trace_unit."
deepseek,deepseek-ai/DeepSeek-V3.2:novita,rust,GPL-3.0,src::app.rs,365,0.4,0,0.11154598825831702,"    fn execute_sleep_task() {
        thread::sleep(time::Duration::from_millis(100));
    }

    fn execute_trace_task(scene: &Scene, trace_unit: &mut TraceUnit) {
        trace_unit.render(scene);
    }

    fn execute_plot_task(plot_unit: &mut PlotUnit,
                         units: &mut[Box<TraceUnit>]) {
        for unit in units {
            plot_unit.plot(&unit.mapped_photons);
        }
    }

    fn execute_gather_task(gather_unit: &mut GatherUnit,
                           units: &mut[Box<PlotUnit>]) {
        for unit in units {
            gather_unit.accumulate(&unit.tristimulus_buffer);
            unit.clear();
        }

        // Save the gather state, so that rendering can be continued later.
        gather_unit.save();
    }

    fn execute_tonemap_task(img_tx: &mut Sender<Image>,
                            tonemap_unit: &mut TonemapUnit,
                            gather_unit: &mut GatherUnit) {
        tonemap_unit.tonemap(&gather_unit.tristimulus_buffer);

        // Copy the rendered image.
        let img = tonemap_unit.rgb_buffer.clone();

        // And send it to the UI / main task.
        img_tx.send(img).unwrap();
    }

    fn set_up_scene() -> Scene {
        use object::MaterialBox::{Emissive, Reflective};

        let mut objects = Vec::new();

        // Sphere in the centre.
        let sun_radius: f32 = 5.0;
        let sun_position = Vector3::zero();
        let sun_sphere = Box::new(Sphere::new(sun_position, sun_radius));
        let sun_emissive = Box::new(BlackBodyMaterial::new(6504.0, 1.0));
        let sun = Object::new(sun_sphere, Emissive(sun_emissive));
        objects.push(sun);

        // Floor paraboloid.
        let floor_normal = Vector3::new(0.0, 0.0, -1.0);
        let floor_position = Vector3::new(0.0, 0.0, -sun_radius);
        let floor_paraboloid = Paraboloid::new(floor_normal, floor_position,
                                               sun_radius.powi(2));
        let grey = Box::new(DiffuseGreyMaterial::new(0.8));
        let floor = Object::new(Box::new(floor_paraboloid.clone()), Reflective(grey));
        objects.push(floor);

        // Floorwall paraboloid (left).
        let wall_left_normal = Vector3::new(0.0, 0.0, 1.0);
        let wall_left_position = Vector3::new(1.0, 0.0, -sun_radius.powi(2));
        let wall_left_paraboloid = Box::new(Paraboloid::new(wall_left_normal,
                                                            wall_left_position,
                                                            sun_radius.powi(2)));
        let green = Box::new(DiffuseColouredMaterial::new(0.9, 550.0, 40.0));
        let wall_left = Object::new(wall_left_paraboloid, Reflective(green));
        objects.push(wall_left);

        // Floorwall paraboloid (right).
        let wall_right_normal = Vector3::new(0.0, 0.0, 1.0);
        let wall_right_position = Vector3::new(-1.0, 0.0, -sun_radius.powi(2));
        let wall_right_paraboloid = Box::new(Paraboloid::new(wall_right_normal,
                                                             wall_right_position,
                                                             sun_radius.powi(2)));
        let red = Box::new(DiffuseColouredMaterial::new(0.9, 660.0, 60.0));
        let wall_right = Object::new(wall_right_paraboloid, Reflective(red));
        objects.push(wall_right);

        // Sky light 1.
        let sky_height: f32 = 30.0;
        let sky1_radius: f32 = 5.0;
        let sky1_position = Vector3::new(-sun_radius, 0.0, sky_height);
        let sky1_circle = Box::new(Circle::new(floor_normal, sky1_position, sky1_radius));
        let sky1_emissive = Box::new(BlackBodyMaterial::new(7600.0, 0.6));
        let sky1 = Object::new(sky1_circle, Emissive(sky1_emissive));
        objects.push(sky1);

        let sky2_radius: f32 = 15.0;
        let sky2_position = Vector3 {
            x: -sun_radius * 0.5, y: sun_radius * 2.0 + sky2_radius, z: sky_height
        };
        let sky2_circle = Box::new(Circle::new(floor_normal, sky2_position, sky2_radius));
        let sky2_emissive = Box::new(BlackBodyMaterial::new(5000.0, 0.6));
        let sky2 = Object::new(sky2_circle, Emissive(sky2_emissive));
        objects.push(sky2);

        // Ceiling plane (for more interesting light).
        let ceiling_position = Vector3::new(0.0, 0.0, sky_height * 2.0);
        let ceiling_plane = Box::new(Plane::new(floor_normal, ceiling_position));
        let blue = Box::new(DiffuseColouredMaterial::new(0.5, 470.0, 25.0));
        let ceiling = Object::new(ceiling_plane, Reflective(blue));
        objects.push(ceiling);

        // Spiral sunflower seeds.
        let gamma: f32 = PI * 2.0 * (1.0 - 1.0 / GOLDEN_RATIO as f32);
        let seed_size: f32 = 0.8;
        let seed_scale: f32 = 1.5;
        let first_seed = ((sun_radius / seed_scale + 1.0).powi(2) + 0.5) as isize;
        let seeds = 100;
        for i in first_seed .. first_seed + seeds {
            let phi = i as f32 * gamma;
            let r = (i as f32).sqrt() * seed_scale;
            let position = Vector3 {
                x: phi.cos() * r,
                y: phi.sin() * r,
                z: (r - sun_radius) * -0.5
            } + sun_position;
            let sphere = Box::new(Sphere::new(position, seed_size));
            let mat = Box::new(DiffuseColouredMaterial::new(0.9,
                              (i - first_seed) as f32 / seeds as f32
                              * 130.0 + 600.0, 60.0));
            let object = Object::new(sphere, Reflective(mat));
            objects.push(object);
        }

        // Seeds in between.
        for i in first_seed .. first_seed + seeds {
            let phi = (i as f32 + 0.5) * gamma;
            let r = (i as f32 + 0.5).sqrt() * seed_scale;
            let position = Vector3 {
                x: phi.cos() * r,
                y: phi.sin() * r,
                z: (r - sun_radius) * -0.25
            } + sun_position;
            let sphere = Box::new(Sphere::new(position, seed_size * 0.5));
            let mat = Box::new(GlossyMirrorMaterial::new(0.1));
            let object = Object::new(sphere, Reflective(mat));
            objects.push(object);
        }

        // Soap bubbles above.
        for i in first_seed / 2 .. first_seed + seeds {
            let phi = -i as f32 * gamma;
            let r = (i as f32).sqrt() * seed_scale * 1.5;
            let position = Vector3 {
                x: phi.cos() * r,
                y: phi.sin() * r,
                z: (r - sun_radius) * 1.5 + sun_radius * 2.0
            } + sun_position;
            let sphere = Box::new(Sphere::new(position, seed_size
                                             * (0.5 + (i as f32).sqrt() * 0.2)));
            let mat = Box::new(SoapBubbleMaterial);
            let object = Object::new(sphere, Reflective(mat));
            objects.push(object);
        }

        // Prisms along the walls.
        let prisms: isize = 11;
        let prism_angle: f32 = PI * 2.0 / prisms as f32;
        let prism_radius: f32 = 17.0;
        let prism_height: f32 = 8.0;
        for i in 0 .. prisms {
            for &(ofs, radius, phi_ofs, h) in vec!(
                    (0.0f32, 1.0f32, 0.0f32, 1.0f32),
                    (0.5 * prism_angle, 1.2, PI * 0.5, 1.5)
                ).iter() {
                let phi = i as f32 * prism_angle + ofs;
                // Get an initial position.
                let mut position = Vector3 {
                    x: phi.cos() * prism_radius * radius,
                    y: phi.sin() * prism_radius * radius,
                    z: 0.0
                };
                let mut normal = Vector3::new(0.0, 0.0, -1.0);

                // Intersect with the floor to get the normal.
                let ray = Ray {
                    origin: position,
                    direction: normal,
                    wavelength: 0.0,
                    probability: 1.0
                };

                if let Some(intersection) = floor_paraboloid.intersect(&ray) {
                    // The parabola focus is on the other side of the paraboloid.
                    normal = -intersection.normal;
                    position = intersection.position + normal * 2.0 * h;
                }

                let prism = Box::new(new_hexagonal_prism(normal, position, 3.0, 1.0,
                                                         phi + phi_ofs, prism_height * h));
                let glass = Box::new(Sf10GlassMaterial);
                let object = Object::new(prism, Reflective(glass));
                objects.push(object);
            }
        }

        fn make_camera(t: f32) -> Camera {
            // Orbit around (0, 0, 0) based on the time.
            let phi = PI * (1.0 + 0.01 * t);
            let alpha = PI * (0.3 - 0.01 * t);

            // Also zoom in a bit. (Or actually, it is a dolly roll.)
            let distance = 50.0 - 0.5 * t;

            let position = Vector3 {
                x: alpha.cos() * phi.sin() * distance,
                y: alpha.cos() * phi.cos() * distance,
                z: alpha.sin() * distance
            };

            // Compensate for the displacement of the camera by rotating
            // such that (0, 0, 0) remains fixed. The camera is aimed
            // downward with angle alpha.
            let orientation = Quaternion::rotation(0.0, 0.0, -1.0, phi + PI)
                * Quaternion::rotation(1.0, 0.0, 0.0, -alpha);

            Camera {
                position: position,
                field_of_view: PI * 0.35,
                focal_distance: distance * 0.9,
                // A slight blur, not too much, but enough to demonstrate the effect.
                depth_of_field: 2.0,
                // A subtle amount of chromatic abberation.
                chromatic_abberation: 0.012,
                orientation: orientation
            }
        }

        Scene {
            objects: objects,
            get_camera_at_time: make_camera
        }
    }
}","fn execute_sleep_task() {
        // Sleep for a second. This task is used to limit the framerate.
        thread::sleep(time::Duration::from_secs(1));
    }

    fn execute_trace_task(scene: &Scene, trace_unit: &mut TraceUnit) {
        // Trace the rays for the current tile.
        trace_unit.trace(scene);
    }

    fn execute_plot_task(plot_unit: &mut PlotUnit, trace_units: &mut [TraceUnit]) {
        // Plot the traced rays to the plot unit.
        plot_unit.plot(trace_units);
    }

    fn execute_gather_task(gather_unit: &mut GatherUnit, plot_units: &mut [PlotUnit]) {
        // Gather the plotted data into the gather unit.
        gather_unit.gather(plot_units);
    }

    fn execute_tonemap_task(img_tx: &mut Sender<Image>,
                            tonemap_unit: &mut TonemapUnit,
                            gather_unit: &mut GatherUnit) {
        // Tonemap the gathered data and send the resulting image.
        let image = tonemap_unit.tonemap(gather_unit);
        img_tx"
deepseek,deepseek-ai/DeepSeek-V3.2:novita,rust,GPL-3.0,src::app.rs,365,0.8,0,0.12404580152671756,"    fn execute_sleep_task() {
        thread::sleep(time::Duration::from_millis(100));
    }

    fn execute_trace_task(scene: &Scene, trace_unit: &mut TraceUnit) {
        trace_unit.render(scene);
    }

    fn execute_plot_task(plot_unit: &mut PlotUnit,
                         units: &mut[Box<TraceUnit>]) {
        for unit in units {
            plot_unit.plot(&unit.mapped_photons);
        }
    }

    fn execute_gather_task(gather_unit: &mut GatherUnit,
                           units: &mut[Box<PlotUnit>]) {
        for unit in units {
            gather_unit.accumulate(&unit.tristimulus_buffer);
            unit.clear();
        }

        // Save the gather state, so that rendering can be continued later.
        gather_unit.save();
    }

    fn execute_tonemap_task(img_tx: &mut Sender<Image>,
                            tonemap_unit: &mut TonemapUnit,
                            gather_unit: &mut GatherUnit) {
        tonemap_unit.tonemap(&gather_unit.tristimulus_buffer);

        // Copy the rendered image.
        let img = tonemap_unit.rgb_buffer.clone();

        // And send it to the UI / main task.
        img_tx.send(img).unwrap();
    }

    fn set_up_scene() -> Scene {
        use object::MaterialBox::{Emissive, Reflective};

        let mut objects = Vec::new();

        // Sphere in the centre.
        let sun_radius: f32 = 5.0;
        let sun_position = Vector3::zero();
        let sun_sphere = Box::new(Sphere::new(sun_position, sun_radius));
        let sun_emissive = Box::new(BlackBodyMaterial::new(6504.0, 1.0));
        let sun = Object::new(sun_sphere, Emissive(sun_emissive));
        objects.push(sun);

        // Floor paraboloid.
        let floor_normal = Vector3::new(0.0, 0.0, -1.0);
        let floor_position = Vector3::new(0.0, 0.0, -sun_radius);
        let floor_paraboloid = Paraboloid::new(floor_normal, floor_position,
                                               sun_radius.powi(2));
        let grey = Box::new(DiffuseGreyMaterial::new(0.8));
        let floor = Object::new(Box::new(floor_paraboloid.clone()), Reflective(grey));
        objects.push(floor);

        // Floorwall paraboloid (left).
        let wall_left_normal = Vector3::new(0.0, 0.0, 1.0);
        let wall_left_position = Vector3::new(1.0, 0.0, -sun_radius.powi(2));
        let wall_left_paraboloid = Box::new(Paraboloid::new(wall_left_normal,
                                                            wall_left_position,
                                                            sun_radius.powi(2)));
        let green = Box::new(DiffuseColouredMaterial::new(0.9, 550.0, 40.0));
        let wall_left = Object::new(wall_left_paraboloid, Reflective(green));
        objects.push(wall_left);

        // Floorwall paraboloid (right).
        let wall_right_normal = Vector3::new(0.0, 0.0, 1.0);
        let wall_right_position = Vector3::new(-1.0, 0.0, -sun_radius.powi(2));
        let wall_right_paraboloid = Box::new(Paraboloid::new(wall_right_normal,
                                                             wall_right_position,
                                                             sun_radius.powi(2)));
        let red = Box::new(DiffuseColouredMaterial::new(0.9, 660.0, 60.0));
        let wall_right = Object::new(wall_right_paraboloid, Reflective(red));
        objects.push(wall_right);

        // Sky light 1.
        let sky_height: f32 = 30.0;
        let sky1_radius: f32 = 5.0;
        let sky1_position = Vector3::new(-sun_radius, 0.0, sky_height);
        let sky1_circle = Box::new(Circle::new(floor_normal, sky1_position, sky1_radius));
        let sky1_emissive = Box::new(BlackBodyMaterial::new(7600.0, 0.6));
        let sky1 = Object::new(sky1_circle, Emissive(sky1_emissive));
        objects.push(sky1);

        let sky2_radius: f32 = 15.0;
        let sky2_position = Vector3 {
            x: -sun_radius * 0.5, y: sun_radius * 2.0 + sky2_radius, z: sky_height
        };
        let sky2_circle = Box::new(Circle::new(floor_normal, sky2_position, sky2_radius));
        let sky2_emissive = Box::new(BlackBodyMaterial::new(5000.0, 0.6));
        let sky2 = Object::new(sky2_circle, Emissive(sky2_emissive));
        objects.push(sky2);

        // Ceiling plane (for more interesting light).
        let ceiling_position = Vector3::new(0.0, 0.0, sky_height * 2.0);
        let ceiling_plane = Box::new(Plane::new(floor_normal, ceiling_position));
        let blue = Box::new(DiffuseColouredMaterial::new(0.5, 470.0, 25.0));
        let ceiling = Object::new(ceiling_plane, Reflective(blue));
        objects.push(ceiling);

        // Spiral sunflower seeds.
        let gamma: f32 = PI * 2.0 * (1.0 - 1.0 / GOLDEN_RATIO as f32);
        let seed_size: f32 = 0.8;
        let seed_scale: f32 = 1.5;
        let first_seed = ((sun_radius / seed_scale + 1.0).powi(2) + 0.5) as isize;
        let seeds = 100;
        for i in first_seed .. first_seed + seeds {
            let phi = i as f32 * gamma;
            let r = (i as f32).sqrt() * seed_scale;
            let position = Vector3 {
                x: phi.cos() * r,
                y: phi.sin() * r,
                z: (r - sun_radius) * -0.5
            } + sun_position;
            let sphere = Box::new(Sphere::new(position, seed_size));
            let mat = Box::new(DiffuseColouredMaterial::new(0.9,
                              (i - first_seed) as f32 / seeds as f32
                              * 130.0 + 600.0, 60.0));
            let object = Object::new(sphere, Reflective(mat));
            objects.push(object);
        }

        // Seeds in between.
        for i in first_seed .. first_seed + seeds {
            let phi = (i as f32 + 0.5) * gamma;
            let r = (i as f32 + 0.5).sqrt() * seed_scale;
            let position = Vector3 {
                x: phi.cos() * r,
                y: phi.sin() * r,
                z: (r - sun_radius) * -0.25
            } + sun_position;
            let sphere = Box::new(Sphere::new(position, seed_size * 0.5));
            let mat = Box::new(GlossyMirrorMaterial::new(0.1));
            let object = Object::new(sphere, Reflective(mat));
            objects.push(object);
        }

        // Soap bubbles above.
        for i in first_seed / 2 .. first_seed + seeds {
            let phi = -i as f32 * gamma;
            let r = (i as f32).sqrt() * seed_scale * 1.5;
            let position = Vector3 {
                x: phi.cos() * r,
                y: phi.sin() * r,
                z: (r - sun_radius) * 1.5 + sun_radius * 2.0
            } + sun_position;
            let sphere = Box::new(Sphere::new(position, seed_size
                                             * (0.5 + (i as f32).sqrt() * 0.2)));
            let mat = Box::new(SoapBubbleMaterial);
            let object = Object::new(sphere, Reflective(mat));
            objects.push(object);
        }

        // Prisms along the walls.
        let prisms: isize = 11;
        let prism_angle: f32 = PI * 2.0 / prisms as f32;
        let prism_radius: f32 = 17.0;
        let prism_height: f32 = 8.0;
        for i in 0 .. prisms {
            for &(ofs, radius, phi_ofs, h) in vec!(
                    (0.0f32, 1.0f32, 0.0f32, 1.0f32),
                    (0.5 * prism_angle, 1.2, PI * 0.5, 1.5)
                ).iter() {
                let phi = i as f32 * prism_angle + ofs;
                // Get an initial position.
                let mut position = Vector3 {
                    x: phi.cos() * prism_radius * radius,
                    y: phi.sin() * prism_radius * radius,
                    z: 0.0
                };
                let mut normal = Vector3::new(0.0, 0.0, -1.0);

                // Intersect with the floor to get the normal.
                let ray = Ray {
                    origin: position,
                    direction: normal,
                    wavelength: 0.0,
                    probability: 1.0
                };

                if let Some(intersection) = floor_paraboloid.intersect(&ray) {
                    // The parabola focus is on the other side of the paraboloid.
                    normal = -intersection.normal;
                    position = intersection.position + normal * 2.0 * h;
                }

                let prism = Box::new(new_hexagonal_prism(normal, position, 3.0, 1.0,
                                                         phi + phi_ofs, prism_height * h));
                let glass = Box::new(Sf10GlassMaterial);
                let object = Object::new(prism, Reflective(glass));
                objects.push(object);
            }
        }

        fn make_camera(t: f32) -> Camera {
            // Orbit around (0, 0, 0) based on the time.
            let phi = PI * (1.0 + 0.01 * t);
            let alpha = PI * (0.3 - 0.01 * t);

            // Also zoom in a bit. (Or actually, it is a dolly roll.)
            let distance = 50.0 - 0.5 * t;

            let position = Vector3 {
                x: alpha.cos() * phi.sin() * distance,
                y: alpha.cos() * phi.cos() * distance,
                z: alpha.sin() * distance
            };

            // Compensate for the displacement of the camera by rotating
            // such that (0, 0, 0) remains fixed. The camera is aimed
            // downward with angle alpha.
            let orientation = Quaternion::rotation(0.0, 0.0, -1.0, phi + PI)
                * Quaternion::rotation(1.0, 0.0, 0.0, -alpha);

            Camera {
                position: position,
                field_of_view: PI * 0.35,
                focal_distance: distance * 0.9,
                // A slight blur, not too much, but enough to demonstrate the effect.
                depth_of_field: 2.0,
                // A subtle amount of chromatic abberation.
                chromatic_abberation: 0.012,
                orientation: orientation
            }
        }

        Scene {
            objects: objects,
            get_camera_at_time: make_camera
        }
    }
}","fn execute_sleep_task() {
        // Sleep for one second.
        thread::sleep(time::Duration::from_secs(1));
    }

    fn execute_trace_task(scene: &Scene, trace_unit: &mut TraceUnit) {
        trace_unit.trace(scene);
    }

    fn execute_plot_task(plot_unit: &mut PlotUnit, trace_units: &mut [TraceUnit]) {
        for trace_unit in trace_units.iter_mut() {
            plot_unit.plot(trace_unit);
        }
    }

    fn execute_gather_task(gather_unit: &mut GatherUnit, plot_units: &mut [PlotUnit]) {
        for plot_unit in plot_units.iter_mut() {
            gather_unit.gather(plot_unit);
        }
    }

    fn execute_tonemap_task(img_tx: &mut Sender<Image>, tonemap_unit: &mut TonemapUnit, gather_unit: &mut GatherUnit) {
        tonemap_unit.tonemap(gather_unit);
        let image_buffer = tonemap_unit.get_image();
        img_tx.send(image_buffer).ok();
    }

    fn set_up_scene() -> Scene {
        let mut"
deepseek,deepseek-ai/DeepSeek-V3.2:novita,rust,GPL-3.0,components::script::document_loader.rs,118,0.2,0,0.11891891891891893,"    #[ignore_heap_size_of = ""channels are hard""]
    pub resource_task: Arc<ResourceTask>,
    notifier_data: Option<NotifierData>,
    blocking_loads: Vec<LoadType>,
}

#[derive(JSTraceable, HeapSizeOf)]
pub struct NotifierData {
    #[ignore_heap_size_of = ""trait objects are hard""]
    pub script_chan: Sender<MainThreadScriptMsg>,
    pub pipeline: PipelineId,
}

impl DocumentLoader {
    pub fn new(existing: &DocumentLoader) -> DocumentLoader {
        DocumentLoader::new_with_task(existing.resource_task.clone(), None, None)
    }

    /// We use an `Arc<ResourceTask>` here in order to avoid file descriptor exhaustion when there
    /// are lots of iframes.
    pub fn new_with_task(resource_task: Arc<ResourceTask>,
                         data: Option<NotifierData>,
                         initial_load: Option<Url>)
                         -> DocumentLoader {
        let initial_loads = initial_load.into_iter().map(LoadType::PageSource).collect();

        DocumentLoader {
            resource_task: resource_task,
            notifier_data: data,
            blocking_loads: initial_loads,
        }
    }

    /// Create a new pending network request, which can be initiated at some point in
    /// the future.
    pub fn prepare_async_load(&mut self, load: LoadType) -> PendingAsyncLoad {
        let url = load.url().clone();
        self.blocking_loads.push(load);
        let pipeline = self.notifier_data.as_ref().map(|data| data.pipeline);
        PendingAsyncLoad::new((*self.resource_task).clone(), url, pipeline)
    }

    /// Create and initiate a new network request.
    pub fn load_async(&mut self, load: LoadType, listener: AsyncResponseTarget) {
        let pending = self.prepare_async_load(load);
        pending.load_async(listener)
    }

    /// Create, initiate, and await the response for a new network request.
    pub fn load_sync(&mut self, load: LoadType) -> Result<(Metadata, Vec<u8>), String> {
        self.blocking_loads.push(load.clone());
        let result = load_whole_resource(&self.resource_task, load.url().clone());
        self.finish_load(load);
        result
    }

    /// Mark an in-progress network request complete.
    pub fn finish_load(&mut self, load: LoadType) {
        let idx = self.blocking_loads.iter().position(|unfinished| *unfinished == load);
        self.blocking_loads.remove(idx.expect(&format!(""unknown completed load {:?}"", load)));

        if let Some(NotifierData { ref script_chan, pipeline }) = self.notifier_data {
            if !self.is_blocked() {
                script_chan.send(MainThreadScriptMsg::DocumentLoadsComplete(pipeline)).unwrap();
            }
        }
    }

    pub fn is_blocked(&self) -> bool {
        //TODO: Ensure that we report blocked if parsing is still ongoing.
        !self.blocking_loads.is_empty()
    }

    pub fn inhibit_events(&mut self) {
        self.notifier_data = None;
    }
}","resource_task: Arc<ResourceTask>,
    pending_async_loads: Vec<PendingAsyncLoad>,
    pipeline_id: PipelineId,
    script_chan: Sender<MainThreadScriptMsg>,
}

impl DocumentLoader {
    pub fn new(resource_task: Arc<ResourceTask>,
               pipeline_id: PipelineId,
               script_chan: Sender<MainThreadScriptMsg>) -> DocumentLoader {
        DocumentLoader {
            resource_task: resource_task,
            pending_async_loads: vec![],
            pipeline_id: pipeline_id,
            script_chan: script_chan,
        }
    }

    pub fn load(&mut self, load_type: LoadType) {
        let target = AsyncResponseTarget::Script(self.script_chan.clone(), self.pipeline_id);
        let pending = load_whole_resource(self.resource_task.clone(),
                                          load_type.url().clone(),
                                          target,
                                          load_type);
        self.pending_async_loads.push(pending);
    }

    pub fn notify_load_completed(&mut self, metadata: Metadata) {
        // Remove the completed load from pending list
        self.pending_async_loads.retain(|pending| {
            match pending.id() {
                Some(id) =>"
deepseek,deepseek-ai/DeepSeek-V3.2:novita,rust,GPL-3.0,components::script::document_loader.rs,118,0.4,0,0.08602150537634409,"    #[ignore_heap_size_of = ""channels are hard""]
    pub resource_task: Arc<ResourceTask>,
    notifier_data: Option<NotifierData>,
    blocking_loads: Vec<LoadType>,
}

#[derive(JSTraceable, HeapSizeOf)]
pub struct NotifierData {
    #[ignore_heap_size_of = ""trait objects are hard""]
    pub script_chan: Sender<MainThreadScriptMsg>,
    pub pipeline: PipelineId,
}

impl DocumentLoader {
    pub fn new(existing: &DocumentLoader) -> DocumentLoader {
        DocumentLoader::new_with_task(existing.resource_task.clone(), None, None)
    }

    /// We use an `Arc<ResourceTask>` here in order to avoid file descriptor exhaustion when there
    /// are lots of iframes.
    pub fn new_with_task(resource_task: Arc<ResourceTask>,
                         data: Option<NotifierData>,
                         initial_load: Option<Url>)
                         -> DocumentLoader {
        let initial_loads = initial_load.into_iter().map(LoadType::PageSource).collect();

        DocumentLoader {
            resource_task: resource_task,
            notifier_data: data,
            blocking_loads: initial_loads,
        }
    }

    /// Create a new pending network request, which can be initiated at some point in
    /// the future.
    pub fn prepare_async_load(&mut self, load: LoadType) -> PendingAsyncLoad {
        let url = load.url().clone();
        self.blocking_loads.push(load);
        let pipeline = self.notifier_data.as_ref().map(|data| data.pipeline);
        PendingAsyncLoad::new((*self.resource_task).clone(), url, pipeline)
    }

    /// Create and initiate a new network request.
    pub fn load_async(&mut self, load: LoadType, listener: AsyncResponseTarget) {
        let pending = self.prepare_async_load(load);
        pending.load_async(listener)
    }

    /// Create, initiate, and await the response for a new network request.
    pub fn load_sync(&mut self, load: LoadType) -> Result<(Metadata, Vec<u8>), String> {
        self.blocking_loads.push(load.clone());
        let result = load_whole_resource(&self.resource_task, load.url().clone());
        self.finish_load(load);
        result
    }

    /// Mark an in-progress network request complete.
    pub fn finish_load(&mut self, load: LoadType) {
        let idx = self.blocking_loads.iter().position(|unfinished| *unfinished == load);
        self.blocking_loads.remove(idx.expect(&format!(""unknown completed load {:?}"", load)));

        if let Some(NotifierData { ref script_chan, pipeline }) = self.notifier_data {
            if !self.is_blocked() {
                script_chan.send(MainThreadScriptMsg::DocumentLoadsComplete(pipeline)).unwrap();
            }
        }
    }

    pub fn is_blocked(&self) -> bool {
        //TODO: Ensure that we report blocked if parsing is still ongoing.
        !self.blocking_loads.is_empty()
    }

    pub fn inhibit_events(&mut self) {
        self.notifier_data = None;
    }
}","resource_task: Arc<ResourceTask>,
    pending_async_loads: Vec<PendingAsyncLoad>,
    pipeline_id: PipelineId,
    script_chan: Sender<MainThreadScriptMsg>,
}

impl DocumentLoader {
    pub fn new(pipeline_id: PipelineId,
               resource_task: Arc<ResourceTask>,
               script_chan: Sender<MainThreadScriptMsg>) -> DocumentLoader {
        DocumentLoader {
            resource_task: resource_task,
            pending_async_loads: vec![],
            pipeline_id: pipeline_id,
            script_chan: script_chan,
        }
    }

    pub fn load(&mut self, load_type: LoadType) {
        let url = load_type.url().clone();
        let target = match load_type {
            LoadType::Script(_) => AsyncResponseTarget::Script,
            LoadType::Image(_) => AsyncResponseTarget::Image,
            LoadType::Subframe(_) => AsyncResponseTarget::Subframe,
            LoadType::Stylesheet(_) => AsyncResponseTarget::Stylesheet,
            LoadType::PageSource(_) => AsyncResponseTarget::PageSource,
        };
        let resource_task = self.resource_task.clone();
        let pipeline_id = self.pipeline"
deepseek,deepseek-ai/DeepSeek-V3.2:novita,rust,GPL-3.0,components::script::document_loader.rs,118,0.8,0,0.08791208791208792,"    #[ignore_heap_size_of = ""channels are hard""]
    pub resource_task: Arc<ResourceTask>,
    notifier_data: Option<NotifierData>,
    blocking_loads: Vec<LoadType>,
}

#[derive(JSTraceable, HeapSizeOf)]
pub struct NotifierData {
    #[ignore_heap_size_of = ""trait objects are hard""]
    pub script_chan: Sender<MainThreadScriptMsg>,
    pub pipeline: PipelineId,
}

impl DocumentLoader {
    pub fn new(existing: &DocumentLoader) -> DocumentLoader {
        DocumentLoader::new_with_task(existing.resource_task.clone(), None, None)
    }

    /// We use an `Arc<ResourceTask>` here in order to avoid file descriptor exhaustion when there
    /// are lots of iframes.
    pub fn new_with_task(resource_task: Arc<ResourceTask>,
                         data: Option<NotifierData>,
                         initial_load: Option<Url>)
                         -> DocumentLoader {
        let initial_loads = initial_load.into_iter().map(LoadType::PageSource).collect();

        DocumentLoader {
            resource_task: resource_task,
            notifier_data: data,
            blocking_loads: initial_loads,
        }
    }

    /// Create a new pending network request, which can be initiated at some point in
    /// the future.
    pub fn prepare_async_load(&mut self, load: LoadType) -> PendingAsyncLoad {
        let url = load.url().clone();
        self.blocking_loads.push(load);
        let pipeline = self.notifier_data.as_ref().map(|data| data.pipeline);
        PendingAsyncLoad::new((*self.resource_task).clone(), url, pipeline)
    }

    /// Create and initiate a new network request.
    pub fn load_async(&mut self, load: LoadType, listener: AsyncResponseTarget) {
        let pending = self.prepare_async_load(load);
        pending.load_async(listener)
    }

    /// Create, initiate, and await the response for a new network request.
    pub fn load_sync(&mut self, load: LoadType) -> Result<(Metadata, Vec<u8>), String> {
        self.blocking_loads.push(load.clone());
        let result = load_whole_resource(&self.resource_task, load.url().clone());
        self.finish_load(load);
        result
    }

    /// Mark an in-progress network request complete.
    pub fn finish_load(&mut self, load: LoadType) {
        let idx = self.blocking_loads.iter().position(|unfinished| *unfinished == load);
        self.blocking_loads.remove(idx.expect(&format!(""unknown completed load {:?}"", load)));

        if let Some(NotifierData { ref script_chan, pipeline }) = self.notifier_data {
            if !self.is_blocked() {
                script_chan.send(MainThreadScriptMsg::DocumentLoadsComplete(pipeline)).unwrap();
            }
        }
    }

    pub fn is_blocked(&self) -> bool {
        //TODO: Ensure that we report blocked if parsing is still ongoing.
        !self.blocking_loads.is_empty()
    }

    pub fn inhibit_events(&mut self) {
        self.notifier_data = None;
    }
}","resource_task: Arc<ResourceTask>,
    pending_async_loads: Vec<PendingAsyncLoad>,
    script_chan: Sender<MainThreadScriptMsg>,
    pipeline_id: PipelineId,
}

impl DocumentLoader {
    pub fn new(resource_task: Arc<ResourceTask>,
               script_chan: Sender<MainThreadScriptMsg>,
               pipeline_id: PipelineId) -> DocumentLoader {
        DocumentLoader {
            resource_task: resource_task,
            pending_async_loads: Vec::new(),
            script_chan: script_chan,
            pipeline_id: pipeline_id,
        }
    }

    pub fn load_async(&mut self, load_type: LoadType, target: AsyncResponseTarget) {
        let url = load_type.url().clone();
        let resource_task = self.resource_task.clone();
        let script_chan = self.script_chan.clone();
        let pipeline_id = self.pipeline_id;

        let pending = load_whole_resource(resource_task,
                                          url,
                                          move |metadata: Metadata| {
            let _ = script_chan.send(MainThreadScriptMsg::AsyncLoadComplete(
                pipeline_id,
                load_type.clone(),
                target.clone(),
                metadata
            ));
        });"
deepseek,deepseek-ai/DeepSeek-V3.2:novita,rust,GPL-3.0,src::algo::bytevec.rs,87,0.2,0,0.06542056074766354,"
impl Debug for ByteVec {
    fn fmt(&self, f: &mut fmt::Formatter) -> fmt::Result {
        Debug::fmt(&self.bytes, f)
    }
}

impl From<ByteVec> for Vec<u8> {
    fn from(wrapper: ByteVec) -> Vec<u8> {
        wrapper.bytes
    }
}

impl From<Vec<u8>> for ByteVec {
    fn from(bytes: Vec<u8>) -> Self {
        ByteVec::from(bytes)
    }
}

impl AsRef<Vec<u8>> for ByteVec {
    fn as_ref(&self) -> &Vec<u8> {
        &self.bytes
    }
}

impl AsRef<[u8]> for ByteVec {
    fn as_ref(&self) -> &[u8] {
        &self.bytes
    }
}

impl AsMut<Vec<u8>> for ByteVec {
    fn as_mut(&mut self) -> &mut Vec<u8> {
        &mut self.bytes
    }
}

impl AsMut<[u8]> for ByteVec {
    fn as_mut(&mut self) -> &mut [u8] {
        &mut self.bytes
    }
}

impl ops::Deref for ByteVec {
    type Target = [u8];

    fn deref(&self) -> &[u8] {
        &self.bytes[..]
    }
}

impl ops::DerefMut for ByteVec {
    fn deref_mut(&mut self) -> &mut [u8] {
        &mut self.bytes[..]
    }
}","/// Returns a slice containing the entire vector.
    pub fn as_slice(&self) -> &[u8] {
        &self.bytes
    }

    /// Returns a mutable slice containing the entire vector.
    pub fn as_mut_slice(&mut self) -> &mut [u8] {
        &mut self.bytes
    }

    /// Returns a pointer to the vector's buffer.
    pub fn as_ptr(&self) -> *const u8 {
        self.bytes.as_ptr()
    }

    /// Returns a mutable pointer to the vector's buffer.
    pub fn as_mut_ptr(&mut self) -> *mut u8 {
        self.bytes.as_mut_ptr()
    }

    /// Returns the number of bytes in the vector.
    pub fn len(&self) -> usize {
        self.bytes.len()
    }

    /// Returns `true` if the vector contains no bytes.
    pub fn is_empty(&self) -> bool {
        self.bytes.is_empty()
    }

    /// Returns the capacity of the vector.
    pub fn capacity(&self) -> usize {
        self.bytes.capacity()
    }

    /// Reserves capacity for at least `additional` more bytes.
    pub fn reserve"
deepseek,deepseek-ai/DeepSeek-V3.2:novita,rust,GPL-3.0,src::algo::bytevec.rs,87,0.4,0,0.1588785046728972,"
impl Debug for ByteVec {
    fn fmt(&self, f: &mut fmt::Formatter) -> fmt::Result {
        Debug::fmt(&self.bytes, f)
    }
}

impl From<ByteVec> for Vec<u8> {
    fn from(wrapper: ByteVec) -> Vec<u8> {
        wrapper.bytes
    }
}

impl From<Vec<u8>> for ByteVec {
    fn from(bytes: Vec<u8>) -> Self {
        ByteVec::from(bytes)
    }
}

impl AsRef<Vec<u8>> for ByteVec {
    fn as_ref(&self) -> &Vec<u8> {
        &self.bytes
    }
}

impl AsRef<[u8]> for ByteVec {
    fn as_ref(&self) -> &[u8] {
        &self.bytes
    }
}

impl AsMut<Vec<u8>> for ByteVec {
    fn as_mut(&mut self) -> &mut Vec<u8> {
        &mut self.bytes
    }
}

impl AsMut<[u8]> for ByteVec {
    fn as_mut(&mut self) -> &mut [u8] {
        &mut self.bytes
    }
}

impl ops::Deref for ByteVec {
    type Target = [u8];

    fn deref(&self) -> &[u8] {
        &self.bytes[..]
    }
}

impl ops::DerefMut for ByteVec {
    fn deref_mut(&mut self) -> &mut [u8] {
        &mut self.bytes[..]
    }
}","/// Returns a reference to the underlying byte slice.
    pub fn as_slice(&self) -> &[u8] {
        &self.bytes
    }

    /// Returns a mutable reference to the underlying byte slice.
    pub fn as_mut_slice(&mut self) -> &mut [u8] {
        &mut self.bytes
    }

    /// Returns a reference to the underlying `Vec<u8>`.
    pub fn as_vec(&self) -> &Vec<u8> {
        &self.bytes
    }

    /// Returns a mutable reference to the underlying `Vec<u8>`.
    pub fn as_mut_vec(&mut self) -> &mut Vec<u8> {
        &mut self.bytes
    }

    /// Consumes the `ByteVec`, returning the underlying `Vec<u8>`.
    pub fn into_vec(self) -> Vec<u8> {
        self.bytes
    }

    /// Returns the number of bytes in the `ByteVec`.
    pub fn len(&self) -> usize {
        self.bytes.len()
    }

    /// Returns `true` if the `ByteVec` contains no bytes.
    pub fn is_empty(&self) ->"
deepseek,deepseek-ai/DeepSeek-V3.2:novita,rust,GPL-3.0,src::algo::bytevec.rs,87,0.8,0,0.08695652173913043,"
impl Debug for ByteVec {
    fn fmt(&self, f: &mut fmt::Formatter) -> fmt::Result {
        Debug::fmt(&self.bytes, f)
    }
}

impl From<ByteVec> for Vec<u8> {
    fn from(wrapper: ByteVec) -> Vec<u8> {
        wrapper.bytes
    }
}

impl From<Vec<u8>> for ByteVec {
    fn from(bytes: Vec<u8>) -> Self {
        ByteVec::from(bytes)
    }
}

impl AsRef<Vec<u8>> for ByteVec {
    fn as_ref(&self) -> &Vec<u8> {
        &self.bytes
    }
}

impl AsRef<[u8]> for ByteVec {
    fn as_ref(&self) -> &[u8] {
        &self.bytes
    }
}

impl AsMut<Vec<u8>> for ByteVec {
    fn as_mut(&mut self) -> &mut Vec<u8> {
        &mut self.bytes
    }
}

impl AsMut<[u8]> for ByteVec {
    fn as_mut(&mut self) -> &mut [u8] {
        &mut self.bytes
    }
}

impl ops::Deref for ByteVec {
    type Target = [u8];

    fn deref(&self) -> &[u8] {
        &self.bytes[..]
    }
}

impl ops::DerefMut for ByteVec {
    fn deref_mut(&mut self) -> &mut [u8] {
        &mut self.bytes[..]
    }
}","/// Return the underlying byte vector.
    pub fn into_vec(self) -> Vec<u8> {
        self.bytes
    }

    /// Return a slice of the underlying bytes.
    pub fn as_slice(&self) -> &[u8] {
        &self.bytes
    }

    /// Return a mutable slice of the underlying bytes.
    pub fn as_mut_slice(&mut self) -> &mut [u8] {
        &mut self.bytes
    }

    /// Returns the number of bytes in the vector.
    pub fn len(&self) -> usize {
        self.bytes.len()
    }

    /// Returns `true` if the vector contains no bytes.
    pub fn is_empty(&self) -> bool {
        self.bytes.is_empty()
    }

    /// Appends a byte to the back of the vector.
    pub fn push(&mut self, byte: u8) {
        self.bytes.push(byte);
    }

    /// Removes the last byte and returns it, or `None` if empty.
    pub fn pop(&mut self) -> Option<u8> {
        self.bytes.pop()
    }

    /// Clears the vector, removing all bytes.
    pub"
deepseek,deepseek-ai/DeepSeek-V3.2:novita,rust,GPL-3.0,src::_4_advanced_opengl::_9_3_normal_visualization.rs,136,0.2,0,0.3090909090909091,"
    window.make_current();
    window.set_framebuffer_size_polling(true);
    window.set_cursor_pos_polling(true);
    window.set_scroll_polling(true);

    // tell GLFW to capture our mouse
    window.set_cursor_mode(glfw::CursorMode::Disabled);

    // gl: load all OpenGL function pointers
    // ---------------------------------------
    gl::load_with(|symbol| window.get_proc_address(symbol) as *const _);

    let (shader, normalShader, nanoSuit) = unsafe {
        // configure global opengl state
        // -----------------------------
        gl::Enable(gl::DEPTH_TEST);

        // build and compile shaders
        // -------------------------
        let shader = Shader::new(
            ""src/_4_advanced_opengl/shaders/9.3.default.vs"",
            ""src/_4_advanced_opengl/shaders/9.3.default.fs"",
        );
        let normalShader = Shader::with_geometry_shader(
            ""src/_4_advanced_opengl/shaders/9.3.normal_visualization.vs"",
            ""src/_4_advanced_opengl/shaders/9.3.normal_visualization.fs"",
            ""src/_4_advanced_opengl/shaders/9.3.normal_visualization.gs""
        );

        // load models
        // -----------
        let nanoSuit = Model::new(""resources/objects/nanosuit/nanosuit.obj"");

        (shader, normalShader, nanoSuit)
    };

    // render loop
    // -----------
    while !window.should_close() {
        // per-frame time logic
        // --------------------
        let currentFrame = glfw.get_time() as f32;
        deltaTime = currentFrame - lastFrame;
        lastFrame = currentFrame;

        // events
        // -----
        process_events(&events, &mut firstMouse, &mut lastX, &mut lastY, &mut camera);

        // input
        // -----
        processInput(&mut window, deltaTime, &mut camera);

        // render
        // ------
        unsafe {
            gl::ClearColor(0.1, 0.1, 0.1, 1.0);
            gl::Clear(gl::COLOR_BUFFER_BIT | gl::DEPTH_BUFFER_BIT);

            // configure transformation matrices
            let projection: Matrix4<f32> = perspective(Deg(45.0), SCR_WIDTH as f32 / SCR_HEIGHT as f32, 0.1, 100.0);
            let view = camera.GetViewMatrix();
            let mut model = Matrix4::<f32>::from_translation(vec3(0.0, -1.75, 0.0)); // translate it down so it's at the center of the scene
            model = model * Matrix4::from_scale(0.2);  // it's a bit too big for our scene, so scale it down
            shader.useProgram();
            shader.setMat4(c_str!(""projection""), &projection);
            shader.setMat4(c_str!(""view""), &view);
            shader.setMat4(c_str!(""model""), &model);

            // draw model as usual
            nanoSuit.Draw(&shader);

            // then draw model with normal visualizing geometry shader
            normalShader.useProgram();
            normalShader.setMat4(c_str!(""projection""), &projection);
            normalShader.setMat4(c_str!(""view""), &view);
            normalShader.setMat4(c_str!(""model""), &model);

            nanoSuit.Draw(&normalShader);
        }

        // glfw: swap buffers and poll IO events (keys pressed/released, mouse moved etc.)
        // -------------------------------------------------------------------------------
        window.swap_buffers();
        glfw.poll_events();
    }
}","window.make_current();
    window.set_framebuffer_size_polling(true);
    window.set_cursor_pos_polling(true);
    window.set_scroll_polling(true);
    window.set_key_polling(true);

    // tell GLFW to capture our mouse
    window.set_cursor_mode(glfw::CursorMode::Disabled);

    // gl: load all OpenGL function pointers
    // ---------------------------------------
    gl::load_with(|symbol| window.get_proc_address(symbol) as *const _);

    // configure global opengl state
    // -----------------------------
    unsafe {
        gl::Enable(gl::DEPTH_TEST);
    }

    // build and compile shaders
    // -------------------------
    let shader = Shader::new(
        ""src/_4_advanced_opengl/_9_3_normal_visualization.vs"",
        ""src/_4_advanced_opengl/_9_3_normal_visualization.fs"",
        None,
    ).unwrap();
    let normalShader = Shader::new(
        ""src/_4_advanced_opengl/_9_3_normal_visualization.vs"",
        ""src/_4_advanced_opengl/_9_3_normal_visualization.g"
deepseek,deepseek-ai/DeepSeek-V3.2:novita,rust,GPL-3.0,src::_4_advanced_opengl::_9_3_normal_visualization.rs,136,0.4,0,0.2654320987654321,"
    window.make_current();
    window.set_framebuffer_size_polling(true);
    window.set_cursor_pos_polling(true);
    window.set_scroll_polling(true);

    // tell GLFW to capture our mouse
    window.set_cursor_mode(glfw::CursorMode::Disabled);

    // gl: load all OpenGL function pointers
    // ---------------------------------------
    gl::load_with(|symbol| window.get_proc_address(symbol) as *const _);

    let (shader, normalShader, nanoSuit) = unsafe {
        // configure global opengl state
        // -----------------------------
        gl::Enable(gl::DEPTH_TEST);

        // build and compile shaders
        // -------------------------
        let shader = Shader::new(
            ""src/_4_advanced_opengl/shaders/9.3.default.vs"",
            ""src/_4_advanced_opengl/shaders/9.3.default.fs"",
        );
        let normalShader = Shader::with_geometry_shader(
            ""src/_4_advanced_opengl/shaders/9.3.normal_visualization.vs"",
            ""src/_4_advanced_opengl/shaders/9.3.normal_visualization.fs"",
            ""src/_4_advanced_opengl/shaders/9.3.normal_visualization.gs""
        );

        // load models
        // -----------
        let nanoSuit = Model::new(""resources/objects/nanosuit/nanosuit.obj"");

        (shader, normalShader, nanoSuit)
    };

    // render loop
    // -----------
    while !window.should_close() {
        // per-frame time logic
        // --------------------
        let currentFrame = glfw.get_time() as f32;
        deltaTime = currentFrame - lastFrame;
        lastFrame = currentFrame;

        // events
        // -----
        process_events(&events, &mut firstMouse, &mut lastX, &mut lastY, &mut camera);

        // input
        // -----
        processInput(&mut window, deltaTime, &mut camera);

        // render
        // ------
        unsafe {
            gl::ClearColor(0.1, 0.1, 0.1, 1.0);
            gl::Clear(gl::COLOR_BUFFER_BIT | gl::DEPTH_BUFFER_BIT);

            // configure transformation matrices
            let projection: Matrix4<f32> = perspective(Deg(45.0), SCR_WIDTH as f32 / SCR_HEIGHT as f32, 0.1, 100.0);
            let view = camera.GetViewMatrix();
            let mut model = Matrix4::<f32>::from_translation(vec3(0.0, -1.75, 0.0)); // translate it down so it's at the center of the scene
            model = model * Matrix4::from_scale(0.2);  // it's a bit too big for our scene, so scale it down
            shader.useProgram();
            shader.setMat4(c_str!(""projection""), &projection);
            shader.setMat4(c_str!(""view""), &view);
            shader.setMat4(c_str!(""model""), &model);

            // draw model as usual
            nanoSuit.Draw(&shader);

            // then draw model with normal visualizing geometry shader
            normalShader.useProgram();
            normalShader.setMat4(c_str!(""projection""), &projection);
            normalShader.setMat4(c_str!(""view""), &view);
            normalShader.setMat4(c_str!(""model""), &model);

            nanoSuit.Draw(&normalShader);
        }

        // glfw: swap buffers and poll IO events (keys pressed/released, mouse moved etc.)
        // -------------------------------------------------------------------------------
        window.swap_buffers();
        glfw.poll_events();
    }
}","window.make_current();
    window.set_framebuffer_size_polling(true);
    window.set_cursor_pos_polling(true);
    window.set_scroll_polling(true);
    window.set_key_polling(true);

    // gl: load all OpenGL function pointers
    // ---------------------------------------
    gl::load_with(|symbol| window.get_proc_address(symbol) as *const _);

    // configure global opengl state
    // -----------------------------
    unsafe {
        gl::Enable(gl::DEPTH_TEST);
    }

    // build and compile shaders
    // -------------------------
    let shader = Shader::new(
        ""src/_4_advanced_opengl/_9_3_normal_visualization.vs"",
        ""src/_4_advanced_opengl/_9_3_normal_visualization.fs"",
    ).unwrap();

    let normalShader = Shader::new(
        ""src/_4_advanced_opengl/_9_3_normal_visualization.vs"",
        ""src/_4_advanced_opengl/_9_3_normal_visualization.gs"",
        ""src/_4_advanced_opengl/_9_3_normal_visualization.fs"",
    ).unwrap();

    //"
deepseek,deepseek-ai/DeepSeek-V3.2:novita,rust,GPL-3.0,src::_4_advanced_opengl::_9_3_normal_visualization.rs,136,0.8,0,0.2654320987654321,"
    window.make_current();
    window.set_framebuffer_size_polling(true);
    window.set_cursor_pos_polling(true);
    window.set_scroll_polling(true);

    // tell GLFW to capture our mouse
    window.set_cursor_mode(glfw::CursorMode::Disabled);

    // gl: load all OpenGL function pointers
    // ---------------------------------------
    gl::load_with(|symbol| window.get_proc_address(symbol) as *const _);

    let (shader, normalShader, nanoSuit) = unsafe {
        // configure global opengl state
        // -----------------------------
        gl::Enable(gl::DEPTH_TEST);

        // build and compile shaders
        // -------------------------
        let shader = Shader::new(
            ""src/_4_advanced_opengl/shaders/9.3.default.vs"",
            ""src/_4_advanced_opengl/shaders/9.3.default.fs"",
        );
        let normalShader = Shader::with_geometry_shader(
            ""src/_4_advanced_opengl/shaders/9.3.normal_visualization.vs"",
            ""src/_4_advanced_opengl/shaders/9.3.normal_visualization.fs"",
            ""src/_4_advanced_opengl/shaders/9.3.normal_visualization.gs""
        );

        // load models
        // -----------
        let nanoSuit = Model::new(""resources/objects/nanosuit/nanosuit.obj"");

        (shader, normalShader, nanoSuit)
    };

    // render loop
    // -----------
    while !window.should_close() {
        // per-frame time logic
        // --------------------
        let currentFrame = glfw.get_time() as f32;
        deltaTime = currentFrame - lastFrame;
        lastFrame = currentFrame;

        // events
        // -----
        process_events(&events, &mut firstMouse, &mut lastX, &mut lastY, &mut camera);

        // input
        // -----
        processInput(&mut window, deltaTime, &mut camera);

        // render
        // ------
        unsafe {
            gl::ClearColor(0.1, 0.1, 0.1, 1.0);
            gl::Clear(gl::COLOR_BUFFER_BIT | gl::DEPTH_BUFFER_BIT);

            // configure transformation matrices
            let projection: Matrix4<f32> = perspective(Deg(45.0), SCR_WIDTH as f32 / SCR_HEIGHT as f32, 0.1, 100.0);
            let view = camera.GetViewMatrix();
            let mut model = Matrix4::<f32>::from_translation(vec3(0.0, -1.75, 0.0)); // translate it down so it's at the center of the scene
            model = model * Matrix4::from_scale(0.2);  // it's a bit too big for our scene, so scale it down
            shader.useProgram();
            shader.setMat4(c_str!(""projection""), &projection);
            shader.setMat4(c_str!(""view""), &view);
            shader.setMat4(c_str!(""model""), &model);

            // draw model as usual
            nanoSuit.Draw(&shader);

            // then draw model with normal visualizing geometry shader
            normalShader.useProgram();
            normalShader.setMat4(c_str!(""projection""), &projection);
            normalShader.setMat4(c_str!(""view""), &view);
            normalShader.setMat4(c_str!(""model""), &model);

            nanoSuit.Draw(&normalShader);
        }

        // glfw: swap buffers and poll IO events (keys pressed/released, mouse moved etc.)
        // -------------------------------------------------------------------------------
        window.swap_buffers();
        glfw.poll_events();
    }
}","window.make_current();
    window.set_framebuffer_size_polling(true);
    window.set_cursor_pos_polling(true);
    window.set_scroll_polling(true);
    window.set_key_polling(true);

    // gl: load all OpenGL function pointers
    // ---------------------------------------
    gl::load_with(|symbol| window.get_proc_address(symbol) as *const _);

    // configure global opengl state
    // -----------------------------
    unsafe {
        gl::Enable(gl::DEPTH_TEST);
    }

    // build and compile shaders
    // -------------------------
    let shader = Shader::new(
        ""src/_4_advanced_opengl/_9_3_normal_visualization.vs"",
        ""src/_4_advanced_opengl/_9_3_normal_visualization.fs""
    ).unwrap();
    let normalShader = Shader::new(
        ""src/_4_advanced_opengl/_9_3_normal_visualization.vs"",
        ""src/_4_advanced_opengl/_9_3_normal_visualization.gs"",
        ""src/_4_advanced_opengl/_9_3_normal_visualization.fs""
    ).unwrap();

    //"
deepseek,deepseek-ai/DeepSeek-V3.2:novita,rust,GPL-3.0,components::script::dom::bindings::cell.rs,148,0.2,0,0.3586206896551724,"    pub unsafe fn borrow_for_script_deallocation<'a>(&'a self) -> &'a mut T {
        debug_assert!(task_state::get().contains(SCRIPT));
        &mut *self.value.as_unsafe_cell().get()
    }

    /// Is the cell mutably borrowed?
    ///
    /// For safety checks in debug builds only.
    pub fn is_mutably_borrowed(&self) -> bool {
        self.value.borrow_state() == BorrowState::Writing
    }

    /// Attempts to immutably borrow the wrapped value.
    ///
    /// The borrow lasts until the returned `Ref` exits scope. Multiple
    /// immutable borrows can be taken out at the same time.
    ///
    /// Returns `None` if the value is currently mutably borrowed.
    ///
    /// # Panics
    ///
    /// Panics if this is called off the script thread.
    pub fn try_borrow<'a>(&'a self) -> Option<Ref<'a, T>> {
        debug_assert!(task_state::get().is_script());
        match self.value.borrow_state() {
            BorrowState::Writing => None,
            _ => Some(self.value.borrow()),
        }
    }

    /// Mutably borrows the wrapped value.
    ///
    /// The borrow lasts until the returned `RefMut` exits scope. The value
    /// cannot be borrowed while this borrow is active.
    ///
    /// Returns `None` if the value is currently borrowed.
    ///
    /// # Panics
    ///
    /// Panics if this is called off the script thread.
    pub fn try_borrow_mut<'a>(&'a self) -> Option<RefMut<'a, T>> {
        debug_assert!(task_state::get().is_script());
        match self.value.borrow_state() {
            BorrowState::Unused => Some(self.value.borrow_mut()),
            _ => None,
        }
    }
}

impl<T: JSTraceable> JSTraceable for DOMRefCell<T> {
    fn trace(&self, trc: *mut JSTracer) {
        unsafe {
            (*self).borrow_for_gc_trace().trace(trc)
        }
    }
}

// Functionality duplicated with `core::cell::RefCell`
// ===================================================
impl<T> DOMRefCell<T> {
    /// Create a new `DOMRefCell` containing `value`.
    pub fn new(value: T) -> DOMRefCell<T> {
        DOMRefCell {
            value: RefCell::new(value),
        }
    }


    /// Immutably borrows the wrapped value.
    ///
    /// The borrow lasts until the returned `Ref` exits scope. Multiple
    /// immutable borrows can be taken out at the same time.
    ///
    /// # Panics
    ///
    /// Panics if this is called off the script thread.
    ///
    /// Panics if the value is currently mutably borrowed.
    pub fn borrow<'a>(&'a self) -> Ref<'a, T> {
        self.try_borrow().expect(""DOMRefCell<T> already mutably borrowed"")
    }

    /// Mutably borrows the wrapped value.
    ///
    /// The borrow lasts until the returned `RefMut` exits scope. The value
    /// cannot be borrowed while this borrow is active.
    ///
    /// # Panics
    ///
    /// Panics if this is called off the script thread.
    ///
    /// Panics if the value is currently borrowed.
    pub fn borrow_mut<'a>(&'a self) -> RefMut<'a, T> {
        self.try_borrow_mut().expect(""DOMRefCell<T> already borrowed"")
    }
}","pub unsafe fn borrow_for_script_deallocation<'a>(&'a self) -> &'a T {
        debug_assert!(task_state::get().contains(SCRIPT));
        &*self.value.as_unsafe_cell().get()
    }

    /// Borrow the contents for the purpose of script deallocation mutably.
    ///
    #[allow(unsafe_code)]
    pub unsafe fn borrow_mut_for_script_deallocation<'a>(&'a self) -> &'a mut T {
        debug_assert!(task_state::get().contains(SCRIPT));
        &mut *self.value.as_unsafe_cell().get()
    }
}

// Delegated `RefCell` functionality
// =================================

impl<T> DOMRefCell<T> {
    /// Create a new `DOMRefCell` containing `value`.
    #[inline]
    pub fn new(value: T) -> DOMRefCell<T> {
        DOMRefCell {
            value: RefCell::new(value),
        }
    }

    /// Consumes the `DOMRefCell`, returning the wrapped value.
    #[inline]
    pub fn into_inner(self) -> T {
        self.value.into_inner()
    }"
deepseek,deepseek-ai/DeepSeek-V3.2:novita,rust,GPL-3.0,components::script::dom::bindings::cell.rs,148,0.4,0,0.3150684931506849,"    pub unsafe fn borrow_for_script_deallocation<'a>(&'a self) -> &'a mut T {
        debug_assert!(task_state::get().contains(SCRIPT));
        &mut *self.value.as_unsafe_cell().get()
    }

    /// Is the cell mutably borrowed?
    ///
    /// For safety checks in debug builds only.
    pub fn is_mutably_borrowed(&self) -> bool {
        self.value.borrow_state() == BorrowState::Writing
    }

    /// Attempts to immutably borrow the wrapped value.
    ///
    /// The borrow lasts until the returned `Ref` exits scope. Multiple
    /// immutable borrows can be taken out at the same time.
    ///
    /// Returns `None` if the value is currently mutably borrowed.
    ///
    /// # Panics
    ///
    /// Panics if this is called off the script thread.
    pub fn try_borrow<'a>(&'a self) -> Option<Ref<'a, T>> {
        debug_assert!(task_state::get().is_script());
        match self.value.borrow_state() {
            BorrowState::Writing => None,
            _ => Some(self.value.borrow()),
        }
    }

    /// Mutably borrows the wrapped value.
    ///
    /// The borrow lasts until the returned `RefMut` exits scope. The value
    /// cannot be borrowed while this borrow is active.
    ///
    /// Returns `None` if the value is currently borrowed.
    ///
    /// # Panics
    ///
    /// Panics if this is called off the script thread.
    pub fn try_borrow_mut<'a>(&'a self) -> Option<RefMut<'a, T>> {
        debug_assert!(task_state::get().is_script());
        match self.value.borrow_state() {
            BorrowState::Unused => Some(self.value.borrow_mut()),
            _ => None,
        }
    }
}

impl<T: JSTraceable> JSTraceable for DOMRefCell<T> {
    fn trace(&self, trc: *mut JSTracer) {
        unsafe {
            (*self).borrow_for_gc_trace().trace(trc)
        }
    }
}

// Functionality duplicated with `core::cell::RefCell`
// ===================================================
impl<T> DOMRefCell<T> {
    /// Create a new `DOMRefCell` containing `value`.
    pub fn new(value: T) -> DOMRefCell<T> {
        DOMRefCell {
            value: RefCell::new(value),
        }
    }


    /// Immutably borrows the wrapped value.
    ///
    /// The borrow lasts until the returned `Ref` exits scope. Multiple
    /// immutable borrows can be taken out at the same time.
    ///
    /// # Panics
    ///
    /// Panics if this is called off the script thread.
    ///
    /// Panics if the value is currently mutably borrowed.
    pub fn borrow<'a>(&'a self) -> Ref<'a, T> {
        self.try_borrow().expect(""DOMRefCell<T> already mutably borrowed"")
    }

    /// Mutably borrows the wrapped value.
    ///
    /// The borrow lasts until the returned `RefMut` exits scope. The value
    /// cannot be borrowed while this borrow is active.
    ///
    /// # Panics
    ///
    /// Panics if this is called off the script thread.
    ///
    /// Panics if the value is currently borrowed.
    pub fn borrow_mut<'a>(&'a self) -> RefMut<'a, T> {
        self.try_borrow_mut().expect(""DOMRefCell<T> already borrowed"")
    }
}","pub unsafe fn borrow_for_script_deallocation<'a>(&'a self) -> &'a T {
        debug_assert!(task_state::get().contains(SCRIPT));
        &*self.value.as_unsafe_cell().get()
    }

    /// Borrow the contents for the purpose of script deallocation, mutably.
    ///
    #[allow(unsafe_code)]
    pub unsafe fn borrow_mut_for_script_deallocation<'a>(&'a self) -> &'a mut T {
        debug_assert!(task_state::get().contains(SCRIPT));
        &mut *self.value.as_unsafe_cell().get()
    }

    /// Borrow the contents for the purpose of script finalization.
    ///
    #[allow(unsafe_code)]
    pub unsafe fn borrow_for_script_finalization<'a>(&'a self) -> &'a T {
        debug_assert!(task_state::get().contains(SCRIPT));
        &*self.value.as_unsafe_cell().get()
    }

    /// Borrow the contents for the purpose of script finalization, mutably.
    ///
    #[allow(unsafe_code)]
    pub unsafe fn borrow_mut_for"
deepseek,deepseek-ai/DeepSeek-V3.2:novita,rust,GPL-3.0,components::script::dom::bindings::cell.rs,148,0.8,0,0.39072847682119205,"    pub unsafe fn borrow_for_script_deallocation<'a>(&'a self) -> &'a mut T {
        debug_assert!(task_state::get().contains(SCRIPT));
        &mut *self.value.as_unsafe_cell().get()
    }

    /// Is the cell mutably borrowed?
    ///
    /// For safety checks in debug builds only.
    pub fn is_mutably_borrowed(&self) -> bool {
        self.value.borrow_state() == BorrowState::Writing
    }

    /// Attempts to immutably borrow the wrapped value.
    ///
    /// The borrow lasts until the returned `Ref` exits scope. Multiple
    /// immutable borrows can be taken out at the same time.
    ///
    /// Returns `None` if the value is currently mutably borrowed.
    ///
    /// # Panics
    ///
    /// Panics if this is called off the script thread.
    pub fn try_borrow<'a>(&'a self) -> Option<Ref<'a, T>> {
        debug_assert!(task_state::get().is_script());
        match self.value.borrow_state() {
            BorrowState::Writing => None,
            _ => Some(self.value.borrow()),
        }
    }

    /// Mutably borrows the wrapped value.
    ///
    /// The borrow lasts until the returned `RefMut` exits scope. The value
    /// cannot be borrowed while this borrow is active.
    ///
    /// Returns `None` if the value is currently borrowed.
    ///
    /// # Panics
    ///
    /// Panics if this is called off the script thread.
    pub fn try_borrow_mut<'a>(&'a self) -> Option<RefMut<'a, T>> {
        debug_assert!(task_state::get().is_script());
        match self.value.borrow_state() {
            BorrowState::Unused => Some(self.value.borrow_mut()),
            _ => None,
        }
    }
}

impl<T: JSTraceable> JSTraceable for DOMRefCell<T> {
    fn trace(&self, trc: *mut JSTracer) {
        unsafe {
            (*self).borrow_for_gc_trace().trace(trc)
        }
    }
}

// Functionality duplicated with `core::cell::RefCell`
// ===================================================
impl<T> DOMRefCell<T> {
    /// Create a new `DOMRefCell` containing `value`.
    pub fn new(value: T) -> DOMRefCell<T> {
        DOMRefCell {
            value: RefCell::new(value),
        }
    }


    /// Immutably borrows the wrapped value.
    ///
    /// The borrow lasts until the returned `Ref` exits scope. Multiple
    /// immutable borrows can be taken out at the same time.
    ///
    /// # Panics
    ///
    /// Panics if this is called off the script thread.
    ///
    /// Panics if the value is currently mutably borrowed.
    pub fn borrow<'a>(&'a self) -> Ref<'a, T> {
        self.try_borrow().expect(""DOMRefCell<T> already mutably borrowed"")
    }

    /// Mutably borrows the wrapped value.
    ///
    /// The borrow lasts until the returned `RefMut` exits scope. The value
    /// cannot be borrowed while this borrow is active.
    ///
    /// # Panics
    ///
    /// Panics if this is called off the script thread.
    ///
    /// Panics if the value is currently borrowed.
    pub fn borrow_mut<'a>(&'a self) -> RefMut<'a, T> {
        self.try_borrow_mut().expect(""DOMRefCell<T> already borrowed"")
    }
}","pub unsafe fn borrow_for_script_deallocation<'a>(&'a self) -> &'a T {
        debug_assert!(task_state::get().contains(SCRIPT));
        &*self.value.as_unsafe_cell().get()
    }

    /// Create a new `DOMRefCell`.
    pub fn new(value: T) -> DOMRefCell<T> {
        DOMRefCell {
            value: RefCell::new(value)
        }
    }

    /// Borrow the contents mutably.
    pub fn borrow_mut<'a>(&'a self) -> RefMut<'a, T> {
        self.value.borrow_mut()
    }

    /// Borrow the contents.
    pub fn borrow<'a>(&'a self) -> Ref<'a, T> {
        self.value.borrow()
    }

    /// Try to borrow the contents.
    pub fn try_borrow<'a>(&'a self) -> Result<Ref<'a, T>, ()> {
        self.value.try_borrow().map_err(|_| ())
    }

    /// Try to borrow the contents mutably.
    pub fn try_borrow_mut<'a>(&'a self) -> Result<"
deepseek,deepseek-ai/DeepSeek-V3.2:novita,rust,GPL-3.0,rsold.rs,83,0.2,0,0.21052631578947367,"    let neighbour: i32 = from_str(*nums.get(1)).expect(""Error: neighbour id was not an int"");
    let cost: i32 = from_str(*nums.get(2)).expect(""Error: route cost was not an int"");
    let mut newnode = nodes.get(node).clone();
    newnode.neighbours.push(Route{dest: neighbour, cost: cost});
    let mut newnodes = Vec::with_capacity(*num_nodes);
    for i in range(0u, *num_nodes){
      newnodes.push(if i == node{ newnode.clone()} else {nodes.get(i).clone()});
    }
    nodes = newnodes;
  }
  nodes
}

fn get_longest_path(nodes: &Vec<Node>, nodeID: i32, visited: *bool) -> i32{
  let uintID = nodeID.to_uint().expect(""Error, something had a negative node id"");
  unsafe{  
    let newAddr: uint = (visited as uint) + (uintID as uint);
    let newAddrP: *mut bool = newAddr as *mut bool;
    *newAddrP = true;
  }
  let mut dist: i32;
  let mut max: i32 = 0;
  for neighbour in nodes.get(uintID).neighbours.iter(){
    let udest = neighbour.dest.to_uint().expect(""Almost done.."");
    let isVisited: bool;
    unsafe{
      let newAddr: uint = udest + (visited as uint);
      let newAddrP: *mut bool = newAddr as *mut bool;
      isVisited = *newAddrP
    }
    if !isVisited{
      dist = neighbour.cost + get_longest_path(nodes, neighbour.dest, visited);
      if dist > max{
	max = dist;
      }
    }    
  }
  unsafe{  
    let newAddr: uint = (visited as uint) + (uintID as uint);
    let newAddrP: *mut bool = newAddr as *mut bool;
    *newAddrP = false;
  }
  max
}

fn main(){
   let mut num_nodes = 0;
   let nodes = read_places(&mut num_nodes);
   let mut visited: Vec<bool> = Vec::from_fn(num_nodes, |_| false);
   let startTime = precise_time_ns();
   let path = get_longest_path(&nodes, 0, &visited[0] as *bool);
   let duration = (precise_time_ns() - startTime) / 1000000;
   println!(""{} LANGUAGE Rust {}"", path, duration);
}","let neighbour: i32 = from_str(*nums.get(1)).expect(""Error: neighbour id was not an int"");
    let cost: i32 = from_str(*nums.get(2)).expect(""Error: cost was not an int"");
    nodes.get_mut(node).neighbours.push(Route{dest: neighbour, cost: cost});
  }
  nodes
}

fn get_longest_path(nodes: &Vec<Node>, node_id: i32, visited: &mut Vec<bool>) -> i32 {
  visited[node_id as uint] = true;
  let mut max: i32 = 0;
  for neighbour in nodes[node_id as uint].neighbours.iter() {
    if !visited[neighbour.dest as uint] {
      let dist = neighbour.cost + get_longest_path(nodes, neighbour.dest, visited);
      if dist > max {
        max = dist;
      }
    }
  }
  visited[node_id as uint] = false;
  max
}

fn main() {
  let mut num_nodes: uint = 0;
  let nodes = read_places(&mut num_nodes);
  let mut visited: Vec<bool> = Vec::from_fn(num_nodes, |_|"
deepseek,deepseek-ai/DeepSeek-V3.2:novita,rust,GPL-3.0,rsold.rs,83,0.4,0,0.23036649214659685,"    let neighbour: i32 = from_str(*nums.get(1)).expect(""Error: neighbour id was not an int"");
    let cost: i32 = from_str(*nums.get(2)).expect(""Error: route cost was not an int"");
    let mut newnode = nodes.get(node).clone();
    newnode.neighbours.push(Route{dest: neighbour, cost: cost});
    let mut newnodes = Vec::with_capacity(*num_nodes);
    for i in range(0u, *num_nodes){
      newnodes.push(if i == node{ newnode.clone()} else {nodes.get(i).clone()});
    }
    nodes = newnodes;
  }
  nodes
}

fn get_longest_path(nodes: &Vec<Node>, nodeID: i32, visited: *bool) -> i32{
  let uintID = nodeID.to_uint().expect(""Error, something had a negative node id"");
  unsafe{  
    let newAddr: uint = (visited as uint) + (uintID as uint);
    let newAddrP: *mut bool = newAddr as *mut bool;
    *newAddrP = true;
  }
  let mut dist: i32;
  let mut max: i32 = 0;
  for neighbour in nodes.get(uintID).neighbours.iter(){
    let udest = neighbour.dest.to_uint().expect(""Almost done.."");
    let isVisited: bool;
    unsafe{
      let newAddr: uint = udest + (visited as uint);
      let newAddrP: *mut bool = newAddr as *mut bool;
      isVisited = *newAddrP
    }
    if !isVisited{
      dist = neighbour.cost + get_longest_path(nodes, neighbour.dest, visited);
      if dist > max{
	max = dist;
      }
    }    
  }
  unsafe{  
    let newAddr: uint = (visited as uint) + (uintID as uint);
    let newAddrP: *mut bool = newAddr as *mut bool;
    *newAddrP = false;
  }
  max
}

fn main(){
   let mut num_nodes = 0;
   let nodes = read_places(&mut num_nodes);
   let mut visited: Vec<bool> = Vec::from_fn(num_nodes, |_| false);
   let startTime = precise_time_ns();
   let path = get_longest_path(&nodes, 0, &visited[0] as *bool);
   let duration = (precise_time_ns() - startTime) / 1000000;
   println!(""{} LANGUAGE Rust {}"", path, duration);
}","let neighbour: i32 = from_str(*nums.get(1)).expect(""Error: neighbour id was not an i32"");
    let cost: i32 = from_str(*nums.get(2)).expect(""Error: cost was not an i32"");
    nodes.get_mut(node).neighbours.push(Route{dest: neighbour, cost: cost});
  }
  nodes
}

fn get_longest_path(nodes: &Vec<Node>, node_id: i32, visited: &mut Vec<bool>) -> i32 {
  visited[node_id as uint] = true;
  let mut max: i32 = 0;
  for neighbour in nodes[node_id as uint].neighbours.iter() {
    if !visited[neighbour.dest as uint] {
      let dist = neighbour.cost + get_longest_path(nodes, neighbour.dest, visited);
      if dist > max {
        max = dist;
      }
    }
  }
  visited[node_id as uint] = false;
  max
}

fn main() {
  let mut num_nodes: uint = 0;
  let nodes = read_places(&mut num_nodes);
  let start_time = precise_time_ns();
  let mut visited = Vec::"
deepseek,deepseek-ai/DeepSeek-V3.2:novita,rust,GPL-3.0,rsold.rs,83,0.8,0,0.193717277486911,"    let neighbour: i32 = from_str(*nums.get(1)).expect(""Error: neighbour id was not an int"");
    let cost: i32 = from_str(*nums.get(2)).expect(""Error: route cost was not an int"");
    let mut newnode = nodes.get(node).clone();
    newnode.neighbours.push(Route{dest: neighbour, cost: cost});
    let mut newnodes = Vec::with_capacity(*num_nodes);
    for i in range(0u, *num_nodes){
      newnodes.push(if i == node{ newnode.clone()} else {nodes.get(i).clone()});
    }
    nodes = newnodes;
  }
  nodes
}

fn get_longest_path(nodes: &Vec<Node>, nodeID: i32, visited: *bool) -> i32{
  let uintID = nodeID.to_uint().expect(""Error, something had a negative node id"");
  unsafe{  
    let newAddr: uint = (visited as uint) + (uintID as uint);
    let newAddrP: *mut bool = newAddr as *mut bool;
    *newAddrP = true;
  }
  let mut dist: i32;
  let mut max: i32 = 0;
  for neighbour in nodes.get(uintID).neighbours.iter(){
    let udest = neighbour.dest.to_uint().expect(""Almost done.."");
    let isVisited: bool;
    unsafe{
      let newAddr: uint = udest + (visited as uint);
      let newAddrP: *mut bool = newAddr as *mut bool;
      isVisited = *newAddrP
    }
    if !isVisited{
      dist = neighbour.cost + get_longest_path(nodes, neighbour.dest, visited);
      if dist > max{
	max = dist;
      }
    }    
  }
  unsafe{  
    let newAddr: uint = (visited as uint) + (uintID as uint);
    let newAddrP: *mut bool = newAddr as *mut bool;
    *newAddrP = false;
  }
  max
}

fn main(){
   let mut num_nodes = 0;
   let nodes = read_places(&mut num_nodes);
   let mut visited: Vec<bool> = Vec::from_fn(num_nodes, |_| false);
   let startTime = precise_time_ns();
   let path = get_longest_path(&nodes, 0, &visited[0] as *bool);
   let duration = (precise_time_ns() - startTime) / 1000000;
   println!(""{} LANGUAGE Rust {}"", path, duration);
}","let neighbour: uint = from_str(*nums.get(1)).expect(""Error: neighbour id was not a uint"");
    let cost: i32 = from_str(*nums.get(2)).expect(""Error: cost was not an i32"");
    nodes.get_mut(node).neighbours.push(Route{dest: neighbour as i32, cost: cost});
  }
  nodes
}

fn get_longest_path(nodes: &Vec<Node>, node_id: i32, visited: &mut Vec<bool>) -> i32 {
  visited[node_id as uint] = true;
  let mut max: i32 = 0;
  for neighbour in nodes[node_id as uint].neighbours.iter() {
    if !visited[neighbour.dest as uint] {
      let dist = neighbour.cost + get_longest_path(nodes, neighbour.dest, visited);
      if dist > max {
        max = dist;
      }
    }
  }
  visited[node_id as uint] = false;
  max
}

fn main() {
  let mut num_nodes: uint = 0;
  let nodes = read_places(&mut num_nodes);
  let mut visited: Vec<bool> = Vec::from_elem(num_nodes"
deepseek,deepseek-ai/DeepSeek-V3.2:novita,rust,GPL-3.0,lang::fall::syntax::src::lib.rs,95,0.2,0,0.0,"    R_SQUARE,
    L_ANGLE,
    R_ANGLE,
    L_PAREN,
    R_PAREN,
    NUMBER,
    SIMPLE_STRING,
    HASH_STRING,
    IDENT,
    FALL_FILE,
    SYN_RULE,
    PARAMETERS,
    PARAMETER,
    REF_EXPR,
    SEQ_EXPR,
    BLOCK_EXPR,
    OPT_EXPR,
    REP_EXPR,
    CALL_EXPR,
    TOKENIZER_DEF,
    LEX_RULE,
    TEST_DEF,
    ATTRIBUTES,
    ATTRIBUTE,
    ATTRIBUTE_VALUE,
    STRING,
    VERBATIM_DEF,
    AST_DEF,
    AST_NODE_DEF,
    AST_CLASS_DEF,
    METHOD_DEF,
    AST_SELECTOR,
    TRAIT,
    AST_TRAIT_DEF,
};

pub use self::fall::{
    FallFile,
    TokenizerDef,
    LexRule,
    SynRule,
    Parameters,
    Parameter,
    Attributes,
    Attribute,
    AttributeValue,
    VerbatimDef,
    AstDef,
    AstNodeDef,
    AstClassDef,
    AstTraitDef,
    MethodDef,
    AstSelector,
    TestDef,
    Expr,
    RefExpr,
    CallExpr,
    BlockExpr,
    OptExpr,
    RepExpr,
    SeqExpr,
};","L_PAREN,
    R_PAREN,
    L_ANGLE,
    R_ANGLE,
    IDENT,
    STRING,
    NUMBER,
};

pub use self::ast_ext::AstExt;

pub fn language() -> fall_parse::Language {
    lang_fall()
}"
deepseek,deepseek-ai/DeepSeek-V3.2:novita,rust,GPL-3.0,lang::fall::syntax::src::lib.rs,95,0.4,0,0.19230769230769232,"    R_SQUARE,
    L_ANGLE,
    R_ANGLE,
    L_PAREN,
    R_PAREN,
    NUMBER,
    SIMPLE_STRING,
    HASH_STRING,
    IDENT,
    FALL_FILE,
    SYN_RULE,
    PARAMETERS,
    PARAMETER,
    REF_EXPR,
    SEQ_EXPR,
    BLOCK_EXPR,
    OPT_EXPR,
    REP_EXPR,
    CALL_EXPR,
    TOKENIZER_DEF,
    LEX_RULE,
    TEST_DEF,
    ATTRIBUTES,
    ATTRIBUTE,
    ATTRIBUTE_VALUE,
    STRING,
    VERBATIM_DEF,
    AST_DEF,
    AST_NODE_DEF,
    AST_CLASS_DEF,
    METHOD_DEF,
    AST_SELECTOR,
    TRAIT,
    AST_TRAIT_DEF,
};

pub use self::fall::{
    FallFile,
    TokenizerDef,
    LexRule,
    SynRule,
    Parameters,
    Parameter,
    Attributes,
    Attribute,
    AttributeValue,
    VerbatimDef,
    AstDef,
    AstNodeDef,
    AstClassDef,
    AstTraitDef,
    MethodDef,
    AstSelector,
    TestDef,
    Expr,
    RefExpr,
    CallExpr,
    BlockExpr,
    OptExpr,
    RepExpr,
    SeqExpr,
};","R_SQUARE,
    L_PAREN,
    R_PAREN,
    ID,
    STRING,
    INT,
    TOKEN,
    NODE_NAME,
    TOKEN_NAME,
    STRING_LIT,
    INT_LIT,
    TOKEN_LIT,
    RULE_NAME,
};

pub use self::ast_ext::AstExt;"
deepseek,deepseek-ai/DeepSeek-V3.2:novita,rust,GPL-3.0,lang::fall::syntax::src::lib.rs,95,0.8,0,0.2857142857142857,"    R_SQUARE,
    L_ANGLE,
    R_ANGLE,
    L_PAREN,
    R_PAREN,
    NUMBER,
    SIMPLE_STRING,
    HASH_STRING,
    IDENT,
    FALL_FILE,
    SYN_RULE,
    PARAMETERS,
    PARAMETER,
    REF_EXPR,
    SEQ_EXPR,
    BLOCK_EXPR,
    OPT_EXPR,
    REP_EXPR,
    CALL_EXPR,
    TOKENIZER_DEF,
    LEX_RULE,
    TEST_DEF,
    ATTRIBUTES,
    ATTRIBUTE,
    ATTRIBUTE_VALUE,
    STRING,
    VERBATIM_DEF,
    AST_DEF,
    AST_NODE_DEF,
    AST_CLASS_DEF,
    METHOD_DEF,
    AST_SELECTOR,
    TRAIT,
    AST_TRAIT_DEF,
};

pub use self::fall::{
    FallFile,
    TokenizerDef,
    LexRule,
    SynRule,
    Parameters,
    Parameter,
    Attributes,
    Attribute,
    AttributeValue,
    VerbatimDef,
    AstDef,
    AstNodeDef,
    AstClassDef,
    AstTraitDef,
    MethodDef,
    AstSelector,
    TestDef,
    Expr,
    RefExpr,
    CallExpr,
    BlockExpr,
    OptExpr,
    RepExpr,
    SeqExpr,
};","R_SQUARE,
    L_PAREN,
    R_PAREN,
    IDENT,
    TEXT,
    STRING,
    INT,
    META,
};

pub use self::ast_ext::{AstNode, AstToken, SyntaxKindExt, SyntaxToken, SyntaxNode, SyntaxElement};

use fall_parse::{ParseError, TextRange, TextUnit};
use fall_tree::*;

pub fn parse(text: &str) -> Result<File, ParseError> {
    self::fall::parse(text)
}"
deepseek,deepseek-ai/DeepSeek-V3.2:novita,rust,GPL-3.0,src::test::codegen::loads.rs,53,0.2,0,0.0,"
// CHECK-LABEL: @borrow
#[no_mangle]
pub fn borrow(x: &i32) -> &i32 {
// CHECK: load i32** %x{{.*}}, !nonnull
    x
}

// CHECK-LABEL: @_box
#[no_mangle]
pub fn _box(x: Box<i32>) -> i32 {
// CHECK: load i32** %x{{.*}}, !nonnull
    *x
}

// CHECK-LABEL: small_array_alignment
// The array is loaded as i32, but its alignment is lower, go with 1 byte to avoid target
// dependent alignment
#[no_mangle]
pub fn small_array_alignment(x: [i8; 4]) -> [i8; 4] {
// CHECK: [[VAR:%[0-9]+]] = load i32* %{{.*}}, align 1
// CHECK: ret i32 [[VAR]]
    x
}

// CHECK-LABEL: small_struct_alignment
// The struct is loaded as i32, but its alignment is lower, go with 1 byte to avoid target
// dependent alignment
#[no_mangle]
pub fn small_struct_alignment(x: Bytes) -> Bytes {
// CHECK: [[VAR:%[0-9]+]] = load i32* %{{.*}}, align 1
// CHECK: ret i32 [[VAR]]
    x
}","pub fn load_bytes(bytes: &Bytes) -> u32 {
    // Load as a single u32
    unsafe { std::ptr::read_unaligned(bytes as *const Bytes as *const u32) }
}

pub fn load_bytes_bytewise(bytes: &Bytes) -> u32 {
    // Load byte by byte to ensure we generate byte loads
    let mut result = 0u32;
    result |= (bytes.a as u32) << 0;
    result |= (bytes.b as u32) << 8;
    result |= (bytes.c as u32) << 16;
    result |= (bytes.d as u32) << 24;
    result
}

pub fn load_bytes_copy(bytes: &Bytes) -> u32 {
    // Copy to aligned location and load
    let mut aligned = 0u32;
    unsafe {
        std::ptr::copy_nonoverlapping(
            bytes as *const Bytes as *const u8,
            &mut aligned as *mut u32 as *mut u8,
            std::mem::size_of::<u32>(),
        );
    }
    aligned
}

#[cfg(test)]
mod tests {
    use super::*;

    #[test]"
deepseek,deepseek-ai/DeepSeek-V3.2:novita,rust,GPL-3.0,src::test::codegen::loads.rs,53,0.4,0,0.0,"
// CHECK-LABEL: @borrow
#[no_mangle]
pub fn borrow(x: &i32) -> &i32 {
// CHECK: load i32** %x{{.*}}, !nonnull
    x
}

// CHECK-LABEL: @_box
#[no_mangle]
pub fn _box(x: Box<i32>) -> i32 {
// CHECK: load i32** %x{{.*}}, !nonnull
    *x
}

// CHECK-LABEL: small_array_alignment
// The array is loaded as i32, but its alignment is lower, go with 1 byte to avoid target
// dependent alignment
#[no_mangle]
pub fn small_array_alignment(x: [i8; 4]) -> [i8; 4] {
// CHECK: [[VAR:%[0-9]+]] = load i32* %{{.*}}, align 1
// CHECK: ret i32 [[VAR]]
    x
}

// CHECK-LABEL: small_struct_alignment
// The struct is loaded as i32, but its alignment is lower, go with 1 byte to avoid target
// dependent alignment
#[no_mangle]
pub fn small_struct_alignment(x: Bytes) -> Bytes {
// CHECK: [[VAR:%[0-9]+]] = load i32* %{{.*}}, align 1
// CHECK: ret i32 [[VAR]]
    x
}","pub fn load_bytes(bytes: &Bytes) -> (u8, u8, u8, u8) {
    (bytes.a, bytes.b, bytes.c, bytes.d)
}"
deepseek,deepseek-ai/DeepSeek-V3.2:novita,rust,GPL-3.0,src::test::codegen::loads.rs,53,0.8,0,0.0,"
// CHECK-LABEL: @borrow
#[no_mangle]
pub fn borrow(x: &i32) -> &i32 {
// CHECK: load i32** %x{{.*}}, !nonnull
    x
}

// CHECK-LABEL: @_box
#[no_mangle]
pub fn _box(x: Box<i32>) -> i32 {
// CHECK: load i32** %x{{.*}}, !nonnull
    *x
}

// CHECK-LABEL: small_array_alignment
// The array is loaded as i32, but its alignment is lower, go with 1 byte to avoid target
// dependent alignment
#[no_mangle]
pub fn small_array_alignment(x: [i8; 4]) -> [i8; 4] {
// CHECK: [[VAR:%[0-9]+]] = load i32* %{{.*}}, align 1
// CHECK: ret i32 [[VAR]]
    x
}

// CHECK-LABEL: small_struct_alignment
// The struct is loaded as i32, but its alignment is lower, go with 1 byte to avoid target
// dependent alignment
#[no_mangle]
pub fn small_struct_alignment(x: Bytes) -> Bytes {
// CHECK: [[VAR:%[0-9]+]] = load i32* %{{.*}}, align 1
// CHECK: ret i32 [[VAR]]
    x
}","pub fn load_bytes(bytes: &Bytes) -> u32 {
    // LLVM will optimize this pattern to a single load
    ((bytes.a as u32) << 24) |
    ((bytes.b as u32) << 16) |
    ((bytes.c as u32) <<  8) |
    (bytes.d as u32)
}"
deepseek,deepseek-ai/DeepSeek-V3.2:novita,rust,GPL-3.0,src::test::debuginfo::destructured-fn-argument.rs,453,0.2,0,0.0,"// gdb-command:print tt
// gdb-check:$49 = 62
// gdb-command:continue


// === LLDB TESTS ==================================================================================

// lldb-command:run

// lldb-command:print a
// lldb-check:[...]$0 = 1
// lldb-command:print b
// lldb-check:[...]$1 = false
// lldb-command:continue

// lldb-command:print a
// lldb-check:[...]$2 = 2
// lldb-command:print b
// lldb-check:[...]$3 = 3
// lldb-command:print c
// lldb-check:[...]$4 = 4
// lldb-command:continue

// lldb-command:print a
// lldb-check:[...]$5 = 5
// lldb-command:print b
// lldb-check:[...]$6 = (6, 7)
// lldb-command:continue

// lldb-command:print h
// lldb-check:[...]$7 = 8
// lldb-command:print i
// lldb-check:[...]$8 = Struct { a: 9, b: 10 }
// lldb-command:print j
// lldb-check:[...]$9 = 11
// lldb-command:continue

// lldb-command:print k
// lldb-check:[...]$10 = 12
// lldb-command:print l
// lldb-check:[...]$11 = 13
// lldb-command:continue

// lldb-command:print m
// lldb-check:[...]$12 = 14
// lldb-command:print n
// lldb-check:[...]$13 = 16
// lldb-command:continue

// lldb-command:print o
// lldb-check:[...]$14 = 18
// lldb-command:continue

// lldb-command:print p
// lldb-check:[...]$15 = 19
// lldb-command:print q
// lldb-check:[...]$16 = 20
// lldb-command:print r
// lldb-check:[...]$17 = Struct { a: 21, b: 22 }
// lldb-command:continue

// lldb-command:print s
// lldb-check:[...]$18 = 24
// lldb-command:print t
// lldb-check:[...]$19 = 23
// lldb-command:continue

// lldb-command:print u
// lldb-check:[...]$20 = 25
// lldb-command:print v
// lldb-check:[...]$21 = 26
// lldb-command:print w
// lldb-check:[...]$22 = 27
// lldb-command:print x
// lldb-check:[...]$23 = 28
// lldb-command:print y
// lldb-check:[...]$24 = 29
// lldb-command:print z
// lldb-check:[...]$25 = 30
// lldb-command:print ae
// lldb-check:[...]$26 = 31
// lldb-command:print oe
// lldb-check:[...]$27 = 32
// lldb-command:print ue
// lldb-check:[...]$28 = 33
// lldb-command:continue

// lldb-command:print aa
// lldb-check:[...]$29 = (34, 35)
// lldb-command:continue

// lldb-command:print bb
// lldb-check:[...]$30 = (36, 37)
// lldb-command:continue

// lldb-command:print cc
// lldb-check:[...]$31 = 38
// lldb-command:continue

// lldb-command:print dd
// lldb-check:[...]$32 = (40, 41, 42)
// lldb-command:continue

// lldb-command:print *ee
// lldb-check:[...]$33 = (43, 44, 45)
// lldb-command:continue

// lldb-command:print *ff
// lldb-check:[...]$34 = 46
// lldb-command:print gg
// lldb-check:[...]$35 = (47, 48)
// lldb-command:continue

// lldb-command:print *hh
// lldb-check:[...]$36 = 50
// lldb-command:continue

// lldb-command:print ii
// lldb-check:[...]$37 = 51
// lldb-command:continue

// lldb-command:print *jj
// lldb-check:[...]$38 = 52
// lldb-command:continue

// lldb-command:print kk
// lldb-check:[...]$39 = 53
// lldb-command:print ll
// lldb-check:[...]$40 = 54
// lldb-command:continue

// lldb-command:print mm
// lldb-check:[...]$41 = 55
// lldb-command:print *nn
// lldb-check:[...]$42 = 56
// lldb-command:continue

// lldb-command:print oo
// lldb-check:[...]$43 = 57
// lldb-command:print pp
// lldb-check:[...]$44 = 58
// lldb-command:print qq
// lldb-check:[...]$45 = 59
// lldb-command:continue

// lldb-command:print rr
// lldb-check:[...]$46 = 60
// lldb-command:print ss
// lldb-check:[...]$47 = 61
// lldb-command:print tt
// lldb-check:[...]$48 = 62
// lldb-command:continue

#![allow(unused_variables)]
#![feature(box_patterns)]
#![feature(box_syntax)]
#![omit_gdb_pretty_printer_section]

use self::Univariant::Unit;

struct Struct {
    a: i64,
    b: i32
}

enum Univariant {
    Unit(i32)
}

struct TupleStruct (f64, isize);


fn simple_tuple((a, b): (isize, bool)) {
    zzz(); // #break
}

fn nested_tuple((a, (b, c)): (isize, (u16, u16))) {
    zzz(); // #break
}

fn destructure_only_first_level((a, b): (isize, (u32, u32))) {
    zzz(); // #break
}

fn struct_as_tuple_element((h, i, j): (i16, Struct, i16)) {
    zzz(); // #break
}

fn struct_pattern(Struct { a: k, b: l }: Struct) {
    zzz(); // #break
}

fn ignored_tuple_element((m, _, n): (isize, u16, i32)) {
    zzz(); // #break
}

fn ignored_struct_field(Struct { b: o, .. }: Struct) {
    zzz(); // #break
}

fn one_struct_destructured_one_not((Struct { a: p, b: q }, r): (Struct, Struct)) {
    zzz(); // #break
}

fn different_order_of_struct_fields(Struct { b: s, a: t }: Struct ) {
    zzz(); // #break
}

fn complex_nesting(((u,   v  ), ((w,   (x,   Struct { a: y, b: z})), Struct { a: ae, b: oe }), ue ):
                   ((i16, i32), ((i64, (i32, Struct,             )), Struct                 ), u16))
{
    zzz(); // #break
}

fn managed_box(&aa: &(isize, isize)) {
    zzz(); // #break
}

fn borrowed_pointer(&bb: &(isize, isize)) {
    zzz(); // #break
}

fn contained_borrowed_pointer((&cc, _): (&isize, isize)) {
    zzz(); // #break
}

fn unique_pointer(box dd: Box<(isize, isize, isize)>) {
    zzz(); // #break
}

fn ref_binding(ref ee: (isize, isize, isize)) {
    zzz(); // #break
}

fn ref_binding_in_tuple((ref ff, gg): (isize, (isize, isize))) {
    zzz(); // #break
}

fn ref_binding_in_struct(Struct { b: ref hh, .. }: Struct) {
    zzz(); // #break
}

fn univariant_enum(Unit(ii): Univariant) {
    zzz(); // #break
}

fn univariant_enum_with_ref_binding(Unit(ref jj): Univariant) {
    zzz(); // #break
}

fn tuple_struct(TupleStruct(kk, ll): TupleStruct) {
    zzz(); // #break
}

fn tuple_struct_with_ref_binding(TupleStruct(mm, ref nn): TupleStruct) {
    zzz(); // #break
}

fn multiple_arguments((oo, pp): (isize, isize), qq : isize) {
    zzz(); // #break
}

fn main() {
    simple_tuple((1, false));
    nested_tuple((2, (3, 4)));
    destructure_only_first_level((5, (6, 7)));
    struct_as_tuple_element((8, Struct { a: 9, b: 10 }, 11));
    struct_pattern(Struct { a: 12, b: 13 });
    ignored_tuple_element((14, 15, 16));
    ignored_struct_field(Struct { a: 17, b: 18 });
    one_struct_destructured_one_not((Struct { a: 19, b: 20 }, Struct { a: 21, b: 22 }));
    different_order_of_struct_fields(Struct { a: 23, b: 24 });
    complex_nesting(((25, 26), ((27, (28, Struct { a: 29, b: 30})), Struct { a: 31, b: 32 }), 33));
    managed_box(&(34, 35));
    borrowed_pointer(&(36, 37));
    contained_borrowed_pointer((&38, 39));
    unique_pointer(box() (40, 41, 42));
    ref_binding((43, 44, 45));
    ref_binding_in_tuple((46, (47, 48)));
    ref_binding_in_struct(Struct { a: 49, b: 50 });
    univariant_enum(Unit(51));
    univariant_enum_with_ref_binding(Unit(52));
    tuple_struct(TupleStruct(53.0, 54));
    tuple_struct_with_ref_binding(TupleStruct(55.0, 56));
    multiple_arguments((57, 58), 59);

    fn nested_function(rr: isize, (ss, tt): (isize, isize)) {
        zzz(); // #break
    }

    nested_function(60, (61, 62));
}

fn zzz() { () }","// gdb-command:continue


// === LLDB TESTS ==================================================================================

// lldb-command:run

// lldb-command:print a
// lldb-check:[...]$0 = 1
// lldb-command:print b
// lldb-check:[...]$1 = false
// lldb-command:continue

// lldb-command:print a
// lldb-check:[...]$2 = 2
// lldb-command:print b
// lldb-check:[...]$3 = 3
// lldb-command:print c
// lldb-check:[...]$4 = 4
// lldb-command:continue

// lldb-command:print a
// lldb-check:[...]$5 = 5
// lldb-command:print b
// lldb-check:[...]$6 = (6, 7)
// lldb-command:continue

// lldb-command:print h
// lldb-check:[...]$7 = 8
// lldb-command:print i
// lldb-check:["
deepseek,deepseek-ai/DeepSeek-V3.2:novita,rust,GPL-3.0,src::test::debuginfo::destructured-fn-argument.rs,453,0.4,0,0.0,"// gdb-command:print tt
// gdb-check:$49 = 62
// gdb-command:continue


// === LLDB TESTS ==================================================================================

// lldb-command:run

// lldb-command:print a
// lldb-check:[...]$0 = 1
// lldb-command:print b
// lldb-check:[...]$1 = false
// lldb-command:continue

// lldb-command:print a
// lldb-check:[...]$2 = 2
// lldb-command:print b
// lldb-check:[...]$3 = 3
// lldb-command:print c
// lldb-check:[...]$4 = 4
// lldb-command:continue

// lldb-command:print a
// lldb-check:[...]$5 = 5
// lldb-command:print b
// lldb-check:[...]$6 = (6, 7)
// lldb-command:continue

// lldb-command:print h
// lldb-check:[...]$7 = 8
// lldb-command:print i
// lldb-check:[...]$8 = Struct { a: 9, b: 10 }
// lldb-command:print j
// lldb-check:[...]$9 = 11
// lldb-command:continue

// lldb-command:print k
// lldb-check:[...]$10 = 12
// lldb-command:print l
// lldb-check:[...]$11 = 13
// lldb-command:continue

// lldb-command:print m
// lldb-check:[...]$12 = 14
// lldb-command:print n
// lldb-check:[...]$13 = 16
// lldb-command:continue

// lldb-command:print o
// lldb-check:[...]$14 = 18
// lldb-command:continue

// lldb-command:print p
// lldb-check:[...]$15 = 19
// lldb-command:print q
// lldb-check:[...]$16 = 20
// lldb-command:print r
// lldb-check:[...]$17 = Struct { a: 21, b: 22 }
// lldb-command:continue

// lldb-command:print s
// lldb-check:[...]$18 = 24
// lldb-command:print t
// lldb-check:[...]$19 = 23
// lldb-command:continue

// lldb-command:print u
// lldb-check:[...]$20 = 25
// lldb-command:print v
// lldb-check:[...]$21 = 26
// lldb-command:print w
// lldb-check:[...]$22 = 27
// lldb-command:print x
// lldb-check:[...]$23 = 28
// lldb-command:print y
// lldb-check:[...]$24 = 29
// lldb-command:print z
// lldb-check:[...]$25 = 30
// lldb-command:print ae
// lldb-check:[...]$26 = 31
// lldb-command:print oe
// lldb-check:[...]$27 = 32
// lldb-command:print ue
// lldb-check:[...]$28 = 33
// lldb-command:continue

// lldb-command:print aa
// lldb-check:[...]$29 = (34, 35)
// lldb-command:continue

// lldb-command:print bb
// lldb-check:[...]$30 = (36, 37)
// lldb-command:continue

// lldb-command:print cc
// lldb-check:[...]$31 = 38
// lldb-command:continue

// lldb-command:print dd
// lldb-check:[...]$32 = (40, 41, 42)
// lldb-command:continue

// lldb-command:print *ee
// lldb-check:[...]$33 = (43, 44, 45)
// lldb-command:continue

// lldb-command:print *ff
// lldb-check:[...]$34 = 46
// lldb-command:print gg
// lldb-check:[...]$35 = (47, 48)
// lldb-command:continue

// lldb-command:print *hh
// lldb-check:[...]$36 = 50
// lldb-command:continue

// lldb-command:print ii
// lldb-check:[...]$37 = 51
// lldb-command:continue

// lldb-command:print *jj
// lldb-check:[...]$38 = 52
// lldb-command:continue

// lldb-command:print kk
// lldb-check:[...]$39 = 53
// lldb-command:print ll
// lldb-check:[...]$40 = 54
// lldb-command:continue

// lldb-command:print mm
// lldb-check:[...]$41 = 55
// lldb-command:print *nn
// lldb-check:[...]$42 = 56
// lldb-command:continue

// lldb-command:print oo
// lldb-check:[...]$43 = 57
// lldb-command:print pp
// lldb-check:[...]$44 = 58
// lldb-command:print qq
// lldb-check:[...]$45 = 59
// lldb-command:continue

// lldb-command:print rr
// lldb-check:[...]$46 = 60
// lldb-command:print ss
// lldb-check:[...]$47 = 61
// lldb-command:print tt
// lldb-check:[...]$48 = 62
// lldb-command:continue

#![allow(unused_variables)]
#![feature(box_patterns)]
#![feature(box_syntax)]
#![omit_gdb_pretty_printer_section]

use self::Univariant::Unit;

struct Struct {
    a: i64,
    b: i32
}

enum Univariant {
    Unit(i32)
}

struct TupleStruct (f64, isize);


fn simple_tuple((a, b): (isize, bool)) {
    zzz(); // #break
}

fn nested_tuple((a, (b, c)): (isize, (u16, u16))) {
    zzz(); // #break
}

fn destructure_only_first_level((a, b): (isize, (u32, u32))) {
    zzz(); // #break
}

fn struct_as_tuple_element((h, i, j): (i16, Struct, i16)) {
    zzz(); // #break
}

fn struct_pattern(Struct { a: k, b: l }: Struct) {
    zzz(); // #break
}

fn ignored_tuple_element((m, _, n): (isize, u16, i32)) {
    zzz(); // #break
}

fn ignored_struct_field(Struct { b: o, .. }: Struct) {
    zzz(); // #break
}

fn one_struct_destructured_one_not((Struct { a: p, b: q }, r): (Struct, Struct)) {
    zzz(); // #break
}

fn different_order_of_struct_fields(Struct { b: s, a: t }: Struct ) {
    zzz(); // #break
}

fn complex_nesting(((u,   v  ), ((w,   (x,   Struct { a: y, b: z})), Struct { a: ae, b: oe }), ue ):
                   ((i16, i32), ((i64, (i32, Struct,             )), Struct                 ), u16))
{
    zzz(); // #break
}

fn managed_box(&aa: &(isize, isize)) {
    zzz(); // #break
}

fn borrowed_pointer(&bb: &(isize, isize)) {
    zzz(); // #break
}

fn contained_borrowed_pointer((&cc, _): (&isize, isize)) {
    zzz(); // #break
}

fn unique_pointer(box dd: Box<(isize, isize, isize)>) {
    zzz(); // #break
}

fn ref_binding(ref ee: (isize, isize, isize)) {
    zzz(); // #break
}

fn ref_binding_in_tuple((ref ff, gg): (isize, (isize, isize))) {
    zzz(); // #break
}

fn ref_binding_in_struct(Struct { b: ref hh, .. }: Struct) {
    zzz(); // #break
}

fn univariant_enum(Unit(ii): Univariant) {
    zzz(); // #break
}

fn univariant_enum_with_ref_binding(Unit(ref jj): Univariant) {
    zzz(); // #break
}

fn tuple_struct(TupleStruct(kk, ll): TupleStruct) {
    zzz(); // #break
}

fn tuple_struct_with_ref_binding(TupleStruct(mm, ref nn): TupleStruct) {
    zzz(); // #break
}

fn multiple_arguments((oo, pp): (isize, isize), qq : isize) {
    zzz(); // #break
}

fn main() {
    simple_tuple((1, false));
    nested_tuple((2, (3, 4)));
    destructure_only_first_level((5, (6, 7)));
    struct_as_tuple_element((8, Struct { a: 9, b: 10 }, 11));
    struct_pattern(Struct { a: 12, b: 13 });
    ignored_tuple_element((14, 15, 16));
    ignored_struct_field(Struct { a: 17, b: 18 });
    one_struct_destructured_one_not((Struct { a: 19, b: 20 }, Struct { a: 21, b: 22 }));
    different_order_of_struct_fields(Struct { a: 23, b: 24 });
    complex_nesting(((25, 26), ((27, (28, Struct { a: 29, b: 30})), Struct { a: 31, b: 32 }), 33));
    managed_box(&(34, 35));
    borrowed_pointer(&(36, 37));
    contained_borrowed_pointer((&38, 39));
    unique_pointer(box() (40, 41, 42));
    ref_binding((43, 44, 45));
    ref_binding_in_tuple((46, (47, 48)));
    ref_binding_in_struct(Struct { a: 49, b: 50 });
    univariant_enum(Unit(51));
    univariant_enum_with_ref_binding(Unit(52));
    tuple_struct(TupleStruct(53.0, 54));
    tuple_struct_with_ref_binding(TupleStruct(55.0, 56));
    multiple_arguments((57, 58), 59);

    fn nested_function(rr: isize, (ss, tt): (isize, isize)) {
        zzz(); // #break
    }

    nested_function(60, (61, 62));
}

fn zzz() { () }","// gdb-command:continue

// gdb-command:print tt
// gdb-check:$49 = 62
// gdb-command:continue

// gdb-command:print uu
// gdb-check:$50 = 63
// gdb-command:continue

// === LLDB TESTS ==================================================================================

// lldb-command:run

// lldb-command:print a
// lldb-check:[...]$0 = 1
// lldb-command:print b
// lldb-check:[...]$1 = false
// lldb-command:continue

// lldb-command:print a
// lldb-check:[...]$2 = 2
// lldb-command:print b
// lldb-check:[...]$3 = 3
// lldb-command:print c
// lldb-check:[...]$4 = 4
// lldb-command:continue

// lldb-command:print a
// lldb-check:[...]$5 = 5
// lldb-command:print b
// lldb-check:[...]$6"
deepseek,deepseek-ai/DeepSeek-V3.2:novita,rust,GPL-3.0,src::test::debuginfo::destructured-fn-argument.rs,453,0.8,0,0.0,"// gdb-command:print tt
// gdb-check:$49 = 62
// gdb-command:continue


// === LLDB TESTS ==================================================================================

// lldb-command:run

// lldb-command:print a
// lldb-check:[...]$0 = 1
// lldb-command:print b
// lldb-check:[...]$1 = false
// lldb-command:continue

// lldb-command:print a
// lldb-check:[...]$2 = 2
// lldb-command:print b
// lldb-check:[...]$3 = 3
// lldb-command:print c
// lldb-check:[...]$4 = 4
// lldb-command:continue

// lldb-command:print a
// lldb-check:[...]$5 = 5
// lldb-command:print b
// lldb-check:[...]$6 = (6, 7)
// lldb-command:continue

// lldb-command:print h
// lldb-check:[...]$7 = 8
// lldb-command:print i
// lldb-check:[...]$8 = Struct { a: 9, b: 10 }
// lldb-command:print j
// lldb-check:[...]$9 = 11
// lldb-command:continue

// lldb-command:print k
// lldb-check:[...]$10 = 12
// lldb-command:print l
// lldb-check:[...]$11 = 13
// lldb-command:continue

// lldb-command:print m
// lldb-check:[...]$12 = 14
// lldb-command:print n
// lldb-check:[...]$13 = 16
// lldb-command:continue

// lldb-command:print o
// lldb-check:[...]$14 = 18
// lldb-command:continue

// lldb-command:print p
// lldb-check:[...]$15 = 19
// lldb-command:print q
// lldb-check:[...]$16 = 20
// lldb-command:print r
// lldb-check:[...]$17 = Struct { a: 21, b: 22 }
// lldb-command:continue

// lldb-command:print s
// lldb-check:[...]$18 = 24
// lldb-command:print t
// lldb-check:[...]$19 = 23
// lldb-command:continue

// lldb-command:print u
// lldb-check:[...]$20 = 25
// lldb-command:print v
// lldb-check:[...]$21 = 26
// lldb-command:print w
// lldb-check:[...]$22 = 27
// lldb-command:print x
// lldb-check:[...]$23 = 28
// lldb-command:print y
// lldb-check:[...]$24 = 29
// lldb-command:print z
// lldb-check:[...]$25 = 30
// lldb-command:print ae
// lldb-check:[...]$26 = 31
// lldb-command:print oe
// lldb-check:[...]$27 = 32
// lldb-command:print ue
// lldb-check:[...]$28 = 33
// lldb-command:continue

// lldb-command:print aa
// lldb-check:[...]$29 = (34, 35)
// lldb-command:continue

// lldb-command:print bb
// lldb-check:[...]$30 = (36, 37)
// lldb-command:continue

// lldb-command:print cc
// lldb-check:[...]$31 = 38
// lldb-command:continue

// lldb-command:print dd
// lldb-check:[...]$32 = (40, 41, 42)
// lldb-command:continue

// lldb-command:print *ee
// lldb-check:[...]$33 = (43, 44, 45)
// lldb-command:continue

// lldb-command:print *ff
// lldb-check:[...]$34 = 46
// lldb-command:print gg
// lldb-check:[...]$35 = (47, 48)
// lldb-command:continue

// lldb-command:print *hh
// lldb-check:[...]$36 = 50
// lldb-command:continue

// lldb-command:print ii
// lldb-check:[...]$37 = 51
// lldb-command:continue

// lldb-command:print *jj
// lldb-check:[...]$38 = 52
// lldb-command:continue

// lldb-command:print kk
// lldb-check:[...]$39 = 53
// lldb-command:print ll
// lldb-check:[...]$40 = 54
// lldb-command:continue

// lldb-command:print mm
// lldb-check:[...]$41 = 55
// lldb-command:print *nn
// lldb-check:[...]$42 = 56
// lldb-command:continue

// lldb-command:print oo
// lldb-check:[...]$43 = 57
// lldb-command:print pp
// lldb-check:[...]$44 = 58
// lldb-command:print qq
// lldb-check:[...]$45 = 59
// lldb-command:continue

// lldb-command:print rr
// lldb-check:[...]$46 = 60
// lldb-command:print ss
// lldb-check:[...]$47 = 61
// lldb-command:print tt
// lldb-check:[...]$48 = 62
// lldb-command:continue

#![allow(unused_variables)]
#![feature(box_patterns)]
#![feature(box_syntax)]
#![omit_gdb_pretty_printer_section]

use self::Univariant::Unit;

struct Struct {
    a: i64,
    b: i32
}

enum Univariant {
    Unit(i32)
}

struct TupleStruct (f64, isize);


fn simple_tuple((a, b): (isize, bool)) {
    zzz(); // #break
}

fn nested_tuple((a, (b, c)): (isize, (u16, u16))) {
    zzz(); // #break
}

fn destructure_only_first_level((a, b): (isize, (u32, u32))) {
    zzz(); // #break
}

fn struct_as_tuple_element((h, i, j): (i16, Struct, i16)) {
    zzz(); // #break
}

fn struct_pattern(Struct { a: k, b: l }: Struct) {
    zzz(); // #break
}

fn ignored_tuple_element((m, _, n): (isize, u16, i32)) {
    zzz(); // #break
}

fn ignored_struct_field(Struct { b: o, .. }: Struct) {
    zzz(); // #break
}

fn one_struct_destructured_one_not((Struct { a: p, b: q }, r): (Struct, Struct)) {
    zzz(); // #break
}

fn different_order_of_struct_fields(Struct { b: s, a: t }: Struct ) {
    zzz(); // #break
}

fn complex_nesting(((u,   v  ), ((w,   (x,   Struct { a: y, b: z})), Struct { a: ae, b: oe }), ue ):
                   ((i16, i32), ((i64, (i32, Struct,             )), Struct                 ), u16))
{
    zzz(); // #break
}

fn managed_box(&aa: &(isize, isize)) {
    zzz(); // #break
}

fn borrowed_pointer(&bb: &(isize, isize)) {
    zzz(); // #break
}

fn contained_borrowed_pointer((&cc, _): (&isize, isize)) {
    zzz(); // #break
}

fn unique_pointer(box dd: Box<(isize, isize, isize)>) {
    zzz(); // #break
}

fn ref_binding(ref ee: (isize, isize, isize)) {
    zzz(); // #break
}

fn ref_binding_in_tuple((ref ff, gg): (isize, (isize, isize))) {
    zzz(); // #break
}

fn ref_binding_in_struct(Struct { b: ref hh, .. }: Struct) {
    zzz(); // #break
}

fn univariant_enum(Unit(ii): Univariant) {
    zzz(); // #break
}

fn univariant_enum_with_ref_binding(Unit(ref jj): Univariant) {
    zzz(); // #break
}

fn tuple_struct(TupleStruct(kk, ll): TupleStruct) {
    zzz(); // #break
}

fn tuple_struct_with_ref_binding(TupleStruct(mm, ref nn): TupleStruct) {
    zzz(); // #break
}

fn multiple_arguments((oo, pp): (isize, isize), qq : isize) {
    zzz(); // #break
}

fn main() {
    simple_tuple((1, false));
    nested_tuple((2, (3, 4)));
    destructure_only_first_level((5, (6, 7)));
    struct_as_tuple_element((8, Struct { a: 9, b: 10 }, 11));
    struct_pattern(Struct { a: 12, b: 13 });
    ignored_tuple_element((14, 15, 16));
    ignored_struct_field(Struct { a: 17, b: 18 });
    one_struct_destructured_one_not((Struct { a: 19, b: 20 }, Struct { a: 21, b: 22 }));
    different_order_of_struct_fields(Struct { a: 23, b: 24 });
    complex_nesting(((25, 26), ((27, (28, Struct { a: 29, b: 30})), Struct { a: 31, b: 32 }), 33));
    managed_box(&(34, 35));
    borrowed_pointer(&(36, 37));
    contained_borrowed_pointer((&38, 39));
    unique_pointer(box() (40, 41, 42));
    ref_binding((43, 44, 45));
    ref_binding_in_tuple((46, (47, 48)));
    ref_binding_in_struct(Struct { a: 49, b: 50 });
    univariant_enum(Unit(51));
    univariant_enum_with_ref_binding(Unit(52));
    tuple_struct(TupleStruct(53.0, 54));
    tuple_struct_with_ref_binding(TupleStruct(55.0, 56));
    multiple_arguments((57, 58), 59);

    fn nested_function(rr: isize, (ss, tt): (isize, isize)) {
        zzz(); // #break
    }

    nested_function(60, (61, 62));
}

fn zzz() { () }","// gdb-command:continue



// === LLDB TESTS ==================================================================================

// lldb-command:run

// lldb-command:print a
// lldb-check:[...]$0 = 1
// lldb-command:print b
// lldb-check:[...]$1 = false
// lldb-command:continue

// lldb-command:print a
// lldb-check:[...]$2 = 2
// lldb-command:print b
// lldb-check:[...]$3 = 3
// lldb-command:print c
// lldb-check:[...]$4 = 4
// lldb-command:continue

// lldb-command:print a
// lldb-check:[...]$5 = 5
// lldb-command:print b
// lldb-check:[...]$6 = (6, 7)
// lldb-command:continue

// lldb-command:print h
// lldb-check:[...]$7 = 8
// lldb-command:print i
// lldb-check:["
deepseek,deepseek-ai/DeepSeek-V3.2:novita,rust,GPL-3.0,src::posif0::psus.rs,289,0.2,0,0.571753986332574,"#[doc = ""Field `QSUS` writer - Quadrature Mode Suspend Config""]
pub struct QSUS_W<'a> {
    w: &'a mut W,
}
impl<'a> QSUS_W<'a> {
    #[doc = r""Writes `variant` to the field""]
    #[inline(always)]
    pub fn variant(self, variant: QSUS_A) -> &'a mut W {
        self.bits(variant.into())
    }
    #[doc = ""Suspend request ignored""]
    #[inline(always)]
    pub fn value1(self) -> &'a mut W {
        self.variant(QSUS_A::VALUE1)
    }
    #[doc = ""Stop immediately""]
    #[inline(always)]
    pub fn value2(self) -> &'a mut W {
        self.variant(QSUS_A::VALUE2)
    }
    #[doc = ""Suspend in the next index occurrence""]
    #[inline(always)]
    pub fn value3(self) -> &'a mut W {
        self.variant(QSUS_A::VALUE3)
    }
    #[doc = ""Suspend in the next phase (PhaseA or PhaseB) occurrence""]
    #[inline(always)]
    pub fn value4(self) -> &'a mut W {
        self.variant(QSUS_A::VALUE4)
    }
    #[doc = r""Writes raw bits to the field""]
    #[inline(always)]
    pub fn bits(self, value: u8) -> &'a mut W {
        self.w.bits = (self.w.bits & !0x03) | (value as u32 & 0x03);
        self.w
    }
}
#[doc = ""Multi-Channel Mode Suspend Config\n\nValue on reset: 0""]
#[derive(Clone, Copy, Debug, PartialEq)]
#[repr(u8)]
pub enum MSUS_A {
    #[doc = ""0: Suspend request ignored""]
    VALUE1 = 0,
    #[doc = ""1: Stop immediately. Multi-Channel pattern is not set to the reset value.""]
    VALUE2 = 1,
    #[doc = ""2: Stop immediately. Multi-Channel pattern is set to the reset value.""]
    VALUE3 = 2,
    #[doc = ""3: Suspend with the synchronization of the PWM signal. Multi-Channel pattern is set to the reset value at the same time of the synchronization.""]
    VALUE4 = 3,
}
impl From<MSUS_A> for u8 {
    #[inline(always)]
    fn from(variant: MSUS_A) -> Self {
        variant as _
    }
}
#[doc = ""Field `MSUS` reader - Multi-Channel Mode Suspend Config""]
pub struct MSUS_R(crate::FieldReader<u8, MSUS_A>);
impl MSUS_R {
    pub(crate) fn new(bits: u8) -> Self {
        MSUS_R(crate::FieldReader::new(bits))
    }
    #[doc = r""Get enumerated values variant""]
    #[inline(always)]
    pub fn variant(&self) -> MSUS_A {
        match self.bits {
            0 => MSUS_A::VALUE1,
            1 => MSUS_A::VALUE2,
            2 => MSUS_A::VALUE3,
            3 => MSUS_A::VALUE4,
            _ => unreachable!(),
        }
    }
    #[doc = ""Checks if the value of the field is `VALUE1`""]
    #[inline(always)]
    pub fn is_value1(&self) -> bool {
        **self == MSUS_A::VALUE1
    }
    #[doc = ""Checks if the value of the field is `VALUE2`""]
    #[inline(always)]
    pub fn is_value2(&self) -> bool {
        **self == MSUS_A::VALUE2
    }
    #[doc = ""Checks if the value of the field is `VALUE3`""]
    #[inline(always)]
    pub fn is_value3(&self) -> bool {
        **self == MSUS_A::VALUE3
    }
    #[doc = ""Checks if the value of the field is `VALUE4`""]
    #[inline(always)]
    pub fn is_value4(&self) -> bool {
        **self == MSUS_A::VALUE4
    }
}
impl core::ops::Deref for MSUS_R {
    type Target = crate::FieldReader<u8, MSUS_A>;
    #[inline(always)]
    fn deref(&self) -> &Self::Target {
        &self.0
    }
}
#[doc = ""Field `MSUS` writer - Multi-Channel Mode Suspend Config""]
pub struct MSUS_W<'a> {
    w: &'a mut W,
}
impl<'a> MSUS_W<'a> {
    #[doc = r""Writes `variant` to the field""]
    #[inline(always)]
    pub fn variant(self, variant: MSUS_A) -> &'a mut W {
        self.bits(variant.into())
    }
    #[doc = ""Suspend request ignored""]
    #[inline(always)]
    pub fn value1(self) -> &'a mut W {
        self.variant(MSUS_A::VALUE1)
    }
    #[doc = ""Stop immediately. Multi-Channel pattern is not set to the reset value.""]
    #[inline(always)]
    pub fn value2(self) -> &'a mut W {
        self.variant(MSUS_A::VALUE2)
    }
    #[doc = ""Stop immediately. Multi-Channel pattern is set to the reset value.""]
    #[inline(always)]
    pub fn value3(self) -> &'a mut W {
        self.variant(MSUS_A::VALUE3)
    }
    #[doc = ""Suspend with the synchronization of the PWM signal. Multi-Channel pattern is set to the reset value at the same time of the synchronization.""]
    #[inline(always)]
    pub fn value4(self) -> &'a mut W {
        self.variant(MSUS_A::VALUE4)
    }
    #[doc = r""Writes raw bits to the field""]
    #[inline(always)]
    pub fn bits(self, value: u8) -> &'a mut W {
        self.w.bits = (self.w.bits & !(0x03 << 2)) | ((value as u32 & 0x03) << 2);
        self.w
    }
}
impl R {
    #[doc = ""Bits 0:1 - Quadrature Mode Suspend Config""]
    #[inline(always)]
    pub fn qsus(&self) -> QSUS_R {
        QSUS_R::new((self.bits & 0x03) as u8)
    }
    #[doc = ""Bits 2:3 - Multi-Channel Mode Suspend Config""]
    #[inline(always)]
    pub fn msus(&self) -> MSUS_R {
        MSUS_R::new(((self.bits >> 2) & 0x03) as u8)
    }
}
impl W {
    #[doc = ""Bits 0:1 - Quadrature Mode Suspend Config""]
    #[inline(always)]
    pub fn qsus(&mut self) -> QSUS_W {
        QSUS_W { w: self }
    }
    #[doc = ""Bits 2:3 - Multi-Channel Mode Suspend Config""]
    #[inline(always)]
    pub fn msus(&mut self) -> MSUS_W {
        MSUS_W { w: self }
    }
    #[doc = ""Writes raw bits to the register.""]
    #[inline(always)]
    pub unsafe fn bits(&mut self, bits: u32) -> &mut Self {
        self.0.bits(bits);
        self
    }
}
#[doc = ""Service Request Processing Suspend Config\n\nThis register you can [`read`](crate::generic::Reg::read), [`write_with_zero`](crate::generic::Reg::write_with_zero), [`reset`](crate::generic::Reg::reset), [`write`](crate::generic::Reg::write), [`modify`](crate::generic::Reg::modify). See [API](https://docs.rs/svd2rust/#read--modify--write-api).\n\nFor information about available fields see [psus](index.html) module""]
pub struct PSUS_SPEC;
impl crate::RegisterSpec for PSUS_SPEC {
    type Ux = u32;
}
#[doc = ""`read()` method returns [psus::R](R) reader structure""]
impl crate::Readable for PSUS_SPEC {
    type Reader = R;
}
#[doc = ""`write(|w| ..)` method takes [psus::W](W) writer structure""]
impl crate::Writable for PSUS_SPEC {
    type Writer = W;
}
#[doc = ""`reset()` method sets PSUS to value 0""]
impl crate::Resettable for PSUS_SPEC {
    #[inline(always)]
    fn reset_value() -> Self::Ux {
        0
    }
}","#[doc = ""Field `QSUS` writer - Quadrature Mode Suspend Config""]
pub struct QSUS_W<'a> {
    w: &'a mut W,
}
impl<'a> QSUS_W<'a> {
    #[doc = r""Writes `variant` to the field""]
    #[inline(always)]
    pub fn variant(self, variant: QSUS_A) -> &'a mut W {
        self.bits(variant.into())
    }
    #[doc = ""Suspend request ignored""]
    #[inline(always)]
    pub fn value1(self) -> &'a mut W {
        self.variant(QSUS_A::VALUE1)
    }
    #[doc = ""Stop immediately""]
    #[inline(always)]
    pub fn value2(self) -> &'a mut W {
        self.variant(QSUS_A::VALUE2)
    }
    #[doc = ""Suspend in the next index occurrence""]
    #[inline(always)]
    pub fn value3(self) -> &'a mut W {
        self.variant(QSUS_A::VALUE3)
    }
    #[doc = ""Suspend in the next phase (PhaseA or PhaseB"
deepseek,deepseek-ai/DeepSeek-V3.2:novita,rust,GPL-3.0,src::posif0::psus.rs,289,0.4,0,0.571753986332574,"#[doc = ""Field `QSUS` writer - Quadrature Mode Suspend Config""]
pub struct QSUS_W<'a> {
    w: &'a mut W,
}
impl<'a> QSUS_W<'a> {
    #[doc = r""Writes `variant` to the field""]
    #[inline(always)]
    pub fn variant(self, variant: QSUS_A) -> &'a mut W {
        self.bits(variant.into())
    }
    #[doc = ""Suspend request ignored""]
    #[inline(always)]
    pub fn value1(self) -> &'a mut W {
        self.variant(QSUS_A::VALUE1)
    }
    #[doc = ""Stop immediately""]
    #[inline(always)]
    pub fn value2(self) -> &'a mut W {
        self.variant(QSUS_A::VALUE2)
    }
    #[doc = ""Suspend in the next index occurrence""]
    #[inline(always)]
    pub fn value3(self) -> &'a mut W {
        self.variant(QSUS_A::VALUE3)
    }
    #[doc = ""Suspend in the next phase (PhaseA or PhaseB) occurrence""]
    #[inline(always)]
    pub fn value4(self) -> &'a mut W {
        self.variant(QSUS_A::VALUE4)
    }
    #[doc = r""Writes raw bits to the field""]
    #[inline(always)]
    pub fn bits(self, value: u8) -> &'a mut W {
        self.w.bits = (self.w.bits & !0x03) | (value as u32 & 0x03);
        self.w
    }
}
#[doc = ""Multi-Channel Mode Suspend Config\n\nValue on reset: 0""]
#[derive(Clone, Copy, Debug, PartialEq)]
#[repr(u8)]
pub enum MSUS_A {
    #[doc = ""0: Suspend request ignored""]
    VALUE1 = 0,
    #[doc = ""1: Stop immediately. Multi-Channel pattern is not set to the reset value.""]
    VALUE2 = 1,
    #[doc = ""2: Stop immediately. Multi-Channel pattern is set to the reset value.""]
    VALUE3 = 2,
    #[doc = ""3: Suspend with the synchronization of the PWM signal. Multi-Channel pattern is set to the reset value at the same time of the synchronization.""]
    VALUE4 = 3,
}
impl From<MSUS_A> for u8 {
    #[inline(always)]
    fn from(variant: MSUS_A) -> Self {
        variant as _
    }
}
#[doc = ""Field `MSUS` reader - Multi-Channel Mode Suspend Config""]
pub struct MSUS_R(crate::FieldReader<u8, MSUS_A>);
impl MSUS_R {
    pub(crate) fn new(bits: u8) -> Self {
        MSUS_R(crate::FieldReader::new(bits))
    }
    #[doc = r""Get enumerated values variant""]
    #[inline(always)]
    pub fn variant(&self) -> MSUS_A {
        match self.bits {
            0 => MSUS_A::VALUE1,
            1 => MSUS_A::VALUE2,
            2 => MSUS_A::VALUE3,
            3 => MSUS_A::VALUE4,
            _ => unreachable!(),
        }
    }
    #[doc = ""Checks if the value of the field is `VALUE1`""]
    #[inline(always)]
    pub fn is_value1(&self) -> bool {
        **self == MSUS_A::VALUE1
    }
    #[doc = ""Checks if the value of the field is `VALUE2`""]
    #[inline(always)]
    pub fn is_value2(&self) -> bool {
        **self == MSUS_A::VALUE2
    }
    #[doc = ""Checks if the value of the field is `VALUE3`""]
    #[inline(always)]
    pub fn is_value3(&self) -> bool {
        **self == MSUS_A::VALUE3
    }
    #[doc = ""Checks if the value of the field is `VALUE4`""]
    #[inline(always)]
    pub fn is_value4(&self) -> bool {
        **self == MSUS_A::VALUE4
    }
}
impl core::ops::Deref for MSUS_R {
    type Target = crate::FieldReader<u8, MSUS_A>;
    #[inline(always)]
    fn deref(&self) -> &Self::Target {
        &self.0
    }
}
#[doc = ""Field `MSUS` writer - Multi-Channel Mode Suspend Config""]
pub struct MSUS_W<'a> {
    w: &'a mut W,
}
impl<'a> MSUS_W<'a> {
    #[doc = r""Writes `variant` to the field""]
    #[inline(always)]
    pub fn variant(self, variant: MSUS_A) -> &'a mut W {
        self.bits(variant.into())
    }
    #[doc = ""Suspend request ignored""]
    #[inline(always)]
    pub fn value1(self) -> &'a mut W {
        self.variant(MSUS_A::VALUE1)
    }
    #[doc = ""Stop immediately. Multi-Channel pattern is not set to the reset value.""]
    #[inline(always)]
    pub fn value2(self) -> &'a mut W {
        self.variant(MSUS_A::VALUE2)
    }
    #[doc = ""Stop immediately. Multi-Channel pattern is set to the reset value.""]
    #[inline(always)]
    pub fn value3(self) -> &'a mut W {
        self.variant(MSUS_A::VALUE3)
    }
    #[doc = ""Suspend with the synchronization of the PWM signal. Multi-Channel pattern is set to the reset value at the same time of the synchronization.""]
    #[inline(always)]
    pub fn value4(self) -> &'a mut W {
        self.variant(MSUS_A::VALUE4)
    }
    #[doc = r""Writes raw bits to the field""]
    #[inline(always)]
    pub fn bits(self, value: u8) -> &'a mut W {
        self.w.bits = (self.w.bits & !(0x03 << 2)) | ((value as u32 & 0x03) << 2);
        self.w
    }
}
impl R {
    #[doc = ""Bits 0:1 - Quadrature Mode Suspend Config""]
    #[inline(always)]
    pub fn qsus(&self) -> QSUS_R {
        QSUS_R::new((self.bits & 0x03) as u8)
    }
    #[doc = ""Bits 2:3 - Multi-Channel Mode Suspend Config""]
    #[inline(always)]
    pub fn msus(&self) -> MSUS_R {
        MSUS_R::new(((self.bits >> 2) & 0x03) as u8)
    }
}
impl W {
    #[doc = ""Bits 0:1 - Quadrature Mode Suspend Config""]
    #[inline(always)]
    pub fn qsus(&mut self) -> QSUS_W {
        QSUS_W { w: self }
    }
    #[doc = ""Bits 2:3 - Multi-Channel Mode Suspend Config""]
    #[inline(always)]
    pub fn msus(&mut self) -> MSUS_W {
        MSUS_W { w: self }
    }
    #[doc = ""Writes raw bits to the register.""]
    #[inline(always)]
    pub unsafe fn bits(&mut self, bits: u32) -> &mut Self {
        self.0.bits(bits);
        self
    }
}
#[doc = ""Service Request Processing Suspend Config\n\nThis register you can [`read`](crate::generic::Reg::read), [`write_with_zero`](crate::generic::Reg::write_with_zero), [`reset`](crate::generic::Reg::reset), [`write`](crate::generic::Reg::write), [`modify`](crate::generic::Reg::modify). See [API](https://docs.rs/svd2rust/#read--modify--write-api).\n\nFor information about available fields see [psus](index.html) module""]
pub struct PSUS_SPEC;
impl crate::RegisterSpec for PSUS_SPEC {
    type Ux = u32;
}
#[doc = ""`read()` method returns [psus::R](R) reader structure""]
impl crate::Readable for PSUS_SPEC {
    type Reader = R;
}
#[doc = ""`write(|w| ..)` method takes [psus::W](W) writer structure""]
impl crate::Writable for PSUS_SPEC {
    type Writer = W;
}
#[doc = ""`reset()` method sets PSUS to value 0""]
impl crate::Resettable for PSUS_SPEC {
    #[inline(always)]
    fn reset_value() -> Self::Ux {
        0
    }
}","#[doc = ""Field `QSUS` writer - Quadrature Mode Suspend Config""]
pub struct QSUS_W<'a> {
    w: &'a mut W,
}
impl<'a> QSUS_W<'a> {
    #[doc = r""Writes `variant` to the field""]
    #[inline(always)]
    pub fn variant(self, variant: QSUS_A) -> &'a mut W {
        self.bits(variant.into())
    }
    #[doc = ""Suspend request ignored""]
    #[inline(always)]
    pub fn value1(self) -> &'a mut W {
        self.variant(QSUS_A::VALUE1)
    }
    #[doc = ""Stop immediately""]
    #[inline(always)]
    pub fn value2(self) -> &'a mut W {
        self.variant(QSUS_A::VALUE2)
    }
    #[doc = ""Suspend in the next index occurrence""]
    #[inline(always)]
    pub fn value3(self) -> &'a mut W {
        self.variant(QSUS_A::VALUE3)
    }
    #[doc = ""Suspend in the next phase (PhaseA or PhaseB"
deepseek,deepseek-ai/DeepSeek-V3.2:novita,rust,GPL-3.0,src::posif0::psus.rs,289,0.8,0,0.571753986332574,"#[doc = ""Field `QSUS` writer - Quadrature Mode Suspend Config""]
pub struct QSUS_W<'a> {
    w: &'a mut W,
}
impl<'a> QSUS_W<'a> {
    #[doc = r""Writes `variant` to the field""]
    #[inline(always)]
    pub fn variant(self, variant: QSUS_A) -> &'a mut W {
        self.bits(variant.into())
    }
    #[doc = ""Suspend request ignored""]
    #[inline(always)]
    pub fn value1(self) -> &'a mut W {
        self.variant(QSUS_A::VALUE1)
    }
    #[doc = ""Stop immediately""]
    #[inline(always)]
    pub fn value2(self) -> &'a mut W {
        self.variant(QSUS_A::VALUE2)
    }
    #[doc = ""Suspend in the next index occurrence""]
    #[inline(always)]
    pub fn value3(self) -> &'a mut W {
        self.variant(QSUS_A::VALUE3)
    }
    #[doc = ""Suspend in the next phase (PhaseA or PhaseB) occurrence""]
    #[inline(always)]
    pub fn value4(self) -> &'a mut W {
        self.variant(QSUS_A::VALUE4)
    }
    #[doc = r""Writes raw bits to the field""]
    #[inline(always)]
    pub fn bits(self, value: u8) -> &'a mut W {
        self.w.bits = (self.w.bits & !0x03) | (value as u32 & 0x03);
        self.w
    }
}
#[doc = ""Multi-Channel Mode Suspend Config\n\nValue on reset: 0""]
#[derive(Clone, Copy, Debug, PartialEq)]
#[repr(u8)]
pub enum MSUS_A {
    #[doc = ""0: Suspend request ignored""]
    VALUE1 = 0,
    #[doc = ""1: Stop immediately. Multi-Channel pattern is not set to the reset value.""]
    VALUE2 = 1,
    #[doc = ""2: Stop immediately. Multi-Channel pattern is set to the reset value.""]
    VALUE3 = 2,
    #[doc = ""3: Suspend with the synchronization of the PWM signal. Multi-Channel pattern is set to the reset value at the same time of the synchronization.""]
    VALUE4 = 3,
}
impl From<MSUS_A> for u8 {
    #[inline(always)]
    fn from(variant: MSUS_A) -> Self {
        variant as _
    }
}
#[doc = ""Field `MSUS` reader - Multi-Channel Mode Suspend Config""]
pub struct MSUS_R(crate::FieldReader<u8, MSUS_A>);
impl MSUS_R {
    pub(crate) fn new(bits: u8) -> Self {
        MSUS_R(crate::FieldReader::new(bits))
    }
    #[doc = r""Get enumerated values variant""]
    #[inline(always)]
    pub fn variant(&self) -> MSUS_A {
        match self.bits {
            0 => MSUS_A::VALUE1,
            1 => MSUS_A::VALUE2,
            2 => MSUS_A::VALUE3,
            3 => MSUS_A::VALUE4,
            _ => unreachable!(),
        }
    }
    #[doc = ""Checks if the value of the field is `VALUE1`""]
    #[inline(always)]
    pub fn is_value1(&self) -> bool {
        **self == MSUS_A::VALUE1
    }
    #[doc = ""Checks if the value of the field is `VALUE2`""]
    #[inline(always)]
    pub fn is_value2(&self) -> bool {
        **self == MSUS_A::VALUE2
    }
    #[doc = ""Checks if the value of the field is `VALUE3`""]
    #[inline(always)]
    pub fn is_value3(&self) -> bool {
        **self == MSUS_A::VALUE3
    }
    #[doc = ""Checks if the value of the field is `VALUE4`""]
    #[inline(always)]
    pub fn is_value4(&self) -> bool {
        **self == MSUS_A::VALUE4
    }
}
impl core::ops::Deref for MSUS_R {
    type Target = crate::FieldReader<u8, MSUS_A>;
    #[inline(always)]
    fn deref(&self) -> &Self::Target {
        &self.0
    }
}
#[doc = ""Field `MSUS` writer - Multi-Channel Mode Suspend Config""]
pub struct MSUS_W<'a> {
    w: &'a mut W,
}
impl<'a> MSUS_W<'a> {
    #[doc = r""Writes `variant` to the field""]
    #[inline(always)]
    pub fn variant(self, variant: MSUS_A) -> &'a mut W {
        self.bits(variant.into())
    }
    #[doc = ""Suspend request ignored""]
    #[inline(always)]
    pub fn value1(self) -> &'a mut W {
        self.variant(MSUS_A::VALUE1)
    }
    #[doc = ""Stop immediately. Multi-Channel pattern is not set to the reset value.""]
    #[inline(always)]
    pub fn value2(self) -> &'a mut W {
        self.variant(MSUS_A::VALUE2)
    }
    #[doc = ""Stop immediately. Multi-Channel pattern is set to the reset value.""]
    #[inline(always)]
    pub fn value3(self) -> &'a mut W {
        self.variant(MSUS_A::VALUE3)
    }
    #[doc = ""Suspend with the synchronization of the PWM signal. Multi-Channel pattern is set to the reset value at the same time of the synchronization.""]
    #[inline(always)]
    pub fn value4(self) -> &'a mut W {
        self.variant(MSUS_A::VALUE4)
    }
    #[doc = r""Writes raw bits to the field""]
    #[inline(always)]
    pub fn bits(self, value: u8) -> &'a mut W {
        self.w.bits = (self.w.bits & !(0x03 << 2)) | ((value as u32 & 0x03) << 2);
        self.w
    }
}
impl R {
    #[doc = ""Bits 0:1 - Quadrature Mode Suspend Config""]
    #[inline(always)]
    pub fn qsus(&self) -> QSUS_R {
        QSUS_R::new((self.bits & 0x03) as u8)
    }
    #[doc = ""Bits 2:3 - Multi-Channel Mode Suspend Config""]
    #[inline(always)]
    pub fn msus(&self) -> MSUS_R {
        MSUS_R::new(((self.bits >> 2) & 0x03) as u8)
    }
}
impl W {
    #[doc = ""Bits 0:1 - Quadrature Mode Suspend Config""]
    #[inline(always)]
    pub fn qsus(&mut self) -> QSUS_W {
        QSUS_W { w: self }
    }
    #[doc = ""Bits 2:3 - Multi-Channel Mode Suspend Config""]
    #[inline(always)]
    pub fn msus(&mut self) -> MSUS_W {
        MSUS_W { w: self }
    }
    #[doc = ""Writes raw bits to the register.""]
    #[inline(always)]
    pub unsafe fn bits(&mut self, bits: u32) -> &mut Self {
        self.0.bits(bits);
        self
    }
}
#[doc = ""Service Request Processing Suspend Config\n\nThis register you can [`read`](crate::generic::Reg::read), [`write_with_zero`](crate::generic::Reg::write_with_zero), [`reset`](crate::generic::Reg::reset), [`write`](crate::generic::Reg::write), [`modify`](crate::generic::Reg::modify). See [API](https://docs.rs/svd2rust/#read--modify--write-api).\n\nFor information about available fields see [psus](index.html) module""]
pub struct PSUS_SPEC;
impl crate::RegisterSpec for PSUS_SPEC {
    type Ux = u32;
}
#[doc = ""`read()` method returns [psus::R](R) reader structure""]
impl crate::Readable for PSUS_SPEC {
    type Reader = R;
}
#[doc = ""`write(|w| ..)` method takes [psus::W](W) writer structure""]
impl crate::Writable for PSUS_SPEC {
    type Writer = W;
}
#[doc = ""`reset()` method sets PSUS to value 0""]
impl crate::Resettable for PSUS_SPEC {
    #[inline(always)]
    fn reset_value() -> Self::Ux {
        0
    }
}","#[doc = ""Field `QSUS` writer - Quadrature Mode Suspend Config""]
pub struct QSUS_W<'a> {
    w: &'a mut W,
}
impl<'a> QSUS_W<'a> {
    #[doc = r""Writes `variant` to the field""]
    #[inline(always)]
    pub fn variant(self, variant: QSUS_A) -> &'a mut W {
        self.bits(variant.into())
    }
    #[doc = ""Suspend request ignored""]
    #[inline(always)]
    pub fn value1(self) -> &'a mut W {
        self.variant(QSUS_A::VALUE1)
    }
    #[doc = ""Stop immediately""]
    #[inline(always)]
    pub fn value2(self) -> &'a mut W {
        self.variant(QSUS_A::VALUE2)
    }
    #[doc = ""Suspend in the next index occurrence""]
    #[inline(always)]
    pub fn value3(self) -> &'a mut W {
        self.variant(QSUS_A::VALUE3)
    }
    #[doc = ""Suspend in the next phase (PhaseA or PhaseB"
deepseek,deepseek-ai/DeepSeek-V3.2:novita,rust,GPL-3.0,tasks::doubly-linked-list::element-insertion::src::main.rs,107,0.2,0,0.12169312169312169,"
impl<T> Rawlink<T> {
    fn none() -> Self {
        Rawlink { p: ptr::null_mut() }
    }

    fn some(n: &mut T) -> Rawlink<T> {
        Rawlink { p: n }
    }
}

impl<'a, T> From<&'a mut Link<T>> for Rawlink<Node<T>> {
    fn from(node: &'a mut Link<T>) -> Self {
        match node.as_mut() {
            None => Rawlink::none(),
            Some(ptr) => Rawlink::some(ptr),
        }
    }
}

fn link_no_prev<T>(mut next: Box<Node<T>>) -> Link<T> {
    next.prev = Rawlink::none();
    Some(next)
}

impl<T> LinkedList<T> {
    pub fn new() -> LinkedList<T> {
        LinkedList {
            length: 0,
            list_head: None,
            list_tail: Rawlink { p: ptr::null_mut() },
        }
    }

    #[inline]
    fn push_front_node(&mut self, mut new_head: Box<Node<T>>) {
        match self.list_head {
            None => {
                self.list_head = link_no_prev(new_head);
                self.list_tail = Rawlink::from(&mut self.list_head);
            }
            Some(ref mut head) => {
                new_head.prev = Rawlink::none();
                head.prev = Rawlink::some(&mut *new_head);
                mem::swap(head, &mut new_head);
                head.next = Some(new_head);
            }
        }
        self.length += 1;
    }
    pub fn push_front(&mut self, elt: T) {
        self.push_front_node(Box::new(Node::new(elt)));
    }
}

impl<T> Default for LinkedList<T> {
    fn default() -> Self {
        Self::new()
    }
}

fn main() {
    use std::collections;
    let mut list1 = collections::LinkedList::new();
    list1.push_front(8);

    let mut list2 = LinkedList::new();
    list2.push_front(8);
}","impl<T> Rawlink<T> {
    fn none() -> Self {
        Rawlink { p: ptr::null_mut() }
    }

    fn some(n: &mut T) -> Self {
        Rawlink { p: n }
    }

    fn resolve(&self) -> Option<&T> {
        unsafe { self.p.as_ref() }
    }

    fn resolve_mut(&mut self) -> Option<&mut T> {
        unsafe { self.p.as_mut() }
    }

    fn is_null(&self) -> bool {
        self.p.is_null()
    }
}

impl<T> Clone for Rawlink<T> {
    fn clone(&self) -> Self {
        Rawlink { p: self.p }
    }
}

impl<T> Copy for Rawlink<T> {}

impl<T> LinkedList<T> {
    pub fn new() -> Self {
        LinkedList {
            length: 0,
            list_head: None,
            list_tail: Rawlink::none(),
        }
    }

    pub fn push_front(&mut self, v: T) {
        self.length += 1;
        let mut new_node = Box::new(Node::new(v));
        match self.list_head.take() {
            None =>"
deepseek,deepseek-ai/DeepSeek-V3.2:novita,rust,GPL-3.0,tasks::doubly-linked-list::element-insertion::src::main.rs,107,0.4,0,0.13440860215053763,"
impl<T> Rawlink<T> {
    fn none() -> Self {
        Rawlink { p: ptr::null_mut() }
    }

    fn some(n: &mut T) -> Rawlink<T> {
        Rawlink { p: n }
    }
}

impl<'a, T> From<&'a mut Link<T>> for Rawlink<Node<T>> {
    fn from(node: &'a mut Link<T>) -> Self {
        match node.as_mut() {
            None => Rawlink::none(),
            Some(ptr) => Rawlink::some(ptr),
        }
    }
}

fn link_no_prev<T>(mut next: Box<Node<T>>) -> Link<T> {
    next.prev = Rawlink::none();
    Some(next)
}

impl<T> LinkedList<T> {
    pub fn new() -> LinkedList<T> {
        LinkedList {
            length: 0,
            list_head: None,
            list_tail: Rawlink { p: ptr::null_mut() },
        }
    }

    #[inline]
    fn push_front_node(&mut self, mut new_head: Box<Node<T>>) {
        match self.list_head {
            None => {
                self.list_head = link_no_prev(new_head);
                self.list_tail = Rawlink::from(&mut self.list_head);
            }
            Some(ref mut head) => {
                new_head.prev = Rawlink::none();
                head.prev = Rawlink::some(&mut *new_head);
                mem::swap(head, &mut new_head);
                head.next = Some(new_head);
            }
        }
        self.length += 1;
    }
    pub fn push_front(&mut self, elt: T) {
        self.push_front_node(Box::new(Node::new(elt)));
    }
}

impl<T> Default for LinkedList<T> {
    fn default() -> Self {
        Self::new()
    }
}

fn main() {
    use std::collections;
    let mut list1 = collections::LinkedList::new();
    list1.push_front(8);

    let mut list2 = LinkedList::new();
    list2.push_front(8);
}","impl<T> Rawlink<T> {
    fn none() -> Rawlink<T> {
        Rawlink { p: ptr::null_mut() }
    }

    fn some(n: &mut T) -> Rawlink<T> {
        Rawlink { p: n as *mut T }
    }

    fn into_option(self) -> Option<&'static mut T> {
        if self.p.is_null() {
            None
        } else {
            Some(unsafe { &mut *self.p })
        }
    }

    fn as_ref(&self) -> Option<&T> {
        if self.p.is_null() {
            None
        } else {
            Some(unsafe { &*self.p })
        }
    }

    fn as_mut(&mut self) -> Option<&mut T> {
        if self.p.is_null() {
            None
        } else {
            Some(unsafe { &mut *self.p })
        }
    }
}

impl<T> Clone for Rawlink<T> {
    fn clone(&self) -> Self {
        Rawlink { p: self.p }
    }
}

impl<T> Copy for Rawlink<T> {}

impl<T> LinkedList<T> {
    pub fn new() ->"
deepseek,deepseek-ai/DeepSeek-V3.2:novita,rust,GPL-3.0,tasks::doubly-linked-list::element-insertion::src::main.rs,107,0.8,0,0.05263157894736842,"
impl<T> Rawlink<T> {
    fn none() -> Self {
        Rawlink { p: ptr::null_mut() }
    }

    fn some(n: &mut T) -> Rawlink<T> {
        Rawlink { p: n }
    }
}

impl<'a, T> From<&'a mut Link<T>> for Rawlink<Node<T>> {
    fn from(node: &'a mut Link<T>) -> Self {
        match node.as_mut() {
            None => Rawlink::none(),
            Some(ptr) => Rawlink::some(ptr),
        }
    }
}

fn link_no_prev<T>(mut next: Box<Node<T>>) -> Link<T> {
    next.prev = Rawlink::none();
    Some(next)
}

impl<T> LinkedList<T> {
    pub fn new() -> LinkedList<T> {
        LinkedList {
            length: 0,
            list_head: None,
            list_tail: Rawlink { p: ptr::null_mut() },
        }
    }

    #[inline]
    fn push_front_node(&mut self, mut new_head: Box<Node<T>>) {
        match self.list_head {
            None => {
                self.list_head = link_no_prev(new_head);
                self.list_tail = Rawlink::from(&mut self.list_head);
            }
            Some(ref mut head) => {
                new_head.prev = Rawlink::none();
                head.prev = Rawlink::some(&mut *new_head);
                mem::swap(head, &mut new_head);
                head.next = Some(new_head);
            }
        }
        self.length += 1;
    }
    pub fn push_front(&mut self, elt: T) {
        self.push_front_node(Box::new(Node::new(elt)));
    }
}

impl<T> Default for LinkedList<T> {
    fn default() -> Self {
        Self::new()
    }
}

fn main() {
    use std::collections;
    let mut list1 = collections::LinkedList::new();
    list1.push_front(8);

    let mut list2 = LinkedList::new();
    list2.push_front(8);
}","fn elem_before(&mut self, new_value: T, index: usize) {
        if index == 0 {
            self.push_front(new_value);
            return;
        }
        if index > self.length {
            panic!(""Index out of bounds"");
        }
        let mut node = self.list_head.as_mut().unwrap();
        for _ in 0..(index - 1) {
            node = node.next.as_mut().unwrap();
        }
        let mut new_node = Box::new(Node::new(new_value));
        new_node.next = node.next.take();
        new_node.prev = Rawlink::some(node);
        if let Some(ref mut next) = new_node.next {
            next.prev = Rawlink::some(&mut *new_node);
        } else {
            self.list_tail = Rawlink::some(&mut *new_node);
        }
        node.next = Some(new_node);
        self.length += 1;
    }

    fn elem_after(&mut self, new_value: T, index: usize) {
        if index >= self.length {
            panic!(""Index out of bounds"");
        }
        let mut node = self.list_head.as_mut().unwrap();
        for _ in 0..index"
deepseek,deepseek-ai/DeepSeek-V3.2:novita,rust,GPL-3.0,src::finder.rs,156,0.2,0,0.09009009009009009,"    ) -> Result<PathBuf>
    where
        T: AsRef<OsStr>,
        U: AsRef<OsStr>,
        V: AsRef<Path>,
    {
        let path = PathBuf::from(&binary_name);

        let binary_path_candidates: Box<dyn Iterator<Item = _>> = if path.has_separator() {
            // Search binary in cwd if the path have a path separator.
            let candidates = Self::cwd_search_candidates(path, cwd).into_iter();
            Box::new(candidates)
        } else {
            // Search binary in PATHs(defined in environment variable).
            let p = paths.ok_or(Error::CannotFindBinaryPath)?;
            let paths: Vec<_> = env::split_paths(&p).collect();

            let candidates = Self::path_search_candidates(path, paths).into_iter();

            Box::new(candidates)
        };

        for p in binary_path_candidates {
            // find a valid binary
            if binary_checker.is_valid(&p) {
                return Ok(p);
            }
        }

        // can't find any binary
        Err(Error::CannotFindBinaryPath)
    }

    fn cwd_search_candidates<C>(binary_name: PathBuf, cwd: C) -> impl IntoIterator<Item = PathBuf>
    where
        C: AsRef<Path>,
    {
        let path = binary_name.to_absolute(cwd);

        Self::append_extension(iter::once(path))
    }

    fn path_search_candidates<P>(
        binary_name: PathBuf,
        paths: P,
    ) -> impl IntoIterator<Item = PathBuf>
    where
        P: IntoIterator<Item = PathBuf>,
    {
        let new_paths = paths.into_iter().map(move |p| p.join(binary_name.clone()));

        Self::append_extension(new_paths)
    }

    #[cfg(unix)]
    fn append_extension<P>(paths: P) -> impl IntoIterator<Item = PathBuf>
    where
        P: IntoIterator<Item = PathBuf>,
    {
        paths
    }

    #[cfg(windows)]
    fn append_extension<P>(paths: P) -> impl IntoIterator<Item = PathBuf>
    where
        P: IntoIterator<Item = PathBuf>,
    {
        // Read PATHEXT env variable and split it into vector of String
        let path_exts =
            env::var_os(""PATHEXT"").unwrap_or(OsString::from(env::consts::EXE_EXTENSION));

        let exe_extension_vec = env::split_paths(&path_exts)
            .filter_map(|e| e.to_str().map(|e| e.to_owned()))
            .collect::<Vec<_>>();

        paths
            .into_iter()
            .flat_map(move |p| -> Box<dyn Iterator<Item = _>> {
                // Check if path already have executable extension
                if has_executable_extension(&p, &exe_extension_vec) {
                    Box::new(iter::once(p))
                } else {
                    // Appended paths with windows executable extensions.
                    // e.g. path `c:/windows/bin` will expend to:
                    // c:/windows/bin.COM
                    // c:/windows/bin.EXE
                    // c:/windows/bin.CMD
                    // ...
                    let ps = exe_extension_vec.clone().into_iter().map(move |e| {
                        // Append the extension.
                        let mut p = p.clone().to_path_buf().into_os_string();
                        p.push(e);

                        PathBuf::from(p)
                    });

                    Box::new(ps)
                }
            })
    }
}",") -> Result<PathBuf>
    where
        T: AsRef<OsStr>,
        U: AsRef<OsStr>,
        V: AsRef<Path>,
    {
        let binary_name = binary_name.as_ref();
        let cwd = cwd.as_ref();

        // If the binary name already contains a path separator, check it directly
        let binary_name_str = binary_name.to_string_lossy();
        if binary_name_str.contains('/') || (cfg!(windows) && binary_name_str.contains('\\')) {
            let path = PathBuf::from(binary_name);
            let absolute_path = path.to_absolute(cwd);
            if binary_checker.is_valid(&absolute_path) {
                return Ok(absolute_path);
            } else {
                return Err(Error::NotFound);
            }
        }

        // Get paths to search
        let search_paths = if let Some(paths) = paths {
            env::split_paths(&paths).collect()
        } else {
            env::var_os(""PATH"")
                .map(env::split_paths)
                .map(Iterator::collect)
                .unwrap_or_else(Vec::new)
        };

        // On Windows, also consider the"
deepseek,deepseek-ai/DeepSeek-V3.2:novita,rust,GPL-3.0,src::finder.rs,156,0.4,0,0.06278026905829596,"    ) -> Result<PathBuf>
    where
        T: AsRef<OsStr>,
        U: AsRef<OsStr>,
        V: AsRef<Path>,
    {
        let path = PathBuf::from(&binary_name);

        let binary_path_candidates: Box<dyn Iterator<Item = _>> = if path.has_separator() {
            // Search binary in cwd if the path have a path separator.
            let candidates = Self::cwd_search_candidates(path, cwd).into_iter();
            Box::new(candidates)
        } else {
            // Search binary in PATHs(defined in environment variable).
            let p = paths.ok_or(Error::CannotFindBinaryPath)?;
            let paths: Vec<_> = env::split_paths(&p).collect();

            let candidates = Self::path_search_candidates(path, paths).into_iter();

            Box::new(candidates)
        };

        for p in binary_path_candidates {
            // find a valid binary
            if binary_checker.is_valid(&p) {
                return Ok(p);
            }
        }

        // can't find any binary
        Err(Error::CannotFindBinaryPath)
    }

    fn cwd_search_candidates<C>(binary_name: PathBuf, cwd: C) -> impl IntoIterator<Item = PathBuf>
    where
        C: AsRef<Path>,
    {
        let path = binary_name.to_absolute(cwd);

        Self::append_extension(iter::once(path))
    }

    fn path_search_candidates<P>(
        binary_name: PathBuf,
        paths: P,
    ) -> impl IntoIterator<Item = PathBuf>
    where
        P: IntoIterator<Item = PathBuf>,
    {
        let new_paths = paths.into_iter().map(move |p| p.join(binary_name.clone()));

        Self::append_extension(new_paths)
    }

    #[cfg(unix)]
    fn append_extension<P>(paths: P) -> impl IntoIterator<Item = PathBuf>
    where
        P: IntoIterator<Item = PathBuf>,
    {
        paths
    }

    #[cfg(windows)]
    fn append_extension<P>(paths: P) -> impl IntoIterator<Item = PathBuf>
    where
        P: IntoIterator<Item = PathBuf>,
    {
        // Read PATHEXT env variable and split it into vector of String
        let path_exts =
            env::var_os(""PATHEXT"").unwrap_or(OsString::from(env::consts::EXE_EXTENSION));

        let exe_extension_vec = env::split_paths(&path_exts)
            .filter_map(|e| e.to_str().map(|e| e.to_owned()))
            .collect::<Vec<_>>();

        paths
            .into_iter()
            .flat_map(move |p| -> Box<dyn Iterator<Item = _>> {
                // Check if path already have executable extension
                if has_executable_extension(&p, &exe_extension_vec) {
                    Box::new(iter::once(p))
                } else {
                    // Appended paths with windows executable extensions.
                    // e.g. path `c:/windows/bin` will expend to:
                    // c:/windows/bin.COM
                    // c:/windows/bin.EXE
                    // c:/windows/bin.CMD
                    // ...
                    let ps = exe_extension_vec.clone().into_iter().map(move |e| {
                        // Append the extension.
                        let mut p = p.clone().to_path_buf().into_os_string();
                        p.push(e);

                        PathBuf::from(p)
                    });

                    Box::new(ps)
                }
            })
    }
}",") -> Result<PathBuf>
    where
        T: AsRef<OsStr>,
        U: AsRef<OsStr>,
        V: AsRef<Path>,
    {
        let binary_name = binary_name.as_ref();
        let cwd = cwd.as_ref();

        // Helper function to check a single path candidate
        let check_candidate = |path: PathBuf| -> Option<PathBuf> {
            if binary_checker.is_valid(&path) {
                Some(path)
            } else {
                None
            }
        };

        // If the binary name contains a path separator, check it directly
        let path_buf = PathBuf::from(binary_name);
        if path_buf.has_separator() {
            let absolute_path = path_buf.to_absolute(cwd);
            return check_candidate(absolute_path)
                .ok_or_else(|| Error::CannotFindBinary {
                    binary_name: binary_name.to_os_string(),
                });
        }

        // Get the paths to search
        let env_paths = paths
            .map(|p| env::split_paths(&p).collect::<Vec<_>>())
            .unwrap_or_default();

        #[cfg(windows)]"
deepseek,deepseek-ai/DeepSeek-V3.2:novita,rust,GPL-3.0,src::finder.rs,156,0.8,0,0.09606986899563319,"    ) -> Result<PathBuf>
    where
        T: AsRef<OsStr>,
        U: AsRef<OsStr>,
        V: AsRef<Path>,
    {
        let path = PathBuf::from(&binary_name);

        let binary_path_candidates: Box<dyn Iterator<Item = _>> = if path.has_separator() {
            // Search binary in cwd if the path have a path separator.
            let candidates = Self::cwd_search_candidates(path, cwd).into_iter();
            Box::new(candidates)
        } else {
            // Search binary in PATHs(defined in environment variable).
            let p = paths.ok_or(Error::CannotFindBinaryPath)?;
            let paths: Vec<_> = env::split_paths(&p).collect();

            let candidates = Self::path_search_candidates(path, paths).into_iter();

            Box::new(candidates)
        };

        for p in binary_path_candidates {
            // find a valid binary
            if binary_checker.is_valid(&p) {
                return Ok(p);
            }
        }

        // can't find any binary
        Err(Error::CannotFindBinaryPath)
    }

    fn cwd_search_candidates<C>(binary_name: PathBuf, cwd: C) -> impl IntoIterator<Item = PathBuf>
    where
        C: AsRef<Path>,
    {
        let path = binary_name.to_absolute(cwd);

        Self::append_extension(iter::once(path))
    }

    fn path_search_candidates<P>(
        binary_name: PathBuf,
        paths: P,
    ) -> impl IntoIterator<Item = PathBuf>
    where
        P: IntoIterator<Item = PathBuf>,
    {
        let new_paths = paths.into_iter().map(move |p| p.join(binary_name.clone()));

        Self::append_extension(new_paths)
    }

    #[cfg(unix)]
    fn append_extension<P>(paths: P) -> impl IntoIterator<Item = PathBuf>
    where
        P: IntoIterator<Item = PathBuf>,
    {
        paths
    }

    #[cfg(windows)]
    fn append_extension<P>(paths: P) -> impl IntoIterator<Item = PathBuf>
    where
        P: IntoIterator<Item = PathBuf>,
    {
        // Read PATHEXT env variable and split it into vector of String
        let path_exts =
            env::var_os(""PATHEXT"").unwrap_or(OsString::from(env::consts::EXE_EXTENSION));

        let exe_extension_vec = env::split_paths(&path_exts)
            .filter_map(|e| e.to_str().map(|e| e.to_owned()))
            .collect::<Vec<_>>();

        paths
            .into_iter()
            .flat_map(move |p| -> Box<dyn Iterator<Item = _>> {
                // Check if path already have executable extension
                if has_executable_extension(&p, &exe_extension_vec) {
                    Box::new(iter::once(p))
                } else {
                    // Appended paths with windows executable extensions.
                    // e.g. path `c:/windows/bin` will expend to:
                    // c:/windows/bin.COM
                    // c:/windows/bin.EXE
                    // c:/windows/bin.CMD
                    // ...
                    let ps = exe_extension_vec.clone().into_iter().map(move |e| {
                        // Append the extension.
                        let mut p = p.clone().to_path_buf().into_os_string();
                        p.push(e);

                        PathBuf::from(p)
                    });

                    Box::new(ps)
                }
            })
    }
}",") -> Result<PathBuf, Error>
    where
        T: AsRef<OsStr>,
        U: AsRef<OsStr>,
        V: AsRef<Path>,
    {
        let binary_name = binary_name.as_ref();
        let paths = paths.as_ref().map(OsStr::as_ref);
        let cwd = cwd.as_ref();

        // If the binary name already contains a separator, treat it as a path
        let binary_path = PathBuf::from(binary_name);
        if binary_path.has_separator() {
            let absolute_path = binary_path.to_absolute(cwd);
            if binary_checker.is_valid(&absolute_path) {
                return Ok(absolute_path);
            }
            return Err(Error::NotFound);
        }

        // Otherwise, search in PATH directories
        let paths_env = paths.unwrap_or_else(|| OsStr::new(""""));
        let paths_iter = env::split_paths(paths_env);

        #[cfg(windows)]
        let extensions: Option<Vec<OsString>> = env::var_os(""PATHEXT"")
            .map(|exts| env::split_paths(&exts).map(PathBuf::into_os_string)."
deepseek,deepseek-ai/DeepSeek-V3.2:novita,rust,GPL-3.0,src::lib.rs,58,0.2,0,0.0,"
    pub fn run(&self) {
        for example in self.examples.iter() {
            let result = example.run();

            println!(""{}: {}"", self.format_result(result), self.example_name(example));
        }
    }

    fn example_name(&self, example: &Example) -> String {
        format!(""{} {}"", self.name, example.name)
    }

    fn format_result(&self, result: bool) -> &'static str {
        if result {
            ""PASSED""
        } else {
            ""FAILED""
        }
    }
}

impl Example {
    pub fn run(&self) -> bool {
        (self.body)()
    }
}

pub fn describe<B: Fn(&mut ExampleGroup)>(name: &'static str, body: B) {
    let example_group = &mut ExampleGroup {
        name: name,
        examples: vec![],
    };

    body(example_group);

    example_group.run();
}","}

    pub fn run(&self) -> bool {
        let mut all_passed = true;
        for example in &self.examples {
            let passed = (example.body)();
            if passed {
                println!(""✓ {}::{} passed"", self.name, example.name);
            } else {
                println!(""✗ {}::{} failed"", self.name, example.name);
                all_passed = false;
            }
        }
        all_passed
    }

    pub fn describe(name: &'static str) -> ExampleGroup {
        ExampleGroup {
            name,
            examples: Vec::new(),
        }
    }
}"
deepseek,deepseek-ai/DeepSeek-V3.2:novita,rust,GPL-3.0,src::lib.rs,58,0.4,0,0.0,"
    pub fn run(&self) {
        for example in self.examples.iter() {
            let result = example.run();

            println!(""{}: {}"", self.format_result(result), self.example_name(example));
        }
    }

    fn example_name(&self, example: &Example) -> String {
        format!(""{} {}"", self.name, example.name)
    }

    fn format_result(&self, result: bool) -> &'static str {
        if result {
            ""PASSED""
        } else {
            ""FAILED""
        }
    }
}

impl Example {
    pub fn run(&self) -> bool {
        (self.body)()
    }
}

pub fn describe<B: Fn(&mut ExampleGroup)>(name: &'static str, body: B) {
    let example_group = &mut ExampleGroup {
        name: name,
        examples: vec![],
    };

    body(example_group);

    example_group.run();
}","}

pub fn describe(name: &'static str) -> ExampleGroup {
    ExampleGroup {
        name: name,
        examples: Vec::new(),
    }
}

pub fn run_group(group: &ExampleGroup) -> Vec<(&'static str, bool)> {
    group.examples.iter().map(|example| {
        (example.name, (example.body)())
    }).collect()
}"
deepseek,deepseek-ai/DeepSeek-V3.2:novita,rust,GPL-3.0,src::lib.rs,58,0.8,0,0.0,"
    pub fn run(&self) {
        for example in self.examples.iter() {
            let result = example.run();

            println!(""{}: {}"", self.format_result(result), self.example_name(example));
        }
    }

    fn example_name(&self, example: &Example) -> String {
        format!(""{} {}"", self.name, example.name)
    }

    fn format_result(&self, result: bool) -> &'static str {
        if result {
            ""PASSED""
        } else {
            ""FAILED""
        }
    }
}

impl Example {
    pub fn run(&self) -> bool {
        (self.body)()
    }
}

pub fn describe<B: Fn(&mut ExampleGroup)>(name: &'static str, body: B) {
    let example_group = &mut ExampleGroup {
        name: name,
        examples: vec![],
    };

    body(example_group);

    example_group.run();
}","}

pub fn run(&self) -> bool {
    let mut all_passed = true;
    for example in &self.examples {
        print!(""{}::{} ... "", self.name, example.name);
        let passed = (example.body)();
        if passed {
            println!(""ok"");
        } else {
            println!(""FAILED"");
            all_passed = false;
        }
    }
    all_passed
}"
deepseek,deepseek-ai/DeepSeek-V3.2:novita,rust,GPL-3.0,build.rs,54,0.2,0,0.6326530612244898,"        .arg(""--with-pic"")
        .current_dir(&c_src_path)
        .output()
        .expect(""Failed to configure parasail."");

    // build the library
    Command::new(""make"")
        .arg(format!(""-j{}"", num_jobs))
        .current_dir(&c_src_path)
        .output()
        .expect(""Failed to build parasail."");

    // put the static library in the right directory so we can clean up
    let target_file = format!(""{}/libparasail.a"", out_dir);
    copy(""parasail_c/.libs/libparasail.a"", target_file)
        .expect(""Problem copying library to target directoy."");

    // clean up the temporary build files
    Command::new(""make"")
        .current_dir(&c_src_path)
        .arg(""clean"")
        .output()
        .expect(""Failed to clean up build files."");

    // clean up the configuration files
    Command::new(""make"")
        .arg(""distclean"")
        .current_dir(&c_src_path)
        .output()
        .expect(""Failed to clean up configuration files."");

    // let cargo know that it can find the file in the out directory
    println!(""cargo:rustc-link-search=native={}"", out_dir);
    println!(""cargo:rustc-link-lib=static=parasail"");
}",".arg(""--disable-static"")
        .current_dir(&c_src_path)
        .status()
        .expect(""Failed to execute configure"");

    // build the library
    Command::new(""make"")
        .arg(""-j"")
        .arg(&num_jobs)
        .current_dir(&c_src_path)
        .status()
        .expect(""Failed to execute make"");

    // copy the built library to the output directory
    let lib_name = ""libparasail.so"";
    let src_lib = c_src_path.join(lib_name);
    let dest_lib = Path::new(&out_dir).join(lib_name);
    copy(&src_lib, &dest_lib).expect(""Failed to copy library"");

    // tell cargo to link the library
    println!(""cargo:rustc-link-search=native={}"", out_dir);
    println!(""cargo:rustc-link-lib=dylib=parasail"");
}"
deepseek,deepseek-ai/DeepSeek-V3.2:novita,rust,GPL-3.0,build.rs,54,0.4,0,0.391304347826087,"        .arg(""--with-pic"")
        .current_dir(&c_src_path)
        .output()
        .expect(""Failed to configure parasail."");

    // build the library
    Command::new(""make"")
        .arg(format!(""-j{}"", num_jobs))
        .current_dir(&c_src_path)
        .output()
        .expect(""Failed to build parasail."");

    // put the static library in the right directory so we can clean up
    let target_file = format!(""{}/libparasail.a"", out_dir);
    copy(""parasail_c/.libs/libparasail.a"", target_file)
        .expect(""Problem copying library to target directoy."");

    // clean up the temporary build files
    Command::new(""make"")
        .current_dir(&c_src_path)
        .arg(""clean"")
        .output()
        .expect(""Failed to clean up build files."");

    // clean up the configuration files
    Command::new(""make"")
        .arg(""distclean"")
        .current_dir(&c_src_path)
        .output()
        .expect(""Failed to clean up configuration files."");

    // let cargo know that it can find the file in the out directory
    println!(""cargo:rustc-link-search=native={}"", out_dir);
    println!(""cargo:rustc-link-lib=static=parasail"");
}",".arg(""--disable-static"")
        .current_dir(&c_src_path)
        .status()
        .unwrap();

    // build the library
    Command::new(""make"")
        .arg(""-j"")
        .arg(&num_jobs)
        .current_dir(&c_src_path)
        .status()
        .unwrap();

    // copy the built library to the output directory
    let lib_name = ""libparasail.so"";
    let src_lib = c_src_path.join("".libs"").join(lib_name);
    let dst_lib = Path::new(&out_dir).join(lib_name);
    copy(&src_lib, &dst_lib).unwrap();

    // tell cargo to link the library
    println!(""cargo:rustc-link-search=native={}"", out_dir);
    println!(""cargo:rustc-link-lib=dylib=parasail"");
}"
deepseek,deepseek-ai/DeepSeek-V3.2:novita,rust,GPL-3.0,build.rs,54,0.8,0,0.4583333333333333,"        .arg(""--with-pic"")
        .current_dir(&c_src_path)
        .output()
        .expect(""Failed to configure parasail."");

    // build the library
    Command::new(""make"")
        .arg(format!(""-j{}"", num_jobs))
        .current_dir(&c_src_path)
        .output()
        .expect(""Failed to build parasail."");

    // put the static library in the right directory so we can clean up
    let target_file = format!(""{}/libparasail.a"", out_dir);
    copy(""parasail_c/.libs/libparasail.a"", target_file)
        .expect(""Problem copying library to target directoy."");

    // clean up the temporary build files
    Command::new(""make"")
        .current_dir(&c_src_path)
        .arg(""clean"")
        .output()
        .expect(""Failed to clean up build files."");

    // clean up the configuration files
    Command::new(""make"")
        .arg(""distclean"")
        .current_dir(&c_src_path)
        .output()
        .expect(""Failed to clean up configuration files."");

    // let cargo know that it can find the file in the out directory
    println!(""cargo:rustc-link-search=native={}"", out_dir);
    println!(""cargo:rustc-link-lib=static=parasail"");
}",".arg(""--enable-shared"")
        .current_dir(&c_src_path)
        .status()
        .unwrap();

    // build the library
    Command::new(""make"")
        .arg(""-j"")
        .arg(&num_jobs)
        .current_dir(&c_src_path)
        .status()
        .unwrap();

    // copy the built library to the output directory
    let lib_path = c_src_path.join(""libparasail.so"");
    let dest_path = Path::new(&out_dir).join(""libparasail.so"");
    copy(&lib_path, &dest_path).unwrap();

    // tell cargo to link the library
    println!(""cargo:rustc-link-search=native={}"", out_dir);
    println!(""cargo:rustc-link-lib=dylib=parasail"");

    // re-run this build script if the C source changes
    println!(""cargo:rerun-if-changed={}"", c_src_path.display());
}"
deepseek,deepseek-ai/DeepSeek-V3.2:novita,rust,GPL-3.0,src::elements::stars.rs,104,0.2,0,0.033707865168539325,"    }

    pub fn set_visible(&mut self, visible: bool) {
        self.visible = visible;
    }

    fn rand(range: u32, seed: &mut (u32, u32)) -> i32 {
        seed.0 = 36969 * (seed.0 & 0xffff) + (seed.0 >> 16);
        seed.1 = 18000 * (seed.1 & 0xffff) + (seed.1 >> 16);
        let next = (seed.0 << 16) | (seed.1 & 0xffff);
        (next % range) as i32
    }

    fn draw_star(
        &self,
        x: i32,
        y: i32,
        width: u32,
        gray: u8,
        canvas: &mut Canvas,
    ) {
        canvas.fill_rect((gray, gray, gray), Rect::new(x, y, width, 1));
    }

    fn draw_layer(
        &self,
        spacing: u32,
        speed: i32,
        gray: u8,
        canvas: &mut Canvas,
    ) {
        let mut seed = (123456789, 987654321);
        let star_width = (speed / 2) as u32;
        let modulus = (self.rect.width() + spacing) as i32;
        let scroll = (self.anim * speed) % modulus;
        let mut yoff = 0;
        while yoff < modulus {
            let mut xoff = 0;
            while xoff < modulus {
                let x = ((xoff + scroll) % modulus) - spacing as i32
                    + MovingStars::rand(spacing, &mut seed);
                let y = yoff + MovingStars::rand(spacing, &mut seed);
                self.draw_star(x, y, star_width, gray, canvas);
                xoff += spacing as i32;
            }
            yoff += spacing as i32;
        }
    }

    pub fn draw(&self, canvas: &mut Canvas) {
        if self.visible {
            let mut canvas = canvas.subcanvas(self.rect);
            canvas.clear((0, 0, 0));
            self.draw_layer(16, 8, 63, &mut canvas);
            self.draw_layer(32, 16, 127, &mut canvas);
        }
    }

    pub fn tick_animation(&mut self) -> bool {
        if self.visible {
            self.anim += 1;
        }
        self.visible
    }
}

// ========================================================================= //","}

    pub fn show(&mut self) {
        self.visible = true;
    }

    pub fn hide(&mut self) {
        self.visible = false;
    }

    pub fn tick(&mut self) {
        if self.visible {
            self.anim = self.anim.wrapping_add(1);
        }
    }

    pub fn draw(&self, canvas: &mut Canvas) {
        if !self.visible {
            return;
        }
        let star_positions = self.star_positions();
        for &(x, y) in &star_positions {
            canvas.draw_pixel(self.rect.left + x, self.rect.top + y, 0xffffff);
        }
    }

    fn star_positions(&self) -> Vec<(i32, i32)> {
        let mut positions = Vec::new();
        let width = self.rect.width as i32;
        let height = self.rect.height as i32;
        let phase = self.anim % 8;
        for i in 0..width {
            for j in 0..height {
                if (i + j * 2 + phase) % 8 == 0 {
                    positions.push((i,"
deepseek,deepseek-ai/DeepSeek-V3.2:novita,rust,GPL-3.0,src::elements::stars.rs,104,0.4,0,0.054945054945054944,"    }

    pub fn set_visible(&mut self, visible: bool) {
        self.visible = visible;
    }

    fn rand(range: u32, seed: &mut (u32, u32)) -> i32 {
        seed.0 = 36969 * (seed.0 & 0xffff) + (seed.0 >> 16);
        seed.1 = 18000 * (seed.1 & 0xffff) + (seed.1 >> 16);
        let next = (seed.0 << 16) | (seed.1 & 0xffff);
        (next % range) as i32
    }

    fn draw_star(
        &self,
        x: i32,
        y: i32,
        width: u32,
        gray: u8,
        canvas: &mut Canvas,
    ) {
        canvas.fill_rect((gray, gray, gray), Rect::new(x, y, width, 1));
    }

    fn draw_layer(
        &self,
        spacing: u32,
        speed: i32,
        gray: u8,
        canvas: &mut Canvas,
    ) {
        let mut seed = (123456789, 987654321);
        let star_width = (speed / 2) as u32;
        let modulus = (self.rect.width() + spacing) as i32;
        let scroll = (self.anim * speed) % modulus;
        let mut yoff = 0;
        while yoff < modulus {
            let mut xoff = 0;
            while xoff < modulus {
                let x = ((xoff + scroll) % modulus) - spacing as i32
                    + MovingStars::rand(spacing, &mut seed);
                let y = yoff + MovingStars::rand(spacing, &mut seed);
                self.draw_star(x, y, star_width, gray, canvas);
                xoff += spacing as i32;
            }
            yoff += spacing as i32;
        }
    }

    pub fn draw(&self, canvas: &mut Canvas) {
        if self.visible {
            let mut canvas = canvas.subcanvas(self.rect);
            canvas.clear((0, 0, 0));
            self.draw_layer(16, 8, 63, &mut canvas);
            self.draw_layer(32, 16, 127, &mut canvas);
        }
    }

    pub fn tick_animation(&mut self) -> bool {
        if self.visible {
            self.anim += 1;
        }
        self.visible
    }
}

// ========================================================================= //","}

    pub fn tick(&mut self, reverse: bool) {
        if self.visible {
            if reverse {
                self.anim = self.anim.checked_sub(1).unwrap_or(59);
            } else {
                self.anim = (self.anim + 1) % 60;
            }
        }
    }

    pub fn set_visible(&mut self, visible: bool) {
        self.visible = visible;
    }

    pub fn draw(&self, canvas: &mut Canvas) {
        if !self.visible {
            return;
        }
        let left = self.rect.left();
        let top = self.rect.top();
        let width = self.rect.width();
        let height = self.rect.height();
        for i in 0..height {
            let y = top + i as i32;
            for j in 0..width {
                let x = left + j as i32;
                let offset = ((i * 7) ^ (j * 13)) as i32;
                let phase = (self.anim + offset) % 60;
                let brightness = if phase < 20 {
                    phase
                } else if phase < 40 {"
deepseek,deepseek-ai/DeepSeek-V3.2:novita,rust,GPL-3.0,src::elements::stars.rs,104,0.8,0,0.03314917127071823,"    }

    pub fn set_visible(&mut self, visible: bool) {
        self.visible = visible;
    }

    fn rand(range: u32, seed: &mut (u32, u32)) -> i32 {
        seed.0 = 36969 * (seed.0 & 0xffff) + (seed.0 >> 16);
        seed.1 = 18000 * (seed.1 & 0xffff) + (seed.1 >> 16);
        let next = (seed.0 << 16) | (seed.1 & 0xffff);
        (next % range) as i32
    }

    fn draw_star(
        &self,
        x: i32,
        y: i32,
        width: u32,
        gray: u8,
        canvas: &mut Canvas,
    ) {
        canvas.fill_rect((gray, gray, gray), Rect::new(x, y, width, 1));
    }

    fn draw_layer(
        &self,
        spacing: u32,
        speed: i32,
        gray: u8,
        canvas: &mut Canvas,
    ) {
        let mut seed = (123456789, 987654321);
        let star_width = (speed / 2) as u32;
        let modulus = (self.rect.width() + spacing) as i32;
        let scroll = (self.anim * speed) % modulus;
        let mut yoff = 0;
        while yoff < modulus {
            let mut xoff = 0;
            while xoff < modulus {
                let x = ((xoff + scroll) % modulus) - spacing as i32
                    + MovingStars::rand(spacing, &mut seed);
                let y = yoff + MovingStars::rand(spacing, &mut seed);
                self.draw_star(x, y, star_width, gray, canvas);
                xoff += spacing as i32;
            }
            yoff += spacing as i32;
        }
    }

    pub fn draw(&self, canvas: &mut Canvas) {
        if self.visible {
            let mut canvas = canvas.subcanvas(self.rect);
            canvas.clear((0, 0, 0));
            self.draw_layer(16, 8, 63, &mut canvas);
            self.draw_layer(32, 16, 127, &mut canvas);
        }
    }

    pub fn tick_animation(&mut self) -> bool {
        if self.visible {
            self.anim += 1;
        }
        self.visible
    }
}

// ========================================================================= //","}

    pub fn anim(&mut self) {
        if self.visible {
            self.anim += 1;
        }
    }

    pub fn show(&mut self) {
        self.visible = true;
    }

    pub fn hide(&mut self) {
        self.visible = false;
    }

    pub fn draw(&self, canvas: &mut Canvas) {
        if !self.visible {
            return;
        }
        let left = self.rect.left() + 2;
        let right = self.rect.right() - 2;
        let top = self.rect.top() + 2;
        let bottom = self.rect.bottom() - 2;
        let frame = (self.anim / 5) % 16;
        let offset = match frame {
            0 | 8 => 0,
            1 | 9 => 1,
            2 | 10 => 2,
            3 | 11 => 3,
            4 | 12 => 4,
            5 | 13 => 3,
            6 | 14 => 2,
            7 | 15 => 1,
            _ => unreachable!(),
        };
        let color = 0xd8;"
deepseek,deepseek-ai/DeepSeek-V3.2:novita,rust,GPL-3.0,src::bin::main.rs,55,0.2,0,0.5555555555555556,"    sa_button.set_text(""I'm a button"");
    sa_button.set_xy(700.0, 300.0);

    //let cl = sa_button.clone();
    sa_button.set_on_click_fn(Box::new(move |this| {
        this.set_text(""Told you!"");
    }));
    app.add_widget(&sa_button);

    let mut button = mui::Button::new(""b2"");
    button.set_text(""Click me"");
    button.set_on_click_fn(Box::new(move |this| {
        count.set(count.get()+1);
        this.set_text(format!(""Clicked {}"", count.get()));
    }));

    let mut button2 = mui::Button::new(""b3"");
    button2.set_text(""Click me"");
    button2.set_on_click_fn(Box::new(move |this| {
        count2.set(count2.get()+1);
        this.set_text(format!(""Clicked {}"", count2.get()));
    }));

    let mut layout = mui::BoxLayout::new(""l1"");
    layout.set_xy(300.0, 40.0);
    layout.set_zpos(5);
    layout.add_widget(&button);
    layout.add_widget(&button2);
    app.add_widget(&layout);

    let sa_textbox = mui::TextBox::new(""textbox"");
    sa_textbox.set_xy(600.0, 200.0);
    app.add_widget(&sa_textbox);

    app.run();
}","sa_button.set_label(""Click me!"");
    sa_button.set_callback(Box::new(|| {
        count.set(count.get() + 1);
        println!(""Button clicked {} times"", count.get());
    }));
    app.add_widget(&sa_button);

    let mut sa_button2 = mui::Button::new(""b2"");
    sa_button2.set_label(""Click me too!"");
    sa_button2.set_callback(Box::new(|| {
        count2.set(count2.get() + 1);
        println!(""Second button clicked {} times"", count2.get());
    }));
    app.add_widget(&sa_button2);

    app.run();
}"
deepseek,deepseek-ai/DeepSeek-V3.2:novita,rust,GPL-3.0,src::bin::main.rs,55,0.4,0,0.6291390728476821,"    sa_button.set_text(""I'm a button"");
    sa_button.set_xy(700.0, 300.0);

    //let cl = sa_button.clone();
    sa_button.set_on_click_fn(Box::new(move |this| {
        this.set_text(""Told you!"");
    }));
    app.add_widget(&sa_button);

    let mut button = mui::Button::new(""b2"");
    button.set_text(""Click me"");
    button.set_on_click_fn(Box::new(move |this| {
        count.set(count.get()+1);
        this.set_text(format!(""Clicked {}"", count.get()));
    }));

    let mut button2 = mui::Button::new(""b3"");
    button2.set_text(""Click me"");
    button2.set_on_click_fn(Box::new(move |this| {
        count2.set(count2.get()+1);
        this.set_text(format!(""Clicked {}"", count2.get()));
    }));

    let mut layout = mui::BoxLayout::new(""l1"");
    layout.set_xy(300.0, 40.0);
    layout.set_zpos(5);
    layout.add_widget(&button);
    layout.add_widget(&button2);
    app.add_widget(&layout);

    let sa_textbox = mui::TextBox::new(""textbox"");
    sa_textbox.set_xy(600.0, 200.0);
    app.add_widget(&sa_textbox);

    app.run();
}","sa_button.set_label(""Click me!"");
    sa_button.set_zpos(2);
    sa_button.set_callback(Box::new(|| {
        count.set(count.get() + 1);
        println!(""Button clicked {} times"", count.get());
    }));
    app.add_widget(&sa_button);

    // button inside a container
    let mut container_button = mui::Button::new(""b2"");
    container_button.set_label(""Also click me!"");
    container_button.set_callback(Box::new(|| {
        count2.set(count2.get() + 1);
        println!(""Container button clicked {} times"", count2.get());
    }));

    let mut container = mui::Container::new(""c1"", mui::Orientation::Vertical);
    container.add_widget(&container_button);
    container.set_zpos(1);
    app.add_widget(&container);

    app.run();
}"
deepseek,deepseek-ai/DeepSeek-V3.2:novita,rust,GPL-3.0,src::bin::main.rs,55,0.8,0,0.591715976331361,"    sa_button.set_text(""I'm a button"");
    sa_button.set_xy(700.0, 300.0);

    //let cl = sa_button.clone();
    sa_button.set_on_click_fn(Box::new(move |this| {
        this.set_text(""Told you!"");
    }));
    app.add_widget(&sa_button);

    let mut button = mui::Button::new(""b2"");
    button.set_text(""Click me"");
    button.set_on_click_fn(Box::new(move |this| {
        count.set(count.get()+1);
        this.set_text(format!(""Clicked {}"", count.get()));
    }));

    let mut button2 = mui::Button::new(""b3"");
    button2.set_text(""Click me"");
    button2.set_on_click_fn(Box::new(move |this| {
        count2.set(count2.get()+1);
        this.set_text(format!(""Clicked {}"", count2.get()));
    }));

    let mut layout = mui::BoxLayout::new(""l1"");
    layout.set_xy(300.0, 40.0);
    layout.set_zpos(5);
    layout.add_widget(&button);
    layout.add_widget(&button2);
    app.add_widget(&layout);

    let sa_textbox = mui::TextBox::new(""textbox"");
    sa_textbox.set_xy(600.0, 200.0);
    app.add_widget(&sa_textbox);

    app.run();
}","sa_button.set_label(""Standalone Button"");
    sa_button.set_click_handler(Box::new(|| {
        println!(""Standalone button clicked"");
    }));
    app.add_widget(&sa_button);

    // button in a container
    let container = mui::Container::new(""container"", true);
    app.add_widget(&container);

    let mut button = mui::Button::new(""b2"");
    button.set_label(""Counter Button"");
    button.set_click_handler(Box::new(|| {
        count.set(count.get() + 1);
        println!(""Button clicked {} times"", count.get());
    }));
    container.add_widget(&button);

    // another button in same container
    let mut button2 = mui::Button::new(""b3"");
    button2.set_label(""Second Counter"");
    button2.set_click_handler(Box::new(|| {
        count2.set(count2.get() + 1);
        println!(""Second button clicked {} times"", count2.get());
    }));
    container.add_widget(&button2);

    // checkbox
    let mut checkbox = mui::Checkbox::new(""cb1"");
    checkbox.set_label(""Check me"");
    checkbox.set_change_handler"
deepseek,deepseek-ai/DeepSeek-V3.2:novita,rust,GPL-3.0,src::lib.rs,162,0.2,0,0.1471861471861472,"            Err(""Can not open hid device."")
        }else {
            Ok(HidDevice {_hid_device: device, api: self})
        }
    }
}

impl Drop for HidApi {
    fn drop(&mut self) {
        unsafe {
            ffi::hid_exit();
            hid_api_lock = false;
        }
    }
}

unsafe fn wcs_to_string<'a>(src: *const wchar_t) -> String {
    let length = ffi::wcstombs(std::ptr::null_mut(), src, 0);
    let mut chars = Vec::<c_char>::with_capacity(length as usize + 1);
    chars.set_len(length as usize + 1);
    let ptr = chars.as_mut_ptr();
    ffi::wcstombs(ptr, src, length);
    chars[length as usize] = 0;
    std::str::from_utf8(CStr::from_ptr(ptr).to_bytes()).unwrap().to_owned()
}

unsafe fn conv_hid_device_info(src: *mut ffi::HidDeviceInfo) -> HidDeviceInfo {
    HidDeviceInfo {
        path: std::str::from_utf8(CStr::from_ptr((*src).path).to_bytes()).unwrap().to_owned(),
        vendor_id: (*src).vendor_id,
        product_id: (*src).product_id,
        //serial_number: wcs_to_string((*src).serial_number),
        release_number: (*src).release_number,
        manufactor_string: wcs_to_string((*src).manufactor_string),
        product_string: wcs_to_string((*src).product_string),
        usage_page: (*src).usage_page,
        usage: (*src).usage,
        interface_number: (*src).interface_number,
    }
}

pub struct HidDeviceInfoEnumeration {
    _hid_device_info: *mut ffi::HidDeviceInfo,
    _next: *mut ffi::HidDeviceInfo,
}

impl Drop for HidDeviceInfoEnumeration {
    fn drop(&mut self) {
        unsafe {
            ffi::hid_free_enumeration(self._hid_device_info);
        }
    }
}

impl Iterator for HidDeviceInfoEnumeration {
    type Item = HidDeviceInfo;

    fn next(&mut self) -> Option<HidDeviceInfo> {
        if self._next.is_null() {
            None
        }else {
            let ret = self._next;
            self._next = unsafe {(*self._next).next};
            Some(unsafe {conv_hid_device_info(ret)})
        }
    }
}

#[derive(Debug)]
pub struct HidDeviceInfo {
    path: String,
    vendor_id: c_ushort,
    product_id: c_ushort,
    //serial_number: String,
    release_number: c_ushort,
    manufactor_string: String,
    product_string: String,
    usage_page: c_ushort,
    usage: c_ushort,
    interface_number: c_int,
}

pub struct HidDevice<'a> {
    _hid_device: *mut ffi::HidDevice,
    #[allow(dead_code)]
    api: &'a HidApi, // Just to keep everything safe.
}

impl<'a> Drop for HidDevice<'a> {
    fn drop(&mut self) {
        unsafe {ffi::hid_close(self._hid_device)};
    }
}

impl <'a> HidDevice<'a> {
    pub fn write(&self, data: &[u8]) -> c_int {
        unsafe {ffi::hid_write(self._hid_device, data.as_ptr(), data.len() as size_t)}
    }

    pub fn send_feature_report(&self, data: &[u8]) -> c_int {
        unsafe {
            ffi::hid_send_feature_report(self._hid_device, data.as_ptr(), data.len() as size_t)
        }
    }
}","Err(""Unable to open device."")
        } else {
            Ok(HidDevice {
                _hid_device: device,
            })
        }
    }

    pub fn open_path(&self, path: &CStr) -> Result<HidDevice, &'static str> {
        let device = unsafe { ffi::hid_open_path(path.as_ptr()) };
        if device.is_null() {
            Err(""Unable to open device."")
        } else {
            Ok(HidDevice {
                _hid_device: device,
            })
        }
    }
}

impl Drop for HidApi {
    fn drop(&mut self) {
        unsafe {
            ffi::hid_exit();
            hid_api_lock = false;
        }
    }
}

pub struct HidDeviceInfoEnumeration {
    _hid_device_info: *mut ffi::hid_device_info,
    _next: *mut ffi::hid_device_info,
}

impl Iterator for HidDeviceInfoEnumeration {
    type Item = HidDeviceInfo;

    fn next(&mut self) -> Option<Self::Item> {
        if self._next.is_null() {
            None
        } else {
            let current = self._next;
            self._next = unsafe { (*current).next };"
deepseek,deepseek-ai/DeepSeek-V3.2:novita,rust,GPL-3.0,src::lib.rs,162,0.4,0,0.1965065502183406,"            Err(""Can not open hid device."")
        }else {
            Ok(HidDevice {_hid_device: device, api: self})
        }
    }
}

impl Drop for HidApi {
    fn drop(&mut self) {
        unsafe {
            ffi::hid_exit();
            hid_api_lock = false;
        }
    }
}

unsafe fn wcs_to_string<'a>(src: *const wchar_t) -> String {
    let length = ffi::wcstombs(std::ptr::null_mut(), src, 0);
    let mut chars = Vec::<c_char>::with_capacity(length as usize + 1);
    chars.set_len(length as usize + 1);
    let ptr = chars.as_mut_ptr();
    ffi::wcstombs(ptr, src, length);
    chars[length as usize] = 0;
    std::str::from_utf8(CStr::from_ptr(ptr).to_bytes()).unwrap().to_owned()
}

unsafe fn conv_hid_device_info(src: *mut ffi::HidDeviceInfo) -> HidDeviceInfo {
    HidDeviceInfo {
        path: std::str::from_utf8(CStr::from_ptr((*src).path).to_bytes()).unwrap().to_owned(),
        vendor_id: (*src).vendor_id,
        product_id: (*src).product_id,
        //serial_number: wcs_to_string((*src).serial_number),
        release_number: (*src).release_number,
        manufactor_string: wcs_to_string((*src).manufactor_string),
        product_string: wcs_to_string((*src).product_string),
        usage_page: (*src).usage_page,
        usage: (*src).usage,
        interface_number: (*src).interface_number,
    }
}

pub struct HidDeviceInfoEnumeration {
    _hid_device_info: *mut ffi::HidDeviceInfo,
    _next: *mut ffi::HidDeviceInfo,
}

impl Drop for HidDeviceInfoEnumeration {
    fn drop(&mut self) {
        unsafe {
            ffi::hid_free_enumeration(self._hid_device_info);
        }
    }
}

impl Iterator for HidDeviceInfoEnumeration {
    type Item = HidDeviceInfo;

    fn next(&mut self) -> Option<HidDeviceInfo> {
        if self._next.is_null() {
            None
        }else {
            let ret = self._next;
            self._next = unsafe {(*self._next).next};
            Some(unsafe {conv_hid_device_info(ret)})
        }
    }
}

#[derive(Debug)]
pub struct HidDeviceInfo {
    path: String,
    vendor_id: c_ushort,
    product_id: c_ushort,
    //serial_number: String,
    release_number: c_ushort,
    manufactor_string: String,
    product_string: String,
    usage_page: c_ushort,
    usage: c_ushort,
    interface_number: c_int,
}

pub struct HidDevice<'a> {
    _hid_device: *mut ffi::HidDevice,
    #[allow(dead_code)]
    api: &'a HidApi, // Just to keep everything safe.
}

impl<'a> Drop for HidDevice<'a> {
    fn drop(&mut self) {
        unsafe {ffi::hid_close(self._hid_device)};
    }
}

impl <'a> HidDevice<'a> {
    pub fn write(&self, data: &[u8]) -> c_int {
        unsafe {ffi::hid_write(self._hid_device, data.as_ptr(), data.len() as size_t)}
    }

    pub fn send_feature_report(&self, data: &[u8]) -> c_int {
        unsafe {
            ffi::hid_send_feature_report(self._hid_device, data.as_ptr(), data.len() as size_t)
        }
    }
}","Err(""Unable to open device"")
        } else {
            Ok(HidDevice {
                device,
            })
        }
    }
}

pub struct HidDeviceInfoEnumeration {
    _hid_device_info: *mut ffi::HidDeviceInfo,
    _next: *mut ffi::HidDeviceInfo,
}

impl Iterator for HidDeviceInfoEnumeration {
    type Item = HidDeviceInfo;

    fn next(&mut self) -> Option<Self::Item> {
        if self._next.is_null() {
            None
        } else {
            let current = self._next;
            self._next = unsafe { (*current).next };
            Some(HidDeviceInfo {
                info: current,
            })
        }
    }
}

impl Drop for HidDeviceInfoEnumeration {
    fn drop(&mut self) {
        unsafe { ffi::hid_free_enumeration(self._hid_device_info) };
    }
}

pub struct HidDeviceInfo {
    info: *mut ffi::HidDeviceInfo,
}

impl HidDeviceInfo {
    pub fn vendor_id(&self) -> c_ushort {
        unsafe { (*self.info).vendor_id }
    }

    pub fn product_id(&self) -> c_ushort"
deepseek,deepseek-ai/DeepSeek-V3.2:novita,rust,GPL-3.0,src::lib.rs,162,0.8,0,0.017543859649122806,"            Err(""Can not open hid device."")
        }else {
            Ok(HidDevice {_hid_device: device, api: self})
        }
    }
}

impl Drop for HidApi {
    fn drop(&mut self) {
        unsafe {
            ffi::hid_exit();
            hid_api_lock = false;
        }
    }
}

unsafe fn wcs_to_string<'a>(src: *const wchar_t) -> String {
    let length = ffi::wcstombs(std::ptr::null_mut(), src, 0);
    let mut chars = Vec::<c_char>::with_capacity(length as usize + 1);
    chars.set_len(length as usize + 1);
    let ptr = chars.as_mut_ptr();
    ffi::wcstombs(ptr, src, length);
    chars[length as usize] = 0;
    std::str::from_utf8(CStr::from_ptr(ptr).to_bytes()).unwrap().to_owned()
}

unsafe fn conv_hid_device_info(src: *mut ffi::HidDeviceInfo) -> HidDeviceInfo {
    HidDeviceInfo {
        path: std::str::from_utf8(CStr::from_ptr((*src).path).to_bytes()).unwrap().to_owned(),
        vendor_id: (*src).vendor_id,
        product_id: (*src).product_id,
        //serial_number: wcs_to_string((*src).serial_number),
        release_number: (*src).release_number,
        manufactor_string: wcs_to_string((*src).manufactor_string),
        product_string: wcs_to_string((*src).product_string),
        usage_page: (*src).usage_page,
        usage: (*src).usage,
        interface_number: (*src).interface_number,
    }
}

pub struct HidDeviceInfoEnumeration {
    _hid_device_info: *mut ffi::HidDeviceInfo,
    _next: *mut ffi::HidDeviceInfo,
}

impl Drop for HidDeviceInfoEnumeration {
    fn drop(&mut self) {
        unsafe {
            ffi::hid_free_enumeration(self._hid_device_info);
        }
    }
}

impl Iterator for HidDeviceInfoEnumeration {
    type Item = HidDeviceInfo;

    fn next(&mut self) -> Option<HidDeviceInfo> {
        if self._next.is_null() {
            None
        }else {
            let ret = self._next;
            self._next = unsafe {(*self._next).next};
            Some(unsafe {conv_hid_device_info(ret)})
        }
    }
}

#[derive(Debug)]
pub struct HidDeviceInfo {
    path: String,
    vendor_id: c_ushort,
    product_id: c_ushort,
    //serial_number: String,
    release_number: c_ushort,
    manufactor_string: String,
    product_string: String,
    usage_page: c_ushort,
    usage: c_ushort,
    interface_number: c_int,
}

pub struct HidDevice<'a> {
    _hid_device: *mut ffi::HidDevice,
    #[allow(dead_code)]
    api: &'a HidApi, // Just to keep everything safe.
}

impl<'a> Drop for HidDevice<'a> {
    fn drop(&mut self) {
        unsafe {ffi::hid_close(self._hid_device)};
    }
}

impl <'a> HidDevice<'a> {
    pub fn write(&self, data: &[u8]) -> c_int {
        unsafe {ffi::hid_write(self._hid_device, data.as_ptr(), data.len() as size_t)}
    }

    pub fn send_feature_report(&self, data: &[u8]) -> c_int {
        unsafe {
            ffi::hid_send_feature_report(self._hid_device, data.as_ptr(), data.len() as size_t)
        }
    }
}","Err(""Could not open device"")
        } else {
            Ok(HidDevice {
                hid_device: device,
            })
        }
    }

    pub fn open_with_serial(&self, vendor_id: c_ushort, product_id: c_ushort,
            serial_number: &str) -> Result<HidDevice, &'static str> {
        let c_string = std::ffi::CString::new(serial_number).unwrap();
        let device = unsafe {
            ffi::hid_open(vendor_id, product_id, c_string.as_ptr() as *const wchar_t)
        };
        if device.is_null() {
            Err(""Could not open device"")
        } else {
            Ok(HidDevice {
                hid_device: device,
            })
        }
    }

    pub fn open_path(&self, path: &str) -> Result<HidDevice, &'static str> {
        let c_string = std::ffi::CString::new(path).unwrap();
        let device = unsafe {
            ffi::hid_open_path(c_string.as_ptr() as *const c_char)
        };
        if device.is_null() {
            Err(""Could not open device"")
        } else {"
deepseek,deepseek-ai/DeepSeek-V3.2:novita,rust,GPL-3.0,components::script::dom::treewalker.rs,485,0.2,0,0.06295399515738499,"                        NodeFilterConstants::FILTER_REJECT => break,
                        _ if node.GetFirstChild().is_some() => node = node.GetLastChild().unwrap(),
                        NodeFilterConstants::FILTER_ACCEPT => {
                            self.current_node.set(&node);
                            return Ok(Some(node));
                        },
                        _ => break,
                    }
                }
                // ""5. Set sibling to the previous sibling of node.""
                sibling_op = node.GetPreviousSibling()
            }
            // ""3. If node is root or node's parent is null, return null.""
            if self.is_root_node(&node) || node.GetParentNode().is_none() {
                return Ok(None);
            }
            // ""4. Set node to its parent.""
            match node.GetParentNode() {
                None =>
                // This can happen if the user set the current node to somewhere
                // outside of the tree rooted at the original root.
                {
                    return Ok(None)
                },
                Some(n) => node = n,
            }
            // ""5. Filter node and if the return value is FILTER_ACCEPT, then
            //     set the currentNode attribute to node and return node.""
            if NodeFilterConstants::FILTER_ACCEPT == self.accept_node(&node)? {
                self.current_node.set(&node);
                return Ok(Some(node));
            }
        }
        // ""6. Return null.""
        Ok(None)
    }

    // https://dom.spec.whatwg.org/#dom-treewalker-nextnode
    fn NextNode(&self) -> Fallible<Option<DomRoot<Node>>> {
        // ""1. Let node be the value of the currentNode attribute.""
        let mut node = self.current_node.get();
        // ""2. Let result be FILTER_ACCEPT.""
        let mut result = NodeFilterConstants::FILTER_ACCEPT;
        // ""3. Run these substeps:""
        loop {
            // ""1. While result is not FILTER_REJECT and node has a child, run these subsubsteps:""
            loop {
                if NodeFilterConstants::FILTER_REJECT == result {
                    break;
                }
                match node.GetFirstChild() {
                    None => break,
                    Some(child) => {
                        // ""1. Set node to its first child.""
                        node = child;
                        // ""2. Filter node and set result to the return value.""
                        result = self.accept_node(&node)?;
                        // ""3. If result is FILTER_ACCEPT, then
                        //     set the currentNode attribute to node and return node.""
                        if NodeFilterConstants::FILTER_ACCEPT == result {
                            self.current_node.set(&node);
                            return Ok(Some(node));
                        }
                    },
                }
            }
            // ""2. If a node is following node and is not following root,
            //     set node to the first such node.""
            // ""Otherwise, return null.""
            match self.first_following_node_not_following_root(&node) {
                None => return Ok(None),
                Some(n) => {
                    node = n;
                    // ""3. Filter node and set result to the return value.""
                    result = self.accept_node(&node)?;
                    // ""4. If result is FILTER_ACCEPT, then
                    //     set the currentNode attribute to node and return node.""
                    if NodeFilterConstants::FILTER_ACCEPT == result {
                        self.current_node.set(&node);
                        return Ok(Some(node));
                    }
                },
            }
            // ""5. Run these substeps again.""
        }
    }
}

impl TreeWalker {
    // https://dom.spec.whatwg.org/#concept-traverse-children
    fn traverse_children<F, G>(
        &self,
        next_child: F,
        next_sibling: G,
    ) -> Fallible<Option<DomRoot<Node>>>
    where
        F: Fn(&Node) -> Option<DomRoot<Node>>,
        G: Fn(&Node) -> Option<DomRoot<Node>>,
    {
        // ""To **traverse children** of type *type*, run these steps:""
        // ""1. Let node be the value of the currentNode attribute.""
        let cur = self.current_node.get();

        // ""2. Set node to node's first child if type is first, and node's last child if type is last.""
        // ""3. If node is null, return null.""
        let mut node = match next_child(&cur) {
            Some(node) => node,
            None => return Ok(None),
        };

        // 4. Main: Repeat these substeps:
        'main: loop {
            // ""1. Filter node and let result be the return value.""
            let result = self.accept_node(&node)?;
            match result {
                // ""2. If result is FILTER_ACCEPT, then set the currentNode
                //     attribute to node and return node.""
                NodeFilterConstants::FILTER_ACCEPT => {
                    self.current_node.set(&node);
                    return Ok(Some(DomRoot::from_ref(&node)));
                },
                // ""3. If result is FILTER_SKIP, run these subsubsteps:""
                NodeFilterConstants::FILTER_SKIP => {
                    // ""1. Let child be node's first child if type is first,
                    //     and node's last child if type is last.""
                    if let Some(child) = next_child(&node) {
                        // ""2. If child is not null, set node to child and goto Main.""
                        node = child;
                        continue 'main;
                    }
                },
                _ => {},
            }
            // ""4. Repeat these subsubsteps:""
            loop {
                // ""1. Let sibling be node's next sibling if type is next,
                //     and node's previous sibling if type is previous.""
                match next_sibling(&node) {
                    // ""2. If sibling is not null,
                    //     set node to sibling and goto Main.""
                    Some(sibling) => {
                        node = sibling;
                        continue 'main;
                    },
                    None => {
                        // ""3. Let parent be node's parent.""
                        match node.GetParentNode() {
                            // ""4. If parent is null, parent is root,
                            //     or parent is currentNode attribute's value,
                            //     return null.""
                            None => return Ok(None),
                            Some(ref parent)
                                if self.is_root_node(&parent) || self.is_current_node(&parent) =>
                            {
                                return Ok(None)
                            },
                            // ""5. Otherwise, set node to parent.""
                            Some(parent) => node = parent,
                        }
                    },
                }
            }
        }
    }

    // https://dom.spec.whatwg.org/#concept-traverse-siblings
    fn traverse_siblings<F, G>(
        &self,
        next_child: F,
        next_sibling: G,
    ) -> Fallible<Option<DomRoot<Node>>>
    where
        F: Fn(&Node) -> Option<DomRoot<Node>>,
        G: Fn(&Node) -> Option<DomRoot<Node>>,
    {
        // ""To **traverse siblings** of type *type* run these steps:""
        // ""1. Let node be the value of the currentNode attribute.""
        let mut node = self.current_node.get();
        // ""2. If node is root, return null.""
        if self.is_root_node(&node) {
            return Ok(None);
        }
        // ""3. Run these substeps:""
        loop {
            // ""1. Let sibling be node's next sibling if type is next,
            //  and node's previous sibling if type is previous.""
            let mut sibling_op = next_sibling(&node);
            // ""2. While sibling is not null, run these subsubsteps:""
            while sibling_op.is_some() {
                // ""1. Set node to sibling.""
                node = sibling_op.unwrap();
                // ""2. Filter node and let result be the return value.""
                let result = self.accept_node(&node)?;
                // ""3. If result is FILTER_ACCEPT, then set the currentNode
                //     attribute to node and return node.""
                if NodeFilterConstants::FILTER_ACCEPT == result {
                    self.current_node.set(&node);
                    return Ok(Some(node));
                }

                // ""4. Set sibling to node's first child if type is next,
                //     and node's last child if type is previous.""
                sibling_op = next_child(&node);
                // ""5. If result is FILTER_REJECT or sibling is null,
                //     then set sibling to node's next sibling if type is next,
                //     and node's previous sibling if type is previous.""
                match (result, &sibling_op) {
                    (NodeFilterConstants::FILTER_REJECT, _) | (_, &None) => {
                        sibling_op = next_sibling(&node)
                    },
                    _ => {},
                }
            }
            // ""3. Set node to its parent.""
            match node.GetParentNode() {
                // ""4. If node is null or is root, return null.""
                None => return Ok(None),
                Some(ref n) if self.is_root_node(&n) => return Ok(None),
                // ""5. Filter node and if the return value is FILTER_ACCEPT, then return null.""
                Some(n) => {
                    node = n;
                    if NodeFilterConstants::FILTER_ACCEPT == self.accept_node(&node)? {
                        return Ok(None);
                    }
                },
            }
            // ""6. Run these substeps again.""
        }
    }

    // https://dom.spec.whatwg.org/#concept-tree-following
    fn first_following_node_not_following_root(&self, node: &Node) -> Option<DomRoot<Node>> {
        // ""An object A is following an object B if A and B are in the same tree
        //  and A comes after B in tree order.""
        match node.GetNextSibling() {
            None => {
                let mut candidate = DomRoot::from_ref(node);
                while !self.is_root_node(&candidate) && candidate.GetNextSibling().is_none() {
                    // This can return None if the user set the current node to somewhere
                    // outside of the tree rooted at the original root.
                    candidate = candidate.GetParentNode()?;
                }
                if self.is_root_node(&candidate) {
                    None
                } else {
                    candidate.GetNextSibling()
                }
            },
            it => it,
        }
    }

    // https://dom.spec.whatwg.org/#concept-node-filter
    fn accept_node(&self, node: &Node) -> Fallible<u16> {
        // Step 1.
        if self.active.get() {
            return Err(Error::InvalidState);
        }
        // Step 2.
        let n = node.NodeType() - 1;
        // Step 3.
        if (self.what_to_show & (1 << n)) == 0 {
            return Ok(NodeFilterConstants::FILTER_SKIP);
        }
        match self.filter {
            // Step 4.
            Filter::None => Ok(NodeFilterConstants::FILTER_ACCEPT),
            Filter::Native(f) => Ok((f)(node)),
            Filter::Dom(ref callback) => {
                // Step 5.
                self.active.set(true);
                // Step 6.
                let result = callback.AcceptNode_(self, node, Rethrow);
                // Step 7.
                self.active.set(false);
                // Step 8.
                result
            },
        }
    }

    fn is_root_node(&self, node: &Node) -> bool {
        Dom::from_ref(node) == self.root_node
    }

    fn is_current_node(&self, node: &Node) -> bool {
        node == &*self.current_node.get()
    }
}

impl<'a> Iterator for &'a TreeWalker {
    type Item = DomRoot<Node>;

    fn next(&mut self) -> Option<DomRoot<Node>> {
        match self.NextNode() {
            Ok(node) => node,
            Err(_) =>
            // The Err path happens only when a JavaScript
            // NodeFilter throws an exception. This iterator
            // is meant for internal use from Rust code, which
            // will probably be using a native Rust filter,
            // which cannot produce an Err result.
            {
                unreachable!()
            },
        }
    }
}

#[derive(JSTraceable)]
pub enum Filter {
    None,
    Native(fn(node: &Node) -> u16),
    Dom(Rc<NodeFilter>),
}","NodeFilterConstants::FILTER_ACCEPT => {
                            // ""If result is FILTER_ACCEPT, then
                            //  set the currentNode attribute to node and return node.""
                            self.current_node.set(&node);
                            return Ok(Some(node));
                        },
                        NodeFilterConstants::FILTER_REJECT => {
                            // ""If result is FILTER_REJECT, then break.""
                            break;
                        },
                        NodeFilterConstants::FILTER_SKIP => {
                            // ""If result is FILTER_SKIP, then continue.""
                            // ""While node has a child, set node to its last child.""
                            let mut child_op = node.GetLastChild();
                            while child_op.is_some() {
                                node = child_op.unwrap();
                                child_op = node.GetLastChild();
                            }
                            // ""Then set sibling to the previous sibling of node.""
                            sibling_op = node.GetPreviousSibling();
                            // Continue the inner while loop.
                            continue;
                        },
                        _ => unreachable!(),
                    }
                }
                // ""5. Set sibling to the previous sibling of node.""
                sibling_op = node.GetPreviousSibling();
            }
            // ""3. If node is root or its parent is null,"
deepseek,deepseek-ai/DeepSeek-V3.2:novita,rust,GPL-3.0,components::script::dom::treewalker.rs,485,0.4,0,0.0821256038647343,"                        NodeFilterConstants::FILTER_REJECT => break,
                        _ if node.GetFirstChild().is_some() => node = node.GetLastChild().unwrap(),
                        NodeFilterConstants::FILTER_ACCEPT => {
                            self.current_node.set(&node);
                            return Ok(Some(node));
                        },
                        _ => break,
                    }
                }
                // ""5. Set sibling to the previous sibling of node.""
                sibling_op = node.GetPreviousSibling()
            }
            // ""3. If node is root or node's parent is null, return null.""
            if self.is_root_node(&node) || node.GetParentNode().is_none() {
                return Ok(None);
            }
            // ""4. Set node to its parent.""
            match node.GetParentNode() {
                None =>
                // This can happen if the user set the current node to somewhere
                // outside of the tree rooted at the original root.
                {
                    return Ok(None)
                },
                Some(n) => node = n,
            }
            // ""5. Filter node and if the return value is FILTER_ACCEPT, then
            //     set the currentNode attribute to node and return node.""
            if NodeFilterConstants::FILTER_ACCEPT == self.accept_node(&node)? {
                self.current_node.set(&node);
                return Ok(Some(node));
            }
        }
        // ""6. Return null.""
        Ok(None)
    }

    // https://dom.spec.whatwg.org/#dom-treewalker-nextnode
    fn NextNode(&self) -> Fallible<Option<DomRoot<Node>>> {
        // ""1. Let node be the value of the currentNode attribute.""
        let mut node = self.current_node.get();
        // ""2. Let result be FILTER_ACCEPT.""
        let mut result = NodeFilterConstants::FILTER_ACCEPT;
        // ""3. Run these substeps:""
        loop {
            // ""1. While result is not FILTER_REJECT and node has a child, run these subsubsteps:""
            loop {
                if NodeFilterConstants::FILTER_REJECT == result {
                    break;
                }
                match node.GetFirstChild() {
                    None => break,
                    Some(child) => {
                        // ""1. Set node to its first child.""
                        node = child;
                        // ""2. Filter node and set result to the return value.""
                        result = self.accept_node(&node)?;
                        // ""3. If result is FILTER_ACCEPT, then
                        //     set the currentNode attribute to node and return node.""
                        if NodeFilterConstants::FILTER_ACCEPT == result {
                            self.current_node.set(&node);
                            return Ok(Some(node));
                        }
                    },
                }
            }
            // ""2. If a node is following node and is not following root,
            //     set node to the first such node.""
            // ""Otherwise, return null.""
            match self.first_following_node_not_following_root(&node) {
                None => return Ok(None),
                Some(n) => {
                    node = n;
                    // ""3. Filter node and set result to the return value.""
                    result = self.accept_node(&node)?;
                    // ""4. If result is FILTER_ACCEPT, then
                    //     set the currentNode attribute to node and return node.""
                    if NodeFilterConstants::FILTER_ACCEPT == result {
                        self.current_node.set(&node);
                        return Ok(Some(node));
                    }
                },
            }
            // ""5. Run these substeps again.""
        }
    }
}

impl TreeWalker {
    // https://dom.spec.whatwg.org/#concept-traverse-children
    fn traverse_children<F, G>(
        &self,
        next_child: F,
        next_sibling: G,
    ) -> Fallible<Option<DomRoot<Node>>>
    where
        F: Fn(&Node) -> Option<DomRoot<Node>>,
        G: Fn(&Node) -> Option<DomRoot<Node>>,
    {
        // ""To **traverse children** of type *type*, run these steps:""
        // ""1. Let node be the value of the currentNode attribute.""
        let cur = self.current_node.get();

        // ""2. Set node to node's first child if type is first, and node's last child if type is last.""
        // ""3. If node is null, return null.""
        let mut node = match next_child(&cur) {
            Some(node) => node,
            None => return Ok(None),
        };

        // 4. Main: Repeat these substeps:
        'main: loop {
            // ""1. Filter node and let result be the return value.""
            let result = self.accept_node(&node)?;
            match result {
                // ""2. If result is FILTER_ACCEPT, then set the currentNode
                //     attribute to node and return node.""
                NodeFilterConstants::FILTER_ACCEPT => {
                    self.current_node.set(&node);
                    return Ok(Some(DomRoot::from_ref(&node)));
                },
                // ""3. If result is FILTER_SKIP, run these subsubsteps:""
                NodeFilterConstants::FILTER_SKIP => {
                    // ""1. Let child be node's first child if type is first,
                    //     and node's last child if type is last.""
                    if let Some(child) = next_child(&node) {
                        // ""2. If child is not null, set node to child and goto Main.""
                        node = child;
                        continue 'main;
                    }
                },
                _ => {},
            }
            // ""4. Repeat these subsubsteps:""
            loop {
                // ""1. Let sibling be node's next sibling if type is next,
                //     and node's previous sibling if type is previous.""
                match next_sibling(&node) {
                    // ""2. If sibling is not null,
                    //     set node to sibling and goto Main.""
                    Some(sibling) => {
                        node = sibling;
                        continue 'main;
                    },
                    None => {
                        // ""3. Let parent be node's parent.""
                        match node.GetParentNode() {
                            // ""4. If parent is null, parent is root,
                            //     or parent is currentNode attribute's value,
                            //     return null.""
                            None => return Ok(None),
                            Some(ref parent)
                                if self.is_root_node(&parent) || self.is_current_node(&parent) =>
                            {
                                return Ok(None)
                            },
                            // ""5. Otherwise, set node to parent.""
                            Some(parent) => node = parent,
                        }
                    },
                }
            }
        }
    }

    // https://dom.spec.whatwg.org/#concept-traverse-siblings
    fn traverse_siblings<F, G>(
        &self,
        next_child: F,
        next_sibling: G,
    ) -> Fallible<Option<DomRoot<Node>>>
    where
        F: Fn(&Node) -> Option<DomRoot<Node>>,
        G: Fn(&Node) -> Option<DomRoot<Node>>,
    {
        // ""To **traverse siblings** of type *type* run these steps:""
        // ""1. Let node be the value of the currentNode attribute.""
        let mut node = self.current_node.get();
        // ""2. If node is root, return null.""
        if self.is_root_node(&node) {
            return Ok(None);
        }
        // ""3. Run these substeps:""
        loop {
            // ""1. Let sibling be node's next sibling if type is next,
            //  and node's previous sibling if type is previous.""
            let mut sibling_op = next_sibling(&node);
            // ""2. While sibling is not null, run these subsubsteps:""
            while sibling_op.is_some() {
                // ""1. Set node to sibling.""
                node = sibling_op.unwrap();
                // ""2. Filter node and let result be the return value.""
                let result = self.accept_node(&node)?;
                // ""3. If result is FILTER_ACCEPT, then set the currentNode
                //     attribute to node and return node.""
                if NodeFilterConstants::FILTER_ACCEPT == result {
                    self.current_node.set(&node);
                    return Ok(Some(node));
                }

                // ""4. Set sibling to node's first child if type is next,
                //     and node's last child if type is previous.""
                sibling_op = next_child(&node);
                // ""5. If result is FILTER_REJECT or sibling is null,
                //     then set sibling to node's next sibling if type is next,
                //     and node's previous sibling if type is previous.""
                match (result, &sibling_op) {
                    (NodeFilterConstants::FILTER_REJECT, _) | (_, &None) => {
                        sibling_op = next_sibling(&node)
                    },
                    _ => {},
                }
            }
            // ""3. Set node to its parent.""
            match node.GetParentNode() {
                // ""4. If node is null or is root, return null.""
                None => return Ok(None),
                Some(ref n) if self.is_root_node(&n) => return Ok(None),
                // ""5. Filter node and if the return value is FILTER_ACCEPT, then return null.""
                Some(n) => {
                    node = n;
                    if NodeFilterConstants::FILTER_ACCEPT == self.accept_node(&node)? {
                        return Ok(None);
                    }
                },
            }
            // ""6. Run these substeps again.""
        }
    }

    // https://dom.spec.whatwg.org/#concept-tree-following
    fn first_following_node_not_following_root(&self, node: &Node) -> Option<DomRoot<Node>> {
        // ""An object A is following an object B if A and B are in the same tree
        //  and A comes after B in tree order.""
        match node.GetNextSibling() {
            None => {
                let mut candidate = DomRoot::from_ref(node);
                while !self.is_root_node(&candidate) && candidate.GetNextSibling().is_none() {
                    // This can return None if the user set the current node to somewhere
                    // outside of the tree rooted at the original root.
                    candidate = candidate.GetParentNode()?;
                }
                if self.is_root_node(&candidate) {
                    None
                } else {
                    candidate.GetNextSibling()
                }
            },
            it => it,
        }
    }

    // https://dom.spec.whatwg.org/#concept-node-filter
    fn accept_node(&self, node: &Node) -> Fallible<u16> {
        // Step 1.
        if self.active.get() {
            return Err(Error::InvalidState);
        }
        // Step 2.
        let n = node.NodeType() - 1;
        // Step 3.
        if (self.what_to_show & (1 << n)) == 0 {
            return Ok(NodeFilterConstants::FILTER_SKIP);
        }
        match self.filter {
            // Step 4.
            Filter::None => Ok(NodeFilterConstants::FILTER_ACCEPT),
            Filter::Native(f) => Ok((f)(node)),
            Filter::Dom(ref callback) => {
                // Step 5.
                self.active.set(true);
                // Step 6.
                let result = callback.AcceptNode_(self, node, Rethrow);
                // Step 7.
                self.active.set(false);
                // Step 8.
                result
            },
        }
    }

    fn is_root_node(&self, node: &Node) -> bool {
        Dom::from_ref(node) == self.root_node
    }

    fn is_current_node(&self, node: &Node) -> bool {
        node == &*self.current_node.get()
    }
}

impl<'a> Iterator for &'a TreeWalker {
    type Item = DomRoot<Node>;

    fn next(&mut self) -> Option<DomRoot<Node>> {
        match self.NextNode() {
            Ok(node) => node,
            Err(_) =>
            // The Err path happens only when a JavaScript
            // NodeFilter throws an exception. This iterator
            // is meant for internal use from Rust code, which
            // will probably be using a native Rust filter,
            // which cannot produce an Err result.
            {
                unreachable!()
            },
        }
    }
}

#[derive(JSTraceable)]
pub enum Filter {
    None,
    Native(fn(node: &Node) -> u16),
    Dom(Rc<NodeFilter>),
}","NodeFilterConstants::FILTER_ACCEPT => {
                            // ""If result is FILTER_ACCEPT, then
                            //  set the currentNode attribute to node and return node.""
                            self.current_node.set(&node);
                            return Ok(Some(node));
                        },
                        NodeFilterConstants::FILTER_REJECT => break,
                        NodeFilterConstants::FILTER_SKIP => {
                            // ""If result is FILTER_SKIP, then:""
                            // ""1. Let child be node's last child.""
                            let child_op = node.GetLastChild();
                            if let Some(child) = child_op {
                                node = child;
                                continue;
                            }
                            break;
                        },
                        _ => unreachable!(),
                    }
                }
                // ""5. Set sibling to the previous sibling of node.""
                sibling_op = node.GetPreviousSibling();
            }
            // ""3. If node is root or its parent is null, then return null.""
            if self.is_root_node(&node) || node.GetParentNode().is_none() {
                return Ok(None);
            }
            // ""4. Set node to node's parent.""
            node = node.GetParentNode().unwrap();
            // ""5. Filter node"
deepseek,deepseek-ai/DeepSeek-V3.2:novita,rust,GPL-3.0,components::script::dom::treewalker.rs,485,0.8,0,0.12268518518518519,"                        NodeFilterConstants::FILTER_REJECT => break,
                        _ if node.GetFirstChild().is_some() => node = node.GetLastChild().unwrap(),
                        NodeFilterConstants::FILTER_ACCEPT => {
                            self.current_node.set(&node);
                            return Ok(Some(node));
                        },
                        _ => break,
                    }
                }
                // ""5. Set sibling to the previous sibling of node.""
                sibling_op = node.GetPreviousSibling()
            }
            // ""3. If node is root or node's parent is null, return null.""
            if self.is_root_node(&node) || node.GetParentNode().is_none() {
                return Ok(None);
            }
            // ""4. Set node to its parent.""
            match node.GetParentNode() {
                None =>
                // This can happen if the user set the current node to somewhere
                // outside of the tree rooted at the original root.
                {
                    return Ok(None)
                },
                Some(n) => node = n,
            }
            // ""5. Filter node and if the return value is FILTER_ACCEPT, then
            //     set the currentNode attribute to node and return node.""
            if NodeFilterConstants::FILTER_ACCEPT == self.accept_node(&node)? {
                self.current_node.set(&node);
                return Ok(Some(node));
            }
        }
        // ""6. Return null.""
        Ok(None)
    }

    // https://dom.spec.whatwg.org/#dom-treewalker-nextnode
    fn NextNode(&self) -> Fallible<Option<DomRoot<Node>>> {
        // ""1. Let node be the value of the currentNode attribute.""
        let mut node = self.current_node.get();
        // ""2. Let result be FILTER_ACCEPT.""
        let mut result = NodeFilterConstants::FILTER_ACCEPT;
        // ""3. Run these substeps:""
        loop {
            // ""1. While result is not FILTER_REJECT and node has a child, run these subsubsteps:""
            loop {
                if NodeFilterConstants::FILTER_REJECT == result {
                    break;
                }
                match node.GetFirstChild() {
                    None => break,
                    Some(child) => {
                        // ""1. Set node to its first child.""
                        node = child;
                        // ""2. Filter node and set result to the return value.""
                        result = self.accept_node(&node)?;
                        // ""3. If result is FILTER_ACCEPT, then
                        //     set the currentNode attribute to node and return node.""
                        if NodeFilterConstants::FILTER_ACCEPT == result {
                            self.current_node.set(&node);
                            return Ok(Some(node));
                        }
                    },
                }
            }
            // ""2. If a node is following node and is not following root,
            //     set node to the first such node.""
            // ""Otherwise, return null.""
            match self.first_following_node_not_following_root(&node) {
                None => return Ok(None),
                Some(n) => {
                    node = n;
                    // ""3. Filter node and set result to the return value.""
                    result = self.accept_node(&node)?;
                    // ""4. If result is FILTER_ACCEPT, then
                    //     set the currentNode attribute to node and return node.""
                    if NodeFilterConstants::FILTER_ACCEPT == result {
                        self.current_node.set(&node);
                        return Ok(Some(node));
                    }
                },
            }
            // ""5. Run these substeps again.""
        }
    }
}

impl TreeWalker {
    // https://dom.spec.whatwg.org/#concept-traverse-children
    fn traverse_children<F, G>(
        &self,
        next_child: F,
        next_sibling: G,
    ) -> Fallible<Option<DomRoot<Node>>>
    where
        F: Fn(&Node) -> Option<DomRoot<Node>>,
        G: Fn(&Node) -> Option<DomRoot<Node>>,
    {
        // ""To **traverse children** of type *type*, run these steps:""
        // ""1. Let node be the value of the currentNode attribute.""
        let cur = self.current_node.get();

        // ""2. Set node to node's first child if type is first, and node's last child if type is last.""
        // ""3. If node is null, return null.""
        let mut node = match next_child(&cur) {
            Some(node) => node,
            None => return Ok(None),
        };

        // 4. Main: Repeat these substeps:
        'main: loop {
            // ""1. Filter node and let result be the return value.""
            let result = self.accept_node(&node)?;
            match result {
                // ""2. If result is FILTER_ACCEPT, then set the currentNode
                //     attribute to node and return node.""
                NodeFilterConstants::FILTER_ACCEPT => {
                    self.current_node.set(&node);
                    return Ok(Some(DomRoot::from_ref(&node)));
                },
                // ""3. If result is FILTER_SKIP, run these subsubsteps:""
                NodeFilterConstants::FILTER_SKIP => {
                    // ""1. Let child be node's first child if type is first,
                    //     and node's last child if type is last.""
                    if let Some(child) = next_child(&node) {
                        // ""2. If child is not null, set node to child and goto Main.""
                        node = child;
                        continue 'main;
                    }
                },
                _ => {},
            }
            // ""4. Repeat these subsubsteps:""
            loop {
                // ""1. Let sibling be node's next sibling if type is next,
                //     and node's previous sibling if type is previous.""
                match next_sibling(&node) {
                    // ""2. If sibling is not null,
                    //     set node to sibling and goto Main.""
                    Some(sibling) => {
                        node = sibling;
                        continue 'main;
                    },
                    None => {
                        // ""3. Let parent be node's parent.""
                        match node.GetParentNode() {
                            // ""4. If parent is null, parent is root,
                            //     or parent is currentNode attribute's value,
                            //     return null.""
                            None => return Ok(None),
                            Some(ref parent)
                                if self.is_root_node(&parent) || self.is_current_node(&parent) =>
                            {
                                return Ok(None)
                            },
                            // ""5. Otherwise, set node to parent.""
                            Some(parent) => node = parent,
                        }
                    },
                }
            }
        }
    }

    // https://dom.spec.whatwg.org/#concept-traverse-siblings
    fn traverse_siblings<F, G>(
        &self,
        next_child: F,
        next_sibling: G,
    ) -> Fallible<Option<DomRoot<Node>>>
    where
        F: Fn(&Node) -> Option<DomRoot<Node>>,
        G: Fn(&Node) -> Option<DomRoot<Node>>,
    {
        // ""To **traverse siblings** of type *type* run these steps:""
        // ""1. Let node be the value of the currentNode attribute.""
        let mut node = self.current_node.get();
        // ""2. If node is root, return null.""
        if self.is_root_node(&node) {
            return Ok(None);
        }
        // ""3. Run these substeps:""
        loop {
            // ""1. Let sibling be node's next sibling if type is next,
            //  and node's previous sibling if type is previous.""
            let mut sibling_op = next_sibling(&node);
            // ""2. While sibling is not null, run these subsubsteps:""
            while sibling_op.is_some() {
                // ""1. Set node to sibling.""
                node = sibling_op.unwrap();
                // ""2. Filter node and let result be the return value.""
                let result = self.accept_node(&node)?;
                // ""3. If result is FILTER_ACCEPT, then set the currentNode
                //     attribute to node and return node.""
                if NodeFilterConstants::FILTER_ACCEPT == result {
                    self.current_node.set(&node);
                    return Ok(Some(node));
                }

                // ""4. Set sibling to node's first child if type is next,
                //     and node's last child if type is previous.""
                sibling_op = next_child(&node);
                // ""5. If result is FILTER_REJECT or sibling is null,
                //     then set sibling to node's next sibling if type is next,
                //     and node's previous sibling if type is previous.""
                match (result, &sibling_op) {
                    (NodeFilterConstants::FILTER_REJECT, _) | (_, &None) => {
                        sibling_op = next_sibling(&node)
                    },
                    _ => {},
                }
            }
            // ""3. Set node to its parent.""
            match node.GetParentNode() {
                // ""4. If node is null or is root, return null.""
                None => return Ok(None),
                Some(ref n) if self.is_root_node(&n) => return Ok(None),
                // ""5. Filter node and if the return value is FILTER_ACCEPT, then return null.""
                Some(n) => {
                    node = n;
                    if NodeFilterConstants::FILTER_ACCEPT == self.accept_node(&node)? {
                        return Ok(None);
                    }
                },
            }
            // ""6. Run these substeps again.""
        }
    }

    // https://dom.spec.whatwg.org/#concept-tree-following
    fn first_following_node_not_following_root(&self, node: &Node) -> Option<DomRoot<Node>> {
        // ""An object A is following an object B if A and B are in the same tree
        //  and A comes after B in tree order.""
        match node.GetNextSibling() {
            None => {
                let mut candidate = DomRoot::from_ref(node);
                while !self.is_root_node(&candidate) && candidate.GetNextSibling().is_none() {
                    // This can return None if the user set the current node to somewhere
                    // outside of the tree rooted at the original root.
                    candidate = candidate.GetParentNode()?;
                }
                if self.is_root_node(&candidate) {
                    None
                } else {
                    candidate.GetNextSibling()
                }
            },
            it => it,
        }
    }

    // https://dom.spec.whatwg.org/#concept-node-filter
    fn accept_node(&self, node: &Node) -> Fallible<u16> {
        // Step 1.
        if self.active.get() {
            return Err(Error::InvalidState);
        }
        // Step 2.
        let n = node.NodeType() - 1;
        // Step 3.
        if (self.what_to_show & (1 << n)) == 0 {
            return Ok(NodeFilterConstants::FILTER_SKIP);
        }
        match self.filter {
            // Step 4.
            Filter::None => Ok(NodeFilterConstants::FILTER_ACCEPT),
            Filter::Native(f) => Ok((f)(node)),
            Filter::Dom(ref callback) => {
                // Step 5.
                self.active.set(true);
                // Step 6.
                let result = callback.AcceptNode_(self, node, Rethrow);
                // Step 7.
                self.active.set(false);
                // Step 8.
                result
            },
        }
    }

    fn is_root_node(&self, node: &Node) -> bool {
        Dom::from_ref(node) == self.root_node
    }

    fn is_current_node(&self, node: &Node) -> bool {
        node == &*self.current_node.get()
    }
}

impl<'a> Iterator for &'a TreeWalker {
    type Item = DomRoot<Node>;

    fn next(&mut self) -> Option<DomRoot<Node>> {
        match self.NextNode() {
            Ok(node) => node,
            Err(_) =>
            // The Err path happens only when a JavaScript
            // NodeFilter throws an exception. This iterator
            // is meant for internal use from Rust code, which
            // will probably be using a native Rust filter,
            // which cannot produce an Err result.
            {
                unreachable!()
            },
        }
    }
}

#[derive(JSTraceable)]
pub enum Filter {
    None,
    Native(fn(node: &Node) -> u16),
    Dom(Rc<NodeFilter>),
}","NodeFilterConstants::FILTER_REJECT => {
                            break;
                        },
                        _ => {
                            let mut last_child_op = node.GetLastChild();
                            if last_child_op.is_none() {
                                break;
                            }
                            node = last_child_op.unwrap();
                        },
                    }
                }
                let result = self.accept_node(&node)?;
                if result == NodeFilterConstants::FILTER_ACCEPT {
                    self.current_node.set(&node);
                    return Ok(Some(node));
                }
                sibling_op = node.GetPreviousSibling();
            }
            // ""3. If node is root or its parent is null, then return null.""
            if self.is_root_node(&node) || node.GetParentNode().is_none() {
                return Ok(None);
            }
            // ""4. Set node to its parent.""
            node = node.GetParentNode().unwrap();
            // ""5. Filter node and if FILTER_ACCEPT,
            //     set the currentNode attribute to node and return node.""
            if self.accept_node(&node)? == NodeFilterConstants::FILTER_ACCEPT {
                self.current_node.set(&node);
                return Ok(Some(node));
            }
        }
        // """
