model,model_id,language,license,qualified_name,n_lines,temperature,sample_idx,similarity,original_suffix,generated_suffix
deepseek,deepseek-ai/DeepSeek-V3.2:novita,perl,GPL-3.0,deps::swig-3.0.7::Examples::test-suite::perl5::cpp11_strongly_typed_enumerations_runme.pl,169,0.2,0,0.33691756272401435,"$val = enumCheck($cpp11_strongly_typed_enumerations::Enum10_Val1, $val);
$val = enumCheck($cpp11_strongly_typed_enumerations::Enum10_Val2, $val);
$val = enumCheck($cpp11_strongly_typed_enumerations::Enum10_Val3, 103);
$val = enumCheck($cpp11_strongly_typed_enumerations::Enum10_Val4, $val);

$val = 0;
$val = enumCheck($cpp11_strongly_typed_enumerations::Class1::Enum12_Val1, 1121);
$val = enumCheck($cpp11_strongly_typed_enumerations::Class1::Enum12_Val2, 1122);
$val = enumCheck($cpp11_strongly_typed_enumerations::Class1::Enum12_Val3, $val);
$val = enumCheck($cpp11_strongly_typed_enumerations::Class1::Enum12_Val4, $val);
$val = enumCheck($cpp11_strongly_typed_enumerations::Class1::Enum12_Val5c, 1121);
$val = enumCheck($cpp11_strongly_typed_enumerations::Class1::Enum12_Val6c, $val);

$val = 0;
$val = enumCheck($cpp11_strongly_typed_enumerations::Class1::Val1, 1131);
$val = enumCheck($cpp11_strongly_typed_enumerations::Class1::Val2, 1132);
$val = enumCheck($cpp11_strongly_typed_enumerations::Class1::Val3, $val);
$val = enumCheck($cpp11_strongly_typed_enumerations::Class1::Val4, $val);
$val = enumCheck($cpp11_strongly_typed_enumerations::Class1::Val5d, 1131);
$val = enumCheck($cpp11_strongly_typed_enumerations::Class1::Val6d, $val);

$val = 0;
$val = enumCheck($cpp11_strongly_typed_enumerations::Class1::Enum14_Val1, 1141);
$val = enumCheck($cpp11_strongly_typed_enumerations::Class1::Enum14_Val2, 1142);
$val = enumCheck($cpp11_strongly_typed_enumerations::Class1::Enum14_Val3, $val);
$val = enumCheck($cpp11_strongly_typed_enumerations::Class1::Enum14_Val4, $val);
$val = enumCheck($cpp11_strongly_typed_enumerations::Class1::Enum14_Val5e, 1141);
$val = enumCheck($cpp11_strongly_typed_enumerations::Class1::Enum14_Val6e, $val);

# Requires nested class support to work
#$val = 0;
#$val = enumCheck($cpp11_strongly_typed_enumerations::Class1::Struct1::Enum12_Val1, 3121);
#$val = enumCheck($cpp11_strongly_typed_enumerations::Class1::Struct1::Enum12_Val2, 3122);
#$val = enumCheck($cpp11_strongly_typed_enumerations::Class1::Struct1::Enum12_Val3, $val);
#$val = enumCheck($cpp11_strongly_typed_enumerations::Class1::Struct1::Enum12_Val4, $val);
#$val = enumCheck($cpp11_strongly_typed_enumerations::Class1::Struct1::Enum12_Val5f, 3121);
#$val = enumCheck($cpp11_strongly_typed_enumerations::Class1::Struct1::Enum12_Val6f, $val);
#
#$val = 0;
#$val = enumCheck($cpp11_strongly_typed_enumerations::Class1::Struct1::Val1, 3131);
#$val = enumCheck($cpp11_strongly_typed_enumerations::Class1::Struct1::Val2, 3132);
#$val = enumCheck($cpp11_strongly_typed_enumerations::Class1::Struct1::Val3, $val);
#$val = enumCheck($cpp11_strongly_typed_enumerations::Class1::Struct1::Val4, $val);
#
#$val = 0;
#$val = enumCheck($cpp11_strongly_typed_enumerations::Class1::Struct1::Enum14_Val1, 3141);
#$val = enumCheck($cpp11_strongly_typed_enumerations::Class1::Struct1::Enum14_Val2, 3142);
#$val = enumCheck($cpp11_strongly_typed_enumerations::Class1::Struct1::Enum14_Val3, $val);
#$val = enumCheck($cpp11_strongly_typed_enumerations::Class1::Struct1::Enum14_Val4, $val);
#$val = enumCheck($cpp11_strongly_typed_enumerations::Class1::Struct1::Enum14_Val5g, 3141);
#$val = enumCheck($cpp11_strongly_typed_enumerations::Class1::Struct1::Enum14_Val6g, $val);

$val = 0;
$val = enumCheck($cpp11_strongly_typed_enumerations::Class2::Enum12_Val1, 2121);
$val = enumCheck($cpp11_strongly_typed_enumerations::Class2::Enum12_Val2, 2122);
$val = enumCheck($cpp11_strongly_typed_enumerations::Class2::Enum12_Val3, $val);
$val = enumCheck($cpp11_strongly_typed_enumerations::Class2::Enum12_Val4, $val);
$val = enumCheck($cpp11_strongly_typed_enumerations::Class2::Enum12_Val5h, 2121);
$val = enumCheck($cpp11_strongly_typed_enumerations::Class2::Enum12_Val6h, $val);

$val = 0;
$val = enumCheck($cpp11_strongly_typed_enumerations::Class2::Val1, 2131);
$val = enumCheck($cpp11_strongly_typed_enumerations::Class2::Val2, 2132);
$val = enumCheck($cpp11_strongly_typed_enumerations::Class2::Val3, $val);
$val = enumCheck($cpp11_strongly_typed_enumerations::Class2::Val4, $val);
$val = enumCheck($cpp11_strongly_typed_enumerations::Class2::Val5i, 2131);
$val = enumCheck($cpp11_strongly_typed_enumerations::Class2::Val6i, $val);

$val = 0;
$val = enumCheck($cpp11_strongly_typed_enumerations::Class2::Enum14_Val1, 2141);
$val = enumCheck($cpp11_strongly_typed_enumerations::Class2::Enum14_Val2, 2142);
$val = enumCheck($cpp11_strongly_typed_enumerations::Class2::Enum14_Val3, $val);
$val = enumCheck($cpp11_strongly_typed_enumerations::Class2::Enum14_Val4, $val);
$val = enumCheck($cpp11_strongly_typed_enumerations::Class2::Enum14_Val5j, 2141);
$val = enumCheck($cpp11_strongly_typed_enumerations::Class2::Enum14_Val6j, $val);

# Requires nested class support to work
#$val = 0;
#$val = enumCheck($cpp11_strongly_typed_enumerations::Class2::Struct1::Enum12_Val1, 4121);
#$val = enumCheck($cpp11_strongly_typed_enumerations::Class2::Struct1::Enum12_Val2, 4122);
#$val = enumCheck($cpp11_strongly_typed_enumerations::Class2::Struct1::Enum12_Val3, $val);
#$val = enumCheck($cpp11_strongly_typed_enumerations::Class2::Struct1::Enum12_Val4, $val);
#$val = enumCheck($cpp11_strongly_typed_enumerations::Class2::Struct1::Enum12_Val5k, 4121);
#$val = enumCheck($cpp11_strongly_typed_enumerations::Class2::Struct1::Enum12_Val6k, $val);
#
#$val = 0;
#$val = enumCheck($cpp11_strongly_typed_enumerations::Class2::Struct1::Val1, 4131);
#$val = enumCheck($cpp11_strongly_typed_enumerations::Class2::Struct1::Val2, 4132);
#$val = enumCheck($cpp11_strongly_typed_enumerations::Class2::Struct1::Val3, $val);
#$val = enumCheck($cpp11_strongly_typed_enumerations::Class2::Struct1::Val4, $val);
#$val = enumCheck($cpp11_strongly_typed_enumerations::Class2::Struct1::Val5l, 4131);
#$val = enumCheck($cpp11_strongly_typed_enumerations::Class2::Struct1::Val6l, $val);
#
#$val = 0;
#$val = enumCheck($cpp11_strongly_typed_enumerations::Class2::Struct1::Enum14_Val1, 4141);
#$val = enumCheck($cpp11_strongly_typed_enumerations::Class2::Struct1::Enum14_Val2, 4142);
#$val = enumCheck($cpp11_strongly_typed_enumerations::Class2::Struct1::Enum14_Val3, $val);
#$val = enumCheck($cpp11_strongly_typed_enumerations::Class2::Struct1::Enum14_Val4, $val);
#$val = enumCheck($cpp11_strongly_typed_enumerations::Class2::Struct1::Enum14_Val5m, 4141);
#$val = enumCheck($cpp11_strongly_typed_enumerations::Class2::Struct1::Enum14_Val6m, $val);

my $class1 = cpp11_strongly_typed_enumerations::Class1->new();
enumCheck($class1->class1Test1($cpp11_strongly_typed_enumerations::Enum1_Val5a), 13);
enumCheck($class1->class1Test2($cpp11_strongly_typed_enumerations::Class1::Enum12_Val5c), 1121);
#enumCheck($class1->class1Test3($cpp11_strongly_typed_enumerations::Class1::Struct1::Enum12_Val5f), 3121);

enumCheck(cpp11_strongly_typed_enumerations::globalTest1($cpp11_strongly_typed_enumerations::Enum1_Val5a), 13);
enumCheck(cpp11_strongly_typed_enumerations::globalTest2($cpp11_strongly_typed_enumerations::Class1::Enum12_Val5c), 1121);
#enumCheck(cpp11_strongly_typed_enumerations::globalTest3($cpp11_strongly_typed_enumerations::Class1::Struct1::Enum12_Val5f), 3121);
","$val = enumCheck($cpp11_strongly_typed_enumerations::Enum9_Val1, $val);
$val = enumCheck($cpp11_strongly_typed_enumerations::Enum9_Val2, $val);
$val = enumCheck($cpp11_strongly_typed_enumerations::Enum9_Val3, 93);
$val = enumCheck($cpp11_strongly_typed_enumerations::Enum9_Val4, $val);

$val = 0;
$val = enumCheck($cpp11_strongly_typed_enumerations::Enum10_Val1, $val);
$val = enumCheck($cpp11_strongly_typed_enumerations::Enum10_Val2, $val);
$val = enumCheck($cpp11_strongly_typed_enumerations::Enum10_Val3, 103);
$val = enumCheck($cpp11_strongly_typed_enumerations::Enum10_Val4, $val);

$val = 0;
$val = enumCheck($cpp11_strongly_typed_enumerations::Enum11_Val1, $val);
$val = enumCheck($cpp11_strong"
deepseek,deepseek-ai/DeepSeek-V3.2:novita,perl,GPL-3.0,deps::swig-3.0.7::Examples::test-suite::perl5::cpp11_strongly_typed_enumerations_runme.pl,169,0.4,0,0.33691756272401435,"$val = enumCheck($cpp11_strongly_typed_enumerations::Enum10_Val1, $val);
$val = enumCheck($cpp11_strongly_typed_enumerations::Enum10_Val2, $val);
$val = enumCheck($cpp11_strongly_typed_enumerations::Enum10_Val3, 103);
$val = enumCheck($cpp11_strongly_typed_enumerations::Enum10_Val4, $val);

$val = 0;
$val = enumCheck($cpp11_strongly_typed_enumerations::Class1::Enum12_Val1, 1121);
$val = enumCheck($cpp11_strongly_typed_enumerations::Class1::Enum12_Val2, 1122);
$val = enumCheck($cpp11_strongly_typed_enumerations::Class1::Enum12_Val3, $val);
$val = enumCheck($cpp11_strongly_typed_enumerations::Class1::Enum12_Val4, $val);
$val = enumCheck($cpp11_strongly_typed_enumerations::Class1::Enum12_Val5c, 1121);
$val = enumCheck($cpp11_strongly_typed_enumerations::Class1::Enum12_Val6c, $val);

$val = 0;
$val = enumCheck($cpp11_strongly_typed_enumerations::Class1::Val1, 1131);
$val = enumCheck($cpp11_strongly_typed_enumerations::Class1::Val2, 1132);
$val = enumCheck($cpp11_strongly_typed_enumerations::Class1::Val3, $val);
$val = enumCheck($cpp11_strongly_typed_enumerations::Class1::Val4, $val);
$val = enumCheck($cpp11_strongly_typed_enumerations::Class1::Val5d, 1131);
$val = enumCheck($cpp11_strongly_typed_enumerations::Class1::Val6d, $val);

$val = 0;
$val = enumCheck($cpp11_strongly_typed_enumerations::Class1::Enum14_Val1, 1141);
$val = enumCheck($cpp11_strongly_typed_enumerations::Class1::Enum14_Val2, 1142);
$val = enumCheck($cpp11_strongly_typed_enumerations::Class1::Enum14_Val3, $val);
$val = enumCheck($cpp11_strongly_typed_enumerations::Class1::Enum14_Val4, $val);
$val = enumCheck($cpp11_strongly_typed_enumerations::Class1::Enum14_Val5e, 1141);
$val = enumCheck($cpp11_strongly_typed_enumerations::Class1::Enum14_Val6e, $val);

# Requires nested class support to work
#$val = 0;
#$val = enumCheck($cpp11_strongly_typed_enumerations::Class1::Struct1::Enum12_Val1, 3121);
#$val = enumCheck($cpp11_strongly_typed_enumerations::Class1::Struct1::Enum12_Val2, 3122);
#$val = enumCheck($cpp11_strongly_typed_enumerations::Class1::Struct1::Enum12_Val3, $val);
#$val = enumCheck($cpp11_strongly_typed_enumerations::Class1::Struct1::Enum12_Val4, $val);
#$val = enumCheck($cpp11_strongly_typed_enumerations::Class1::Struct1::Enum12_Val5f, 3121);
#$val = enumCheck($cpp11_strongly_typed_enumerations::Class1::Struct1::Enum12_Val6f, $val);
#
#$val = 0;
#$val = enumCheck($cpp11_strongly_typed_enumerations::Class1::Struct1::Val1, 3131);
#$val = enumCheck($cpp11_strongly_typed_enumerations::Class1::Struct1::Val2, 3132);
#$val = enumCheck($cpp11_strongly_typed_enumerations::Class1::Struct1::Val3, $val);
#$val = enumCheck($cpp11_strongly_typed_enumerations::Class1::Struct1::Val4, $val);
#
#$val = 0;
#$val = enumCheck($cpp11_strongly_typed_enumerations::Class1::Struct1::Enum14_Val1, 3141);
#$val = enumCheck($cpp11_strongly_typed_enumerations::Class1::Struct1::Enum14_Val2, 3142);
#$val = enumCheck($cpp11_strongly_typed_enumerations::Class1::Struct1::Enum14_Val3, $val);
#$val = enumCheck($cpp11_strongly_typed_enumerations::Class1::Struct1::Enum14_Val4, $val);
#$val = enumCheck($cpp11_strongly_typed_enumerations::Class1::Struct1::Enum14_Val5g, 3141);
#$val = enumCheck($cpp11_strongly_typed_enumerations::Class1::Struct1::Enum14_Val6g, $val);

$val = 0;
$val = enumCheck($cpp11_strongly_typed_enumerations::Class2::Enum12_Val1, 2121);
$val = enumCheck($cpp11_strongly_typed_enumerations::Class2::Enum12_Val2, 2122);
$val = enumCheck($cpp11_strongly_typed_enumerations::Class2::Enum12_Val3, $val);
$val = enumCheck($cpp11_strongly_typed_enumerations::Class2::Enum12_Val4, $val);
$val = enumCheck($cpp11_strongly_typed_enumerations::Class2::Enum12_Val5h, 2121);
$val = enumCheck($cpp11_strongly_typed_enumerations::Class2::Enum12_Val6h, $val);

$val = 0;
$val = enumCheck($cpp11_strongly_typed_enumerations::Class2::Val1, 2131);
$val = enumCheck($cpp11_strongly_typed_enumerations::Class2::Val2, 2132);
$val = enumCheck($cpp11_strongly_typed_enumerations::Class2::Val3, $val);
$val = enumCheck($cpp11_strongly_typed_enumerations::Class2::Val4, $val);
$val = enumCheck($cpp11_strongly_typed_enumerations::Class2::Val5i, 2131);
$val = enumCheck($cpp11_strongly_typed_enumerations::Class2::Val6i, $val);

$val = 0;
$val = enumCheck($cpp11_strongly_typed_enumerations::Class2::Enum14_Val1, 2141);
$val = enumCheck($cpp11_strongly_typed_enumerations::Class2::Enum14_Val2, 2142);
$val = enumCheck($cpp11_strongly_typed_enumerations::Class2::Enum14_Val3, $val);
$val = enumCheck($cpp11_strongly_typed_enumerations::Class2::Enum14_Val4, $val);
$val = enumCheck($cpp11_strongly_typed_enumerations::Class2::Enum14_Val5j, 2141);
$val = enumCheck($cpp11_strongly_typed_enumerations::Class2::Enum14_Val6j, $val);

# Requires nested class support to work
#$val = 0;
#$val = enumCheck($cpp11_strongly_typed_enumerations::Class2::Struct1::Enum12_Val1, 4121);
#$val = enumCheck($cpp11_strongly_typed_enumerations::Class2::Struct1::Enum12_Val2, 4122);
#$val = enumCheck($cpp11_strongly_typed_enumerations::Class2::Struct1::Enum12_Val3, $val);
#$val = enumCheck($cpp11_strongly_typed_enumerations::Class2::Struct1::Enum12_Val4, $val);
#$val = enumCheck($cpp11_strongly_typed_enumerations::Class2::Struct1::Enum12_Val5k, 4121);
#$val = enumCheck($cpp11_strongly_typed_enumerations::Class2::Struct1::Enum12_Val6k, $val);
#
#$val = 0;
#$val = enumCheck($cpp11_strongly_typed_enumerations::Class2::Struct1::Val1, 4131);
#$val = enumCheck($cpp11_strongly_typed_enumerations::Class2::Struct1::Val2, 4132);
#$val = enumCheck($cpp11_strongly_typed_enumerations::Class2::Struct1::Val3, $val);
#$val = enumCheck($cpp11_strongly_typed_enumerations::Class2::Struct1::Val4, $val);
#$val = enumCheck($cpp11_strongly_typed_enumerations::Class2::Struct1::Val5l, 4131);
#$val = enumCheck($cpp11_strongly_typed_enumerations::Class2::Struct1::Val6l, $val);
#
#$val = 0;
#$val = enumCheck($cpp11_strongly_typed_enumerations::Class2::Struct1::Enum14_Val1, 4141);
#$val = enumCheck($cpp11_strongly_typed_enumerations::Class2::Struct1::Enum14_Val2, 4142);
#$val = enumCheck($cpp11_strongly_typed_enumerations::Class2::Struct1::Enum14_Val3, $val);
#$val = enumCheck($cpp11_strongly_typed_enumerations::Class2::Struct1::Enum14_Val4, $val);
#$val = enumCheck($cpp11_strongly_typed_enumerations::Class2::Struct1::Enum14_Val5m, 4141);
#$val = enumCheck($cpp11_strongly_typed_enumerations::Class2::Struct1::Enum14_Val6m, $val);

my $class1 = cpp11_strongly_typed_enumerations::Class1->new();
enumCheck($class1->class1Test1($cpp11_strongly_typed_enumerations::Enum1_Val5a), 13);
enumCheck($class1->class1Test2($cpp11_strongly_typed_enumerations::Class1::Enum12_Val5c), 1121);
#enumCheck($class1->class1Test3($cpp11_strongly_typed_enumerations::Class1::Struct1::Enum12_Val5f), 3121);

enumCheck(cpp11_strongly_typed_enumerations::globalTest1($cpp11_strongly_typed_enumerations::Enum1_Val5a), 13);
enumCheck(cpp11_strongly_typed_enumerations::globalTest2($cpp11_strongly_typed_enumerations::Class1::Enum12_Val5c), 1121);
#enumCheck(cpp11_strongly_typed_enumerations::globalTest3($cpp11_strongly_typed_enumerations::Class1::Struct1::Enum12_Val5f), 3121);
","$val = enumCheck($cpp11_strongly_typed_enumerations::Enum9_Val1, $val);
$val = enumCheck($cpp11_strongly_typed_enumerations::Enum9_Val2, $val);
$val = enumCheck($cpp11_strongly_typed_enumerations::Enum9_Val3, 93);
$val = enumCheck($cpp11_strongly_typed_enumerations::Enum9_Val4, $val);

$val = 0;
$val = enumCheck($cpp11_strongly_typed_enumerations::Enum10_Val1, $val);
$val = enumCheck($cpp11_strongly_typed_enumerations::Enum10_Val2, $val);
$val = enumCheck($cpp11_strongly_typed_enumerations::Enum10_Val3, 103);
$val = enumCheck($cpp11_strongly_typed_enumerations::Enum10_Val4, $val);

$val = 0;
$val = enumCheck($cpp11_strongly_typed_enumerations::Enum11_Val1, $val);
$val = enumCheck($cpp11_strong"
deepseek,deepseek-ai/DeepSeek-V3.2:novita,perl,GPL-3.0,deps::swig-3.0.7::Examples::test-suite::perl5::cpp11_strongly_typed_enumerations_runme.pl,169,0.8,0,0.33691756272401435,"$val = enumCheck($cpp11_strongly_typed_enumerations::Enum10_Val1, $val);
$val = enumCheck($cpp11_strongly_typed_enumerations::Enum10_Val2, $val);
$val = enumCheck($cpp11_strongly_typed_enumerations::Enum10_Val3, 103);
$val = enumCheck($cpp11_strongly_typed_enumerations::Enum10_Val4, $val);

$val = 0;
$val = enumCheck($cpp11_strongly_typed_enumerations::Class1::Enum12_Val1, 1121);
$val = enumCheck($cpp11_strongly_typed_enumerations::Class1::Enum12_Val2, 1122);
$val = enumCheck($cpp11_strongly_typed_enumerations::Class1::Enum12_Val3, $val);
$val = enumCheck($cpp11_strongly_typed_enumerations::Class1::Enum12_Val4, $val);
$val = enumCheck($cpp11_strongly_typed_enumerations::Class1::Enum12_Val5c, 1121);
$val = enumCheck($cpp11_strongly_typed_enumerations::Class1::Enum12_Val6c, $val);

$val = 0;
$val = enumCheck($cpp11_strongly_typed_enumerations::Class1::Val1, 1131);
$val = enumCheck($cpp11_strongly_typed_enumerations::Class1::Val2, 1132);
$val = enumCheck($cpp11_strongly_typed_enumerations::Class1::Val3, $val);
$val = enumCheck($cpp11_strongly_typed_enumerations::Class1::Val4, $val);
$val = enumCheck($cpp11_strongly_typed_enumerations::Class1::Val5d, 1131);
$val = enumCheck($cpp11_strongly_typed_enumerations::Class1::Val6d, $val);

$val = 0;
$val = enumCheck($cpp11_strongly_typed_enumerations::Class1::Enum14_Val1, 1141);
$val = enumCheck($cpp11_strongly_typed_enumerations::Class1::Enum14_Val2, 1142);
$val = enumCheck($cpp11_strongly_typed_enumerations::Class1::Enum14_Val3, $val);
$val = enumCheck($cpp11_strongly_typed_enumerations::Class1::Enum14_Val4, $val);
$val = enumCheck($cpp11_strongly_typed_enumerations::Class1::Enum14_Val5e, 1141);
$val = enumCheck($cpp11_strongly_typed_enumerations::Class1::Enum14_Val6e, $val);

# Requires nested class support to work
#$val = 0;
#$val = enumCheck($cpp11_strongly_typed_enumerations::Class1::Struct1::Enum12_Val1, 3121);
#$val = enumCheck($cpp11_strongly_typed_enumerations::Class1::Struct1::Enum12_Val2, 3122);
#$val = enumCheck($cpp11_strongly_typed_enumerations::Class1::Struct1::Enum12_Val3, $val);
#$val = enumCheck($cpp11_strongly_typed_enumerations::Class1::Struct1::Enum12_Val4, $val);
#$val = enumCheck($cpp11_strongly_typed_enumerations::Class1::Struct1::Enum12_Val5f, 3121);
#$val = enumCheck($cpp11_strongly_typed_enumerations::Class1::Struct1::Enum12_Val6f, $val);
#
#$val = 0;
#$val = enumCheck($cpp11_strongly_typed_enumerations::Class1::Struct1::Val1, 3131);
#$val = enumCheck($cpp11_strongly_typed_enumerations::Class1::Struct1::Val2, 3132);
#$val = enumCheck($cpp11_strongly_typed_enumerations::Class1::Struct1::Val3, $val);
#$val = enumCheck($cpp11_strongly_typed_enumerations::Class1::Struct1::Val4, $val);
#
#$val = 0;
#$val = enumCheck($cpp11_strongly_typed_enumerations::Class1::Struct1::Enum14_Val1, 3141);
#$val = enumCheck($cpp11_strongly_typed_enumerations::Class1::Struct1::Enum14_Val2, 3142);
#$val = enumCheck($cpp11_strongly_typed_enumerations::Class1::Struct1::Enum14_Val3, $val);
#$val = enumCheck($cpp11_strongly_typed_enumerations::Class1::Struct1::Enum14_Val4, $val);
#$val = enumCheck($cpp11_strongly_typed_enumerations::Class1::Struct1::Enum14_Val5g, 3141);
#$val = enumCheck($cpp11_strongly_typed_enumerations::Class1::Struct1::Enum14_Val6g, $val);

$val = 0;
$val = enumCheck($cpp11_strongly_typed_enumerations::Class2::Enum12_Val1, 2121);
$val = enumCheck($cpp11_strongly_typed_enumerations::Class2::Enum12_Val2, 2122);
$val = enumCheck($cpp11_strongly_typed_enumerations::Class2::Enum12_Val3, $val);
$val = enumCheck($cpp11_strongly_typed_enumerations::Class2::Enum12_Val4, $val);
$val = enumCheck($cpp11_strongly_typed_enumerations::Class2::Enum12_Val5h, 2121);
$val = enumCheck($cpp11_strongly_typed_enumerations::Class2::Enum12_Val6h, $val);

$val = 0;
$val = enumCheck($cpp11_strongly_typed_enumerations::Class2::Val1, 2131);
$val = enumCheck($cpp11_strongly_typed_enumerations::Class2::Val2, 2132);
$val = enumCheck($cpp11_strongly_typed_enumerations::Class2::Val3, $val);
$val = enumCheck($cpp11_strongly_typed_enumerations::Class2::Val4, $val);
$val = enumCheck($cpp11_strongly_typed_enumerations::Class2::Val5i, 2131);
$val = enumCheck($cpp11_strongly_typed_enumerations::Class2::Val6i, $val);

$val = 0;
$val = enumCheck($cpp11_strongly_typed_enumerations::Class2::Enum14_Val1, 2141);
$val = enumCheck($cpp11_strongly_typed_enumerations::Class2::Enum14_Val2, 2142);
$val = enumCheck($cpp11_strongly_typed_enumerations::Class2::Enum14_Val3, $val);
$val = enumCheck($cpp11_strongly_typed_enumerations::Class2::Enum14_Val4, $val);
$val = enumCheck($cpp11_strongly_typed_enumerations::Class2::Enum14_Val5j, 2141);
$val = enumCheck($cpp11_strongly_typed_enumerations::Class2::Enum14_Val6j, $val);

# Requires nested class support to work
#$val = 0;
#$val = enumCheck($cpp11_strongly_typed_enumerations::Class2::Struct1::Enum12_Val1, 4121);
#$val = enumCheck($cpp11_strongly_typed_enumerations::Class2::Struct1::Enum12_Val2, 4122);
#$val = enumCheck($cpp11_strongly_typed_enumerations::Class2::Struct1::Enum12_Val3, $val);
#$val = enumCheck($cpp11_strongly_typed_enumerations::Class2::Struct1::Enum12_Val4, $val);
#$val = enumCheck($cpp11_strongly_typed_enumerations::Class2::Struct1::Enum12_Val5k, 4121);
#$val = enumCheck($cpp11_strongly_typed_enumerations::Class2::Struct1::Enum12_Val6k, $val);
#
#$val = 0;
#$val = enumCheck($cpp11_strongly_typed_enumerations::Class2::Struct1::Val1, 4131);
#$val = enumCheck($cpp11_strongly_typed_enumerations::Class2::Struct1::Val2, 4132);
#$val = enumCheck($cpp11_strongly_typed_enumerations::Class2::Struct1::Val3, $val);
#$val = enumCheck($cpp11_strongly_typed_enumerations::Class2::Struct1::Val4, $val);
#$val = enumCheck($cpp11_strongly_typed_enumerations::Class2::Struct1::Val5l, 4131);
#$val = enumCheck($cpp11_strongly_typed_enumerations::Class2::Struct1::Val6l, $val);
#
#$val = 0;
#$val = enumCheck($cpp11_strongly_typed_enumerations::Class2::Struct1::Enum14_Val1, 4141);
#$val = enumCheck($cpp11_strongly_typed_enumerations::Class2::Struct1::Enum14_Val2, 4142);
#$val = enumCheck($cpp11_strongly_typed_enumerations::Class2::Struct1::Enum14_Val3, $val);
#$val = enumCheck($cpp11_strongly_typed_enumerations::Class2::Struct1::Enum14_Val4, $val);
#$val = enumCheck($cpp11_strongly_typed_enumerations::Class2::Struct1::Enum14_Val5m, 4141);
#$val = enumCheck($cpp11_strongly_typed_enumerations::Class2::Struct1::Enum14_Val6m, $val);

my $class1 = cpp11_strongly_typed_enumerations::Class1->new();
enumCheck($class1->class1Test1($cpp11_strongly_typed_enumerations::Enum1_Val5a), 13);
enumCheck($class1->class1Test2($cpp11_strongly_typed_enumerations::Class1::Enum12_Val5c), 1121);
#enumCheck($class1->class1Test3($cpp11_strongly_typed_enumerations::Class1::Struct1::Enum12_Val5f), 3121);

enumCheck(cpp11_strongly_typed_enumerations::globalTest1($cpp11_strongly_typed_enumerations::Enum1_Val5a), 13);
enumCheck(cpp11_strongly_typed_enumerations::globalTest2($cpp11_strongly_typed_enumerations::Class1::Enum12_Val5c), 1121);
#enumCheck(cpp11_strongly_typed_enumerations::globalTest3($cpp11_strongly_typed_enumerations::Class1::Struct1::Enum12_Val5f), 3121);
","$val = enumCheck($cpp11_strongly_typed_enumerations::Enum9_Val1, $val);
$val = enumCheck($cpp11_strongly_typed_enumerations::Enum9_Val2, $val);
$val = enumCheck($cpp11_strongly_typed_enumerations::Enum9_Val3, 93);
$val = enumCheck($cpp11_strongly_typed_enumerations::Enum9_Val4, $val);

$val = 0;
$val = enumCheck($cpp11_strongly_typed_enumerations::Enum10_Val1, $val);
$val = enumCheck($cpp11_strongly_typed_enumerations::Enum10_Val2, $val);
$val = enumCheck($cpp11_strongly_typed_enumerations::Enum10_Val3, 103);
$val = enumCheck($cpp11_strongly_typed_enumerations::Enum10_Val4, $val);

$val = 0;
$val = enumCheck($cpp11_strongly_typed_enumerations::Enum11_Val1, $val);
$val = enumCheck($cpp11_strong"
deepseek,deepseek-ai/DeepSeek-V3.2:novita,perl,GPL-3.0,Koha::NoticeFeeRules.pm,64,0.2,0,0.8,"use base qw(Koha::Objects);

=head1 NAME

Koha::NoticeFeeRules - Koha notice fee rules object set class

=head1 DESCRIPTION

Notice fee rules store configurations for charging notice fees when sending 
notifications to patrons.
The rules can contain a specific defined values for branchcode, borrower category, 
message transport type, letter code or an asterix '*' which is wildcard for any the 
possible values of the listed fields.

Rules with a specific value are more relevant than a rule with a wildcard value.
The rules are applied from most specific to less specific in the following field order:
branchcode, categorycode, letter_code and message_transport_type.

=head1 API

=head2 Class Methods

=cut

=head3 type

=cut

sub _type {
    return 'NoticeFeeRule';
}

=head3 object_class

=cut

sub object_class {
    return 'Koha::NoticeFeeRule';
}

1;","use base qw(Koha::Objects);

=head1 NAME

Koha::NoticeFeeRules - Koha NoticeFeeRule Object class

=head1 API

=head2 Class Methods

=cut

=head3 type

=cut

sub _type {
    return 'NoticeFeeRule';
}

1;"
deepseek,deepseek-ai/DeepSeek-V3.2:novita,perl,GPL-3.0,Koha::NoticeFeeRules.pm,64,0.4,0,0.42857142857142855,"use base qw(Koha::Objects);

=head1 NAME

Koha::NoticeFeeRules - Koha notice fee rules object set class

=head1 DESCRIPTION

Notice fee rules store configurations for charging notice fees when sending 
notifications to patrons.
The rules can contain a specific defined values for branchcode, borrower category, 
message transport type, letter code or an asterix '*' which is wildcard for any the 
possible values of the listed fields.

Rules with a specific value are more relevant than a rule with a wildcard value.
The rules are applied from most specific to less specific in the following field order:
branchcode, categorycode, letter_code and message_transport_type.

=head1 API

=head2 Class Methods

=cut

=head3 type

=cut

sub _type {
    return 'NoticeFeeRule';
}

=head3 object_class

=cut

sub object_class {
    return 'Koha::NoticeFeeRule';
}

1;","use base qw(Koha::Objects);

use Koha::NoticeFeeRule;

=head1 NAME

Koha::NoticeFeeRules - Koha NoticeFeeRule Object set class

=head1 API

=head2 Class Methods

=cut

=head3 _type

=cut

sub _type {
    return 'NoticeFeeRule';
}

=head3 object_class

=cut

sub object_class {
    return 'Koha::NoticeFeeRule';
}

1;"
deepseek,deepseek-ai/DeepSeek-V3.2:novita,perl,GPL-3.0,Koha::NoticeFeeRules.pm,64,0.8,0,1.0,"use base qw(Koha::Objects);

=head1 NAME

Koha::NoticeFeeRules - Koha notice fee rules object set class

=head1 DESCRIPTION

Notice fee rules store configurations for charging notice fees when sending 
notifications to patrons.
The rules can contain a specific defined values for branchcode, borrower category, 
message transport type, letter code or an asterix '*' which is wildcard for any the 
possible values of the listed fields.

Rules with a specific value are more relevant than a rule with a wildcard value.
The rules are applied from most specific to less specific in the following field order:
branchcode, categorycode, letter_code and message_transport_type.

=head1 API

=head2 Class Methods

=cut

=head3 type

=cut

sub _type {
    return 'NoticeFeeRule';
}

=head3 object_class

=cut

sub object_class {
    return 'Koha::NoticeFeeRule';
}

1;","use base qw(Koha::Objects);

=head1 NAME

Koha::NoticeFeeRules - Koha NoticeFeeRule Object class

=head1 SYNOPSIS

NoticeFeeRule class used primarily by notices and fees.

=head1 DESCRIPTION

Standard Koha::Objects definitions, and additional methods.

=head1 API

=head2 Class Methods

=cut

=head3 type

=cut

sub _type {
    return 'NoticeFeeRule';
}

=head3 object_class

=cut

sub object_class {
    return 'Koha::NoticeFeeRule';
}

1;

=head1 AUTHOR

LMCloud GmbH

=cut"
deepseek,deepseek-ai/DeepSeek-V3.2:novita,perl,GPL-3.0,crawl_web::check_url_status.pl,88,0.2,0,0.011904761904761904,"#--- set user agenet
my $ua = LWP::UserAgent->new;
if (HTTP_PROXY) { $ua->proxy([qw(http https)], HTTP_PROXY); }
$ua->timeout(SLEEP_CNT);

#--- check file
unless (-f $ini_arr{file}) { die sprintf(ERR_MSG, 'no file'); }
open my $fp,  '<', $ini_arr{file}          || die qq{Can't open file : $!};
open my $fp2, '>', $ini_arr{file} . ""_opt"" || die qq{Can't open file : $!};

my $i = 0;
while (<$fp>) {
  $i++;

  #--- delete \r \n \r\n (not using chomp)
  s/\x0D?\x0A?$//;

  #--- header check
  if ($i == 1 && $ini_arr{exists_header}) {
    print $fp2 $_.""\tstatus\n"";
    next;
  }

  #--- decode
  my $line = decode('UTF-8', $_);

  my @tmp = split(/\t/, $line);
  if ($tmp[$ini_arr{idx}] =~ /^http:\/\//) {
     my $response = $ua->get($tmp[$ini_arr{idx}]);
     $line .= ""\t"".$response->code.""\n"";
  } else {
     $line .= ""\t-\n"";
  }
  $line = encode('UTF-8', $line);
  print $fp2 $line;
}

#--- check arguments
sub initial {
  my %opts = ( help => 0, exists_header => 0, idx => 0 );
  GetOptions(\%opts, qw( file=s idx=i exists_header help )) or die sprintf(ERR_MSG, 'unknown option');
  if ($opts{help}) {
    useage();
    exit;
  } elsif (!$opts{file}) {
    useage();
    exit;
  }
  return %opts;
}

#--- check useage
sub useage {
  print ""< Usage > perl check_url_status.pl --file=[file path] --idx=[number] --exists_header --help\n"";
}

exit;","my $file = $ini_arr{file};
my $idx = $ini_arr{idx};
my $exists_header = $ini_arr{exists_header};
my $help = $ini_arr{help};

if ($help) {
    print_help();
    exit 0;
}

if (!defined $file || !defined $idx) {
    printf ERR_MSG, ""Required parameter missing: --file and --idx are mandatory."";
    exit 1;
}

if (!-f $file) {
    printf ERR_MSG, ""File not found: $file"";
    exit 1;
}

open(my $fh, '<', $file) or die ""Cannot open file $file: $!"";
my @lines = <$fh>;
close($fh);

my $header;
if ($exists_header) {
    $header = shift @lines;
    chomp $header;
}

my $ua = LWP::UserAgent->new;
$ua->timeout(10);
$ua->env_proxy;
if (HTTP_PROXY) {
    $ua->proxy(['http', 'https'], HTTP_PROXY);
}
$ua->agent('Mozilla/5.0 (compatible; check_url_status.pl/1.0)"
deepseek,deepseek-ai/DeepSeek-V3.2:novita,perl,GPL-3.0,crawl_web::check_url_status.pl,88,0.4,0,0.04142011834319527,"#--- set user agenet
my $ua = LWP::UserAgent->new;
if (HTTP_PROXY) { $ua->proxy([qw(http https)], HTTP_PROXY); }
$ua->timeout(SLEEP_CNT);

#--- check file
unless (-f $ini_arr{file}) { die sprintf(ERR_MSG, 'no file'); }
open my $fp,  '<', $ini_arr{file}          || die qq{Can't open file : $!};
open my $fp2, '>', $ini_arr{file} . ""_opt"" || die qq{Can't open file : $!};

my $i = 0;
while (<$fp>) {
  $i++;

  #--- delete \r \n \r\n (not using chomp)
  s/\x0D?\x0A?$//;

  #--- header check
  if ($i == 1 && $ini_arr{exists_header}) {
    print $fp2 $_.""\tstatus\n"";
    next;
  }

  #--- decode
  my $line = decode('UTF-8', $_);

  my @tmp = split(/\t/, $line);
  if ($tmp[$ini_arr{idx}] =~ /^http:\/\//) {
     my $response = $ua->get($tmp[$ini_arr{idx}]);
     $line .= ""\t"".$response->code.""\n"";
  } else {
     $line .= ""\t-\n"";
  }
  $line = encode('UTF-8', $line);
  print $fp2 $line;
}

#--- check arguments
sub initial {
  my %opts = ( help => 0, exists_header => 0, idx => 0 );
  GetOptions(\%opts, qw( file=s idx=i exists_header help )) or die sprintf(ERR_MSG, 'unknown option');
  if ($opts{help}) {
    useage();
    exit;
  } elsif (!$opts{file}) {
    useage();
    exit;
  }
  return %opts;
}

#--- check useage
sub useage {
  print ""< Usage > perl check_url_status.pl --file=[file path] --idx=[number] --exists_header --help\n"";
}

exit;","my $file_path = $ini_arr{file};
my $idx = $ini_arr{idx};
my $exists_header = $ini_arr{exists_header};

open my $fh, '<', $file_path or die sprintf ERR_MSG, ""Can't open $file_path: $!"";
my @lines = <$fh>;
close $fh;

my $header;
if ($exists_header) {
    $header = shift @lines;
    print $header if defined $header;
}

my $ua = LWP::UserAgent->new;
$ua->timeout(10);
$ua->env_proxy;
if (HTTP_PROXY) {
    $ua->proxy(['http', 'https'], HTTP_PROXY);
}
$ua->agent('Mozilla/5.0 (compatible; check_url_status.pl/1.0)');

foreach my $line (@lines) {
    chomp $line;
    my @cols = split /\t/, $line, -1;
    if ($idx > $#cols) {
        printf ERR_MSG, ""Index $idx out of range for line: $line"";
        next;
    }
    my $url = decode('utf8', $cols[$idx]);
    next"
deepseek,deepseek-ai/DeepSeek-V3.2:novita,perl,GPL-3.0,crawl_web::check_url_status.pl,88,0.8,0,0.011834319526627219,"#--- set user agenet
my $ua = LWP::UserAgent->new;
if (HTTP_PROXY) { $ua->proxy([qw(http https)], HTTP_PROXY); }
$ua->timeout(SLEEP_CNT);

#--- check file
unless (-f $ini_arr{file}) { die sprintf(ERR_MSG, 'no file'); }
open my $fp,  '<', $ini_arr{file}          || die qq{Can't open file : $!};
open my $fp2, '>', $ini_arr{file} . ""_opt"" || die qq{Can't open file : $!};

my $i = 0;
while (<$fp>) {
  $i++;

  #--- delete \r \n \r\n (not using chomp)
  s/\x0D?\x0A?$//;

  #--- header check
  if ($i == 1 && $ini_arr{exists_header}) {
    print $fp2 $_.""\tstatus\n"";
    next;
  }

  #--- decode
  my $line = decode('UTF-8', $_);

  my @tmp = split(/\t/, $line);
  if ($tmp[$ini_arr{idx}] =~ /^http:\/\//) {
     my $response = $ua->get($tmp[$ini_arr{idx}]);
     $line .= ""\t"".$response->code.""\n"";
  } else {
     $line .= ""\t-\n"";
  }
  $line = encode('UTF-8', $line);
  print $fp2 $line;
}

#--- check arguments
sub initial {
  my %opts = ( help => 0, exists_header => 0, idx => 0 );
  GetOptions(\%opts, qw( file=s idx=i exists_header help )) or die sprintf(ERR_MSG, 'unknown option');
  if ($opts{help}) {
    useage();
    exit;
  } elsif (!$opts{file}) {
    useage();
    exit;
  }
  return %opts;
}

#--- check useage
sub useage {
  print ""< Usage > perl check_url_status.pl --file=[file path] --idx=[number] --exists_header --help\n"";
}

exit;","my $opt_ref = {};
GetOptions(
  ""file=s""       => \$opt_ref->{file},
  ""idx=i""        => \$opt_ref->{idx},
  ""exists_header"" => \$opt_ref->{exists_header},
  ""help""         => \$opt_ref->{help},
) or die(usage());

if ($opt_ref->{help}) {
  print usage();
  exit(0);
}

unless ($opt_ref->{file} && -f $opt_ref->{file}) {
  die(sprintf(ERR_MSG, ""File not found: "" . $opt_ref->{file}));
}
unless (defined $opt_ref->{idx} && $opt_ref->{idx} >= 0) {
  die(sprintf(ERR_MSG, ""idx must be non-negative integer""));
}

my $ua = LWP::UserAgent->new(
  agent      => 'Mozilla/5.0 (compatible; check_url_status.pl/1.0)',
  timeout    => 30,
  env_proxy  => 1,
);
if (HTTP_PROXY) {
  $ua->proxy('http', HTTP_PROXY);
}

open(my $fh, '<', $"
deepseek,deepseek-ai/DeepSeek-V3.2:novita,perl,GPL-3.0,ddl::comparison::table-ora-pg.pl,155,0.2,0,0.29439252336448596,"    if(/^-- Type: INDEX; Owner: (\S+); Name: (\S+)/){
	$schema = lc($1);
	$checktname = lc($2);
	$out .= ""-- Name: $checktname; Type: INDEX; Schema: $schema; Owner: -\n"";
	next;
    }
    if(/^-- Type: TRIGGER; Owner: (\S+); Name: (\S+)/){
	$intrig = 1;
	$schema = lc($1);
	$checktrigname = lc($2);
	$out .= ""-- Name: tf_$checktrigname; Type: FUNCTION; Schema: $schema; Owner: -\n"";
	$out .= ""--\n"";
	next;
    }
    if(/(NO)?COMPRESS/){next}
    if(/(NO)?LOGGING/){next}
    if(/^LOB /){next}
    if(/USING INDEX/){next}
    if(/TABLESPACE \""[^\""]+\"" +ENABLE/){next}
    if(/TABLESPACE \""[^\""]+\"" ;/){next}
    if(/^ *TABLESPACE \""[^\""]+\""$/){next}
    if(/^\s*PRIMARY KEY \(\""([^\)]+)\""\)/){
	$pk = lc($1);
	$pk =~ s/\""//g;
	s/^\s*PRIMARY KEY \(\""([^\)]+)\""\)/PRIMARY KEY ($pk)/;
    }
    if(/^\s*UNIQUE \(\""([^\)]+)\""\)/){
	$uk = lc($1);
	$uk =~ s/\""//g;
	s/^\s*UNIQUE \(\""([^\)]+)\""\)/UNIQUE ($uk)/;
    }
    if(/^\s*CONSTRAINT \""([^\""]+)\"" PRIMARY KEY \(\""([^\)]+)\""\)/){
	$con = lc($1);
	$pk = lc($2);
	$pk =~ s/\""//g;
	$more .= ""\n"";
	$more .= ""--\n"";
	$more .= ""-- Name: $con; Type: CONSTRAINT; Schema: $schema; Owner: -\n"";
	$more .= ""--\n"";
	$more .= ""ALTER TABLE ONLY $tname\n"";
	$more .= ""    ADD CONSTRAINT $con PRIMARY KEY ($pk);\n"";
	next;
    }
    if(/^\s*CONSTRAINT \""([^\""]+)\"" UNIQUE \(\""([^\)]+)\""\)/){
	$con = lc($1);
	$pk = lc($2);
	$more .= ""\n"";
	$more .= ""--\n"";
	$more .= ""-- Name: $con; Type: CONSTRAINT; Schema: $schema; Owner: -\n"";
	$more .= ""--\n"";
	$more .= ""ALTER TABLE ONLY $tname\n"";
	$more .= ""    ADD CONSTRAINT $con UNIQUE ($pk);\n"";
	next;
    }
    s/NOT NULL ENABLE/NOT NULL/g;
    s/FLOAT\(\d+\)/double precision/g;
    s/N?VARCHAR2/character varying/g;
    s/ BYTE\)/)/g; 
    s/ CHAR\)/)/g; 
    if(/^\s*CREATE TABLE \""[^\""]+\""[.]\""([^\""]+)\""/) {
	$tname = lc($1);
	$indent = 4;
	$out .= ""CREATE TABLE $tname (\n"";
	next;
    }
    if(/^\s*CREATE INDEX \""[^\""]+\""[.]\""([^\""]+)\"" ON \""[^\""]+\""[.]\""([^\""]+)\"" \(\""([^\)]+)\""\)/) {
	$iname = lc($1);
	$itname = lc($2);
	$icol = lc($3);
	$icol =~ s/\""//g;
	$out .= ""CREATE INDEX $iname ON $itname USING btree ($icol);\n"";
	next;
    }
    s/^\s+\(\s+\""/\""/g;
    if(/^\s*\) SEGMENT.*/){
	$indent = 0;
	$out .= "");\n"";
	next;
    }
    if(/^\s+TABLESPACE \""[^\""]+\""\s*;/){next}
    if(/^""([^\""]+)\""/) {
	$name = lc($1);
	s/^""([^\""]+)\""/$name/;
    }
    s/NUMBER\(18,5\)/double precision/;
    s/NUMBER\(18,0\)/bigint/;
    s/NUMBER\(38,0\)/bigint/;
    s/NUMBER\([*],0\)/bigint/;
    s/NUMBER,/bigint,/;
    s/NUMBER$/bigint/;
    s/DATE,/timestamp without time zone,/;
    s/CLOB/text/;
    s/CHAR\(/character(/;
    if($indent) {$out .= ""    ""}
    $out .= $_;
}

$out =~ s/,\n\)/\n)/gos;

print $out;
print $more;","}
    if(/^CREATE TABLE \""[^\""]+\""[.]\""(\S+)\""/) {
	$tname = lc($1);
	$tname =~ s/\""//g;
	$out .= ""CREATE TABLE $schema.$tname (\n"";
	$indent = 1;
	next;
    }
    if(/^\);/ && $indent) {
	$out .= "");\n\n"";
	$indent = 0;
	next;
    }
    if($indent) {
	s/\""//g;
	s/ NOT NULL ENABLE//;
	s/ DEFAULT (\S+)//;
	$default = $1 if $1;
	s/ DEFAULT (\'[^\']*\')//;
	$default = $1 if $1;
	s/ DEFAULT (\$\$[^\$]*\$\$)//;
	$default = $1 if $1;
	s/ CHECK \([^)]+\)//;
	s/ PRIMARY KEY//;
	s/ UNIQUE//;
	s/  +/ /g;
	s/^ +//;
	@parts = split(/ /, $_);
	$colname = $parts[0];
	$type = $"
deepseek,deepseek-ai/DeepSeek-V3.2:novita,perl,GPL-3.0,ddl::comparison::table-ora-pg.pl,155,0.4,0,0.32211538461538464,"    if(/^-- Type: INDEX; Owner: (\S+); Name: (\S+)/){
	$schema = lc($1);
	$checktname = lc($2);
	$out .= ""-- Name: $checktname; Type: INDEX; Schema: $schema; Owner: -\n"";
	next;
    }
    if(/^-- Type: TRIGGER; Owner: (\S+); Name: (\S+)/){
	$intrig = 1;
	$schema = lc($1);
	$checktrigname = lc($2);
	$out .= ""-- Name: tf_$checktrigname; Type: FUNCTION; Schema: $schema; Owner: -\n"";
	$out .= ""--\n"";
	next;
    }
    if(/(NO)?COMPRESS/){next}
    if(/(NO)?LOGGING/){next}
    if(/^LOB /){next}
    if(/USING INDEX/){next}
    if(/TABLESPACE \""[^\""]+\"" +ENABLE/){next}
    if(/TABLESPACE \""[^\""]+\"" ;/){next}
    if(/^ *TABLESPACE \""[^\""]+\""$/){next}
    if(/^\s*PRIMARY KEY \(\""([^\)]+)\""\)/){
	$pk = lc($1);
	$pk =~ s/\""//g;
	s/^\s*PRIMARY KEY \(\""([^\)]+)\""\)/PRIMARY KEY ($pk)/;
    }
    if(/^\s*UNIQUE \(\""([^\)]+)\""\)/){
	$uk = lc($1);
	$uk =~ s/\""//g;
	s/^\s*UNIQUE \(\""([^\)]+)\""\)/UNIQUE ($uk)/;
    }
    if(/^\s*CONSTRAINT \""([^\""]+)\"" PRIMARY KEY \(\""([^\)]+)\""\)/){
	$con = lc($1);
	$pk = lc($2);
	$pk =~ s/\""//g;
	$more .= ""\n"";
	$more .= ""--\n"";
	$more .= ""-- Name: $con; Type: CONSTRAINT; Schema: $schema; Owner: -\n"";
	$more .= ""--\n"";
	$more .= ""ALTER TABLE ONLY $tname\n"";
	$more .= ""    ADD CONSTRAINT $con PRIMARY KEY ($pk);\n"";
	next;
    }
    if(/^\s*CONSTRAINT \""([^\""]+)\"" UNIQUE \(\""([^\)]+)\""\)/){
	$con = lc($1);
	$pk = lc($2);
	$more .= ""\n"";
	$more .= ""--\n"";
	$more .= ""-- Name: $con; Type: CONSTRAINT; Schema: $schema; Owner: -\n"";
	$more .= ""--\n"";
	$more .= ""ALTER TABLE ONLY $tname\n"";
	$more .= ""    ADD CONSTRAINT $con UNIQUE ($pk);\n"";
	next;
    }
    s/NOT NULL ENABLE/NOT NULL/g;
    s/FLOAT\(\d+\)/double precision/g;
    s/N?VARCHAR2/character varying/g;
    s/ BYTE\)/)/g; 
    s/ CHAR\)/)/g; 
    if(/^\s*CREATE TABLE \""[^\""]+\""[.]\""([^\""]+)\""/) {
	$tname = lc($1);
	$indent = 4;
	$out .= ""CREATE TABLE $tname (\n"";
	next;
    }
    if(/^\s*CREATE INDEX \""[^\""]+\""[.]\""([^\""]+)\"" ON \""[^\""]+\""[.]\""([^\""]+)\"" \(\""([^\)]+)\""\)/) {
	$iname = lc($1);
	$itname = lc($2);
	$icol = lc($3);
	$icol =~ s/\""//g;
	$out .= ""CREATE INDEX $iname ON $itname USING btree ($icol);\n"";
	next;
    }
    s/^\s+\(\s+\""/\""/g;
    if(/^\s*\) SEGMENT.*/){
	$indent = 0;
	$out .= "");\n"";
	next;
    }
    if(/^\s+TABLESPACE \""[^\""]+\""\s*;/){next}
    if(/^""([^\""]+)\""/) {
	$name = lc($1);
	s/^""([^\""]+)\""/$name/;
    }
    s/NUMBER\(18,5\)/double precision/;
    s/NUMBER\(18,0\)/bigint/;
    s/NUMBER\(38,0\)/bigint/;
    s/NUMBER\([*],0\)/bigint/;
    s/NUMBER,/bigint,/;
    s/NUMBER$/bigint/;
    s/DATE,/timestamp without time zone,/;
    s/CLOB/text/;
    s/CHAR\(/character(/;
    if($indent) {$out .= ""    ""}
    $out .= $_;
}

$out =~ s/,\n\)/\n)/gos;

print $out;
print $more;","if(/^CREATE TABLE \""[^\""]+\""[.]\""([^\""]+)\"" \(/) {
	$tname = lc($1);
	$out .= ""CREATE TABLE $schema.$tname (\n"";
	$indent = 1;
	next;
    }
    if(/^CREATE TABLE \""([^\""]+)\"" \(/) {
	$tname = lc($1);
	$out .= ""CREATE TABLE $schema.$tname (\n"";
	$indent = 1;
	next;
    }
    if($indent) {
	if(/^\);/) {
	    $out .= "");\n\n"";
	    $indent = 0;
	    next;
	}
	s/\""//g;
	s/NOT NULL ENABLE//g;
	s/NUMBER\(/numeric(/g;
	s/NUMBER/numeric/g;
	s/VARCHAR2\(/varchar(/g;
	s/VARCHAR\(/varchar(/g;
	s/DATE/timestamp/g;
	s/CLOB/text/g;
	s/BLOB/bytea/g;
	s/\""//g;
	s/,$/,/;
	if(/^\s*(\S+)\s+(\S+)/) {"
deepseek,deepseek-ai/DeepSeek-V3.2:novita,perl,GPL-3.0,ddl::comparison::table-ora-pg.pl,155,0.8,0,0.3062200956937799,"    if(/^-- Type: INDEX; Owner: (\S+); Name: (\S+)/){
	$schema = lc($1);
	$checktname = lc($2);
	$out .= ""-- Name: $checktname; Type: INDEX; Schema: $schema; Owner: -\n"";
	next;
    }
    if(/^-- Type: TRIGGER; Owner: (\S+); Name: (\S+)/){
	$intrig = 1;
	$schema = lc($1);
	$checktrigname = lc($2);
	$out .= ""-- Name: tf_$checktrigname; Type: FUNCTION; Schema: $schema; Owner: -\n"";
	$out .= ""--\n"";
	next;
    }
    if(/(NO)?COMPRESS/){next}
    if(/(NO)?LOGGING/){next}
    if(/^LOB /){next}
    if(/USING INDEX/){next}
    if(/TABLESPACE \""[^\""]+\"" +ENABLE/){next}
    if(/TABLESPACE \""[^\""]+\"" ;/){next}
    if(/^ *TABLESPACE \""[^\""]+\""$/){next}
    if(/^\s*PRIMARY KEY \(\""([^\)]+)\""\)/){
	$pk = lc($1);
	$pk =~ s/\""//g;
	s/^\s*PRIMARY KEY \(\""([^\)]+)\""\)/PRIMARY KEY ($pk)/;
    }
    if(/^\s*UNIQUE \(\""([^\)]+)\""\)/){
	$uk = lc($1);
	$uk =~ s/\""//g;
	s/^\s*UNIQUE \(\""([^\)]+)\""\)/UNIQUE ($uk)/;
    }
    if(/^\s*CONSTRAINT \""([^\""]+)\"" PRIMARY KEY \(\""([^\)]+)\""\)/){
	$con = lc($1);
	$pk = lc($2);
	$pk =~ s/\""//g;
	$more .= ""\n"";
	$more .= ""--\n"";
	$more .= ""-- Name: $con; Type: CONSTRAINT; Schema: $schema; Owner: -\n"";
	$more .= ""--\n"";
	$more .= ""ALTER TABLE ONLY $tname\n"";
	$more .= ""    ADD CONSTRAINT $con PRIMARY KEY ($pk);\n"";
	next;
    }
    if(/^\s*CONSTRAINT \""([^\""]+)\"" UNIQUE \(\""([^\)]+)\""\)/){
	$con = lc($1);
	$pk = lc($2);
	$more .= ""\n"";
	$more .= ""--\n"";
	$more .= ""-- Name: $con; Type: CONSTRAINT; Schema: $schema; Owner: -\n"";
	$more .= ""--\n"";
	$more .= ""ALTER TABLE ONLY $tname\n"";
	$more .= ""    ADD CONSTRAINT $con UNIQUE ($pk);\n"";
	next;
    }
    s/NOT NULL ENABLE/NOT NULL/g;
    s/FLOAT\(\d+\)/double precision/g;
    s/N?VARCHAR2/character varying/g;
    s/ BYTE\)/)/g; 
    s/ CHAR\)/)/g; 
    if(/^\s*CREATE TABLE \""[^\""]+\""[.]\""([^\""]+)\""/) {
	$tname = lc($1);
	$indent = 4;
	$out .= ""CREATE TABLE $tname (\n"";
	next;
    }
    if(/^\s*CREATE INDEX \""[^\""]+\""[.]\""([^\""]+)\"" ON \""[^\""]+\""[.]\""([^\""]+)\"" \(\""([^\)]+)\""\)/) {
	$iname = lc($1);
	$itname = lc($2);
	$icol = lc($3);
	$icol =~ s/\""//g;
	$out .= ""CREATE INDEX $iname ON $itname USING btree ($icol);\n"";
	next;
    }
    s/^\s+\(\s+\""/\""/g;
    if(/^\s*\) SEGMENT.*/){
	$indent = 0;
	$out .= "");\n"";
	next;
    }
    if(/^\s+TABLESPACE \""[^\""]+\""\s*;/){next}
    if(/^""([^\""]+)\""/) {
	$name = lc($1);
	s/^""([^\""]+)\""/$name/;
    }
    s/NUMBER\(18,5\)/double precision/;
    s/NUMBER\(18,0\)/bigint/;
    s/NUMBER\(38,0\)/bigint/;
    s/NUMBER\([*],0\)/bigint/;
    s/NUMBER,/bigint,/;
    s/NUMBER$/bigint/;
    s/DATE,/timestamp without time zone,/;
    s/CLOB/text/;
    s/CHAR\(/character(/;
    if($indent) {$out .= ""    ""}
    $out .= $_;
}

$out =~ s/,\n\)/\n)/gos;

print $out;
print $more;","}
    if(/^CREATE TABLE ""([^""]+)""[.]""([^""]+)""/) {
	$schema = lc($1);
	$tname = lc($2);
	$out .= ""CREATE TABLE $schema.$tname (\n"";
	$indent = 1;
	next;
    }
    if(/^CREATE TABLE ""([^""]+)""/) {
	$tname = lc($1);
	$out .= ""CREATE TABLE $tname (\n"";
	$indent = 1;
	next;
    }
    if($indent) {
	if(/^\);/){
	    $out .= ""\n);\n"";
	    $indent = 0;
	    next;
	}
	s/\""//g;
	s/ NUMBER\(\d+\)/ NUMERIC/g;
	s/ NUMBER/ NUMERIC/g;
	s/ VARCHAR2\(\d+\)/ VARCHAR/g;
	s/ VARCHAR2/ VARCHAR/g;
	s/ DATE/ TIMESTAMP/g;
	s/ NOT NULL ENABLE/ NOT NULL/g;
	s/ DEFAULT (\S+)/ DEFAULT $1/g;
	s/ CHECK \(/ CHECK \(/g;
	s/ PRIMARY KEY/ PRIMARY KEY/g;
	s/"
deepseek,deepseek-ai/DeepSeek-V3.2:novita,perl,GPL-3.0,scripts::vyatta-show-dhcp-server.pl,52,0.2,0,0.3698630136986301,"#
# Author: John Southworth
# Date: January 2011
# Description: Wrapper script for DHCP operational commands 
#
# **** End License ****
#

use lib '/opt/vyatta/share/perl5';
use Vyatta::Config;
use Vyatta::DHCPServerOpMode;
use Getopt::Long;

# Check if DHCP Server is configured
my $cfg = new Vyatta::Config;
if (!$cfg->isEffective(""service dhcp-server"")) {
    print ""DHCP server not configured\n"";
    exit 0;
}

my ($show_stats, $show_leases, $pool, $state);
GetOptions(""show-stats!"" => \$show_stats, 
           ""show-leases!"" => \$show_leases,
           ""state=s"" => \$state,
           ""pool=s""      => \$pool);


if (defined $show_stats){
  Vyatta::DHCPServerOpMode::print_stats($pool);
}

if (defined($show_leases)) {
    Vyatta::DHCPServerOpMode::print_leases($pool, $state);
}","# Author: Vyatta, Inc.
#
# Description:
#   Display DHCP server status and lease information.
#
# **** End License ****

use strict;
use warnings;
use lib ""/opt/vyatta/share/perl5"";
use Vyatta::Config;
use Vyatta::Misc;
use Getopt::Long;

my $config = new Vyatta::Config;

my $dhcpd_pid_file = '/var/run/dhcpd.pid';
my $dhcpd_leases_file = '/var/lib/dhcp/dhcpd.leases';
my $dhcpd6_pid_file = '/var/run/dhcpd6.pid';
my $dhcpd6_leases_file = '/var/lib/dhcp/dhcpd6.leases';

my ($show_leases, $show_statistics, $show_pool, $help, $ipv6);

GetOptions(
    ""leases""        => \$show_leases,
    ""statistics""    => \$show_statistics,
    ""pool=s""        => \$show_pool,
    ""help""          => \$help,
    ""ipv6""          => \$ipv6,
) or exit 1;

if ($"
deepseek,deepseek-ai/DeepSeek-V3.2:novita,perl,GPL-3.0,scripts::vyatta-show-dhcp-server.pl,52,0.4,0,0.12,"#
# Author: John Southworth
# Date: January 2011
# Description: Wrapper script for DHCP operational commands 
#
# **** End License ****
#

use lib '/opt/vyatta/share/perl5';
use Vyatta::Config;
use Vyatta::DHCPServerOpMode;
use Getopt::Long;

# Check if DHCP Server is configured
my $cfg = new Vyatta::Config;
if (!$cfg->isEffective(""service dhcp-server"")) {
    print ""DHCP server not configured\n"";
    exit 0;
}

my ($show_stats, $show_leases, $pool, $state);
GetOptions(""show-stats!"" => \$show_stats, 
           ""show-leases!"" => \$show_leases,
           ""state=s"" => \$state,
           ""pool=s""      => \$pool);


if (defined $show_stats){
  Vyatta::DHCPServerOpMode::print_stats($pool);
}

if (defined($show_leases)) {
    Vyatta::DHCPServerOpMode::print_leases($pool, $state);
}","# This program is free software; you can redistribute it and/or modify
# it under the terms of the GNU General Public License version 2 as
# published by the Free Software Foundation.
#
# This program is distributed in the hope that it will be useful, but
# WITHOUT ANY WARRANTY; without even the implied warranty of
# MERCHANTABILITY or FITNESS FOR A PARTICULAR PURPOSE.  See the GNU
# General Public License for more details.
#
# This code was originally developed by Vyatta, Inc.
# Portions created by Vyatta are Copyright (C) 2008 Vyatta, Inc.
# All Rights Reserved.
#
# Author: Mohit Mehta
# Date: August 2009
# Description: Script to show DHCP server status and leases

use strict;
use warnings;
use lib ""/opt/vyatta/share/perl5/"";
use Vyatta::Config;
use Vyatta::Dhcpd;
use Getopt::Long;

my $leasefile = '/var/lib/dhcp/dhcpd.leases';
my $pidfile   = '/var/run/dhcpd.pid';
my $CONF_FILE = '/etc/dhcp/dhcpd.conf';

# Command line options
my $show"
deepseek,deepseek-ai/DeepSeek-V3.2:novita,perl,GPL-3.0,scripts::vyatta-show-dhcp-server.pl,52,0.8,0,0.23404255319148937,"#
# Author: John Southworth
# Date: January 2011
# Description: Wrapper script for DHCP operational commands 
#
# **** End License ****
#

use lib '/opt/vyatta/share/perl5';
use Vyatta::Config;
use Vyatta::DHCPServerOpMode;
use Getopt::Long;

# Check if DHCP Server is configured
my $cfg = new Vyatta::Config;
if (!$cfg->isEffective(""service dhcp-server"")) {
    print ""DHCP server not configured\n"";
    exit 0;
}

my ($show_stats, $show_leases, $pool, $state);
GetOptions(""show-stats!"" => \$show_stats, 
           ""show-leases!"" => \$show_leases,
           ""state=s"" => \$state,
           ""pool=s""      => \$pool);


if (defined $show_stats){
  Vyatta::DHCPServerOpMode::print_stats($pool);
}

if (defined($show_leases)) {
    Vyatta::DHCPServerOpMode::print_leases($pool, $state);
}","use strict;
use warnings;

use lib ""/opt/vyatta/share/perl5"";
use Getopt::Long;
use JSON;
use Vyatta::Config;
use Vyatta::Misc;
use Vyatta::DHCPRelayHelper;
use Sys::Hostname;

my ($json, $wide, $status, $help, $interface, @interfaces);
my $host = hostname();
my $domainname = Vyatta::Misc::getDomainName();

GetOptions(
    ""json""        => \$json,
    ""wide""        => \$wide,
    ""status""      => \$status,
    ""help|h""      => \$help,
    ""interface=s"" => \$interface,
) or exit 1;

if ($help) {
    print ""Usage: $0 [--json] [--wide] [--status] [--interface <interface>]\n"";
    exit 0;
}

push @interfaces, split(/,/, $interface) if defined $interface;

my $config = Vyatta::Config->new('service');
$config->setLevel('dhcp-server');

my @shared_network_names = $config->listNodes('shared-network-name');
my @global_pools ="
deepseek,deepseek-ai/DeepSeek-V3.2:novita,perl,GPL-3.0,SelectMirror.pm,77,0.2,0,0.0,"    @hosts;
}


# get the average time of a particular host
# from ping
sub average_time {
    my $urls_ref = shift;
    # test the round trip time of a url
    # and parse the average speed
    my $speed = sub { 
	my $url = shift;
	return
	    qq(ping -w 1 -c 2 ""$url"" |) . 
	    q(tail -n 1 |) .
	    q(sed 's/^.*= //;s/ ms//' |) .
	    q(awk -F '/' 'END {print $2}');
    };
    # this part, right here, should really be parallel
    my @times;
    for my $item (@$urls_ref) {
	my $host = $item->[$HOST];
	$host =~ s/\s+$//;
	my $full = $item->[$FULL];
	$full =~ s/\s+$//;
	my $command = $speed->($host);
	my $value = `$command`;
	# annoying trailing newline in number or INF
	chomp($value);
        push @times, [$host, $full, $value || '+INF'];
    }
    return [@times];
}

sub sort_hosts {
    my $host_ref = shift;
    [sort {
	print Dumper($a);
	print ""\n"";
	print Dumper($b);
	print ""\n"";
	$a->[$TIME] <=> $b->[$TIME]
     } @$host_ref];
}

sub select_mirror {
    my @hosts = get_hosts();
    return sort_hosts(average_time([@hosts]));
}
","close($fh);
    return @hosts;
}

sub ping_host {
    my ($host) = @_;
    my $ping_cmd = $^O eq 'MSWin32' ? ""ping -n 1 -w 1000 $host"" : ""ping -c 1 -W 1 $host"";
    my $start = time();
    my $output = `$ping_cmd 2>&1`;
    my $end = time();
    if ($? == 0) {
        return $end - $start;
    } else {
        return undef;
    }
}

sub select_mirror {
    my @hosts = get_hosts();
    my @valid_hosts;
    foreach my $host_entry (@hosts) {
        my $latency = ping_host($host_entry->[$HOST]);
        if (defined $latency) {
            push @valid_hosts, [$host_entry->[$FULL], $latency];
        }
    }
    if (@valid_hosts == 0) {
        die ""No reachable mirrors found."";
    }
    @valid_hosts = sort { $a->[1] <=> $b->[1] } @valid"
deepseek,deepseek-ai/DeepSeek-V3.2:novita,perl,GPL-3.0,SelectMirror.pm,77,0.4,0,0.0,"    @hosts;
}


# get the average time of a particular host
# from ping
sub average_time {
    my $urls_ref = shift;
    # test the round trip time of a url
    # and parse the average speed
    my $speed = sub { 
	my $url = shift;
	return
	    qq(ping -w 1 -c 2 ""$url"" |) . 
	    q(tail -n 1 |) .
	    q(sed 's/^.*= //;s/ ms//' |) .
	    q(awk -F '/' 'END {print $2}');
    };
    # this part, right here, should really be parallel
    my @times;
    for my $item (@$urls_ref) {
	my $host = $item->[$HOST];
	$host =~ s/\s+$//;
	my $full = $item->[$FULL];
	$full =~ s/\s+$//;
	my $command = $speed->($host);
	my $value = `$command`;
	# annoying trailing newline in number or INF
	chomp($value);
        push @times, [$host, $full, $value || '+INF'];
    }
    return [@times];
}

sub sort_hosts {
    my $host_ref = shift;
    [sort {
	print Dumper($a);
	print ""\n"";
	print Dumper($b);
	print ""\n"";
	$a->[$TIME] <=> $b->[$TIME]
     } @$host_ref];
}

sub select_mirror {
    my @hosts = get_hosts();
    return sort_hosts(average_time([@hosts]));
}
","}
    close $fh;
    return @hosts;
}

sub ping_host {
    my ($host) = @_;
    my $cmd = $^O eq 'MSWin32' ? ""ping -n 1 -w 1000 $host"" : ""ping -c 1 -W 1 $host"";
    my $out = `$cmd 2>&1`;
    if ($out =~ /(?:time|rtt)[=<]\s*([\d.]+)/i) {
        return $1;
    }
    return undef;
}

sub select_mirror {
    my @hosts = get_hosts();
    my @valid;
    foreach my $h (@hosts) {
        my $time = ping_host($h->[$HOST]);
        if (defined $time) {
            push @valid, [$h->[$FULL], $time];
        }
    }
    @valid = sort { $a->[1] <=> $b->[1] } @valid;
    return @valid ? $valid[0][0] : undef;
}

1;"
deepseek,deepseek-ai/DeepSeek-V3.2:novita,perl,GPL-3.0,SelectMirror.pm,77,0.8,0,0.0,"    @hosts;
}


# get the average time of a particular host
# from ping
sub average_time {
    my $urls_ref = shift;
    # test the round trip time of a url
    # and parse the average speed
    my $speed = sub { 
	my $url = shift;
	return
	    qq(ping -w 1 -c 2 ""$url"" |) . 
	    q(tail -n 1 |) .
	    q(sed 's/^.*= //;s/ ms//' |) .
	    q(awk -F '/' 'END {print $2}');
    };
    # this part, right here, should really be parallel
    my @times;
    for my $item (@$urls_ref) {
	my $host = $item->[$HOST];
	$host =~ s/\s+$//;
	my $full = $item->[$FULL];
	$full =~ s/\s+$//;
	my $command = $speed->($host);
	my $value = `$command`;
	# annoying trailing newline in number or INF
	chomp($value);
        push @times, [$host, $full, $value || '+INF'];
    }
    return [@times];
}

sub sort_hosts {
    my $host_ref = shift;
    [sort {
	print Dumper($a);
	print ""\n"";
	print Dumper($b);
	print ""\n"";
	$a->[$TIME] <=> $b->[$TIME]
     } @$host_ref];
}

sub select_mirror {
    my @hosts = get_hosts();
    return sort_hosts(average_time([@hosts]));
}
","close($fh);
    return @hosts;
}

sub ping_host {
    my ($host) = @_;
    my $ping = ""ping -c 1 -W 1 $host"";
    my $out = `$ping`;
    if ($? == 0) {
        if ($out =~ /time=([\d.]+)/) {
            return $1;
        }
    }
    return undef;
}

sub select_mirror {
    my @hosts = get_hosts();
    my @valid;
    foreach my $h (@hosts) {
        my $t = ping_host($h->[$HOST]);
        if (defined $t) {
            push @valid, [$h->[$FULL], $t];
        }
    }
    if (@valid == 0) {
        die ""No reachable mirrors\n"";
    }
    @valid = sort { $a->[1] <=> $b->[1] } @valid;
    return $valid[0]->[0];
}

1;"
deepseek,deepseek-ai/DeepSeek-V3.2:novita,perl,GPL-3.0,proc-hits::standardize-scrs.pl,92,0.2,0,0.07947019867549669,"
  chomp($l);
  my $wid = $l;
  my $mean = <F>;
  my $sd = <F>;

  chomp($mean);
  chomp($sd);

  $wid =~ s/^\[1\] \""//;
  $wid =~ s/\""$//;
  $mean =~ s/^\[1\] //;
  $sd =~ s/^\[1\] //;

  $mean{$wid} = $mean;
  $sd{$wid} = $sd;

  #print ""$wid\t$mean\t$sd\n""
}
close(F);

# WorkerId	src	trg	input_type	q_type	ref	src_wrds	sys_id	rid	type	sid	score	time
my $l = <STDIN>;
print $l;
my %zero_sd;

while( my $l = <STDIN>){

  if( $l =~ /$src\t$trg/ ){
    my @c = split(/\t/,$l);
    my $wid = $c[1];
    my $scr = int($c[9]);

    if( (! exists $mean{$wid}) || (! exists $sd{$wid})){
      print STDERR ""error no stats for $wid\n""; exit 1;
    }

    # remove anyone with standard deviation of 0
    if( $sd{$wid} == 0 ){
      $zero_sd{$wid} = 1;
      next;
    }

    my $z_scr = ($scr-$mean{$wid})/$sd{$wid};
    my $new_scr = $z_scr;

    $c[9] = $new_scr;

    for( my $i=0; $i<scalar(@c); $i++ ){
      if( $i == (scalar(@c)-1) ){
        print $c[$i];
      }else{
        print $c[$i].""\t"";
      }
    }
  }
}

print STDERR ""removed "".scalar(keys(%zero_sd))."" with sd of 0\n"";
","chomp($l);
    my @c = split(/\t/,$l);
    my $id = shift(@c);
    my $m = shift(@c);
    my $s = shift(@c);
    $mean{$id} = $m;
    $sd{$id} = $s;
}

close(F);

my %orig;
my %scores;
my $cnt;

while( my $l = <STDIN> ){
    chomp($l);
    my ($sid,$scr) = split(/\t/,$l);
    if( $sid =~ /$src\-$trg$/ ){
        push @{$scores{$sid}},$scr;
        push @{$orig{$sid}},$scr;
        $cnt++;
    }
}

foreach my $sid ( keys %scores ){
    my $n = scalar @{$scores{$sid}};
    if( $n>0 ){
        my $m;
        my $s;
        if( exists $mean{$sid} && exists $sd{$sid} ){
            $m = $mean{$sid};
            $s = $sd{$sid};
        }elsif( $n>1 ){
            my $sum ="
deepseek,deepseek-ai/DeepSeek-V3.2:novita,perl,GPL-3.0,proc-hits::standardize-scrs.pl,92,0.4,0,0.09917355371900827,"
  chomp($l);
  my $wid = $l;
  my $mean = <F>;
  my $sd = <F>;

  chomp($mean);
  chomp($sd);

  $wid =~ s/^\[1\] \""//;
  $wid =~ s/\""$//;
  $mean =~ s/^\[1\] //;
  $sd =~ s/^\[1\] //;

  $mean{$wid} = $mean;
  $sd{$wid} = $sd;

  #print ""$wid\t$mean\t$sd\n""
}
close(F);

# WorkerId	src	trg	input_type	q_type	ref	src_wrds	sys_id	rid	type	sid	score	time
my $l = <STDIN>;
print $l;
my %zero_sd;

while( my $l = <STDIN>){

  if( $l =~ /$src\t$trg/ ){
    my @c = split(/\t/,$l);
    my $wid = $c[1];
    my $scr = int($c[9]);

    if( (! exists $mean{$wid}) || (! exists $sd{$wid})){
      print STDERR ""error no stats for $wid\n""; exit 1;
    }

    # remove anyone with standard deviation of 0
    if( $sd{$wid} == 0 ){
      $zero_sd{$wid} = 1;
      next;
    }

    my $z_scr = ($scr-$mean{$wid})/$sd{$wid};
    my $new_scr = $z_scr;

    $c[9] = $new_scr;

    for( my $i=0; $i<scalar(@c); $i++ ){
      if( $i == (scalar(@c)-1) ){
        print $c[$i];
      }else{
        print $c[$i].""\t"";
      }
    }
  }
}

print STDERR ""removed "".scalar(keys(%zero_sd))."" with sd of 0\n"";
","chomp($l);
    my ($std,$mean,$stddev,$sys,$scores) = split(/\t/,$l);
    $mean{$sys} = $mean;
    $sd{$sys} = $stddev;
}
close(F);

while( my $l = <STDIN>){
    chomp($l);
    my ($sys,$scr) = split(/\t/,$l);
    my $std = 0;
    if( $sd{$sys} ){
        $std = ($scr - $mean{$sys}) / $sd{$sys};
    }
    print ""$sys\t$std\n"";
}"
deepseek,deepseek-ai/DeepSeek-V3.2:novita,perl,GPL-3.0,proc-hits::standardize-scrs.pl,92,0.8,0,0.025806451612903226,"
  chomp($l);
  my $wid = $l;
  my $mean = <F>;
  my $sd = <F>;

  chomp($mean);
  chomp($sd);

  $wid =~ s/^\[1\] \""//;
  $wid =~ s/\""$//;
  $mean =~ s/^\[1\] //;
  $sd =~ s/^\[1\] //;

  $mean{$wid} = $mean;
  $sd{$wid} = $sd;

  #print ""$wid\t$mean\t$sd\n""
}
close(F);

# WorkerId	src	trg	input_type	q_type	ref	src_wrds	sys_id	rid	type	sid	score	time
my $l = <STDIN>;
print $l;
my %zero_sd;

while( my $l = <STDIN>){

  if( $l =~ /$src\t$trg/ ){
    my @c = split(/\t/,$l);
    my $wid = $c[1];
    my $scr = int($c[9]);

    if( (! exists $mean{$wid}) || (! exists $sd{$wid})){
      print STDERR ""error no stats for $wid\n""; exit 1;
    }

    # remove anyone with standard deviation of 0
    if( $sd{$wid} == 0 ){
      $zero_sd{$wid} = 1;
      next;
    }

    my $z_scr = ($scr-$mean{$wid})/$sd{$wid};
    my $new_scr = $z_scr;

    $c[9] = $new_scr;

    for( my $i=0; $i<scalar(@c); $i++ ){
      if( $i == (scalar(@c)-1) ){
        print $c[$i];
      }else{
        print $c[$i].""\t"";
      }
    }
  }
}

print STDERR ""removed "".scalar(keys(%zero_sd))."" with sd of 0\n"";
","chomp($l);
    my ($src_sent_id, $trg_sent_id, $system, $score) = split(/\t/,$l);
    my $pair = ""$src-$trg"";
    push @{$mean{$pair}{$system}}, $score;
}
close(F);

foreach my $pair (keys %mean) {
    foreach my $system (keys %{$mean{$pair}}) {
        my @scores = @{$mean{$pair}{$system}};
        my $sum = 0;
        $sum += $_ for @scores;
        my $n = scalar @scores;
        my $avg = $sum / $n;
        my $sqsum = 0;
        $sqsum += ($_ - $avg) ** 2 for @scores;
        my $std = sqrt($sqsum / ($n - 1)) if $n > 1;
        $std = 0 if $n <= 1;
        $mean{$pair}{$system} = $avg;
        $sd{$pair}{$system} = $std;
    }
}

open(F,""<$f"") or die ""cant open $f\n"";
while(my $l"
deepseek,deepseek-ai/DeepSeek-V3.2:novita,perl,GPL-3.0,solvers::msuncore::src::msu4.pm,397,0.2,0,0.15818181818181817,"	    if (${$opts}{d}) { print DBGF ""2ND LOOP ITERATION $niter...\n""; }
	}
	my $clmset = CLMSET->new();  # create clause multiset
	$clmset->add_clset($clset);       # cls remaining in clause set
	$clmset->add_clset($blkclset);    # cls w/ blocking vars
	$clmset->add_clset($cardset);     # encoding of card constraint
	my $outcome = &run_sat_solver($clmset);
	if ($outcome == 0) {
	    $nbvlb++;
	    # Find original clauses in core
	    my $coreref = &parse_core_file($corefile);
	    if (${$opts}{d}) {
		$""=""\n""; print DBGF ""CORE:\n@{$coreref}\n""; $""=' '; }
	    my $initref = &get_initial_clauses($coreref, $clset);
	    if (${$opts}{d}) {
		$""=""\n"";print DBGF ""INIT CLS:\n@{$initref}\n"";$""=' '; }
	    &extract_init_clauses($initref, $clset);
	    &add_blocking_vars($initref, $blkclset);
	} elsif ($outcome == 1) {
	    &UTILS::report_item(""Number of block vars"", $nbvlb);
	    &UTILS::report_item(""Computed maxsat solution"", $ncls - $nbvlb);
	    &finishup(); exit;
	} else {
	    $mxub = $ncls-$nbvlb;
	    &UTILS::report_item(""Lower bound for maxsat solution"", $mxlb);
	    &UTILS::report_item(""Upper bound for maxsat solution"", $mxub);
	    print ""Cputime limit exceeded\n"";
	    &finishup(); exit;
	}
    }
}


################################################################################
# Auxiliary functions
################################################################################

sub finishup() {
    if (!${$opts}{c}) { system(""rm -f $cnffile $outfile $xxtmpfile $corefile""); }
    if (${$opts}{d} && !${$opts}{c}) { close DBGF;system(""rm -f $dbgfile $logfile""); }
}

# Run SAT solver on clause multiset
sub run_sat_solver() {
    my ($clmset) = @_;
    my $outcome = -1;
    # 1. Generate CNF file from clset
    $clmset->write_dimacs($cnffile);
    # 2. Invoke mscore 
    my $csh_cmd = ""./mscore $cnffile $outfile"";
    ##print ""CSH_CMD: $csh_cmd\n"";
    if (${$opts}{T} ne '') {
	my $time_limit = &available_time(${$opts}{T});
	`csh -f -c ""limit cputime $time_limit; $csh_cmd"" >& $xxtmpfile`;
    } else { 
	`csh -f -c ""$csh_cmd"" >& $xxtmpfile`;
    }
    # 3. Parse output file and get outcome
    my ($outcome, $assign) = &parse_sat_outfile($outfile, $xxtmpfile);
    if (${$opts}{d}) { print ""Outcome: $outcome\n""; }
    return $outcome;  # 2nd arg is ref to data structure
}

# Run SAT solver on clause set to compute unsat core, if one exists
sub compute_and_remove_core() {
    my ($clset) = @_;
    my $outcome = -1;
    # 1. Generate CNF file from clset
    $clset->write_dimacs($cnffile);
    # 2. Invoke mscore 
    my $csh_cmd = ""./mscore $cnffile $outfile"";
    ##print ""CSH_CMD: $csh_cmd\n"";
    if (${$opts}{T} ne '') {
	my $time_limit = &available_time();
	`csh -f -c ""limit cputime $time_limit; $csh_cmd"" >& $xxtmpfile`;
    } else { 
	`csh -f -c ""$csh_cmd"" >& $xxtmpfile`;
    }
    # 3. Parse output file and get outcome
    my ($outcome, $assign) = &parse_sat_outfile($outfile, $xxtmpfile);
    # 3.1 If SAT, compute set of blocking vars and return it
    if ($outcome == 0) {
	if (${$opts}{d}) { print DBGF ""Instance is UNSAT\n""; }
	# 3.2.1 Parse computed unsat core
	my $coreref = &compute_core($corefile, $clset);
	&extract_core_fromclset($coreref, $clset);
	if (${$opts}{d}) { $""=""\n""; print DBGF ""CORE:\n@{$coreref}\n"";$""=' '; }
	push @coreset, $coreref;    # add core to set of cores
    } elsif (${$opts}{d} && $outcome == 1) {
	print DBGF ""Instance is SAT; Moving to next phase...\n"";
    }
    if (!${$opts}{c}) { system(""rm -f $cnffile $outfile $xxtmpfile $corefile""); }
    return $outcome;
}

sub parse_sat_outfile() {
    my ($fname, $tname) = @_;
    my $abort = 0;
    my $outcome = -1;
    my $assign = '';
    open (TMPF, ""<$tname"") || &exit_err(""Unable to open TMP output file\n"");
    while(<TMPF>) {
	if (m/Cputime limit exceeded/) { $abort = 1; last; }
    }
    close TMPF;
    if (!$abort) {
	open (SATF, ""<$fname"") || &exit_err(""Unable to open SAT output file\n"");
	while(<SATF>) {
	    chomp;
	    if (m/UNSAT/)  { $outcome = 0; last; }
	    elsif (m/SAT/) { $outcome = 1; }
	    else           { $assign = $_; last; }
	}
	if ($outcome < 0) { &exit_err(""Invalid SAT solver outcome??\n""); }
	close SATF;
    }
    return ($outcome, $assign);
}

# Compute unsat core; can apply cl filt
sub compute_core() {
    my ($corefile, $clset) = @_;
    my $coreref = &parse_core_file($corefile);
    if (${$opts}{d}) {
	$""=""\n""; print DBGF ""CORE:\n@{$coreref}\n""; $""=' ';
	""Num cls in core: $#{$coreref}\n"";
    }
    return $coreref;
}

# Compute all clauses in unsat core
sub parse_core_file() {
    my $corefile = shift;
    my @corecls = ();
    open (COREF, ""<$corefile"") ||
	&exit_err(""Unable to open core file $corefile\n"");
    while(<COREF>) {
	chomp;
	next if (m/^c /);
	next if (m/p cnf/);
	my @clits = split('\s+');
	if ($clits[0] eq '') { shift @clits; }
	if ($clits[$#clits] eq '') { pop @clits; }
	my $nclref = &CLUTILS::clsig(\@clits);
	push @corecls, $nclref;
    }
    if (${$opts}{d}) { $"" = ""\n""; print DBGF ""CORECLS: @corecls\n""; $"" = ' '; }
    close COREF;
    return \@corecls;
}

sub extract_core_fromclset() {
    my ($coreref, $clset) = @_;  # ref to array; object
    $clset->del_cl_set($coreref);
}

sub compute_blocking_vars() {   # Identify set of bocking vars
    my ($coreref, $blockvs) = @_;  # ref to array, ref to array
    if (${$opts}{d}) {
	my $ncs = $#{$coreref} + 1;
	print DBGF ""Number of cores: $ncs\n"";
    }
    foreach my $core (@{$coreref}) {
	if (${$opts}{d}) { print DBGF ""cls in core: $#{$core}\n""; }
	my $corecls = $#{$core}+1;  # number of cls in core;
	for (my $i=0; $i<$corecls; ++$i) { 
	    my $nid = &IDGEN::gen_id();
	    ${$blockvs}{$nid} = 1;
	}
    }
    if (${$opts}{d}) {
	my @bvs = keys %{$blockvs}; print DBGF ""Blocking vars: @bvs\n""; }
}

sub init_block_clause_set() {
    my ($bclset, $coreref, $blockvs) = @_;  # object, ref to array, ref to hash
    my @auxbvs = keys %{$blockvs};  # get array of block vars from keys of hash
    if (${$opts}{d}) { print DBGF ""Aux block vars: @auxbvs\n""; }

    foreach my $core (@{$coreref}) {
	my $corecls = $#{$core}+1;  # number of cls in core;
	foreach my $corecl (@{$core}) {
	    my $clits = &CLUTILS::cllits($corecl);
	    if (${$opts}{d}) { print DBGF ""CL LITS:: @{$clits}\n""; }
	    my $nbv = pop @auxbvs;
	    push @{$clits}, $nbv; push @{$clits}, 0;  # terminate w/ 0
	    if (${$opts}{d}) { print DBGF ""CL LITS:: @{$clits}\n""; }
	    my $clsig = &CLUTILS::clsig($clits);
	    $bclset->add_cl($clsig, 'BLOCK');
	    if (${$opts}{d}) { print DBGF ""Adding new cl: $clsig\n""; }
	}
    }
}

# Get original clauses in core, i.e. w/o blocking vars
sub get_initial_clauses() {
    my ($coreref, $clset) = @_;
    my @initcls = ();
    foreach my $cl (@{$coreref}) {
	if ($clset->lkup_cl($cl)) {  # If clause still exists in original clset
	    push @initcls, $cl;
	    if (${$opts}{d}) { print DBGF ""$cl status is init\n""; }
	} elsif (${$opts}{d}) { print DBGF ""$cl status is *not* init\n""; }
    }
    return \@initcls;
}

# Extract init cls form clause set
sub extract_init_clauses() {
    my ($initref, $clset) = @_;  # ref to array; object
    foreach my $cl (@{$initref}) {
	$clset->del_cl($cl);
    }
}

# Add blocking vars to set of original clauses
sub add_blocking_vars() {
    my ($origcls, $bclset) = @_;
    foreach my $cl (@{$origcls}) {
	my $clits = &CLUTILS::cllits($cl);
	if (${$opts}{d}) { print DBGF ""CL LITS:: @{$clits}\n""; }
	my $nid = &IDGEN::gen_id();
	$blockvs{$nid} = 1;                         # register as blocking var
	push @{$clits}, $nid; push @{$clits}, 0;    # terminate w/ 0
	if (${$opts}{d}) { print DBGF ""CL LITS:: @{$clits}\n""; }
	my $clsig = &CLUTILS::clsig($clits);
	$bclset->add_cl($clsig, 'BLOCK');
	if (${$opts}{d}) { print DBGF ""Adding new cl: $clsig\n""; }
    }
}

# Generate cardinality constraint
sub gen_card_constraint() {
    my ($bvref, $tval) = @_;
    my @auxbvs = keys %{$bvref};
    my $cardset = CLSET->new();
    if (${$opts}{d}) {
	print DBGF ""Generating card set for @auxbvs w/ rhs $tval\n"";
    }
    my $clstr = &CARD::gen_atmostN(\@auxbvs, $tval);
    my @newcls = split(""\n"", $clstr);
    for(my $i=0; $i<=$#newcls; $i++) {
	my @clits = split('\s+', $newcls[$i]);
	$newcls[$i] = &CLUTILS::clsig(\@clits);
    }
    if (${$opts}{d}) { $""=', '; print DBGF ""NEW CLS:\n@newcls\n""; $""=' '; }
    $cardset->add_cl_set(\@newcls, 'AUX');
    return $cardset;
}


END {
}

1;

# jpms
###############################################################################","if (${$opts}{d}) { print DBGF ""2ND LOOP ITERATION $niter...\n""; }
	}
	# 5.2. Union of clause sets: original + blocked clauses + card constr
	my $qclset = CLSET->new();
	$qclset->union($clset);
	$qclset->union($blkclset);
	$qclset->union($cardset);
	# 5.3. Run SAT solver on union
	my $qoutcome = &run_sat($qclset);
	if ($qoutcome == 1) {		# SAT => found optimal solution
	    &decode_solution($qclset, $clset, \%blockvs, $ncls, $nbvlb);
	    last;
	} elsif ($qoutcome == 0) {	# UNSAT => need to increase lower bound
	    ++$nbvlb;
	} else {
	    &UTILS::exit_err(""Time or memory limit exceeded\n"");
	}
    }
    &finishup();
}

sub compute_and_remove_core {
    my $clset = shift;"
deepseek,deepseek-ai/DeepSeek-V3.2:novita,perl,GPL-3.0,solvers::msuncore::src::msu4.pm,397,0.4,0,0.15703971119133575,"	    if (${$opts}{d}) { print DBGF ""2ND LOOP ITERATION $niter...\n""; }
	}
	my $clmset = CLMSET->new();  # create clause multiset
	$clmset->add_clset($clset);       # cls remaining in clause set
	$clmset->add_clset($blkclset);    # cls w/ blocking vars
	$clmset->add_clset($cardset);     # encoding of card constraint
	my $outcome = &run_sat_solver($clmset);
	if ($outcome == 0) {
	    $nbvlb++;
	    # Find original clauses in core
	    my $coreref = &parse_core_file($corefile);
	    if (${$opts}{d}) {
		$""=""\n""; print DBGF ""CORE:\n@{$coreref}\n""; $""=' '; }
	    my $initref = &get_initial_clauses($coreref, $clset);
	    if (${$opts}{d}) {
		$""=""\n"";print DBGF ""INIT CLS:\n@{$initref}\n"";$""=' '; }
	    &extract_init_clauses($initref, $clset);
	    &add_blocking_vars($initref, $blkclset);
	} elsif ($outcome == 1) {
	    &UTILS::report_item(""Number of block vars"", $nbvlb);
	    &UTILS::report_item(""Computed maxsat solution"", $ncls - $nbvlb);
	    &finishup(); exit;
	} else {
	    $mxub = $ncls-$nbvlb;
	    &UTILS::report_item(""Lower bound for maxsat solution"", $mxlb);
	    &UTILS::report_item(""Upper bound for maxsat solution"", $mxub);
	    print ""Cputime limit exceeded\n"";
	    &finishup(); exit;
	}
    }
}


################################################################################
# Auxiliary functions
################################################################################

sub finishup() {
    if (!${$opts}{c}) { system(""rm -f $cnffile $outfile $xxtmpfile $corefile""); }
    if (${$opts}{d} && !${$opts}{c}) { close DBGF;system(""rm -f $dbgfile $logfile""); }
}

# Run SAT solver on clause multiset
sub run_sat_solver() {
    my ($clmset) = @_;
    my $outcome = -1;
    # 1. Generate CNF file from clset
    $clmset->write_dimacs($cnffile);
    # 2. Invoke mscore 
    my $csh_cmd = ""./mscore $cnffile $outfile"";
    ##print ""CSH_CMD: $csh_cmd\n"";
    if (${$opts}{T} ne '') {
	my $time_limit = &available_time(${$opts}{T});
	`csh -f -c ""limit cputime $time_limit; $csh_cmd"" >& $xxtmpfile`;
    } else { 
	`csh -f -c ""$csh_cmd"" >& $xxtmpfile`;
    }
    # 3. Parse output file and get outcome
    my ($outcome, $assign) = &parse_sat_outfile($outfile, $xxtmpfile);
    if (${$opts}{d}) { print ""Outcome: $outcome\n""; }
    return $outcome;  # 2nd arg is ref to data structure
}

# Run SAT solver on clause set to compute unsat core, if one exists
sub compute_and_remove_core() {
    my ($clset) = @_;
    my $outcome = -1;
    # 1. Generate CNF file from clset
    $clset->write_dimacs($cnffile);
    # 2. Invoke mscore 
    my $csh_cmd = ""./mscore $cnffile $outfile"";
    ##print ""CSH_CMD: $csh_cmd\n"";
    if (${$opts}{T} ne '') {
	my $time_limit = &available_time();
	`csh -f -c ""limit cputime $time_limit; $csh_cmd"" >& $xxtmpfile`;
    } else { 
	`csh -f -c ""$csh_cmd"" >& $xxtmpfile`;
    }
    # 3. Parse output file and get outcome
    my ($outcome, $assign) = &parse_sat_outfile($outfile, $xxtmpfile);
    # 3.1 If SAT, compute set of blocking vars and return it
    if ($outcome == 0) {
	if (${$opts}{d}) { print DBGF ""Instance is UNSAT\n""; }
	# 3.2.1 Parse computed unsat core
	my $coreref = &compute_core($corefile, $clset);
	&extract_core_fromclset($coreref, $clset);
	if (${$opts}{d}) { $""=""\n""; print DBGF ""CORE:\n@{$coreref}\n"";$""=' '; }
	push @coreset, $coreref;    # add core to set of cores
    } elsif (${$opts}{d} && $outcome == 1) {
	print DBGF ""Instance is SAT; Moving to next phase...\n"";
    }
    if (!${$opts}{c}) { system(""rm -f $cnffile $outfile $xxtmpfile $corefile""); }
    return $outcome;
}

sub parse_sat_outfile() {
    my ($fname, $tname) = @_;
    my $abort = 0;
    my $outcome = -1;
    my $assign = '';
    open (TMPF, ""<$tname"") || &exit_err(""Unable to open TMP output file\n"");
    while(<TMPF>) {
	if (m/Cputime limit exceeded/) { $abort = 1; last; }
    }
    close TMPF;
    if (!$abort) {
	open (SATF, ""<$fname"") || &exit_err(""Unable to open SAT output file\n"");
	while(<SATF>) {
	    chomp;
	    if (m/UNSAT/)  { $outcome = 0; last; }
	    elsif (m/SAT/) { $outcome = 1; }
	    else           { $assign = $_; last; }
	}
	if ($outcome < 0) { &exit_err(""Invalid SAT solver outcome??\n""); }
	close SATF;
    }
    return ($outcome, $assign);
}

# Compute unsat core; can apply cl filt
sub compute_core() {
    my ($corefile, $clset) = @_;
    my $coreref = &parse_core_file($corefile);
    if (${$opts}{d}) {
	$""=""\n""; print DBGF ""CORE:\n@{$coreref}\n""; $""=' ';
	""Num cls in core: $#{$coreref}\n"";
    }
    return $coreref;
}

# Compute all clauses in unsat core
sub parse_core_file() {
    my $corefile = shift;
    my @corecls = ();
    open (COREF, ""<$corefile"") ||
	&exit_err(""Unable to open core file $corefile\n"");
    while(<COREF>) {
	chomp;
	next if (m/^c /);
	next if (m/p cnf/);
	my @clits = split('\s+');
	if ($clits[0] eq '') { shift @clits; }
	if ($clits[$#clits] eq '') { pop @clits; }
	my $nclref = &CLUTILS::clsig(\@clits);
	push @corecls, $nclref;
    }
    if (${$opts}{d}) { $"" = ""\n""; print DBGF ""CORECLS: @corecls\n""; $"" = ' '; }
    close COREF;
    return \@corecls;
}

sub extract_core_fromclset() {
    my ($coreref, $clset) = @_;  # ref to array; object
    $clset->del_cl_set($coreref);
}

sub compute_blocking_vars() {   # Identify set of bocking vars
    my ($coreref, $blockvs) = @_;  # ref to array, ref to array
    if (${$opts}{d}) {
	my $ncs = $#{$coreref} + 1;
	print DBGF ""Number of cores: $ncs\n"";
    }
    foreach my $core (@{$coreref}) {
	if (${$opts}{d}) { print DBGF ""cls in core: $#{$core}\n""; }
	my $corecls = $#{$core}+1;  # number of cls in core;
	for (my $i=0; $i<$corecls; ++$i) { 
	    my $nid = &IDGEN::gen_id();
	    ${$blockvs}{$nid} = 1;
	}
    }
    if (${$opts}{d}) {
	my @bvs = keys %{$blockvs}; print DBGF ""Blocking vars: @bvs\n""; }
}

sub init_block_clause_set() {
    my ($bclset, $coreref, $blockvs) = @_;  # object, ref to array, ref to hash
    my @auxbvs = keys %{$blockvs};  # get array of block vars from keys of hash
    if (${$opts}{d}) { print DBGF ""Aux block vars: @auxbvs\n""; }

    foreach my $core (@{$coreref}) {
	my $corecls = $#{$core}+1;  # number of cls in core;
	foreach my $corecl (@{$core}) {
	    my $clits = &CLUTILS::cllits($corecl);
	    if (${$opts}{d}) { print DBGF ""CL LITS:: @{$clits}\n""; }
	    my $nbv = pop @auxbvs;
	    push @{$clits}, $nbv; push @{$clits}, 0;  # terminate w/ 0
	    if (${$opts}{d}) { print DBGF ""CL LITS:: @{$clits}\n""; }
	    my $clsig = &CLUTILS::clsig($clits);
	    $bclset->add_cl($clsig, 'BLOCK');
	    if (${$opts}{d}) { print DBGF ""Adding new cl: $clsig\n""; }
	}
    }
}

# Get original clauses in core, i.e. w/o blocking vars
sub get_initial_clauses() {
    my ($coreref, $clset) = @_;
    my @initcls = ();
    foreach my $cl (@{$coreref}) {
	if ($clset->lkup_cl($cl)) {  # If clause still exists in original clset
	    push @initcls, $cl;
	    if (${$opts}{d}) { print DBGF ""$cl status is init\n""; }
	} elsif (${$opts}{d}) { print DBGF ""$cl status is *not* init\n""; }
    }
    return \@initcls;
}

# Extract init cls form clause set
sub extract_init_clauses() {
    my ($initref, $clset) = @_;  # ref to array; object
    foreach my $cl (@{$initref}) {
	$clset->del_cl($cl);
    }
}

# Add blocking vars to set of original clauses
sub add_blocking_vars() {
    my ($origcls, $bclset) = @_;
    foreach my $cl (@{$origcls}) {
	my $clits = &CLUTILS::cllits($cl);
	if (${$opts}{d}) { print DBGF ""CL LITS:: @{$clits}\n""; }
	my $nid = &IDGEN::gen_id();
	$blockvs{$nid} = 1;                         # register as blocking var
	push @{$clits}, $nid; push @{$clits}, 0;    # terminate w/ 0
	if (${$opts}{d}) { print DBGF ""CL LITS:: @{$clits}\n""; }
	my $clsig = &CLUTILS::clsig($clits);
	$bclset->add_cl($clsig, 'BLOCK');
	if (${$opts}{d}) { print DBGF ""Adding new cl: $clsig\n""; }
    }
}

# Generate cardinality constraint
sub gen_card_constraint() {
    my ($bvref, $tval) = @_;
    my @auxbvs = keys %{$bvref};
    my $cardset = CLSET->new();
    if (${$opts}{d}) {
	print DBGF ""Generating card set for @auxbvs w/ rhs $tval\n"";
    }
    my $clstr = &CARD::gen_atmostN(\@auxbvs, $tval);
    my @newcls = split(""\n"", $clstr);
    for(my $i=0; $i<=$#newcls; $i++) {
	my @clits = split('\s+', $newcls[$i]);
	$newcls[$i] = &CLUTILS::clsig(\@clits);
    }
    if (${$opts}{d}) { $""=', '; print DBGF ""NEW CLS:\n@newcls\n""; $""=' '; }
    $cardset->add_cl_set(\@newcls, 'AUX');
    return $cardset;
}


END {
}

1;

# jpms
###############################################################################","if (${$opts}{d}) { print DBGF ""2ND LOOP ITERATION $niter...\n""; }
	}
	# 5.2. Merge clause sets
	my $mergeset = CLSET->new();
	$mergeset->merge($blkclset);
	$mergeset->merge($cardset);
	# 5.3. Run SAT solver
	my $res = &run_solver($mergeset, $xxtmpfile);
	if ($res == 10) {    # SAT
	    my $model = &parse_model($xxtmpfile);
	    my $nclsrm = &count_satisfied_clauses($clset, $model);
	    my $maxsat = $ncls - $nclsrm;
	    &UTILS::report_item('MaxSAT solution', $maxsat);
	    &output_solution($model, $maxsat);
	    &finishup(); last;
	} elsif ($res == 20) {    # UNSAT
	    ++$nbvlb;
	    if ($nbvlb > $ncs) {
		&UTILS::report_item('MaxSAT solution"
deepseek,deepseek-ai/DeepSeek-V3.2:novita,perl,GPL-3.0,solvers::msuncore::src::msu4.pm,397,0.8,0,0.16363636363636364,"	    if (${$opts}{d}) { print DBGF ""2ND LOOP ITERATION $niter...\n""; }
	}
	my $clmset = CLMSET->new();  # create clause multiset
	$clmset->add_clset($clset);       # cls remaining in clause set
	$clmset->add_clset($blkclset);    # cls w/ blocking vars
	$clmset->add_clset($cardset);     # encoding of card constraint
	my $outcome = &run_sat_solver($clmset);
	if ($outcome == 0) {
	    $nbvlb++;
	    # Find original clauses in core
	    my $coreref = &parse_core_file($corefile);
	    if (${$opts}{d}) {
		$""=""\n""; print DBGF ""CORE:\n@{$coreref}\n""; $""=' '; }
	    my $initref = &get_initial_clauses($coreref, $clset);
	    if (${$opts}{d}) {
		$""=""\n"";print DBGF ""INIT CLS:\n@{$initref}\n"";$""=' '; }
	    &extract_init_clauses($initref, $clset);
	    &add_blocking_vars($initref, $blkclset);
	} elsif ($outcome == 1) {
	    &UTILS::report_item(""Number of block vars"", $nbvlb);
	    &UTILS::report_item(""Computed maxsat solution"", $ncls - $nbvlb);
	    &finishup(); exit;
	} else {
	    $mxub = $ncls-$nbvlb;
	    &UTILS::report_item(""Lower bound for maxsat solution"", $mxlb);
	    &UTILS::report_item(""Upper bound for maxsat solution"", $mxub);
	    print ""Cputime limit exceeded\n"";
	    &finishup(); exit;
	}
    }
}


################################################################################
# Auxiliary functions
################################################################################

sub finishup() {
    if (!${$opts}{c}) { system(""rm -f $cnffile $outfile $xxtmpfile $corefile""); }
    if (${$opts}{d} && !${$opts}{c}) { close DBGF;system(""rm -f $dbgfile $logfile""); }
}

# Run SAT solver on clause multiset
sub run_sat_solver() {
    my ($clmset) = @_;
    my $outcome = -1;
    # 1. Generate CNF file from clset
    $clmset->write_dimacs($cnffile);
    # 2. Invoke mscore 
    my $csh_cmd = ""./mscore $cnffile $outfile"";
    ##print ""CSH_CMD: $csh_cmd\n"";
    if (${$opts}{T} ne '') {
	my $time_limit = &available_time(${$opts}{T});
	`csh -f -c ""limit cputime $time_limit; $csh_cmd"" >& $xxtmpfile`;
    } else { 
	`csh -f -c ""$csh_cmd"" >& $xxtmpfile`;
    }
    # 3. Parse output file and get outcome
    my ($outcome, $assign) = &parse_sat_outfile($outfile, $xxtmpfile);
    if (${$opts}{d}) { print ""Outcome: $outcome\n""; }
    return $outcome;  # 2nd arg is ref to data structure
}

# Run SAT solver on clause set to compute unsat core, if one exists
sub compute_and_remove_core() {
    my ($clset) = @_;
    my $outcome = -1;
    # 1. Generate CNF file from clset
    $clset->write_dimacs($cnffile);
    # 2. Invoke mscore 
    my $csh_cmd = ""./mscore $cnffile $outfile"";
    ##print ""CSH_CMD: $csh_cmd\n"";
    if (${$opts}{T} ne '') {
	my $time_limit = &available_time();
	`csh -f -c ""limit cputime $time_limit; $csh_cmd"" >& $xxtmpfile`;
    } else { 
	`csh -f -c ""$csh_cmd"" >& $xxtmpfile`;
    }
    # 3. Parse output file and get outcome
    my ($outcome, $assign) = &parse_sat_outfile($outfile, $xxtmpfile);
    # 3.1 If SAT, compute set of blocking vars and return it
    if ($outcome == 0) {
	if (${$opts}{d}) { print DBGF ""Instance is UNSAT\n""; }
	# 3.2.1 Parse computed unsat core
	my $coreref = &compute_core($corefile, $clset);
	&extract_core_fromclset($coreref, $clset);
	if (${$opts}{d}) { $""=""\n""; print DBGF ""CORE:\n@{$coreref}\n"";$""=' '; }
	push @coreset, $coreref;    # add core to set of cores
    } elsif (${$opts}{d} && $outcome == 1) {
	print DBGF ""Instance is SAT; Moving to next phase...\n"";
    }
    if (!${$opts}{c}) { system(""rm -f $cnffile $outfile $xxtmpfile $corefile""); }
    return $outcome;
}

sub parse_sat_outfile() {
    my ($fname, $tname) = @_;
    my $abort = 0;
    my $outcome = -1;
    my $assign = '';
    open (TMPF, ""<$tname"") || &exit_err(""Unable to open TMP output file\n"");
    while(<TMPF>) {
	if (m/Cputime limit exceeded/) { $abort = 1; last; }
    }
    close TMPF;
    if (!$abort) {
	open (SATF, ""<$fname"") || &exit_err(""Unable to open SAT output file\n"");
	while(<SATF>) {
	    chomp;
	    if (m/UNSAT/)  { $outcome = 0; last; }
	    elsif (m/SAT/) { $outcome = 1; }
	    else           { $assign = $_; last; }
	}
	if ($outcome < 0) { &exit_err(""Invalid SAT solver outcome??\n""); }
	close SATF;
    }
    return ($outcome, $assign);
}

# Compute unsat core; can apply cl filt
sub compute_core() {
    my ($corefile, $clset) = @_;
    my $coreref = &parse_core_file($corefile);
    if (${$opts}{d}) {
	$""=""\n""; print DBGF ""CORE:\n@{$coreref}\n""; $""=' ';
	""Num cls in core: $#{$coreref}\n"";
    }
    return $coreref;
}

# Compute all clauses in unsat core
sub parse_core_file() {
    my $corefile = shift;
    my @corecls = ();
    open (COREF, ""<$corefile"") ||
	&exit_err(""Unable to open core file $corefile\n"");
    while(<COREF>) {
	chomp;
	next if (m/^c /);
	next if (m/p cnf/);
	my @clits = split('\s+');
	if ($clits[0] eq '') { shift @clits; }
	if ($clits[$#clits] eq '') { pop @clits; }
	my $nclref = &CLUTILS::clsig(\@clits);
	push @corecls, $nclref;
    }
    if (${$opts}{d}) { $"" = ""\n""; print DBGF ""CORECLS: @corecls\n""; $"" = ' '; }
    close COREF;
    return \@corecls;
}

sub extract_core_fromclset() {
    my ($coreref, $clset) = @_;  # ref to array; object
    $clset->del_cl_set($coreref);
}

sub compute_blocking_vars() {   # Identify set of bocking vars
    my ($coreref, $blockvs) = @_;  # ref to array, ref to array
    if (${$opts}{d}) {
	my $ncs = $#{$coreref} + 1;
	print DBGF ""Number of cores: $ncs\n"";
    }
    foreach my $core (@{$coreref}) {
	if (${$opts}{d}) { print DBGF ""cls in core: $#{$core}\n""; }
	my $corecls = $#{$core}+1;  # number of cls in core;
	for (my $i=0; $i<$corecls; ++$i) { 
	    my $nid = &IDGEN::gen_id();
	    ${$blockvs}{$nid} = 1;
	}
    }
    if (${$opts}{d}) {
	my @bvs = keys %{$blockvs}; print DBGF ""Blocking vars: @bvs\n""; }
}

sub init_block_clause_set() {
    my ($bclset, $coreref, $blockvs) = @_;  # object, ref to array, ref to hash
    my @auxbvs = keys %{$blockvs};  # get array of block vars from keys of hash
    if (${$opts}{d}) { print DBGF ""Aux block vars: @auxbvs\n""; }

    foreach my $core (@{$coreref}) {
	my $corecls = $#{$core}+1;  # number of cls in core;
	foreach my $corecl (@{$core}) {
	    my $clits = &CLUTILS::cllits($corecl);
	    if (${$opts}{d}) { print DBGF ""CL LITS:: @{$clits}\n""; }
	    my $nbv = pop @auxbvs;
	    push @{$clits}, $nbv; push @{$clits}, 0;  # terminate w/ 0
	    if (${$opts}{d}) { print DBGF ""CL LITS:: @{$clits}\n""; }
	    my $clsig = &CLUTILS::clsig($clits);
	    $bclset->add_cl($clsig, 'BLOCK');
	    if (${$opts}{d}) { print DBGF ""Adding new cl: $clsig\n""; }
	}
    }
}

# Get original clauses in core, i.e. w/o blocking vars
sub get_initial_clauses() {
    my ($coreref, $clset) = @_;
    my @initcls = ();
    foreach my $cl (@{$coreref}) {
	if ($clset->lkup_cl($cl)) {  # If clause still exists in original clset
	    push @initcls, $cl;
	    if (${$opts}{d}) { print DBGF ""$cl status is init\n""; }
	} elsif (${$opts}{d}) { print DBGF ""$cl status is *not* init\n""; }
    }
    return \@initcls;
}

# Extract init cls form clause set
sub extract_init_clauses() {
    my ($initref, $clset) = @_;  # ref to array; object
    foreach my $cl (@{$initref}) {
	$clset->del_cl($cl);
    }
}

# Add blocking vars to set of original clauses
sub add_blocking_vars() {
    my ($origcls, $bclset) = @_;
    foreach my $cl (@{$origcls}) {
	my $clits = &CLUTILS::cllits($cl);
	if (${$opts}{d}) { print DBGF ""CL LITS:: @{$clits}\n""; }
	my $nid = &IDGEN::gen_id();
	$blockvs{$nid} = 1;                         # register as blocking var
	push @{$clits}, $nid; push @{$clits}, 0;    # terminate w/ 0
	if (${$opts}{d}) { print DBGF ""CL LITS:: @{$clits}\n""; }
	my $clsig = &CLUTILS::clsig($clits);
	$bclset->add_cl($clsig, 'BLOCK');
	if (${$opts}{d}) { print DBGF ""Adding new cl: $clsig\n""; }
    }
}

# Generate cardinality constraint
sub gen_card_constraint() {
    my ($bvref, $tval) = @_;
    my @auxbvs = keys %{$bvref};
    my $cardset = CLSET->new();
    if (${$opts}{d}) {
	print DBGF ""Generating card set for @auxbvs w/ rhs $tval\n"";
    }
    my $clstr = &CARD::gen_atmostN(\@auxbvs, $tval);
    my @newcls = split(""\n"", $clstr);
    for(my $i=0; $i<=$#newcls; $i++) {
	my @clits = split('\s+', $newcls[$i]);
	$newcls[$i] = &CLUTILS::clsig(\@clits);
    }
    if (${$opts}{d}) { $""=', '; print DBGF ""NEW CLS:\n@newcls\n""; $""=' '; }
    $cardset->add_cl_set(\@newcls, 'AUX');
    return $cardset;
}


END {
}

1;

# jpms
###############################################################################","if (${$opts}{d}) { print DBGF ""2ND LOOP ITERATION $niter...\n""; }
	}
	# 5.2. Merge clause sets: original + blocked + cardinality
	my $mergeset = CLSET->new();
	$mergeset->merge($clset);
	$mergeset->merge($blkclset);
	$mergeset->merge($cardset);
	# 5.3. Run SAT solver
	my $satout = &run_sat_solver($mergeset);
	if ($satout->{sat}) {
	    # SAT => current nbvlb is feasible, update lower bound
	    $mxlb = $nbvlb;
	    &UTILS::report_item(""New lower bound"", $mxlb);
	    if ($mxlb == $tub) {
		# Optimal value found
		my $optval = $ncls - $mxlb;
		&UTILS::report_item(""Optimal solution"", $optval);
		&output_solution($satout->{model});
		&finishup();
		exit;
	    }
	    # Increase lower bound and continue"
deepseek,deepseek-ai/DeepSeek-V3.2:novita,perl,GPL-3.0,scripts::repeat.pl,145,0.2,0,0.08823529411764706,"#   N : Display a message N times, then ignore it.
#
###
################
###
# Changelog
#
# Version 0.2.0
# - addes support for /me
#
# Version master
# - updated url
#
# Version 0.1.3
# - fix: also check before own message (by Wouter Coekaerts)
#
# Version 0.1.2
# - removed stray debug message (duh!)
#
# Version 0.1.1
# - off by one fixed
# - fixed missing '$'
#
# Version 0.1.0
# - initial release
#
my %said;
my %count;

sub sig_public {
  my ($server, $msg, $nick, $address, $target) = @_;

	my $maxcount = Irssi::settings_get_int('repeat_count');

	my $window = $server->window_find_item($target);
	my $refnum = $window->{refnum};

	my $this = $refnum.$nick.$msg;

	my $last = $said{$refnum};
	my $i = $count{$refnum};

	if ($last eq $this and not $nick eq $server->{nick}) {
		$count{$refnum} = $i +1;

		if ($i >= $maxcount) {
			Irssi::signal_stop();
		}
	} else {
		if ($i > $maxcount && Irssi::settings_get_bool('repeat_show')) {
			$window->print(""Message repeated "".($i-1)."" times"");
		}

		$count{$refnum} = 1;
		$said{$refnum} = $this;
	}
}

sub sig_own_public {
	my ($server, $msg, $target) = @_;
	sig_public ($server, $msg, $server->{nick}, """", $target);
}

sub remove_window {
	my ($num) = @_;

	delete($count{$num});
	delete($said{$num});
}

sub sig_refnum {
	my ($window,$old) = @_;
	my $refnum = $window->{refnum};

	$count{$refnum} = $count{old};
	$said{$refnum} = $count{old};

	remove_window($old);
}

sub sig_destroyed {
	my ($window) = @_;
	remove_window($window->{refnum});
}

Irssi::signal_add('message public', 'sig_public');
Irssi::signal_add('message own_public', 'sig_own_public');
Irssi::signal_add('message irc action', 'sig_public');
Irssi::signal_add_last('window refnum changed', 'sig_refnum');
Irssi::signal_add_last('window destroyed', 'sig_destroyed');

Irssi::settings_add_int('misc', 'repeat_count', 1);
Irssi::settings_add_bool('misc', 'repeat_show', 1);
","#   * N   : ignore after N times (lines displayed N times then hidden)
#
#########
# CHANGELOG
#########
#
# 0.1.0 - initial version
# 0.2.0 - fixed a problem with the first message
#       - smarter detection of repeats
#

my $repeat_count = 4; # display messages N times (#10)
my $repeat_show = 0;  # show info (#6)
my $repeat_skip_color = 1; # color in info line

# this will be a hash of
# windowitem => [lastmessage (String), count(int), lastprintedcount(int)];
my %repeat = ();

sub check_repeat {
	my ($dest, $text, $stripped) = @_;
	my $window = $dest->{window};

	return unless (ref $window && $window->{active});

	my $winref = $window->{ref};
	my ($last, $count, $printed) = @{$repeat{$winref}} if (defined $repeat{$winref});

	if (defined $last && $last eq $stripped) {
		$count++;

		if ($"
deepseek,deepseek-ai/DeepSeek-V3.2:novita,perl,GPL-3.0,scripts::repeat.pl,145,0.4,0,0.2283464566929134,"#   N : Display a message N times, then ignore it.
#
###
################
###
# Changelog
#
# Version 0.2.0
# - addes support for /me
#
# Version master
# - updated url
#
# Version 0.1.3
# - fix: also check before own message (by Wouter Coekaerts)
#
# Version 0.1.2
# - removed stray debug message (duh!)
#
# Version 0.1.1
# - off by one fixed
# - fixed missing '$'
#
# Version 0.1.0
# - initial release
#
my %said;
my %count;

sub sig_public {
  my ($server, $msg, $nick, $address, $target) = @_;

	my $maxcount = Irssi::settings_get_int('repeat_count');

	my $window = $server->window_find_item($target);
	my $refnum = $window->{refnum};

	my $this = $refnum.$nick.$msg;

	my $last = $said{$refnum};
	my $i = $count{$refnum};

	if ($last eq $this and not $nick eq $server->{nick}) {
		$count{$refnum} = $i +1;

		if ($i >= $maxcount) {
			Irssi::signal_stop();
		}
	} else {
		if ($i > $maxcount && Irssi::settings_get_bool('repeat_show')) {
			$window->print(""Message repeated "".($i-1)."" times"");
		}

		$count{$refnum} = 1;
		$said{$refnum} = $this;
	}
}

sub sig_own_public {
	my ($server, $msg, $target) = @_;
	sig_public ($server, $msg, $server->{nick}, """", $target);
}

sub remove_window {
	my ($num) = @_;

	delete($count{$num});
	delete($said{$num});
}

sub sig_refnum {
	my ($window,$old) = @_;
	my $refnum = $window->{refnum};

	$count{$refnum} = $count{old};
	$said{$refnum} = $count{old};

	remove_window($old);
}

sub sig_destroyed {
	my ($window) = @_;
	remove_window($window->{refnum});
}

Irssi::signal_add('message public', 'sig_public');
Irssi::signal_add('message own_public', 'sig_own_public');
Irssi::signal_add('message irc action', 'sig_public');
Irssi::signal_add_last('window refnum changed', 'sig_refnum');
Irssi::signal_add_last('window destroyed', 'sig_destroyed');

Irssi::settings_add_int('misc', 'repeat_count', 1);
Irssi::settings_add_bool('misc', 'repeat_show', 1);
","#   * N   : number of repetitions after which to hide (default 2)
#
# /set repeat_ignore <regex>
#   * regex : lines matching this regex will not be counted as repeats
#
# /set repeat_ignore_nicks <regex>
#   * regex : nicks matching this regex will not be counted as repeats
#
#########
# CHANGELOG
#########
#
# 0.2.0
#   * added repeat_ignore and repeat_ignore_nicks
# 0.1.0
#   * initial release
#
#########

my %last;
my %count;

sub sig_public {
	my ($server, $msg, $nick, $address, $target) = @_;

	# check ignore regex for nicks
	my $ignore_nicks = Irssi::settings_get_str('repeat_ignore_nicks');
	if ($ignore_nicks && $nick =~ /$ignore_nicks/) {
		return;
	}

	# check ignore regex for messages
	my $ignore = Irssi::settings_get_str('repeat_ignore');
	if ($ignore && $msg =~ /$ignore/) {
		return;
	}"
deepseek,deepseek-ai/DeepSeek-V3.2:novita,perl,GPL-3.0,scripts::repeat.pl,145,0.8,0,0.2108843537414966,"#   N : Display a message N times, then ignore it.
#
###
################
###
# Changelog
#
# Version 0.2.0
# - addes support for /me
#
# Version master
# - updated url
#
# Version 0.1.3
# - fix: also check before own message (by Wouter Coekaerts)
#
# Version 0.1.2
# - removed stray debug message (duh!)
#
# Version 0.1.1
# - off by one fixed
# - fixed missing '$'
#
# Version 0.1.0
# - initial release
#
my %said;
my %count;

sub sig_public {
  my ($server, $msg, $nick, $address, $target) = @_;

	my $maxcount = Irssi::settings_get_int('repeat_count');

	my $window = $server->window_find_item($target);
	my $refnum = $window->{refnum};

	my $this = $refnum.$nick.$msg;

	my $last = $said{$refnum};
	my $i = $count{$refnum};

	if ($last eq $this and not $nick eq $server->{nick}) {
		$count{$refnum} = $i +1;

		if ($i >= $maxcount) {
			Irssi::signal_stop();
		}
	} else {
		if ($i > $maxcount && Irssi::settings_get_bool('repeat_show')) {
			$window->print(""Message repeated "".($i-1)."" times"");
		}

		$count{$refnum} = 1;
		$said{$refnum} = $this;
	}
}

sub sig_own_public {
	my ($server, $msg, $target) = @_;
	sig_public ($server, $msg, $server->{nick}, """", $target);
}

sub remove_window {
	my ($num) = @_;

	delete($count{$num});
	delete($said{$num});
}

sub sig_refnum {
	my ($window,$old) = @_;
	my $refnum = $window->{refnum};

	$count{$refnum} = $count{old};
	$said{$refnum} = $count{old};

	remove_window($old);
}

sub sig_destroyed {
	my ($window) = @_;
	remove_window($window->{refnum});
}

Irssi::signal_add('message public', 'sig_public');
Irssi::signal_add('message own_public', 'sig_own_public');
Irssi::signal_add('message irc action', 'sig_public');
Irssi::signal_add_last('window refnum changed', 'sig_refnum');
Irssi::signal_add_last('window destroyed', 'sig_destroyed');

Irssi::settings_add_int('misc', 'repeat_count', 1);
Irssi::settings_add_bool('misc', 'repeat_show', 1);
","my ($lastNick, $lastLine, $lastTime, $count) = ('', '', 0, 0);
my $check_timeout = 1;  # seconds between messages to be considered repeated

sub sig_public {
	my ($server, $msg, $nick, $address, $target) = @_;
	my $line = ""$nick $msg"";
	my $now = time();

	if ($lastLine eq $line && ($now - $lastTime) < $check_timeout) {
		$count++;
		Irssi::signal_stop();
	} else {
		if ($count > 1 && Irssi::settings_get_bool('repeat_show')) {
			$server->print($target, ""Irssi: Message repeated $count times"", MSGLEVEL_CLIENTCRAP);
		}
		$lastNick = $nick;
		$lastLine = $line;
		$lastTime = $now;
		$count = 1;
	}
}

Irssi::signal_add_first('message public', 'sig_public');
Irssi::signal_add_first('message own_public', 'sig_public');

Irssi"
deepseek,deepseek-ai/DeepSeek-V3.2:novita,perl,GPL-3.0,smake::SMake::InstallArea::StdArea.pm,180,0.2,0,0.23214285714285715,"  my $path = $resource->getName();
  my $basepath = $this->getBasePath($project, $module);
  return $basepath->joinPaths($path);  
}

sub installResolvedResource {
  my ($this, $context, $subsystem, $project, $module, $name, $resolved) = @_;

  # -- area base path
  my $basepath = $this->getBasePath($project, $module);
      
  # -- prepare installation directory
  my $dirpath = $basepath->joinPaths($name->getDirpath());
  my $dirname = $project->getRepository()->getPhysicalLocationString(
      $this->{location}, $dirpath);
  if(! -d $dirname) {
    my $msg = SMake::Utils::Dirutils::makeDirectory($dirname);
    if($msg) {
      SMake::Utils::Utils::dieReport(
          $context->getReporter(),
          $subsystem,
          ""cannot create installation area path '%s': %s!"",
          $dirname,
          $msg);
    }
  }
      
  # -- install the resource
  my $srcname = $resolved->getPhysicalPathString();
  my $tgname = $project->getRepository()->getPhysicalLocationString(
      $this->{location}, $dirpath->joinPaths($name->getBasepath()));
  if(!-f $tgname) {
    if(!defined($this->{cpmodules}->{$module})) {
      # -- symbolic link
      if(!SMake::Utils::Dirutils::linkFile($tgname, $srcname)) {
        SMake::Utils::Utils::dieReport(
            $context->getReporter(),
            $subsystem,
            ""cannot link file '%s' to '%s'!"",
            $srcname,
            $tgname);
      }
    }
    else {
      # -- copy the resource
      if(!SMake::Utils::Dirutils::copyFile($tgname, $srcname)) {
        SMake::Utils::Utils::dieReport(
            $context->getReporter(),
            $subsystem,
            ""cannot copy file '%s' to '%s'!"",
            $srcname,
            $tgname);
      }
    }
    print ""Installed resource '$srcname' as '$tgname'.\n"";
  }
}

sub installResource {
  my ($this, $context, $subsystem, $project, $resource) = @_;
  
  # -- resolve the dependency closure of the external resource
  my $resolved_list = SMake::Utils::Searching::externalTransitiveClosure(
      $context, $subsystem, $resource);
  foreach my $res (@$resolved_list) {
    if(!$res->[2]) {
      $this->installResolvedResource(
          $context,
          $subsystem,
          $project,
          $res->[0]->getType(),
          $res->[0]->getName(),
          SMake::Utils::Searching::getRealResource($res->[1]));
    }
  }
}

sub installDependency {
  my ($this, $context, $subsystem, $project, $dependency) = @_;
  
  my $closure = {};
  $dependency->updateTransitiveClosure(
        $context, $SMake::Executor::Executor::SUBSYSTEM, $closure, $dependency->getArtifact(), '.*');
  foreach my $d (values %$closure) {
    if(defined($d->[1])) {
      $this->installResolvedResource(
          $context,
          $subsystem,
          $project,
          $dependency->getInstallModule(),
          $d->[1]->getName(),
          $d->[1]);
    }
  }
}

sub getModulePath {
  my ($this, $context, $subsystem, $module, $project) = @_;
  return $this->{location}, $this->getBasePath($project, $module);
}

# Clean the installation area
#
# Usage: cleanArea($context, $subsystem, $project)
#    context ..... executor context
#    subsystem ... logging subsystem
#    project ..... project object which the resource is installed in
sub cleanArea {
  my ($this, $context, $subsystem, $project) = @_;

  my $path = $this->getBasePath($project);
  $path = $project->getRepository()->getPhysicalLocationString(
      $this->{location}, $path);
  SMake::Utils::Dirutils::removeDirectory($path);
}

return 1;","my $basepath = $this->getBasePath($project, $module);
  my $relpath = $resource->getPath();
  my $fullpath = $basepath->joinPaths($relpath);
  return $fullpath;
}

sub getInstallLocation {
  my ($this, $project, $resource) = @_;

  my $module = $resource->getType();
  my $basepath = $this->{location}->getPath($project);
  my $relpath = $resource->getPath();
  my $fullpath = $basepath->joinPaths($relpath);
  return $fullpath;
}

sub installResource {
  my ($this, $project, $resource) = @_;

  my $srcpath = $this->getPhysicalLocation($project, $resource);
  my $dstpath = $this->getInstallLocation($project, $resource);
  my $module = $resource->getType();

  # Check if the module is in the copy list
  if(exists($this->{cpmodules}->{$module})) {
    # Copy the resource
    return SMake::Utils::Dirutils::copyFile($srcpath, $dstpath"
deepseek,deepseek-ai/DeepSeek-V3.2:novita,perl,GPL-3.0,smake::SMake::InstallArea::StdArea.pm,180,0.4,0,0.125,"  my $path = $resource->getName();
  my $basepath = $this->getBasePath($project, $module);
  return $basepath->joinPaths($path);  
}

sub installResolvedResource {
  my ($this, $context, $subsystem, $project, $module, $name, $resolved) = @_;

  # -- area base path
  my $basepath = $this->getBasePath($project, $module);
      
  # -- prepare installation directory
  my $dirpath = $basepath->joinPaths($name->getDirpath());
  my $dirname = $project->getRepository()->getPhysicalLocationString(
      $this->{location}, $dirpath);
  if(! -d $dirname) {
    my $msg = SMake::Utils::Dirutils::makeDirectory($dirname);
    if($msg) {
      SMake::Utils::Utils::dieReport(
          $context->getReporter(),
          $subsystem,
          ""cannot create installation area path '%s': %s!"",
          $dirname,
          $msg);
    }
  }
      
  # -- install the resource
  my $srcname = $resolved->getPhysicalPathString();
  my $tgname = $project->getRepository()->getPhysicalLocationString(
      $this->{location}, $dirpath->joinPaths($name->getBasepath()));
  if(!-f $tgname) {
    if(!defined($this->{cpmodules}->{$module})) {
      # -- symbolic link
      if(!SMake::Utils::Dirutils::linkFile($tgname, $srcname)) {
        SMake::Utils::Utils::dieReport(
            $context->getReporter(),
            $subsystem,
            ""cannot link file '%s' to '%s'!"",
            $srcname,
            $tgname);
      }
    }
    else {
      # -- copy the resource
      if(!SMake::Utils::Dirutils::copyFile($tgname, $srcname)) {
        SMake::Utils::Utils::dieReport(
            $context->getReporter(),
            $subsystem,
            ""cannot copy file '%s' to '%s'!"",
            $srcname,
            $tgname);
      }
    }
    print ""Installed resource '$srcname' as '$tgname'.\n"";
  }
}

sub installResource {
  my ($this, $context, $subsystem, $project, $resource) = @_;
  
  # -- resolve the dependency closure of the external resource
  my $resolved_list = SMake::Utils::Searching::externalTransitiveClosure(
      $context, $subsystem, $resource);
  foreach my $res (@$resolved_list) {
    if(!$res->[2]) {
      $this->installResolvedResource(
          $context,
          $subsystem,
          $project,
          $res->[0]->getType(),
          $res->[0]->getName(),
          SMake::Utils::Searching::getRealResource($res->[1]));
    }
  }
}

sub installDependency {
  my ($this, $context, $subsystem, $project, $dependency) = @_;
  
  my $closure = {};
  $dependency->updateTransitiveClosure(
        $context, $SMake::Executor::Executor::SUBSYSTEM, $closure, $dependency->getArtifact(), '.*');
  foreach my $d (values %$closure) {
    if(defined($d->[1])) {
      $this->installResolvedResource(
          $context,
          $subsystem,
          $project,
          $dependency->getInstallModule(),
          $d->[1]->getName(),
          $d->[1]);
    }
  }
}

sub getModulePath {
  my ($this, $context, $subsystem, $module, $project) = @_;
  return $this->{location}, $this->getBasePath($project, $module);
}

# Clean the installation area
#
# Usage: cleanArea($context, $subsystem, $project)
#    context ..... executor context
#    subsystem ... logging subsystem
#    project ..... project object which the resource is installed in
sub cleanArea {
  my ($this, $context, $subsystem, $project) = @_;

  my $path = $this->getBasePath($project);
  $path = $project->getRepository()->getPhysicalLocationString(
      $this->{location}, $path);
  SMake::Utils::Dirutils::removeDirectory($path);
}

return 1;","my $loc;
  if($module eq ""inc"") {
    # include directories are installed in a different way
    my $path = $resource->getName();
    my $idir = $project->getProperty(undef, ""incdir"", ""include"");
    my $subpath = SMake::Utils::Dirutils::getFileSubPath($idir, $path);
    $loc = $this->{location}->makeResource(""inc"", $subpath);
  }
  elsif($module eq ""lib"") {
    # library files
    my $path = $resource->getName();
    my $libdir = $project->getProperty(undef, ""libdir"", ""lib"");
    my $subpath = SMake::Utils::Dirutils::getFileSubPath($libdir, $path);
    $loc = $this->{location}->makeResource(""lib"", $subpath);
  }
  elsif($module eq ""bin"") {
    # executable files
    my $path = $resource->getName();
    my $bindir = $project->getProperty(undef, ""bindir"", ""bin"");
    my $subpath = SMake::Utils::"
deepseek,deepseek-ai/DeepSeek-V3.2:novita,perl,GPL-3.0,smake::SMake::InstallArea::StdArea.pm,180,0.8,0,0.23636363636363636,"  my $path = $resource->getName();
  my $basepath = $this->getBasePath($project, $module);
  return $basepath->joinPaths($path);  
}

sub installResolvedResource {
  my ($this, $context, $subsystem, $project, $module, $name, $resolved) = @_;

  # -- area base path
  my $basepath = $this->getBasePath($project, $module);
      
  # -- prepare installation directory
  my $dirpath = $basepath->joinPaths($name->getDirpath());
  my $dirname = $project->getRepository()->getPhysicalLocationString(
      $this->{location}, $dirpath);
  if(! -d $dirname) {
    my $msg = SMake::Utils::Dirutils::makeDirectory($dirname);
    if($msg) {
      SMake::Utils::Utils::dieReport(
          $context->getReporter(),
          $subsystem,
          ""cannot create installation area path '%s': %s!"",
          $dirname,
          $msg);
    }
  }
      
  # -- install the resource
  my $srcname = $resolved->getPhysicalPathString();
  my $tgname = $project->getRepository()->getPhysicalLocationString(
      $this->{location}, $dirpath->joinPaths($name->getBasepath()));
  if(!-f $tgname) {
    if(!defined($this->{cpmodules}->{$module})) {
      # -- symbolic link
      if(!SMake::Utils::Dirutils::linkFile($tgname, $srcname)) {
        SMake::Utils::Utils::dieReport(
            $context->getReporter(),
            $subsystem,
            ""cannot link file '%s' to '%s'!"",
            $srcname,
            $tgname);
      }
    }
    else {
      # -- copy the resource
      if(!SMake::Utils::Dirutils::copyFile($tgname, $srcname)) {
        SMake::Utils::Utils::dieReport(
            $context->getReporter(),
            $subsystem,
            ""cannot copy file '%s' to '%s'!"",
            $srcname,
            $tgname);
      }
    }
    print ""Installed resource '$srcname' as '$tgname'.\n"";
  }
}

sub installResource {
  my ($this, $context, $subsystem, $project, $resource) = @_;
  
  # -- resolve the dependency closure of the external resource
  my $resolved_list = SMake::Utils::Searching::externalTransitiveClosure(
      $context, $subsystem, $resource);
  foreach my $res (@$resolved_list) {
    if(!$res->[2]) {
      $this->installResolvedResource(
          $context,
          $subsystem,
          $project,
          $res->[0]->getType(),
          $res->[0]->getName(),
          SMake::Utils::Searching::getRealResource($res->[1]));
    }
  }
}

sub installDependency {
  my ($this, $context, $subsystem, $project, $dependency) = @_;
  
  my $closure = {};
  $dependency->updateTransitiveClosure(
        $context, $SMake::Executor::Executor::SUBSYSTEM, $closure, $dependency->getArtifact(), '.*');
  foreach my $d (values %$closure) {
    if(defined($d->[1])) {
      $this->installResolvedResource(
          $context,
          $subsystem,
          $project,
          $dependency->getInstallModule(),
          $d->[1]->getName(),
          $d->[1]);
    }
  }
}

sub getModulePath {
  my ($this, $context, $subsystem, $module, $project) = @_;
  return $this->{location}, $this->getBasePath($project, $module);
}

# Clean the installation area
#
# Usage: cleanArea($context, $subsystem, $project)
#    context ..... executor context
#    subsystem ... logging subsystem
#    project ..... project object which the resource is installed in
sub cleanArea {
  my ($this, $context, $subsystem, $project) = @_;

  my $path = $this->getBasePath($project);
  $path = $project->getRepository()->getPhysicalLocationString(
      $this->{location}, $path);
  SMake::Utils::Dirutils::removeDirectory($path);
}

return 1;","my $modulepath = $this->getBasePath($project, $module);
  my $locpath = $this->{location}->getLocationPath($project);
  my $resourcepath = $resource->getPath;
  
  return $locpath->joinPaths($modulepath->getRelativePath($resourcepath));
}

sub installFile {
  my ($this, $project, $resource, $profile, $reporter, $installer) = @_;
  
  my $module = $resource->getType();
  
  # Get source file path
  my $srcfile = $resource->getFullPath($project, $profile);
  
  # Get destination path
  my $dstfile = $this->getPhysicalLocation($project, $resource);
  
  # Get the final directory
  my $dstdir = $dstfile->getParentDir;
  if(! $dstdir->exists) {
    SMake::Utils::Dirutils::mkpath($dstdir->getPath, $reporter);
  }
  
  # Check if we need to copy instead of link
  if(exists($this->{cpmodules}->{$module})) {
    # Copy file"
deepseek,deepseek-ai/DeepSeek-V3.2:novita,perl,GPL-3.0,velvet::contrib::extractContigReads::extractContigReads.pl,117,0.2,0,0.027210884353741496,"
my $graphfile = ""$directory/LastGraph"";

unless(-e $directory){die ""$directory does not exist\n""};
unless(-e $graphfile){die ""$graphfile does not exist, please re-run Velvet with the reads tracking on""};

open GRAPH, $graphfile;

$_ = <GRAPH>;
chomp;
my @data = split /\t/;
my %reads = ();
my $read_no;
my $readingSeqPath = 0;
my $recordReadIDs = 0;

unless ($data[0] >= $contig_no) {die ""Contig $contig_no does not exist in the LastGraph file.\n""};

while(<GRAPH>) {
	if (/SEQ/) {
		chomp;
		@data = split /\t/;
		$read_no = $data[1];
		$readingSeqPath = 1;
		next;
	}

	if (/NR/) {
		$readingSeqPath = 0;
	}

	if ($readingSeqPath == 1) {
		chomp;
		@data = split /\t/;
		if (abs($data[0]) == abs($contig_no)) {
			$reads{$read_no} = 1;
		}
	}

	if (/^NR\t-?$contig_no\t/) {
		$recordReadIDs = 1;
	} elsif (/^NR/) {
		$recordReadIDs = 0;
	}

	if ($recordReadIDs == 1) {
		chomp;
		@data = split /\t/;
		$read_no = $data[0];
		$reads{$read_no} = 1;
	}
}

close GRAPH;

my $seqfile = ""$directory/Sequences""; 
unless (-e $seqfile) {die ""$seqfile does not exist, exiting.\n""};
open SEQ, $seqfile;
my $printRead = 0;

while(<SEQ>) {
	if (/>/) {
		chomp;
		@data = split /\t/;
		if ($reads{$data[1]}) {
			$printRead = 1;
			print ""${data[0]}\n"";
		} else {
			$printRead = 0;
		}
	} elsif ($printRead) {
		print $_;
	}
}

close SEQ;","my $lastgraph = ""$directory/LastGraph"";
my $roadmaps = ""$directory/Roadmaps"";

open(GRAPH, $lastgraph) or die ""Could not open $lastgraph\n"";
open(ROADMAPS, $roadmaps) or die ""Could not open $roadmaps\n"";

my %readSequences;
my %readOffsets;
my %readLengths;

my $currentNode = 0;
my $inContig = 0;
my $contigFound = 0;

while(<GRAPH>){
	chomp;
	if(/^NODE\s+(\d+)/){
		$currentNode = $1;
		$inContig = 0;
		if($currentNode == $contig_no){
			$contigFound = 1;
			$inContig = 1;
		}
	}elsif($inContig && /^ARC/){
		my @fields = split;
		my $readID = $fields[1];
		my $offset = $fields[2];
		my $length = $fields[3];
		$readOffsets{$readID} = $offset;
		$read"
deepseek,deepseek-ai/DeepSeek-V3.2:novita,perl,GPL-3.0,velvet::contrib::extractContigReads::extractContigReads.pl,117,0.4,0,0.0,"
my $graphfile = ""$directory/LastGraph"";

unless(-e $directory){die ""$directory does not exist\n""};
unless(-e $graphfile){die ""$graphfile does not exist, please re-run Velvet with the reads tracking on""};

open GRAPH, $graphfile;

$_ = <GRAPH>;
chomp;
my @data = split /\t/;
my %reads = ();
my $read_no;
my $readingSeqPath = 0;
my $recordReadIDs = 0;

unless ($data[0] >= $contig_no) {die ""Contig $contig_no does not exist in the LastGraph file.\n""};

while(<GRAPH>) {
	if (/SEQ/) {
		chomp;
		@data = split /\t/;
		$read_no = $data[1];
		$readingSeqPath = 1;
		next;
	}

	if (/NR/) {
		$readingSeqPath = 0;
	}

	if ($readingSeqPath == 1) {
		chomp;
		@data = split /\t/;
		if (abs($data[0]) == abs($contig_no)) {
			$reads{$read_no} = 1;
		}
	}

	if (/^NR\t-?$contig_no\t/) {
		$recordReadIDs = 1;
	} elsif (/^NR/) {
		$recordReadIDs = 0;
	}

	if ($recordReadIDs == 1) {
		chomp;
		@data = split /\t/;
		$read_no = $data[0];
		$reads{$read_no} = 1;
	}
}

close GRAPH;

my $seqfile = ""$directory/Sequences""; 
unless (-e $seqfile) {die ""$seqfile does not exist, exiting.\n""};
open SEQ, $seqfile;
my $printRead = 0;

while(<SEQ>) {
	if (/>/) {
		chomp;
		@data = split /\t/;
		if ($reads{$data[1]}) {
			$printRead = 1;
			print ""${data[0]}\n"";
		} else {
			$printRead = 0;
		}
	} elsif ($printRead) {
		print $_;
	}
}

close SEQ;","open(GRAPH, ""$directory/LastGraph"") or die ""Cannot open $directory/LastGraph\n"";

my $contig_name = ""C$contig_no"";

my %read_sequences;
my %read_headers;
my %read_contigs;
my %contig_reads;
my %node_sequences;
my %node_lengths;
my %node_coverage;

# Parse LastGraph file
my $current_node = undef;
my $in_ARC = 0;
my $in_EDG = 0;
my $in_MPG = 0;
my $in_CTG = 0;
my $current_contig = undef;

while (<GRAPH>) {
    chomp;
    if (/^NODE\s+(\d+)/) {
        $current_node = $1;
        $in_ARC = 0;
        $in_EDG = 0;
        $in_MPG = 0;
        $in_CTG = 0;
        $current_contig = undef;
    } elsif (/^ARC/) {
        $in_ARC = 1;
        $in_EDG = 0;
        $in_MPG ="
deepseek,deepseek-ai/DeepSeek-V3.2:novita,perl,GPL-3.0,velvet::contrib::extractContigReads::extractContigReads.pl,117,0.8,0,0.02054794520547945,"
my $graphfile = ""$directory/LastGraph"";

unless(-e $directory){die ""$directory does not exist\n""};
unless(-e $graphfile){die ""$graphfile does not exist, please re-run Velvet with the reads tracking on""};

open GRAPH, $graphfile;

$_ = <GRAPH>;
chomp;
my @data = split /\t/;
my %reads = ();
my $read_no;
my $readingSeqPath = 0;
my $recordReadIDs = 0;

unless ($data[0] >= $contig_no) {die ""Contig $contig_no does not exist in the LastGraph file.\n""};

while(<GRAPH>) {
	if (/SEQ/) {
		chomp;
		@data = split /\t/;
		$read_no = $data[1];
		$readingSeqPath = 1;
		next;
	}

	if (/NR/) {
		$readingSeqPath = 0;
	}

	if ($readingSeqPath == 1) {
		chomp;
		@data = split /\t/;
		if (abs($data[0]) == abs($contig_no)) {
			$reads{$read_no} = 1;
		}
	}

	if (/^NR\t-?$contig_no\t/) {
		$recordReadIDs = 1;
	} elsif (/^NR/) {
		$recordReadIDs = 0;
	}

	if ($recordReadIDs == 1) {
		chomp;
		@data = split /\t/;
		$read_no = $data[0];
		$reads{$read_no} = 1;
	}
}

close GRAPH;

my $seqfile = ""$directory/Sequences""; 
unless (-e $seqfile) {die ""$seqfile does not exist, exiting.\n""};
open SEQ, $seqfile;
my $printRead = 0;

while(<SEQ>) {
	if (/>/) {
		chomp;
		@data = split /\t/;
		if ($reads{$data[1]}) {
			$printRead = 1;
			print ""${data[0]}\n"";
		} else {
			$printRead = 0;
		}
	} elsif ($printRead) {
		print $_;
	}
}

close SEQ;","unless($contig_no){die ""Usage: $usage\n""};

my $graphfile=""$directory/LastGraph"";
my $roadmapsfile=""$directory/Roadmaps"";
my $sequencesfile=""$directory/Sequences"";

open(GRAPH, $graphfile) or die ""Couldn't open $graphfile\n"";
open(ROADMAPS, $roadmapsfile) or die ""Couldn't open $roadmapsfile\n"";
open(SEQUENCES, $sequencesfile) or die ""Couldn't open $sequencesfile\n"";

my %sequences;
while(<SEQUENCES>){
	chomp;
	/^(\S+)\s+(\S+)/;
	$sequences{$1}=$2;
}

my %roadmaps;
while(<ROADMAPS>){
	chomp;
	/^(\S+)\s+(\S+)/;
	$roadmaps{$1}=$2;
}

my $contig_start=0;
my %contig_nodes;
my $in_contig=0;

while(<GRAPH>){
	chomp;
	if(/^ARC\s+\d+\s+(\d+)\s+(\d+)/){
		my $first=$1;"
deepseek,deepseek-ai/DeepSeek-V3.2:novita,perl,GPL-3.0,perl6::step3_env.pl,68,0.2,0,0.06748466257668712,"  return $ast if !$ast.elems;

  my ($a0, $a1, $a2, $a3) = $ast.val;
  given $a0.val {
    when 'def!' {
      return $env.set($a1.val, eval($a2, $env));
    }
    when 'let*' {
      my $new_env = MalEnv.new($env);
      for |$a1.val -> $key, $value {
        $new_env.set($key.val, eval($value, $new_env));
      }
      return eval($a2, $new_env);
    }
    default {
      my ($func, @args) = eval_ast($ast, $env).val;
      return $func.apply(|@args);
    }
  }
}

sub print ($exp) {
  return pr_str($exp, True);
}

my $repl_env = MalEnv.new;

sub rep ($str) {
  return print(eval(read($str), $repl_env));
}

sub MAIN {
  $repl_env.set('+', MalCode({ MalNumber($^a.val + $^b.val) }));
  $repl_env.set('-', MalCode({ MalNumber($^a.val - $^b.val) }));
  $repl_env.set('*', MalCode({ MalNumber($^a.val * $^b.val) }));
  $repl_env.set('/', MalCode({ MalNumber(($^a.val / $^b.val).Int) }));

  while (my $line = prompt 'user> ').defined {
    say rep($line);
    CATCH {
      when X::MalException { .Str.say }
    }
  }
}","return $NIL if $ast.elems == 0;
  my $first = $ast[0];
  given $first.val {
    when 'def!' {
      my $key = $ast[1];
      my $val = eval($ast[2], $env);
      $env.set($key.val, $val);
      return $val;
    }
    when 'let*' {
      my $new_env = MalEnv.new($env);
      my $bindings = $ast[1];
      for 0..^$bindings.elems -> $i {
        $new_env.set($bindings[$i].val, eval($bindings[$i+1], $new_env));
        $i++;
      }
      return eval($ast[2], $new_env);
    }
    default {
      my $eval_list = eval_ast($ast, $env);
      my $fn = $eval_list[0];
      return $fn(|$eval_list[1..*]);
    }
  }
}

sub print ($exp) {
  return pr_str($exp, True);
}

sub rep ($str, $env) {
  print(eval(read($str), $env));
}

my"
deepseek,deepseek-ai/DeepSeek-V3.2:novita,perl,GPL-3.0,perl6::step3_env.pl,68,0.4,0,0.037267080745341616,"  return $ast if !$ast.elems;

  my ($a0, $a1, $a2, $a3) = $ast.val;
  given $a0.val {
    when 'def!' {
      return $env.set($a1.val, eval($a2, $env));
    }
    when 'let*' {
      my $new_env = MalEnv.new($env);
      for |$a1.val -> $key, $value {
        $new_env.set($key.val, eval($value, $new_env));
      }
      return eval($a2, $new_env);
    }
    default {
      my ($func, @args) = eval_ast($ast, $env).val;
      return $func.apply(|@args);
    }
  }
}

sub print ($exp) {
  return pr_str($exp, True);
}

my $repl_env = MalEnv.new;

sub rep ($str) {
  return print(eval(read($str), $repl_env));
}

sub MAIN {
  $repl_env.set('+', MalCode({ MalNumber($^a.val + $^b.val) }));
  $repl_env.set('-', MalCode({ MalNumber($^a.val - $^b.val) }));
  $repl_env.set('*', MalCode({ MalNumber($^a.val * $^b.val) }));
  $repl_env.set('/', MalCode({ MalNumber(($^a.val / $^b.val).Int) }));

  while (my $line = prompt 'user> ').defined {
    say rep($line);
    CATCH {
      when X::MalException { .Str.say }
    }
  }
}","return $NIL if $ast.elems == 0;
  my $first = $ast[0];
  given $first.val {
    when 'def!' {
      my $value = eval($ast[2], $env);
      $env.set($ast[1].val, $value);
      return $value;
    }
    when 'let*' {
      my $new_env = MalEnv.new(outer => $env);
      my $bindings = $ast[1];
      for 0..^$bindings.elems -> $i is even {
        $new_env.set($bindings[$i].val, eval($bindings[$i+1], $new_env));
      }
      return eval($ast[2], $new_env);
    }
    default {
      my $eval_list = eval_ast($ast, $env);
      my $func = $eval_list[0];
      return $func(|$eval_list[1..*]);
    }
  }
}

sub print ($exp) {
  return pr_str($exp);
}

my $repl_env = MalEnv.new;
$repl_env.set('+', sub ($a, $b) { $a + $"
deepseek,deepseek-ai/DeepSeek-V3.2:novita,perl,GPL-3.0,perl6::step3_env.pl,68,0.8,0,0.07741935483870968,"  return $ast if !$ast.elems;

  my ($a0, $a1, $a2, $a3) = $ast.val;
  given $a0.val {
    when 'def!' {
      return $env.set($a1.val, eval($a2, $env));
    }
    when 'let*' {
      my $new_env = MalEnv.new($env);
      for |$a1.val -> $key, $value {
        $new_env.set($key.val, eval($value, $new_env));
      }
      return eval($a2, $new_env);
    }
    default {
      my ($func, @args) = eval_ast($ast, $env).val;
      return $func.apply(|@args);
    }
  }
}

sub print ($exp) {
  return pr_str($exp, True);
}

my $repl_env = MalEnv.new;

sub rep ($str) {
  return print(eval(read($str), $repl_env));
}

sub MAIN {
  $repl_env.set('+', MalCode({ MalNumber($^a.val + $^b.val) }));
  $repl_env.set('-', MalCode({ MalNumber($^a.val - $^b.val) }));
  $repl_env.set('*', MalCode({ MalNumber($^a.val * $^b.val) }));
  $repl_env.set('/', MalCode({ MalNumber(($^a.val / $^b.val).Int) }));

  while (my $line = prompt 'user> ').defined {
    say rep($line);
    CATCH {
      when X::MalException { .Str.say }
    }
  }
}","return $NIL if $ast ~~ $EMPTY_LIST;
  my $list = $ast.val;
  my $a0 = $list[0];
  given $a0.val {
    when 'def!' {
      my $value = eval($list[2], $env);
      $env.set($list[1].val, $value);
      return $value;
    }
    when 'let*' {
      my $new_env = MalEnv.new(outer => $env);
      my $bindings = $list[1];
      for @($bindings.val) -> $key, $value {
        $new_env.set($key.val, eval($value, $new_env));
      }
      return eval($list[2], $new_env);
    }
    default {
      my $eval_list = eval_ast($ast, $env);
      my $fn = $eval_list.val[0];
      my @args = $eval_list.val[1..*];
      return $fn.(|@args);
    }
  }
}

sub print ($exp) {
  return pr_str($exp);
}

my $repl_env = MalEnv.new;
$repl_env.set('+', -> *"
deepseek,deepseek-ai/DeepSeek-V3.2:novita,perl,GPL-3.0,lib::MusicBrainz::Server::Data::Language.pm,64,0.2,0,0.28205128205128205,"
sub _entity_class
{
    return 'MusicBrainz::Server::Entity::Language';
}

sub load
{
    my ($self, @objs) = @_;
    load_subobjects($self, 'language', @objs);
}

sub find_by_code
{
    my ($self, $code) = @_;
    return $self->_get_by_key('iso_code_3' => $code, transform => 'lower');
}

__PACKAGE__->meta->make_immutable;
no Moose;
1;

=head1 COPYRIGHT

Copyright (C) 2009 Lukas Lalinsky

This program is free software; you can redistribute it and/or modify
it under the terms of the GNU General Public License as published by
the Free Software Foundation; either version 2 of the License, or
(at your option) any later version.

This program is distributed in the hope that it will be useful,
but WITHOUT ANY WARRANTY; without even the implied warranty of
MERCHANTABILITY or FITNESS FOR A PARTICULAR PURPOSE.  See the
GNU General Public License for more details.

You should have received a copy of the GNU General Public License
along with this program; if not, write to the Free Software
Foundation, Inc., 675 Mass Ave, Cambridge, MA 02139, USA.

=cut","sub _entity_class
{
    return 'MusicBrainz::Server::Entity::Language';
}

sub load
{
    my ($self, @objs) = @_;
    load_subobjects($self, 'language', @objs);
}

sub get_by_iso_code_1
{
    my ($self, $code) = @_;
    return unless defined $code;
    my $query = 'SELECT ' . $self->_columns . ' FROM ' . $self->_table .
                ' WHERE iso_code_1 = ?';
    return $self->_new_from_row($self->sql->select_single_row_hash($query, $code));
}

sub get_by_iso_code_2b
{
    my ($self, $code) = @_;
    return unless defined $code;
    my $query = 'SELECT ' . $self->_columns . ' FROM ' . $self->_table .
                ' WHERE iso_code_2b = ?';
    return $self->_new_from_row($self->sql->select_single_row_hash($query, $code));
}

sub get_by_iso_code_2t
{
    my ($self, $code) = @_;
    return unless defined $code;
    my"
deepseek,deepseek-ai/DeepSeek-V3.2:novita,perl,GPL-3.0,lib::MusicBrainz::Server::Data::Language.pm,64,0.4,0,0.3235294117647059,"
sub _entity_class
{
    return 'MusicBrainz::Server::Entity::Language';
}

sub load
{
    my ($self, @objs) = @_;
    load_subobjects($self, 'language', @objs);
}

sub find_by_code
{
    my ($self, $code) = @_;
    return $self->_get_by_key('iso_code_3' => $code, transform => 'lower');
}

__PACKAGE__->meta->make_immutable;
no Moose;
1;

=head1 COPYRIGHT

Copyright (C) 2009 Lukas Lalinsky

This program is free software; you can redistribute it and/or modify
it under the terms of the GNU General Public License as published by
the Free Software Foundation; either version 2 of the License, or
(at your option) any later version.

This program is distributed in the hope that it will be useful,
but WITHOUT ANY WARRANTY; without even the implied warranty of
MERCHANTABILITY or FITNESS FOR A PARTICULAR PURPOSE.  See the
GNU General Public License for more details.

You should have received a copy of the GNU General Public License
along with this program; if not, write to the Free Software
Foundation, Inc., 675 Mass Ave, Cambridge, MA 02139, USA.

=cut","sub _entity_class
{
    return 'MusicBrainz::Server::Entity::Language';
}

sub load
{
    my ($self, @objs) = @_;
    load_subobjects($self, 'language', @objs);
}

sub get_by_iso_code_1
{
    my ($self, $code) = @_;
    return unless defined $code;
    return $self->sql->select_single_row_hash(
        'SELECT ' . $self->_columns . ' FROM ' . $self->_table . ' WHERE iso_code_1 = ?',
        $code);
}

sub get_by_iso_code_2t
{
    my ($self, $code) = @_;
    return unless defined $code;
    return $self->sql->select_single_row_hash(
        'SELECT ' . $self->_columns . ' FROM ' . $self->_table . ' WHERE iso_code_2t = ?',
        $code);
}

sub get_by_iso_code_2b
{
    my ($self, $code) = @_;
    return unless defined $code;
    return $self->sql->select_single_row_hash(
        'SELECT ' . $self->_columns . ' FROM '"
deepseek,deepseek-ai/DeepSeek-V3.2:novita,perl,GPL-3.0,lib::MusicBrainz::Server::Data::Language.pm,64,0.8,0,0.4489795918367347,"
sub _entity_class
{
    return 'MusicBrainz::Server::Entity::Language';
}

sub load
{
    my ($self, @objs) = @_;
    load_subobjects($self, 'language', @objs);
}

sub find_by_code
{
    my ($self, $code) = @_;
    return $self->_get_by_key('iso_code_3' => $code, transform => 'lower');
}

__PACKAGE__->meta->make_immutable;
no Moose;
1;

=head1 COPYRIGHT

Copyright (C) 2009 Lukas Lalinsky

This program is free software; you can redistribute it and/or modify
it under the terms of the GNU General Public License as published by
the Free Software Foundation; either version 2 of the License, or
(at your option) any later version.

This program is distributed in the hope that it will be useful,
but WITHOUT ANY WARRANTY; without even the implied warranty of
MERCHANTABILITY or FITNESS FOR A PARTICULAR PURPOSE.  See the
GNU General Public License for more details.

You should have received a copy of the GNU General Public License
along with this program; if not, write to the Free Software
Foundation, Inc., 675 Mass Ave, Cambridge, MA 02139, USA.

=cut","sub _entity_class
{
    return 'MusicBrainz::Server::Entity::Language';
}

sub load
{
    my ($self, @objs) = @_;
    load_subobjects($self, 'language', @objs);
}

sub find_by_code
{
    my ($self, $code) = @_;
    my $query = 'SELECT ' . $self->_columns . ' FROM ' . $self->_table . ' ' .
                'WHERE iso_code_3 = ? OR iso_code_2t = ? OR iso_code_2b = ? OR iso_code_1 = ?';
    my $row = $self->sql->select_single_row_hash($query, $code, $code, $code, $code);
    return $row ? $self->_new_from_row($row) : undef;
}

__PACKAGE__->meta->make_immutable;
no Moose;
1;"
deepseek,deepseek-ai/DeepSeek-V3.2:novita,perl,GPL-3.0,Beat::Record::Header.pm,100,0.2,0,0.09195402298850575,"sub new {
    my ($class, $args_ref) = @_;
    
    
    my $self = bless \do{ my $anon_scalar = IPS_HEADER }, ref($class) || $class;
    
    if (defined $args_ref->{'filehandle'}) {
        $self->_init($args_ref);
    }
    
    return $self;
}



        
       

       
sub write {
    my ($self, $args_ref) = @_;
    
    
    $self->_write_header($args_ref);
}








{
    sub _init {
        my ($self, $args_ref) = @_;
        
        
        my $d = $args_ref->{'filehandle'}->read({
            'length'    => IPS_HEADER_LENGTH,
        });
        
        if ($d eq IPS_HEADER) {
            return 1;
        }
        else {
            croak ""Invalid IPS Patch Header"";
        }
    }
    
    
    
    
    
    
    
    
    sub _write_header {
        my ($self, $args_ref) = @_;
        
        
        $args_ref->{'filehandle'}->write(IPS_HEADER);
    }
}
1;","our %EXPORT_TAGS = (
    all => \@EXPORT_OK,
);





sub new {
    my ($class, %args) = @_;
    
    my $self = bless {
        _record_count => 0,
        _records      => [],
        _footer       => undef,
    }, $class;
    
    return $self;
}





sub add_record {
    my ($self, $record) = @_;
    
    croak ""Record must be a Beat::Record object""
        unless eval { $record->isa('Beat::Record') };
    
    push @{$self->{_records}}, $record;
    $self->{_record_count}++;
    
    return $self;
}





sub get_records {
    my ($self) = @_;
    
    return @{$self->{_records}};
}





sub record_count {
    my ($self) = @_;
    
    return $self->{_record_count};
}





sub set_footer {
    my ($self, $footer) = @_;
    
    croak ""Footer must be a Beat::Record::Footer object""
        unless eval { $footer->isa('Beat::Record::Footer') };
    
    $self->"
deepseek,deepseek-ai/DeepSeek-V3.2:novita,perl,GPL-3.0,Beat::Record::Header.pm,100,0.4,0,0.022988505747126436,"sub new {
    my ($class, $args_ref) = @_;
    
    
    my $self = bless \do{ my $anon_scalar = IPS_HEADER }, ref($class) || $class;
    
    if (defined $args_ref->{'filehandle'}) {
        $self->_init($args_ref);
    }
    
    return $self;
}



        
       

       
sub write {
    my ($self, $args_ref) = @_;
    
    
    $self->_write_header($args_ref);
}








{
    sub _init {
        my ($self, $args_ref) = @_;
        
        
        my $d = $args_ref->{'filehandle'}->read({
            'length'    => IPS_HEADER_LENGTH,
        });
        
        if ($d eq IPS_HEADER) {
            return 1;
        }
        else {
            croak ""Invalid IPS Patch Header"";
        }
    }
    
    
    
    
    
    
    
    
    sub _write_header {
        my ($self, $args_ref) = @_;
        
        
        $args_ref->{'filehandle'}->write(IPS_HEADER);
    }
}
1;","our %EXPORT_TAGS = (
    constants => [qw(
        IPS_HEADER
        IPS_HEADER_LENGTH
    )],
);





sub new {
    my ($class, %args) = @_;

    my $self = bless {
        _record_count => 0,
        _truncate     => 0,
        _data         => q{},
    }, $class;

    return $self;
}





sub parse {
    my ($self, $data) = @_;

    if (length($data) < IPS_HEADER_LENGTH) {
        croak 'Data too short to contain IPS header';
    }

    my $header = substr($data, START_OF_FILE, IPS_HEADER_LENGTH);
    if ($header ne IPS_HEADER) {
        croak sprintf('Invalid IPS header: expected ""%s"", got ""%s""',
            IPS_HEADER, $header);
    }

    $self->{_data} = $data;

    my $offset = IPS_HEADER_LENGTH;
    my $record_count = 0;

    while ($offset < length($data)) {
        my $record_header = substr($data, $offset, 3"
deepseek,deepseek-ai/DeepSeek-V3.2:novita,perl,GPL-3.0,Beat::Record::Header.pm,100,0.8,0,0.046511627906976744,"sub new {
    my ($class, $args_ref) = @_;
    
    
    my $self = bless \do{ my $anon_scalar = IPS_HEADER }, ref($class) || $class;
    
    if (defined $args_ref->{'filehandle'}) {
        $self->_init($args_ref);
    }
    
    return $self;
}



        
       

       
sub write {
    my ($self, $args_ref) = @_;
    
    
    $self->_write_header($args_ref);
}








{
    sub _init {
        my ($self, $args_ref) = @_;
        
        
        my $d = $args_ref->{'filehandle'}->read({
            'length'    => IPS_HEADER_LENGTH,
        });
        
        if ($d eq IPS_HEADER) {
            return 1;
        }
        else {
            croak ""Invalid IPS Patch Header"";
        }
    }
    
    
    
    
    
    
    
    
    sub _write_header {
        my ($self, $args_ref) = @_;
        
        
        $args_ref->{'filehandle'}->write(IPS_HEADER);
    }
}
1;","our %EXPORT_TAGS = (
    constants => [ qw(
        IPS_HEADER
        IPS_HEADER_LENGTH
        START_OF_FILE
    ) ]
);





sub new {
    my ($class, %args) = @_;
    my $self = bless {}, $class;

    $self->_init(%args);

    return $self;
}



sub _init {
    my ($self, %args) = @_;

    $self->{'_header_string'}      = $args{'header_string'}      || IPS_HEADER;
    $self->{'_header_length'}      = $args{'header_length'}      || IPS_HEADER_LENGTH;
    $self->{'_record_count'}       = $args{'record_count'}       || 0;
    $self->{'_start_of_file'}      = $args{'start_of_file'}      || START_OF_FILE;

    unless (length($self->{'_header_string'}) == $self->{'_header_length'}) {
        croak ""Header string length must match defined header length."";
    }

    return;
}





sub header_string {
    my ($self, $new_val) = @_;
    if (defined $new"
deepseek,deepseek-ai/DeepSeek-V3.2:novita,perl,GPL-3.0,lib::Net::DRI::Protocol::EPP::Extensions::DK::Domain.pm,147,0.2,0,0.17307692307692307,"=head1 AUTHOR

David Makuni <d.makuni@live.co.uk>

=head1 COPYRIGHT

Copyright (c) 2006-2013 Patrick Mevzek <netdri@dotandco.com>. All rights reserved.
Copyright (c) 2014-2015 David Makuni <d.makuni@live.co.uk>. All rights reserved.
Copyright (c) 2013-2015 Paulo Jorge <paullojorgge@gmail.com>. All rights reserved.
Copyright (c) 2017 Michael Holloway <michael@thedarkwinter.com>. All rights reserved.

This program is free software; you can redistribute it and/or modify
it under the terms of the GNU General Public License as published by
the Free Software Foundation; either version 2 of the License, or
(at your option) any later version.

See the LICENSE file that comes with this distribution for more details.

=cut

####################################################################################################

sub register_commands {
	my ( $class, $version)=@_;
	my %tmp=(
	  'check'  => [ undef, \&check_parse ],
	  'info'   => [ undef, \&_parse_dkhm_domain ],
	  'create' => [ \&create, \&_parse_dkhm_domain ],
	  'renew'  => [ undef, \&_parse_dkhm_domain ],
	  'update' =>	[ undef, \&_parse_dkhm_domain ]
	);

	return { 'domain' => \%tmp };
}

####################################################################################################
## HELPERS
sub _build_dkhm_domain
{
	my ($epp,$domain,$rd)=@_;
	my $mes=$epp->message();
	my $ns = $mes->ns('dkhm');

	return unless Net::DRI::Util::has_key($rd,'confirmation_token');

	my $eid=$mes->command_extension_register('dkhm:orderconfirmationToken','xmlns:dkhm=""'.$ns.'""');
	$mes->command_extension($eid,$rd->{confirmation_token});

	return;
}

sub _parse_dkhm_domain
{
	my ($po,$otype,$oaction,$oname,$rinfo)=@_;

	my $mes=$po->message();
	return unless $mes->is_success();
	my $data;

	if ($data = $mes->get_extension('dkhm','trackingNo')) {
		$rinfo->{domain}->{$oname}->{tracking_no} = $data->getFirstChild()->textContent();
	}
	if ($data = $mes->get_extension('dkhm','domain_confirmed')) {
		$rinfo->{domain}->{$oname}->{domain_confirmed} = $data->getFirstChild()->textContent();
	}
	if ($data = $mes->get_extension('dkhm','registrant_validated')) {
		$rinfo->{domain}->{$oname}->{registrant_validated} = $data->getFirstChild()->textContent();
	}

	return;
}

####################################################################################################

sub create {
  return _build_dkhm_domain(@_);
}

sub check_parse {
	my ($po,$otype,$oaction,$oname,$rinfo)=@_;
	my $mes=$po->message();
	return unless $mes->is_success();

	my $adata = $mes->get_extension('dkhm','domainAdvisory');
  return unless $adata;

  if ($adata->hasAttribute('domain') && $adata->getAttribute('advisory'))
  {
   $rinfo->{domain}->{$adata->getAttribute('domain')}->{advisory} = $adata->getAttribute('advisory');
	}

  return;
}

1;","=head1 AUTHOR

Michael Holloway, E<lt>michael@thedarkwinter.comE<gt>

=head1 COPYRIGHT

Copyright (c) 2017 Michael Holloway <michael@thedarkwinter.com>.
All rights reserved.

This program is free software; you can redistribute it and/or modify
it under the terms of the GNU General Public License as published by
the Free Software Foundation; either version 2 of the License, or
(at your option) any later version.

See the LICENSE file that comes with this distribution for more details.

=cut

####################################################################################################

sub register_commands
{
 my ($class,$version)=@_;
 my %tmp=(
           create => [ \&create, undef ],
           info   => [ undef, \&info_parse ],
           update => [ \&update, undef ],
           renew  => [ \&renew, undef ],
           transfer_request => [ \&transfer_request, undef ],
         );

 return { 'domain' => \%tmp };
}

####################################################################################################
########### Query commands

sub info_parse
{
 my ($po,$otype,$oaction,$oname,$rinfo)=@_;
 my $mes=$"
deepseek,deepseek-ai/DeepSeek-V3.2:novita,perl,GPL-3.0,lib::Net::DRI::Protocol::EPP::Extensions::DK::Domain.pm,147,0.4,0,0.27325581395348836,"=head1 AUTHOR

David Makuni <d.makuni@live.co.uk>

=head1 COPYRIGHT

Copyright (c) 2006-2013 Patrick Mevzek <netdri@dotandco.com>. All rights reserved.
Copyright (c) 2014-2015 David Makuni <d.makuni@live.co.uk>. All rights reserved.
Copyright (c) 2013-2015 Paulo Jorge <paullojorgge@gmail.com>. All rights reserved.
Copyright (c) 2017 Michael Holloway <michael@thedarkwinter.com>. All rights reserved.

This program is free software; you can redistribute it and/or modify
it under the terms of the GNU General Public License as published by
the Free Software Foundation; either version 2 of the License, or
(at your option) any later version.

See the LICENSE file that comes with this distribution for more details.

=cut

####################################################################################################

sub register_commands {
	my ( $class, $version)=@_;
	my %tmp=(
	  'check'  => [ undef, \&check_parse ],
	  'info'   => [ undef, \&_parse_dkhm_domain ],
	  'create' => [ \&create, \&_parse_dkhm_domain ],
	  'renew'  => [ undef, \&_parse_dkhm_domain ],
	  'update' =>	[ undef, \&_parse_dkhm_domain ]
	);

	return { 'domain' => \%tmp };
}

####################################################################################################
## HELPERS
sub _build_dkhm_domain
{
	my ($epp,$domain,$rd)=@_;
	my $mes=$epp->message();
	my $ns = $mes->ns('dkhm');

	return unless Net::DRI::Util::has_key($rd,'confirmation_token');

	my $eid=$mes->command_extension_register('dkhm:orderconfirmationToken','xmlns:dkhm=""'.$ns.'""');
	$mes->command_extension($eid,$rd->{confirmation_token});

	return;
}

sub _parse_dkhm_domain
{
	my ($po,$otype,$oaction,$oname,$rinfo)=@_;

	my $mes=$po->message();
	return unless $mes->is_success();
	my $data;

	if ($data = $mes->get_extension('dkhm','trackingNo')) {
		$rinfo->{domain}->{$oname}->{tracking_no} = $data->getFirstChild()->textContent();
	}
	if ($data = $mes->get_extension('dkhm','domain_confirmed')) {
		$rinfo->{domain}->{$oname}->{domain_confirmed} = $data->getFirstChild()->textContent();
	}
	if ($data = $mes->get_extension('dkhm','registrant_validated')) {
		$rinfo->{domain}->{$oname}->{registrant_validated} = $data->getFirstChild()->textContent();
	}

	return;
}

####################################################################################################

sub create {
  return _build_dkhm_domain(@_);
}

sub check_parse {
	my ($po,$otype,$oaction,$oname,$rinfo)=@_;
	my $mes=$po->message();
	return unless $mes->is_success();

	my $adata = $mes->get_extension('dkhm','domainAdvisory');
  return unless $adata;

  if ($adata->hasAttribute('domain') && $adata->getAttribute('advisory'))
  {
   $rinfo->{domain}->{$adata->getAttribute('domain')}->{advisory} = $adata->getAttribute('advisory');
	}

  return;
}

1;","=head1 AUTHOR

E<lt>netdri@dotandco.comE<gt>

=head1 INSPIRATION

This extension is based on the .DK EPP extension documentation.

=cut

####################################################################################################

sub register_commands
{
 my ($class,$version)=@_;
 my %tmp=(
           create => [ \&create, undef ],
           info   => [ \&info, \&info_parse ],
           update => [ \&update, undef ],
           delete => [ \&delete, undef ],
           renew  => [ \&renew, undef ],
           transfer_request => [ \&transfer, undef ],
         );

 return { 'domain' => \%tmp };
}

####################################################################################################
########### Query commands

sub info_parse
{
 my ($po,$otype,$oaction,$oname,$rinfo)=@_;
 my $mes=$po->message();
 return unless $mes->is_success();

 my $infdata=$mes->get_extension('dkhm','infData');
 return unless defined $infdata;

 my $ns=$mes->ns('dkhm');
 $infdata=Net::DRI::Util::xml_traverse($infdata,$ns,'"
deepseek,deepseek-ai/DeepSeek-V3.2:novita,perl,GPL-3.0,lib::Net::DRI::Protocol::EPP::Extensions::DK::Domain.pm,147,0.8,0,0.3269230769230769,"=head1 AUTHOR

David Makuni <d.makuni@live.co.uk>

=head1 COPYRIGHT

Copyright (c) 2006-2013 Patrick Mevzek <netdri@dotandco.com>. All rights reserved.
Copyright (c) 2014-2015 David Makuni <d.makuni@live.co.uk>. All rights reserved.
Copyright (c) 2013-2015 Paulo Jorge <paullojorgge@gmail.com>. All rights reserved.
Copyright (c) 2017 Michael Holloway <michael@thedarkwinter.com>. All rights reserved.

This program is free software; you can redistribute it and/or modify
it under the terms of the GNU General Public License as published by
the Free Software Foundation; either version 2 of the License, or
(at your option) any later version.

See the LICENSE file that comes with this distribution for more details.

=cut

####################################################################################################

sub register_commands {
	my ( $class, $version)=@_;
	my %tmp=(
	  'check'  => [ undef, \&check_parse ],
	  'info'   => [ undef, \&_parse_dkhm_domain ],
	  'create' => [ \&create, \&_parse_dkhm_domain ],
	  'renew'  => [ undef, \&_parse_dkhm_domain ],
	  'update' =>	[ undef, \&_parse_dkhm_domain ]
	);

	return { 'domain' => \%tmp };
}

####################################################################################################
## HELPERS
sub _build_dkhm_domain
{
	my ($epp,$domain,$rd)=@_;
	my $mes=$epp->message();
	my $ns = $mes->ns('dkhm');

	return unless Net::DRI::Util::has_key($rd,'confirmation_token');

	my $eid=$mes->command_extension_register('dkhm:orderconfirmationToken','xmlns:dkhm=""'.$ns.'""');
	$mes->command_extension($eid,$rd->{confirmation_token});

	return;
}

sub _parse_dkhm_domain
{
	my ($po,$otype,$oaction,$oname,$rinfo)=@_;

	my $mes=$po->message();
	return unless $mes->is_success();
	my $data;

	if ($data = $mes->get_extension('dkhm','trackingNo')) {
		$rinfo->{domain}->{$oname}->{tracking_no} = $data->getFirstChild()->textContent();
	}
	if ($data = $mes->get_extension('dkhm','domain_confirmed')) {
		$rinfo->{domain}->{$oname}->{domain_confirmed} = $data->getFirstChild()->textContent();
	}
	if ($data = $mes->get_extension('dkhm','registrant_validated')) {
		$rinfo->{domain}->{$oname}->{registrant_validated} = $data->getFirstChild()->textContent();
	}

	return;
}

####################################################################################################

sub create {
  return _build_dkhm_domain(@_);
}

sub check_parse {
	my ($po,$otype,$oaction,$oname,$rinfo)=@_;
	my $mes=$po->message();
	return unless $mes->is_success();

	my $adata = $mes->get_extension('dkhm','domainAdvisory');
  return unless $adata;

  if ($adata->hasAttribute('domain') && $adata->getAttribute('advisory'))
  {
   $rinfo->{domain}->{$adata->getAttribute('domain')}->{advisory} = $adata->getAttribute('advisory');
	}

  return;
}

1;","=head1 AUTHOR

Michael Holloway, E<lt>michael@thedarkwinter.comE<gt>

=head1 COPYRIGHT

Copyright (c) 2017 Michael Holloway <michael@thedarkwinter.com>.
All rights reserved.

This program is free software; you can redistribute it and/or modify
it under the terms of the GNU General Public License as published by
the Free Software Foundation; either version 2 of the License, or
(at your option) any later version.

See the LICENSE file that comes with this distribution for more details.

=cut

####################################################################################################

sub register_commands
{
 my ($class,$version)=@_;
 my %tmp=(
           create => [ \&create, undef ],
           info   => [ \&info, \&info_parse ],
           update => [ \&update, undef ],
         );

 return { 'domain' => \%tmp };
}

####################################################################################################
########### Query commands

sub info
{
 my ($epp,$domain,$rd)=@_;
 my $mes=$epp->message();
 return unless Net::DRI::Util::has_key($rd,'registrant');

 my $eid=$mes->command_extension_"
deepseek,deepseek-ai/DeepSeek-V3.2:novita,perl,GPL-3.0,lib::WTSI::NPG::HTS::PacBio::Sequel::AnalysisPublisher.pm,292,0.2,0,0.0975609756097561,"
    my @tag_records = $self->find_pacbio_runs
      ($self->_metadata->run_name, $self->_metadata->well_name, $tag_id);

    ## enter as if not deplexed if a tag is not expected
    my @records =
      (@tag_records == 1) ?
             @tag_records :
             $self->find_pacbio_runs($self->_metadata->run_name,
                                     $self->_metadata->well_name);

    if (@records >= 1) {
      my @primary_avus   = $self->make_primary_metadata($self->_metadata);
      my @secondary_avus = $self->make_secondary_metadata(@records);

      my ($a_files, $a_processed, $a_errors) =
        $self->_publish_files([$file], $self->_dest_path,
                              \@primary_avus, \@secondary_avus);

      $num_files     += $a_files;
      $num_processed += $a_processed;
      $num_errors    += $a_errors;
    }
    else {
      $self->info(""Skipping publishing $file as no records found"");
    }
  }
  $self->info(""Published $num_processed / $num_files sequence files "",
              'for SMRT cell ', $self->_metadata->well_name, ' run ',
              $self->_metadata->run_name);

  return ($num_files, $num_processed, $num_errors);
}

=head2 publish_non_sequence_files

  Arg [1]    : Format - which needs to be at the end. Required.

  Example    : my ($num_files, $num_published, $num_errors) =
                 $pub->publish_non_sequence_files($format)
  Description: Publish non sequence files by type to iRODS. Return
               the number of files, the number published and the number
               of errors.
  Returntype : Array[Int]

=cut

sub publish_non_sequence_files {
  my ($self, $format) = @_;

  defined $format or
    $self->logconfess('A defined file format argument is required');

  my $files = $self->list_files($format . q[$]);

  my ($num_files, $num_processed, $num_errors) =
    $self->_publish_files($files, $self->_dest_path);

  $self->info(""Published $num_processed / $num_files $format files "",
              'for SMRT cell ', $self->_metadata->well_name, ' run ',
              $self->_metadata->run_name);

  return ($num_files, $num_processed, $num_errors);
}


=head2 list_files

  Arg [1]    : File type. Required.

  Example    : $pub->list_files($type)
  Description: Return paths of all sequence files for the given analysis.
               Calling this method will access the file system.
  Returntype : ArrayRef[Str]

=cut

sub list_files {
  my ($self, $type) = @_;

  defined $type or
    $self->logconfess('A defined file type argument is required');

  return [$self->list_directory($self->runfolder_path, filter => $type)];
}

override 'run_name'  => sub {
  my ($self) = @_;
  return $self->_metadata->ts_run_name;
};

override 'smrt_names'  => sub {
  my ($self)  = @_;

  ($self->_metadata->has_results_folder &&
      $self->_metadata->ts_run_name) or
      $self->logconfess('Error ts or results folder missing');

  my $rfolder = $self->_metadata->results_folder;
  my $ts_name = $self->_metadata->ts_run_name;

  $rfolder =~ /$ts_name/smx or
     $self->logconfess('Error ts name missing from results folder ', $rfolder);

  $rfolder =~ s/$ts_name//smx;
  $rfolder =~ s/\///gsmx;

  $rfolder =~ /$WELL_DIRECTORY_PATTERN/smx or
     $self->logconfess('Error derived folder name ', $rfolder,
     'does not match expected pattern');

  return [$rfolder];
};

has '_metadata' =>
  (isa           => 'WTSI::NPG::HTS::PacBio::Metadata',
   is            => 'ro',
   builder       => '_build_metadata',
   lazy          => 1,
   init_arg      => undef,
   documentation => 'Load source meta data from file.',);

sub _build_metadata{
  my ($self) = @_;

  my $entry_dir = catdir($self->analysis_path, $ENTRY_DIR);

  my @metafiles = $self->list_directory($entry_dir,
                                        filter => $METADATA_FORMAT . q[$]);
  if (@metafiles != 1) {
    $self->logcroak(""Expect one $METADATA_FORMAT file in $entry_dir"");
  }
  return  WTSI::NPG::HTS::PacBio::Sequel::MetaXMLParser->new->parse_file
                 ($metafiles[0], $METADATA_PREFIX);
}

sub _get_tag_from_fname {
  my ($self, $file) = @_;
  my $tag_id;
  if ($file =~ /bc(\d+).*bc(\d+)/smx){
    my ($bc1, $bc2) = ($1, $2);
    $tag_id = ($bc1 == $bc2) ? $bc1 : undef;
  }
  defined $tag_id or $self->logcroak(""No tag found for $file"");

  return $tag_id;
}

sub _dest_path{
  my ($self) = @_;

  @{$self->smrt_names} == 1 or
        $self->logcroak('Error multiple smrt names found');

  return catdir($self->dest_collection, $self->smrt_names->[0]);
}

__PACKAGE__->meta->make_immutable;

no Moose;

1;

__END__

=head1 NAME

WTSI::NPG::HTS::PacBio::Sequel::AnalysisPublisher

=head1 DESCRIPTION

Publishes relevant files to iRODS, adds metadata and sets permissions.

=head1 AUTHOR

=head1 COPYRIGHT AND DISCLAIMER

Copyright (C) 2018 Genome Research Limited. All Rights Reserved.

This program is free software: you can redistribute it and/or modify
it under the terms of the Perl Artistic License or the GNU General
Public License as published by the Free Software Foundation, either
version 3 of the License, or (at your option) any later version.

This program is distributed in the hope that it will be useful,
but WITHOUT ANY WARRANTY; without even the implied warranty of
MERCHANTABILITY or FITNESS FOR A PARTICULAR PURPOSE.  See the
GNU General Public License for more details.

=cut","if (defined $tag_id) {
      my $well_dir = $self->_get_well_dir($file);
      my $meta_file = $self->_get_metadata_file($well_dir);
      my $avus = $self->_make_avus($meta_file, $tag_id);

      my ($nf, $np, $ne) = $self->publish_file($file, $avus);
      $num_files     += $nf;
      $num_processed += $np;
      $num_errors    += $ne;
    }
    else {
      $self->warn('Skipping file without tag: ', $file);
    }
  }

  return ($num_files, $num_processed, $num_errors);
}

sub _get_tag_from_fname {
  my ($self, $file) = @_;

  my ($fname) = $file =~ m{([^/]+)$}xms;
  if ($fname =~ m{\.(\d+_[A-Z]\d+)\.bam$}xms) {
    return $1;
  }
  return;
}

sub _get_well_dir {
  my ($self, $file)"
deepseek,deepseek-ai/DeepSeek-V3.2:novita,perl,GPL-3.0,lib::WTSI::NPG::HTS::PacBio::Sequel::AnalysisPublisher.pm,292,0.4,0,0.045936395759717315,"
    my @tag_records = $self->find_pacbio_runs
      ($self->_metadata->run_name, $self->_metadata->well_name, $tag_id);

    ## enter as if not deplexed if a tag is not expected
    my @records =
      (@tag_records == 1) ?
             @tag_records :
             $self->find_pacbio_runs($self->_metadata->run_name,
                                     $self->_metadata->well_name);

    if (@records >= 1) {
      my @primary_avus   = $self->make_primary_metadata($self->_metadata);
      my @secondary_avus = $self->make_secondary_metadata(@records);

      my ($a_files, $a_processed, $a_errors) =
        $self->_publish_files([$file], $self->_dest_path,
                              \@primary_avus, \@secondary_avus);

      $num_files     += $a_files;
      $num_processed += $a_processed;
      $num_errors    += $a_errors;
    }
    else {
      $self->info(""Skipping publishing $file as no records found"");
    }
  }
  $self->info(""Published $num_processed / $num_files sequence files "",
              'for SMRT cell ', $self->_metadata->well_name, ' run ',
              $self->_metadata->run_name);

  return ($num_files, $num_processed, $num_errors);
}

=head2 publish_non_sequence_files

  Arg [1]    : Format - which needs to be at the end. Required.

  Example    : my ($num_files, $num_published, $num_errors) =
                 $pub->publish_non_sequence_files($format)
  Description: Publish non sequence files by type to iRODS. Return
               the number of files, the number published and the number
               of errors.
  Returntype : Array[Int]

=cut

sub publish_non_sequence_files {
  my ($self, $format) = @_;

  defined $format or
    $self->logconfess('A defined file format argument is required');

  my $files = $self->list_files($format . q[$]);

  my ($num_files, $num_processed, $num_errors) =
    $self->_publish_files($files, $self->_dest_path);

  $self->info(""Published $num_processed / $num_files $format files "",
              'for SMRT cell ', $self->_metadata->well_name, ' run ',
              $self->_metadata->run_name);

  return ($num_files, $num_processed, $num_errors);
}


=head2 list_files

  Arg [1]    : File type. Required.

  Example    : $pub->list_files($type)
  Description: Return paths of all sequence files for the given analysis.
               Calling this method will access the file system.
  Returntype : ArrayRef[Str]

=cut

sub list_files {
  my ($self, $type) = @_;

  defined $type or
    $self->logconfess('A defined file type argument is required');

  return [$self->list_directory($self->runfolder_path, filter => $type)];
}

override 'run_name'  => sub {
  my ($self) = @_;
  return $self->_metadata->ts_run_name;
};

override 'smrt_names'  => sub {
  my ($self)  = @_;

  ($self->_metadata->has_results_folder &&
      $self->_metadata->ts_run_name) or
      $self->logconfess('Error ts or results folder missing');

  my $rfolder = $self->_metadata->results_folder;
  my $ts_name = $self->_metadata->ts_run_name;

  $rfolder =~ /$ts_name/smx or
     $self->logconfess('Error ts name missing from results folder ', $rfolder);

  $rfolder =~ s/$ts_name//smx;
  $rfolder =~ s/\///gsmx;

  $rfolder =~ /$WELL_DIRECTORY_PATTERN/smx or
     $self->logconfess('Error derived folder name ', $rfolder,
     'does not match expected pattern');

  return [$rfolder];
};

has '_metadata' =>
  (isa           => 'WTSI::NPG::HTS::PacBio::Metadata',
   is            => 'ro',
   builder       => '_build_metadata',
   lazy          => 1,
   init_arg      => undef,
   documentation => 'Load source meta data from file.',);

sub _build_metadata{
  my ($self) = @_;

  my $entry_dir = catdir($self->analysis_path, $ENTRY_DIR);

  my @metafiles = $self->list_directory($entry_dir,
                                        filter => $METADATA_FORMAT . q[$]);
  if (@metafiles != 1) {
    $self->logcroak(""Expect one $METADATA_FORMAT file in $entry_dir"");
  }
  return  WTSI::NPG::HTS::PacBio::Sequel::MetaXMLParser->new->parse_file
                 ($metafiles[0], $METADATA_PREFIX);
}

sub _get_tag_from_fname {
  my ($self, $file) = @_;
  my $tag_id;
  if ($file =~ /bc(\d+).*bc(\d+)/smx){
    my ($bc1, $bc2) = ($1, $2);
    $tag_id = ($bc1 == $bc2) ? $bc1 : undef;
  }
  defined $tag_id or $self->logcroak(""No tag found for $file"");

  return $tag_id;
}

sub _dest_path{
  my ($self) = @_;

  @{$self->smrt_names} == 1 or
        $self->logcroak('Error multiple smrt names found');

  return catdir($self->dest_collection, $self->smrt_names->[0]);
}

__PACKAGE__->meta->make_immutable;

no Moose;

1;

__END__

=head1 NAME

WTSI::NPG::HTS::PacBio::Sequel::AnalysisPublisher

=head1 DESCRIPTION

Publishes relevant files to iRODS, adds metadata and sets permissions.

=head1 AUTHOR

=head1 COPYRIGHT AND DISCLAIMER

Copyright (C) 2018 Genome Research Limited. All Rights Reserved.

This program is free software: you can redistribute it and/or modify
it under the terms of the Perl Artistic License or the GNU General
Public License as published by the Free Software Foundation, either
version 3 of the License, or (at your option) any later version.

This program is distributed in the hope that it will be useful,
but WITHOUT ANY WARRANTY; without even the implied warranty of
MERCHANTABILITY or FITNESS FOR A PARTICULAR PURPOSE.  See the
GNU General Public License for more details.

=cut","my ($tag_meta) = @{$self->_get_tag_metadata($tag_id)};
    my $file_metadata = $self->_common_metadata;

    my $avus = $self->make_primary_metadata
      ($file_metadata, $tag_meta->{$tag_id});
    my @secondary_avus = $self->make_secondary_metadata
      ($file_metadata, $tag_meta->{$tag_id});
    push @{$avus}, @secondary_avus;

    $num_files++;
    eval {
        $self->publish_file($file, $avus);
        $num_processed++;
        1;
    } or do {
        $self->error(""Failed to publish file '$file': $EVAL_ERROR"");
        $num_errors++;
    };
  }

  return ($num_files, $num_processed, $num_errors);
};

sub _get_tag_from_fname {
  my ($self, $filename) = @_;

  if ($filename =~ /([a-zA-Z0-9]+)\.${SEQUENCE_FILE_FORMAT}$/) {
    return $1;
  }
  else {
    $self->logconfess("""
deepseek,deepseek-ai/DeepSeek-V3.2:novita,perl,GPL-3.0,lib::WTSI::NPG::HTS::PacBio::Sequel::AnalysisPublisher.pm,292,0.8,0,0.04436860068259386,"
    my @tag_records = $self->find_pacbio_runs
      ($self->_metadata->run_name, $self->_metadata->well_name, $tag_id);

    ## enter as if not deplexed if a tag is not expected
    my @records =
      (@tag_records == 1) ?
             @tag_records :
             $self->find_pacbio_runs($self->_metadata->run_name,
                                     $self->_metadata->well_name);

    if (@records >= 1) {
      my @primary_avus   = $self->make_primary_metadata($self->_metadata);
      my @secondary_avus = $self->make_secondary_metadata(@records);

      my ($a_files, $a_processed, $a_errors) =
        $self->_publish_files([$file], $self->_dest_path,
                              \@primary_avus, \@secondary_avus);

      $num_files     += $a_files;
      $num_processed += $a_processed;
      $num_errors    += $a_errors;
    }
    else {
      $self->info(""Skipping publishing $file as no records found"");
    }
  }
  $self->info(""Published $num_processed / $num_files sequence files "",
              'for SMRT cell ', $self->_metadata->well_name, ' run ',
              $self->_metadata->run_name);

  return ($num_files, $num_processed, $num_errors);
}

=head2 publish_non_sequence_files

  Arg [1]    : Format - which needs to be at the end. Required.

  Example    : my ($num_files, $num_published, $num_errors) =
                 $pub->publish_non_sequence_files($format)
  Description: Publish non sequence files by type to iRODS. Return
               the number of files, the number published and the number
               of errors.
  Returntype : Array[Int]

=cut

sub publish_non_sequence_files {
  my ($self, $format) = @_;

  defined $format or
    $self->logconfess('A defined file format argument is required');

  my $files = $self->list_files($format . q[$]);

  my ($num_files, $num_processed, $num_errors) =
    $self->_publish_files($files, $self->_dest_path);

  $self->info(""Published $num_processed / $num_files $format files "",
              'for SMRT cell ', $self->_metadata->well_name, ' run ',
              $self->_metadata->run_name);

  return ($num_files, $num_processed, $num_errors);
}


=head2 list_files

  Arg [1]    : File type. Required.

  Example    : $pub->list_files($type)
  Description: Return paths of all sequence files for the given analysis.
               Calling this method will access the file system.
  Returntype : ArrayRef[Str]

=cut

sub list_files {
  my ($self, $type) = @_;

  defined $type or
    $self->logconfess('A defined file type argument is required');

  return [$self->list_directory($self->runfolder_path, filter => $type)];
}

override 'run_name'  => sub {
  my ($self) = @_;
  return $self->_metadata->ts_run_name;
};

override 'smrt_names'  => sub {
  my ($self)  = @_;

  ($self->_metadata->has_results_folder &&
      $self->_metadata->ts_run_name) or
      $self->logconfess('Error ts or results folder missing');

  my $rfolder = $self->_metadata->results_folder;
  my $ts_name = $self->_metadata->ts_run_name;

  $rfolder =~ /$ts_name/smx or
     $self->logconfess('Error ts name missing from results folder ', $rfolder);

  $rfolder =~ s/$ts_name//smx;
  $rfolder =~ s/\///gsmx;

  $rfolder =~ /$WELL_DIRECTORY_PATTERN/smx or
     $self->logconfess('Error derived folder name ', $rfolder,
     'does not match expected pattern');

  return [$rfolder];
};

has '_metadata' =>
  (isa           => 'WTSI::NPG::HTS::PacBio::Metadata',
   is            => 'ro',
   builder       => '_build_metadata',
   lazy          => 1,
   init_arg      => undef,
   documentation => 'Load source meta data from file.',);

sub _build_metadata{
  my ($self) = @_;

  my $entry_dir = catdir($self->analysis_path, $ENTRY_DIR);

  my @metafiles = $self->list_directory($entry_dir,
                                        filter => $METADATA_FORMAT . q[$]);
  if (@metafiles != 1) {
    $self->logcroak(""Expect one $METADATA_FORMAT file in $entry_dir"");
  }
  return  WTSI::NPG::HTS::PacBio::Sequel::MetaXMLParser->new->parse_file
                 ($metafiles[0], $METADATA_PREFIX);
}

sub _get_tag_from_fname {
  my ($self, $file) = @_;
  my $tag_id;
  if ($file =~ /bc(\d+).*bc(\d+)/smx){
    my ($bc1, $bc2) = ($1, $2);
    $tag_id = ($bc1 == $bc2) ? $bc1 : undef;
  }
  defined $tag_id or $self->logcroak(""No tag found for $file"");

  return $tag_id;
}

sub _dest_path{
  my ($self) = @_;

  @{$self->smrt_names} == 1 or
        $self->logcroak('Error multiple smrt names found');

  return catdir($self->dest_collection, $self->smrt_names->[0]);
}

__PACKAGE__->meta->make_immutable;

no Moose;

1;

__END__

=head1 NAME

WTSI::NPG::HTS::PacBio::Sequel::AnalysisPublisher

=head1 DESCRIPTION

Publishes relevant files to iRODS, adds metadata and sets permissions.

=head1 AUTHOR

=head1 COPYRIGHT AND DISCLAIMER

Copyright (C) 2018 Genome Research Limited. All Rights Reserved.

This program is free software: you can redistribute it and/or modify
it under the terms of the Perl Artistic License or the GNU General
Public License as published by the Free Software Foundation, either
version 3 of the License, or (at your option) any later version.

This program is distributed in the hope that it will be useful,
but WITHOUT ANY WARRANTY; without even the implied warranty of
MERCHANTABILITY or FITNESS FOR A PARTICULAR PURPOSE.  See the
GNU General Public License for more details.

=cut","my $smrt_cell_name = $self->_get_smrt_cell_name($file);
    my $dest_coll = $self->dest_collection;

    my $metadata = $self->common_metadata;
    $metadata = $self->add_secondary_metadata($metadata, $tag_id,
                                              $smrt_cell_name);
    $metadata = $self->add_primary_metadata($metadata, $file);

    my $path = $self->analysis_path;
    my $well_dir = $self->_find_well_directory($path, $file);

    if (defined $well_dir) {
      my $file_path = catdir($well_dir, $file);
      my $published = $self->publish_file($file_path, $dest_coll,
                                          $metadata);
      $num_files++;
      if ($published) {
        $num_processed++;
        $self->add_avu($dest_coll, $file, 'published', 'true');
      } else {
        $num_errors++;
        $self->error(""Failed to publish file: $file_path"");
      }
    } else {
      $self->error(""Could not determine well directory for file: $file"
deepseek,deepseek-ai/DeepSeek-V3.2:novita,perl,GPL-3.0,tools::check_requires.pl,127,0.2,0,0.0,"        my $base  = '';

        foreach my $line (<F>) {

            #print ""$line"" if $trace;
            if ( $inpod && $line =~ /^=cut/ ) {
                $inpod = 0;
                next;
            }
            if ( $line =~ /^=(begin|pod)/ ) {
                $inpod = 1;
                next;
            }
            if ($inpod) {
                next;
            }
            die ""$file broken at $line"" if ( $line =~ /^=/ );
            if ( $line =~ /^\s*package\s/ ) {
                next;
            }
            $line =~ s/\s*#.*$//;
            unless ( $line =~ /\S/ ) {
                next;
            }
            if ( $line =~ /\b(?:use|require)\s+$re;/ ) {
                print ""- $1\n"" if $trace;
                $satisfied{$1} = 1;
                next;
            }
            if ( $line =~ /\b(?:use|require)\s+base\s+'$re'/ ) {
                print ""- $1\n"" if $trace;
                $satisfied{$1} = 1;
                $base = $1;
                next;
            }
            if ( $line =~ /\b(?:use|require)\s+base\s+qw\($re\)/ ) {
                print ""- $1\n"" if $trace;
                $satisfied{$1} = 1;
                $base = $1;
                next;
            }
            if ( $line =~ /new\s+$re\(/ ) {
                if ( $1 eq $m ) {
                    next;
                }
                print ""++ $1\n"" if $trace;
                $required{$1} = 1;
                next;
            }
            if ( $line =~ /\b$re(((::|->)\w+[^:])|\()/ ) {
                if ( $1 eq $m ) {
                    print ""~ $1\n"" if $trace;
                    next;
                }
                print ""+ $1\n"" if $trace;
                $required{$1} = 1;
            }
        }
        foreach ( keys %required ) {
            next if $satisfied{$_};
            print $file, ' uses ', $_, "" without a require\n"";
            $suspicious++;
        }
        foreach ( keys %satisfied ) {
            next if $required{$_};
            next if $_ eq $base;
            print $file, ' requires ', $_, "" but may not need it\n"";
        }
    }
}
exit 1 if $suspicious;

sub derived {
    my ( $parent, $child ) = @_;
    my @dad = split( /::/, $parent );
    my @son = split( /::/, $child );
    return 0 if @dad > @son;
    for ( my $i = 0 ; $i < @dad ; $i++ ) {
        return 0 if ( $son[$i] ne $dad[$i] );
    }
    return 1;
}","while (<F>) {
            $inpod = 1 if /^=\w/;
            $inpod = 0 if /^=cut/;
            next if $inpod;
            if (/^\s*use\s+TWiki::/) {
                my $mod = $1 if /^\s*use\s+(TWiki::\S+)/;
                $mod =~ s/\s*;.*$//;
                $mod =~ s/\s+.*$//;
                $required{$mod} = 1;
            }
            if (/^\s*require\s+TWiki::/) {
                my $mod = $1 if /^\s*require\s+(TWiki::\S+)/;
                $mod =~ s/\s*;.*$//;
                $mod =~ s/\s+.*$//;
                $mod =~ s/^\s*['""]//;
                $mod =~ s/['""]\s*$//;
                $required{$mod} = 1;
            }
        }
        close(F);
        foreach my $mod (keys %required) {
            foreach my $s (@modules) {
                if ($mod"
deepseek,deepseek-ai/DeepSeek-V3.2:novita,perl,GPL-3.0,tools::check_requires.pl,127,0.4,0,0.0,"        my $base  = '';

        foreach my $line (<F>) {

            #print ""$line"" if $trace;
            if ( $inpod && $line =~ /^=cut/ ) {
                $inpod = 0;
                next;
            }
            if ( $line =~ /^=(begin|pod)/ ) {
                $inpod = 1;
                next;
            }
            if ($inpod) {
                next;
            }
            die ""$file broken at $line"" if ( $line =~ /^=/ );
            if ( $line =~ /^\s*package\s/ ) {
                next;
            }
            $line =~ s/\s*#.*$//;
            unless ( $line =~ /\S/ ) {
                next;
            }
            if ( $line =~ /\b(?:use|require)\s+$re;/ ) {
                print ""- $1\n"" if $trace;
                $satisfied{$1} = 1;
                next;
            }
            if ( $line =~ /\b(?:use|require)\s+base\s+'$re'/ ) {
                print ""- $1\n"" if $trace;
                $satisfied{$1} = 1;
                $base = $1;
                next;
            }
            if ( $line =~ /\b(?:use|require)\s+base\s+qw\($re\)/ ) {
                print ""- $1\n"" if $trace;
                $satisfied{$1} = 1;
                $base = $1;
                next;
            }
            if ( $line =~ /new\s+$re\(/ ) {
                if ( $1 eq $m ) {
                    next;
                }
                print ""++ $1\n"" if $trace;
                $required{$1} = 1;
                next;
            }
            if ( $line =~ /\b$re(((::|->)\w+[^:])|\()/ ) {
                if ( $1 eq $m ) {
                    print ""~ $1\n"" if $trace;
                    next;
                }
                print ""+ $1\n"" if $trace;
                $required{$1} = 1;
            }
        }
        foreach ( keys %required ) {
            next if $satisfied{$_};
            print $file, ' uses ', $_, "" without a require\n"";
            $suspicious++;
        }
        foreach ( keys %satisfied ) {
            next if $required{$_};
            next if $_ eq $base;
            print $file, ' requires ', $_, "" but may not need it\n"";
        }
    }
}
exit 1 if $suspicious;

sub derived {
    my ( $parent, $child ) = @_;
    my @dad = split( /::/, $parent );
    my @son = split( /::/, $child );
    return 0 if @dad > @son;
    for ( my $i = 0 ; $i < @dad ; $i++ ) {
        return 0 if ( $son[$i] ne $dad[$i] );
    }
    return 1;
}","while (<F>) {
            # Skip POD
            $inpod = 1 if /^=\w/;
            $inpod = 0 if /^=cut/;
            next if $inpod || /^=/;
            
            # Skip comments
            next if /^\s*#/;
            
            # Capture requires
            if (/^\s*require\s+(['""])([^'""]+)\1/) {
                my $req = $2;
                $required{$req} = 1;
                # Check if it's a relative require that needs conversion
                if ($req =~ /^\./) {
                    # Convert relative path to module name
                    my $rel = $file;
                    $rel =~ s#/[^/]+$##;
                    $rel =~ s#^\./##;
                    $rel =~ s#/#::#g;
                    $req =~ s#^\./##;
                    $req =~ s#/#::#g;
                    $req =~ s/\.pm$//;
                    if ($rel) {
                        $req = $rel . '::' . $req;
                    }
                    $required{$req} ="
deepseek,deepseek-ai/DeepSeek-V3.2:novita,perl,GPL-3.0,tools::check_requires.pl,127,0.8,0,0.011363636363636364,"        my $base  = '';

        foreach my $line (<F>) {

            #print ""$line"" if $trace;
            if ( $inpod && $line =~ /^=cut/ ) {
                $inpod = 0;
                next;
            }
            if ( $line =~ /^=(begin|pod)/ ) {
                $inpod = 1;
                next;
            }
            if ($inpod) {
                next;
            }
            die ""$file broken at $line"" if ( $line =~ /^=/ );
            if ( $line =~ /^\s*package\s/ ) {
                next;
            }
            $line =~ s/\s*#.*$//;
            unless ( $line =~ /\S/ ) {
                next;
            }
            if ( $line =~ /\b(?:use|require)\s+$re;/ ) {
                print ""- $1\n"" if $trace;
                $satisfied{$1} = 1;
                next;
            }
            if ( $line =~ /\b(?:use|require)\s+base\s+'$re'/ ) {
                print ""- $1\n"" if $trace;
                $satisfied{$1} = 1;
                $base = $1;
                next;
            }
            if ( $line =~ /\b(?:use|require)\s+base\s+qw\($re\)/ ) {
                print ""- $1\n"" if $trace;
                $satisfied{$1} = 1;
                $base = $1;
                next;
            }
            if ( $line =~ /new\s+$re\(/ ) {
                if ( $1 eq $m ) {
                    next;
                }
                print ""++ $1\n"" if $trace;
                $required{$1} = 1;
                next;
            }
            if ( $line =~ /\b$re(((::|->)\w+[^:])|\()/ ) {
                if ( $1 eq $m ) {
                    print ""~ $1\n"" if $trace;
                    next;
                }
                print ""+ $1\n"" if $trace;
                $required{$1} = 1;
            }
        }
        foreach ( keys %required ) {
            next if $satisfied{$_};
            print $file, ' uses ', $_, "" without a require\n"";
            $suspicious++;
        }
        foreach ( keys %satisfied ) {
            next if $required{$_};
            next if $_ eq $base;
            print $file, ' requires ', $_, "" but may not need it\n"";
        }
    }
}
exit 1 if $suspicious;

sub derived {
    my ( $parent, $child ) = @_;
    my @dad = split( /::/, $parent );
    my @son = split( /::/, $child );
    return 0 if @dad > @son;
    for ( my $i = 0 ; $i < @dad ; $i++ ) {
        return 0 if ( $son[$i] ne $dad[$i] );
    }
    return 1;
}","while (my $line = <F>) {
            $inpod = 1 if $line =~ /^=\w/;
            $inpod = 0 if $line =~ /^=cut/;
            next if $inpod;
            next if $line =~ /^\s*#/;
            if ( $line =~ /^\s*(?:use\s+([\w:]+)|require\s+([\w:]+))/ ) {
                my $mod = $1 || $2;
                $mod =~ s/;.*//;
                $mod =~ s/\s.*//;
                $required{$mod} = 1;
            }
            while ( $line =~ /(\w+(?:::|\->))/g ) {
                my $mod = $1;
                $mod =~ s/(::|\->).*//;
                foreach my $module ( @modules ) {
                    if ( $module =~ /^$mod/ ) {
                        $satisfied{$module} = 1;
                    }
                }
            }
        }
        close(F);
        foreach my $module ( keys %satisfied ) {
            next if $module eq $"
deepseek,deepseek-ai/DeepSeek-V3.2:novita,perl,GPL-3.0,Assignment6.pl,297,0.2,0,0.013157894736842105,"$query = &StemDocument($query); 


my @wordsToQuery = split(' ', $query); 
&RetrieveInvertedIndex(@wordsToQuery); 


sub RetrieveInvertedIndex{
	#print counts for each document, and total
	my @words = @_; 
	 
	foreach my $word (@words) {
		my $dF = 0;
		
		unless(open WINPUT, '>>', 'idfResult.txt'){        #write to a document since terminal cannot display entire lines
			die ""Unable to create wordFrequency.txt""; 
		}
		print ""======$word======\n"";
		printf WINPUT ""%-40s"", ""$word"";
		my $totPerWord = 0;
		foreach my $document (sort keys %counts){
			if($counts{$document}{$word} > 0){
				print ""$document, $counts{$document}{$word}\n"";
				printf WINPUT ""%-8s"", ""$document, $counts{$document}{$word}\n"";
		
				$dF += 1;                                #-------------   $totalPerWord = $counts{$document}{$word}          was used to ad up all frequency
			}
			
		}
		print $dF.""\n""; 
		print int($docSize/$dF).""\n"";
		
		$dF = int($docSize / $dF);
		$dF = &log10($dF); 
		print ""\tDF: $dF over $docSize\n\n"";
		printf WINPUT ""%-8s\n"", ""\tDF: $dF\n\n"";

	}
}	

close(WINPUT);


#---------------Use to get log base 10

sub log10(){
    my $n = shift;
    return log($n)/log(10);
 }

#------------------------use to remove stop words from query-----------#
sub DeleteStopWords(){
   $fileContent=shift;
   @fileContentArray=split("" "", $fileContent);
   $fileContent="""";
   foreach $word(@fileContentArray){
      if ($stopwordsHash{$word}>0){
           
      }
      else {
         $fileContent= $fileContent."" "".$word;
      }
   }
   return $fileContent;
  }

 
 #-------------------------use to stem the words in the query to match the words in preprocessed documents-------------#
  sub StemDocument(){
  
   $fileContent = shift;
   @words = split("" "", $fileContent );

   # loop through all words
   $stemmedDoc="""";
   foreach $word (@words) {

		#if it is a valid word
		if ( $word =~ /\w+/ ) {
			$word = stem($word);
			$stemmedDoc=$stemmedDoc.$word."" "";
		}
	}

   return $stemmedDoc;

}

=cut

# Porter stemmer in Perl. Few comments, but it's easy to follow against the rules in the original
# paper, in
#
#   Porter, 1980, An algorithm for suffix stripping, Program, Vol. 14,
#   no. 3, pp 130-137,
#
# see also http://www.tartarus.org/~martin/PorterStemmer

# Release 1

local %step2list;
local %step3list;
local ($c, $v, $C, $V, $mgr0, $meq1, $mgr1, $_v);


sub stem
{  my ($stem, $suffix, $firstch);
   my $w = shift;
   if (length($w) < 3) { return $w; } # length at least 3
   # now map initial y to Y so that the patterns never treat it as vowel:
   $w =~ /^./; $firstch = $&;
   if ($firstch =~ /^y/) { $w = ucfirst $w; }

   # Step 1a
   if ($w =~ /(ss|i)es$/) { $w=$`.$1; }
   elsif ($w =~ /([^s])s$/) { $w=$`.$1; }
   # Step 1b
   if ($w =~ /eed$/) { if ($` =~ /$mgr0/o) { chop($w); } }
   elsif ($w =~ /(ed|ing)$/)
   {  $stem = $`;
      if ($stem =~ /$_v/o)
      {  $w = $stem;
         if ($w =~ /(at|bl|iz)$/) { $w .= ""e""; }
         elsif ($w =~ /([^aeiouylsz])\1$/) { chop($w); }
         elsif ($w =~ /^${C}${v}[^aeiouwxy]$/o) { $w .= ""e""; }
      }
   }
   # Step 1c
   if ($w =~ /y$/) { $stem = $`; if ($stem =~ /$_v/o) { $w = $stem.""i""; } }

   # Step 2
   if ($w =~ /(ational|tional|enci|anci|izer|bli|alli|entli|eli|ousli|ization|ation|ator|alism|iveness|fulness|ousness|aliti|iviti|biliti|logi)$/)
   { $stem = $`; $suffix = $1;
     if ($stem =~ /$mgr0/o) { $w = $stem . $step2list{$suffix}; }
   }

   # Step 3

   if ($w =~ /(icate|ative|alize|iciti|ical|ful|ness)$/)
   { $stem = $`; $suffix = $1;
     if ($stem =~ /$mgr0/o) { $w = $stem . $step3list{$suffix}; }
   }

   # Step 4

   if ($w =~ /(al|ance|ence|er|ic|able|ible|ant|ement|ment|ent|ou|ism|ate|iti|ous|ive|ize)$/)
   { $stem = $`; if ($stem =~ /$mgr1/o) { $w = $stem; } }
   elsif ($w =~ /(s|t)(ion)$/)
   { $stem = $` . $1; if ($stem =~ /$mgr1/o) { $w = $stem; } }


   #  Step 5

   if ($w =~ /e$/)
   { $stem = $`;
     if ($stem =~ /$mgr1/o or
         ($stem =~ /$meq1/o and not $stem =~ /^${C}${v}[^aeiouwxy]$/o))
        { $w = $stem; }
   }
   if ($w =~ /ll$/ and $w =~ /$mgr1/o) { chop($w); }

   # and turn initial Y back to y
   if ($firstch =~ /^y/) { $w = lcfirst $w; }
   return $w;
}

sub initialise {

   %step2list =
   ( 'ational'=>'ate', 'tional'=>'tion', 'enci'=>'ence', 'anci'=>'ance', 'izer'=>'ize', 'bli'=>'ble',
     'alli'=>'al', 'entli'=>'ent', 'eli'=>'e', 'ousli'=>'ous', 'ization'=>'ize', 'ation'=>'ate',
     'ator'=>'ate', 'alism'=>'al', 'iveness'=>'ive', 'fulness'=>'ful', 'ousness'=>'ous', 'aliti'=>'al',
     'iviti'=>'ive', 'biliti'=>'ble', 'logi'=>'log');

   %step3list =
   ('icate'=>'ic', 'ative'=>'', 'alize'=>'al', 'iciti'=>'ic', 'ical'=>'ic', 'ful'=>'', 'ness'=>'');


   $c =    ""[^aeiou]"";          # consonant
   $v =    ""[aeiouy]"";          # vowel
   $C =    ""${c}[^aeiouy]*"";    # consonant sequence
   $V =    ""${v}[aeiou]*"";      # vowel sequence

   $mgr0 = ""^(${C})?${V}${C}"";               # [C]VC... is m>0
   $meq1 = ""^(${C})?${V}${C}(${V})?"" . '$';  # [C]VC[V] is m=1
   $mgr1 = ""^(${C})?${V}${C}${V}${C}"";       # [C]VCVC... is m>1
   $_v   = ""^(${C})?${v}"";                   # vowel in stem

}

# that's the definition. Run initialise() to set things up, then stem($word) to stem $word, as here:

","$query =~ s/\.//g;                     # remove periods for query
$query =~ s/,//g;                     # remove commas for query
$query =~ s/\?//g;                    # remove question marks for query
$query =~ s/\!//g;                    # remove exclamation marks for query

my @queryWords = grep { /\S/ } split(/\s+/, $query); # split query into words

# Calculate TF-IDF for the query against each document
my %scores;
my $N = $docSize;

foreach my $doc (keys %docLength) {
    $scores{$doc} = 0;
    foreach my $qWord (@queryWords) {
        my $tf = $counts{$doc}{$qWord} ? $counts{$doc}{$qWord} : 0; # term frequency in doc
        my $df = 0; # document frequency
        foreach my $d (keys %docLength) {
            $df++ if $counts{$d}{$qWord};
        }
        if ($df > 0) {
            my $idf = log($N / $df);
            $s"
deepseek,deepseek-ai/DeepSeek-V3.2:novita,perl,GPL-3.0,Assignment6.pl,297,0.4,0,0.025477707006369428,"$query = &StemDocument($query); 


my @wordsToQuery = split(' ', $query); 
&RetrieveInvertedIndex(@wordsToQuery); 


sub RetrieveInvertedIndex{
	#print counts for each document, and total
	my @words = @_; 
	 
	foreach my $word (@words) {
		my $dF = 0;
		
		unless(open WINPUT, '>>', 'idfResult.txt'){        #write to a document since terminal cannot display entire lines
			die ""Unable to create wordFrequency.txt""; 
		}
		print ""======$word======\n"";
		printf WINPUT ""%-40s"", ""$word"";
		my $totPerWord = 0;
		foreach my $document (sort keys %counts){
			if($counts{$document}{$word} > 0){
				print ""$document, $counts{$document}{$word}\n"";
				printf WINPUT ""%-8s"", ""$document, $counts{$document}{$word}\n"";
		
				$dF += 1;                                #-------------   $totalPerWord = $counts{$document}{$word}          was used to ad up all frequency
			}
			
		}
		print $dF.""\n""; 
		print int($docSize/$dF).""\n"";
		
		$dF = int($docSize / $dF);
		$dF = &log10($dF); 
		print ""\tDF: $dF over $docSize\n\n"";
		printf WINPUT ""%-8s\n"", ""\tDF: $dF\n\n"";

	}
}	

close(WINPUT);


#---------------Use to get log base 10

sub log10(){
    my $n = shift;
    return log($n)/log(10);
 }

#------------------------use to remove stop words from query-----------#
sub DeleteStopWords(){
   $fileContent=shift;
   @fileContentArray=split("" "", $fileContent);
   $fileContent="""";
   foreach $word(@fileContentArray){
      if ($stopwordsHash{$word}>0){
           
      }
      else {
         $fileContent= $fileContent."" "".$word;
      }
   }
   return $fileContent;
  }

 
 #-------------------------use to stem the words in the query to match the words in preprocessed documents-------------#
  sub StemDocument(){
  
   $fileContent = shift;
   @words = split("" "", $fileContent );

   # loop through all words
   $stemmedDoc="""";
   foreach $word (@words) {

		#if it is a valid word
		if ( $word =~ /\w+/ ) {
			$word = stem($word);
			$stemmedDoc=$stemmedDoc.$word."" "";
		}
	}

   return $stemmedDoc;

}

=cut

# Porter stemmer in Perl. Few comments, but it's easy to follow against the rules in the original
# paper, in
#
#   Porter, 1980, An algorithm for suffix stripping, Program, Vol. 14,
#   no. 3, pp 130-137,
#
# see also http://www.tartarus.org/~martin/PorterStemmer

# Release 1

local %step2list;
local %step3list;
local ($c, $v, $C, $V, $mgr0, $meq1, $mgr1, $_v);


sub stem
{  my ($stem, $suffix, $firstch);
   my $w = shift;
   if (length($w) < 3) { return $w; } # length at least 3
   # now map initial y to Y so that the patterns never treat it as vowel:
   $w =~ /^./; $firstch = $&;
   if ($firstch =~ /^y/) { $w = ucfirst $w; }

   # Step 1a
   if ($w =~ /(ss|i)es$/) { $w=$`.$1; }
   elsif ($w =~ /([^s])s$/) { $w=$`.$1; }
   # Step 1b
   if ($w =~ /eed$/) { if ($` =~ /$mgr0/o) { chop($w); } }
   elsif ($w =~ /(ed|ing)$/)
   {  $stem = $`;
      if ($stem =~ /$_v/o)
      {  $w = $stem;
         if ($w =~ /(at|bl|iz)$/) { $w .= ""e""; }
         elsif ($w =~ /([^aeiouylsz])\1$/) { chop($w); }
         elsif ($w =~ /^${C}${v}[^aeiouwxy]$/o) { $w .= ""e""; }
      }
   }
   # Step 1c
   if ($w =~ /y$/) { $stem = $`; if ($stem =~ /$_v/o) { $w = $stem.""i""; } }

   # Step 2
   if ($w =~ /(ational|tional|enci|anci|izer|bli|alli|entli|eli|ousli|ization|ation|ator|alism|iveness|fulness|ousness|aliti|iviti|biliti|logi)$/)
   { $stem = $`; $suffix = $1;
     if ($stem =~ /$mgr0/o) { $w = $stem . $step2list{$suffix}; }
   }

   # Step 3

   if ($w =~ /(icate|ative|alize|iciti|ical|ful|ness)$/)
   { $stem = $`; $suffix = $1;
     if ($stem =~ /$mgr0/o) { $w = $stem . $step3list{$suffix}; }
   }

   # Step 4

   if ($w =~ /(al|ance|ence|er|ic|able|ible|ant|ement|ment|ent|ou|ism|ate|iti|ous|ive|ize)$/)
   { $stem = $`; if ($stem =~ /$mgr1/o) { $w = $stem; } }
   elsif ($w =~ /(s|t)(ion)$/)
   { $stem = $` . $1; if ($stem =~ /$mgr1/o) { $w = $stem; } }


   #  Step 5

   if ($w =~ /e$/)
   { $stem = $`;
     if ($stem =~ /$mgr1/o or
         ($stem =~ /$meq1/o and not $stem =~ /^${C}${v}[^aeiouwxy]$/o))
        { $w = $stem; }
   }
   if ($w =~ /ll$/ and $w =~ /$mgr1/o) { chop($w); }

   # and turn initial Y back to y
   if ($firstch =~ /^y/) { $w = lcfirst $w; }
   return $w;
}

sub initialise {

   %step2list =
   ( 'ational'=>'ate', 'tional'=>'tion', 'enci'=>'ence', 'anci'=>'ance', 'izer'=>'ize', 'bli'=>'ble',
     'alli'=>'al', 'entli'=>'ent', 'eli'=>'e', 'ousli'=>'ous', 'ization'=>'ize', 'ation'=>'ate',
     'ator'=>'ate', 'alism'=>'al', 'iveness'=>'ive', 'fulness'=>'ful', 'ousness'=>'ous', 'aliti'=>'al',
     'iviti'=>'ive', 'biliti'=>'ble', 'logi'=>'log');

   %step3list =
   ('icate'=>'ic', 'ative'=>'', 'alize'=>'al', 'iciti'=>'ic', 'ical'=>'ic', 'ful'=>'', 'ness'=>'');


   $c =    ""[^aeiou]"";          # consonant
   $v =    ""[aeiouy]"";          # vowel
   $C =    ""${c}[^aeiouy]*"";    # consonant sequence
   $V =    ""${v}[aeiou]*"";      # vowel sequence

   $mgr0 = ""^(${C})?${V}${C}"";               # [C]VC... is m>0
   $meq1 = ""^(${C})?${V}${C}(${V})?"" . '$';  # [C]VC[V] is m=1
   $mgr1 = ""^(${C})?${V}${C}${V}${C}"";       # [C]VCVC... is m>1
   $_v   = ""^(${C})?${v}"";                   # vowel in stem

}

# that's the definition. Run initialise() to set things up, then stem($word) to stem $word, as here:

","@queries = split(' ', $query); 
foreach my $term (@queries){
	my $df = 0; 
	my $idf = 0; 
	my $tf = 0; 
	foreach my $document (@docs){
		if ( defined $counts{$document}{$term}){
			$df++; 
			$tf += $counts{$document}{$term}; 
		} 
	}
	if ($df != 0){
		$idf = log($docSize/$df) / log(2); 
	}
	print ""Term: $term\nDF: $df\nTotal TF: $tf\nIDF: $idf\n""; 
}


sub DeleteStopWords{
	my $string = $_[0];
	my @words = split(/\s+/, $string);
	my $newString = """";
	foreach my $word (@words){
		if (!exists $stopwordsHash{$word}) { 
			$newString = ""$newString $word"";
		}
	}
	return $newString;
}

# Function from Porter Stemmer module
sub initialise {
    %step2list = ('ational'=>'ate', 't"
deepseek,deepseek-ai/DeepSeek-V3.2:novita,perl,GPL-3.0,Assignment6.pl,297,0.8,0,0.10457516339869281,"$query = &StemDocument($query); 


my @wordsToQuery = split(' ', $query); 
&RetrieveInvertedIndex(@wordsToQuery); 


sub RetrieveInvertedIndex{
	#print counts for each document, and total
	my @words = @_; 
	 
	foreach my $word (@words) {
		my $dF = 0;
		
		unless(open WINPUT, '>>', 'idfResult.txt'){        #write to a document since terminal cannot display entire lines
			die ""Unable to create wordFrequency.txt""; 
		}
		print ""======$word======\n"";
		printf WINPUT ""%-40s"", ""$word"";
		my $totPerWord = 0;
		foreach my $document (sort keys %counts){
			if($counts{$document}{$word} > 0){
				print ""$document, $counts{$document}{$word}\n"";
				printf WINPUT ""%-8s"", ""$document, $counts{$document}{$word}\n"";
		
				$dF += 1;                                #-------------   $totalPerWord = $counts{$document}{$word}          was used to ad up all frequency
			}
			
		}
		print $dF.""\n""; 
		print int($docSize/$dF).""\n"";
		
		$dF = int($docSize / $dF);
		$dF = &log10($dF); 
		print ""\tDF: $dF over $docSize\n\n"";
		printf WINPUT ""%-8s\n"", ""\tDF: $dF\n\n"";

	}
}	

close(WINPUT);


#---------------Use to get log base 10

sub log10(){
    my $n = shift;
    return log($n)/log(10);
 }

#------------------------use to remove stop words from query-----------#
sub DeleteStopWords(){
   $fileContent=shift;
   @fileContentArray=split("" "", $fileContent);
   $fileContent="""";
   foreach $word(@fileContentArray){
      if ($stopwordsHash{$word}>0){
           
      }
      else {
         $fileContent= $fileContent."" "".$word;
      }
   }
   return $fileContent;
  }

 
 #-------------------------use to stem the words in the query to match the words in preprocessed documents-------------#
  sub StemDocument(){
  
   $fileContent = shift;
   @words = split("" "", $fileContent );

   # loop through all words
   $stemmedDoc="""";
   foreach $word (@words) {

		#if it is a valid word
		if ( $word =~ /\w+/ ) {
			$word = stem($word);
			$stemmedDoc=$stemmedDoc.$word."" "";
		}
	}

   return $stemmedDoc;

}

=cut

# Porter stemmer in Perl. Few comments, but it's easy to follow against the rules in the original
# paper, in
#
#   Porter, 1980, An algorithm for suffix stripping, Program, Vol. 14,
#   no. 3, pp 130-137,
#
# see also http://www.tartarus.org/~martin/PorterStemmer

# Release 1

local %step2list;
local %step3list;
local ($c, $v, $C, $V, $mgr0, $meq1, $mgr1, $_v);


sub stem
{  my ($stem, $suffix, $firstch);
   my $w = shift;
   if (length($w) < 3) { return $w; } # length at least 3
   # now map initial y to Y so that the patterns never treat it as vowel:
   $w =~ /^./; $firstch = $&;
   if ($firstch =~ /^y/) { $w = ucfirst $w; }

   # Step 1a
   if ($w =~ /(ss|i)es$/) { $w=$`.$1; }
   elsif ($w =~ /([^s])s$/) { $w=$`.$1; }
   # Step 1b
   if ($w =~ /eed$/) { if ($` =~ /$mgr0/o) { chop($w); } }
   elsif ($w =~ /(ed|ing)$/)
   {  $stem = $`;
      if ($stem =~ /$_v/o)
      {  $w = $stem;
         if ($w =~ /(at|bl|iz)$/) { $w .= ""e""; }
         elsif ($w =~ /([^aeiouylsz])\1$/) { chop($w); }
         elsif ($w =~ /^${C}${v}[^aeiouwxy]$/o) { $w .= ""e""; }
      }
   }
   # Step 1c
   if ($w =~ /y$/) { $stem = $`; if ($stem =~ /$_v/o) { $w = $stem.""i""; } }

   # Step 2
   if ($w =~ /(ational|tional|enci|anci|izer|bli|alli|entli|eli|ousli|ization|ation|ator|alism|iveness|fulness|ousness|aliti|iviti|biliti|logi)$/)
   { $stem = $`; $suffix = $1;
     if ($stem =~ /$mgr0/o) { $w = $stem . $step2list{$suffix}; }
   }

   # Step 3

   if ($w =~ /(icate|ative|alize|iciti|ical|ful|ness)$/)
   { $stem = $`; $suffix = $1;
     if ($stem =~ /$mgr0/o) { $w = $stem . $step3list{$suffix}; }
   }

   # Step 4

   if ($w =~ /(al|ance|ence|er|ic|able|ible|ant|ement|ment|ent|ou|ism|ate|iti|ous|ive|ize)$/)
   { $stem = $`; if ($stem =~ /$mgr1/o) { $w = $stem; } }
   elsif ($w =~ /(s|t)(ion)$/)
   { $stem = $` . $1; if ($stem =~ /$mgr1/o) { $w = $stem; } }


   #  Step 5

   if ($w =~ /e$/)
   { $stem = $`;
     if ($stem =~ /$mgr1/o or
         ($stem =~ /$meq1/o and not $stem =~ /^${C}${v}[^aeiouwxy]$/o))
        { $w = $stem; }
   }
   if ($w =~ /ll$/ and $w =~ /$mgr1/o) { chop($w); }

   # and turn initial Y back to y
   if ($firstch =~ /^y/) { $w = lcfirst $w; }
   return $w;
}

sub initialise {

   %step2list =
   ( 'ational'=>'ate', 'tional'=>'tion', 'enci'=>'ence', 'anci'=>'ance', 'izer'=>'ize', 'bli'=>'ble',
     'alli'=>'al', 'entli'=>'ent', 'eli'=>'e', 'ousli'=>'ous', 'ization'=>'ize', 'ation'=>'ate',
     'ator'=>'ate', 'alism'=>'al', 'iveness'=>'ive', 'fulness'=>'ful', 'ousness'=>'ous', 'aliti'=>'al',
     'iviti'=>'ive', 'biliti'=>'ble', 'logi'=>'log');

   %step3list =
   ('icate'=>'ic', 'ative'=>'', 'alize'=>'al', 'iciti'=>'ic', 'ical'=>'ic', 'ful'=>'', 'ness'=>'');


   $c =    ""[^aeiou]"";          # consonant
   $v =    ""[aeiouy]"";          # vowel
   $C =    ""${c}[^aeiouy]*"";    # consonant sequence
   $V =    ""${v}[aeiou]*"";      # vowel sequence

   $mgr0 = ""^(${C})?${V}${C}"";               # [C]VC... is m>0
   $meq1 = ""^(${C})?${V}${C}(${V})?"" . '$';  # [C]VC[V] is m=1
   $mgr1 = ""^(${C})?${V}${C}${V}${C}"";       # [C]VCVC... is m>1
   $_v   = ""^(${C})?${v}"";                   # vowel in stem

}

# that's the definition. Run initialise() to set things up, then stem($word) to stem $word, as here:

","$query = &PorterStemFind($query); 
my @queryWords = split ' ', $query; 

foreach my $word (@queryWords) {
	print ""\n--- Statistics for word: $word ---\n"";
	my $df = 0;
	my %tf_per_doc = ();
	
	foreach my $doc (sort keys %counts) {
		if (exists $counts{$doc}{$word}) {
			$df++;
			$tf_per_doc{$doc} = $counts{$doc}{$word};
		}
	}
	
	print ""Document Frequency (DF): $df\n"";
	if ($df > 0) {
		print ""Term Frequency (TF) per document:\n"";
		foreach my $doc (sort keys %tf_per_doc) {
			my $tf = $tf_per_doc{$doc};
			my $doc_len = $docLength{$doc};
			my $normalized_tf = sprintf(""%.4f"", $tf / $doc_len);
			print ""  $doc: raw TF=$tf, normalized TF=$normalized_tf\n"";
		}
	}
}

#----------------------------------------------------------------------------------------------------#
# Subr"
deepseek,deepseek-ai/DeepSeek-V3.2:novita,perl,GPL-3.0,lib::perl::Genome::Model::Tools::BioSamtools::Breakdown.pm,214,0.2,0,0.17275747508305647,"        }
        my $header = $bam->header;
        my $n_targets = $header->n_targets;
        my $target_name = $header->target_name;
        my $target_len = $header->target_len;
        my $callback = sub {
            my $alignment = shift;
            my $found;
            my $tid = $alignment->tid;
            my $target = $target_name->[$tid];
            my $length = $target_len->[$tid];
            for my $tag (@TAGS) {
                if ($target =~ /^$tag/) {
                    $self->_update_totals( $alignment->query->dna, $tag );
                    $found = 1;
                }
            }
            unless($found) {
                $self->_update_totals( $alignment->query->dna, 'UNKNOWN' )
            }
            $total++;
        };
        for (my $tid = 0; $tid < $n_targets; $tid++) {
            my $length = $target_len->[$tid];
            $index->fetch($bam,$tid,0,$length-1,$callback);
        }
    }
    
    $self->_total($total);
    for my $tag (@TAGS) {
        $self->_print_category_report( $tag );
    }
    $self->_print_category_report( 'UNKNOWN' );
    $self->_tsv_fh->close;
    return 1;
}


sub _update_totals {
    my ($self, $seq, $type) = @_;
    my $annotation = $self->_annotation;
    $annotation->{ $type }->{total}++;
    my ($polyAT_count, $polyA_count, $polyT_count) = &_assess_homopolymer_runs( $seq );
    if ($polyAT_count > 0) { $annotation->{ $type }->{polyAT}++ }
    if ($polyA_count  > 0) { $annotation->{ $type }->{polyA}++  }
    if ($polyT_count  > 0) { $annotation->{ $type }->{polyT}++  }
    $self->_annotation($annotation);
    return 1;
}

sub _assess_homopolymer_runs {
    # Loose definition is a run of 10 or more A's or T's for ""long"" homopolymer
    # runs.
    my $seq = shift;
    map {$_ = 0 } my ($polyAT_count, $polyA_count, $polyT_count);
    if ($seq =~ /TTTTTTTTTT/i || $seq =~ /AAAAAAAAAA/i) {
        if ($seq =~ /TTTTTTTTTT/i && $seq =~ /AAAAAAAAAA/i) {
            $polyAT_count++;
        }
        elsif ($seq =~ /AAAAAAAAAA/i) {
            $polyA_count++;
        }
        elsif ($seq =~ /TTTTTTTTTT/i) {
            $polyT_count++;
        }
    }
    return ($polyAT_count, $polyA_count, $polyT_count);
}

sub _print_category_report {
    my $self = shift;
    my $category = shift;
    my $annotation = $self->_annotation;
    my ($percent_category_reads, $percent_polyAT, $percent_polyA, $percent_polyT);

    # Means that the category is un-populated, so set it to 0 strictly
    # for calculation purposes--i.e., won't throw an error.
    if (!$annotation->{ $category }->{total}) { $annotation->{ $category }->{total} = 0 }

    # Calculations:
    $percent_category_reads = (($annotation->{ $category }->{total}  / $self->_total) * 100);

    if ($annotation->{$category }->{polyAT}) {
	$percent_polyAT = ($annotation->{$category }->{polyAT} == 0) ? 0 : (($annotation->{ $category }->{polyAT} / $annotation->{ $category }->{total}) * 100);
    }
    else {
	$percent_polyAT = 0;
	$annotation->{$category }->{polyAT} = 0;
    }

    if ($annotation->{$category }->{polyA}) {
	$percent_polyA  = ($annotation->{$category }->{polyA}  == 0) ? 0 : (($annotation->{ $category }->{polyA}  / $annotation->{ $category }->{total}) * 100);
    }
    else {
	$percent_polyA = 0;
	$annotation->{$category }->{polyA} = 0;
    }

    if ($annotation->{$category }->{polyT}) {
	$percent_polyT = ($annotation->{$category }->{polyT}  == 0) ? 0 : (($annotation->{ $category }->{polyT}  / $annotation->{ $category }->{total}) * 100);
    }
    else {
	$percent_polyT = 0;
	$annotation->{$category }->{polyT} = 0;
    }

    # TAB-DELIMITED FIELDS:
    # [0]  category
    # [1]  # reads in category
    # [2]  # total reads
    # [3]  % category reads in total reads
    # [4]  # polyAT reads in category
    # [5]  % polyAT reads in category
    # [6]  # polyA  reads in category
    # [7]  % polyA  reads in category
    # [8]  # polyT  reads in category
    # [9]  % polyT  reads in category
    my $tsv_fh = $self->_tsv_fh;
    unless ($annotation->{ $category }->{total} == 0) {
	print $tsv_fh join (
            ""\t"",
            $category,
            $annotation->{ $category }->{total},
            $self->_total,
            sprintf( ""%.2f"", $percent_category_reads ),
            $annotation->{ $category }->{polyAT},
            sprintf( ""%.2f"", $percent_polyAT ),
            $annotation->{ $category }->{polyA},
            sprintf( ""%.2f"", $percent_polyA ),
            $annotation->{ $category }->{polyT},
            sprintf( ""%.2f"", $percent_polyT ),
        ) . ""\n"";
    }
    $self->_annotation($annotation);
    return 1;
}

__END__
1;","}
        my $header = $bam->header;
        my $target_count = $header->n_targets;
        for my $tid (0..$target_count-1) {
            my $target_name = $header->target_name($tid);
            my $callback = sub {
                my ($alignment, $data) = @_;
                my $annotation = $data->{annotation};
                my $total = $data->{total};
                $$total++;
                my $tag = $alignment->get_tag_values('XT');
                $annotation->{$tag}++;
            };
            my $data = { annotation => $annotation, total => \$total };
            $index->fetch($bam, $tid, 0, $header->target_len($tid), $callback, $data);
        }
    }
    $self->_annotation($annotation);
    $self->_total($total);
    $self->_print_tsv;
    $self->_tsv_fh->close;
    return 1;
}

sub _print_tsv {
    my $self = shift;
    my $fh = $self->_tsv_fh;
    my $annotation = $self->_annotation;
    my $total ="
deepseek,deepseek-ai/DeepSeek-V3.2:novita,perl,GPL-3.0,lib::perl::Genome::Model::Tools::BioSamtools::Breakdown.pm,214,0.4,0,0.16549295774647887,"        }
        my $header = $bam->header;
        my $n_targets = $header->n_targets;
        my $target_name = $header->target_name;
        my $target_len = $header->target_len;
        my $callback = sub {
            my $alignment = shift;
            my $found;
            my $tid = $alignment->tid;
            my $target = $target_name->[$tid];
            my $length = $target_len->[$tid];
            for my $tag (@TAGS) {
                if ($target =~ /^$tag/) {
                    $self->_update_totals( $alignment->query->dna, $tag );
                    $found = 1;
                }
            }
            unless($found) {
                $self->_update_totals( $alignment->query->dna, 'UNKNOWN' )
            }
            $total++;
        };
        for (my $tid = 0; $tid < $n_targets; $tid++) {
            my $length = $target_len->[$tid];
            $index->fetch($bam,$tid,0,$length-1,$callback);
        }
    }
    
    $self->_total($total);
    for my $tag (@TAGS) {
        $self->_print_category_report( $tag );
    }
    $self->_print_category_report( 'UNKNOWN' );
    $self->_tsv_fh->close;
    return 1;
}


sub _update_totals {
    my ($self, $seq, $type) = @_;
    my $annotation = $self->_annotation;
    $annotation->{ $type }->{total}++;
    my ($polyAT_count, $polyA_count, $polyT_count) = &_assess_homopolymer_runs( $seq );
    if ($polyAT_count > 0) { $annotation->{ $type }->{polyAT}++ }
    if ($polyA_count  > 0) { $annotation->{ $type }->{polyA}++  }
    if ($polyT_count  > 0) { $annotation->{ $type }->{polyT}++  }
    $self->_annotation($annotation);
    return 1;
}

sub _assess_homopolymer_runs {
    # Loose definition is a run of 10 or more A's or T's for ""long"" homopolymer
    # runs.
    my $seq = shift;
    map {$_ = 0 } my ($polyAT_count, $polyA_count, $polyT_count);
    if ($seq =~ /TTTTTTTTTT/i || $seq =~ /AAAAAAAAAA/i) {
        if ($seq =~ /TTTTTTTTTT/i && $seq =~ /AAAAAAAAAA/i) {
            $polyAT_count++;
        }
        elsif ($seq =~ /AAAAAAAAAA/i) {
            $polyA_count++;
        }
        elsif ($seq =~ /TTTTTTTTTT/i) {
            $polyT_count++;
        }
    }
    return ($polyAT_count, $polyA_count, $polyT_count);
}

sub _print_category_report {
    my $self = shift;
    my $category = shift;
    my $annotation = $self->_annotation;
    my ($percent_category_reads, $percent_polyAT, $percent_polyA, $percent_polyT);

    # Means that the category is un-populated, so set it to 0 strictly
    # for calculation purposes--i.e., won't throw an error.
    if (!$annotation->{ $category }->{total}) { $annotation->{ $category }->{total} = 0 }

    # Calculations:
    $percent_category_reads = (($annotation->{ $category }->{total}  / $self->_total) * 100);

    if ($annotation->{$category }->{polyAT}) {
	$percent_polyAT = ($annotation->{$category }->{polyAT} == 0) ? 0 : (($annotation->{ $category }->{polyAT} / $annotation->{ $category }->{total}) * 100);
    }
    else {
	$percent_polyAT = 0;
	$annotation->{$category }->{polyAT} = 0;
    }

    if ($annotation->{$category }->{polyA}) {
	$percent_polyA  = ($annotation->{$category }->{polyA}  == 0) ? 0 : (($annotation->{ $category }->{polyA}  / $annotation->{ $category }->{total}) * 100);
    }
    else {
	$percent_polyA = 0;
	$annotation->{$category }->{polyA} = 0;
    }

    if ($annotation->{$category }->{polyT}) {
	$percent_polyT = ($annotation->{$category }->{polyT}  == 0) ? 0 : (($annotation->{ $category }->{polyT}  / $annotation->{ $category }->{total}) * 100);
    }
    else {
	$percent_polyT = 0;
	$annotation->{$category }->{polyT} = 0;
    }

    # TAB-DELIMITED FIELDS:
    # [0]  category
    # [1]  # reads in category
    # [2]  # total reads
    # [3]  % category reads in total reads
    # [4]  # polyAT reads in category
    # [5]  % polyAT reads in category
    # [6]  # polyA  reads in category
    # [7]  % polyA  reads in category
    # [8]  # polyT  reads in category
    # [9]  % polyT  reads in category
    my $tsv_fh = $self->_tsv_fh;
    unless ($annotation->{ $category }->{total} == 0) {
	print $tsv_fh join (
            ""\t"",
            $category,
            $annotation->{ $category }->{total},
            $self->_total,
            sprintf( ""%.2f"", $percent_category_reads ),
            $annotation->{ $category }->{polyAT},
            sprintf( ""%.2f"", $percent_polyAT ),
            $annotation->{ $category }->{polyA},
            sprintf( ""%.2f"", $percent_polyA ),
            $annotation->{ $category }->{polyT},
            sprintf( ""%.2f"", $percent_polyT ),
        ) . ""\n"";
    }
    $self->_annotation($annotation);
    return 1;
}

__END__
1;","}
        my $header = $bam->header;
        my $targets = $header->n_targets;
        my $target_names = $header->target_name;
        for (my $tid = 0; $tid < $targets; $tid++) {
            my $seq_name = $target_names->[$tid];
            my $start = 0;
            my $end = $header->target_len->[$tid];
            my $iterator = $index->query($bam, $tid, $start, $end);
            while (my $aln = $iterator->next) {
                $total++;
                my $tags = $aln->aux;
                my $tag_hash = {};
                if ($tags) {
                    while (my ($tag, $type, $val) = $tags->get) {
                        $tag_hash->{$tag} = $val;
                    }
                }
                my @matched_tags;
                for my $tag (@TAGS) {
                    if (defined $tag_hash->{$tag}) {
                        push @matched_tags, $tag;
                    }
                }
                if (@matched_tags == 0) {
                    $annotation->{UNANNOTATED}++;"
deepseek,deepseek-ai/DeepSeek-V3.2:novita,perl,GPL-3.0,lib::perl::Genome::Model::Tools::BioSamtools::Breakdown.pm,214,0.8,0,0.19795221843003413,"        }
        my $header = $bam->header;
        my $n_targets = $header->n_targets;
        my $target_name = $header->target_name;
        my $target_len = $header->target_len;
        my $callback = sub {
            my $alignment = shift;
            my $found;
            my $tid = $alignment->tid;
            my $target = $target_name->[$tid];
            my $length = $target_len->[$tid];
            for my $tag (@TAGS) {
                if ($target =~ /^$tag/) {
                    $self->_update_totals( $alignment->query->dna, $tag );
                    $found = 1;
                }
            }
            unless($found) {
                $self->_update_totals( $alignment->query->dna, 'UNKNOWN' )
            }
            $total++;
        };
        for (my $tid = 0; $tid < $n_targets; $tid++) {
            my $length = $target_len->[$tid];
            $index->fetch($bam,$tid,0,$length-1,$callback);
        }
    }
    
    $self->_total($total);
    for my $tag (@TAGS) {
        $self->_print_category_report( $tag );
    }
    $self->_print_category_report( 'UNKNOWN' );
    $self->_tsv_fh->close;
    return 1;
}


sub _update_totals {
    my ($self, $seq, $type) = @_;
    my $annotation = $self->_annotation;
    $annotation->{ $type }->{total}++;
    my ($polyAT_count, $polyA_count, $polyT_count) = &_assess_homopolymer_runs( $seq );
    if ($polyAT_count > 0) { $annotation->{ $type }->{polyAT}++ }
    if ($polyA_count  > 0) { $annotation->{ $type }->{polyA}++  }
    if ($polyT_count  > 0) { $annotation->{ $type }->{polyT}++  }
    $self->_annotation($annotation);
    return 1;
}

sub _assess_homopolymer_runs {
    # Loose definition is a run of 10 or more A's or T's for ""long"" homopolymer
    # runs.
    my $seq = shift;
    map {$_ = 0 } my ($polyAT_count, $polyA_count, $polyT_count);
    if ($seq =~ /TTTTTTTTTT/i || $seq =~ /AAAAAAAAAA/i) {
        if ($seq =~ /TTTTTTTTTT/i && $seq =~ /AAAAAAAAAA/i) {
            $polyAT_count++;
        }
        elsif ($seq =~ /AAAAAAAAAA/i) {
            $polyA_count++;
        }
        elsif ($seq =~ /TTTTTTTTTT/i) {
            $polyT_count++;
        }
    }
    return ($polyAT_count, $polyA_count, $polyT_count);
}

sub _print_category_report {
    my $self = shift;
    my $category = shift;
    my $annotation = $self->_annotation;
    my ($percent_category_reads, $percent_polyAT, $percent_polyA, $percent_polyT);

    # Means that the category is un-populated, so set it to 0 strictly
    # for calculation purposes--i.e., won't throw an error.
    if (!$annotation->{ $category }->{total}) { $annotation->{ $category }->{total} = 0 }

    # Calculations:
    $percent_category_reads = (($annotation->{ $category }->{total}  / $self->_total) * 100);

    if ($annotation->{$category }->{polyAT}) {
	$percent_polyAT = ($annotation->{$category }->{polyAT} == 0) ? 0 : (($annotation->{ $category }->{polyAT} / $annotation->{ $category }->{total}) * 100);
    }
    else {
	$percent_polyAT = 0;
	$annotation->{$category }->{polyAT} = 0;
    }

    if ($annotation->{$category }->{polyA}) {
	$percent_polyA  = ($annotation->{$category }->{polyA}  == 0) ? 0 : (($annotation->{ $category }->{polyA}  / $annotation->{ $category }->{total}) * 100);
    }
    else {
	$percent_polyA = 0;
	$annotation->{$category }->{polyA} = 0;
    }

    if ($annotation->{$category }->{polyT}) {
	$percent_polyT = ($annotation->{$category }->{polyT}  == 0) ? 0 : (($annotation->{ $category }->{polyT}  / $annotation->{ $category }->{total}) * 100);
    }
    else {
	$percent_polyT = 0;
	$annotation->{$category }->{polyT} = 0;
    }

    # TAB-DELIMITED FIELDS:
    # [0]  category
    # [1]  # reads in category
    # [2]  # total reads
    # [3]  % category reads in total reads
    # [4]  # polyAT reads in category
    # [5]  % polyAT reads in category
    # [6]  # polyA  reads in category
    # [7]  % polyA  reads in category
    # [8]  # polyT  reads in category
    # [9]  % polyT  reads in category
    my $tsv_fh = $self->_tsv_fh;
    unless ($annotation->{ $category }->{total} == 0) {
	print $tsv_fh join (
            ""\t"",
            $category,
            $annotation->{ $category }->{total},
            $self->_total,
            sprintf( ""%.2f"", $percent_category_reads ),
            $annotation->{ $category }->{polyAT},
            sprintf( ""%.2f"", $percent_polyAT ),
            $annotation->{ $category }->{polyA},
            sprintf( ""%.2f"", $percent_polyA ),
            $annotation->{ $category }->{polyT},
            sprintf( ""%.2f"", $percent_polyT ),
        ) . ""\n"";
    }
    $self->_annotation($annotation);
    return 1;
}

__END__
1;","}
        my $header = $bam->header;
        my $targets = $header->n_targets;
        my $target_names = $header->target_name;
        for (my $tid = 0; $tid < $targets; $tid++) {
            my $seq_name = $target_names->[$tid];
            my $length = $header->target_len->[$tid];
            my $iter = $bam->query($seq_name, 0, $length);
            while (my $align = $iter->next) {
                $total++;
                my $tags = $align->get_tags;
                my $tag_string = join(',', @$tags);
                my $category = 'UNKNOWN';
                foreach my $tag (@TAGS) {
                    if ($tag_string =~ /\b$tag\b/) {
                        $category = $tag;
                        last;
                    }
                }
                $annotation->{$category}++;
            }
        }
    }
    $self->_annotation($annotation);
    $self->_total($total);
    $self->_write_tsv();
    $self->_tsv_fh->close;
    return 1;
}

sub _write_ts"
deepseek,deepseek-ai/DeepSeek-V3.2:novita,perl,GPL-3.0,util::support_scripts::fragment_coverage_writer.pl,99,0.2,0,0.06593406593406594,"		}
        		
		if (%scaffold_to_coverage && $scaff ne $current_scaff) {
			&report_coverage(\%scaffold_to_coverage);
			%scaffold_to_coverage = ();
		}
		
		$current_scaff = $scaff;
        
		&add_coverage($current_scaff, [$lend, $rend], \%scaffold_to_coverage);
		

	}

	if (%scaffold_to_coverage) {
		&report_coverage(\%scaffold_to_coverage);
	}
		

	exit(0);

}


####
sub report_coverage {
	my ($scaffold_to_coverage_href) = @_;
	
	## output the coverage information:
	foreach my $scaffold (sort keys %$scaffold_to_coverage_href) {
		
        unless (defined($scaffold) && $scaffold =~ /\w/) { next; }
        
		print ""variableStep chrom=$scaffold\n"";
		
		my @coverage = @{$scaffold_to_coverage_href->{$scaffold}};
		
		for (my $i = 1; $i <= $#coverage; $i++) {
			my $cov = $coverage[$i] || 0;
			
			print ""$i\t$cov\n"";
		}
		
	}
	
	return;
}


####
sub add_coverage {
	my ($scaffold, $coords_aref, $scaffold_to_coverage_href) = @_;
	
    my ($lend, $rend) = @$coords_aref;
	
    ## add coverage:
    for (my $i = $lend; $i <= $rend; $i++) {
        $scaffold_to_coverage_href->{$scaffold}->[$i]++;
    }
    

	return;
}
	","}
		
		if (! defined $current_scaff) {
			$current_scaff = $scaff;
		}
		
		if ($scaff ne $current_scaff) {
			# process the scaffold
			&write_scaffold_coverage($current_scaff, \%scaffold_to_coverage);
			
			# reset for next scaffold
			$current_scaff = $scaff;
			delete $scaffold_to_coverage{$scaff}; # clear previous scaffold data
		}
		
		# ensure coordinates are numeric and lend <= rend
		if ($lend > $rend) {
			($lend, $rend) = ($rend, $lend);
		}
		
		# increment coverage for each position in the fragment
		for (my $i = $lend; $i <= $rend; $i++) {
			$scaffold_to_coverage{$scaff}->[$i]++;
		}
	}
	
	close $fh;
	
	# process the last scaffold
	if (defined $current_scaff) {
		&write_scaffold_coverage($current_scaff, \%scaffold_to_coverage);"
deepseek,deepseek-ai/DeepSeek-V3.2:novita,perl,GPL-3.0,util::support_scripts::fragment_coverage_writer.pl,99,0.4,0,0.0594059405940594,"		}
        		
		if (%scaffold_to_coverage && $scaff ne $current_scaff) {
			&report_coverage(\%scaffold_to_coverage);
			%scaffold_to_coverage = ();
		}
		
		$current_scaff = $scaff;
        
		&add_coverage($current_scaff, [$lend, $rend], \%scaffold_to_coverage);
		

	}

	if (%scaffold_to_coverage) {
		&report_coverage(\%scaffold_to_coverage);
	}
		

	exit(0);

}


####
sub report_coverage {
	my ($scaffold_to_coverage_href) = @_;
	
	## output the coverage information:
	foreach my $scaffold (sort keys %$scaffold_to_coverage_href) {
		
        unless (defined($scaffold) && $scaffold =~ /\w/) { next; }
        
		print ""variableStep chrom=$scaffold\n"";
		
		my @coverage = @{$scaffold_to_coverage_href->{$scaffold}};
		
		for (my $i = 1; $i <= $#coverage; $i++) {
			my $cov = $coverage[$i] || 0;
			
			print ""$i\t$cov\n"";
		}
		
	}
	
	return;
}


####
sub add_coverage {
	my ($scaffold, $coords_aref, $scaffold_to_coverage_href) = @_;
	
    my ($lend, $rend) = @$coords_aref;
	
    ## add coverage:
    for (my $i = $lend; $i <= $rend; $i++) {
        $scaffold_to_coverage_href->{$scaffold}->[$i]++;
    }
    

	return;
}
	","}
		
		if (! defined $current_scaff || $current_scaff ne $scaff) {
			if (defined $current_scaff) {
				# flush coverage to file
				&write_scaffold_coverage($current_scaff, \%scaffold_to_coverage);
				delete $scaffold_to_coverage{$current_scaff};
			}
			$current_scaff = $scaff;
		}
		
		my $length = $rend - $lend + 1;
        if ($length < 0) {
            die ""Error, at line $counter, length < 0: lend=$lend, rend=$rend"";
        }
        
        # record coverage
        for (my $i = $lend; $i <= $rend; $i++) {
            $scaffold_to_coverage{$scaff}->[$i]++;
        }
        
    }
    close $fh;
    
    # flush last scaffold
    if (defined $current_scaff) {
        &write_scaffold_coverage($current_scaff, \%scaffold_to_coverage);
        delete $scaffold_to_coverage{$current_scaff};
    }
    
    print STDERR"
deepseek,deepseek-ai/DeepSeek-V3.2:novita,perl,GPL-3.0,util::support_scripts::fragment_coverage_writer.pl,99,0.8,0,0.057692307692307696,"		}
        		
		if (%scaffold_to_coverage && $scaff ne $current_scaff) {
			&report_coverage(\%scaffold_to_coverage);
			%scaffold_to_coverage = ();
		}
		
		$current_scaff = $scaff;
        
		&add_coverage($current_scaff, [$lend, $rend], \%scaffold_to_coverage);
		

	}

	if (%scaffold_to_coverage) {
		&report_coverage(\%scaffold_to_coverage);
	}
		

	exit(0);

}


####
sub report_coverage {
	my ($scaffold_to_coverage_href) = @_;
	
	## output the coverage information:
	foreach my $scaffold (sort keys %$scaffold_to_coverage_href) {
		
        unless (defined($scaffold) && $scaffold =~ /\w/) { next; }
        
		print ""variableStep chrom=$scaffold\n"";
		
		my @coverage = @{$scaffold_to_coverage_href->{$scaffold}};
		
		for (my $i = 1; $i <= $#coverage; $i++) {
			my $cov = $coverage[$i] || 0;
			
			print ""$i\t$cov\n"";
		}
		
	}
	
	return;
}


####
sub add_coverage {
	my ($scaffold, $coords_aref, $scaffold_to_coverage_href) = @_;
	
    my ($lend, $rend) = @$coords_aref;
	
    ## add coverage:
    for (my $i = $lend; $i <= $rend; $i++) {
        $scaffold_to_coverage_href->{$scaffold}->[$i]++;
    }
    

	return;
}
	","}

		if ( (! defined($current_scaff)) || $current_scaff ne $scaff) {
			if (defined($current_scaff)) {
				&write_coverage($current_scaff, \%scaffold_to_coverage);
			}
			$current_scaff = $scaff;
		}

		my ($start, $end) = sort {$a <=> $b} ($lend, $rend);
		for (my $i = $start; $i <= $end; $i++) {
			$scaffold_to_coverage{$scaff}->[$i]++;
		}
	}
	close $fh;

	if (defined($current_scaff)) {
		&write_coverage($current_scaff, \%scaffold_to_coverage);
	}
	
	print STDERR ""\nDone.\n"";
	
	exit(0);
}

sub write_coverage {
	my ($scaff, $coverage_href) = @_;

	my $cov_aref = $coverage_href->{$scaff};
	unless (ref $cov_aref) {
		die ""Error, no coverage array defined for scaffold: $scaff"";"
deepseek,deepseek-ai/DeepSeek-V3.2:novita,perl,GPL-3.0,fuse::keysyms.pl,471,0.2,0,0.0,"                         Control_L Control_R Alt_L Alt_R Meta_L Meta_R
                         Super_L Super_R Mode_switch Up Down Left Right
                         Insert Delete Home End Page_Up Page_Down KP_Enter
                         dead_circumflex ) },
	      translations => {
		  apostrophe  => 'QUOTE',
		  asciicircum => 'CARET',
		  bracketleft => 'LEFTBRACKET',
		  bracketright => 'RIGHTBRACKET',
		  exclam      => 'EXCLAIM',
		  Control_L   => 'LCTRL',	 
		  Control_R   => 'RCTRL',	 
		  equal       => 'EQUALS',
		  numbersign  => 'HASH',
		  Mode_switch => 'MENU',
		  Page_Up     => 'PAGEUP',
		  Page_Down   => 'PAGEDOWN',
		  parenleft   => 'LEFTPAREN',
		  parenright  => 'RIGHTPAREN',
	      },
	      unicode_translations => {
                  space       => ' ',
                  exclam      => '!',
                  dollar      => '$',
                  numbersign  => '#',
                  ampersand   => ""&"",
                  apostrophe  => ""'"",
                  asciitilde  => ""~"",
                  at          => ""@"",
                  backslash   => ""\\\\"",
                  braceleft   => ""{"",
                  braceright  => ""}"",
                  bracketleft => ""["",
                  bracketright => ""]"",
                  parenleft   => ""("",
                  parenright  => "")"",
                  percent     => ""%"",
                  question    => ""?"",
                  quotedbl    => '\\""',
                  asterisk    => ""*"",
                  plus        => ""+"",
                  comma       => ',',
                  minus       => '-',
                  period      => '.',
                  slash       => '/',
                  colon       => ':',
                  semicolon   => ';',
                  less        => '<',
                  equal       => '=',
                  greater     => '>',
                  asciicircum => '^',
                  bar         => '|',
                  underscore  => '_',
	      },
	      function => \&sdl_keysym,
	      unicode_function => \&sdl_unicode_keysym,
	    },

    svga => { headers => [ 'vgakeyboard.h' ],
	      max_length => 26,
	      skips => { map { $_ => 1 } qw( Hyper_L Hyper_R Super_L Super_R
                 dollar less greater exclam ampersand parenleft parenright
                 asterisk plus colon asciicircum dead_circumflex bar ) },
	      translations => {
		  Caps_Lock  => 'CAPSLOCK',
		  numbersign => 'BACKSLASH',
		  Return     => 'ENTER',
		  Delete     => 'REMOVE',
		  Left       => 'CURSORBLOCKLEFT',
		  Down       => 'CURSORBLOCKDOWN',
		  Up         => 'CURSORBLOCKUP',
		  Right      => 'CURSORBLOCKRIGHT',
		  KP_Enter   => 'KEYPADENTER',
	      },
	      function => \&svga_keysym,
	    },

    x    => { headers => [ 'X11/keysym.h' ],
	      max_length => 15,
	      skips => { },
	      translations => { },
	      function => sub ($) { ""XK_$_[0]"" },
	    },

    win32 => { headers => [ 'windows.h' ],
	      max_length => 16,
	      skips => { map { $_ => 1 } ( 'Shift_R','Control_R',
					   'Alt_R','Meta_R',
					   'Hyper_L','Hyper_R',
					   'Super_L','Super_R',
					   'KP_Enter',
					   'dollar','less','greater','exclam',
					   'ampersand','parenleft','parenright',
					   'asterisk','plus','colon','bar',
					   'braceleft','braceright','bracketleft','bracketright',
					   'apostrophe','asciicircum','dead_circumflex','asciitilde',
					   'at','backslash','comma','equal','minus','numbersign',
					   'percent','period','question','quotedbl',
					   'semicolon','slash','underscore',
					   'A' .. 'Z' ) },
	      translations => { 
		  BackSpace   => 'BACK',
		  Page_Up     => 'PRIOR',
		  Page_Down   => 'NEXT',
		  Caps_Lock   => 'CAPITAL',
	          Mode_switch => 'APPS',
	      },
	      function => \&win32_keysym
	    },
);

# Translation table for any UI which uses keyboard mode K_MEDIUMRAW
my @cooked_keysyms = (
    # 0x00
    undef, 'ESCAPE', '1', '2', '3', '4', '5', '6',
    '7', '8', '9', '0', 'MINUS', 'EQUAL', 'BACKSPACE', 'TAB',
    # 0x10
    'Q', 'W', 'E', 'R', 'T', 'Y', 'U', 'I',
    'O', 'P', 'BRACKETLEFT', 'BRACKETRIGHT', 'RETURN', 'CONTROL_L', 'A', 'S',
    # 0x20
    'D', 'F', 'G', 'H', 'J', 'K', 'L', 'SEMICOLON',
    'APOSTROPHE', 'GRAVE', 'SHIFT_L', 'NUMBERSIGN', 'Z', 'X', 'C', 'V',
    # 0x30
    'B', 'N', 'M', 'COMMA', 'PERIOD', 'SLASH', 'SHIFT_R', 'KB_MULTIPLY',
    'ALT_L', 'SPACE', 'CAPS_LOCK', 'F1', 'F2', 'F3', 'F4', 'F5',
    # 0x40
    'F6', 'F7', 'F8', 'F9', 'F10', 'NUM_LOCK', 'SCROLL_LOCK', 'KP_7',
    'KP_8', 'KP_9', 'KP_MINUS', 'KP_4', 'KP_5', 'KP_6', 'KP_PLUS', 'KP_1',
    # 0x50
    'KP_2', 'KP_3', 'KP_0', 'KP_DECIMAL', undef, undef, 'BACKSLASH', 'F11',
    'F12', undef, undef, undef, undef, undef, undef, undef,
    # 0x60
    'KP_ENTER', 'CONTROL_R', 'KP_DIVIDE', 'PRINT', 'ALT_R', undef, 'HOME','UP',
    'PAGE_UP', 'LEFT', 'RIGHT', 'END', 'DOWN', 'PAGE_DOWN', 'INSERT', 'DELETE',
    # 0x70
    undef, undef, undef, undef, undef, undef, undef, 'BREAK',
    undef, undef, undef, undef, undef, 'WIN_L', 'WIN_R', 'MENU'
);

my @keys;
while(<>) {

    next if /^\s*$/;
    next if /^\s*\#/;

    chomp;

    my( $keysym, $key1, $key2 ) = split /\s*,\s*/;

    push @keys, [ $keysym, $key1, $key2 ]

}

my $define = uc $ui;

print Fuse::GPL(
    'keysyms.c: UI keysym to Fuse input layer keysym mappings',
    ""2000-2007 Philip Kendall, Matan Ziv-Av, Russell Marks\n"" .
    ""                           Fredrick Meunier, Catalin Mihaila, Stuart Brady"" ),
    << ""CODE"";

/* This file is autogenerated from keysyms.dat by keysyms.pl.
   Do not edit unless you know what you're doing! */

#include <config.h>

CODE

# Comment to unbreak Emacs' perl mode

print << ""CODE"";

#include ""input.h""
#include ""keyboard.h""

CODE

# Comment to unbreak Emacs' perl mode

foreach my $header ( @{ $ui_data{$ui}{headers} } ) {
    print ""#include <$header>\n"";
}

print ""\nkeysyms_map_t keysyms_map[] = {\n\n"";

KEY:
foreach( @keys ) {

    my( $keysym ) = @$_;

    next if $ui_data{$ui}{skips}{$keysym};

    my $ui_keysym = $keysym;

    $ui_keysym = $ui_data{$ui}{translations}{$keysym} if
	$ui_data{$ui}{translations}{$keysym};

    $ui_keysym = $ui_data{$ui}{function}->( $ui_keysym );

    if( $ui eq 'svga' and $ui_keysym =~ /WIN$/ ) {
	print ""#ifdef $ui_keysym\n"";
    }

    if( $ui eq 'fb' ) {

	for( my $i = 0; $i <= $#cooked_keysyms; $i++ ) {
	    next unless defined $cooked_keysyms[$i] and
			$cooked_keysyms[$i] eq $ui_keysym;
	    printf ""  { %3i, INPUT_KEY_%-12s },\n"", $i, $keysym;
	    last;
	}

    } else {

	printf ""  { %-$ui_data{$ui}{max_length}s INPUT_KEY_%-12s },\n"",
            ""$ui_keysym,"", $keysym;

    }

    if( $ui eq 'svga' and $ui_keysym =~ /WIN$/ ) {
	print ""#endif                          /* #ifdef $keysym */\n"";
    }

}

print << ""CODE"";

  { 0, 0 }			/* End marker: DO NOT MOVE! */

};

CODE

if( $ui eq 'sdl' ) {

print ""\nkeysyms_map_t unicode_keysyms_map[] = {\n\n"";

    foreach( @keys ) {

        my( $keysym ) = @$_;

        next if $ui_data{$ui}{unicode_skips}{$keysym};

        my $ui_keysym = $keysym;

        $ui_keysym = $ui_data{$ui}{unicode_translations}{$keysym} if
            $ui_data{$ui}{unicode_translations}{$keysym};

        $ui_keysym = $ui_data{$ui}{unicode_function}->( $ui_keysym );

	printf ""  { %-$ui_data{$ui}{max_length}s INPUT_KEY_%-12s },\n"",
            ""$ui_keysym,"", $keysym;

    }

print << ""CODE"";

  { 0, 0 }			/* End marker: DO NOT MOVE! */

};

CODE
}

if( $ui eq 'win32' ) {

print << ""CODE"";
keysyms_map_t oem_keysyms_map[] = {

  { '&',             INPUT_KEY_ampersand    },
  { '\\'',            INPUT_KEY_apostrophe   },
  { '~',             INPUT_KEY_asciitilde   },
  { '*',             INPUT_KEY_asterisk     },
  { '\@',             INPUT_KEY_at           },
  { '\\\\',            INPUT_KEY_backslash    },
  { '|',             INPUT_KEY_bar          },
  { '{',             INPUT_KEY_braceleft    },
  { '}',             INPUT_KEY_braceright   },
  { '[',             INPUT_KEY_bracketleft  },
  { ']',             INPUT_KEY_bracketright },
  { ':',             INPUT_KEY_colon        },
  { ',',             INPUT_KEY_comma        },
  { '\$',             INPUT_KEY_dollar       },
  { '=',             INPUT_KEY_equal        },
  { '!',             INPUT_KEY_exclam       },
  { '>',             INPUT_KEY_greater      },
  { '<',             INPUT_KEY_less         },
  { '-',             INPUT_KEY_minus        },
  { '#',             INPUT_KEY_numbersign   },
  { '(',             INPUT_KEY_parenleft    },
  { ')',             INPUT_KEY_parenright   },
  { '%',             INPUT_KEY_percent      },
  { '.',             INPUT_KEY_period       },
  { '+',             INPUT_KEY_plus         },
  { '?',             INPUT_KEY_question     },
  { '""',             INPUT_KEY_quotedbl     },
  { ';',             INPUT_KEY_semicolon    },
  { '/',             INPUT_KEY_slash        },
  { '_',             INPUT_KEY_underscore   },

  { 0, 0 }			/* End marker: DO NOT MOVE! */

};

CODE
}","Control_L Control_R Alt_L Alt_R Meta_L Meta_R
                         Super_L Super_R KP_Enter Mode_switch ) },
	      function => \&sdl_keysym,
	      unicode_function => \&sdl_unicode_keysym,
	    },

    svga => { headers => [ 'svgalib/keysym.h' ],
	      max_length => 24,
	      skips => { map { $_ => 1 } ( 'Hyper_L','Hyper_R','Caps_Lock',
					   'Mode_switch' ) },
	      translations => { },
	      function => \&svga_keysym,
	    },

    win32 => { headers => [ 'windows.h' ],
	       max_length => 10,
	       skips => { map { $_ => 1 } ( 'Hyper_L','Hyper_R','Caps_Lock',
					     'Mode_switch' ) },
	       translations => { },
	       function => \&win32_keysym,
	     },

    x    => { headers => [ 'X11/keysym.h' ],
	      max_length => 16,
	      skips => { },
	      translations => { },
	      function => sub ($) { ""XK_$_[0]"" },"
deepseek,deepseek-ai/DeepSeek-V3.2:novita,perl,GPL-3.0,fuse::keysyms.pl,471,0.4,0,0.0,"                         Control_L Control_R Alt_L Alt_R Meta_L Meta_R
                         Super_L Super_R Mode_switch Up Down Left Right
                         Insert Delete Home End Page_Up Page_Down KP_Enter
                         dead_circumflex ) },
	      translations => {
		  apostrophe  => 'QUOTE',
		  asciicircum => 'CARET',
		  bracketleft => 'LEFTBRACKET',
		  bracketright => 'RIGHTBRACKET',
		  exclam      => 'EXCLAIM',
		  Control_L   => 'LCTRL',	 
		  Control_R   => 'RCTRL',	 
		  equal       => 'EQUALS',
		  numbersign  => 'HASH',
		  Mode_switch => 'MENU',
		  Page_Up     => 'PAGEUP',
		  Page_Down   => 'PAGEDOWN',
		  parenleft   => 'LEFTPAREN',
		  parenright  => 'RIGHTPAREN',
	      },
	      unicode_translations => {
                  space       => ' ',
                  exclam      => '!',
                  dollar      => '$',
                  numbersign  => '#',
                  ampersand   => ""&"",
                  apostrophe  => ""'"",
                  asciitilde  => ""~"",
                  at          => ""@"",
                  backslash   => ""\\\\"",
                  braceleft   => ""{"",
                  braceright  => ""}"",
                  bracketleft => ""["",
                  bracketright => ""]"",
                  parenleft   => ""("",
                  parenright  => "")"",
                  percent     => ""%"",
                  question    => ""?"",
                  quotedbl    => '\\""',
                  asterisk    => ""*"",
                  plus        => ""+"",
                  comma       => ',',
                  minus       => '-',
                  period      => '.',
                  slash       => '/',
                  colon       => ':',
                  semicolon   => ';',
                  less        => '<',
                  equal       => '=',
                  greater     => '>',
                  asciicircum => '^',
                  bar         => '|',
                  underscore  => '_',
	      },
	      function => \&sdl_keysym,
	      unicode_function => \&sdl_unicode_keysym,
	    },

    svga => { headers => [ 'vgakeyboard.h' ],
	      max_length => 26,
	      skips => { map { $_ => 1 } qw( Hyper_L Hyper_R Super_L Super_R
                 dollar less greater exclam ampersand parenleft parenright
                 asterisk plus colon asciicircum dead_circumflex bar ) },
	      translations => {
		  Caps_Lock  => 'CAPSLOCK',
		  numbersign => 'BACKSLASH',
		  Return     => 'ENTER',
		  Delete     => 'REMOVE',
		  Left       => 'CURSORBLOCKLEFT',
		  Down       => 'CURSORBLOCKDOWN',
		  Up         => 'CURSORBLOCKUP',
		  Right      => 'CURSORBLOCKRIGHT',
		  KP_Enter   => 'KEYPADENTER',
	      },
	      function => \&svga_keysym,
	    },

    x    => { headers => [ 'X11/keysym.h' ],
	      max_length => 15,
	      skips => { },
	      translations => { },
	      function => sub ($) { ""XK_$_[0]"" },
	    },

    win32 => { headers => [ 'windows.h' ],
	      max_length => 16,
	      skips => { map { $_ => 1 } ( 'Shift_R','Control_R',
					   'Alt_R','Meta_R',
					   'Hyper_L','Hyper_R',
					   'Super_L','Super_R',
					   'KP_Enter',
					   'dollar','less','greater','exclam',
					   'ampersand','parenleft','parenright',
					   'asterisk','plus','colon','bar',
					   'braceleft','braceright','bracketleft','bracketright',
					   'apostrophe','asciicircum','dead_circumflex','asciitilde',
					   'at','backslash','comma','equal','minus','numbersign',
					   'percent','period','question','quotedbl',
					   'semicolon','slash','underscore',
					   'A' .. 'Z' ) },
	      translations => { 
		  BackSpace   => 'BACK',
		  Page_Up     => 'PRIOR',
		  Page_Down   => 'NEXT',
		  Caps_Lock   => 'CAPITAL',
	          Mode_switch => 'APPS',
	      },
	      function => \&win32_keysym
	    },
);

# Translation table for any UI which uses keyboard mode K_MEDIUMRAW
my @cooked_keysyms = (
    # 0x00
    undef, 'ESCAPE', '1', '2', '3', '4', '5', '6',
    '7', '8', '9', '0', 'MINUS', 'EQUAL', 'BACKSPACE', 'TAB',
    # 0x10
    'Q', 'W', 'E', 'R', 'T', 'Y', 'U', 'I',
    'O', 'P', 'BRACKETLEFT', 'BRACKETRIGHT', 'RETURN', 'CONTROL_L', 'A', 'S',
    # 0x20
    'D', 'F', 'G', 'H', 'J', 'K', 'L', 'SEMICOLON',
    'APOSTROPHE', 'GRAVE', 'SHIFT_L', 'NUMBERSIGN', 'Z', 'X', 'C', 'V',
    # 0x30
    'B', 'N', 'M', 'COMMA', 'PERIOD', 'SLASH', 'SHIFT_R', 'KB_MULTIPLY',
    'ALT_L', 'SPACE', 'CAPS_LOCK', 'F1', 'F2', 'F3', 'F4', 'F5',
    # 0x40
    'F6', 'F7', 'F8', 'F9', 'F10', 'NUM_LOCK', 'SCROLL_LOCK', 'KP_7',
    'KP_8', 'KP_9', 'KP_MINUS', 'KP_4', 'KP_5', 'KP_6', 'KP_PLUS', 'KP_1',
    # 0x50
    'KP_2', 'KP_3', 'KP_0', 'KP_DECIMAL', undef, undef, 'BACKSLASH', 'F11',
    'F12', undef, undef, undef, undef, undef, undef, undef,
    # 0x60
    'KP_ENTER', 'CONTROL_R', 'KP_DIVIDE', 'PRINT', 'ALT_R', undef, 'HOME','UP',
    'PAGE_UP', 'LEFT', 'RIGHT', 'END', 'DOWN', 'PAGE_DOWN', 'INSERT', 'DELETE',
    # 0x70
    undef, undef, undef, undef, undef, undef, undef, 'BREAK',
    undef, undef, undef, undef, undef, 'WIN_L', 'WIN_R', 'MENU'
);

my @keys;
while(<>) {

    next if /^\s*$/;
    next if /^\s*\#/;

    chomp;

    my( $keysym, $key1, $key2 ) = split /\s*,\s*/;

    push @keys, [ $keysym, $key1, $key2 ]

}

my $define = uc $ui;

print Fuse::GPL(
    'keysyms.c: UI keysym to Fuse input layer keysym mappings',
    ""2000-2007 Philip Kendall, Matan Ziv-Av, Russell Marks\n"" .
    ""                           Fredrick Meunier, Catalin Mihaila, Stuart Brady"" ),
    << ""CODE"";

/* This file is autogenerated from keysyms.dat by keysyms.pl.
   Do not edit unless you know what you're doing! */

#include <config.h>

CODE

# Comment to unbreak Emacs' perl mode

print << ""CODE"";

#include ""input.h""
#include ""keyboard.h""

CODE

# Comment to unbreak Emacs' perl mode

foreach my $header ( @{ $ui_data{$ui}{headers} } ) {
    print ""#include <$header>\n"";
}

print ""\nkeysyms_map_t keysyms_map[] = {\n\n"";

KEY:
foreach( @keys ) {

    my( $keysym ) = @$_;

    next if $ui_data{$ui}{skips}{$keysym};

    my $ui_keysym = $keysym;

    $ui_keysym = $ui_data{$ui}{translations}{$keysym} if
	$ui_data{$ui}{translations}{$keysym};

    $ui_keysym = $ui_data{$ui}{function}->( $ui_keysym );

    if( $ui eq 'svga' and $ui_keysym =~ /WIN$/ ) {
	print ""#ifdef $ui_keysym\n"";
    }

    if( $ui eq 'fb' ) {

	for( my $i = 0; $i <= $#cooked_keysyms; $i++ ) {
	    next unless defined $cooked_keysyms[$i] and
			$cooked_keysyms[$i] eq $ui_keysym;
	    printf ""  { %3i, INPUT_KEY_%-12s },\n"", $i, $keysym;
	    last;
	}

    } else {

	printf ""  { %-$ui_data{$ui}{max_length}s INPUT_KEY_%-12s },\n"",
            ""$ui_keysym,"", $keysym;

    }

    if( $ui eq 'svga' and $ui_keysym =~ /WIN$/ ) {
	print ""#endif                          /* #ifdef $keysym */\n"";
    }

}

print << ""CODE"";

  { 0, 0 }			/* End marker: DO NOT MOVE! */

};

CODE

if( $ui eq 'sdl' ) {

print ""\nkeysyms_map_t unicode_keysyms_map[] = {\n\n"";

    foreach( @keys ) {

        my( $keysym ) = @$_;

        next if $ui_data{$ui}{unicode_skips}{$keysym};

        my $ui_keysym = $keysym;

        $ui_keysym = $ui_data{$ui}{unicode_translations}{$keysym} if
            $ui_data{$ui}{unicode_translations}{$keysym};

        $ui_keysym = $ui_data{$ui}{unicode_function}->( $ui_keysym );

	printf ""  { %-$ui_data{$ui}{max_length}s INPUT_KEY_%-12s },\n"",
            ""$ui_keysym,"", $keysym;

    }

print << ""CODE"";

  { 0, 0 }			/* End marker: DO NOT MOVE! */

};

CODE
}

if( $ui eq 'win32' ) {

print << ""CODE"";
keysyms_map_t oem_keysyms_map[] = {

  { '&',             INPUT_KEY_ampersand    },
  { '\\'',            INPUT_KEY_apostrophe   },
  { '~',             INPUT_KEY_asciitilde   },
  { '*',             INPUT_KEY_asterisk     },
  { '\@',             INPUT_KEY_at           },
  { '\\\\',            INPUT_KEY_backslash    },
  { '|',             INPUT_KEY_bar          },
  { '{',             INPUT_KEY_braceleft    },
  { '}',             INPUT_KEY_braceright   },
  { '[',             INPUT_KEY_bracketleft  },
  { ']',             INPUT_KEY_bracketright },
  { ':',             INPUT_KEY_colon        },
  { ',',             INPUT_KEY_comma        },
  { '\$',             INPUT_KEY_dollar       },
  { '=',             INPUT_KEY_equal        },
  { '!',             INPUT_KEY_exclam       },
  { '>',             INPUT_KEY_greater      },
  { '<',             INPUT_KEY_less         },
  { '-',             INPUT_KEY_minus        },
  { '#',             INPUT_KEY_numbersign   },
  { '(',             INPUT_KEY_parenleft    },
  { ')',             INPUT_KEY_parenright   },
  { '%',             INPUT_KEY_percent      },
  { '.',             INPUT_KEY_period       },
  { '+',             INPUT_KEY_plus         },
  { '?',             INPUT_KEY_question     },
  { '""',             INPUT_KEY_quotedbl     },
  { ';',             INPUT_KEY_semicolon    },
  { '/',             INPUT_KEY_slash        },
  { '_',             INPUT_KEY_underscore   },

  { 0, 0 }			/* End marker: DO NOT MOVE! */

};

CODE
}","Control_L Control_R Alt_L Alt_R Meta_L Meta_R Super_L Super_R
                         KP_0 KP_1 KP_2 KP_3 KP_4 KP_5 KP_6 KP_7 KP_8 KP_9
                         KP_Add KP_Subtract KP_Multiply KP_Divide KP_Decimal
                         KP_Enter KP_Equal Up Down Left Right Insert Delete
                         Home End Page_Up Page_Down Num_Lock Scroll_Lock
                         Pause Print Sys_Req Menu Break Multi_key
                         Mode_switch dead_circumflex ) },
	      function => \&sdl_keysym,
	      unicode_function => \&sdl_unicode_keysym,
	    },

    svga => { headers => [ 'svgalib/ug.h' ],
	      max_length => 24,
	      skips => { map { $_ => 1 } ( 'Hyper_L','Hyper_R','Caps_Lock',
					   'dead_circumflex' ) },
	      translations => { Mode_switch => 'AltGraph' },
	      function => \&svga_keysym,
	    },

    win32 => { headers => [ 'windows.h' ],
	       max_length => 16,"
deepseek,deepseek-ai/DeepSeek-V3.2:novita,perl,GPL-3.0,fuse::keysyms.pl,471,0.8,0,0.0,"                         Control_L Control_R Alt_L Alt_R Meta_L Meta_R
                         Super_L Super_R Mode_switch Up Down Left Right
                         Insert Delete Home End Page_Up Page_Down KP_Enter
                         dead_circumflex ) },
	      translations => {
		  apostrophe  => 'QUOTE',
		  asciicircum => 'CARET',
		  bracketleft => 'LEFTBRACKET',
		  bracketright => 'RIGHTBRACKET',
		  exclam      => 'EXCLAIM',
		  Control_L   => 'LCTRL',	 
		  Control_R   => 'RCTRL',	 
		  equal       => 'EQUALS',
		  numbersign  => 'HASH',
		  Mode_switch => 'MENU',
		  Page_Up     => 'PAGEUP',
		  Page_Down   => 'PAGEDOWN',
		  parenleft   => 'LEFTPAREN',
		  parenright  => 'RIGHTPAREN',
	      },
	      unicode_translations => {
                  space       => ' ',
                  exclam      => '!',
                  dollar      => '$',
                  numbersign  => '#',
                  ampersand   => ""&"",
                  apostrophe  => ""'"",
                  asciitilde  => ""~"",
                  at          => ""@"",
                  backslash   => ""\\\\"",
                  braceleft   => ""{"",
                  braceright  => ""}"",
                  bracketleft => ""["",
                  bracketright => ""]"",
                  parenleft   => ""("",
                  parenright  => "")"",
                  percent     => ""%"",
                  question    => ""?"",
                  quotedbl    => '\\""',
                  asterisk    => ""*"",
                  plus        => ""+"",
                  comma       => ',',
                  minus       => '-',
                  period      => '.',
                  slash       => '/',
                  colon       => ':',
                  semicolon   => ';',
                  less        => '<',
                  equal       => '=',
                  greater     => '>',
                  asciicircum => '^',
                  bar         => '|',
                  underscore  => '_',
	      },
	      function => \&sdl_keysym,
	      unicode_function => \&sdl_unicode_keysym,
	    },

    svga => { headers => [ 'vgakeyboard.h' ],
	      max_length => 26,
	      skips => { map { $_ => 1 } qw( Hyper_L Hyper_R Super_L Super_R
                 dollar less greater exclam ampersand parenleft parenright
                 asterisk plus colon asciicircum dead_circumflex bar ) },
	      translations => {
		  Caps_Lock  => 'CAPSLOCK',
		  numbersign => 'BACKSLASH',
		  Return     => 'ENTER',
		  Delete     => 'REMOVE',
		  Left       => 'CURSORBLOCKLEFT',
		  Down       => 'CURSORBLOCKDOWN',
		  Up         => 'CURSORBLOCKUP',
		  Right      => 'CURSORBLOCKRIGHT',
		  KP_Enter   => 'KEYPADENTER',
	      },
	      function => \&svga_keysym,
	    },

    x    => { headers => [ 'X11/keysym.h' ],
	      max_length => 15,
	      skips => { },
	      translations => { },
	      function => sub ($) { ""XK_$_[0]"" },
	    },

    win32 => { headers => [ 'windows.h' ],
	      max_length => 16,
	      skips => { map { $_ => 1 } ( 'Shift_R','Control_R',
					   'Alt_R','Meta_R',
					   'Hyper_L','Hyper_R',
					   'Super_L','Super_R',
					   'KP_Enter',
					   'dollar','less','greater','exclam',
					   'ampersand','parenleft','parenright',
					   'asterisk','plus','colon','bar',
					   'braceleft','braceright','bracketleft','bracketright',
					   'apostrophe','asciicircum','dead_circumflex','asciitilde',
					   'at','backslash','comma','equal','minus','numbersign',
					   'percent','period','question','quotedbl',
					   'semicolon','slash','underscore',
					   'A' .. 'Z' ) },
	      translations => { 
		  BackSpace   => 'BACK',
		  Page_Up     => 'PRIOR',
		  Page_Down   => 'NEXT',
		  Caps_Lock   => 'CAPITAL',
	          Mode_switch => 'APPS',
	      },
	      function => \&win32_keysym
	    },
);

# Translation table for any UI which uses keyboard mode K_MEDIUMRAW
my @cooked_keysyms = (
    # 0x00
    undef, 'ESCAPE', '1', '2', '3', '4', '5', '6',
    '7', '8', '9', '0', 'MINUS', 'EQUAL', 'BACKSPACE', 'TAB',
    # 0x10
    'Q', 'W', 'E', 'R', 'T', 'Y', 'U', 'I',
    'O', 'P', 'BRACKETLEFT', 'BRACKETRIGHT', 'RETURN', 'CONTROL_L', 'A', 'S',
    # 0x20
    'D', 'F', 'G', 'H', 'J', 'K', 'L', 'SEMICOLON',
    'APOSTROPHE', 'GRAVE', 'SHIFT_L', 'NUMBERSIGN', 'Z', 'X', 'C', 'V',
    # 0x30
    'B', 'N', 'M', 'COMMA', 'PERIOD', 'SLASH', 'SHIFT_R', 'KB_MULTIPLY',
    'ALT_L', 'SPACE', 'CAPS_LOCK', 'F1', 'F2', 'F3', 'F4', 'F5',
    # 0x40
    'F6', 'F7', 'F8', 'F9', 'F10', 'NUM_LOCK', 'SCROLL_LOCK', 'KP_7',
    'KP_8', 'KP_9', 'KP_MINUS', 'KP_4', 'KP_5', 'KP_6', 'KP_PLUS', 'KP_1',
    # 0x50
    'KP_2', 'KP_3', 'KP_0', 'KP_DECIMAL', undef, undef, 'BACKSLASH', 'F11',
    'F12', undef, undef, undef, undef, undef, undef, undef,
    # 0x60
    'KP_ENTER', 'CONTROL_R', 'KP_DIVIDE', 'PRINT', 'ALT_R', undef, 'HOME','UP',
    'PAGE_UP', 'LEFT', 'RIGHT', 'END', 'DOWN', 'PAGE_DOWN', 'INSERT', 'DELETE',
    # 0x70
    undef, undef, undef, undef, undef, undef, undef, 'BREAK',
    undef, undef, undef, undef, undef, 'WIN_L', 'WIN_R', 'MENU'
);

my @keys;
while(<>) {

    next if /^\s*$/;
    next if /^\s*\#/;

    chomp;

    my( $keysym, $key1, $key2 ) = split /\s*,\s*/;

    push @keys, [ $keysym, $key1, $key2 ]

}

my $define = uc $ui;

print Fuse::GPL(
    'keysyms.c: UI keysym to Fuse input layer keysym mappings',
    ""2000-2007 Philip Kendall, Matan Ziv-Av, Russell Marks\n"" .
    ""                           Fredrick Meunier, Catalin Mihaila, Stuart Brady"" ),
    << ""CODE"";

/* This file is autogenerated from keysyms.dat by keysyms.pl.
   Do not edit unless you know what you're doing! */

#include <config.h>

CODE

# Comment to unbreak Emacs' perl mode

print << ""CODE"";

#include ""input.h""
#include ""keyboard.h""

CODE

# Comment to unbreak Emacs' perl mode

foreach my $header ( @{ $ui_data{$ui}{headers} } ) {
    print ""#include <$header>\n"";
}

print ""\nkeysyms_map_t keysyms_map[] = {\n\n"";

KEY:
foreach( @keys ) {

    my( $keysym ) = @$_;

    next if $ui_data{$ui}{skips}{$keysym};

    my $ui_keysym = $keysym;

    $ui_keysym = $ui_data{$ui}{translations}{$keysym} if
	$ui_data{$ui}{translations}{$keysym};

    $ui_keysym = $ui_data{$ui}{function}->( $ui_keysym );

    if( $ui eq 'svga' and $ui_keysym =~ /WIN$/ ) {
	print ""#ifdef $ui_keysym\n"";
    }

    if( $ui eq 'fb' ) {

	for( my $i = 0; $i <= $#cooked_keysyms; $i++ ) {
	    next unless defined $cooked_keysyms[$i] and
			$cooked_keysyms[$i] eq $ui_keysym;
	    printf ""  { %3i, INPUT_KEY_%-12s },\n"", $i, $keysym;
	    last;
	}

    } else {

	printf ""  { %-$ui_data{$ui}{max_length}s INPUT_KEY_%-12s },\n"",
            ""$ui_keysym,"", $keysym;

    }

    if( $ui eq 'svga' and $ui_keysym =~ /WIN$/ ) {
	print ""#endif                          /* #ifdef $keysym */\n"";
    }

}

print << ""CODE"";

  { 0, 0 }			/* End marker: DO NOT MOVE! */

};

CODE

if( $ui eq 'sdl' ) {

print ""\nkeysyms_map_t unicode_keysyms_map[] = {\n\n"";

    foreach( @keys ) {

        my( $keysym ) = @$_;

        next if $ui_data{$ui}{unicode_skips}{$keysym};

        my $ui_keysym = $keysym;

        $ui_keysym = $ui_data{$ui}{unicode_translations}{$keysym} if
            $ui_data{$ui}{unicode_translations}{$keysym};

        $ui_keysym = $ui_data{$ui}{unicode_function}->( $ui_keysym );

	printf ""  { %-$ui_data{$ui}{max_length}s INPUT_KEY_%-12s },\n"",
            ""$ui_keysym,"", $keysym;

    }

print << ""CODE"";

  { 0, 0 }			/* End marker: DO NOT MOVE! */

};

CODE
}

if( $ui eq 'win32' ) {

print << ""CODE"";
keysyms_map_t oem_keysyms_map[] = {

  { '&',             INPUT_KEY_ampersand    },
  { '\\'',            INPUT_KEY_apostrophe   },
  { '~',             INPUT_KEY_asciitilde   },
  { '*',             INPUT_KEY_asterisk     },
  { '\@',             INPUT_KEY_at           },
  { '\\\\',            INPUT_KEY_backslash    },
  { '|',             INPUT_KEY_bar          },
  { '{',             INPUT_KEY_braceleft    },
  { '}',             INPUT_KEY_braceright   },
  { '[',             INPUT_KEY_bracketleft  },
  { ']',             INPUT_KEY_bracketright },
  { ':',             INPUT_KEY_colon        },
  { ',',             INPUT_KEY_comma        },
  { '\$',             INPUT_KEY_dollar       },
  { '=',             INPUT_KEY_equal        },
  { '!',             INPUT_KEY_exclam       },
  { '>',             INPUT_KEY_greater      },
  { '<',             INPUT_KEY_less         },
  { '-',             INPUT_KEY_minus        },
  { '#',             INPUT_KEY_numbersign   },
  { '(',             INPUT_KEY_parenleft    },
  { ')',             INPUT_KEY_parenright   },
  { '%',             INPUT_KEY_percent      },
  { '.',             INPUT_KEY_period       },
  { '+',             INPUT_KEY_plus         },
  { '?',             INPUT_KEY_question     },
  { '""',             INPUT_KEY_quotedbl     },
  { ';',             INPUT_KEY_semicolon    },
  { '/',             INPUT_KEY_slash        },
  { '_',             INPUT_KEY_underscore   },

  { 0, 0 }			/* End marker: DO NOT MOVE! */

};

CODE
}","Control_L Control_R Alt_L Alt_R Meta_L Meta_R
                         Super_L Super_R KP_Enter Mode_switch
                         Insert Home Prior Delete End Next
                         Up Left Down Right
                         Num_Lock KP_Multiply KP_Add KP_Separator KP_Subtract
                         KP_Decimal KP_Divide KP_0 KP_1 KP_2 KP_3 KP_4 KP_5
                         KP_6 KP_7 KP_8 KP_9 ) },
              unicode_function => \&sdl_unicode_keysym,
	      function => \&sdl_keysym
	    },

    svga => { headers => [ 'ui/svga/svga.h', 'ui/svga/scancodes.h' ],
	      max_length => 24,
	      skips => { },
	      translations => { Dead_circumflex => 'dead_carret',
				Dead_acute => 'dead_apostrophe',
				Dead_grave => 'dead_graveaccent',
				Dead_tilde => 'dead_tilde',
				Left => 'LEFT_ARROW',
				Up => 'UP_ARROW',
				Right => 'RIGHT_ARROW',
				Down => '"
deepseek,deepseek-ai/DeepSeek-V3.2:novita,perl,GPL-3.0,lib::Squatting::With::Coro::Debug.pm,100,0.2,0,0.0,"
Connect to Coro::Debug in another terminal

  socat readline unix:/tmp/squatting.with.coro.debug

A Coro::Debug session looks like this:

  > ps
                 PID SC  RSS USES Description              Where
           142161516 RC 245k   23 [main::]                 [Event.pm:164]
           142188912 -- 1404    4 [coro manager]           [Coro.pm:358]
           142189128 N-   84    0 [unblock_sub scheduler]  -
           142455240 N-   84    0 [Event idle process]     -
           146549540 -- 7340   14                          [HttpDaemon.pm:426]
           146549792 -- 2088    5                          [Continuity.pm:436]
           146552468 UC 3344    6 [Coro::Debug session]    [Coro.pm:257]

=head1 DESCRIPTION

Using this module in conjunction with a Squatting app that's running on top of
Continuity will provide you with a L<Coro::Debug> server that you can connect
to using tools like C<socat>.  This will let you inspect the state of your
Squatting app while its running.

=head1 CONFIG

=over 4

=item with.coro.debug.unix_domain_socket

This should be a string that represents the path of the Unix domain socket
that Coro::Debug will use.  If this option is not set, the default value
is F</tmp/squatting.with.coro.debug>.

B<Example>

  $CONFIG{'with.coro.debug.unix_domain_socket'} = '/tmp/coro-debug-socket';

=back

=head1 SEE ALSO

=head2 Perl Modules

L<Coro>,
L<Coro::Debug>,
L<Continuity>,
L<Squatting::On::Continuity>

=head2 socat

L<http://www.dest-unreach.org/socat/>

=cut

# Local Variables: ***
# mode: cperl ***
# indent-tabs-mode: nil ***
# cperl-close-paren-offset: -2 ***
# cperl-continued-statement-offset: 2 ***
# cperl-indent-level: 2 ***
# cperl-indent-parens-as-block: t ***
# cperl-tab-always-indent: nil ***
# End: ***
# vim:tabstop=8 softtabstop=2 shiftwidth=2 shiftround expandtab","$debug->run;
}

sub continue {
  my $app = shift;
  $app->next::method;
  $debug->run;
}

1;"
deepseek,deepseek-ai/DeepSeek-V3.2:novita,perl,GPL-3.0,lib::Squatting::With::Coro::Debug.pm,100,0.4,0,0.0,"
Connect to Coro::Debug in another terminal

  socat readline unix:/tmp/squatting.with.coro.debug

A Coro::Debug session looks like this:

  > ps
                 PID SC  RSS USES Description              Where
           142161516 RC 245k   23 [main::]                 [Event.pm:164]
           142188912 -- 1404    4 [coro manager]           [Coro.pm:358]
           142189128 N-   84    0 [unblock_sub scheduler]  -
           142455240 N-   84    0 [Event idle process]     -
           146549540 -- 7340   14                          [HttpDaemon.pm:426]
           146549792 -- 2088    5                          [Continuity.pm:436]
           146552468 UC 3344    6 [Coro::Debug session]    [Coro.pm:257]

=head1 DESCRIPTION

Using this module in conjunction with a Squatting app that's running on top of
Continuity will provide you with a L<Coro::Debug> server that you can connect
to using tools like C<socat>.  This will let you inspect the state of your
Squatting app while its running.

=head1 CONFIG

=over 4

=item with.coro.debug.unix_domain_socket

This should be a string that represents the path of the Unix domain socket
that Coro::Debug will use.  If this option is not set, the default value
is F</tmp/squatting.with.coro.debug>.

B<Example>

  $CONFIG{'with.coro.debug.unix_domain_socket'} = '/tmp/coro-debug-socket';

=back

=head1 SEE ALSO

=head2 Perl Modules

L<Coro>,
L<Coro::Debug>,
L<Continuity>,
L<Squatting::On::Continuity>

=head2 socat

L<http://www.dest-unreach.org/socat/>

=cut

# Local Variables: ***
# mode: cperl ***
# indent-tabs-mode: nil ***
# cperl-close-paren-offset: -2 ***
# cperl-continued-statement-offset: 2 ***
# cperl-indent-level: 2 ***
# cperl-indent-parens-as-block: t ***
# cperl-tab-always-indent: nil ***
# End: ***
# vim:tabstop=8 softtabstop=2 shiftwidth=2 shiftround expandtab","my $pid = $$;
  warn ""Coro::Debug socket opened at $path (pid: $pid)\n"";
  warn ""Connect with: coro-debug $path\n"";"
deepseek,deepseek-ai/DeepSeek-V3.2:novita,perl,GPL-3.0,lib::Squatting::With::Coro::Debug.pm,100,0.8,0,0.0,"
Connect to Coro::Debug in another terminal

  socat readline unix:/tmp/squatting.with.coro.debug

A Coro::Debug session looks like this:

  > ps
                 PID SC  RSS USES Description              Where
           142161516 RC 245k   23 [main::]                 [Event.pm:164]
           142188912 -- 1404    4 [coro manager]           [Coro.pm:358]
           142189128 N-   84    0 [unblock_sub scheduler]  -
           142455240 N-   84    0 [Event idle process]     -
           146549540 -- 7340   14                          [HttpDaemon.pm:426]
           146549792 -- 2088    5                          [Continuity.pm:436]
           146552468 UC 3344    6 [Coro::Debug session]    [Coro.pm:257]

=head1 DESCRIPTION

Using this module in conjunction with a Squatting app that's running on top of
Continuity will provide you with a L<Coro::Debug> server that you can connect
to using tools like C<socat>.  This will let you inspect the state of your
Squatting app while its running.

=head1 CONFIG

=over 4

=item with.coro.debug.unix_domain_socket

This should be a string that represents the path of the Unix domain socket
that Coro::Debug will use.  If this option is not set, the default value
is F</tmp/squatting.with.coro.debug>.

B<Example>

  $CONFIG{'with.coro.debug.unix_domain_socket'} = '/tmp/coro-debug-socket';

=back

=head1 SEE ALSO

=head2 Perl Modules

L<Coro>,
L<Coro::Debug>,
L<Continuity>,
L<Squatting::On::Continuity>

=head2 socat

L<http://www.dest-unreach.org/socat/>

=cut

# Local Variables: ***
# mode: cperl ***
# indent-tabs-mode: nil ***
# cperl-close-paren-offset: -2 ***
# cperl-continued-statement-offset: 2 ***
# cperl-indent-level: 2 ***
# cperl-indent-parens-as-block: t ***
# cperl-tab-always-indent: nil ***
# End: ***
# vim:tabstop=8 softtabstop=2 shiftwidth=2 shiftround expandtab","my $log = $debug->file(""&log"");
  $log->print(""pid $$ listening at '$path'"");

  # setup a debug console on STDIN/STDOUT if they're a tty
  if (-t STDIN && -t STDOUT) {
    our $console = Coro::Debug->new_console(\*STDIN, \*STDOUT);
    $console->cmd(""att"");
  }

  # also allow debugging via a unix socket
  my $debug_poller = async {
    while (1) {
      $debug->poll;
      cede;
    }
  };

  $debug_poller->desc(""Coro::Debug unix socket poller at $path"");
}

sub _call {
  my $c = shift;
  my $log = $debug;
  $log->ps;
  $c->next::method;
}"
deepseek,deepseek-ai/DeepSeek-V3.2:novita,perl,GPL-3.0,scripts::make-transliteration-table.pl,60,0.2,0,0.0,"#if (!$row) {
#	exit 1;
#}

sub new_trans {
    my $char_val = shift;

	my $t;
	if ($t = unidecode($char_val) and $t !~ /[?].*/) {
		return $t;
	}

    return ""?"";
}

binmode STDOUT, "":utf8"";

say <<EOF;
#
# A look up table to transliterate to ascii.
# Created with the Text::Unidecode module of perl
#
EOF

for (my $i = 0; $i < 256; $i++) {
	my $trans;
	
	my $c = $row * 256 + $i;
	$trans = new_trans(chr $c);

	my $char_name = sprintf(""U+%02x%02x"", $row, $i);
	if ($trans) {
		say sprintf(""%s %-12.12s # Character %c"", $char_name,
			$trans, $c);
	} else {
		say sprintf(""%s %-12.12s # Character %c"", $char_name, ""?"",
			$c);
	}
}","my $charinfo = charinfo(hex $row);
my $char = chr(hex $row);
my $unidecode = unidecode($char);

# Skip if the unidecode output is empty or undefined
next unless defined $unidecode && $unidecode ne '';

# Escape special characters for the Perl regex/transliteration table
$unidecode =~ s/([\\\-\]])/\\$1/g;

# Output the mapping in the format: start end replacement
# For a single row, start and end are the same.
say ""$row $row $unidecode"";"
deepseek,deepseek-ai/DeepSeek-V3.2:novita,perl,GPL-3.0,scripts::make-transliteration-table.pl,60,0.4,0,0.0,"#if (!$row) {
#	exit 1;
#}

sub new_trans {
    my $char_val = shift;

	my $t;
	if ($t = unidecode($char_val) and $t !~ /[?].*/) {
		return $t;
	}

    return ""?"";
}

binmode STDOUT, "":utf8"";

say <<EOF;
#
# A look up table to transliterate to ascii.
# Created with the Text::Unidecode module of perl
#
EOF

for (my $i = 0; $i < 256; $i++) {
	my $trans;
	
	my $c = $row * 256 + $i;
	$trans = new_trans(chr $c);

	my $char_name = sprintf(""U+%02x%02x"", $row, $i);
	if ($trans) {
		say sprintf(""%s %-12.12s # Character %c"", $char_name,
			$trans, $c);
	} else {
		say sprintf(""%s %-12.12s # Character %c"", $char_name, ""?"",
			$c);
	}
}","my $charinfo = charinfo(hex $row);
my $char = chr hex $row;
my $unidecode = unidecode($char);

# Skip if the unidecode output is empty or the same as the input
if (defined $unidecode && $unidecode ne '' && $unidecode ne $char) {
    # Escape backslashes and single quotes for C string literals
    $unidecode =~ s/\\/\\\\/g;
    $unidecode =~ s/'/\\'/g;
    # Output in the format: {0xXXXX, ""replacement""},
    printf qq({0x%s, ""%s""},\n), $row, $unidecode;
}"
deepseek,deepseek-ai/DeepSeek-V3.2:novita,perl,GPL-3.0,scripts::make-transliteration-table.pl,60,0.8,0,0.0,"#if (!$row) {
#	exit 1;
#}

sub new_trans {
    my $char_val = shift;

	my $t;
	if ($t = unidecode($char_val) and $t !~ /[?].*/) {
		return $t;
	}

    return ""?"";
}

binmode STDOUT, "":utf8"";

say <<EOF;
#
# A look up table to transliterate to ascii.
# Created with the Text::Unidecode module of perl
#
EOF

for (my $i = 0; $i < 256; $i++) {
	my $trans;
	
	my $c = $row * 256 + $i;
	$trans = new_trans(chr $c);

	my $char_name = sprintf(""U+%02x%02x"", $row, $i);
	if ($trans) {
		say sprintf(""%s %-12.12s # Character %c"", $char_name,
			$trans, $c);
	} else {
		say sprintf(""%s %-12.12s # Character %c"", $char_name, ""?"",
			$c);
	}
}","my $code = hex($row);
my $info = charinfo($code);
my $char = chr($code);
my $transliteration = unidecode($char);

# Handle the case where unidecode returns nothing
if (!defined $transliteration || $transliteration eq '') {
    $transliteration = '';
}

# Escape special characters in the transliteration for proper dumping
$transliteration =~ s/(['\\])/\\$1/g;

# Output the character and its transliteration in the required format
say ""'$char' => '$transliteration',"";"
deepseek,deepseek-ai/DeepSeek-V3.2:novita,perl,GPL-3.0,CODE::cgi-bin::WebObs::Dates.pm,371,0.2,0,0.0,"
eg. @calhtml = WebObs::Dates::Calendar(month=>'2012-12',ptri=>'Calendar',today=>'2012-12-31');

=cut

sub Calendar
{
	my @tod = localtime();
	my %HEBDO = readCfg(""$WEBOBS{HEBDO_CONF}"");
	my %KWARGS = @_;
	my $moisCalendrier = $KWARGS{month} ? $KWARGS{month} : strftime('%Y-%m',@tod);
	my $parametreTri   = $KWARGS{ptri}  ? $KWARGS{ptri}  : $HEBDO{DEFAULT_TRI};
	my $todayDate      = $KWARGS{today} ? $KWARGS{today} : strftime('%Y-%m-%d',@tod);
  	my (@contenu,$j,$s);
  
  	my $anneeCalendrier = substr($moisCalendrier,0,4);
	my @feries = readFeries(year=>$anneeCalendrier);
  	my $displayMoisCalendrier = l2u(qx(date -d ""$moisCalendrier-01"" +""\%B \%Y"")); chomp($displayMoisCalendrier);
  	my $moisPrecedent = qx(date -d ""$moisCalendrier-01 1 month ago"" +""\%Y-\%m"");
  	my $moisSuivant = qx(date -d ""$moisCalendrier-01 1 month"" +""\%Y-\%m"");
  	my $lundiCalendrier = WebObs::Dates::lundi(""$moisCalendrier-01"");
  
  	push(@contenu,""<TABLE class=\""calendar\""><TR>
  	<TH><B><A href=\""$HEBDO{CGI_SHOW}?tri=$parametreTri&date=$moisPrecedent\"">&lArr;</A></B></TH> 
  	<TH colspan=6><B><A href=\""$HEBDO{CGI_SHOW}?tri=$parametreTri&date=$moisCalendrier\"">$displayMoisCalendrier</A></B></TH>
  	<TH><B><A href=\""$HEBDO{CGI_SHOW}?tri=$parametreTri&date=$moisSuivant\"">&rArr;</A></B></TH>
  	</TR>\n<TR><TH></TH>"");
  	push(@contenu,""<TH>"".join(""</TH><TH>"",split(/,/,""$__{'hebdo_weekday_first_letter'}"")).""</TH>"");
  	# il faut balayer 6 semaines pour Ãªtre sÃ»r d'avoir le mois complet dans toutes les situations...
  	for (0..41) {
  		$j = qx(date -I -d ""$lundiCalendrier $_ days""); chomp($j);
  		if (($_ % 7) == 0) {
  			if (($_ != 0) && (substr($j,5,2) ne substr($moisCalendrier,5,2))) {
  				last;
  			} else {
  				#$s = qx(date -d ""$j"" +""\%W""); chomp($s);
  				# permet de choisir le nÂ° semaine suivant l'annÃ©e du calendrier (derniÃ¨re semaine Y ou premiÃ¨re semaine Y+1)
  				if (substr($j,0,4) != $anneeCalendrier) { $s = qx(date -d ""$j 6 days"" +%V); }
  				else { $s = qx(date -d ""$j"" +%V); }
  				chomp($s);
  				#push(@contenu,""</TR>\n<TR><TH class=\""CalendarWeek\"" onClick=\""window.location='$HEBDO{CGI_SHOW}?date=${anneeCalendrier}w$s'\"">$s</TH>"");
  				push(@contenu,""</TR>\n<TR><TH class=\""CalendarWeek\""><A href=\""$HEBDO{CGI_SHOW}?tri=$parametreTri&date=${anneeCalendrier}W$s\"">$s</A></TH>"");
  			}
  		}
  		if (substr($j,5,2) ne substr($moisCalendrier,5,2)) {
  			$s = ""class=\""CalendarOutMonth\"""";
  		} else {
  			$s = ""class=\""CalendarInMonth\"""";
  			if (($_%7) >= 5) { $s = ""class=\""CalendarWeekend\""""; }
  			my @jf = grep(/$j/,@feries);
  			if (@jf and length($jf[0]) > 0) {
  				my ($dd,$ss) = split(/\|/,$jf[0]);
  				chomp($ss);
  				$ss =~ s/\'/&rsquo;/g;
  				$ss =~ s/\""/&quot;/g;
  				$s = ""class=\""CalendarFerie\"" onMouseOut=\""nd()\"" onMouseOver=\""overlib('$__{Holiday}: <b>$ss</b>')\"""";
  			}
  		}
  		if ($j eq $todayDate) { $s = ""class=\""CalendarToday\""""; }
  		push(@contenu,""<TD $s onClick=\""window.location='$HEBDO{CGI_SHOW}?tri=$parametreTri&date=$j'\"">"".sprintf(""%1.0f"",substr($j,8,2)).""</TD>"");
  	}
  	push(@contenu,""</TR></TABLE>"");
  
  	return @contenu;
}

=pod

=head2 DCalendar

returns an array of html code to display a month calendar, handling daysoff.
Newer version of Calendar function.  

 @calhtml = WebObs::Dates::DCalendar(month=>""2012-12"",url=>/cgi-bin/somecgi.pl?arg1=""foo""&arg2=""bar""');

 @calhtml = WebObs::Dates::DCalendar(url=>'/cgi-bin/showHEBDO.pl?tri=""Calendar""');

=cut

sub DCalendar {
	my @tod     = localtime();
	my %KWARGS  = @_;
	my ($nowY, $nowM, $nowD) = split(/ /,strftime('%Y %m %d',@tod));
	my ($YY, $MM, $DD) = $KWARGS{month} ? split(/-/,""$KWARGS{month}-01"") : ($nowY, $nowM, $nowD );
	my $url = $KWARGS{url} ? $KWARGS{url} : """";
	my @feries = readFeries(year=>$YY);
  	my (@html,$w);
  
  	my $DOW1  = qx(date -d ""$YY-$MM-01"" +'%u'); chomp($DOW1);
  	my $nextM = ($MM == 12) ?  1 : sprintf(""%02d"",$MM+1); my $nextY = $YY+1 ;
  	my $prevM = ($MM == 1)  ? 12 : sprintf(""%02d"",$MM-1); my $prevY = $YY-1 ;
	my $days  = qx(date -d ""$nextY-$nextM-1 yesterday"" +'%d'); chomp($days);
  	my $th1 = qx(date -d ""$YY-$MM-01"" '+%b %Y'); chomp($th1);
	my $th2 = qx(locale -k LC_TIME | awk 'BEGIN {FS="";""} /^abday=/ { for(i=2;i<=7;i++){ printf ""%2.2s "",\$i}; printf ""%2.2s"",substr(\$1,8,2)}') ;
	chomp($th2);

	push(@html,""<table class=\""Dcalnd\""><tr class=\""t1\""><th><A href=\""$url&date=$prevY-$MM\"">&laquo;</A>"");
	push(@html,""<th><A href=\""$url&date=$YY-$prevM\"">&lsaquo;</A><th colspan=4>$th1"");
	push(@html,""<th><A href=\""$url&date=$YY-$nextM\"">&rsaquo;</A><th><A href=\""$url&date=$nextY-$MM\"">&raquo;</A></tr>\n"");
	push(@html,""<tr class=\""t2\""><th><th colspan=7>$th2</tr>\n"");
	
	$w = qx(date -d ""$YY-$MM-01"" +'%-V'); chomp($w);
	push(@html,sprintf(""<tr><td class=\""week\""><A href=\""$url&date=${YY}W%02d\"">%02d</A>"",$w,$w));
	
	for (my $ix = 1; $ix <= $DOW1-1; $ix++) { push(@html,""<td>"") }

	my $ixW = $DOW1; my $ixM = 1;
	while ( $ixM <= $days ) {
		my $class=""""; my $hattr="""";
		my $aDay = sprintf(""$YY-$MM-%02s"",$ixM);
		if ( $aDay eq ""$nowY-$nowM-$nowD"" ) { $class .= ""today "" }
		if (($ixW%8) >= 6) { $class .= ""SD ""; } 
		my @jf = grep(/$aDay/,@feries);
		if (@jf and length($jf[0]) > 0) {
			my ($dd,$ss) = split(/\|/,$jf[0]); chomp($ss);
			$ss =~ s/\'/&rsquo;/g; $ss =~ s/\""/&quot;/g;
			$class .= ""off ""; 
			$hattr = ""onMouseOut=\""nd()\"" onMouseOver=\""overlib('$__{Holiday}: <b>$ss</b>')\"" "";
		}
		
		push(@html,sprintf(""<td class=\""%s\"" %s><A href=\""$url&date=${aDay}\"">%2d</A>"",$class,$hattr,$ixM)); 
		if ( ++$ixM <= $days ) {
			if ( $ixW >= 7 ) {
				$w = qx(date -d ""$YY-$MM-$ixM"" +'%-V'); chomp($w);
				push(@html,sprintf(""\n<tr><td class=\""week\""><A href=\""$url&date=${YY}W%02d\"">%02d  </A>"",$w,$w));
				$ixW = 0;
			}
		}
		$ixW++;
	}
	for (my $ix = 1; $ix <= 8-$ixW; $ix++) { push(@html,""<td>"") }
	push(@html,""</tr></table>"");
	return @html;
}

#fixJul added ymdhms2s

=pod

=head2 ymdhms2s

ymdhms2s(from-date)

returns the number of seconds since the Epoch, 1970-01-01 00:00:00 +0000 (UTC) from YYYY-MM-DD[HH:MM:SS] date string.
Any character is accepted as from-date delimiters, but these must be present.
HH:MM:SS is optional and defaults 00:00:00.
from-date is treated as local timestamp (ie. conversion is using Time::Local::localtime).
ymdhms returns -1 if from-date cannot be parsed.

eg. $secs = ymdhms2s('2012-09-15');  # $secs = 1347660000, equivalent to qx(date -d 2012-09-15 '+%s')

eg. $secs = WebObs::Dates::ymdhms2s('2012-09-15 10:25:02')  # secs = 1347697502

=cut

sub ymdhms2s 
{
	my($s) = @_;
	my($year, $month, $day, $hour, $minute, $second);

	if ($s =~ m{^\s*(\d{1,4})\W*0*(\d{1,2})\W*0*(\d{1,2})\W*0*(\d{0,2})\W*0*(\d{0,2})\W*0*(\d{0,2})}x) {
		$year = $1;  $month = $2;   $day = $3;
		$hour = $4;  $minute = $5;  $second = $6;
		$hour ||= 0;  $minute ||= 0;  $second ||= 0;   # default hms = 00:00:00
		$year = ($year<100 ? ($year<70 ? 2000+$year : 1900+$year) : $year);
		return timelocal($second,$minute,$hour,$day,$month-1,$year);  
	}
	return -1;
}

=pod

=head2 lundi

returns ISO date of the last monday before the given date YYYY-MM-DD (or YYYY/MM/DD)

eg. $monday = lundi('2012-09-14');  # $monday = 2012-09-10 

=cut

sub lundi
{
	my ($y,$m,$d) = split(/[-\/]/,shift);
	
	my $j = strftime('%w',0,0,0,$d,$m-1,$y-1900);
	$j = ($j+6)%7;
	my $lundi = strftime('%Y-%m-%d',localtime(timelocal(0,0,0,$d,$m-1,$y-1900) - $j*86400));
	chomp($lundi);
	
	return $lundi;
}

=pod

=head2 weton 

=cut

sub weton {
	my ($year,$month,$day) = split(/-/,shift);

	my @pasaran = ('Pon','Wagé','Kliwon','Legi','Pahing');
	my @minggu = ('Senèn','Selasa','Rebo','Kemis','Jemuwah','Setu','Akad');

	my $sec = strftime('%s',0,0,0,$day,$month-1,$year-1900) - strftime('%s',0,0,0,1,0,70);
	my $ndays = int($sec/86400) + 3500*35;
	my $p = ($ndays+1)%5;
	my $m = ($ndays+3)%7;
	
	#return l2u(sprintf(""%s %s"",$minggu[$m],$pasaran[$p]));
	return sprintf(""%s %s"",$minggu[$m],$pasaran[$p]);
}

1;

__END__

=pod

=head1 AUTHOR

François Beauducel, Didier Lafon  

=head1 COPYRIGHT

Webobs - 2012-2014 - Institut de Physique du Globe Paris

This program is free software: you can redistribute it and/or modify
it under the terms of the GNU General Public License as published by
the Free Software Foundation, either version 3 of the License, or
(at your option) any later version.

This program is distributed in the hope that it will be useful,
but WITHOUT ANY WARRANTY; without even the implied warranty of
MERCHANTABILITY or FITNESS FOR A PARTICULAR PURPOSE.  See the
GNU General Public License for more details.

You should have received a copy of the GNU General Public License
along with this program.  If not, see <http://www.gnu.org/licenses/>.

=cut","Month defaults to current year-month
ptri defaults to 'Calendar' , but can be 'hebdo', i.e. prefix of a URL-tri string appended to each day's link
today is used to highlight a specific day (defaults to current date).

=cut

sub Calendar 
{
	my %KWARGS = @_;
	my $today;
	my $yearmon = $KWARGS{month} ? $KWARGS{month} : strftime('%Y-%m',localtime());
	my $ptri = $KWARGS{ptri} ? $KWARGS{ptri} : 'Calendar';
	my $todaydate = $KWARGS{today} ? $KWARGS{today} : strftime('%Y-%m-%d',localtime());
	my ($tyy,$tmm, $tday) = split(/-/,$todaydate);
	my ($myy,$mmon) = split(/-/,$yearmon);
	
	my @calhtml;
	my @jferies = readFeries(conf=>$WEBO"
deepseek,deepseek-ai/DeepSeek-V3.2:novita,perl,GPL-3.0,CODE::cgi-bin::WebObs::Dates.pm,371,0.4,0,0.043010752688172046,"
eg. @calhtml = WebObs::Dates::Calendar(month=>'2012-12',ptri=>'Calendar',today=>'2012-12-31');

=cut

sub Calendar
{
	my @tod = localtime();
	my %HEBDO = readCfg(""$WEBOBS{HEBDO_CONF}"");
	my %KWARGS = @_;
	my $moisCalendrier = $KWARGS{month} ? $KWARGS{month} : strftime('%Y-%m',@tod);
	my $parametreTri   = $KWARGS{ptri}  ? $KWARGS{ptri}  : $HEBDO{DEFAULT_TRI};
	my $todayDate      = $KWARGS{today} ? $KWARGS{today} : strftime('%Y-%m-%d',@tod);
  	my (@contenu,$j,$s);
  
  	my $anneeCalendrier = substr($moisCalendrier,0,4);
	my @feries = readFeries(year=>$anneeCalendrier);
  	my $displayMoisCalendrier = l2u(qx(date -d ""$moisCalendrier-01"" +""\%B \%Y"")); chomp($displayMoisCalendrier);
  	my $moisPrecedent = qx(date -d ""$moisCalendrier-01 1 month ago"" +""\%Y-\%m"");
  	my $moisSuivant = qx(date -d ""$moisCalendrier-01 1 month"" +""\%Y-\%m"");
  	my $lundiCalendrier = WebObs::Dates::lundi(""$moisCalendrier-01"");
  
  	push(@contenu,""<TABLE class=\""calendar\""><TR>
  	<TH><B><A href=\""$HEBDO{CGI_SHOW}?tri=$parametreTri&date=$moisPrecedent\"">&lArr;</A></B></TH> 
  	<TH colspan=6><B><A href=\""$HEBDO{CGI_SHOW}?tri=$parametreTri&date=$moisCalendrier\"">$displayMoisCalendrier</A></B></TH>
  	<TH><B><A href=\""$HEBDO{CGI_SHOW}?tri=$parametreTri&date=$moisSuivant\"">&rArr;</A></B></TH>
  	</TR>\n<TR><TH></TH>"");
  	push(@contenu,""<TH>"".join(""</TH><TH>"",split(/,/,""$__{'hebdo_weekday_first_letter'}"")).""</TH>"");
  	# il faut balayer 6 semaines pour Ãªtre sÃ»r d'avoir le mois complet dans toutes les situations...
  	for (0..41) {
  		$j = qx(date -I -d ""$lundiCalendrier $_ days""); chomp($j);
  		if (($_ % 7) == 0) {
  			if (($_ != 0) && (substr($j,5,2) ne substr($moisCalendrier,5,2))) {
  				last;
  			} else {
  				#$s = qx(date -d ""$j"" +""\%W""); chomp($s);
  				# permet de choisir le nÂ° semaine suivant l'annÃ©e du calendrier (derniÃ¨re semaine Y ou premiÃ¨re semaine Y+1)
  				if (substr($j,0,4) != $anneeCalendrier) { $s = qx(date -d ""$j 6 days"" +%V); }
  				else { $s = qx(date -d ""$j"" +%V); }
  				chomp($s);
  				#push(@contenu,""</TR>\n<TR><TH class=\""CalendarWeek\"" onClick=\""window.location='$HEBDO{CGI_SHOW}?date=${anneeCalendrier}w$s'\"">$s</TH>"");
  				push(@contenu,""</TR>\n<TR><TH class=\""CalendarWeek\""><A href=\""$HEBDO{CGI_SHOW}?tri=$parametreTri&date=${anneeCalendrier}W$s\"">$s</A></TH>"");
  			}
  		}
  		if (substr($j,5,2) ne substr($moisCalendrier,5,2)) {
  			$s = ""class=\""CalendarOutMonth\"""";
  		} else {
  			$s = ""class=\""CalendarInMonth\"""";
  			if (($_%7) >= 5) { $s = ""class=\""CalendarWeekend\""""; }
  			my @jf = grep(/$j/,@feries);
  			if (@jf and length($jf[0]) > 0) {
  				my ($dd,$ss) = split(/\|/,$jf[0]);
  				chomp($ss);
  				$ss =~ s/\'/&rsquo;/g;
  				$ss =~ s/\""/&quot;/g;
  				$s = ""class=\""CalendarFerie\"" onMouseOut=\""nd()\"" onMouseOver=\""overlib('$__{Holiday}: <b>$ss</b>')\"""";
  			}
  		}
  		if ($j eq $todayDate) { $s = ""class=\""CalendarToday\""""; }
  		push(@contenu,""<TD $s onClick=\""window.location='$HEBDO{CGI_SHOW}?tri=$parametreTri&date=$j'\"">"".sprintf(""%1.0f"",substr($j,8,2)).""</TD>"");
  	}
  	push(@contenu,""</TR></TABLE>"");
  
  	return @contenu;
}

=pod

=head2 DCalendar

returns an array of html code to display a month calendar, handling daysoff.
Newer version of Calendar function.  

 @calhtml = WebObs::Dates::DCalendar(month=>""2012-12"",url=>/cgi-bin/somecgi.pl?arg1=""foo""&arg2=""bar""');

 @calhtml = WebObs::Dates::DCalendar(url=>'/cgi-bin/showHEBDO.pl?tri=""Calendar""');

=cut

sub DCalendar {
	my @tod     = localtime();
	my %KWARGS  = @_;
	my ($nowY, $nowM, $nowD) = split(/ /,strftime('%Y %m %d',@tod));
	my ($YY, $MM, $DD) = $KWARGS{month} ? split(/-/,""$KWARGS{month}-01"") : ($nowY, $nowM, $nowD );
	my $url = $KWARGS{url} ? $KWARGS{url} : """";
	my @feries = readFeries(year=>$YY);
  	my (@html,$w);
  
  	my $DOW1  = qx(date -d ""$YY-$MM-01"" +'%u'); chomp($DOW1);
  	my $nextM = ($MM == 12) ?  1 : sprintf(""%02d"",$MM+1); my $nextY = $YY+1 ;
  	my $prevM = ($MM == 1)  ? 12 : sprintf(""%02d"",$MM-1); my $prevY = $YY-1 ;
	my $days  = qx(date -d ""$nextY-$nextM-1 yesterday"" +'%d'); chomp($days);
  	my $th1 = qx(date -d ""$YY-$MM-01"" '+%b %Y'); chomp($th1);
	my $th2 = qx(locale -k LC_TIME | awk 'BEGIN {FS="";""} /^abday=/ { for(i=2;i<=7;i++){ printf ""%2.2s "",\$i}; printf ""%2.2s"",substr(\$1,8,2)}') ;
	chomp($th2);

	push(@html,""<table class=\""Dcalnd\""><tr class=\""t1\""><th><A href=\""$url&date=$prevY-$MM\"">&laquo;</A>"");
	push(@html,""<th><A href=\""$url&date=$YY-$prevM\"">&lsaquo;</A><th colspan=4>$th1"");
	push(@html,""<th><A href=\""$url&date=$YY-$nextM\"">&rsaquo;</A><th><A href=\""$url&date=$nextY-$MM\"">&raquo;</A></tr>\n"");
	push(@html,""<tr class=\""t2\""><th><th colspan=7>$th2</tr>\n"");
	
	$w = qx(date -d ""$YY-$MM-01"" +'%-V'); chomp($w);
	push(@html,sprintf(""<tr><td class=\""week\""><A href=\""$url&date=${YY}W%02d\"">%02d</A>"",$w,$w));
	
	for (my $ix = 1; $ix <= $DOW1-1; $ix++) { push(@html,""<td>"") }

	my $ixW = $DOW1; my $ixM = 1;
	while ( $ixM <= $days ) {
		my $class=""""; my $hattr="""";
		my $aDay = sprintf(""$YY-$MM-%02s"",$ixM);
		if ( $aDay eq ""$nowY-$nowM-$nowD"" ) { $class .= ""today "" }
		if (($ixW%8) >= 6) { $class .= ""SD ""; } 
		my @jf = grep(/$aDay/,@feries);
		if (@jf and length($jf[0]) > 0) {
			my ($dd,$ss) = split(/\|/,$jf[0]); chomp($ss);
			$ss =~ s/\'/&rsquo;/g; $ss =~ s/\""/&quot;/g;
			$class .= ""off ""; 
			$hattr = ""onMouseOut=\""nd()\"" onMouseOver=\""overlib('$__{Holiday}: <b>$ss</b>')\"" "";
		}
		
		push(@html,sprintf(""<td class=\""%s\"" %s><A href=\""$url&date=${aDay}\"">%2d</A>"",$class,$hattr,$ixM)); 
		if ( ++$ixM <= $days ) {
			if ( $ixW >= 7 ) {
				$w = qx(date -d ""$YY-$MM-$ixM"" +'%-V'); chomp($w);
				push(@html,sprintf(""\n<tr><td class=\""week\""><A href=\""$url&date=${YY}W%02d\"">%02d  </A>"",$w,$w));
				$ixW = 0;
			}
		}
		$ixW++;
	}
	for (my $ix = 1; $ix <= 8-$ixW; $ix++) { push(@html,""<td>"") }
	push(@html,""</tr></table>"");
	return @html;
}

#fixJul added ymdhms2s

=pod

=head2 ymdhms2s

ymdhms2s(from-date)

returns the number of seconds since the Epoch, 1970-01-01 00:00:00 +0000 (UTC) from YYYY-MM-DD[HH:MM:SS] date string.
Any character is accepted as from-date delimiters, but these must be present.
HH:MM:SS is optional and defaults 00:00:00.
from-date is treated as local timestamp (ie. conversion is using Time::Local::localtime).
ymdhms returns -1 if from-date cannot be parsed.

eg. $secs = ymdhms2s('2012-09-15');  # $secs = 1347660000, equivalent to qx(date -d 2012-09-15 '+%s')

eg. $secs = WebObs::Dates::ymdhms2s('2012-09-15 10:25:02')  # secs = 1347697502

=cut

sub ymdhms2s 
{
	my($s) = @_;
	my($year, $month, $day, $hour, $minute, $second);

	if ($s =~ m{^\s*(\d{1,4})\W*0*(\d{1,2})\W*0*(\d{1,2})\W*0*(\d{0,2})\W*0*(\d{0,2})\W*0*(\d{0,2})}x) {
		$year = $1;  $month = $2;   $day = $3;
		$hour = $4;  $minute = $5;  $second = $6;
		$hour ||= 0;  $minute ||= 0;  $second ||= 0;   # default hms = 00:00:00
		$year = ($year<100 ? ($year<70 ? 2000+$year : 1900+$year) : $year);
		return timelocal($second,$minute,$hour,$day,$month-1,$year);  
	}
	return -1;
}

=pod

=head2 lundi

returns ISO date of the last monday before the given date YYYY-MM-DD (or YYYY/MM/DD)

eg. $monday = lundi('2012-09-14');  # $monday = 2012-09-10 

=cut

sub lundi
{
	my ($y,$m,$d) = split(/[-\/]/,shift);
	
	my $j = strftime('%w',0,0,0,$d,$m-1,$y-1900);
	$j = ($j+6)%7;
	my $lundi = strftime('%Y-%m-%d',localtime(timelocal(0,0,0,$d,$m-1,$y-1900) - $j*86400));
	chomp($lundi);
	
	return $lundi;
}

=pod

=head2 weton 

=cut

sub weton {
	my ($year,$month,$day) = split(/-/,shift);

	my @pasaran = ('Pon','Wagé','Kliwon','Legi','Pahing');
	my @minggu = ('Senèn','Selasa','Rebo','Kemis','Jemuwah','Setu','Akad');

	my $sec = strftime('%s',0,0,0,$day,$month-1,$year-1900) - strftime('%s',0,0,0,1,0,70);
	my $ndays = int($sec/86400) + 3500*35;
	my $p = ($ndays+1)%5;
	my $m = ($ndays+3)%7;
	
	#return l2u(sprintf(""%s %s"",$minggu[$m],$pasaran[$p]));
	return sprintf(""%s %s"",$minggu[$m],$pasaran[$p]);
}

1;

__END__

=pod

=head1 AUTHOR

François Beauducel, Didier Lafon  

=head1 COPYRIGHT

Webobs - 2012-2014 - Institut de Physique du Globe Paris

This program is free software: you can redistribute it and/or modify
it under the terms of the GNU General Public License as published by
the Free Software Foundation, either version 3 of the License, or
(at your option) any later version.

This program is distributed in the hope that it will be useful,
but WITHOUT ANY WARRANTY; without even the implied warranty of
MERCHANTABILITY or FITNESS FOR A PARTICULAR PURPOSE.  See the
GNU General Public License for more details.

You should have received a copy of the GNU General Public License
along with this program.  If not, see <http://www.gnu.org/licenses/>.

=cut","my @calhtml = Calendar(@_);
    return @calhtml;
}

sub Calendar {
    my %params = @_;
    my $month = $params{month} || strftime('%Y-%m', localtime());
    my $ptri = $params{ptri} || '';
    my $today = $params{today} || strftime('%Y-%m-%d', localtime());
    my $lang = $params{lang} || 'fr';

    # Validate month format and extract year/month
    my ($year, $month_num) = $month =~ /^(\d{4})-(\d{2})$/;
    die ""Invalid month format: $month"" unless $year && $month_num;
    $month_num = int($month_num);  # Remove leading zero

    # Get days off for the year
    my @feries = readFeries(year => $year);

    # Build a hash for quick lookup of day-off names
    my %daysoff;
    foreach my $f (@feries) {
        next unless $f;
        my ($d, $n) = split /\|/, $f;
        $daysoff{$d} = $n"
deepseek,deepseek-ai/DeepSeek-V3.2:novita,perl,GPL-3.0,CODE::cgi-bin::WebObs::Dates.pm,371,0.8,0,0.047619047619047616,"
eg. @calhtml = WebObs::Dates::Calendar(month=>'2012-12',ptri=>'Calendar',today=>'2012-12-31');

=cut

sub Calendar
{
	my @tod = localtime();
	my %HEBDO = readCfg(""$WEBOBS{HEBDO_CONF}"");
	my %KWARGS = @_;
	my $moisCalendrier = $KWARGS{month} ? $KWARGS{month} : strftime('%Y-%m',@tod);
	my $parametreTri   = $KWARGS{ptri}  ? $KWARGS{ptri}  : $HEBDO{DEFAULT_TRI};
	my $todayDate      = $KWARGS{today} ? $KWARGS{today} : strftime('%Y-%m-%d',@tod);
  	my (@contenu,$j,$s);
  
  	my $anneeCalendrier = substr($moisCalendrier,0,4);
	my @feries = readFeries(year=>$anneeCalendrier);
  	my $displayMoisCalendrier = l2u(qx(date -d ""$moisCalendrier-01"" +""\%B \%Y"")); chomp($displayMoisCalendrier);
  	my $moisPrecedent = qx(date -d ""$moisCalendrier-01 1 month ago"" +""\%Y-\%m"");
  	my $moisSuivant = qx(date -d ""$moisCalendrier-01 1 month"" +""\%Y-\%m"");
  	my $lundiCalendrier = WebObs::Dates::lundi(""$moisCalendrier-01"");
  
  	push(@contenu,""<TABLE class=\""calendar\""><TR>
  	<TH><B><A href=\""$HEBDO{CGI_SHOW}?tri=$parametreTri&date=$moisPrecedent\"">&lArr;</A></B></TH> 
  	<TH colspan=6><B><A href=\""$HEBDO{CGI_SHOW}?tri=$parametreTri&date=$moisCalendrier\"">$displayMoisCalendrier</A></B></TH>
  	<TH><B><A href=\""$HEBDO{CGI_SHOW}?tri=$parametreTri&date=$moisSuivant\"">&rArr;</A></B></TH>
  	</TR>\n<TR><TH></TH>"");
  	push(@contenu,""<TH>"".join(""</TH><TH>"",split(/,/,""$__{'hebdo_weekday_first_letter'}"")).""</TH>"");
  	# il faut balayer 6 semaines pour Ãªtre sÃ»r d'avoir le mois complet dans toutes les situations...
  	for (0..41) {
  		$j = qx(date -I -d ""$lundiCalendrier $_ days""); chomp($j);
  		if (($_ % 7) == 0) {
  			if (($_ != 0) && (substr($j,5,2) ne substr($moisCalendrier,5,2))) {
  				last;
  			} else {
  				#$s = qx(date -d ""$j"" +""\%W""); chomp($s);
  				# permet de choisir le nÂ° semaine suivant l'annÃ©e du calendrier (derniÃ¨re semaine Y ou premiÃ¨re semaine Y+1)
  				if (substr($j,0,4) != $anneeCalendrier) { $s = qx(date -d ""$j 6 days"" +%V); }
  				else { $s = qx(date -d ""$j"" +%V); }
  				chomp($s);
  				#push(@contenu,""</TR>\n<TR><TH class=\""CalendarWeek\"" onClick=\""window.location='$HEBDO{CGI_SHOW}?date=${anneeCalendrier}w$s'\"">$s</TH>"");
  				push(@contenu,""</TR>\n<TR><TH class=\""CalendarWeek\""><A href=\""$HEBDO{CGI_SHOW}?tri=$parametreTri&date=${anneeCalendrier}W$s\"">$s</A></TH>"");
  			}
  		}
  		if (substr($j,5,2) ne substr($moisCalendrier,5,2)) {
  			$s = ""class=\""CalendarOutMonth\"""";
  		} else {
  			$s = ""class=\""CalendarInMonth\"""";
  			if (($_%7) >= 5) { $s = ""class=\""CalendarWeekend\""""; }
  			my @jf = grep(/$j/,@feries);
  			if (@jf and length($jf[0]) > 0) {
  				my ($dd,$ss) = split(/\|/,$jf[0]);
  				chomp($ss);
  				$ss =~ s/\'/&rsquo;/g;
  				$ss =~ s/\""/&quot;/g;
  				$s = ""class=\""CalendarFerie\"" onMouseOut=\""nd()\"" onMouseOver=\""overlib('$__{Holiday}: <b>$ss</b>')\"""";
  			}
  		}
  		if ($j eq $todayDate) { $s = ""class=\""CalendarToday\""""; }
  		push(@contenu,""<TD $s onClick=\""window.location='$HEBDO{CGI_SHOW}?tri=$parametreTri&date=$j'\"">"".sprintf(""%1.0f"",substr($j,8,2)).""</TD>"");
  	}
  	push(@contenu,""</TR></TABLE>"");
  
  	return @contenu;
}

=pod

=head2 DCalendar

returns an array of html code to display a month calendar, handling daysoff.
Newer version of Calendar function.  

 @calhtml = WebObs::Dates::DCalendar(month=>""2012-12"",url=>/cgi-bin/somecgi.pl?arg1=""foo""&arg2=""bar""');

 @calhtml = WebObs::Dates::DCalendar(url=>'/cgi-bin/showHEBDO.pl?tri=""Calendar""');

=cut

sub DCalendar {
	my @tod     = localtime();
	my %KWARGS  = @_;
	my ($nowY, $nowM, $nowD) = split(/ /,strftime('%Y %m %d',@tod));
	my ($YY, $MM, $DD) = $KWARGS{month} ? split(/-/,""$KWARGS{month}-01"") : ($nowY, $nowM, $nowD );
	my $url = $KWARGS{url} ? $KWARGS{url} : """";
	my @feries = readFeries(year=>$YY);
  	my (@html,$w);
  
  	my $DOW1  = qx(date -d ""$YY-$MM-01"" +'%u'); chomp($DOW1);
  	my $nextM = ($MM == 12) ?  1 : sprintf(""%02d"",$MM+1); my $nextY = $YY+1 ;
  	my $prevM = ($MM == 1)  ? 12 : sprintf(""%02d"",$MM-1); my $prevY = $YY-1 ;
	my $days  = qx(date -d ""$nextY-$nextM-1 yesterday"" +'%d'); chomp($days);
  	my $th1 = qx(date -d ""$YY-$MM-01"" '+%b %Y'); chomp($th1);
	my $th2 = qx(locale -k LC_TIME | awk 'BEGIN {FS="";""} /^abday=/ { for(i=2;i<=7;i++){ printf ""%2.2s "",\$i}; printf ""%2.2s"",substr(\$1,8,2)}') ;
	chomp($th2);

	push(@html,""<table class=\""Dcalnd\""><tr class=\""t1\""><th><A href=\""$url&date=$prevY-$MM\"">&laquo;</A>"");
	push(@html,""<th><A href=\""$url&date=$YY-$prevM\"">&lsaquo;</A><th colspan=4>$th1"");
	push(@html,""<th><A href=\""$url&date=$YY-$nextM\"">&rsaquo;</A><th><A href=\""$url&date=$nextY-$MM\"">&raquo;</A></tr>\n"");
	push(@html,""<tr class=\""t2\""><th><th colspan=7>$th2</tr>\n"");
	
	$w = qx(date -d ""$YY-$MM-01"" +'%-V'); chomp($w);
	push(@html,sprintf(""<tr><td class=\""week\""><A href=\""$url&date=${YY}W%02d\"">%02d</A>"",$w,$w));
	
	for (my $ix = 1; $ix <= $DOW1-1; $ix++) { push(@html,""<td>"") }

	my $ixW = $DOW1; my $ixM = 1;
	while ( $ixM <= $days ) {
		my $class=""""; my $hattr="""";
		my $aDay = sprintf(""$YY-$MM-%02s"",$ixM);
		if ( $aDay eq ""$nowY-$nowM-$nowD"" ) { $class .= ""today "" }
		if (($ixW%8) >= 6) { $class .= ""SD ""; } 
		my @jf = grep(/$aDay/,@feries);
		if (@jf and length($jf[0]) > 0) {
			my ($dd,$ss) = split(/\|/,$jf[0]); chomp($ss);
			$ss =~ s/\'/&rsquo;/g; $ss =~ s/\""/&quot;/g;
			$class .= ""off ""; 
			$hattr = ""onMouseOut=\""nd()\"" onMouseOver=\""overlib('$__{Holiday}: <b>$ss</b>')\"" "";
		}
		
		push(@html,sprintf(""<td class=\""%s\"" %s><A href=\""$url&date=${aDay}\"">%2d</A>"",$class,$hattr,$ixM)); 
		if ( ++$ixM <= $days ) {
			if ( $ixW >= 7 ) {
				$w = qx(date -d ""$YY-$MM-$ixM"" +'%-V'); chomp($w);
				push(@html,sprintf(""\n<tr><td class=\""week\""><A href=\""$url&date=${YY}W%02d\"">%02d  </A>"",$w,$w));
				$ixW = 0;
			}
		}
		$ixW++;
	}
	for (my $ix = 1; $ix <= 8-$ixW; $ix++) { push(@html,""<td>"") }
	push(@html,""</tr></table>"");
	return @html;
}

#fixJul added ymdhms2s

=pod

=head2 ymdhms2s

ymdhms2s(from-date)

returns the number of seconds since the Epoch, 1970-01-01 00:00:00 +0000 (UTC) from YYYY-MM-DD[HH:MM:SS] date string.
Any character is accepted as from-date delimiters, but these must be present.
HH:MM:SS is optional and defaults 00:00:00.
from-date is treated as local timestamp (ie. conversion is using Time::Local::localtime).
ymdhms returns -1 if from-date cannot be parsed.

eg. $secs = ymdhms2s('2012-09-15');  # $secs = 1347660000, equivalent to qx(date -d 2012-09-15 '+%s')

eg. $secs = WebObs::Dates::ymdhms2s('2012-09-15 10:25:02')  # secs = 1347697502

=cut

sub ymdhms2s 
{
	my($s) = @_;
	my($year, $month, $day, $hour, $minute, $second);

	if ($s =~ m{^\s*(\d{1,4})\W*0*(\d{1,2})\W*0*(\d{1,2})\W*0*(\d{0,2})\W*0*(\d{0,2})\W*0*(\d{0,2})}x) {
		$year = $1;  $month = $2;   $day = $3;
		$hour = $4;  $minute = $5;  $second = $6;
		$hour ||= 0;  $minute ||= 0;  $second ||= 0;   # default hms = 00:00:00
		$year = ($year<100 ? ($year<70 ? 2000+$year : 1900+$year) : $year);
		return timelocal($second,$minute,$hour,$day,$month-1,$year);  
	}
	return -1;
}

=pod

=head2 lundi

returns ISO date of the last monday before the given date YYYY-MM-DD (or YYYY/MM/DD)

eg. $monday = lundi('2012-09-14');  # $monday = 2012-09-10 

=cut

sub lundi
{
	my ($y,$m,$d) = split(/[-\/]/,shift);
	
	my $j = strftime('%w',0,0,0,$d,$m-1,$y-1900);
	$j = ($j+6)%7;
	my $lundi = strftime('%Y-%m-%d',localtime(timelocal(0,0,0,$d,$m-1,$y-1900) - $j*86400));
	chomp($lundi);
	
	return $lundi;
}

=pod

=head2 weton 

=cut

sub weton {
	my ($year,$month,$day) = split(/-/,shift);

	my @pasaran = ('Pon','Wagé','Kliwon','Legi','Pahing');
	my @minggu = ('Senèn','Selasa','Rebo','Kemis','Jemuwah','Setu','Akad');

	my $sec = strftime('%s',0,0,0,$day,$month-1,$year-1900) - strftime('%s',0,0,0,1,0,70);
	my $ndays = int($sec/86400) + 3500*35;
	my $p = ($ndays+1)%5;
	my $m = ($ndays+3)%7;
	
	#return l2u(sprintf(""%s %s"",$minggu[$m],$pasaran[$p]));
	return sprintf(""%s %s"",$minggu[$m],$pasaran[$p]);
}

1;

__END__

=pod

=head1 AUTHOR

François Beauducel, Didier Lafon  

=head1 COPYRIGHT

Webobs - 2012-2014 - Institut de Physique du Globe Paris

This program is free software: you can redistribute it and/or modify
it under the terms of the GNU General Public License as published by
the Free Software Foundation, either version 3 of the License, or
(at your option) any later version.

This program is distributed in the hope that it will be useful,
but WITHOUT ANY WARRANTY; without even the implied warranty of
MERCHANTABILITY or FITNESS FOR A PARTICULAR PURPOSE.  See the
GNU General Public License for more details.

You should have received a copy of the GNU General Public License
along with this program.  If not, see <http://www.gnu.org/licenses/>.

=cut","sub Calendar {
	my %KWARGS = @_;
	my $month = $KWARGS{month};  # Format YYYY-MM
	my $ptri  = $KWARGS{ptri} ? $KWARGS{ptri} : ""Calendar"";
	my $today = $KWARGS{today} ? $KWARGS{today} : strftime(""%Y-%m-%d"", localtime());
	my $lang  = $KWARGS{lang}  ? $KWARGS{lang}  : $WEBOBS{LOCALE} ? $WEBOBS{LOCALE} : ""fr"";
	my $html  = $KWARGS{html}  ? $KWARGS{html}  : 0;   # return raw data if false

	my $y = substr($month,0,4);
	my $m = substr($month,5,2);

	my @daysoff = readFeries(year=>$y);   # get days-off for the year
	my %offdays = ();
	foreach (@daysoff) {
		next if ($_ eq """");
		my ($d,$n) = split"
deepseek,deepseek-ai/DeepSeek-V3.2:novita,perl,GPL-3.0,Driver-ASE::Driver_ASE_Lib::Driver_ASE_Scripts::0_Download_SNPArray_Table_From_GDC.pl,345,0.2,0,0.01680672268907563,"my $Geno_CNV_table = ""$cancer_type.$array_type.id2uuid.txt"";



$parsing->check_directory_existence(""$database_path""); #check if directories or files exist



my @cancer;

if ($cancer_type =~ /,/)

{

    @cancer = split("","",$cancer_type);

}

else

{

   @cancer = $cancer_type; 

}



mkdir ""$Driver_ASE_Dir/Analysis"" unless(-d ""$Driver_ASE_Dir/Analysis"");



chdir $Analysispath;



`mkdir -p ""$Table_Dir""`;



chdir $Table_Dir;



foreach my $cancer_type (@cancer)

{

    $cancer_type = $parsing->check_cancer_type($database_path,$cancer_type);

    next unless (defined $cancer_type);

    

    `mkdir $Analysispath/$cancer_type` unless(-d ""$Analysispath/$cancer_type"");

    

    if (!(-f ""$Analysispath/$cancer_type/$tables/$Geno_CNV_table""))

    {

        #gets the manifest file from gdc and gets the UUIDs from it

        #gdc_parser(cancer type(e.g. OV),type of data (Genotyping array),data type)

        $dwnld->gdc_parser($cancer_type,$Exp_Strategy,$array_type);

        if ($array_type eq ""Copy number estimate"")

        {

            open (my $tangent,""$cancer_type.$array_type.result.txt"");

            open (my $out,"">$cancer_type\_tangent.txt"");

            my @tanarray = <$tangent>;

            chomp(@tanarray);

            close ($tangent);

            @tanarray = grep{/tangent/}@tanarray;

            foreach (@tanarray)

            {

                print $out ""$_\n"";

            }

            close ($out);

            #metadata_collect(tangent.txt file,output file)

            $dwnld->metadata_collect(""$cancer_type\_tangent.txt"",""$cancer_type\_$array_type\_Payload.txt"");

        }

        #This filter only gets birdseed files. This is mainly for cancer types that have files that are not just birdseed

        elsif ($array_type eq ""Genotypes"")

        {

            open (my $birdseed,""$cancer_type.$array_type.result.txt"");

            open (my $out,"">$cancer_type\_birdseed.txt"");

            my @birdseedarray = <$birdseed>;

            chomp(@birdseedarray);

            close ($birdseed);

            @birdseedarray = grep{/birdseed/}@birdseedarray;

            foreach (@birdseedarray)

            {

                print $out ""$_\n"";

            }

            close ($out);

            #puts the UUIDs in a payload file which will be used for the curl command

            #metadata_collect(birdseed.txt file,output file)

            $dwnld->metadata_collect(""$cancer_type\_birdseed.txt"",""$cancer_type\_$array_type\_Payload.txt"");

        }

        `curl --request POST --header \'Content-Type: application/json\' --data \@\'$cancer_type\_$array_type\_Payload.txt\' \'https://api.gdc.cancer.gov/v0/legacy/files\' > \'$cancer_type\_$array_type.metadata.txt\'`;

        #matches UUID and TCGA ID

        #The columns of each cancer type may be different

        #QueryBase(.result.txt file from gdc_parser,query column,.metadata.txt file from the curl command,reqular expression,output file,column(s) to keep)

        $parsing->QueryBase(""$cancer_type.$array_type.result.txt"",1,""$cancer_type\_$array_type.metadata.txt"",'TCGA-\w+-\w+-\w+',""t1.txt"",0);

        $parsing->QueryBase(""t1.txt"",1,""$cancer_type\_$array_type.metadata.txt"",'(tumor|blood|normal)',""$cancer_type.$array_type.id2uuid_query.txt"",1);

	

	open (IDI,""$cancer_type.$array_type.id2uuid_query.txt"");

	open (IDO,"">$Geno_CNV_table"");

	

	while (my $r = <IDI>)

	{

	    chomp($r);

	    my @a = split(""\t"",$r);

	    my $TCGA = $a[1];

	    my $sample = [split(""-"",$TCGA)]->[-1];

	    $TCGA =~ s/-[0-9]+[a-zA-Z]$//;

	    $sample =~ s/[a-zA-Z]$//;

            $sample =~s/^0//;

	    print IDO ""$a[0]\t$a[1]\t$sample\t$a[2]\t$TCGA\n"";

	}

	close (IDI);

	close (IDO);

	print ""Wrote file for downloading.\n"";

        `mkdir $Analysispath/$cancer_type/$tables` unless(-d ""$Analysispath/$cancer_type/$tables"");

        

        copy(""$Geno_CNV_table"",""$Analysispath/$cancer_type/$tables"");

    }

    else

    {

        print ""It seems that there is a table in the $Analysispath/$cancer_type/$tables directory already. Table: $Geno_CNV_table\n"";

    }

}



chdir ""$Analysispath"";



`rm -rf ""$Table_Dir""`;



print ""All jobs have finished for $cancer_type.\n"";

  

$time = localtime;

print ""Script finished: $time.\n"";



exit;
","if ($cancer_type =~ /all/i)
{
    print ""Cancer type is set to 'all'. This mode is not supported for SNP array download.\n"";
    $parsing->usage(""0_table"");
}

unless (-d ""$tables"")
{
    mkdir ""$tables"" or die ""Could not make directory $tables: $!"";
}

my $manifest = ""$cancer_type\_manifest.txt"";
my $table = ""$cancer_type\_$array_type.txt"";

# Check if file already exists
if (-e ""$tables/$table"")
{
    print ""Table file $tables/$table already exists.\n"";
    print ""Would you like to overwrite it?(y/n) "";
    chomp(my $answer = <STDIN>);
    unless ($answer =~ /^y(es)?$/i)
    {
        print ""Exiting without overwriting.\n"";
        exit 0;
    }
}

print ""Downloading SNP array data for cancer type: $cancer_type, array type: $array_type.\n"";

# Create manifest file using GDC API filters
my $filter = '
{
    ""op"":""and"",
    ""content"":[
        {""op"":""in"","""
deepseek,deepseek-ai/DeepSeek-V3.2:novita,perl,GPL-3.0,Driver-ASE::Driver_ASE_Lib::Driver_ASE_Scripts::0_Download_SNPArray_Table_From_GDC.pl,345,0.4,0,0.025210084033613446,"my $Geno_CNV_table = ""$cancer_type.$array_type.id2uuid.txt"";



$parsing->check_directory_existence(""$database_path""); #check if directories or files exist



my @cancer;

if ($cancer_type =~ /,/)

{

    @cancer = split("","",$cancer_type);

}

else

{

   @cancer = $cancer_type; 

}



mkdir ""$Driver_ASE_Dir/Analysis"" unless(-d ""$Driver_ASE_Dir/Analysis"");



chdir $Analysispath;



`mkdir -p ""$Table_Dir""`;



chdir $Table_Dir;



foreach my $cancer_type (@cancer)

{

    $cancer_type = $parsing->check_cancer_type($database_path,$cancer_type);

    next unless (defined $cancer_type);

    

    `mkdir $Analysispath/$cancer_type` unless(-d ""$Analysispath/$cancer_type"");

    

    if (!(-f ""$Analysispath/$cancer_type/$tables/$Geno_CNV_table""))

    {

        #gets the manifest file from gdc and gets the UUIDs from it

        #gdc_parser(cancer type(e.g. OV),type of data (Genotyping array),data type)

        $dwnld->gdc_parser($cancer_type,$Exp_Strategy,$array_type);

        if ($array_type eq ""Copy number estimate"")

        {

            open (my $tangent,""$cancer_type.$array_type.result.txt"");

            open (my $out,"">$cancer_type\_tangent.txt"");

            my @tanarray = <$tangent>;

            chomp(@tanarray);

            close ($tangent);

            @tanarray = grep{/tangent/}@tanarray;

            foreach (@tanarray)

            {

                print $out ""$_\n"";

            }

            close ($out);

            #metadata_collect(tangent.txt file,output file)

            $dwnld->metadata_collect(""$cancer_type\_tangent.txt"",""$cancer_type\_$array_type\_Payload.txt"");

        }

        #This filter only gets birdseed files. This is mainly for cancer types that have files that are not just birdseed

        elsif ($array_type eq ""Genotypes"")

        {

            open (my $birdseed,""$cancer_type.$array_type.result.txt"");

            open (my $out,"">$cancer_type\_birdseed.txt"");

            my @birdseedarray = <$birdseed>;

            chomp(@birdseedarray);

            close ($birdseed);

            @birdseedarray = grep{/birdseed/}@birdseedarray;

            foreach (@birdseedarray)

            {

                print $out ""$_\n"";

            }

            close ($out);

            #puts the UUIDs in a payload file which will be used for the curl command

            #metadata_collect(birdseed.txt file,output file)

            $dwnld->metadata_collect(""$cancer_type\_birdseed.txt"",""$cancer_type\_$array_type\_Payload.txt"");

        }

        `curl --request POST --header \'Content-Type: application/json\' --data \@\'$cancer_type\_$array_type\_Payload.txt\' \'https://api.gdc.cancer.gov/v0/legacy/files\' > \'$cancer_type\_$array_type.metadata.txt\'`;

        #matches UUID and TCGA ID

        #The columns of each cancer type may be different

        #QueryBase(.result.txt file from gdc_parser,query column,.metadata.txt file from the curl command,reqular expression,output file,column(s) to keep)

        $parsing->QueryBase(""$cancer_type.$array_type.result.txt"",1,""$cancer_type\_$array_type.metadata.txt"",'TCGA-\w+-\w+-\w+',""t1.txt"",0);

        $parsing->QueryBase(""t1.txt"",1,""$cancer_type\_$array_type.metadata.txt"",'(tumor|blood|normal)',""$cancer_type.$array_type.id2uuid_query.txt"",1);

	

	open (IDI,""$cancer_type.$array_type.id2uuid_query.txt"");

	open (IDO,"">$Geno_CNV_table"");

	

	while (my $r = <IDI>)

	{

	    chomp($r);

	    my @a = split(""\t"",$r);

	    my $TCGA = $a[1];

	    my $sample = [split(""-"",$TCGA)]->[-1];

	    $TCGA =~ s/-[0-9]+[a-zA-Z]$//;

	    $sample =~ s/[a-zA-Z]$//;

            $sample =~s/^0//;

	    print IDO ""$a[0]\t$a[1]\t$sample\t$a[2]\t$TCGA\n"";

	}

	close (IDI);

	close (IDO);

	print ""Wrote file for downloading.\n"";

        `mkdir $Analysispath/$cancer_type/$tables` unless(-d ""$Analysispath/$cancer_type/$tables"");

        

        copy(""$Geno_CNV_table"",""$Analysispath/$cancer_type/$tables"");

    }

    else

    {

        print ""It seems that there is a table in the $Analysispath/$cancer_type/$tables directory already. Table: $Geno_CNV_table\n"";

    }

}



chdir ""$Analysispath"";



`rm -rf ""$Table_Dir""`;



print ""All jobs have finished for $cancer_type.\n"";

  

$time = localtime;

print ""Script finished: $time.\n"";



exit;
","my $table_dir = ""$Table_Dir/$tables"";

# Create directories if they don't exist
foreach my $dir ($database_path, $Analysispath, $Table_Dir, $table_dir) {
    unless (-d $dir) {
        mkdir $dir or die ""Cannot create directory $dir: $!"";
    }
}

# Download the table from GDC
print ""Downloading $array_type table for $cancer_type...\n"";
my $table_file = ""$table_dir/$cancer_type\_$array_type.tsv"";

$dwnld->download_table(
    cancer_type => $cancer_type,
    Exp_Strategy => $Exp_Strategy,
    array_type => $array_type,
    table_file => $table_file
);

# Check if download was successful
if (-e $table_file && -s $table_file) {
    print ""Successfully downloaded $array_type table to: $table_file\n"";
    
    # Count lines in the table (excluding header)
    open my $fh, '<', $table_file or die ""Cannot open $table_file: $!"";
    my $line_count = 0;
    while (<$fh>) {
        $line_count++;
    }"
deepseek,deepseek-ai/DeepSeek-V3.2:novita,perl,GPL-3.0,Driver-ASE::Driver_ASE_Lib::Driver_ASE_Scripts::0_Download_SNPArray_Table_From_GDC.pl,345,0.8,0,0.024291497975708502,"my $Geno_CNV_table = ""$cancer_type.$array_type.id2uuid.txt"";



$parsing->check_directory_existence(""$database_path""); #check if directories or files exist



my @cancer;

if ($cancer_type =~ /,/)

{

    @cancer = split("","",$cancer_type);

}

else

{

   @cancer = $cancer_type; 

}



mkdir ""$Driver_ASE_Dir/Analysis"" unless(-d ""$Driver_ASE_Dir/Analysis"");



chdir $Analysispath;



`mkdir -p ""$Table_Dir""`;



chdir $Table_Dir;



foreach my $cancer_type (@cancer)

{

    $cancer_type = $parsing->check_cancer_type($database_path,$cancer_type);

    next unless (defined $cancer_type);

    

    `mkdir $Analysispath/$cancer_type` unless(-d ""$Analysispath/$cancer_type"");

    

    if (!(-f ""$Analysispath/$cancer_type/$tables/$Geno_CNV_table""))

    {

        #gets the manifest file from gdc and gets the UUIDs from it

        #gdc_parser(cancer type(e.g. OV),type of data (Genotyping array),data type)

        $dwnld->gdc_parser($cancer_type,$Exp_Strategy,$array_type);

        if ($array_type eq ""Copy number estimate"")

        {

            open (my $tangent,""$cancer_type.$array_type.result.txt"");

            open (my $out,"">$cancer_type\_tangent.txt"");

            my @tanarray = <$tangent>;

            chomp(@tanarray);

            close ($tangent);

            @tanarray = grep{/tangent/}@tanarray;

            foreach (@tanarray)

            {

                print $out ""$_\n"";

            }

            close ($out);

            #metadata_collect(tangent.txt file,output file)

            $dwnld->metadata_collect(""$cancer_type\_tangent.txt"",""$cancer_type\_$array_type\_Payload.txt"");

        }

        #This filter only gets birdseed files. This is mainly for cancer types that have files that are not just birdseed

        elsif ($array_type eq ""Genotypes"")

        {

            open (my $birdseed,""$cancer_type.$array_type.result.txt"");

            open (my $out,"">$cancer_type\_birdseed.txt"");

            my @birdseedarray = <$birdseed>;

            chomp(@birdseedarray);

            close ($birdseed);

            @birdseedarray = grep{/birdseed/}@birdseedarray;

            foreach (@birdseedarray)

            {

                print $out ""$_\n"";

            }

            close ($out);

            #puts the UUIDs in a payload file which will be used for the curl command

            #metadata_collect(birdseed.txt file,output file)

            $dwnld->metadata_collect(""$cancer_type\_birdseed.txt"",""$cancer_type\_$array_type\_Payload.txt"");

        }

        `curl --request POST --header \'Content-Type: application/json\' --data \@\'$cancer_type\_$array_type\_Payload.txt\' \'https://api.gdc.cancer.gov/v0/legacy/files\' > \'$cancer_type\_$array_type.metadata.txt\'`;

        #matches UUID and TCGA ID

        #The columns of each cancer type may be different

        #QueryBase(.result.txt file from gdc_parser,query column,.metadata.txt file from the curl command,reqular expression,output file,column(s) to keep)

        $parsing->QueryBase(""$cancer_type.$array_type.result.txt"",1,""$cancer_type\_$array_type.metadata.txt"",'TCGA-\w+-\w+-\w+',""t1.txt"",0);

        $parsing->QueryBase(""t1.txt"",1,""$cancer_type\_$array_type.metadata.txt"",'(tumor|blood|normal)',""$cancer_type.$array_type.id2uuid_query.txt"",1);

	

	open (IDI,""$cancer_type.$array_type.id2uuid_query.txt"");

	open (IDO,"">$Geno_CNV_table"");

	

	while (my $r = <IDI>)

	{

	    chomp($r);

	    my @a = split(""\t"",$r);

	    my $TCGA = $a[1];

	    my $sample = [split(""-"",$TCGA)]->[-1];

	    $TCGA =~ s/-[0-9]+[a-zA-Z]$//;

	    $sample =~ s/[a-zA-Z]$//;

            $sample =~s/^0//;

	    print IDO ""$a[0]\t$a[1]\t$sample\t$a[2]\t$TCGA\n"";

	}

	close (IDI);

	close (IDO);

	print ""Wrote file for downloading.\n"";

        `mkdir $Analysispath/$cancer_type/$tables` unless(-d ""$Analysispath/$cancer_type/$tables"");

        

        copy(""$Geno_CNV_table"",""$Analysispath/$cancer_type/$tables"");

    }

    else

    {

        print ""It seems that there is a table in the $Analysispath/$cancer_type/$tables directory already. Table: $Geno_CNV_table\n"";

    }

}



chdir ""$Analysispath"";



`rm -rf ""$Table_Dir""`;



print ""All jobs have finished for $cancer_type.\n"";

  

$time = localtime;

print ""Script finished: $time.\n"";



exit;
","my $cancer_table_dir = ""$Table_Dir/$tables"";
unless (-d $cancer_table_dir) {
    mkdir $cancer_table_dir or die ""Cannot create directory $cancer_table_dir: $!"";
}

my $gdc_token = ""$database_path/gdc-user-token.txt"";
unless (-f $gdc_token) {
    die ""GDC token file not found at $gdc_token\n"";
}

my $manifest_file = ""$cancer_table_dir/$cancer_type\_$array_type\_manifest.txt"";
my $filter_file = ""$cancer_table_dir/$cancer_type\_$array_type\_filter.json"";

# Build GDC API query
my $endpoint = ""https://api.gdc.cancer.gov/files"";
my $filters = {
    op => ""and"",
    content => [
        {
            op => ""in"",
            content => {
                field => ""cases.project.project_id"",
                value => [""TCGA-$cancer_type""]
            }
        },
        {
            op => ""in"",
            content => {
                field => ""files.experimental_strategy"",
                value => [$Exp_Strategy]
            }
        },
        {
            op => ""in"",
            content =>"
deepseek,deepseek-ai/DeepSeek-V3.2:novita,perl,GPL-3.0,modules::Bio::EnsEMBL::Analysis::RunnableDB::Gsnap.pm,227,0.2,0,0.09289617486338798,"     -paired   => $self->PAIRED,
     -samtools => $self->SAMTOOLS_PATH,
     -header   => $self->HEADER,
     %parameters,
    );
  $self->runnable($runnable);
}


sub run {
  my ($self) = @_;
  $self->throw(""Can't run - no runnable objects"") unless ( $self->runnable );
  my ($runnable) = @{$self->runnable};
  eval {
    $runnable->run;
    }; 
    if(my $err = $@){
      chomp $err;
	$self->throw(""ERROR $err \n"");
      }
}

# override write output as we have nothing for the db
sub write_output {
  my ($self) = @_;
}

#Containers
#=================================================================


sub OUTDIR {
  my $total_reads = 0;
  my ($self,$value) = @_;

  if (defined $value) {
    $self->{'_OUTDIR'} = $value;
  }
  
  if (exists($self->{'_OUTDIR'})) {
    return $self->{'_OUTDIR'};
  } else {
    return undef;
  }
}


sub INDIR {
  my ($self,$value) = @_;

  if (defined $value) {
    $self->{'_INDIR'} = $value;
  }
  
  if (exists($self->{'_INDIR'})) {
    return $self->{'_INDIR'};
  } else {
    return undef;
  }
}


sub GENOMEDIR {
  my ($self,$value) = @_;

  if (defined $value) {
    $self->{'_GENOMEDIR'} = $value;
  }
  
  if (exists($self->{'_GENOMEDIR'})) {
    return $self->{'_GENOMEDIR'};
  } else {
    return undef;
  }
}

sub GENOMENAME {
  my ($self,$value) = @_;

  if (defined $value) {
    $self->{'_GENOMENAME'} = $value;
  }
  
  if (exists($self->{'_GENOMENAME'})) {
    return $self->{'_GENOMENAME'};
  } else {
    return undef;
  }
}

sub OPTIONS {
  my ($self,$value) = @_;

  if (defined $value) {
    $self->{'_OPTIONS'} = $value;
  }
  
  if (exists($self->{'_OPTIONS'})) {
    return $self->{'_OPTIONS'};
  } else {
    return undef;
  }
}


sub PAIRED {
  my ($self,$value) = @_;

  if (defined $value) {
    $self->{'_PAIRED'} = $value;
  }
  
  if (exists($self->{'_PAIRED'})) {
    return $self->{'_PAIRED'};
  } else {
    return undef;
  }
}


sub SAMTOOLS_PATH {
  my ($self,$value) = @_;

  if (defined $value) {
    $self->{'_SAMTOOLS_PATH'} = $value;
  }
  
  if (exists($self->{'_SAMTOOLS_PATH'})) {
    return $self->{'_SAMTOOLS_PATH'};
  } else {
    return undef;
  }
}

sub HEADER {
  my ($self,$value) = @_;

  if (defined $value) {
    $self->{'_HEADER'} = $value;
  }
  
  if (exists($self->{'_HEADER'})) {
    return $self->{'_HEADER'};
  } else {
    return undef;
  }
}","-parameters => \%parameters,
    );
  $self->runnable($runnable);
}

sub run {
  my ($self) = @_;
  $self->runnable->run;
}

sub write_output {
  my ($self) = @_;
  my @output = @{$self->runnable->output};
  foreach my $feature (@output) {
    $self->dataflow_output_id($feature, 2);
  }
}

sub get_adaptor {
  my ($self) = @_;
  return $self->db->get_ProteinAlignFeatureAdaptor;
}"
deepseek,deepseek-ai/DeepSeek-V3.2:novita,perl,GPL-3.0,modules::Bio::EnsEMBL::Analysis::RunnableDB::Gsnap.pm,227,0.4,0,0.13513513513513514,"     -paired   => $self->PAIRED,
     -samtools => $self->SAMTOOLS_PATH,
     -header   => $self->HEADER,
     %parameters,
    );
  $self->runnable($runnable);
}


sub run {
  my ($self) = @_;
  $self->throw(""Can't run - no runnable objects"") unless ( $self->runnable );
  my ($runnable) = @{$self->runnable};
  eval {
    $runnable->run;
    }; 
    if(my $err = $@){
      chomp $err;
	$self->throw(""ERROR $err \n"");
      }
}

# override write output as we have nothing for the db
sub write_output {
  my ($self) = @_;
}

#Containers
#=================================================================


sub OUTDIR {
  my $total_reads = 0;
  my ($self,$value) = @_;

  if (defined $value) {
    $self->{'_OUTDIR'} = $value;
  }
  
  if (exists($self->{'_OUTDIR'})) {
    return $self->{'_OUTDIR'};
  } else {
    return undef;
  }
}


sub INDIR {
  my ($self,$value) = @_;

  if (defined $value) {
    $self->{'_INDIR'} = $value;
  }
  
  if (exists($self->{'_INDIR'})) {
    return $self->{'_INDIR'};
  } else {
    return undef;
  }
}


sub GENOMEDIR {
  my ($self,$value) = @_;

  if (defined $value) {
    $self->{'_GENOMEDIR'} = $value;
  }
  
  if (exists($self->{'_GENOMEDIR'})) {
    return $self->{'_GENOMEDIR'};
  } else {
    return undef;
  }
}

sub GENOMENAME {
  my ($self,$value) = @_;

  if (defined $value) {
    $self->{'_GENOMENAME'} = $value;
  }
  
  if (exists($self->{'_GENOMENAME'})) {
    return $self->{'_GENOMENAME'};
  } else {
    return undef;
  }
}

sub OPTIONS {
  my ($self,$value) = @_;

  if (defined $value) {
    $self->{'_OPTIONS'} = $value;
  }
  
  if (exists($self->{'_OPTIONS'})) {
    return $self->{'_OPTIONS'};
  } else {
    return undef;
  }
}


sub PAIRED {
  my ($self,$value) = @_;

  if (defined $value) {
    $self->{'_PAIRED'} = $value;
  }
  
  if (exists($self->{'_PAIRED'})) {
    return $self->{'_PAIRED'};
  } else {
    return undef;
  }
}


sub SAMTOOLS_PATH {
  my ($self,$value) = @_;

  if (defined $value) {
    $self->{'_SAMTOOLS_PATH'} = $value;
  }
  
  if (exists($self->{'_SAMTOOLS_PATH'})) {
    return $self->{'_SAMTOOLS_PATH'};
  } else {
    return undef;
  }
}

sub HEADER {
  my ($self,$value) = @_;

  if (defined $value) {
    $self->{'_HEADER'} = $value;
  }
  
  if (exists($self->{'_HEADER'})) {
    return $self->{'_HEADER'};
  } else {
    return undef;
  }
}","-parameters => \%parameters,
    );
  $self->runnable($runnable);
}

sub run {
  my ($self) = @_;
  $self->runnable->run;
}

sub write_output {
  my ($self) = @_;
  my @output = @{$self->runnable->output};
  foreach my $feature (@output) {
    $self->dataflow_output_id($feature, 2);
  }
}

sub post_cleanup {
  my ($self) = @_;
  $self->runnable->delete_files;
}

1;"
deepseek,deepseek-ai/DeepSeek-V3.2:novita,perl,GPL-3.0,modules::Bio::EnsEMBL::Analysis::RunnableDB::Gsnap.pm,227,0.8,0,0.27586206896551724,"     -paired   => $self->PAIRED,
     -samtools => $self->SAMTOOLS_PATH,
     -header   => $self->HEADER,
     %parameters,
    );
  $self->runnable($runnable);
}


sub run {
  my ($self) = @_;
  $self->throw(""Can't run - no runnable objects"") unless ( $self->runnable );
  my ($runnable) = @{$self->runnable};
  eval {
    $runnable->run;
    }; 
    if(my $err = $@){
      chomp $err;
	$self->throw(""ERROR $err \n"");
      }
}

# override write output as we have nothing for the db
sub write_output {
  my ($self) = @_;
}

#Containers
#=================================================================


sub OUTDIR {
  my $total_reads = 0;
  my ($self,$value) = @_;

  if (defined $value) {
    $self->{'_OUTDIR'} = $value;
  }
  
  if (exists($self->{'_OUTDIR'})) {
    return $self->{'_OUTDIR'};
  } else {
    return undef;
  }
}


sub INDIR {
  my ($self,$value) = @_;

  if (defined $value) {
    $self->{'_INDIR'} = $value;
  }
  
  if (exists($self->{'_INDIR'})) {
    return $self->{'_INDIR'};
  } else {
    return undef;
  }
}


sub GENOMEDIR {
  my ($self,$value) = @_;

  if (defined $value) {
    $self->{'_GENOMEDIR'} = $value;
  }
  
  if (exists($self->{'_GENOMEDIR'})) {
    return $self->{'_GENOMEDIR'};
  } else {
    return undef;
  }
}

sub GENOMENAME {
  my ($self,$value) = @_;

  if (defined $value) {
    $self->{'_GENOMENAME'} = $value;
  }
  
  if (exists($self->{'_GENOMENAME'})) {
    return $self->{'_GENOMENAME'};
  } else {
    return undef;
  }
}

sub OPTIONS {
  my ($self,$value) = @_;

  if (defined $value) {
    $self->{'_OPTIONS'} = $value;
  }
  
  if (exists($self->{'_OPTIONS'})) {
    return $self->{'_OPTIONS'};
  } else {
    return undef;
  }
}


sub PAIRED {
  my ($self,$value) = @_;

  if (defined $value) {
    $self->{'_PAIRED'} = $value;
  }
  
  if (exists($self->{'_PAIRED'})) {
    return $self->{'_PAIRED'};
  } else {
    return undef;
  }
}


sub SAMTOOLS_PATH {
  my ($self,$value) = @_;

  if (defined $value) {
    $self->{'_SAMTOOLS_PATH'} = $value;
  }
  
  if (exists($self->{'_SAMTOOLS_PATH'})) {
    return $self->{'_SAMTOOLS_PATH'};
  } else {
    return undef;
  }
}

sub HEADER {
  my ($self,$value) = @_;

  if (defined $value) {
    $self->{'_HEADER'} = $value;
  }
  
  if (exists($self->{'_HEADER'})) {
    return $self->{'_HEADER'};
  } else {
    return undef;
  }
}","-samtools => $self->SAMTOOLS,
     -use_threads => $self->USE_THREADS,
     -max_intron => $self->MAX_INTRON,
     -min_intron => $self->MIN_INTRON,
     -novelsplicing => $self->NOVELSPLICING,
     -batch => $self->BATCH,
     -expand_flank => $self->EXPAND_FLANK,
     -orientation => $self->ORIENTATION,
     %parameters,
    );

  $self->runnable($runnable);
}

sub run {
  my ($self) = @_;
  $self->runnable->run;
}

sub write_output {
  my ($self) = @_;
  $self->runnable->output;
}

sub get_adaptor {
  my ($self) = @_;
  return $self->db->get_ProteinAlignFeatureAdaptor;
}"
deepseek,deepseek-ai/DeepSeek-V3.2:novita,perl,GPL-3.0,lib::FusionInventory::Agent::Task::Inventory::Linux::Videos.pm,129,0.2,0,0.09090909090909091,"    }

    return unless $xorgData || $ddcprobeData;

    my $video = {
        CHIPSET    => $xorgData->{product}    || $ddcprobeData->{product},
        MEMORY     => $xorgData->{memory}     || $ddcprobeData->{memory},
        NAME       => $xorgData->{name}       || $ddcprobeData->{oem},
        RESOLUTION => $xorgData->{resolution} || $ddcprobeData->{dtiming},
        PCISLOT    => $xorgData->{pcislot},
    };

    if ($video->{MEMORY} && $video->{MEMORY} =~ s/kb$//i) {
        $video->{MEMORY} = int($video->{MEMORY} / 1024);
    }
    if ($video->{RESOLUTION}) {
        $video->{RESOLUTION} =~ s/@.*//;
    }

    $inventory->addEntry(
        section => 'VIDEOS',
        entry   => $video
    );
}

sub _getDdcprobeData {
    my $handle = getFileHandle(@_);
    return unless $handle;

    my $data;
    while (my $line = <$handle>) {
        $line =~ s/[[:cntrl:]]//g;
        $line =~ s/[^[:ascii:]]//g;
        $data->{$1} = $2 if $line =~ /^(\S+):\s+(.*)/;
    }
    close $handle;

    return $data;
}

sub _parseXorgFd {
    my $handle = getFileHandle(@_);
    return unless $handle;

    my $data;
    while (my $line = <$handle>) {
        if ($line =~ /Modeline\s""(\S+?)""/) {
            $data->{resolution} = $1 if !$data->{resolution};
        } elsif ($line =~ /Integrated Graphics Chipset:\s+(.*)/) {
            # Intel
            $data->{name} = $1;
        } elsif ($line =~ /Virtual screen size determined to be (\d+)\s*x\s*(\d+)/) {
            # Nvidia
            $data->{resolution} = ""$1x$2"";
        } elsif ($line =~ /NVIDIA GPU\s*(.*?)\s*at/) {
            $data->{name} = $1;
        } elsif ($line =~ /VESA VBE OEM:\s*(.*)/) {
            $data->{name} = $1;
        } elsif ($line =~ /VESA VBE OEM Product:\s*(.*)/) {
            $data->{product} = $1;
        } elsif ($line =~ /VESA VBE Total Mem: (\d+)\s*(\w+)/i) {
            $data->{memory} = $1 . $2;
        } elsif ($line =~ /RADEON\(0\): Chipset: ""(.*?)""/i) {
            # ATI /Radeon
            $data->{name} = $1;
        } elsif ($line =~ /Virtual size is (\S+)/i) {
            # VESA / XFree86
            $data->{resolution} = $1;
        } elsif ($line =~ /Primary Device is: PCI (.+)/i) {
            $data->{pcislot} = $1;
            # mimic lspci pci slot format
            $data->{pcislot} =~ s/^00@//;
            $data->{pcislot} =~ s/(\d{2}):(\d{2}):(\d)$/$1:$2.$3/;
        } elsif ($line =~ /NOUVEAU\(0\): Chipset: ""(.*)""/) {
            # Nouveau
            $data->{product} = $1;
        }
    }
    close $handle;

    return $data;
}

1;","}

    my $cards = _getCards(
        ddcprobeData => $ddcprobeData,
        xorgData     => $xorgData,
        logger       => $logger
    );

    foreach my $card (@$cards) {
        $inventory->addEntry(
            section => 'VIDEOS',
            entry   => $card
        );
    }
}

sub _getDdcprobeData {
    my (%params) = @_;

    my $handle = getFileHandle(%params);
    return unless $handle;

    my $data;
    while (my $line = <$handle>) {
        chomp $line;
        next unless $line =~ /^\s*([^:]+):\s*(.*)/;
        my ($key, $value) = ($1, $2);
        $value =~ s/^\s+|\s+$//g;
        $data->{$key} = $value if $value;
    }
    close $handle;

    return $data;
}

sub _parseXorgFd {
    my (%params) = @_;

    my $handle = getFileHandle(%params);
    return unless $handle;"
deepseek,deepseek-ai/DeepSeek-V3.2:novita,perl,GPL-3.0,lib::FusionInventory::Agent::Task::Inventory::Linux::Videos.pm,129,0.4,0,0.11398963730569948,"    }

    return unless $xorgData || $ddcprobeData;

    my $video = {
        CHIPSET    => $xorgData->{product}    || $ddcprobeData->{product},
        MEMORY     => $xorgData->{memory}     || $ddcprobeData->{memory},
        NAME       => $xorgData->{name}       || $ddcprobeData->{oem},
        RESOLUTION => $xorgData->{resolution} || $ddcprobeData->{dtiming},
        PCISLOT    => $xorgData->{pcislot},
    };

    if ($video->{MEMORY} && $video->{MEMORY} =~ s/kb$//i) {
        $video->{MEMORY} = int($video->{MEMORY} / 1024);
    }
    if ($video->{RESOLUTION}) {
        $video->{RESOLUTION} =~ s/@.*//;
    }

    $inventory->addEntry(
        section => 'VIDEOS',
        entry   => $video
    );
}

sub _getDdcprobeData {
    my $handle = getFileHandle(@_);
    return unless $handle;

    my $data;
    while (my $line = <$handle>) {
        $line =~ s/[[:cntrl:]]//g;
        $line =~ s/[^[:ascii:]]//g;
        $data->{$1} = $2 if $line =~ /^(\S+):\s+(.*)/;
    }
    close $handle;

    return $data;
}

sub _parseXorgFd {
    my $handle = getFileHandle(@_);
    return unless $handle;

    my $data;
    while (my $line = <$handle>) {
        if ($line =~ /Modeline\s""(\S+?)""/) {
            $data->{resolution} = $1 if !$data->{resolution};
        } elsif ($line =~ /Integrated Graphics Chipset:\s+(.*)/) {
            # Intel
            $data->{name} = $1;
        } elsif ($line =~ /Virtual screen size determined to be (\d+)\s*x\s*(\d+)/) {
            # Nvidia
            $data->{resolution} = ""$1x$2"";
        } elsif ($line =~ /NVIDIA GPU\s*(.*?)\s*at/) {
            $data->{name} = $1;
        } elsif ($line =~ /VESA VBE OEM:\s*(.*)/) {
            $data->{name} = $1;
        } elsif ($line =~ /VESA VBE OEM Product:\s*(.*)/) {
            $data->{product} = $1;
        } elsif ($line =~ /VESA VBE Total Mem: (\d+)\s*(\w+)/i) {
            $data->{memory} = $1 . $2;
        } elsif ($line =~ /RADEON\(0\): Chipset: ""(.*?)""/i) {
            # ATI /Radeon
            $data->{name} = $1;
        } elsif ($line =~ /Virtual size is (\S+)/i) {
            # VESA / XFree86
            $data->{resolution} = $1;
        } elsif ($line =~ /Primary Device is: PCI (.+)/i) {
            $data->{pcislot} = $1;
            # mimic lspci pci slot format
            $data->{pcislot} =~ s/^00@//;
            $data->{pcislot} =~ s/(\d{2}):(\d{2}):(\d)$/$1:$2.$3/;
        } elsif ($line =~ /NOUVEAU\(0\): Chipset: ""(.*)""/) {
            # Nouveau
            $data->{product} = $1;
        }
    }
    close $handle;

    return $data;
}

1;","}

    my $cards = _parseCards(
        ddcprobeData => $ddcprobeData,
        xorgData     => $xorgData,
        logger       => $logger
    );

    foreach my $card (@$cards) {
        $inventory->addEntry(
            section => 'VIDEOS',
            entry   => $card
        );
    }
}

sub _getDdcprobeData {
    my (%params) = @_;

    my $handle = getFileHandle(%params);
    return unless $handle;

    my $data;
    while (my $line = <$handle>) {
        $data .= $line;
    }
    close $handle;

    return $data;
}

sub _parseXorgFd {
    my (%params) = @_;

    my $handle = getFileHandle(%params);
    return unless $handle;

    my $data;
    while (my $line = <$handle>) {
        $data .= $line;
    }
    close $handle;

    return $data;
}

sub _parseCards {
    my (%params) = @_;

    my $ddcprobeData = $params{ddcprobe"
deepseek,deepseek-ai/DeepSeek-V3.2:novita,perl,GPL-3.0,lib::FusionInventory::Agent::Task::Inventory::Linux::Videos.pm,129,0.8,0,0.046153846153846156,"    }

    return unless $xorgData || $ddcprobeData;

    my $video = {
        CHIPSET    => $xorgData->{product}    || $ddcprobeData->{product},
        MEMORY     => $xorgData->{memory}     || $ddcprobeData->{memory},
        NAME       => $xorgData->{name}       || $ddcprobeData->{oem},
        RESOLUTION => $xorgData->{resolution} || $ddcprobeData->{dtiming},
        PCISLOT    => $xorgData->{pcislot},
    };

    if ($video->{MEMORY} && $video->{MEMORY} =~ s/kb$//i) {
        $video->{MEMORY} = int($video->{MEMORY} / 1024);
    }
    if ($video->{RESOLUTION}) {
        $video->{RESOLUTION} =~ s/@.*//;
    }

    $inventory->addEntry(
        section => 'VIDEOS',
        entry   => $video
    );
}

sub _getDdcprobeData {
    my $handle = getFileHandle(@_);
    return unless $handle;

    my $data;
    while (my $line = <$handle>) {
        $line =~ s/[[:cntrl:]]//g;
        $line =~ s/[^[:ascii:]]//g;
        $data->{$1} = $2 if $line =~ /^(\S+):\s+(.*)/;
    }
    close $handle;

    return $data;
}

sub _parseXorgFd {
    my $handle = getFileHandle(@_);
    return unless $handle;

    my $data;
    while (my $line = <$handle>) {
        if ($line =~ /Modeline\s""(\S+?)""/) {
            $data->{resolution} = $1 if !$data->{resolution};
        } elsif ($line =~ /Integrated Graphics Chipset:\s+(.*)/) {
            # Intel
            $data->{name} = $1;
        } elsif ($line =~ /Virtual screen size determined to be (\d+)\s*x\s*(\d+)/) {
            # Nvidia
            $data->{resolution} = ""$1x$2"";
        } elsif ($line =~ /NVIDIA GPU\s*(.*?)\s*at/) {
            $data->{name} = $1;
        } elsif ($line =~ /VESA VBE OEM:\s*(.*)/) {
            $data->{name} = $1;
        } elsif ($line =~ /VESA VBE OEM Product:\s*(.*)/) {
            $data->{product} = $1;
        } elsif ($line =~ /VESA VBE Total Mem: (\d+)\s*(\w+)/i) {
            $data->{memory} = $1 . $2;
        } elsif ($line =~ /RADEON\(0\): Chipset: ""(.*?)""/i) {
            # ATI /Radeon
            $data->{name} = $1;
        } elsif ($line =~ /Virtual size is (\S+)/i) {
            # VESA / XFree86
            $data->{resolution} = $1;
        } elsif ($line =~ /Primary Device is: PCI (.+)/i) {
            $data->{pcislot} = $1;
            # mimic lspci pci slot format
            $data->{pcislot} =~ s/^00@//;
            $data->{pcislot} =~ s/(\d{2}):(\d{2}):(\d)$/$1:$2.$3/;
        } elsif ($line =~ /NOUVEAU\(0\): Chipset: ""(.*)""/) {
            # Nouveau
            $data->{product} = $1;
        }
    }
    close $handle;

    return $data;
}

1;","}

    if ($xorgData) {
        foreach my $screen (keys %{$xorgData->{Screen}}) {
            my $screenData = $xorgData->{Screen}->{$screen};
            my $device = $screenData->{Device};
            my $monitor = $screenData->{Monitor};

            my ($vendor, $model);
            my $resolution = $screenData->{Display}->{Modes};

            if ($monitor && $monitor =~ /^""(.+)""$/ && $device) {
                my $monitorName = $1;
                if ($monitorName =~ /^(\S+)\s+(.+)$/) {
                    $vendor = $1;
                    $model = $2;
                } else {
                    $model = $monitorName;
                }
            }

            $inventory->addEntry(
                section => 'VIDEOS',
                entry   => {
                    NAME        => $device || ""Screen $screen"",
                    RESOLUTION  => $resolution,
                    CHIP        => $xorgData->{Device}->{$device}->{Driver},
                    MEMORY      => $xorgData->{Device}->"
deepseek,deepseek-ai/DeepSeek-V3.2:novita,perl,GPL-3.0,bin::schemamod.pl,220,0.2,0,0.0893854748603352,"unless ($module) {
    my $module_prefix = basename($file, "".schema"");
    $module = $module_prefix.""_schema"";
}

unless (-f $file) {
    die ""Schema file $file does not exist"";
}

if (-e $outfile) {
    if ($force_overwrite) {
	# print STDERR ""Overwriting existing $outfile\n"";
    } else {
	die ""Output file $outfile already exists"";
    }
}

# print STDERR ""Input: $file\nOutput: $outfile\nMod: $module\n"";

## Main body of script

my @lines;

{
    # local $/ = undef;
    open FILE, $file or die ""Couldn't open $file: $!"";
    # binmode FILE;
    @lines = <FILE>;
    close FILE;
}
# print STDERR ""Lines read: "".@lines.""\n"";

my @section_list;

## Split into sections
##
## A section looks like '^%%\s*=(\w+)' where
## the name is \w+
## and ends with the next section or end of file.
##  (% is the erlang comment character)
##
## There is an initial 'prologue' where all 
## lines before the first section line are
## collected.
##
## $line_no keeps track of current line
## $section_line{$section} maps to the starting line of the section
##   (This is used to emit -file attributes for source compile errors)

my $curr_section = ""prologue"";
my @curr_lines;
my %sections;
my %section_line;
my $num_lines = 0;
my $line_no = 0;

foreach my $line (@lines) {
    $num_lines += 1;
    $line_no += 1;
    if ($line =~ m!^%%=(\w+)!) {
	## Flush current section
	push @section_list, $curr_section;
	my $section = join("""", @curr_lines);
	$sections{$curr_section} = $section;
	## Start new section
	$curr_section = $1;
	@curr_lines = ();
	$num_lines = 0;
	$section = """";
	$section_line{$curr_section} = $line_no;
	# print STDERR ""Section $curr_section -> line $line_no\n""; 
    } else {
	push @curr_lines, $line;
    }
}

## Flush last section
##  (can this be done inside the loop above?)

if ($num_lines > 0) {
    ## Flush remaining section
    push @section_list, $curr_section;
    my $section = join("""", @curr_lines);
    $sections{$curr_section} = $section;
} else {
    # print STDERR ""*** no final section, done\n"";
}

########################################
## Phase 2: process the templates to build
##  the appropriate module etc

## augment prologue with required declarations

my $prologue = $sections{""prologue""};
$prologue = 
    $prologue.
    ""\n-module($module)."".
    ""\n-export([schema/0])."".
    ""\n\n"";

$sections{""prologue""} = $prologue;
$section_line{""prologue""} = ""1"";

## generate the schema as a function
##
## Since we add N lines to the front, subtract the same N from
## $section_line{""schema""}, otherwise the compiler will generate off-by-N
## error messages.
##  (N=1 currently.)

my $schemasec = $sections{""schema""};
unless ($schemasec) {
    die ""Section 'schema' missing, unable to proceed\n"";
}

$schemasec = ""schema() -> \n"".$schemasec.""\n\n"";
$sections{""schema""} = $schemasec;
$section_line{""schema""} -= 1;   ## because we added 1 line to section above

########################################
## Phase 3: print the result

use POSIX;
my $datetime = strftime(""%Y-%m-%d %H:%M:%S\n"", localtime(time));

## We now have all the sections, print them
## in the order they appeared.

open (OUT, "">$outfile"") or die ""Unable to open $outfile: $!"";
print OUT 
    ""%% -*- Erlang -*-\n"".
    ""%% Generated: $datetime \n"";
foreach my $key (@section_list) {
    my $sec_line = $section_line{$key} || die ""Section line not found for '$key'"";
    print OUT ""%% SECTION "".$key.""\n"";
    print OUT ""-file(\""$file\"", $sec_line).\n"";
    print OUT $sections{$key};
}
print OUT ""%% END\n"";
close OUT;

__END__","unless ($module) {
    # Derive module from output file name
    my ($name, $path, $suffix) = fileparse($outfile, qr/\.[^.]*/);
    $module = $name;
}

if (-e $outfile and not $force_overwrite) {
    die ""Output file $outfile already exists; use --force to overwrite"";
}

my $version_file = undef;

if ($print_vsnfile) {
    # Version file is derived from module name
    $version_file = $module . "".vsn"";
    print $version_file;
    exit;
}

# Read the entire schema file
open my $fh, '<', $file or die ""Cannot open $file: $!"";
my @lines = <$fh>;
close $fh;

# Parse sections
my %sections;
my $current_section = 'prologue';
my $line_no = 0;

foreach my $line (@lines) {
    $line_no++;
    chomp $line;
    if ($line =~ /^=(\w+)/) {
        $current_section = $1;
        next;
    }
    push @{$sections{$current_section}},"
deepseek,deepseek-ai/DeepSeek-V3.2:novita,perl,GPL-3.0,bin::schemamod.pl,220,0.4,0,0.0,"unless ($module) {
    my $module_prefix = basename($file, "".schema"");
    $module = $module_prefix.""_schema"";
}

unless (-f $file) {
    die ""Schema file $file does not exist"";
}

if (-e $outfile) {
    if ($force_overwrite) {
	# print STDERR ""Overwriting existing $outfile\n"";
    } else {
	die ""Output file $outfile already exists"";
    }
}

# print STDERR ""Input: $file\nOutput: $outfile\nMod: $module\n"";

## Main body of script

my @lines;

{
    # local $/ = undef;
    open FILE, $file or die ""Couldn't open $file: $!"";
    # binmode FILE;
    @lines = <FILE>;
    close FILE;
}
# print STDERR ""Lines read: "".@lines.""\n"";

my @section_list;

## Split into sections
##
## A section looks like '^%%\s*=(\w+)' where
## the name is \w+
## and ends with the next section or end of file.
##  (% is the erlang comment character)
##
## There is an initial 'prologue' where all 
## lines before the first section line are
## collected.
##
## $line_no keeps track of current line
## $section_line{$section} maps to the starting line of the section
##   (This is used to emit -file attributes for source compile errors)

my $curr_section = ""prologue"";
my @curr_lines;
my %sections;
my %section_line;
my $num_lines = 0;
my $line_no = 0;

foreach my $line (@lines) {
    $num_lines += 1;
    $line_no += 1;
    if ($line =~ m!^%%=(\w+)!) {
	## Flush current section
	push @section_list, $curr_section;
	my $section = join("""", @curr_lines);
	$sections{$curr_section} = $section;
	## Start new section
	$curr_section = $1;
	@curr_lines = ();
	$num_lines = 0;
	$section = """";
	$section_line{$curr_section} = $line_no;
	# print STDERR ""Section $curr_section -> line $line_no\n""; 
    } else {
	push @curr_lines, $line;
    }
}

## Flush last section
##  (can this be done inside the loop above?)

if ($num_lines > 0) {
    ## Flush remaining section
    push @section_list, $curr_section;
    my $section = join("""", @curr_lines);
    $sections{$curr_section} = $section;
} else {
    # print STDERR ""*** no final section, done\n"";
}

########################################
## Phase 2: process the templates to build
##  the appropriate module etc

## augment prologue with required declarations

my $prologue = $sections{""prologue""};
$prologue = 
    $prologue.
    ""\n-module($module)."".
    ""\n-export([schema/0])."".
    ""\n\n"";

$sections{""prologue""} = $prologue;
$section_line{""prologue""} = ""1"";

## generate the schema as a function
##
## Since we add N lines to the front, subtract the same N from
## $section_line{""schema""}, otherwise the compiler will generate off-by-N
## error messages.
##  (N=1 currently.)

my $schemasec = $sections{""schema""};
unless ($schemasec) {
    die ""Section 'schema' missing, unable to proceed\n"";
}

$schemasec = ""schema() -> \n"".$schemasec.""\n\n"";
$sections{""schema""} = $schemasec;
$section_line{""schema""} -= 1;   ## because we added 1 line to section above

########################################
## Phase 3: print the result

use POSIX;
my $datetime = strftime(""%Y-%m-%d %H:%M:%S\n"", localtime(time));

## We now have all the sections, print them
## in the order they appeared.

open (OUT, "">$outfile"") or die ""Unable to open $outfile: $!"";
print OUT 
    ""%% -*- Erlang -*-\n"".
    ""%% Generated: $datetime \n"";
foreach my $key (@section_list) {
    my $sec_line = $section_line{$key} || die ""Section line not found for '$key'"";
    print OUT ""%% SECTION "".$key.""\n"";
    print OUT ""-file(\""$file\"", $sec_line).\n"";
    print OUT $sections{$key};
}
print OUT ""%% END\n"";
close OUT;

__END__","## Parse the schema, then maybe output version file or schema module
my $sections = parse_schema($file);

if ($print_vsnfile) {
    my $vsn = get_version_file($sections);
    if ($vsn) {
        print $vsn, ""\n"";
    }
} else {
    generate_schema_module($sections, $file, $outfile, $module);
}

########################################
## Subroutines

sub parse_schema {
    my ($filename) = @_;

    open(my $sf, '<', $filename)
        or die ""Cannot open $filename: $!"";

    my $sections = {
        prologue => [],
    };
    my $current = 'prologue';
    my $lineno = 0;

    while (my $line = <$sf>) {
        $lineno++;

        # Strip line endings
        chomp $line;

        # Skip empty lines
        next if $line =~ /^\s*$/;

        # Section header?
        if ($line =~ /^=(\S+)/) {
            my $section = $1;
            $current = $section;
            $sections->{$current} ="
deepseek,deepseek-ai/DeepSeek-V3.2:novita,perl,GPL-3.0,bin::schemamod.pl,220,0.8,0,0.046242774566473986,"unless ($module) {
    my $module_prefix = basename($file, "".schema"");
    $module = $module_prefix.""_schema"";
}

unless (-f $file) {
    die ""Schema file $file does not exist"";
}

if (-e $outfile) {
    if ($force_overwrite) {
	# print STDERR ""Overwriting existing $outfile\n"";
    } else {
	die ""Output file $outfile already exists"";
    }
}

# print STDERR ""Input: $file\nOutput: $outfile\nMod: $module\n"";

## Main body of script

my @lines;

{
    # local $/ = undef;
    open FILE, $file or die ""Couldn't open $file: $!"";
    # binmode FILE;
    @lines = <FILE>;
    close FILE;
}
# print STDERR ""Lines read: "".@lines.""\n"";

my @section_list;

## Split into sections
##
## A section looks like '^%%\s*=(\w+)' where
## the name is \w+
## and ends with the next section or end of file.
##  (% is the erlang comment character)
##
## There is an initial 'prologue' where all 
## lines before the first section line are
## collected.
##
## $line_no keeps track of current line
## $section_line{$section} maps to the starting line of the section
##   (This is used to emit -file attributes for source compile errors)

my $curr_section = ""prologue"";
my @curr_lines;
my %sections;
my %section_line;
my $num_lines = 0;
my $line_no = 0;

foreach my $line (@lines) {
    $num_lines += 1;
    $line_no += 1;
    if ($line =~ m!^%%=(\w+)!) {
	## Flush current section
	push @section_list, $curr_section;
	my $section = join("""", @curr_lines);
	$sections{$curr_section} = $section;
	## Start new section
	$curr_section = $1;
	@curr_lines = ();
	$num_lines = 0;
	$section = """";
	$section_line{$curr_section} = $line_no;
	# print STDERR ""Section $curr_section -> line $line_no\n""; 
    } else {
	push @curr_lines, $line;
    }
}

## Flush last section
##  (can this be done inside the loop above?)

if ($num_lines > 0) {
    ## Flush remaining section
    push @section_list, $curr_section;
    my $section = join("""", @curr_lines);
    $sections{$curr_section} = $section;
} else {
    # print STDERR ""*** no final section, done\n"";
}

########################################
## Phase 2: process the templates to build
##  the appropriate module etc

## augment prologue with required declarations

my $prologue = $sections{""prologue""};
$prologue = 
    $prologue.
    ""\n-module($module)."".
    ""\n-export([schema/0])."".
    ""\n\n"";

$sections{""prologue""} = $prologue;
$section_line{""prologue""} = ""1"";

## generate the schema as a function
##
## Since we add N lines to the front, subtract the same N from
## $section_line{""schema""}, otherwise the compiler will generate off-by-N
## error messages.
##  (N=1 currently.)

my $schemasec = $sections{""schema""};
unless ($schemasec) {
    die ""Section 'schema' missing, unable to proceed\n"";
}

$schemasec = ""schema() -> \n"".$schemasec.""\n\n"";
$sections{""schema""} = $schemasec;
$section_line{""schema""} -= 1;   ## because we added 1 line to section above

########################################
## Phase 3: print the result

use POSIX;
my $datetime = strftime(""%Y-%m-%d %H:%M:%S\n"", localtime(time));

## We now have all the sections, print them
## in the order they appeared.

open (OUT, "">$outfile"") or die ""Unable to open $outfile: $!"";
print OUT 
    ""%% -*- Erlang -*-\n"".
    ""%% Generated: $datetime \n"";
foreach my $key (@section_list) {
    my $sec_line = $section_line{$key} || die ""Section line not found for '$key'"";
    print OUT ""%% SECTION "".$key.""\n"";
    print OUT ""-file(\""$file\"", $sec_line).\n"";
    print OUT $sections{$key};
}
print OUT ""%% END\n"";
close OUT;

__END__","my $vsnfile;
if ($print_vsnfile) {
    # Determine the version file name from the schema file name
    my ($name, $path, $suffix) = fileparse($file, qr/\.[^.]*/);
    $vsnfile = ""${path}${name}.vsn"";
    print $vsnfile, ""\n"";
    exit(0);
}

# Determine module name if not given
unless ($module) {
    ($module) = fileparse($outfile, qr/\.[^.]*/);
}

# Check if output file exists and handle force overwrite
if (-e $outfile && !$force_overwrite) {
    die ""Output file '$outfile' already exists. Use --force to overwrite."";
}

# Read the entire schema file
open(my $fh, '<', $file) or die ""Cannot open schema file '$file': $!"";
my @lines = <$fh>;
close($fh);

# Process schema into sections
my %sections;
my $current_section = 'prologue';
my $line_no = 0;

foreach my $line (@lines) {
    $line_no++;
    chomp $line;
    
    #"
deepseek,deepseek-ai/DeepSeek-V3.2:novita,perl,GPL-3.0,lib::Log::Fine::Handle.pm,296,0.2,0,0.168141592920354,"
        # Should the first argument is a valid formatter, then set the
        # objects formatter attribute appropriately
        $self->{formatter} = $formatter
            if (    defined $formatter
                and ref $formatter
                and UNIVERSAL::can($formatter, 'isa')
                and $formatter->isa(""Log::Fine::Formatter""));

        # return the objects formatter attribute
        return $self->{formatter};

}          # formatter()

=head2 isLoggable

Specifies whether the handle is loggable at the given level.

=head3 Parameters

=over

=item  * level

Name of level or numeric value representing level

=back

=head3 Returns

1 if this level is loggable, undef otherwise

=cut

sub isLoggable
{

        my $self = shift;
        my $lvl  = shift;

        # Return undef if level is not defined
        return unless defined $lvl;

        # Convert level to value if we are given a string, otherwise
        # use value as is.
        my $val =
            ($lvl =~ /^\d+$/) ? $lvl : $self->levelMap()->levelToValue($lvl);

        # Make sure we have a valid value
        return unless defined($val);

        my $shifted = 2 << $val;

        # Bitand the level and the mask to see if we're loggable
        return (($self->{mask} & $shifted) == $shifted) ? 1 : undef;

}          # isLoggable()

=head2 msgWrite

Tells the handle to output the given log message.

B<Note:> msgWrite() is an I<internal> method to the Log::Fine
framework, meant to be sub-classed.  Use
L<Log::Fine::Logger/log> for actual logging.

=head3 Parameters

=over

=item  * level

Level at which to log

=item  * message

Message to log

=item  * skip

Passed to L<caller|perlfunc/caller> for accurate method logging

=back

=head3 Returns

None

=cut

sub msgWrite
{

        my $self  = shift;
        my $class = ref $self;

        my $msg =
            ($class eq 'Log::Fine::Handle')
            ? ""direct call to abstract method msgWrite()!\n  See Log::Fine::Handle documentation""
            : ""call to abstract method ${class}::msgWrite()"";

        $self->_fatal($msg);

}          # msgWrite()

# --------------------------------------------------------------------

##
# Initializes our object

sub _init
{

        my $self = shift;

        # Perform any necessary upper class initializations
        $self->SUPER::_init();

        # Set default bitmask
        $self->{mask} = $self->levelMap()->bitmaskAll()
            unless defined $self->{mask};

        # Set the default formatter
        $self->{formatter} = Log::Fine::Formatter::Basic->new()
            unless (    defined $self->{formatter}
                    and ref $self->{formatter}
                    and UNIVERSAL::can($self->{formatter}, 'isa')
                    and $self->{formatter}->isa(""Log::Fine::Formatter""));

        return $self;

}          # _init()

=head1 BUGS

Please report any bugs or feature requests to
C<bug-log-fine-handle at rt.cpan.org>, or through the web interface at
L<http://rt.cpan.org/NoAuth/ReportBug.html?Queue=Log-Fine>.
I will be notified, and then you'll automatically be notified of progress on
your bug as I make changes.

=head1 SUPPORT

You can find documentation for this module with the perldoc command.

    perldoc Log::Fine

You can also look for information at:

=over 4

=item * AnnoCPAN: Annotated CPAN documentation

L<http://annocpan.org/dist/Log-Fine>

=item * CPAN Ratings

L<http://cpanratings.perl.org/d/Log-Fine>

=item * RT: CPAN's request tracker

L<http://rt.cpan.org/NoAuth/Bugs.html?Dist=Log-Fine>

=item * Search CPAN

L<http://search.cpan.org/dist/Log-Fine>

=back

=head1 AUTHOR

Christopher M. Fuhrman, C<< <cfuhrman at pobox.com> >>

=head1 SEE ALSO

L<perl>, L<Log::Fine>, L<Log::Fine::Formatter>

=head1 COPYRIGHT & LICENSE

Copyright (c) 2008, 2010-2011, 2013 Christopher M. Fuhrman, 
All rights reserved.

This program is free software licensed under the...

	The BSD License

The full text of the license can be found in the
LICENSE file included with this module.

=cut

1;          # End of Log::Fine::Handle","$self->{_formatter} = $formatter if defined $formatter;

        return $self->{_formatter};

}          # formatter()

=head2 isLoggable

Returns true if the given level is loggable for this handle

=head3 Parameters

=over

=item  * level

A valid L<Log::Fine::Levels> level

=back

=head3 Returns

True if the given level is loggable for this handle, false otherwise

=cut

sub isLoggable
{

        my $self  = shift;
        my $level = shift;

        # Ensure we have a valid level
        my $map = $self->levelMap();
        $level = $map->levelToValue($level);

        # Check if the level is within our mask
        return ($self->{_mask} & $level) ? 1 : 0;

}          # isLoggable()

=head2 mask

Getter/Setter for the objects mask attribute

=head3 Parameters

=over

=item  * mask

B<[optional]> A valid bitmask

=back

=head3 Returns

A bitmask

=cut

sub mask"
deepseek,deepseek-ai/DeepSeek-V3.2:novita,perl,GPL-3.0,lib::Log::Fine::Handle.pm,296,0.4,0,0.1794871794871795,"
        # Should the first argument is a valid formatter, then set the
        # objects formatter attribute appropriately
        $self->{formatter} = $formatter
            if (    defined $formatter
                and ref $formatter
                and UNIVERSAL::can($formatter, 'isa')
                and $formatter->isa(""Log::Fine::Formatter""));

        # return the objects formatter attribute
        return $self->{formatter};

}          # formatter()

=head2 isLoggable

Specifies whether the handle is loggable at the given level.

=head3 Parameters

=over

=item  * level

Name of level or numeric value representing level

=back

=head3 Returns

1 if this level is loggable, undef otherwise

=cut

sub isLoggable
{

        my $self = shift;
        my $lvl  = shift;

        # Return undef if level is not defined
        return unless defined $lvl;

        # Convert level to value if we are given a string, otherwise
        # use value as is.
        my $val =
            ($lvl =~ /^\d+$/) ? $lvl : $self->levelMap()->levelToValue($lvl);

        # Make sure we have a valid value
        return unless defined($val);

        my $shifted = 2 << $val;

        # Bitand the level and the mask to see if we're loggable
        return (($self->{mask} & $shifted) == $shifted) ? 1 : undef;

}          # isLoggable()

=head2 msgWrite

Tells the handle to output the given log message.

B<Note:> msgWrite() is an I<internal> method to the Log::Fine
framework, meant to be sub-classed.  Use
L<Log::Fine::Logger/log> for actual logging.

=head3 Parameters

=over

=item  * level

Level at which to log

=item  * message

Message to log

=item  * skip

Passed to L<caller|perlfunc/caller> for accurate method logging

=back

=head3 Returns

None

=cut

sub msgWrite
{

        my $self  = shift;
        my $class = ref $self;

        my $msg =
            ($class eq 'Log::Fine::Handle')
            ? ""direct call to abstract method msgWrite()!\n  See Log::Fine::Handle documentation""
            : ""call to abstract method ${class}::msgWrite()"";

        $self->_fatal($msg);

}          # msgWrite()

# --------------------------------------------------------------------

##
# Initializes our object

sub _init
{

        my $self = shift;

        # Perform any necessary upper class initializations
        $self->SUPER::_init();

        # Set default bitmask
        $self->{mask} = $self->levelMap()->bitmaskAll()
            unless defined $self->{mask};

        # Set the default formatter
        $self->{formatter} = Log::Fine::Formatter::Basic->new()
            unless (    defined $self->{formatter}
                    and ref $self->{formatter}
                    and UNIVERSAL::can($self->{formatter}, 'isa')
                    and $self->{formatter}->isa(""Log::Fine::Formatter""));

        return $self;

}          # _init()

=head1 BUGS

Please report any bugs or feature requests to
C<bug-log-fine-handle at rt.cpan.org>, or through the web interface at
L<http://rt.cpan.org/NoAuth/ReportBug.html?Queue=Log-Fine>.
I will be notified, and then you'll automatically be notified of progress on
your bug as I make changes.

=head1 SUPPORT

You can find documentation for this module with the perldoc command.

    perldoc Log::Fine

You can also look for information at:

=over 4

=item * AnnoCPAN: Annotated CPAN documentation

L<http://annocpan.org/dist/Log-Fine>

=item * CPAN Ratings

L<http://cpanratings.perl.org/d/Log-Fine>

=item * RT: CPAN's request tracker

L<http://rt.cpan.org/NoAuth/Bugs.html?Dist=Log-Fine>

=item * Search CPAN

L<http://search.cpan.org/dist/Log-Fine>

=back

=head1 AUTHOR

Christopher M. Fuhrman, C<< <cfuhrman at pobox.com> >>

=head1 SEE ALSO

L<perl>, L<Log::Fine>, L<Log::Fine::Formatter>

=head1 COPYRIGHT & LICENSE

Copyright (c) 2008, 2010-2011, 2013 Christopher M. Fuhrman, 
All rights reserved.

This program is free software licensed under the...

	The BSD License

The full text of the license can be found in the
LICENSE file included with this module.

=cut

1;          # End of Log::Fine::Handle","$self->{_formatter} = $formatter
            if defined $formatter;

        return $self->{_formatter};

}          # formatter()

=head2 isLoggable

Returns true if the given level is loggable

=head3 Parameters

=over

=item   * level

log level

=back

=head3 Returns

True (1) if the level is loggable, False (0) otherwise

=cut

sub isLoggable
{

        my $self  = shift;
        my $level = shift;

        # Convert level to mask
        my $mask = 1 << $self->levelMap()->valueToLevelNum($level);

        # Return true if the mask is set in the handle's mask
        return (($self->mask() & $mask) != 0);

}          # isLoggable()

=head2 mask

Getter/Setter for the objects mask attribute

=head3 Parameters

=over

=item  * mask

B<[optional]> integer value representing a bit mask of enabled log
levels

=back

=head3 Returns

Integer representing the bitmask

=cut

sub mask
{

        my $self ="
deepseek,deepseek-ai/DeepSeek-V3.2:novita,perl,GPL-3.0,lib::Log::Fine::Handle.pm,296,0.8,0,0.23333333333333334,"
        # Should the first argument is a valid formatter, then set the
        # objects formatter attribute appropriately
        $self->{formatter} = $formatter
            if (    defined $formatter
                and ref $formatter
                and UNIVERSAL::can($formatter, 'isa')
                and $formatter->isa(""Log::Fine::Formatter""));

        # return the objects formatter attribute
        return $self->{formatter};

}          # formatter()

=head2 isLoggable

Specifies whether the handle is loggable at the given level.

=head3 Parameters

=over

=item  * level

Name of level or numeric value representing level

=back

=head3 Returns

1 if this level is loggable, undef otherwise

=cut

sub isLoggable
{

        my $self = shift;
        my $lvl  = shift;

        # Return undef if level is not defined
        return unless defined $lvl;

        # Convert level to value if we are given a string, otherwise
        # use value as is.
        my $val =
            ($lvl =~ /^\d+$/) ? $lvl : $self->levelMap()->levelToValue($lvl);

        # Make sure we have a valid value
        return unless defined($val);

        my $shifted = 2 << $val;

        # Bitand the level and the mask to see if we're loggable
        return (($self->{mask} & $shifted) == $shifted) ? 1 : undef;

}          # isLoggable()

=head2 msgWrite

Tells the handle to output the given log message.

B<Note:> msgWrite() is an I<internal> method to the Log::Fine
framework, meant to be sub-classed.  Use
L<Log::Fine::Logger/log> for actual logging.

=head3 Parameters

=over

=item  * level

Level at which to log

=item  * message

Message to log

=item  * skip

Passed to L<caller|perlfunc/caller> for accurate method logging

=back

=head3 Returns

None

=cut

sub msgWrite
{

        my $self  = shift;
        my $class = ref $self;

        my $msg =
            ($class eq 'Log::Fine::Handle')
            ? ""direct call to abstract method msgWrite()!\n  See Log::Fine::Handle documentation""
            : ""call to abstract method ${class}::msgWrite()"";

        $self->_fatal($msg);

}          # msgWrite()

# --------------------------------------------------------------------

##
# Initializes our object

sub _init
{

        my $self = shift;

        # Perform any necessary upper class initializations
        $self->SUPER::_init();

        # Set default bitmask
        $self->{mask} = $self->levelMap()->bitmaskAll()
            unless defined $self->{mask};

        # Set the default formatter
        $self->{formatter} = Log::Fine::Formatter::Basic->new()
            unless (    defined $self->{formatter}
                    and ref $self->{formatter}
                    and UNIVERSAL::can($self->{formatter}, 'isa')
                    and $self->{formatter}->isa(""Log::Fine::Formatter""));

        return $self;

}          # _init()

=head1 BUGS

Please report any bugs or feature requests to
C<bug-log-fine-handle at rt.cpan.org>, or through the web interface at
L<http://rt.cpan.org/NoAuth/ReportBug.html?Queue=Log-Fine>.
I will be notified, and then you'll automatically be notified of progress on
your bug as I make changes.

=head1 SUPPORT

You can find documentation for this module with the perldoc command.

    perldoc Log::Fine

You can also look for information at:

=over 4

=item * AnnoCPAN: Annotated CPAN documentation

L<http://annocpan.org/dist/Log-Fine>

=item * CPAN Ratings

L<http://cpanratings.perl.org/d/Log-Fine>

=item * RT: CPAN's request tracker

L<http://rt.cpan.org/NoAuth/Bugs.html?Dist=Log-Fine>

=item * Search CPAN

L<http://search.cpan.org/dist/Log-Fine>

=back

=head1 AUTHOR

Christopher M. Fuhrman, C<< <cfuhrman at pobox.com> >>

=head1 SEE ALSO

L<perl>, L<Log::Fine>, L<Log::Fine::Formatter>

=head1 COPYRIGHT & LICENSE

Copyright (c) 2008, 2010-2011, 2013 Christopher M. Fuhrman, 
All rights reserved.

This program is free software licensed under the...

	The BSD License

The full text of the license can be found in the
LICENSE file included with this module.

=cut

1;          # End of Log::Fine::Handle","$self->{_formatter} = $formatter
            if defined $formatter && $formatter->isa(""Log::Fine::Formatter"");

        return $self->{_formatter};

}          # formatter()

=head2 isLoggable

Checks to see if a given logging level is allowed for the handle

=head3 Parameters

=over

=item  * level

The L<Log::Fine::Levels> level to test

=back

=head3 Returns

True if the given level is allowed for the handle; otherwise false

=cut

sub isLoggable
{

        my $self  = shift;
        my $level = shift;

        # Sanity check
        return unless defined $level;

        return $self->{_mask} & (1 << $level);

}          # isLoggable()

=head2 mask

Getter/Setter for the mask attribute

=head3 Parameters

=over

=item  * mask

B<[optional]> The new mask to use

=back

=head3 Returns

The current mask

=cut

sub mask
{

        my $self = shift;
        my $mask = shift;

        $self->{_"
deepseek,deepseek-ai/DeepSeek-V3.2:novita,perl,GPL-3.0,Kernel::System::Console::Command::Dev::Package::Build.pm,149,0.2,0,0.34594594594594597,"
    return;
}

sub PreRun {
    my ( $Self, %Param ) = @_;

    my $SourcePath = $Self->GetArgument('source-path');
    if ( !-r $SourcePath ) {
        die ""File $SourcePath does not exist / cannot be read.\n"";
    }

    my $TargetDirectory = $Self->GetArgument('target-directory');
    if ( !-d $TargetDirectory ) {
        die ""Directory $TargetDirectory does not exist.\n"";
    }

    my $ModuleDirectory = $Self->GetOption('module-directory');
    if ( $ModuleDirectory && !-d $ModuleDirectory ) {
        die ""Directory $ModuleDirectory does not exist.\n"";
    }

    return;
}

sub Run {
    my ( $Self, %Param ) = @_;

    $Self->Print(""<yellow>Building package...</yellow>\n"");

    my $FileString;
    my $SourcePath = $Self->GetArgument('source-path');
    my $ContentRef = $Kernel::OM->Get('Kernel::System::Main')->FileRead(
        Location => $SourcePath,
        Mode     => 'utf8',        # optional - binmode|utf8
        Result   => 'SCALAR',      # optional - SCALAR|ARRAY
    );
    if ( !$ContentRef || ref $ContentRef ne 'SCALAR' ) {
        $Self->PrintError(""File $SourcePath is empty / could not be read."");
        return $Self->ExitCodeError();
    }
    $FileString = ${$ContentRef};

    my %Structure = $Kernel::OM->Get('Kernel::System::Package')->PackageParse(
        String => $FileString,
    );

    # just build it if PackageIsDownloadable flag is enable
    if (
        defined $Structure{PackageIsDownloadable}
        && !$Structure{PackageIsDownloadable}->{Content}
        )
    {
        $Self->PrintError(""Package cannot be built.\n"");
        return $Self->ExitCodeError();
    }

    if ( $Self->GetOption('version') ) {
        $Structure{Version}->{Content} = $Self->GetOption('version');
    }

    # build from given package directory, if any (otherwise default to OTRS home)
    if ( $Self->GetOption('module-directory') ) {
        $Structure{Home} = $Self->GetOption('module-directory');
    }

    my $Filename = $Structure{Name}->{Content} . '-' . $Structure{Version}->{Content} . '.opm';
    my $Content  = $Kernel::OM->Get('Kernel::System::Package')->PackageBuild(%Structure);
    if ( !$Content ) {
        $Self->PrintError(""Package build failed.\n"");
        return $Self->ExitCodeError();
    }
    my $File = $Kernel::OM->Get('Kernel::System::Main')->FileWrite(
        Location   => $Self->GetArgument('target-directory') . '/' . $Filename,
        Content    => \$Content,
        Mode       => 'utf8',                                                     # binmode|utf8
        Type       => 'Local',                                                    # optional - Local|Attachment|MD5
        Permission => '644',                                                      # unix file permissions
    );
    if ( !$File ) {
        $Self->PrintError(""File $File could not be written.\n"");
        return $Self->ExitCodeError();
    }

    $Self->Print(""<green>Done.</green>\n"");
    return $Self->ExitCodeOk();
}

# sub PostRun {
#     my ( $Self, %Param ) = @_;
#
#     # This will be called after Run() (even in case of exceptions). Perform any cleanups here.
#
#     return;
# }

1;",");
}

sub Run {
    my ( $Self, %Param ) = @_;

    my $SourcePath = $Self->GetArgument('source-path');
    my $TargetDirectory = $Self->GetArgument('target-directory');

    # Check if source file exists
    if ( !-f $SourcePath ) {
        die ""Source file '$SourcePath' does not exist.\n"";
    }

    # Check if target directory exists
    if ( !-d $TargetDirectory ) {
        die ""Target directory '$TargetDirectory' does not exist.\n"";
    }

    my $ModuleDirectory = $Self->GetOption('module-directory') || '';
    if ( $ModuleDirectory && !-d $ModuleDirectory ) {
        die ""Module directory '$ModuleDirectory' does not exist.\n"";
    }

    # Read the source file
    my $MainObject = $Kernel::OM->Get('Kernel::System::Main');
    my $Content = $MainObject->FileRead(
        Location => $SourcePath,
        Mode     => 'utf8',
    );
    if ( !$Content ) {
        die ""Could not read source file '$SourcePath'.\n"";
    }

    my"
deepseek,deepseek-ai/DeepSeek-V3.2:novita,perl,GPL-3.0,Kernel::System::Console::Command::Dev::Package::Build.pm,149,0.4,0,0.3978494623655914,"
    return;
}

sub PreRun {
    my ( $Self, %Param ) = @_;

    my $SourcePath = $Self->GetArgument('source-path');
    if ( !-r $SourcePath ) {
        die ""File $SourcePath does not exist / cannot be read.\n"";
    }

    my $TargetDirectory = $Self->GetArgument('target-directory');
    if ( !-d $TargetDirectory ) {
        die ""Directory $TargetDirectory does not exist.\n"";
    }

    my $ModuleDirectory = $Self->GetOption('module-directory');
    if ( $ModuleDirectory && !-d $ModuleDirectory ) {
        die ""Directory $ModuleDirectory does not exist.\n"";
    }

    return;
}

sub Run {
    my ( $Self, %Param ) = @_;

    $Self->Print(""<yellow>Building package...</yellow>\n"");

    my $FileString;
    my $SourcePath = $Self->GetArgument('source-path');
    my $ContentRef = $Kernel::OM->Get('Kernel::System::Main')->FileRead(
        Location => $SourcePath,
        Mode     => 'utf8',        # optional - binmode|utf8
        Result   => 'SCALAR',      # optional - SCALAR|ARRAY
    );
    if ( !$ContentRef || ref $ContentRef ne 'SCALAR' ) {
        $Self->PrintError(""File $SourcePath is empty / could not be read."");
        return $Self->ExitCodeError();
    }
    $FileString = ${$ContentRef};

    my %Structure = $Kernel::OM->Get('Kernel::System::Package')->PackageParse(
        String => $FileString,
    );

    # just build it if PackageIsDownloadable flag is enable
    if (
        defined $Structure{PackageIsDownloadable}
        && !$Structure{PackageIsDownloadable}->{Content}
        )
    {
        $Self->PrintError(""Package cannot be built.\n"");
        return $Self->ExitCodeError();
    }

    if ( $Self->GetOption('version') ) {
        $Structure{Version}->{Content} = $Self->GetOption('version');
    }

    # build from given package directory, if any (otherwise default to OTRS home)
    if ( $Self->GetOption('module-directory') ) {
        $Structure{Home} = $Self->GetOption('module-directory');
    }

    my $Filename = $Structure{Name}->{Content} . '-' . $Structure{Version}->{Content} . '.opm';
    my $Content  = $Kernel::OM->Get('Kernel::System::Package')->PackageBuild(%Structure);
    if ( !$Content ) {
        $Self->PrintError(""Package build failed.\n"");
        return $Self->ExitCodeError();
    }
    my $File = $Kernel::OM->Get('Kernel::System::Main')->FileWrite(
        Location   => $Self->GetArgument('target-directory') . '/' . $Filename,
        Content    => \$Content,
        Mode       => 'utf8',                                                     # binmode|utf8
        Type       => 'Local',                                                    # optional - Local|Attachment|MD5
        Permission => '644',                                                      # unix file permissions
    );
    if ( !$File ) {
        $Self->PrintError(""File $File could not be written.\n"");
        return $Self->ExitCodeError();
    }

    $Self->Print(""<green>Done.</green>\n"");
    return $Self->ExitCodeOk();
}

# sub PostRun {
#     my ( $Self, %Param ) = @_;
#
#     # This will be called after Run() (even in case of exceptions). Perform any cleanups here.
#
#     return;
# }

1;",");
}

sub PreRun {
    my ( $Self, %Param ) = @_;

    my $SourcePath = $Self->GetArgument('source-path');
    if ( !-f $SourcePath ) {
        die ""Source file $SourcePath does not exist!\n"";
    }

    my $TargetDirectory = $Self->GetArgument('target-directory');
    if ( !-d $TargetDirectory ) {
        die ""Target directory $TargetDirectory does not exist!\n"";
    }

    my $ModuleDirectory = $Self->GetOption('module-directory');
    if ( $ModuleDirectory && !-d $ModuleDirectory ) {
        die ""Module directory $ModuleDirectory does not exist!\n"";
    }

    return;
}

sub Run {
    my ( $Self, %Param ) = @_;

    my $SourcePath = $Self->GetArgument('source-path');
    my $TargetDirectory = $Self->GetArgument('target-directory');
    my $ModuleDirectory = $Self->GetOption('module-directory') || '';
    my $VersionOverride = $Self->GetOption('version');

    my $PackageObject = $Kernel::OM->Get('Kernel::System::Package');"
deepseek,deepseek-ai/DeepSeek-V3.2:novita,perl,GPL-3.0,Kernel::System::Console::Command::Dev::Package::Build.pm,149,0.8,0,0.329608938547486,"
    return;
}

sub PreRun {
    my ( $Self, %Param ) = @_;

    my $SourcePath = $Self->GetArgument('source-path');
    if ( !-r $SourcePath ) {
        die ""File $SourcePath does not exist / cannot be read.\n"";
    }

    my $TargetDirectory = $Self->GetArgument('target-directory');
    if ( !-d $TargetDirectory ) {
        die ""Directory $TargetDirectory does not exist.\n"";
    }

    my $ModuleDirectory = $Self->GetOption('module-directory');
    if ( $ModuleDirectory && !-d $ModuleDirectory ) {
        die ""Directory $ModuleDirectory does not exist.\n"";
    }

    return;
}

sub Run {
    my ( $Self, %Param ) = @_;

    $Self->Print(""<yellow>Building package...</yellow>\n"");

    my $FileString;
    my $SourcePath = $Self->GetArgument('source-path');
    my $ContentRef = $Kernel::OM->Get('Kernel::System::Main')->FileRead(
        Location => $SourcePath,
        Mode     => 'utf8',        # optional - binmode|utf8
        Result   => 'SCALAR',      # optional - SCALAR|ARRAY
    );
    if ( !$ContentRef || ref $ContentRef ne 'SCALAR' ) {
        $Self->PrintError(""File $SourcePath is empty / could not be read."");
        return $Self->ExitCodeError();
    }
    $FileString = ${$ContentRef};

    my %Structure = $Kernel::OM->Get('Kernel::System::Package')->PackageParse(
        String => $FileString,
    );

    # just build it if PackageIsDownloadable flag is enable
    if (
        defined $Structure{PackageIsDownloadable}
        && !$Structure{PackageIsDownloadable}->{Content}
        )
    {
        $Self->PrintError(""Package cannot be built.\n"");
        return $Self->ExitCodeError();
    }

    if ( $Self->GetOption('version') ) {
        $Structure{Version}->{Content} = $Self->GetOption('version');
    }

    # build from given package directory, if any (otherwise default to OTRS home)
    if ( $Self->GetOption('module-directory') ) {
        $Structure{Home} = $Self->GetOption('module-directory');
    }

    my $Filename = $Structure{Name}->{Content} . '-' . $Structure{Version}->{Content} . '.opm';
    my $Content  = $Kernel::OM->Get('Kernel::System::Package')->PackageBuild(%Structure);
    if ( !$Content ) {
        $Self->PrintError(""Package build failed.\n"");
        return $Self->ExitCodeError();
    }
    my $File = $Kernel::OM->Get('Kernel::System::Main')->FileWrite(
        Location   => $Self->GetArgument('target-directory') . '/' . $Filename,
        Content    => \$Content,
        Mode       => 'utf8',                                                     # binmode|utf8
        Type       => 'Local',                                                    # optional - Local|Attachment|MD5
        Permission => '644',                                                      # unix file permissions
    );
    if ( !$File ) {
        $Self->PrintError(""File $File could not be written.\n"");
        return $Self->ExitCodeError();
    }

    $Self->Print(""<green>Done.</green>\n"");
    return $Self->ExitCodeOk();
}

# sub PostRun {
#     my ( $Self, %Param ) = @_;
#
#     # This will be called after Run() (even in case of exceptions). Perform any cleanups here.
#
#     return;
# }

1;",");
    return;
}

sub Run {
    my ( $Self, %Param ) = @_;

    my $SourcePath      = $Self->GetArgument('source-path');
    my $TargetDirectory = $Self->GetArgument('target-directory');
    my $Version         = $Self->GetOption('version');
    my $ModuleDirectory = $Self->GetOption('module-directory');

    my $MainObject   = $Kernel::OM->Get('Kernel::System::Main');
    my $PackageObject = $Kernel::OM->Get('Kernel::System::Package');

    # Validate source file
    if ( !-r $SourcePath ) {
        return $Self->ExitCodeError(""Cannot read source sopm file: $SourcePath"");
    }

    # Read source sopm file
    my $SOPMContent = $MainObject->FileRead(
        Location => $SourcePath,
        Mode     => 'utf8',
    );
    if ( !$SOPMContent ) {
        return $Self->ExitCodeError(""Cannot read file: $SourcePath"");
    }

    # Override version if specified
    if ($Version) {
        $$SOPMContent"
deepseek,deepseek-ai/DeepSeek-V3.2:novita,perl,GPL-3.0,lib::CSN::Schema::Result::Profilefieldoption.pm,109,0.2,0,0.7166666666666667,"=head2 option_id

  data_type: 'integer'
  is_auto_increment: 1
  is_nullable: 0
  sequence: 'profilefieldoption_option_id_seq'

=head2 field_id

  data_type: 'integer'
  is_foreign_key: 1
  is_nullable: 0

=head2 language_key

  data_type: 'varchar'
  is_nullable: 0
  size: 80

=cut

__PACKAGE__->add_columns(
  ""option_id"",
  {
    data_type         => ""integer"",
    is_auto_increment => 1,
    is_nullable       => 0,
    sequence          => ""profilefieldoption_option_id_seq"",
  },
  ""field_id"",
  { data_type => ""integer"", is_foreign_key => 1, is_nullable => 0 },
  ""language_key"",
  { data_type => ""varchar"", is_nullable => 0, size => 80 },
);

=head1 PRIMARY KEY

=over 4

=item * L</option_id>

=back

=cut

__PACKAGE__->set_primary_key(""option_id"");

=head1 RELATIONS

=head2 field

Type: belongs_to

Related object: L<CSN::Schema::Result::Profilefield>

=cut

__PACKAGE__->belongs_to(
  ""field"",
  ""CSN::Schema::Result::Profilefield"",
  { field_id => ""field_id"" },
  { is_deferrable => 0, on_delete => ""CASCADE"", on_update => ""NO ACTION"" },
);


# Created by DBIx::Class::Schema::Loader v0.07040 @ 2014-10-29 23:21:31
# DO NOT MODIFY THIS OR ANYTHING ABOVE! md5sum:M1McMq8AtB6swUBLo8gflw


# You can replace this text with custom code or comments, and it will be preserved on regeneration
1;","=head2 id

  data_type: 'integer'
  is_auto_increment: 1
  is_nullable: 0

=cut

__PACKAGE__->add_columns(
  ""id"",
  { data_type => ""integer"", is_auto_increment => 1, is_nullable => 0 },
);

=head2 profilefieldid

  data_type: 'integer'
  is_foreign_key: 1
  is_nullable: 0

=cut

__PACKAGE__->add_columns(
  ""profilefieldid"",
  { data_type => ""integer"", is_foreign_key => 1, is_nullable => 0 },
);

=head2 value

  data_type: 'varchar'
  is_nullable: 0
  size: 255

=cut

__PACKAGE__->add_columns(
  ""value"",
  { data_type => ""varchar"", is_nullable => 0, size => 255 },
);

=head1 PRIMARY KEY

=over 4

=item * L</id>

=back

=cut

__PACKAGE__->set_primary_key(""id"");

=head1 RELATIONS

=head2 profilefield

Type"
deepseek,deepseek-ai/DeepSeek-V3.2:novita,perl,GPL-3.0,lib::CSN::Schema::Result::Profilefieldoption.pm,109,0.4,0,0.7166666666666667,"=head2 option_id

  data_type: 'integer'
  is_auto_increment: 1
  is_nullable: 0
  sequence: 'profilefieldoption_option_id_seq'

=head2 field_id

  data_type: 'integer'
  is_foreign_key: 1
  is_nullable: 0

=head2 language_key

  data_type: 'varchar'
  is_nullable: 0
  size: 80

=cut

__PACKAGE__->add_columns(
  ""option_id"",
  {
    data_type         => ""integer"",
    is_auto_increment => 1,
    is_nullable       => 0,
    sequence          => ""profilefieldoption_option_id_seq"",
  },
  ""field_id"",
  { data_type => ""integer"", is_foreign_key => 1, is_nullable => 0 },
  ""language_key"",
  { data_type => ""varchar"", is_nullable => 0, size => 80 },
);

=head1 PRIMARY KEY

=over 4

=item * L</option_id>

=back

=cut

__PACKAGE__->set_primary_key(""option_id"");

=head1 RELATIONS

=head2 field

Type: belongs_to

Related object: L<CSN::Schema::Result::Profilefield>

=cut

__PACKAGE__->belongs_to(
  ""field"",
  ""CSN::Schema::Result::Profilefield"",
  { field_id => ""field_id"" },
  { is_deferrable => 0, on_delete => ""CASCADE"", on_update => ""NO ACTION"" },
);


# Created by DBIx::Class::Schema::Loader v0.07040 @ 2014-10-29 23:21:31
# DO NOT MODIFY THIS OR ANYTHING ABOVE! md5sum:M1McMq8AtB6swUBLo8gflw


# You can replace this text with custom code or comments, and it will be preserved on regeneration
1;","=head2 id

  data_type: 'integer'
  is_auto_increment: 1
  is_nullable: 0

=cut

__PACKAGE__->add_columns(
  ""id"",
  { data_type => ""integer"", is_auto_increment => 1, is_nullable => 0 },
);

=head2 profilefieldid

  data_type: 'integer'
  is_foreign_key: 1
  is_nullable: 0

=cut

__PACKAGE__->add_columns(
  ""profilefieldid"",
  { data_type => ""integer"", is_foreign_key => 1, is_nullable => 0 },
);

=head2 sortorder

  data_type: 'integer'
  default_value: 0
  is_nullable: 0

=cut

__PACKAGE__->add_columns(
  ""sortorder"",
  { data_type => ""integer"", default_value => 0, is_nullable => 0 },
);

=head1 PRIMARY KEY

=over 4

=item * L</id>

=back

=cut

__PACKAGE__->set_primary_key(""id"");

=head1 RELATIONS

=head2 profilefield"
deepseek,deepseek-ai/DeepSeek-V3.2:novita,perl,GPL-3.0,lib::CSN::Schema::Result::Profilefieldoption.pm,109,0.8,0,0.7246376811594203,"=head2 option_id

  data_type: 'integer'
  is_auto_increment: 1
  is_nullable: 0
  sequence: 'profilefieldoption_option_id_seq'

=head2 field_id

  data_type: 'integer'
  is_foreign_key: 1
  is_nullable: 0

=head2 language_key

  data_type: 'varchar'
  is_nullable: 0
  size: 80

=cut

__PACKAGE__->add_columns(
  ""option_id"",
  {
    data_type         => ""integer"",
    is_auto_increment => 1,
    is_nullable       => 0,
    sequence          => ""profilefieldoption_option_id_seq"",
  },
  ""field_id"",
  { data_type => ""integer"", is_foreign_key => 1, is_nullable => 0 },
  ""language_key"",
  { data_type => ""varchar"", is_nullable => 0, size => 80 },
);

=head1 PRIMARY KEY

=over 4

=item * L</option_id>

=back

=cut

__PACKAGE__->set_primary_key(""option_id"");

=head1 RELATIONS

=head2 field

Type: belongs_to

Related object: L<CSN::Schema::Result::Profilefield>

=cut

__PACKAGE__->belongs_to(
  ""field"",
  ""CSN::Schema::Result::Profilefield"",
  { field_id => ""field_id"" },
  { is_deferrable => 0, on_delete => ""CASCADE"", on_update => ""NO ACTION"" },
);


# Created by DBIx::Class::Schema::Loader v0.07040 @ 2014-10-29 23:21:31
# DO NOT MODIFY THIS OR ANYTHING ABOVE! md5sum:M1McMq8AtB6swUBLo8gflw


# You can replace this text with custom code or comments, and it will be preserved on regeneration
1;","=head2 id

  data_type: 'integer'
  is_auto_increment: 1
  is_nullable: 0

=head2 profilefield_id

  data_type: 'integer'
  is_foreign_key: 1
  is_nullable: 0

=head2 title

  data_type: 'varchar'
  is_nullable: 0
  size: 255

=head2 type

  data_type: 'varchar'
  default_value: 'string'
  is_nullable: 0
  size: 32

=cut

__PACKAGE__->add_columns(
  ""id"",
  { data_type => ""integer"", is_auto_increment => 1, is_nullable => 0 },
  ""profilefield_id"",
  { data_type => ""integer"", is_foreign_key => 1, is_nullable => 0 },
  ""title"",
  { data_type => ""varchar"", is_nullable => 0, size => 255 },
  ""type"",
  {
    data_type => ""varchar"",
    default_value => ""string"",
    is_nullable => 0,
    size => 32,
  },
);

=head1 PRIMARY KEY"
deepseek,deepseek-ai/DeepSeek-V3.2:novita,perl,GPL-3.0,third_party::boringssl::src::crypto::fipsmodule::sha::asm::sha512-armv8.pl,470,0.2,0,0.0,"	ldr	$t3,[$Ktbl],#$SZ		// *K++, $t2 in next round
	add	@X[$j],@X[$j],$T1
	add	$h,$h,$t1			// h+=Sigma0(a)
	add	@X[$j],@X[$j],$T2
___
	($t2,$t3)=($t3,$t2);
}

$code.=<<___;
#ifndef	__KERNEL__
# include <openssl/arm_arch.h>
#endif

.text

.extern	OPENSSL_armcap_P
.globl	$func
.type	$func,%function
.align	6
$func:
___
$code.=<<___	if ($SZ==4);
#ifndef	__KERNEL__
# ifdef	__ILP32__
	ldrsw	x16,.LOPENSSL_armcap_P
# else
	ldr	x16,.LOPENSSL_armcap_P
# endif
	adr	x17,.LOPENSSL_armcap_P
	add	x16,x16,x17
	ldr	w16,[x16]
	tst	w16,#ARMV8_SHA256
	b.ne	.Lv8_entry
#endif
___
$code.=<<___;
	stp	x29,x30,[sp,#-128]!
	add	x29,sp,#0

	stp	x19,x20,[sp,#16]
	stp	x21,x22,[sp,#32]
	stp	x23,x24,[sp,#48]
	stp	x25,x26,[sp,#64]
	stp	x27,x28,[sp,#80]
	sub	sp,sp,#4*$SZ

	ldp	$A,$B,[$ctx]				// load context
	ldp	$C,$D,[$ctx,#2*$SZ]
	ldp	$E,$F,[$ctx,#4*$SZ]
	add	$num,$inp,$num,lsl#`log(16*$SZ)/log(2)`	// end of input
	ldp	$G,$H,[$ctx,#6*$SZ]
	adr	$Ktbl,.LK$BITS
	stp	$ctx,$num,[x29,#96]

.Loop:
	ldp	@X[0],@X[1],[$inp],#2*$SZ
	ldr	$t2,[$Ktbl],#$SZ			// *K++
	eor	$t3,$B,$C				// magic seed
	str	$inp,[x29,#112]
___
for ($i=0;$i<16;$i++)	{ &BODY_00_xx($i,@V); unshift(@V,pop(@V)); }
$code.="".Loop_16_xx:\n"";
for (;$i<32;$i++)	{ &BODY_00_xx($i,@V); unshift(@V,pop(@V)); }
$code.=<<___;
	cbnz	$t2,.Loop_16_xx

	ldp	$ctx,$num,[x29,#96]
	ldr	$inp,[x29,#112]
	sub	$Ktbl,$Ktbl,#`$SZ*($rounds+1)`		// rewind

	ldp	@X[0],@X[1],[$ctx]
	ldp	@X[2],@X[3],[$ctx,#2*$SZ]
	add	$inp,$inp,#14*$SZ			// advance input pointer
	ldp	@X[4],@X[5],[$ctx,#4*$SZ]
	add	$A,$A,@X[0]
	ldp	@X[6],@X[7],[$ctx,#6*$SZ]
	add	$B,$B,@X[1]
	add	$C,$C,@X[2]
	add	$D,$D,@X[3]
	stp	$A,$B,[$ctx]
	add	$E,$E,@X[4]
	add	$F,$F,@X[5]
	stp	$C,$D,[$ctx,#2*$SZ]
	add	$G,$G,@X[6]
	add	$H,$H,@X[7]
	cmp	$inp,$num
	stp	$E,$F,[$ctx,#4*$SZ]
	stp	$G,$H,[$ctx,#6*$SZ]
	b.ne	.Loop

	ldp	x19,x20,[x29,#16]
	add	sp,sp,#4*$SZ
	ldp	x21,x22,[x29,#32]
	ldp	x23,x24,[x29,#48]
	ldp	x25,x26,[x29,#64]
	ldp	x27,x28,[x29,#80]
	ldp	x29,x30,[sp],#128
	ret
.size	$func,.-$func

.align	6
.type	.LK$BITS,%object
.LK$BITS:
___
$code.=<<___ if ($SZ==8);
	.quad	0x428a2f98d728ae22,0x7137449123ef65cd
	.quad	0xb5c0fbcfec4d3b2f,0xe9b5dba58189dbbc
	.quad	0x3956c25bf348b538,0x59f111f1b605d019
	.quad	0x923f82a4af194f9b,0xab1c5ed5da6d8118
	.quad	0xd807aa98a3030242,0x12835b0145706fbe
	.quad	0x243185be4ee4b28c,0x550c7dc3d5ffb4e2
	.quad	0x72be5d74f27b896f,0x80deb1fe3b1696b1
	.quad	0x9bdc06a725c71235,0xc19bf174cf692694
	.quad	0xe49b69c19ef14ad2,0xefbe4786384f25e3
	.quad	0x0fc19dc68b8cd5b5,0x240ca1cc77ac9c65
	.quad	0x2de92c6f592b0275,0x4a7484aa6ea6e483
	.quad	0x5cb0a9dcbd41fbd4,0x76f988da831153b5
	.quad	0x983e5152ee66dfab,0xa831c66d2db43210
	.quad	0xb00327c898fb213f,0xbf597fc7beef0ee4
	.quad	0xc6e00bf33da88fc2,0xd5a79147930aa725
	.quad	0x06ca6351e003826f,0x142929670a0e6e70
	.quad	0x27b70a8546d22ffc,0x2e1b21385c26c926
	.quad	0x4d2c6dfc5ac42aed,0x53380d139d95b3df
	.quad	0x650a73548baf63de,0x766a0abb3c77b2a8
	.quad	0x81c2c92e47edaee6,0x92722c851482353b
	.quad	0xa2bfe8a14cf10364,0xa81a664bbc423001
	.quad	0xc24b8b70d0f89791,0xc76c51a30654be30
	.quad	0xd192e819d6ef5218,0xd69906245565a910
	.quad	0xf40e35855771202a,0x106aa07032bbd1b8
	.quad	0x19a4c116b8d2d0c8,0x1e376c085141ab53
	.quad	0x2748774cdf8eeb99,0x34b0bcb5e19b48a8
	.quad	0x391c0cb3c5c95a63,0x4ed8aa4ae3418acb
	.quad	0x5b9cca4f7763e373,0x682e6ff3d6b2b8a3
	.quad	0x748f82ee5defb2fc,0x78a5636f43172f60
	.quad	0x84c87814a1f0ab72,0x8cc702081a6439ec
	.quad	0x90befffa23631e28,0xa4506cebde82bde9
	.quad	0xbef9a3f7b2c67915,0xc67178f2e372532b
	.quad	0xca273eceea26619c,0xd186b8c721c0c207
	.quad	0xeada7dd6cde0eb1e,0xf57d4f7fee6ed178
	.quad	0x06f067aa72176fba,0x0a637dc5a2c898a6
	.quad	0x113f9804bef90dae,0x1b710b35131c471b
	.quad	0x28db77f523047d84,0x32caab7b40c72493
	.quad	0x3c9ebe0a15c9bebc,0x431d67c49c100d4c
	.quad	0x4cc5d4becb3e42b6,0x597f299cfc657e2a
	.quad	0x5fcb6fab3ad6faec,0x6c44198c4a475817
	.quad	0	// terminator
___
$code.=<<___ if ($SZ==4);
	.long	0x428a2f98,0x71374491,0xb5c0fbcf,0xe9b5dba5
	.long	0x3956c25b,0x59f111f1,0x923f82a4,0xab1c5ed5
	.long	0xd807aa98,0x12835b01,0x243185be,0x550c7dc3
	.long	0x72be5d74,0x80deb1fe,0x9bdc06a7,0xc19bf174
	.long	0xe49b69c1,0xefbe4786,0x0fc19dc6,0x240ca1cc
	.long	0x2de92c6f,0x4a7484aa,0x5cb0a9dc,0x76f988da
	.long	0x983e5152,0xa831c66d,0xb00327c8,0xbf597fc7
	.long	0xc6e00bf3,0xd5a79147,0x06ca6351,0x14292967
	.long	0x27b70a85,0x2e1b2138,0x4d2c6dfc,0x53380d13
	.long	0x650a7354,0x766a0abb,0x81c2c92e,0x92722c85
	.long	0xa2bfe8a1,0xa81a664b,0xc24b8b70,0xc76c51a3
	.long	0xd192e819,0xd6990624,0xf40e3585,0x106aa070
	.long	0x19a4c116,0x1e376c08,0x2748774c,0x34b0bcb5
	.long	0x391c0cb3,0x4ed8aa4a,0x5b9cca4f,0x682e6ff3
	.long	0x748f82ee,0x78a5636f,0x84c87814,0x8cc70208
	.long	0x90befffa,0xa4506ceb,0xbef9a3f7,0xc67178f2
	.long	0	//terminator
___
$code.=<<___;
.size	.LK$BITS,.-.LK$BITS
#ifndef	__KERNEL__
.align	3
.LOPENSSL_armcap_P:
# ifdef	__ILP32__
	.long	OPENSSL_armcap_P-.
# else
	.quad	OPENSSL_armcap_P-.
# endif
#endif
.asciz	""SHA$BITS block transform for ARMv8, CRYPTOGAMS by <appro\@openssl.org>""
.align	2
___

if ($SZ==4) {
my $Ktbl=""x3"";

my ($ABCD,$EFGH,$abcd)=map(""v$_.16b"",(0..2));
my @MSG=map(""v$_.16b"",(4..7));
my ($W0,$W1)=(""v16.4s"",""v17.4s"");
my ($ABCD_SAVE,$EFGH_SAVE)=(""v18.16b"",""v19.16b"");

$code.=<<___;
#ifndef	__KERNEL__
.type	sha256_block_armv8,%function
.align	6
sha256_block_armv8:
.Lv8_entry:
	stp		x29,x30,[sp,#-16]!
	add		x29,sp,#0

	ld1.32		{$ABCD,$EFGH},[$ctx]
	adr		$Ktbl,.LK256

.Loop_hw:
	ld1		{@MSG[0]-@MSG[3]},[$inp],#64
	sub		$num,$num,#1
	ld1.32		{$W0},[$Ktbl],#16
	rev32		@MSG[0],@MSG[0]
	rev32		@MSG[1],@MSG[1]
	rev32		@MSG[2],@MSG[2]
	rev32		@MSG[3],@MSG[3]
	orr		$ABCD_SAVE,$ABCD,$ABCD		// offload
	orr		$EFGH_SAVE,$EFGH,$EFGH
___
for($i=0;$i<12;$i++) {
$code.=<<___;
	ld1.32		{$W1},[$Ktbl],#16
	add.i32		$W0,$W0,@MSG[0]
	sha256su0	@MSG[0],@MSG[1]
	orr		$abcd,$ABCD,$ABCD
	sha256h		$ABCD,$EFGH,$W0
	sha256h2	$EFGH,$abcd,$W0
	sha256su1	@MSG[0],@MSG[2],@MSG[3]
___
	($W0,$W1)=($W1,$W0);	push(@MSG,shift(@MSG));
}
$code.=<<___;
	ld1.32		{$W1},[$Ktbl],#16
	add.i32		$W0,$W0,@MSG[0]
	orr		$abcd,$ABCD,$ABCD
	sha256h		$ABCD,$EFGH,$W0
	sha256h2	$EFGH,$abcd,$W0

	ld1.32		{$W0},[$Ktbl],#16
	add.i32		$W1,$W1,@MSG[1]
	orr		$abcd,$ABCD,$ABCD
	sha256h		$ABCD,$EFGH,$W1
	sha256h2	$EFGH,$abcd,$W1

	ld1.32		{$W1},[$Ktbl]
	add.i32		$W0,$W0,@MSG[2]
	sub		$Ktbl,$Ktbl,#$rounds*$SZ-16	// rewind
	orr		$abcd,$ABCD,$ABCD
	sha256h		$ABCD,$EFGH,$W0
	sha256h2	$EFGH,$abcd,$W0

	add.i32		$W1,$W1,@MSG[3]
	orr		$abcd,$ABCD,$ABCD
	sha256h		$ABCD,$EFGH,$W1
	sha256h2	$EFGH,$abcd,$W1

	add.i32		$ABCD,$ABCD,$ABCD_SAVE
	add.i32		$EFGH,$EFGH,$EFGH_SAVE

	cbnz		$num,.Loop_hw

	st1.32		{$ABCD,$EFGH},[$ctx]

	ldr		x29,[sp],#16
	ret
.size	sha256_block_armv8,.-sha256_block_armv8
#endif
___
}

$code.=<<___;
#ifndef	__KERNEL__
.comm	OPENSSL_armcap_P,4,4
#endif
___

{   my  %opcode = (
	""sha256h""	=> 0x5e004000,	""sha256h2""	=> 0x5e005000,
	""sha256su0""	=> 0x5e282800,	""sha256su1""	=> 0x5e006000	);

    sub unsha256 {
	my ($mnemonic,$arg)=@_;

	$arg =~ m/[qv]([0-9]+)[^,]*,\s*[qv]([0-9]+)[^,]*(?:,\s*[qv]([0-9]+))?/o
	&&
	sprintf "".inst\t0x%08x\t//%s %s"",
			$opcode{$mnemonic}|$1|($2<<5)|($3<<16),
			$mnemonic,$arg;
    }
}

open SELF,$0;
while(<SELF>) {
        next if (/^#!/);
        last if (!s/^#/\/\// and !/^$/);
        print;
}
close SELF;

foreach(split(""\n"",$code)) {

	s/\`([^\`]*)\`/eval($1)/geo;

	s/\b(sha256\w+)\s+([qv].*)/unsha256($1,$2)/geo;

	s/\.\w?32\b//o		and s/\.16b/\.4s/go;
	m/(ld|st)1[^\[]+\[0\]/o	and s/\.4s/\.s/go;

	print $_,""\n"";
}

close STDOUT;","ldr	$t3,[$Ktbl],#$SZ		// *K++, $t2 in next round
	add	@X[$j],@X[$j],$T1
	add	$h,$h,$t1			// h+=Sigma0(a)
	add	@X[$j],@X[$j],$T2
___
}

$code=<<___;
#include <openssl/arm_arch.h>

.text

.extern	OPENSSL_armcap_P
.globl	$func
.hidden	$func
.type	$func,%function
.align	6
$func:
#ifdef	__ILP32__
	ldrsw	$Ktbl,.LOPENSSL_armcap_P
#else
	ldr	$Ktbl,.LOPENSSL_armcap_P
#endif
	adr	$t0,.LOPENSSL_armcap_P
	add	$Ktbl,$Ktbl,$t0
	ldr	$Ktbl,[$Ktbl]
	tst	$Ktbl,#ARMV8_SHA256
	b.ne	.Lv8_entry
	tst	$Ktbl,#"
deepseek,deepseek-ai/DeepSeek-V3.2:novita,perl,GPL-3.0,third_party::boringssl::src::crypto::fipsmodule::sha::asm::sha512-armv8.pl,470,0.4,0,0.0,"	ldr	$t3,[$Ktbl],#$SZ		// *K++, $t2 in next round
	add	@X[$j],@X[$j],$T1
	add	$h,$h,$t1			// h+=Sigma0(a)
	add	@X[$j],@X[$j],$T2
___
	($t2,$t3)=($t3,$t2);
}

$code.=<<___;
#ifndef	__KERNEL__
# include <openssl/arm_arch.h>
#endif

.text

.extern	OPENSSL_armcap_P
.globl	$func
.type	$func,%function
.align	6
$func:
___
$code.=<<___	if ($SZ==4);
#ifndef	__KERNEL__
# ifdef	__ILP32__
	ldrsw	x16,.LOPENSSL_armcap_P
# else
	ldr	x16,.LOPENSSL_armcap_P
# endif
	adr	x17,.LOPENSSL_armcap_P
	add	x16,x16,x17
	ldr	w16,[x16]
	tst	w16,#ARMV8_SHA256
	b.ne	.Lv8_entry
#endif
___
$code.=<<___;
	stp	x29,x30,[sp,#-128]!
	add	x29,sp,#0

	stp	x19,x20,[sp,#16]
	stp	x21,x22,[sp,#32]
	stp	x23,x24,[sp,#48]
	stp	x25,x26,[sp,#64]
	stp	x27,x28,[sp,#80]
	sub	sp,sp,#4*$SZ

	ldp	$A,$B,[$ctx]				// load context
	ldp	$C,$D,[$ctx,#2*$SZ]
	ldp	$E,$F,[$ctx,#4*$SZ]
	add	$num,$inp,$num,lsl#`log(16*$SZ)/log(2)`	// end of input
	ldp	$G,$H,[$ctx,#6*$SZ]
	adr	$Ktbl,.LK$BITS
	stp	$ctx,$num,[x29,#96]

.Loop:
	ldp	@X[0],@X[1],[$inp],#2*$SZ
	ldr	$t2,[$Ktbl],#$SZ			// *K++
	eor	$t3,$B,$C				// magic seed
	str	$inp,[x29,#112]
___
for ($i=0;$i<16;$i++)	{ &BODY_00_xx($i,@V); unshift(@V,pop(@V)); }
$code.="".Loop_16_xx:\n"";
for (;$i<32;$i++)	{ &BODY_00_xx($i,@V); unshift(@V,pop(@V)); }
$code.=<<___;
	cbnz	$t2,.Loop_16_xx

	ldp	$ctx,$num,[x29,#96]
	ldr	$inp,[x29,#112]
	sub	$Ktbl,$Ktbl,#`$SZ*($rounds+1)`		// rewind

	ldp	@X[0],@X[1],[$ctx]
	ldp	@X[2],@X[3],[$ctx,#2*$SZ]
	add	$inp,$inp,#14*$SZ			// advance input pointer
	ldp	@X[4],@X[5],[$ctx,#4*$SZ]
	add	$A,$A,@X[0]
	ldp	@X[6],@X[7],[$ctx,#6*$SZ]
	add	$B,$B,@X[1]
	add	$C,$C,@X[2]
	add	$D,$D,@X[3]
	stp	$A,$B,[$ctx]
	add	$E,$E,@X[4]
	add	$F,$F,@X[5]
	stp	$C,$D,[$ctx,#2*$SZ]
	add	$G,$G,@X[6]
	add	$H,$H,@X[7]
	cmp	$inp,$num
	stp	$E,$F,[$ctx,#4*$SZ]
	stp	$G,$H,[$ctx,#6*$SZ]
	b.ne	.Loop

	ldp	x19,x20,[x29,#16]
	add	sp,sp,#4*$SZ
	ldp	x21,x22,[x29,#32]
	ldp	x23,x24,[x29,#48]
	ldp	x25,x26,[x29,#64]
	ldp	x27,x28,[x29,#80]
	ldp	x29,x30,[sp],#128
	ret
.size	$func,.-$func

.align	6
.type	.LK$BITS,%object
.LK$BITS:
___
$code.=<<___ if ($SZ==8);
	.quad	0x428a2f98d728ae22,0x7137449123ef65cd
	.quad	0xb5c0fbcfec4d3b2f,0xe9b5dba58189dbbc
	.quad	0x3956c25bf348b538,0x59f111f1b605d019
	.quad	0x923f82a4af194f9b,0xab1c5ed5da6d8118
	.quad	0xd807aa98a3030242,0x12835b0145706fbe
	.quad	0x243185be4ee4b28c,0x550c7dc3d5ffb4e2
	.quad	0x72be5d74f27b896f,0x80deb1fe3b1696b1
	.quad	0x9bdc06a725c71235,0xc19bf174cf692694
	.quad	0xe49b69c19ef14ad2,0xefbe4786384f25e3
	.quad	0x0fc19dc68b8cd5b5,0x240ca1cc77ac9c65
	.quad	0x2de92c6f592b0275,0x4a7484aa6ea6e483
	.quad	0x5cb0a9dcbd41fbd4,0x76f988da831153b5
	.quad	0x983e5152ee66dfab,0xa831c66d2db43210
	.quad	0xb00327c898fb213f,0xbf597fc7beef0ee4
	.quad	0xc6e00bf33da88fc2,0xd5a79147930aa725
	.quad	0x06ca6351e003826f,0x142929670a0e6e70
	.quad	0x27b70a8546d22ffc,0x2e1b21385c26c926
	.quad	0x4d2c6dfc5ac42aed,0x53380d139d95b3df
	.quad	0x650a73548baf63de,0x766a0abb3c77b2a8
	.quad	0x81c2c92e47edaee6,0x92722c851482353b
	.quad	0xa2bfe8a14cf10364,0xa81a664bbc423001
	.quad	0xc24b8b70d0f89791,0xc76c51a30654be30
	.quad	0xd192e819d6ef5218,0xd69906245565a910
	.quad	0xf40e35855771202a,0x106aa07032bbd1b8
	.quad	0x19a4c116b8d2d0c8,0x1e376c085141ab53
	.quad	0x2748774cdf8eeb99,0x34b0bcb5e19b48a8
	.quad	0x391c0cb3c5c95a63,0x4ed8aa4ae3418acb
	.quad	0x5b9cca4f7763e373,0x682e6ff3d6b2b8a3
	.quad	0x748f82ee5defb2fc,0x78a5636f43172f60
	.quad	0x84c87814a1f0ab72,0x8cc702081a6439ec
	.quad	0x90befffa23631e28,0xa4506cebde82bde9
	.quad	0xbef9a3f7b2c67915,0xc67178f2e372532b
	.quad	0xca273eceea26619c,0xd186b8c721c0c207
	.quad	0xeada7dd6cde0eb1e,0xf57d4f7fee6ed178
	.quad	0x06f067aa72176fba,0x0a637dc5a2c898a6
	.quad	0x113f9804bef90dae,0x1b710b35131c471b
	.quad	0x28db77f523047d84,0x32caab7b40c72493
	.quad	0x3c9ebe0a15c9bebc,0x431d67c49c100d4c
	.quad	0x4cc5d4becb3e42b6,0x597f299cfc657e2a
	.quad	0x5fcb6fab3ad6faec,0x6c44198c4a475817
	.quad	0	// terminator
___
$code.=<<___ if ($SZ==4);
	.long	0x428a2f98,0x71374491,0xb5c0fbcf,0xe9b5dba5
	.long	0x3956c25b,0x59f111f1,0x923f82a4,0xab1c5ed5
	.long	0xd807aa98,0x12835b01,0x243185be,0x550c7dc3
	.long	0x72be5d74,0x80deb1fe,0x9bdc06a7,0xc19bf174
	.long	0xe49b69c1,0xefbe4786,0x0fc19dc6,0x240ca1cc
	.long	0x2de92c6f,0x4a7484aa,0x5cb0a9dc,0x76f988da
	.long	0x983e5152,0xa831c66d,0xb00327c8,0xbf597fc7
	.long	0xc6e00bf3,0xd5a79147,0x06ca6351,0x14292967
	.long	0x27b70a85,0x2e1b2138,0x4d2c6dfc,0x53380d13
	.long	0x650a7354,0x766a0abb,0x81c2c92e,0x92722c85
	.long	0xa2bfe8a1,0xa81a664b,0xc24b8b70,0xc76c51a3
	.long	0xd192e819,0xd6990624,0xf40e3585,0x106aa070
	.long	0x19a4c116,0x1e376c08,0x2748774c,0x34b0bcb5
	.long	0x391c0cb3,0x4ed8aa4a,0x5b9cca4f,0x682e6ff3
	.long	0x748f82ee,0x78a5636f,0x84c87814,0x8cc70208
	.long	0x90befffa,0xa4506ceb,0xbef9a3f7,0xc67178f2
	.long	0	//terminator
___
$code.=<<___;
.size	.LK$BITS,.-.LK$BITS
#ifndef	__KERNEL__
.align	3
.LOPENSSL_armcap_P:
# ifdef	__ILP32__
	.long	OPENSSL_armcap_P-.
# else
	.quad	OPENSSL_armcap_P-.
# endif
#endif
.asciz	""SHA$BITS block transform for ARMv8, CRYPTOGAMS by <appro\@openssl.org>""
.align	2
___

if ($SZ==4) {
my $Ktbl=""x3"";

my ($ABCD,$EFGH,$abcd)=map(""v$_.16b"",(0..2));
my @MSG=map(""v$_.16b"",(4..7));
my ($W0,$W1)=(""v16.4s"",""v17.4s"");
my ($ABCD_SAVE,$EFGH_SAVE)=(""v18.16b"",""v19.16b"");

$code.=<<___;
#ifndef	__KERNEL__
.type	sha256_block_armv8,%function
.align	6
sha256_block_armv8:
.Lv8_entry:
	stp		x29,x30,[sp,#-16]!
	add		x29,sp,#0

	ld1.32		{$ABCD,$EFGH},[$ctx]
	adr		$Ktbl,.LK256

.Loop_hw:
	ld1		{@MSG[0]-@MSG[3]},[$inp],#64
	sub		$num,$num,#1
	ld1.32		{$W0},[$Ktbl],#16
	rev32		@MSG[0],@MSG[0]
	rev32		@MSG[1],@MSG[1]
	rev32		@MSG[2],@MSG[2]
	rev32		@MSG[3],@MSG[3]
	orr		$ABCD_SAVE,$ABCD,$ABCD		// offload
	orr		$EFGH_SAVE,$EFGH,$EFGH
___
for($i=0;$i<12;$i++) {
$code.=<<___;
	ld1.32		{$W1},[$Ktbl],#16
	add.i32		$W0,$W0,@MSG[0]
	sha256su0	@MSG[0],@MSG[1]
	orr		$abcd,$ABCD,$ABCD
	sha256h		$ABCD,$EFGH,$W0
	sha256h2	$EFGH,$abcd,$W0
	sha256su1	@MSG[0],@MSG[2],@MSG[3]
___
	($W0,$W1)=($W1,$W0);	push(@MSG,shift(@MSG));
}
$code.=<<___;
	ld1.32		{$W1},[$Ktbl],#16
	add.i32		$W0,$W0,@MSG[0]
	orr		$abcd,$ABCD,$ABCD
	sha256h		$ABCD,$EFGH,$W0
	sha256h2	$EFGH,$abcd,$W0

	ld1.32		{$W0},[$Ktbl],#16
	add.i32		$W1,$W1,@MSG[1]
	orr		$abcd,$ABCD,$ABCD
	sha256h		$ABCD,$EFGH,$W1
	sha256h2	$EFGH,$abcd,$W1

	ld1.32		{$W1},[$Ktbl]
	add.i32		$W0,$W0,@MSG[2]
	sub		$Ktbl,$Ktbl,#$rounds*$SZ-16	// rewind
	orr		$abcd,$ABCD,$ABCD
	sha256h		$ABCD,$EFGH,$W0
	sha256h2	$EFGH,$abcd,$W0

	add.i32		$W1,$W1,@MSG[3]
	orr		$abcd,$ABCD,$ABCD
	sha256h		$ABCD,$EFGH,$W1
	sha256h2	$EFGH,$abcd,$W1

	add.i32		$ABCD,$ABCD,$ABCD_SAVE
	add.i32		$EFGH,$EFGH,$EFGH_SAVE

	cbnz		$num,.Loop_hw

	st1.32		{$ABCD,$EFGH},[$ctx]

	ldr		x29,[sp],#16
	ret
.size	sha256_block_armv8,.-sha256_block_armv8
#endif
___
}

$code.=<<___;
#ifndef	__KERNEL__
.comm	OPENSSL_armcap_P,4,4
#endif
___

{   my  %opcode = (
	""sha256h""	=> 0x5e004000,	""sha256h2""	=> 0x5e005000,
	""sha256su0""	=> 0x5e282800,	""sha256su1""	=> 0x5e006000	);

    sub unsha256 {
	my ($mnemonic,$arg)=@_;

	$arg =~ m/[qv]([0-9]+)[^,]*,\s*[qv]([0-9]+)[^,]*(?:,\s*[qv]([0-9]+))?/o
	&&
	sprintf "".inst\t0x%08x\t//%s %s"",
			$opcode{$mnemonic}|$1|($2<<5)|($3<<16),
			$mnemonic,$arg;
    }
}

open SELF,$0;
while(<SELF>) {
        next if (/^#!/);
        last if (!s/^#/\/\// and !/^$/);
        print;
}
close SELF;

foreach(split(""\n"",$code)) {

	s/\`([^\`]*)\`/eval($1)/geo;

	s/\b(sha256\w+)\s+([qv].*)/unsha256($1,$2)/geo;

	s/\.\w?32\b//o		and s/\.16b/\.4s/go;
	m/(ld|st)1[^\[]+\[0\]/o	and s/\.4s/\.s/go;

	print $_,""\n"";
}

close STDOUT;","ldr	$t3,[$Ktbl],#$SZ		// *K++, $t2 in next round
	add	@X[$j],@X[$j],$T1
	add	$h,$h,$t1			// h+=Sigma0(a)
	add	@X[$j],@X[$j],$T2
___
}

$code.=<<___;
.text

.extern	OPENSSL_armcap_P
.globl	$func
.type	$func,%function
.align	6
$func:
	AARCH64_SIGN_LINK_REGISTER
	stp	x29,x30,[sp,#-128]!
	add	x29,sp,#0
	stp	x19,x20,[sp,#16]
	stp	x21,x22,[sp,#32]
	stp	x23,x24,[sp,#48]
	stp	x25,x26,[sp,#64]
	stp	x27,x28,[sp,#80]

	sub	$Ktbl,$Ktbl,#$SZ*$rounds	// rewind
	cbnz	$num,.Lproceed

	ret
.size	$func,.-$func

.align	4
.L"
deepseek,deepseek-ai/DeepSeek-V3.2:novita,perl,GPL-3.0,third_party::boringssl::src::crypto::fipsmodule::sha::asm::sha512-armv8.pl,470,0.8,0,0.0,"	ldr	$t3,[$Ktbl],#$SZ		// *K++, $t2 in next round
	add	@X[$j],@X[$j],$T1
	add	$h,$h,$t1			// h+=Sigma0(a)
	add	@X[$j],@X[$j],$T2
___
	($t2,$t3)=($t3,$t2);
}

$code.=<<___;
#ifndef	__KERNEL__
# include <openssl/arm_arch.h>
#endif

.text

.extern	OPENSSL_armcap_P
.globl	$func
.type	$func,%function
.align	6
$func:
___
$code.=<<___	if ($SZ==4);
#ifndef	__KERNEL__
# ifdef	__ILP32__
	ldrsw	x16,.LOPENSSL_armcap_P
# else
	ldr	x16,.LOPENSSL_armcap_P
# endif
	adr	x17,.LOPENSSL_armcap_P
	add	x16,x16,x17
	ldr	w16,[x16]
	tst	w16,#ARMV8_SHA256
	b.ne	.Lv8_entry
#endif
___
$code.=<<___;
	stp	x29,x30,[sp,#-128]!
	add	x29,sp,#0

	stp	x19,x20,[sp,#16]
	stp	x21,x22,[sp,#32]
	stp	x23,x24,[sp,#48]
	stp	x25,x26,[sp,#64]
	stp	x27,x28,[sp,#80]
	sub	sp,sp,#4*$SZ

	ldp	$A,$B,[$ctx]				// load context
	ldp	$C,$D,[$ctx,#2*$SZ]
	ldp	$E,$F,[$ctx,#4*$SZ]
	add	$num,$inp,$num,lsl#`log(16*$SZ)/log(2)`	// end of input
	ldp	$G,$H,[$ctx,#6*$SZ]
	adr	$Ktbl,.LK$BITS
	stp	$ctx,$num,[x29,#96]

.Loop:
	ldp	@X[0],@X[1],[$inp],#2*$SZ
	ldr	$t2,[$Ktbl],#$SZ			// *K++
	eor	$t3,$B,$C				// magic seed
	str	$inp,[x29,#112]
___
for ($i=0;$i<16;$i++)	{ &BODY_00_xx($i,@V); unshift(@V,pop(@V)); }
$code.="".Loop_16_xx:\n"";
for (;$i<32;$i++)	{ &BODY_00_xx($i,@V); unshift(@V,pop(@V)); }
$code.=<<___;
	cbnz	$t2,.Loop_16_xx

	ldp	$ctx,$num,[x29,#96]
	ldr	$inp,[x29,#112]
	sub	$Ktbl,$Ktbl,#`$SZ*($rounds+1)`		// rewind

	ldp	@X[0],@X[1],[$ctx]
	ldp	@X[2],@X[3],[$ctx,#2*$SZ]
	add	$inp,$inp,#14*$SZ			// advance input pointer
	ldp	@X[4],@X[5],[$ctx,#4*$SZ]
	add	$A,$A,@X[0]
	ldp	@X[6],@X[7],[$ctx,#6*$SZ]
	add	$B,$B,@X[1]
	add	$C,$C,@X[2]
	add	$D,$D,@X[3]
	stp	$A,$B,[$ctx]
	add	$E,$E,@X[4]
	add	$F,$F,@X[5]
	stp	$C,$D,[$ctx,#2*$SZ]
	add	$G,$G,@X[6]
	add	$H,$H,@X[7]
	cmp	$inp,$num
	stp	$E,$F,[$ctx,#4*$SZ]
	stp	$G,$H,[$ctx,#6*$SZ]
	b.ne	.Loop

	ldp	x19,x20,[x29,#16]
	add	sp,sp,#4*$SZ
	ldp	x21,x22,[x29,#32]
	ldp	x23,x24,[x29,#48]
	ldp	x25,x26,[x29,#64]
	ldp	x27,x28,[x29,#80]
	ldp	x29,x30,[sp],#128
	ret
.size	$func,.-$func

.align	6
.type	.LK$BITS,%object
.LK$BITS:
___
$code.=<<___ if ($SZ==8);
	.quad	0x428a2f98d728ae22,0x7137449123ef65cd
	.quad	0xb5c0fbcfec4d3b2f,0xe9b5dba58189dbbc
	.quad	0x3956c25bf348b538,0x59f111f1b605d019
	.quad	0x923f82a4af194f9b,0xab1c5ed5da6d8118
	.quad	0xd807aa98a3030242,0x12835b0145706fbe
	.quad	0x243185be4ee4b28c,0x550c7dc3d5ffb4e2
	.quad	0x72be5d74f27b896f,0x80deb1fe3b1696b1
	.quad	0x9bdc06a725c71235,0xc19bf174cf692694
	.quad	0xe49b69c19ef14ad2,0xefbe4786384f25e3
	.quad	0x0fc19dc68b8cd5b5,0x240ca1cc77ac9c65
	.quad	0x2de92c6f592b0275,0x4a7484aa6ea6e483
	.quad	0x5cb0a9dcbd41fbd4,0x76f988da831153b5
	.quad	0x983e5152ee66dfab,0xa831c66d2db43210
	.quad	0xb00327c898fb213f,0xbf597fc7beef0ee4
	.quad	0xc6e00bf33da88fc2,0xd5a79147930aa725
	.quad	0x06ca6351e003826f,0x142929670a0e6e70
	.quad	0x27b70a8546d22ffc,0x2e1b21385c26c926
	.quad	0x4d2c6dfc5ac42aed,0x53380d139d95b3df
	.quad	0x650a73548baf63de,0x766a0abb3c77b2a8
	.quad	0x81c2c92e47edaee6,0x92722c851482353b
	.quad	0xa2bfe8a14cf10364,0xa81a664bbc423001
	.quad	0xc24b8b70d0f89791,0xc76c51a30654be30
	.quad	0xd192e819d6ef5218,0xd69906245565a910
	.quad	0xf40e35855771202a,0x106aa07032bbd1b8
	.quad	0x19a4c116b8d2d0c8,0x1e376c085141ab53
	.quad	0x2748774cdf8eeb99,0x34b0bcb5e19b48a8
	.quad	0x391c0cb3c5c95a63,0x4ed8aa4ae3418acb
	.quad	0x5b9cca4f7763e373,0x682e6ff3d6b2b8a3
	.quad	0x748f82ee5defb2fc,0x78a5636f43172f60
	.quad	0x84c87814a1f0ab72,0x8cc702081a6439ec
	.quad	0x90befffa23631e28,0xa4506cebde82bde9
	.quad	0xbef9a3f7b2c67915,0xc67178f2e372532b
	.quad	0xca273eceea26619c,0xd186b8c721c0c207
	.quad	0xeada7dd6cde0eb1e,0xf57d4f7fee6ed178
	.quad	0x06f067aa72176fba,0x0a637dc5a2c898a6
	.quad	0x113f9804bef90dae,0x1b710b35131c471b
	.quad	0x28db77f523047d84,0x32caab7b40c72493
	.quad	0x3c9ebe0a15c9bebc,0x431d67c49c100d4c
	.quad	0x4cc5d4becb3e42b6,0x597f299cfc657e2a
	.quad	0x5fcb6fab3ad6faec,0x6c44198c4a475817
	.quad	0	// terminator
___
$code.=<<___ if ($SZ==4);
	.long	0x428a2f98,0x71374491,0xb5c0fbcf,0xe9b5dba5
	.long	0x3956c25b,0x59f111f1,0x923f82a4,0xab1c5ed5
	.long	0xd807aa98,0x12835b01,0x243185be,0x550c7dc3
	.long	0x72be5d74,0x80deb1fe,0x9bdc06a7,0xc19bf174
	.long	0xe49b69c1,0xefbe4786,0x0fc19dc6,0x240ca1cc
	.long	0x2de92c6f,0x4a7484aa,0x5cb0a9dc,0x76f988da
	.long	0x983e5152,0xa831c66d,0xb00327c8,0xbf597fc7
	.long	0xc6e00bf3,0xd5a79147,0x06ca6351,0x14292967
	.long	0x27b70a85,0x2e1b2138,0x4d2c6dfc,0x53380d13
	.long	0x650a7354,0x766a0abb,0x81c2c92e,0x92722c85
	.long	0xa2bfe8a1,0xa81a664b,0xc24b8b70,0xc76c51a3
	.long	0xd192e819,0xd6990624,0xf40e3585,0x106aa070
	.long	0x19a4c116,0x1e376c08,0x2748774c,0x34b0bcb5
	.long	0x391c0cb3,0x4ed8aa4a,0x5b9cca4f,0x682e6ff3
	.long	0x748f82ee,0x78a5636f,0x84c87814,0x8cc70208
	.long	0x90befffa,0xa4506ceb,0xbef9a3f7,0xc67178f2
	.long	0	//terminator
___
$code.=<<___;
.size	.LK$BITS,.-.LK$BITS
#ifndef	__KERNEL__
.align	3
.LOPENSSL_armcap_P:
# ifdef	__ILP32__
	.long	OPENSSL_armcap_P-.
# else
	.quad	OPENSSL_armcap_P-.
# endif
#endif
.asciz	""SHA$BITS block transform for ARMv8, CRYPTOGAMS by <appro\@openssl.org>""
.align	2
___

if ($SZ==4) {
my $Ktbl=""x3"";

my ($ABCD,$EFGH,$abcd)=map(""v$_.16b"",(0..2));
my @MSG=map(""v$_.16b"",(4..7));
my ($W0,$W1)=(""v16.4s"",""v17.4s"");
my ($ABCD_SAVE,$EFGH_SAVE)=(""v18.16b"",""v19.16b"");

$code.=<<___;
#ifndef	__KERNEL__
.type	sha256_block_armv8,%function
.align	6
sha256_block_armv8:
.Lv8_entry:
	stp		x29,x30,[sp,#-16]!
	add		x29,sp,#0

	ld1.32		{$ABCD,$EFGH},[$ctx]
	adr		$Ktbl,.LK256

.Loop_hw:
	ld1		{@MSG[0]-@MSG[3]},[$inp],#64
	sub		$num,$num,#1
	ld1.32		{$W0},[$Ktbl],#16
	rev32		@MSG[0],@MSG[0]
	rev32		@MSG[1],@MSG[1]
	rev32		@MSG[2],@MSG[2]
	rev32		@MSG[3],@MSG[3]
	orr		$ABCD_SAVE,$ABCD,$ABCD		// offload
	orr		$EFGH_SAVE,$EFGH,$EFGH
___
for($i=0;$i<12;$i++) {
$code.=<<___;
	ld1.32		{$W1},[$Ktbl],#16
	add.i32		$W0,$W0,@MSG[0]
	sha256su0	@MSG[0],@MSG[1]
	orr		$abcd,$ABCD,$ABCD
	sha256h		$ABCD,$EFGH,$W0
	sha256h2	$EFGH,$abcd,$W0
	sha256su1	@MSG[0],@MSG[2],@MSG[3]
___
	($W0,$W1)=($W1,$W0);	push(@MSG,shift(@MSG));
}
$code.=<<___;
	ld1.32		{$W1},[$Ktbl],#16
	add.i32		$W0,$W0,@MSG[0]
	orr		$abcd,$ABCD,$ABCD
	sha256h		$ABCD,$EFGH,$W0
	sha256h2	$EFGH,$abcd,$W0

	ld1.32		{$W0},[$Ktbl],#16
	add.i32		$W1,$W1,@MSG[1]
	orr		$abcd,$ABCD,$ABCD
	sha256h		$ABCD,$EFGH,$W1
	sha256h2	$EFGH,$abcd,$W1

	ld1.32		{$W1},[$Ktbl]
	add.i32		$W0,$W0,@MSG[2]
	sub		$Ktbl,$Ktbl,#$rounds*$SZ-16	// rewind
	orr		$abcd,$ABCD,$ABCD
	sha256h		$ABCD,$EFGH,$W0
	sha256h2	$EFGH,$abcd,$W0

	add.i32		$W1,$W1,@MSG[3]
	orr		$abcd,$ABCD,$ABCD
	sha256h		$ABCD,$EFGH,$W1
	sha256h2	$EFGH,$abcd,$W1

	add.i32		$ABCD,$ABCD,$ABCD_SAVE
	add.i32		$EFGH,$EFGH,$EFGH_SAVE

	cbnz		$num,.Loop_hw

	st1.32		{$ABCD,$EFGH},[$ctx]

	ldr		x29,[sp],#16
	ret
.size	sha256_block_armv8,.-sha256_block_armv8
#endif
___
}

$code.=<<___;
#ifndef	__KERNEL__
.comm	OPENSSL_armcap_P,4,4
#endif
___

{   my  %opcode = (
	""sha256h""	=> 0x5e004000,	""sha256h2""	=> 0x5e005000,
	""sha256su0""	=> 0x5e282800,	""sha256su1""	=> 0x5e006000	);

    sub unsha256 {
	my ($mnemonic,$arg)=@_;

	$arg =~ m/[qv]([0-9]+)[^,]*,\s*[qv]([0-9]+)[^,]*(?:,\s*[qv]([0-9]+))?/o
	&&
	sprintf "".inst\t0x%08x\t//%s %s"",
			$opcode{$mnemonic}|$1|($2<<5)|($3<<16),
			$mnemonic,$arg;
    }
}

open SELF,$0;
while(<SELF>) {
        next if (/^#!/);
        last if (!s/^#/\/\// and !/^$/);
        print;
}
close SELF;

foreach(split(""\n"",$code)) {

	s/\`([^\`]*)\`/eval($1)/geo;

	s/\b(sha256\w+)\s+([qv].*)/unsha256($1,$2)/geo;

	s/\.\w?32\b//o		and s/\.16b/\.4s/go;
	m/(ld|st)1[^\[]+\[0\]/o	and s/\.4s/\.s/go;

	print $_,""\n"";
}

close STDOUT;","add	$h,$h,$t1			// h+=Sigma0(a)
	ldr	$t2,[$Ktbl],#$SZ		// *K++, $t3 in next round
	add	@X[$j],@X[$j],$T1
	add	@X[$j],@X[$j],$T2
___
}

$code.=<<___;
.text

.extern	OPENSSL_armcap_P
.globl	$func
.type	$func,%function
.align	6
$func:
	AARCH64_VALID_CALL_TARGET
	stp	x29,x30,[sp,#-128]!
	add	x29,sp,#0
	stp	x19,x20,[sp,#16]
	stp	x21,x22,[sp,#32]
	stp	x23,x24,[sp,#48]
	stp	x25,x26,[sp,#64]
	stp	x27,x28,[sp,#80]
	sub	sp,sp,#4*$SZ

	ldp	$A,$B,[$ctx]			// load context
	ldp	$C,$D,[$ctx,#2*$SZ]
	ldp	$E"
deepseek,deepseek-ai/DeepSeek-V3.2:novita,perl,GPL-3.0,src::perl::modules::Maltools::ToolData::Type.pm,75,0.2,0,0.030120481927710843,"  my $cls_meta = $cls->meta();
  my %cls_specs = %spec;
  foreach my $k (keys %cls_specs) {
    delete $cls_specs{$k} unless $cls_meta->get_attribute($k);
  }
  return $cls->new(%spec);
}

sub _relocate_array_value {
  my ($self,$value,$prev,$next) = @_;
  return $value if $prev eq $next;
  return [ map { return $self->relocate_value ($_,$prev,$next) } @$value ];
}

sub relocate_file_on_value {
  my ($self,$value,$prev,$next) = @_;
  if (ref($value) eq """") {
    return $self->relocate_value($value,$prev,$next);
  }
  else { # assume is ARRAY 
    for (my $i = 0; $i <= $#$value; $i++) {
       eval { $$value[$i] = $self->relocate_value($$value[$i],$prev,$next) };
    }
    return $value;
  }
}

sub relocate_value {
  my ($self,$value,$prev,$next) = @_;
  if (ref($value) eq ""ARRAY"") {
     return $self->_relocate_array_value($value,$prev,$next);
  } 
  return $value if $prev eq $next;

  my @prev = splitpath($prev);
  my @value = splitpath($value);
  my @next = splitpath($next);
  
  while ($#prev >= 0 && $#value >=0 && $prev[0] eq $value[0]) {
    shift @prev; shift @value;
  }
  while ($#next >= 0 && $#prev >=0 && $prev[$#prev] eq $next[$#next]) {
    pop @next; pop @prev;
  }
  return catpath(@next,@value) if $#prev == -1;
  die ""cannot relocate '$value' based on '$prev' to '$next'"";
}

1;","my $obj = $cls->new(%spec);
  return $obj;
}

sub get_file {
  my ($self,$file) = @_;
  $self->has_files or die ""type "".$self->name."" does not support files"";
  my $path = catfile($self->path,$file);
  -f $path or die ""file $file not found in "".$self->name;
  return $path;
}

sub path {
  my ($self) = @_;
  return $self->{path} if exists $self->{path};
  my $name = $self->name;
  my $path = catfile($self->tool_data_path,$name);
  -d $path or die ""tool-data directory for $name not found at $path"";
  $self->{path} = $path;
  return $path;
}

sub tool_data_path {
  my ($self) = @_;
  return $self->{tool_data_path} if exists $self->{tool_data_path};
  die ""tool_data_path not set"";
}

sub set_tool_data_path {
  my ($self,$path) = @_;
  $self->{tool_data_path} = $path;"
deepseek,deepseek-ai/DeepSeek-V3.2:novita,perl,GPL-3.0,src::perl::modules::Maltools::ToolData::Type.pm,75,0.4,0,0.023121387283236993,"  my $cls_meta = $cls->meta();
  my %cls_specs = %spec;
  foreach my $k (keys %cls_specs) {
    delete $cls_specs{$k} unless $cls_meta->get_attribute($k);
  }
  return $cls->new(%spec);
}

sub _relocate_array_value {
  my ($self,$value,$prev,$next) = @_;
  return $value if $prev eq $next;
  return [ map { return $self->relocate_value ($_,$prev,$next) } @$value ];
}

sub relocate_file_on_value {
  my ($self,$value,$prev,$next) = @_;
  if (ref($value) eq """") {
    return $self->relocate_value($value,$prev,$next);
  }
  else { # assume is ARRAY 
    for (my $i = 0; $i <= $#$value; $i++) {
       eval { $$value[$i] = $self->relocate_value($$value[$i],$prev,$next) };
    }
    return $value;
  }
}

sub relocate_value {
  my ($self,$value,$prev,$next) = @_;
  if (ref($value) eq ""ARRAY"") {
     return $self->_relocate_array_value($value,$prev,$next);
  } 
  return $value if $prev eq $next;

  my @prev = splitpath($prev);
  my @value = splitpath($value);
  my @next = splitpath($next);
  
  while ($#prev >= 0 && $#value >=0 && $prev[0] eq $value[0]) {
    shift @prev; shift @value;
  }
  while ($#next >= 0 && $#prev >=0 && $prev[$#prev] eq $next[$#next]) {
    pop @next; pop @prev;
  }
  return catpath(@next,@value) if $#prev == -1;
  die ""cannot relocate '$value' based on '$prev' to '$next'"";
}

1;","return $cls->new(%spec);
}

sub load {
  my ($self,$path) = @_;
  
  my $data = {};
  
  if ($self->has_files) {
    my $file = catfile($path,'type.json');
    if (-f $file) {
      open my $fh, '<:utf8', $file or die ""cannot open $file: $!"";
      local $/ = undef;
      my $json = <$fh>;
      close $fh;
      $data = $self->decode_json($json);
    }
  } else {
    $data = $self->decode_json_file(catfile($path,'data.json'));
  }
  
  return $data;
}

sub decode_json {
  my ($self,$json) = @_;
  require JSON::PP;
  return JSON::PP::decode_json($json);
}

sub decode_json_file {
  my ($self,$file) = @_;
  open my $fh, '<:utf8', $file or die ""cannot open $file: $!"";
  local $/ = undef;
  my $json = <$fh>;
  close $fh;
  return $self->decode_json($json);"
deepseek,deepseek-ai/DeepSeek-V3.2:novita,perl,GPL-3.0,src::perl::modules::Maltools::ToolData::Type.pm,75,0.8,0,0.09433962264150944,"  my $cls_meta = $cls->meta();
  my %cls_specs = %spec;
  foreach my $k (keys %cls_specs) {
    delete $cls_specs{$k} unless $cls_meta->get_attribute($k);
  }
  return $cls->new(%spec);
}

sub _relocate_array_value {
  my ($self,$value,$prev,$next) = @_;
  return $value if $prev eq $next;
  return [ map { return $self->relocate_value ($_,$prev,$next) } @$value ];
}

sub relocate_file_on_value {
  my ($self,$value,$prev,$next) = @_;
  if (ref($value) eq """") {
    return $self->relocate_value($value,$prev,$next);
  }
  else { # assume is ARRAY 
    for (my $i = 0; $i <= $#$value; $i++) {
       eval { $$value[$i] = $self->relocate_value($$value[$i],$prev,$next) };
    }
    return $value;
  }
}

sub relocate_value {
  my ($self,$value,$prev,$next) = @_;
  if (ref($value) eq ""ARRAY"") {
     return $self->_relocate_array_value($value,$prev,$next);
  } 
  return $value if $prev eq $next;

  my @prev = splitpath($prev);
  my @value = splitpath($value);
  my @next = splitpath($next);
  
  while ($#prev >= 0 && $#value >=0 && $prev[0] eq $value[0]) {
    shift @prev; shift @value;
  }
  while ($#next >= 0 && $#prev >=0 && $prev[$#prev] eq $next[$#next]) {
    pop @next; pop @prev;
  }
  return catpath(@next,@value) if $#prev == -1;
  die ""cannot relocate '$value' based on '$prev' to '$next'"";
}

1;","my $inst = $cls->new(%spec);
  return $inst;
}

sub all_file_paths {
  my ($self,$tool_data_path,$base) = @_;
  $self->can('_file_paths') or return ();
  return $self->_file_paths($tool_data_path,$base);
}

sub _single_file_path {
  my ($self,$tool_data_path,$base,$suffix) = @_;
  return catfile($tool_data_path,$base.$suffix);
}

sub load_file {
  my ($self, $path) = @_;
  open my $fh, '<', $path or die ""Cannot open $path: $!"";
  my $content = do { local $/; <$fh> };
  close $fh;
  return $content;
}

no Moose;
__PACKAGE__->meta->make_immutable;

1;"
deepseek,deepseek-ai/DeepSeek-V3.2:novita,perl,GPL-3.0,lib::Munin::MySQL::Graph::InnoDB.pm,453,0.2,0,0.8992974238875878,"        data_sources => [
            { name  => 'Innodb_lsn_current',
              label => 'Current',
              info  => 'Log sequence number as shown in the LOG section of the SHOW ENGINE INNODB STATUS output.',
              value  => sub {
                                $_[0]->{ib_log_written}
                            }
            },
            { name  => 'Innodb_lsn_flushed',
              label => 'Flushed',
              info  => 'Flushed up to log sequence number as shown in the LOG section of the SHOW ENGINE INNODB ',
              value  => sub {
                                $_[0]->{ib_log_flush}
                            },
            },
            { name  => 'Innodb_lsn_last_checkpoint', 
              label => 'Last checkpoint',
              info  => 'Log sequence number last checkpoint as shown in the LOG section of the SHOW ENGINE INNODB STATUS output.',
              value  => sub {
                                $_[0]->{ib_log_checkpoint}
                            },
            },
        ],
    },

    
    #---------------------------------------------------------------------
    
    innodb_srv_master_thread => {
        config => {
            global_attrs => {
                title  => 'InnoDB Master Thread',
            },
            data_source_attrs => {
                draw => 'AREASTACK',
            },
        },
        data_sources => [
            {name => 'Innodb_master_thread_active_loops', label => 'Active Loops'},
            {name => 'Innodb_master_thread_idle_loops',   label => 'Idle Loops'},
            {name => 'ib_srv_main_flush_loops',      label => 'Flush Loop'},
            {name => 'ib_srv_main_background_loops', label => 'Background Loop'},
            {name => 'ib_srv_main_flushs_writes',    label => 'Flushes/Writes', draw  => 'LINE1'},
        ],
    },

    #---------------------------------------------------------------------

    innodb_read_views => {
        config => {
            global_attrs => {
                title  => 'InnoDB Read Views',
                args   => '--lower-limit 0',
            },
            data_source_attrs => {
                type  => 'GAUGE',
            },
        },
        data_sources => [
            {name => 'ib_innodb_read_views', label => 'Views'},
        ],
    },


    #---------------------------------------------------------------------

    innodb_descriptors => {
        config => {
            global_attrs => {
                title  => 'InnoDB Descriptors',
                args   => '--lower-limit 0',
            },
            data_source_attrs => {
                type  => 'GAUGE',
            },
        },
        data_sources => [
            {name => 'ib_innodb_descriptors', label => 'Descriptors'},
            {name => 'ib_innodb_descriptors_max', label => 'Max', draw => 'AREA', colour => 'ffd660'},
        ],
    },

    #---------------------------------------------------------------------

    innodb_queries => {
        config => {
            global_attrs => {
                title  => 'InnoDB Engine Queries and Transactions',
                args   => '--lower-limit 0',
            },
            data_source_attrs => {
                type => 'GAUGE',
            },
        },
        data_sources => [
            {name => 'ib_innodb_queries', label => 'Active'},
            {name => 'ib_innodb_transactions_active', label => 'Transactions'},
            {name => 'ib_innodb_rw_transactions_active', label => 'RW Transactions'},
            {name => 'ib_innodb_ro_transactions_active', label => 'RO Transactions'},
            {name => 'ib_innodb_query_queue_len', label => 'Queued'},
        ],
    },
    
    #---------------------------------------------------------------------
    
    innodb_insert_buf => {
        config => {
            global_attrs => {
                title  => 'InnoDB Insert Buffer',
                vlabel => 'Activity per ${graph_period}',
            },
            data_source_attrs => {
                draw => 'LINE1',
            },
        },
        data_sources => [
            {name => 'ib_ibuf_inserts',    label => 'Merge Inserts',
                                           info  => 'These values shows statistics about how many buffer operations InnoDB has done. The ratio of merges to inserts gives a good idea of how efficient the buffer is.'},
            {name => 'ib_ibuf_delete',     label => 'Merge Deletes'},
            {name => 'ib_ibuf_merged_rec', label => 'Merged Records'},
            {name => 'ib_ibuf_merges',     label => 'Merges'},
            {name => 'ib_ibuf_discard_inserts', label => 'Discard Inserts'},
            {name => 'ib_ibuf_discard_delete',  label => 'Discard Deletes'},
        ],
    },
      
    #---------------------------------------------------------------------
    
    innodb_insert_buf_size => {
        config => {
            global_attrs => {
                title  => 'InnoDB Insert Buffer Size',
                vlabel => 'Pages',
                args   => ""-l 0"",
            },
            data_source_attrs => {
                draw  => 'LINE1',
                type  => 'GAUGE',
            },
        },
        data_sources => [
            {name => 'ib_ibuf_seg_size', label  => 'Segment size',
                                         draw   => 'AREA',
                                         colour => 'cdcfc4',
                                         info   => 'Allocated size of insert buffer segment.'},
            {name => 'ib_ibuf_size',     label  => 'Unmerged pages',
                                         colour => '0022ff',
                                         info   => 'Number of pages containing unmerged records.'},
            {name => 'ib_ibuf_free_len', label  => 'Free pages',
                                         info   => 'Number of pages which are free.'},
        ],
    },
    
    #---------------------------------------------------------------------
    
    innodb_io => {
        config => {
            global_attrs => {
                title  => 'InnoDB IO',
                vlabel => 'IO operations per ${graph_period}',
            },
            data_source_attrs => {
                draw => 'LINE1',
            },
        },
        data_sources => [
            {name => 'ib_io_read',  label => 'File reads',
                                    info  => 'The number of calls to the OS read function.'},
            {name => 'ib_io_write', label => 'File writes',
                                    info  => 'The number of calls to the OS write function.'},
            {name => 'ib_io_log',   label => 'Log writes',
                                    info  => 'The number of calls to the OS write function that is caused by the log subsystem.'},
            {name => 'ib_io_fsync', label => 'File syncs',
                                    info  => 'The number of calls to the OS fsync function.'},
        ],
    },
    
    #---------------------------------------------------------------------
    
    innodb_io_pend => {
        config => {
            global_attrs => {
                title  => 'InnoDB IO Pending',
                vlabel => 'Pending operations',
            },
            data_source_attrs => {
                draw => 'LINE1',
            },
        },
        data_sources => [
            {name => 'ib_iop_log',         label => 'AIO Log'},
            {name => 'ib_iop_sync',        label => 'AIO Sync'},
            {name => 'ib_iop_flush_bpool', label => 'Buf Pool Flush'},
            {name => 'ib_iop_flush_log',   label => 'Log Flushes'},
            {name => 'ib_iop_ibuf_aio',    label => 'Insert Buf AIO Read'},
            {name => 'ib_iop_aioread',     label => 'Normal AIO Reads'},
            {name => 'ib_iop_aiowrite',    label => 'Normal AIO Writes'},
        ],
    },
    
    #---------------------------------------------------------------------
    
    innodb_log => {
        config => {
            global_attrs => {
                title  => 'InnoDB Log',
                vlabel => 'Log activity per ${graph_period}',
            },
            data_source_attrs => {
                draw => 'LINE1',
            },
        },
        data_sources => [
            {name => 'innodb_log_buffer_size', label  => 'Buffer Size',
                                               type   => 'GAUGE',
                                               draw   => 'AREA',
                                               colour => 'fafd9e',
                                               info   => 'The size in bytes of the buffer that InnoDB  uses to write to the log files on disk.'},
            {name => 'ib_log_flush',           label => 'KB Flushed',
                                               info  => 'Number of bytes flushed to the transaction log file.'},
            {name => 'ib_log_written',         label => 'KB Written',
                                               info  => 'Number of bytes written to the transaction log buffer.'},
        ],
    },
    
    #---------------------------------------------------------------------
    
    innodb_rows => {
        config => {
            global_attrs => {
                title  => 'InnoDB Row Operations',
                vlabel => 'Operations per ${graph_period}',
                total  => 'Total',
            },
            data_source_attrs => {},
        },
        data_sources => [
            {name => 'Innodb_rows_deleted',  label => 'Deletes',
                                             info  => 'The number of rows deleted from InnoDB tables.'},
            {name => 'Innodb_rows_inserted', label => 'Inserts',
                                             info  => 'The number of rows inserted into InnoDB tables.'},
            {name => 'Innodb_rows_read',     label => 'Reads',
                                             info  => 'The number of rows read from InnoDB tables.'},
            {name => 'Innodb_rows_updated',  label => 'Updates',
                                             info  => 'The number of rows updated in InnoDB tables.'},
        ],
    },
    
    #---------------------------------------------------------------------
    
    innodb_semaphores => {
        config => {
            global_attrs => {
                title  => 'InnoDB Semaphores',
                vlabel => 'Semaphores per ${graph_period}',
            },
            data_source_attrs => {
                draw  => 'LINE1',
            },
        },
        data_sources => [
            {name => 'ib_spin_rounds', label => 'Spin Rounds'},
            {name => 'ib_spin_waits',  label => 'Spin Waits'},
            {name => 'ib_os_waits',    label => 'OS Waits'},
            {name => 'ib_rw_shared_rounds', label => 'RW/S Rounds'},
            {name => 'ib_rw_shared_waits',  label => 'RW/S Waits'},
            {name => 'ib_rw_shared_os_waits',    label => 'RW/S OS Waits'},
            {name => 'ib_rw_excl_rounds', label => 'RW/X Rounds'},
            {name => 'ib_rw_excl_waits',  label => 'RW/X Waits'},
            {name => 'ib_rw_excl_os_waits',    label => 'RW/X OS Waits'},
        ],
    },
    
    #---------------------------------------------------------------------
    
    innodb_tnx => {
        config => {
            global_attrs => {
                title  => 'InnoDB Transactions',
                vlabel => 'Transactions per ${graph_period}',
            },
            data_source_attrs => {
                draw  => 'LINE1',
            },
        },
        data_sources => [
            {name => 'ib_tnx', label => 'Transactions created',
                               info  => 'Number of transactions created.'},
        ],
    },
}}

1;
","data_sources => [
            {name => 'ib_log_lsn', label => 'Log sequence number',
                                   info  => 'Current LSN (Log Sequence Number).'},
            {name => 'ib_log_lsn_chkpt', label => 'Last checkpoint LSN',
                                         info  => 'LSN at last checkpoint.'},
        ],
    },

    #---------------------------------------------------------------------

    innodb_lock_waits => {
        config => {
            global_attrs => {
                title  => 'InnoDB Lock Waits',
                vlabel => 'Waits per ${graph_period}',
            },
            data_source_attrs => {
                draw => 'LINE1',
            },
        },
        data_sources => [
            {name => 'ib_lock_wait_secs', label => 'Lock wait time',
                                          info  => 'Total time in seconds spent waiting for locks.',
                                          cdef  => '0,UN,0,IF'},
            {name => 'ib_lock_wait_cnt',  label => 'Lock wait count',
                                          info  => 'Total number of lock waits.'},
        ],
    },

    #---------------------------------------------------------------------

    innodb_row_operations => {
        config => {
            global_attrs => {"
deepseek,deepseek-ai/DeepSeek-V3.2:novita,perl,GPL-3.0,lib::Munin::MySQL::Graph::InnoDB.pm,453,0.4,0,0.8764568764568764,"        data_sources => [
            { name  => 'Innodb_lsn_current',
              label => 'Current',
              info  => 'Log sequence number as shown in the LOG section of the SHOW ENGINE INNODB STATUS output.',
              value  => sub {
                                $_[0]->{ib_log_written}
                            }
            },
            { name  => 'Innodb_lsn_flushed',
              label => 'Flushed',
              info  => 'Flushed up to log sequence number as shown in the LOG section of the SHOW ENGINE INNODB ',
              value  => sub {
                                $_[0]->{ib_log_flush}
                            },
            },
            { name  => 'Innodb_lsn_last_checkpoint', 
              label => 'Last checkpoint',
              info  => 'Log sequence number last checkpoint as shown in the LOG section of the SHOW ENGINE INNODB STATUS output.',
              value  => sub {
                                $_[0]->{ib_log_checkpoint}
                            },
            },
        ],
    },

    
    #---------------------------------------------------------------------
    
    innodb_srv_master_thread => {
        config => {
            global_attrs => {
                title  => 'InnoDB Master Thread',
            },
            data_source_attrs => {
                draw => 'AREASTACK',
            },
        },
        data_sources => [
            {name => 'Innodb_master_thread_active_loops', label => 'Active Loops'},
            {name => 'Innodb_master_thread_idle_loops',   label => 'Idle Loops'},
            {name => 'ib_srv_main_flush_loops',      label => 'Flush Loop'},
            {name => 'ib_srv_main_background_loops', label => 'Background Loop'},
            {name => 'ib_srv_main_flushs_writes',    label => 'Flushes/Writes', draw  => 'LINE1'},
        ],
    },

    #---------------------------------------------------------------------

    innodb_read_views => {
        config => {
            global_attrs => {
                title  => 'InnoDB Read Views',
                args   => '--lower-limit 0',
            },
            data_source_attrs => {
                type  => 'GAUGE',
            },
        },
        data_sources => [
            {name => 'ib_innodb_read_views', label => 'Views'},
        ],
    },


    #---------------------------------------------------------------------

    innodb_descriptors => {
        config => {
            global_attrs => {
                title  => 'InnoDB Descriptors',
                args   => '--lower-limit 0',
            },
            data_source_attrs => {
                type  => 'GAUGE',
            },
        },
        data_sources => [
            {name => 'ib_innodb_descriptors', label => 'Descriptors'},
            {name => 'ib_innodb_descriptors_max', label => 'Max', draw => 'AREA', colour => 'ffd660'},
        ],
    },

    #---------------------------------------------------------------------

    innodb_queries => {
        config => {
            global_attrs => {
                title  => 'InnoDB Engine Queries and Transactions',
                args   => '--lower-limit 0',
            },
            data_source_attrs => {
                type => 'GAUGE',
            },
        },
        data_sources => [
            {name => 'ib_innodb_queries', label => 'Active'},
            {name => 'ib_innodb_transactions_active', label => 'Transactions'},
            {name => 'ib_innodb_rw_transactions_active', label => 'RW Transactions'},
            {name => 'ib_innodb_ro_transactions_active', label => 'RO Transactions'},
            {name => 'ib_innodb_query_queue_len', label => 'Queued'},
        ],
    },
    
    #---------------------------------------------------------------------
    
    innodb_insert_buf => {
        config => {
            global_attrs => {
                title  => 'InnoDB Insert Buffer',
                vlabel => 'Activity per ${graph_period}',
            },
            data_source_attrs => {
                draw => 'LINE1',
            },
        },
        data_sources => [
            {name => 'ib_ibuf_inserts',    label => 'Merge Inserts',
                                           info  => 'These values shows statistics about how many buffer operations InnoDB has done. The ratio of merges to inserts gives a good idea of how efficient the buffer is.'},
            {name => 'ib_ibuf_delete',     label => 'Merge Deletes'},
            {name => 'ib_ibuf_merged_rec', label => 'Merged Records'},
            {name => 'ib_ibuf_merges',     label => 'Merges'},
            {name => 'ib_ibuf_discard_inserts', label => 'Discard Inserts'},
            {name => 'ib_ibuf_discard_delete',  label => 'Discard Deletes'},
        ],
    },
      
    #---------------------------------------------------------------------
    
    innodb_insert_buf_size => {
        config => {
            global_attrs => {
                title  => 'InnoDB Insert Buffer Size',
                vlabel => 'Pages',
                args   => ""-l 0"",
            },
            data_source_attrs => {
                draw  => 'LINE1',
                type  => 'GAUGE',
            },
        },
        data_sources => [
            {name => 'ib_ibuf_seg_size', label  => 'Segment size',
                                         draw   => 'AREA',
                                         colour => 'cdcfc4',
                                         info   => 'Allocated size of insert buffer segment.'},
            {name => 'ib_ibuf_size',     label  => 'Unmerged pages',
                                         colour => '0022ff',
                                         info   => 'Number of pages containing unmerged records.'},
            {name => 'ib_ibuf_free_len', label  => 'Free pages',
                                         info   => 'Number of pages which are free.'},
        ],
    },
    
    #---------------------------------------------------------------------
    
    innodb_io => {
        config => {
            global_attrs => {
                title  => 'InnoDB IO',
                vlabel => 'IO operations per ${graph_period}',
            },
            data_source_attrs => {
                draw => 'LINE1',
            },
        },
        data_sources => [
            {name => 'ib_io_read',  label => 'File reads',
                                    info  => 'The number of calls to the OS read function.'},
            {name => 'ib_io_write', label => 'File writes',
                                    info  => 'The number of calls to the OS write function.'},
            {name => 'ib_io_log',   label => 'Log writes',
                                    info  => 'The number of calls to the OS write function that is caused by the log subsystem.'},
            {name => 'ib_io_fsync', label => 'File syncs',
                                    info  => 'The number of calls to the OS fsync function.'},
        ],
    },
    
    #---------------------------------------------------------------------
    
    innodb_io_pend => {
        config => {
            global_attrs => {
                title  => 'InnoDB IO Pending',
                vlabel => 'Pending operations',
            },
            data_source_attrs => {
                draw => 'LINE1',
            },
        },
        data_sources => [
            {name => 'ib_iop_log',         label => 'AIO Log'},
            {name => 'ib_iop_sync',        label => 'AIO Sync'},
            {name => 'ib_iop_flush_bpool', label => 'Buf Pool Flush'},
            {name => 'ib_iop_flush_log',   label => 'Log Flushes'},
            {name => 'ib_iop_ibuf_aio',    label => 'Insert Buf AIO Read'},
            {name => 'ib_iop_aioread',     label => 'Normal AIO Reads'},
            {name => 'ib_iop_aiowrite',    label => 'Normal AIO Writes'},
        ],
    },
    
    #---------------------------------------------------------------------
    
    innodb_log => {
        config => {
            global_attrs => {
                title  => 'InnoDB Log',
                vlabel => 'Log activity per ${graph_period}',
            },
            data_source_attrs => {
                draw => 'LINE1',
            },
        },
        data_sources => [
            {name => 'innodb_log_buffer_size', label  => 'Buffer Size',
                                               type   => 'GAUGE',
                                               draw   => 'AREA',
                                               colour => 'fafd9e',
                                               info   => 'The size in bytes of the buffer that InnoDB  uses to write to the log files on disk.'},
            {name => 'ib_log_flush',           label => 'KB Flushed',
                                               info  => 'Number of bytes flushed to the transaction log file.'},
            {name => 'ib_log_written',         label => 'KB Written',
                                               info  => 'Number of bytes written to the transaction log buffer.'},
        ],
    },
    
    #---------------------------------------------------------------------
    
    innodb_rows => {
        config => {
            global_attrs => {
                title  => 'InnoDB Row Operations',
                vlabel => 'Operations per ${graph_period}',
                total  => 'Total',
            },
            data_source_attrs => {},
        },
        data_sources => [
            {name => 'Innodb_rows_deleted',  label => 'Deletes',
                                             info  => 'The number of rows deleted from InnoDB tables.'},
            {name => 'Innodb_rows_inserted', label => 'Inserts',
                                             info  => 'The number of rows inserted into InnoDB tables.'},
            {name => 'Innodb_rows_read',     label => 'Reads',
                                             info  => 'The number of rows read from InnoDB tables.'},
            {name => 'Innodb_rows_updated',  label => 'Updates',
                                             info  => 'The number of rows updated in InnoDB tables.'},
        ],
    },
    
    #---------------------------------------------------------------------
    
    innodb_semaphores => {
        config => {
            global_attrs => {
                title  => 'InnoDB Semaphores',
                vlabel => 'Semaphores per ${graph_period}',
            },
            data_source_attrs => {
                draw  => 'LINE1',
            },
        },
        data_sources => [
            {name => 'ib_spin_rounds', label => 'Spin Rounds'},
            {name => 'ib_spin_waits',  label => 'Spin Waits'},
            {name => 'ib_os_waits',    label => 'OS Waits'},
            {name => 'ib_rw_shared_rounds', label => 'RW/S Rounds'},
            {name => 'ib_rw_shared_waits',  label => 'RW/S Waits'},
            {name => 'ib_rw_shared_os_waits',    label => 'RW/S OS Waits'},
            {name => 'ib_rw_excl_rounds', label => 'RW/X Rounds'},
            {name => 'ib_rw_excl_waits',  label => 'RW/X Waits'},
            {name => 'ib_rw_excl_os_waits',    label => 'RW/X OS Waits'},
        ],
    },
    
    #---------------------------------------------------------------------
    
    innodb_tnx => {
        config => {
            global_attrs => {
                title  => 'InnoDB Transactions',
                vlabel => 'Transactions per ${graph_period}',
            },
            data_source_attrs => {
                draw  => 'LINE1',
            },
        },
        data_sources => [
            {name => 'ib_tnx', label => 'Transactions created',
                               info  => 'Number of transactions created.'},
        ],
    },
}}

1;
","data_sources => [
            {name => 'ib_lsn_current', label => 'Current LSN',
                                       info  => 'Current log sequence number.'},
            {name => 'ib_lsn_flushed', label => 'Flushed LSN',
                                       info  => 'Last log sequence number written to disk.'},
            {name => 'ib_lsn_last_chkpt', label => 'Last Checkpoint LSN',
                                           info  => 'Log sequence number at last checkpoint.'},
        ],
    },

    #---------------------------------------------------------------------

    innodb_insert_buffer => {
        config => {
            global_attrs => {
                title  => 'InnoDB Insert Buffer',
                vlabel => 'Operations per ${graph_period}',
                args   => '--base 1024 -l 0',
            },
            data_source_attrs => {
                draw => 'LINE1',
            },
        },
        data_sources => [
            {name => 'ib_ibuf_inserts', label => 'Inserts',
                                        info  => 'Number of records inserted into the insert buffer.'},
            {name => 'ib_ibuf_merges',  label => 'Merges',
                                        info  => 'Number of insert buffer"
deepseek,deepseek-ai/DeepSeek-V3.2:novita,perl,GPL-3.0,lib::Munin::MySQL::Graph::InnoDB.pm,453,0.8,0,0.8614318706697459,"        data_sources => [
            { name  => 'Innodb_lsn_current',
              label => 'Current',
              info  => 'Log sequence number as shown in the LOG section of the SHOW ENGINE INNODB STATUS output.',
              value  => sub {
                                $_[0]->{ib_log_written}
                            }
            },
            { name  => 'Innodb_lsn_flushed',
              label => 'Flushed',
              info  => 'Flushed up to log sequence number as shown in the LOG section of the SHOW ENGINE INNODB ',
              value  => sub {
                                $_[0]->{ib_log_flush}
                            },
            },
            { name  => 'Innodb_lsn_last_checkpoint', 
              label => 'Last checkpoint',
              info  => 'Log sequence number last checkpoint as shown in the LOG section of the SHOW ENGINE INNODB STATUS output.',
              value  => sub {
                                $_[0]->{ib_log_checkpoint}
                            },
            },
        ],
    },

    
    #---------------------------------------------------------------------
    
    innodb_srv_master_thread => {
        config => {
            global_attrs => {
                title  => 'InnoDB Master Thread',
            },
            data_source_attrs => {
                draw => 'AREASTACK',
            },
        },
        data_sources => [
            {name => 'Innodb_master_thread_active_loops', label => 'Active Loops'},
            {name => 'Innodb_master_thread_idle_loops',   label => 'Idle Loops'},
            {name => 'ib_srv_main_flush_loops',      label => 'Flush Loop'},
            {name => 'ib_srv_main_background_loops', label => 'Background Loop'},
            {name => 'ib_srv_main_flushs_writes',    label => 'Flushes/Writes', draw  => 'LINE1'},
        ],
    },

    #---------------------------------------------------------------------

    innodb_read_views => {
        config => {
            global_attrs => {
                title  => 'InnoDB Read Views',
                args   => '--lower-limit 0',
            },
            data_source_attrs => {
                type  => 'GAUGE',
            },
        },
        data_sources => [
            {name => 'ib_innodb_read_views', label => 'Views'},
        ],
    },


    #---------------------------------------------------------------------

    innodb_descriptors => {
        config => {
            global_attrs => {
                title  => 'InnoDB Descriptors',
                args   => '--lower-limit 0',
            },
            data_source_attrs => {
                type  => 'GAUGE',
            },
        },
        data_sources => [
            {name => 'ib_innodb_descriptors', label => 'Descriptors'},
            {name => 'ib_innodb_descriptors_max', label => 'Max', draw => 'AREA', colour => 'ffd660'},
        ],
    },

    #---------------------------------------------------------------------

    innodb_queries => {
        config => {
            global_attrs => {
                title  => 'InnoDB Engine Queries and Transactions',
                args   => '--lower-limit 0',
            },
            data_source_attrs => {
                type => 'GAUGE',
            },
        },
        data_sources => [
            {name => 'ib_innodb_queries', label => 'Active'},
            {name => 'ib_innodb_transactions_active', label => 'Transactions'},
            {name => 'ib_innodb_rw_transactions_active', label => 'RW Transactions'},
            {name => 'ib_innodb_ro_transactions_active', label => 'RO Transactions'},
            {name => 'ib_innodb_query_queue_len', label => 'Queued'},
        ],
    },
    
    #---------------------------------------------------------------------
    
    innodb_insert_buf => {
        config => {
            global_attrs => {
                title  => 'InnoDB Insert Buffer',
                vlabel => 'Activity per ${graph_period}',
            },
            data_source_attrs => {
                draw => 'LINE1',
            },
        },
        data_sources => [
            {name => 'ib_ibuf_inserts',    label => 'Merge Inserts',
                                           info  => 'These values shows statistics about how many buffer operations InnoDB has done. The ratio of merges to inserts gives a good idea of how efficient the buffer is.'},
            {name => 'ib_ibuf_delete',     label => 'Merge Deletes'},
            {name => 'ib_ibuf_merged_rec', label => 'Merged Records'},
            {name => 'ib_ibuf_merges',     label => 'Merges'},
            {name => 'ib_ibuf_discard_inserts', label => 'Discard Inserts'},
            {name => 'ib_ibuf_discard_delete',  label => 'Discard Deletes'},
        ],
    },
      
    #---------------------------------------------------------------------
    
    innodb_insert_buf_size => {
        config => {
            global_attrs => {
                title  => 'InnoDB Insert Buffer Size',
                vlabel => 'Pages',
                args   => ""-l 0"",
            },
            data_source_attrs => {
                draw  => 'LINE1',
                type  => 'GAUGE',
            },
        },
        data_sources => [
            {name => 'ib_ibuf_seg_size', label  => 'Segment size',
                                         draw   => 'AREA',
                                         colour => 'cdcfc4',
                                         info   => 'Allocated size of insert buffer segment.'},
            {name => 'ib_ibuf_size',     label  => 'Unmerged pages',
                                         colour => '0022ff',
                                         info   => 'Number of pages containing unmerged records.'},
            {name => 'ib_ibuf_free_len', label  => 'Free pages',
                                         info   => 'Number of pages which are free.'},
        ],
    },
    
    #---------------------------------------------------------------------
    
    innodb_io => {
        config => {
            global_attrs => {
                title  => 'InnoDB IO',
                vlabel => 'IO operations per ${graph_period}',
            },
            data_source_attrs => {
                draw => 'LINE1',
            },
        },
        data_sources => [
            {name => 'ib_io_read',  label => 'File reads',
                                    info  => 'The number of calls to the OS read function.'},
            {name => 'ib_io_write', label => 'File writes',
                                    info  => 'The number of calls to the OS write function.'},
            {name => 'ib_io_log',   label => 'Log writes',
                                    info  => 'The number of calls to the OS write function that is caused by the log subsystem.'},
            {name => 'ib_io_fsync', label => 'File syncs',
                                    info  => 'The number of calls to the OS fsync function.'},
        ],
    },
    
    #---------------------------------------------------------------------
    
    innodb_io_pend => {
        config => {
            global_attrs => {
                title  => 'InnoDB IO Pending',
                vlabel => 'Pending operations',
            },
            data_source_attrs => {
                draw => 'LINE1',
            },
        },
        data_sources => [
            {name => 'ib_iop_log',         label => 'AIO Log'},
            {name => 'ib_iop_sync',        label => 'AIO Sync'},
            {name => 'ib_iop_flush_bpool', label => 'Buf Pool Flush'},
            {name => 'ib_iop_flush_log',   label => 'Log Flushes'},
            {name => 'ib_iop_ibuf_aio',    label => 'Insert Buf AIO Read'},
            {name => 'ib_iop_aioread',     label => 'Normal AIO Reads'},
            {name => 'ib_iop_aiowrite',    label => 'Normal AIO Writes'},
        ],
    },
    
    #---------------------------------------------------------------------
    
    innodb_log => {
        config => {
            global_attrs => {
                title  => 'InnoDB Log',
                vlabel => 'Log activity per ${graph_period}',
            },
            data_source_attrs => {
                draw => 'LINE1',
            },
        },
        data_sources => [
            {name => 'innodb_log_buffer_size', label  => 'Buffer Size',
                                               type   => 'GAUGE',
                                               draw   => 'AREA',
                                               colour => 'fafd9e',
                                               info   => 'The size in bytes of the buffer that InnoDB  uses to write to the log files on disk.'},
            {name => 'ib_log_flush',           label => 'KB Flushed',
                                               info  => 'Number of bytes flushed to the transaction log file.'},
            {name => 'ib_log_written',         label => 'KB Written',
                                               info  => 'Number of bytes written to the transaction log buffer.'},
        ],
    },
    
    #---------------------------------------------------------------------
    
    innodb_rows => {
        config => {
            global_attrs => {
                title  => 'InnoDB Row Operations',
                vlabel => 'Operations per ${graph_period}',
                total  => 'Total',
            },
            data_source_attrs => {},
        },
        data_sources => [
            {name => 'Innodb_rows_deleted',  label => 'Deletes',
                                             info  => 'The number of rows deleted from InnoDB tables.'},
            {name => 'Innodb_rows_inserted', label => 'Inserts',
                                             info  => 'The number of rows inserted into InnoDB tables.'},
            {name => 'Innodb_rows_read',     label => 'Reads',
                                             info  => 'The number of rows read from InnoDB tables.'},
            {name => 'Innodb_rows_updated',  label => 'Updates',
                                             info  => 'The number of rows updated in InnoDB tables.'},
        ],
    },
    
    #---------------------------------------------------------------------
    
    innodb_semaphores => {
        config => {
            global_attrs => {
                title  => 'InnoDB Semaphores',
                vlabel => 'Semaphores per ${graph_period}',
            },
            data_source_attrs => {
                draw  => 'LINE1',
            },
        },
        data_sources => [
            {name => 'ib_spin_rounds', label => 'Spin Rounds'},
            {name => 'ib_spin_waits',  label => 'Spin Waits'},
            {name => 'ib_os_waits',    label => 'OS Waits'},
            {name => 'ib_rw_shared_rounds', label => 'RW/S Rounds'},
            {name => 'ib_rw_shared_waits',  label => 'RW/S Waits'},
            {name => 'ib_rw_shared_os_waits',    label => 'RW/S OS Waits'},
            {name => 'ib_rw_excl_rounds', label => 'RW/X Rounds'},
            {name => 'ib_rw_excl_waits',  label => 'RW/X Waits'},
            {name => 'ib_rw_excl_os_waits',    label => 'RW/X OS Waits'},
        ],
    },
    
    #---------------------------------------------------------------------
    
    innodb_tnx => {
        config => {
            global_attrs => {
                title  => 'InnoDB Transactions',
                vlabel => 'Transactions per ${graph_period}',
            },
            data_source_attrs => {
                draw  => 'LINE1',
            },
        },
        data_sources => [
            {name => 'ib_tnx', label => 'Transactions created',
                               info  => 'Number of transactions created.'},
        ],
    },
}}

1;
","data_sources => [
            {name => 'innodb_lsn_current', label => 'LSN current',
                                           info  => 'Current log sequence number.',
                                           type  => 'DERIVE',
                                           min   => '0'},
            {name => 'innodb_lsn_last_checkpoint', label => 'LSN last checkpoint',
                                                   info  => 'Log sequence number at last checkpoint.',
                                                   type  => 'DERIVE',
                                                   min   => '0'},
        ],
    },

    #---------------------------------------------------------------------

    innodb_row_operations => {
        config => {
            global_attrs => {
                title  => 'InnoDB Row Operations',
                vlabel => 'Rows per ${graph_period}',
            },
            data_source_attrs => {
                draw => 'LINE1',
                type => 'DERIVE',
                min  => '0',
            },
        },
        data_sources => [
            {name => 'ib_row_ins', label => 'Inserted',
                                   info  => 'Number of rows inserted into InnoDB tables.'},
            {name => 'ib_row_upd', label => 'Updated',
                                   info  => 'Number of rows updated in InnoDB tables.'},
            {name => '"
deepseek,deepseek-ai/DeepSeek-V3.2:novita,perl,GPL-3.0,contrib::changehost::changehost.pl,299,0.2,0,0.28272251308900526,"    if (exists $rec{""IMAGESIZE""})
    {
	$s .= pack(""Ci"", 6, $rec{""IMAGESIZE""});
    }
    if (exists $rec{""HOPCOUNT""})
    {
	$s .= pack(""Ci"", 7, $rec{""HOPCOUNT""});
    }
    if (exists $rec{""URL""})
    {
	$s .= pack(""Ci"", 8, length($rec{""URL""}));
	$s .= $rec{""URL""};
    }
    if (exists $rec{""HEAD""})
    {
	$s .= pack(""Ci"", 9, length($rec{""HEAD""}));
	$s .= $rec{""HEAD""};
    }
    if (exists $rec{""TITLE""})
    {
	$s .= pack(""Ci"", 10, length($rec{""TITLE""}));
	$s .= $rec{""TITLE""};
    }
    if (exists $rec{""DESCRIPTIONS""})
    {
	@v = split('', $rec{""DESCRIPTIONS""});
	$s .= pack(""Ci"", 11, $#v - 1);
	foreach (@v)
	{
	    $s .= pack(""i"", length($_));
	    $s .= $_;
	}
    }
    if (exists $rec{""ANCHORS""})
    {
	@v = split('', $rec{""ANCHORS""});
	$s .= pack(""Ci"", 12, $#v - 1);
	foreach (@v)
	{
	    $s .= pack(""i"", length($_));
	    $s .= $_;
	}
    }
    if (exists $rec{""EMAIL""})
    {
	$s .= pack(""Ci"", 13, length($rec{""EMAIL""}));
	$s .= $rec{""EMAIL""};
    }
    if (exists $rec{""NOTIFICATION""})
    {
	$s .= pack(""Ci"", 14, length($rec{""NOTIFICATION""}));
	$s .= $rec{""NOTIFICATION""};
    }
    if (exists $rec{""SUBJECT""})
    {
	$s .= pack(""Ci"", 15, length($rec{""SUBJECT""}));
	$s .= $rec{""SUBJECT""};
    }

    return $s;
}

sub parse_ref_record
{
    local($value) = @_;
    local(%rec, $length, $count, $result);

    while (length($value) > 0)
    {
	$what = unpack(""C"", $value);
	$value = substr($value, 1);
	if ($what == 0)
	{
	    # ID
	    $rec{""ID""} = unpack(""i"", $value);
	    $value = substr($value, 4);
	}
	elsif ($what == 1)
	{
	    # TIME
	    $rec{""TIME""} = unpack(""i"", $value);
	    $value = substr($value, 4);
	}
	elsif ($what == 2)
	{
	    # ACCESSED
	    $rec{""ACCESSED""} = unpack(""i"", $value);
	    $value = substr($value, 4);
	}
	elsif ($what == 3)
	{
	    # STATE
	    $rec{""STATE""} = unpack(""i"", $value);
	    $value = substr($value, 4);
	}
	elsif ($what == 4)
	{
	    # SIZE
	    $rec{""SIZE""} = unpack(""i"", $value);
	    $value = substr($value, 4);
	}
	elsif ($what == 5)
	{
	    # LINKS
	    $rec{""LINKS""} = unpack(""i"", $value);
	    $value = substr($value, 4);
	}
	elsif ($what == 6)
	{
	    # IMAGESIZE
	    $rec{""IMAGESIZE""} = unpack(""i"", $value);
	    $value = substr($value, 4);
	}
	elsif ($what == 7)
	{
	    # HOPCOUNT
	    $rec{""HOPCOUNT""} = unpack(""i"", $value);
	    $value = substr($value, 4);
	}
	elsif ($what == 8)
	{
	    # URL
	    $length = unpack(""i"", $value);
	    $rec{""URL""} = unpack(""x4 A$length"", $value);
	    $value = substr($value, 4 + $length);
	}
	elsif ($what == 9)
	{
	    # HEAD
	    $length = unpack(""i"", $value);
	    $rec{""HEAD""} = unpack(""x4 A$length"", $value);
	    $value = substr($value, 4 + $length);
	}
	elsif ($what == 10)
	{
	    # TITLE
	    $length = unpack(""i"", $value);
	    $rec{""TITLE""} = unpack(""x4 A$length"", $value);
	    $value = substr($value, 4 + $length);
	}
	elsif ($what == 11)
	{
	    # DESCRIPTIONS
	    $count = unpack(""i"", $value);
	    $value = substr($value, 4);
	    $result = """";
	    foreach (1 .. $count)
	    {
		$length = unpack(""i"", $value);
		$result = $result . unpack(""x4 A$length"", $value) . """";
		$value = substr($value, 4 + $length);
	    }
	    chop $result;
	    $rec{""DESCRIPTIONS""} = $result;
	}
	elsif ($what == 12)
	{
	    # ANCHORS
	    $count = unpack(""i"", $value);
	    $value = substr($value, 4);
	    $result = """";
	    foreach (1 .. $count)
	    {
		$length = unpack(""i"", $value);
		$result = $result . unpack(""x4 A$length"", $value) . """";
		$value = substr($value, 4 + $length);
	    }
	    chop $result;
	    $rec{""ANCHORS""} = $result;
	}
	elsif ($what == 13)
	{
	    # EMAIL
	    $length = unpack(""i"", $value);
	    $rec{""EMAIL""} = unpack(""x4 A$length"", $value);
	    $value = substr($value, 4 + $length);
	}
	elsif ($what == 14)
	{
	    # NOTIFICATION
	    $length = unpack(""i"", $value);
	    $rec{""NOTIFICATION""} = unpack(""x4 A$length"", $value);
	    $value = substr($value, 4 + $length);
	}
	elsif ($what == 15)
	{
	    # SUBJECT
	    $length = unpack(""i"", $value);
	    $rec{""SUBJECT""} = unpack(""x4 A$length"", $value);
	    $value = substr($value, 4 + $length);
	}
    }
    return %rec;
}","if (exists $rec{""URL""})
    {
	$s .= pack(""Ca*"", 6, $rec{""URL""});
    }
    if (exists $rec{""TITLE""})
    {
	$s .= pack(""Ca*"", 7, $rec{""TITLE""});
    }
    if (exists $rec{""DESCRIPTION""})
    {
	$s .= pack(""Ca*"", 8, $rec{""DESCRIPTION""});
    }
    if (exists $rec{""KEYWORDS""})
    {
	$s .= pack(""Ca*"", 9, $rec{""KEYWORDS""});
    }
    if (exists $rec{""MODIFIED""})
    {
	$s .= pack(""Ci"", 10, $rec{""MODIFIED""});
    }
    if (exists $rec{""HOPCOUNT""})
    {
	$s .= pack(""Ci"", 11, $rec{""HOPCOUNT""});
    }
    if (exists $rec{""TYPE""})
    {
	$s .= pack(""Ca*"", 12, $rec{""TYPE""});
    }
    if (exists $rec{""ANCHOR""})
    {
	$s .= pack("""
deepseek,deepseek-ai/DeepSeek-V3.2:novita,perl,GPL-3.0,contrib::changehost::changehost.pl,299,0.4,0,0.28272251308900526,"    if (exists $rec{""IMAGESIZE""})
    {
	$s .= pack(""Ci"", 6, $rec{""IMAGESIZE""});
    }
    if (exists $rec{""HOPCOUNT""})
    {
	$s .= pack(""Ci"", 7, $rec{""HOPCOUNT""});
    }
    if (exists $rec{""URL""})
    {
	$s .= pack(""Ci"", 8, length($rec{""URL""}));
	$s .= $rec{""URL""};
    }
    if (exists $rec{""HEAD""})
    {
	$s .= pack(""Ci"", 9, length($rec{""HEAD""}));
	$s .= $rec{""HEAD""};
    }
    if (exists $rec{""TITLE""})
    {
	$s .= pack(""Ci"", 10, length($rec{""TITLE""}));
	$s .= $rec{""TITLE""};
    }
    if (exists $rec{""DESCRIPTIONS""})
    {
	@v = split('', $rec{""DESCRIPTIONS""});
	$s .= pack(""Ci"", 11, $#v - 1);
	foreach (@v)
	{
	    $s .= pack(""i"", length($_));
	    $s .= $_;
	}
    }
    if (exists $rec{""ANCHORS""})
    {
	@v = split('', $rec{""ANCHORS""});
	$s .= pack(""Ci"", 12, $#v - 1);
	foreach (@v)
	{
	    $s .= pack(""i"", length($_));
	    $s .= $_;
	}
    }
    if (exists $rec{""EMAIL""})
    {
	$s .= pack(""Ci"", 13, length($rec{""EMAIL""}));
	$s .= $rec{""EMAIL""};
    }
    if (exists $rec{""NOTIFICATION""})
    {
	$s .= pack(""Ci"", 14, length($rec{""NOTIFICATION""}));
	$s .= $rec{""NOTIFICATION""};
    }
    if (exists $rec{""SUBJECT""})
    {
	$s .= pack(""Ci"", 15, length($rec{""SUBJECT""}));
	$s .= $rec{""SUBJECT""};
    }

    return $s;
}

sub parse_ref_record
{
    local($value) = @_;
    local(%rec, $length, $count, $result);

    while (length($value) > 0)
    {
	$what = unpack(""C"", $value);
	$value = substr($value, 1);
	if ($what == 0)
	{
	    # ID
	    $rec{""ID""} = unpack(""i"", $value);
	    $value = substr($value, 4);
	}
	elsif ($what == 1)
	{
	    # TIME
	    $rec{""TIME""} = unpack(""i"", $value);
	    $value = substr($value, 4);
	}
	elsif ($what == 2)
	{
	    # ACCESSED
	    $rec{""ACCESSED""} = unpack(""i"", $value);
	    $value = substr($value, 4);
	}
	elsif ($what == 3)
	{
	    # STATE
	    $rec{""STATE""} = unpack(""i"", $value);
	    $value = substr($value, 4);
	}
	elsif ($what == 4)
	{
	    # SIZE
	    $rec{""SIZE""} = unpack(""i"", $value);
	    $value = substr($value, 4);
	}
	elsif ($what == 5)
	{
	    # LINKS
	    $rec{""LINKS""} = unpack(""i"", $value);
	    $value = substr($value, 4);
	}
	elsif ($what == 6)
	{
	    # IMAGESIZE
	    $rec{""IMAGESIZE""} = unpack(""i"", $value);
	    $value = substr($value, 4);
	}
	elsif ($what == 7)
	{
	    # HOPCOUNT
	    $rec{""HOPCOUNT""} = unpack(""i"", $value);
	    $value = substr($value, 4);
	}
	elsif ($what == 8)
	{
	    # URL
	    $length = unpack(""i"", $value);
	    $rec{""URL""} = unpack(""x4 A$length"", $value);
	    $value = substr($value, 4 + $length);
	}
	elsif ($what == 9)
	{
	    # HEAD
	    $length = unpack(""i"", $value);
	    $rec{""HEAD""} = unpack(""x4 A$length"", $value);
	    $value = substr($value, 4 + $length);
	}
	elsif ($what == 10)
	{
	    # TITLE
	    $length = unpack(""i"", $value);
	    $rec{""TITLE""} = unpack(""x4 A$length"", $value);
	    $value = substr($value, 4 + $length);
	}
	elsif ($what == 11)
	{
	    # DESCRIPTIONS
	    $count = unpack(""i"", $value);
	    $value = substr($value, 4);
	    $result = """";
	    foreach (1 .. $count)
	    {
		$length = unpack(""i"", $value);
		$result = $result . unpack(""x4 A$length"", $value) . """";
		$value = substr($value, 4 + $length);
	    }
	    chop $result;
	    $rec{""DESCRIPTIONS""} = $result;
	}
	elsif ($what == 12)
	{
	    # ANCHORS
	    $count = unpack(""i"", $value);
	    $value = substr($value, 4);
	    $result = """";
	    foreach (1 .. $count)
	    {
		$length = unpack(""i"", $value);
		$result = $result . unpack(""x4 A$length"", $value) . """";
		$value = substr($value, 4 + $length);
	    }
	    chop $result;
	    $rec{""ANCHORS""} = $result;
	}
	elsif ($what == 13)
	{
	    # EMAIL
	    $length = unpack(""i"", $value);
	    $rec{""EMAIL""} = unpack(""x4 A$length"", $value);
	    $value = substr($value, 4 + $length);
	}
	elsif ($what == 14)
	{
	    # NOTIFICATION
	    $length = unpack(""i"", $value);
	    $rec{""NOTIFICATION""} = unpack(""x4 A$length"", $value);
	    $value = substr($value, 4 + $length);
	}
	elsif ($what == 15)
	{
	    # SUBJECT
	    $length = unpack(""i"", $value);
	    $rec{""SUBJECT""} = unpack(""x4 A$length"", $value);
	    $value = substr($value, 4 + $length);
	}
    }
    return %rec;
}","if (exists $rec{""URL""})
    {
	$s .= pack(""CZ*"", 6, $rec{""URL""});
    }
    if (exists $rec{""TITLE""})
    {
	$s .= pack(""CZ*"", 7, $rec{""TITLE""});
    }
    if (exists $rec{""TYPE""})
    {
	$s .= pack(""CZ*"", 8, $rec{""TYPE""});
    }
    if (exists $rec{""MODIFIED""})
    {
	$s .= pack(""CZ*"", 9, $rec{""MODIFIED""});
    }
    if (exists $rec{""DESCRIPTION""})
    {
	$s .= pack(""CZ*"", 10, $rec{""DESCRIPTION""});
    }
    if (exists $rec{""KEYWORDS""})
    {
	$s .= pack(""CZ*"", 11, $rec{""KEYWORDS""});
    }
    if (exists $rec{""ANCHORS""})
    {
	$s .= pack(""CZ*"", 12, $rec{""ANCHORS""});
    }
    if (exists $rec{""HOPCOUNT""})
    {
	$s .="
deepseek,deepseek-ai/DeepSeek-V3.2:novita,perl,GPL-3.0,contrib::changehost::changehost.pl,299,0.8,0,0.25857519788918204,"    if (exists $rec{""IMAGESIZE""})
    {
	$s .= pack(""Ci"", 6, $rec{""IMAGESIZE""});
    }
    if (exists $rec{""HOPCOUNT""})
    {
	$s .= pack(""Ci"", 7, $rec{""HOPCOUNT""});
    }
    if (exists $rec{""URL""})
    {
	$s .= pack(""Ci"", 8, length($rec{""URL""}));
	$s .= $rec{""URL""};
    }
    if (exists $rec{""HEAD""})
    {
	$s .= pack(""Ci"", 9, length($rec{""HEAD""}));
	$s .= $rec{""HEAD""};
    }
    if (exists $rec{""TITLE""})
    {
	$s .= pack(""Ci"", 10, length($rec{""TITLE""}));
	$s .= $rec{""TITLE""};
    }
    if (exists $rec{""DESCRIPTIONS""})
    {
	@v = split('', $rec{""DESCRIPTIONS""});
	$s .= pack(""Ci"", 11, $#v - 1);
	foreach (@v)
	{
	    $s .= pack(""i"", length($_));
	    $s .= $_;
	}
    }
    if (exists $rec{""ANCHORS""})
    {
	@v = split('', $rec{""ANCHORS""});
	$s .= pack(""Ci"", 12, $#v - 1);
	foreach (@v)
	{
	    $s .= pack(""i"", length($_));
	    $s .= $_;
	}
    }
    if (exists $rec{""EMAIL""})
    {
	$s .= pack(""Ci"", 13, length($rec{""EMAIL""}));
	$s .= $rec{""EMAIL""};
    }
    if (exists $rec{""NOTIFICATION""})
    {
	$s .= pack(""Ci"", 14, length($rec{""NOTIFICATION""}));
	$s .= $rec{""NOTIFICATION""};
    }
    if (exists $rec{""SUBJECT""})
    {
	$s .= pack(""Ci"", 15, length($rec{""SUBJECT""}));
	$s .= $rec{""SUBJECT""};
    }

    return $s;
}

sub parse_ref_record
{
    local($value) = @_;
    local(%rec, $length, $count, $result);

    while (length($value) > 0)
    {
	$what = unpack(""C"", $value);
	$value = substr($value, 1);
	if ($what == 0)
	{
	    # ID
	    $rec{""ID""} = unpack(""i"", $value);
	    $value = substr($value, 4);
	}
	elsif ($what == 1)
	{
	    # TIME
	    $rec{""TIME""} = unpack(""i"", $value);
	    $value = substr($value, 4);
	}
	elsif ($what == 2)
	{
	    # ACCESSED
	    $rec{""ACCESSED""} = unpack(""i"", $value);
	    $value = substr($value, 4);
	}
	elsif ($what == 3)
	{
	    # STATE
	    $rec{""STATE""} = unpack(""i"", $value);
	    $value = substr($value, 4);
	}
	elsif ($what == 4)
	{
	    # SIZE
	    $rec{""SIZE""} = unpack(""i"", $value);
	    $value = substr($value, 4);
	}
	elsif ($what == 5)
	{
	    # LINKS
	    $rec{""LINKS""} = unpack(""i"", $value);
	    $value = substr($value, 4);
	}
	elsif ($what == 6)
	{
	    # IMAGESIZE
	    $rec{""IMAGESIZE""} = unpack(""i"", $value);
	    $value = substr($value, 4);
	}
	elsif ($what == 7)
	{
	    # HOPCOUNT
	    $rec{""HOPCOUNT""} = unpack(""i"", $value);
	    $value = substr($value, 4);
	}
	elsif ($what == 8)
	{
	    # URL
	    $length = unpack(""i"", $value);
	    $rec{""URL""} = unpack(""x4 A$length"", $value);
	    $value = substr($value, 4 + $length);
	}
	elsif ($what == 9)
	{
	    # HEAD
	    $length = unpack(""i"", $value);
	    $rec{""HEAD""} = unpack(""x4 A$length"", $value);
	    $value = substr($value, 4 + $length);
	}
	elsif ($what == 10)
	{
	    # TITLE
	    $length = unpack(""i"", $value);
	    $rec{""TITLE""} = unpack(""x4 A$length"", $value);
	    $value = substr($value, 4 + $length);
	}
	elsif ($what == 11)
	{
	    # DESCRIPTIONS
	    $count = unpack(""i"", $value);
	    $value = substr($value, 4);
	    $result = """";
	    foreach (1 .. $count)
	    {
		$length = unpack(""i"", $value);
		$result = $result . unpack(""x4 A$length"", $value) . """";
		$value = substr($value, 4 + $length);
	    }
	    chop $result;
	    $rec{""DESCRIPTIONS""} = $result;
	}
	elsif ($what == 12)
	{
	    # ANCHORS
	    $count = unpack(""i"", $value);
	    $value = substr($value, 4);
	    $result = """";
	    foreach (1 .. $count)
	    {
		$length = unpack(""i"", $value);
		$result = $result . unpack(""x4 A$length"", $value) . """";
		$value = substr($value, 4 + $length);
	    }
	    chop $result;
	    $rec{""ANCHORS""} = $result;
	}
	elsif ($what == 13)
	{
	    # EMAIL
	    $length = unpack(""i"", $value);
	    $rec{""EMAIL""} = unpack(""x4 A$length"", $value);
	    $value = substr($value, 4 + $length);
	}
	elsif ($what == 14)
	{
	    # NOTIFICATION
	    $length = unpack(""i"", $value);
	    $rec{""NOTIFICATION""} = unpack(""x4 A$length"", $value);
	    $value = substr($value, 4 + $length);
	}
	elsif ($what == 15)
	{
	    # SUBJECT
	    $length = unpack(""i"", $value);
	    $rec{""SUBJECT""} = unpack(""x4 A$length"", $value);
	    $value = substr($value, 4 + $length);
	}
    }
    return %rec;
}","if (exists $rec{""TITLE""})
    {
        $s .= pack(""Cn/a*"", 6, $rec{""TITLE""});
    }
    if (exists $rec{""URL""})
    {
        $s .= pack(""Cn/a*"", 7, $rec{""URL""});
    }
    if (exists $rec{""HASH""})
    {
        $s .= pack(""Cn/a*"", 8, $rec{""HASH""});
    }
    if (exists $rec{""CONTENT""})
    {
        $s .= pack(""Cn/a*"", 9, $rec{""CONTENT""});
    }
    if (exists $rec{""SIMHASHES""})
    {
        $s .= pack(""Cn/a*"", 10, $rec{""SIMHASHES""});
    }
    if (exists $rec{""DATES""})
    {
        $s .= pack(""Cn/a*"", 11, $rec{""DATES""});
    }

    return $s;
}

######################################################################
sub parse_ref_record
{
    local($s) = @_;
    local(%rec);
    local($pos) = 0;
    local($type, $len"
deepseek,deepseek-ai/DeepSeek-V3.2:novita,perl,GPL-3.0,centreon::plugins::mode.pm,79,0.2,0,0.24166666666666667,"    my ($class, %options) = @_;
    my $self  = {};
    bless $self, $class;

    $self->{perfdata} = centreon::plugins::perfdata->new(output => $options{output});
    %{$self->{option_results}} = ();
    $self->{output} = $options{output};
    $self->{mode} = $options{mode};
    $self->{version} = undef;

    return $self;
}

sub init {
    my ($self, %options) = @_;
    # options{default} = { mode_xxx => { option_name => option_value }, }

    %{$self->{option_results}} = %{$options{option_results}};
    # Manage default value
    return if (!defined($options{default}));
    foreach (keys %{$options{default}}) {
        if ($_ eq $self->{mode}) {
            foreach my $value (keys %{$options{default}->{$_}}) {
                if (!defined($self->{option_results}->{$value})) {
                    $self->{option_results}->{$value} = $options{default}->{$_}->{$value};
                }
            }
        }
    }
}

sub version {
    my ($self, %options) = @_;
    
    $self->{output}->add_option_msg(short_msg => ""Mode Version: "" . $self->{version});
}

sub disco_format {
    my ($self, %options) = @_;

}

sub disco_show {
    my ($self, %options) = @_;

}

1;

__END__
","my ($class, %options) = @_;
    my $self  = {};
    bless $self, $class;

    $self->{output} = $options{output};
    $self->{perfdata} = [];

    $self->{threshold_label} = {};
    $self->{instance_mode} = undef;
    $self->{option_results} = {};
    $self->{request} = [];
    $self->{namespaces} = [];

    %{$self->{option_results}} = %options;

    $self->{output}->use_new_perfdata(1) if (defined($self->{output}) && $self->{output}->can('use_new_perfdata'));

    return $self;
}

sub check_options {
    my ($self, %options) = @_;
    # to be overridden in mode child class
    return 0;
}

sub disco_format {
    my ($self, %options) = @_;
    # to be overridden in mode child class. declare discovery output
}

sub disco_show {
    my ($self, %options) = @_;
    # to be overridden in mode child class. return discovery output"
deepseek,deepseek-ai/DeepSeek-V3.2:novita,perl,GPL-3.0,centreon::plugins::mode.pm,79,0.4,0,0.2,"    my ($class, %options) = @_;
    my $self  = {};
    bless $self, $class;

    $self->{perfdata} = centreon::plugins::perfdata->new(output => $options{output});
    %{$self->{option_results}} = ();
    $self->{output} = $options{output};
    $self->{mode} = $options{mode};
    $self->{version} = undef;

    return $self;
}

sub init {
    my ($self, %options) = @_;
    # options{default} = { mode_xxx => { option_name => option_value }, }

    %{$self->{option_results}} = %{$options{option_results}};
    # Manage default value
    return if (!defined($options{default}));
    foreach (keys %{$options{default}}) {
        if ($_ eq $self->{mode}) {
            foreach my $value (keys %{$options{default}->{$_}}) {
                if (!defined($self->{option_results}->{$value})) {
                    $self->{option_results}->{$value} = $options{default}->{$_}->{$value};
                }
            }
        }
    }
}

sub version {
    my ($self, %options) = @_;
    
    $self->{output}->add_option_msg(short_msg => ""Mode Version: "" . $self->{version});
}

sub disco_format {
    my ($self, %options) = @_;

}

sub disco_show {
    my ($self, %options) = @_;

}

1;

__END__
","my ($class, %options) = @_;
    my $self  = {};
    bless $self, $class;
    
    $self->{output} = $options{output};
    $self->{perfdata} = [];
    $self->{errors} = [];
    $self->{thresholds} = {};
    $self->{instance_mode} = undef;
    
    $self->{option_results} = defined($options{option_results}) ? $options{option_results} : {};
    
    $self->{output}->use_new_perfdata(1) if (defined($self->{output}));
    return $self;
}

sub init_perfdata {
    my ($self) = @_;
    $self->{perfdata} = [];
}

sub add_perfdata {
    my ($self, %options) = @_;
    push @{$self->{perfdata}}, \%options;
}

sub range {
    my ($self, %options) = @_;
    my $status = 0;
    my $checked = 0;
    
    if (defined($options{instance}) && $options{instance} ne '') {
        if (defined($self->"
deepseek,deepseek-ai/DeepSeek-V3.2:novita,perl,GPL-3.0,centreon::plugins::mode.pm,79,0.8,0,0.13740458015267176,"    my ($class, %options) = @_;
    my $self  = {};
    bless $self, $class;

    $self->{perfdata} = centreon::plugins::perfdata->new(output => $options{output});
    %{$self->{option_results}} = ();
    $self->{output} = $options{output};
    $self->{mode} = $options{mode};
    $self->{version} = undef;

    return $self;
}

sub init {
    my ($self, %options) = @_;
    # options{default} = { mode_xxx => { option_name => option_value }, }

    %{$self->{option_results}} = %{$options{option_results}};
    # Manage default value
    return if (!defined($options{default}));
    foreach (keys %{$options{default}}) {
        if ($_ eq $self->{mode}) {
            foreach my $value (keys %{$options{default}->{$_}}) {
                if (!defined($self->{option_results}->{$value})) {
                    $self->{option_results}->{$value} = $options{default}->{$_}->{$value};
                }
            }
        }
    }
}

sub version {
    my ($self, %options) = @_;
    
    $self->{output}->add_option_msg(short_msg => ""Mode Version: "" . $self->{version});
}

sub disco_format {
    my ($self, %options) = @_;

}

sub disco_show {
    my ($self, %options) = @_;

}

1;

__END__
","my $class = shift;
    my $self  = {};
    bless $self, $class;
    $self->{output} = centreon::plugins::output->new();
    $self->{perfdata} = centreon::plugins::perfdata->new();
    $self->{threshold} = centreon::plugins::threshold->new();
    $self->{option_results} = {};
    $self->{option_msg} = undef;
    $self->{errors} = [];
    return $self;
}

sub init {
    my ($self, %options) = @_;
    # options: output, perfdata, threshold
    $self->{output} = $options{output} if (defined($options{output}));
    $self->{perfdata} = $options{perfdata} if (defined($options{perfdata}));
    $self->{threshold} = $options{threshold} if (defined($options{threshold}));
}

sub output {
    my $self = shift;
    return $self->{output};
}

sub perfdata {
    my $self = shift;
    return $self->{perfdata};
}

sub threshold {"
deepseek,deepseek-ai/DeepSeek-V3.2:novita,perl,GPL-3.0,src::lib::Lxctl::restart.pm,80,0.2,0,0.13559322033898305,"	eval {
		my $status = $self->{'lxc'}->status($options{'contname'});
		my $cnt = 0;

		while ($status eq ""RUNNING"" && $cnt < TIMEOUT) {
			$cnt++;
			$stop->do($options{'contname'});
			sleep(1);
			$status = $self->{'lxc'}->status($options{'contname'});
		}

		die ""Cannot stop $options{'contname'}.\n\n"" if ($cnt == TIMEOUT);

		$start->do($options{'contname'});
		1;
	} or do {
		print ""$@"";
		die ""Cannot restart $options{'contname'}.\n\n"";
	};
	return;
}

sub new
{
	my $class = shift;
	my $self = {};
	bless $self, $class;

	$self->{'lxc'} = Lxc::object->new;
	$lxc_conf_dir = $self->{'lxc'}->get_lxc_conf_dir();

	return $self;
}

1;
__END__

=head1 AUTHOR

Anatoly Burtsev, E<lt>anatolyburtsev@yandex.ruE<gt>
Pavel Potapenkov, E<lt>ppotapenkov@gmail.comE<gt>
Vladimir Smirnov, E<lt>civil.over@gmail.comE<gt>

=head1 COPYRIGHT AND LICENSE

Copyright (C) 2011 by Anatoly Burtsev, Pavel Potapenkov, Vladimir Smirnov

This library is free software; you can redistribute it and/or modify
it under the same terms of GPL v2 or later, or, at your opinion
under terms of artistic license.

=cut","$stop->do($options{'contname'});
	$start->do($options{'contname'});

	return 1;
}

1;"
deepseek,deepseek-ai/DeepSeek-V3.2:novita,perl,GPL-3.0,src::lib::Lxctl::restart.pm,80,0.4,0,0.13559322033898305,"	eval {
		my $status = $self->{'lxc'}->status($options{'contname'});
		my $cnt = 0;

		while ($status eq ""RUNNING"" && $cnt < TIMEOUT) {
			$cnt++;
			$stop->do($options{'contname'});
			sleep(1);
			$status = $self->{'lxc'}->status($options{'contname'});
		}

		die ""Cannot stop $options{'contname'}.\n\n"" if ($cnt == TIMEOUT);

		$start->do($options{'contname'});
		1;
	} or do {
		print ""$@"";
		die ""Cannot restart $options{'contname'}.\n\n"";
	};
	return;
}

sub new
{
	my $class = shift;
	my $self = {};
	bless $self, $class;

	$self->{'lxc'} = Lxc::object->new;
	$lxc_conf_dir = $self->{'lxc'}->get_lxc_conf_dir();

	return $self;
}

1;
__END__

=head1 AUTHOR

Anatoly Burtsev, E<lt>anatolyburtsev@yandex.ruE<gt>
Pavel Potapenkov, E<lt>ppotapenkov@gmail.comE<gt>
Vladimir Smirnov, E<lt>civil.over@gmail.comE<gt>

=head1 COPYRIGHT AND LICENSE

Copyright (C) 2011 by Anatoly Burtsev, Pavel Potapenkov, Vladimir Smirnov

This library is free software; you can redistribute it and/or modify
it under the same terms of GPL v2 or later, or, at your opinion
under terms of artistic license.

=cut","$stop->do($options{'contname'});
	$start->do($options{'contname'});

	return 1;
}

1;"
deepseek,deepseek-ai/DeepSeek-V3.2:novita,perl,GPL-3.0,src::lib::Lxctl::restart.pm,80,0.8,0,0.0,"	eval {
		my $status = $self->{'lxc'}->status($options{'contname'});
		my $cnt = 0;

		while ($status eq ""RUNNING"" && $cnt < TIMEOUT) {
			$cnt++;
			$stop->do($options{'contname'});
			sleep(1);
			$status = $self->{'lxc'}->status($options{'contname'});
		}

		die ""Cannot stop $options{'contname'}.\n\n"" if ($cnt == TIMEOUT);

		$start->do($options{'contname'});
		1;
	} or do {
		print ""$@"";
		die ""Cannot restart $options{'contname'}.\n\n"";
	};
	return;
}

sub new
{
	my $class = shift;
	my $self = {};
	bless $self, $class;

	$self->{'lxc'} = Lxc::object->new;
	$lxc_conf_dir = $self->{'lxc'}->get_lxc_conf_dir();

	return $self;
}

1;
__END__

=head1 AUTHOR

Anatoly Burtsev, E<lt>anatolyburtsev@yandex.ruE<gt>
Pavel Potapenkov, E<lt>ppotapenkov@gmail.comE<gt>
Vladimir Smirnov, E<lt>civil.over@gmail.comE<gt>

=head1 COPYRIGHT AND LICENSE

Copyright (C) 2011 by Anatoly Burtsev, Pavel Potapenkov, Vladimir Smirnov

This library is free software; you can redistribute it and/or modify
it under the same terms of GPL v2 or later, or, at your opinion
under terms of artistic license.

=cut","$stop->do(@_);
	$start->do(@_);

	return 1;
}

1;"
deepseek,deepseek-ai/DeepSeek-V3.2:novita,perl,GPL-3.0,scripts::mkbuildlvl.pl,149,0.2,0,0.0,"


unlink $sources, $common;

system qw(zip -9), $sources, @src_files;

system qw(zip -9), $common, @cmn_files;



sub find_sources

{

    # am I really going for the obsfucated perl code contest?

    (

     (

      grep {

          ! /\.o$/ and

              ! -d $_ and

              ! -x _ and

              ! /defcfg\.(?:cnf|h)/ and

              ! /~$/

      } map {

          glob ""fte/$_""

      } qw(

      Makefile

      fte.in

      src/*

      src/bmps/*

      src/icons/*

     )  # FTE bug in indentation?

     ),

    qw( fte/install )

    );

}



sub find_common

{

    grep { 

        ! -d $_ and

            $_ !~ /Makefile$/ and

            ! /~$/

    } map {

        glob ""fte/$_""

    } qw(

    [A-Z]*

    file_id.diz

    doc/*

    config/*

    config/kbd/*

    config/menu/*

    config/slang/*

);

}
","my $src_count = scalar(@src_files);
my $cmn_count = scalar(@cmn_files);

print ""Found $src_count source files and $cmn_count common files.\n"";

if ($src_count == 0 && $cmn_count == 0) {
    die ""No files found to archive.\n"";
}

if (-e $sources) {
    print ""Removing existing $sources\n"";
    unlink $sources or die ""Cannot remove $sources: $!\n"";
}
if (-e $common) {
    print ""Removing existing $common\n"";
    unlink $common or die ""Cannot remove $common: $!\n"";
}

print ""Creating source archive...\n"";
create_zip($sources, \@src_files);
print ""Creating common archive...\n"";
create_zip($common, \@cmn_files);

print ""Done.\n"";

exit 0;

sub find_sources {
    my @files;
    my $src_dir = File::Spec->catdir($dir, 'src');
    if (-d $src_dir) {
        find(\&wanted_src, $src_dir);
    }
    return @files;

    sub wanted_s"
deepseek,deepseek-ai/DeepSeek-V3.2:novita,perl,GPL-3.0,scripts::mkbuildlvl.pl,149,0.4,0,0.0,"


unlink $sources, $common;

system qw(zip -9), $sources, @src_files;

system qw(zip -9), $common, @cmn_files;



sub find_sources

{

    # am I really going for the obsfucated perl code contest?

    (

     (

      grep {

          ! /\.o$/ and

              ! -d $_ and

              ! -x _ and

              ! /defcfg\.(?:cnf|h)/ and

              ! /~$/

      } map {

          glob ""fte/$_""

      } qw(

      Makefile

      fte.in

      src/*

      src/bmps/*

      src/icons/*

     )  # FTE bug in indentation?

     ),

    qw( fte/install )

    );

}



sub find_common

{

    grep { 

        ! -d $_ and

            $_ !~ /Makefile$/ and

            ! /~$/

    } map {

        glob ""fte/$_""

    } qw(

    [A-Z]*

    file_id.diz

    doc/*

    config/*

    config/kbd/*

    config/menu/*

    config/slang/*

);

}
","my $src_count = scalar(@src_files);
my $cmn_count = scalar(@cmn_files);

print ""src: $src_count files\n"";
print ""cmn: $cmn_count files\n"";

if ($src_count == 0 && $cmn_count == 0) {
    die ""No files found!\n"";
}

if ($src_count > 0) {
    create_zip($sources, \@src_files);
}
if ($cmn_count > 0) {
    create_zip($common, \@cmn_files);
}

sub find_sources {
    my @files;
    find(sub {
        return if -d;
        my $f = $File::Find::name;
        return if $f =~ m/\.git\b/;
        return if $f =~ m/\.svn\b/;
        return if $f =~ m/\.o$/;
        return if $f =~ m/\.obj$/;
        return if $f =~ m/\.exe$/;
        return if $f =~ m/\.dll$/;
        return if $f =~ m/\.lib$/;
        return if $f =~ m"
deepseek,deepseek-ai/DeepSeek-V3.2:novita,perl,GPL-3.0,scripts::mkbuildlvl.pl,149,0.8,0,0.0,"


unlink $sources, $common;

system qw(zip -9), $sources, @src_files;

system qw(zip -9), $common, @cmn_files;



sub find_sources

{

    # am I really going for the obsfucated perl code contest?

    (

     (

      grep {

          ! /\.o$/ and

              ! -d $_ and

              ! -x _ and

              ! /defcfg\.(?:cnf|h)/ and

              ! /~$/

      } map {

          glob ""fte/$_""

      } qw(

      Makefile

      fte.in

      src/*

      src/bmps/*

      src/icons/*

     )  # FTE bug in indentation?

     ),

    qw( fte/install )

    );

}



sub find_common

{

    grep { 

        ! -d $_ and

            $_ !~ /Makefile$/ and

            ! /~$/

    } map {

        glob ""fte/$_""

    } qw(

    [A-Z]*

    file_id.diz

    doc/*

    config/*

    config/kbd/*

    config/menu/*

    config/slang/*

);

}
","`if (@src_files) {
    system(""7z"", ""a"", ""-y"", ""-tzip"", $sources, @src_files) == 0 or die ""failed to zip sources: $?"";
} else {
    print ""warning: no source files found\n"";
}

if (@cmn_files) {
    system(""7z"", ""a"", ""-y"", ""-tzip"", $common, @cmn_files) == 0 or die ""failed to zip common files: $?"";
} else {
    print ""warning: no common files found\n"";
}

sub find_sources {
    my @list;
    open my $fh, '-|', 'git', 'ls-files', '--cached', '--others', '--exclude-standard' or die ""git ls-files failed: $!"";
    while (<$fh>) {
        chomp;
        next if /^\./;
        next if /^obj\//;
        next if /^build\//;
        next if /fte-\d{8}-(src|common|win|lin|mac)\.zip$/;
        push @list, $_;
    }
    close $fh or die ""git ls-f"
deepseek,deepseek-ai/DeepSeek-V3.2:novita,perl,GPL-3.0,lib::CUFTS::Schema::JobQueue.pm,108,0.2,0,0.7375,"        default_value => 0,
    },
    site_id => {
        data_type => 'integer',
        is_nullable => 1,
    },
    local_resource_id => {
        data_type => 'integer',
        is_nullable => 1,
    },
    global_resource_id => {
        data_type => 'integer',
        is_nullable => 1,
    },
    status => {
        data_type => 'varchar',
        is_nullable => 1,
    },
    claimed_by => {
        data_type => 'varchar',
        is_nullable => 1,
    },
    completion => {
        data_type => 'integer',
        is_nullable => 1,
        default_value => 0,
    },
    data => {
        data_type => 'text',
        is_nullable => 1,
        serializer_class => 'JSON',
    },
    checkpoint_timestamp => {
        data_type => 'datetime',
        is_nullable => 1,
    },
    run_after => {
        data_type => 'datetime',
        is_nullable => 1,
    },
    reschedule_hours => {
        data_type => 'integer',
        is_nullable => 1,
    },
    created => {
        data_type => 'datetime',
        set_on_create => 1,
    },
    modified => {
        data_type => 'datetime',
        set_on_create => 1,
        set_on_update => 1,
    },
);

__PACKAGE__->set_primary_key( 'id' );

__PACKAGE__->belongs_to( site            => 'CUFTS::Schema::Sites',     'site_id',                    { join_type => 'left' } );
__PACKAGE__->belongs_to( account         => 'CUFTS::Schema::Accounts',  'account_id',                 { join_type => 'left' } );
__PACKAGE__->belongs_to( global_resource => 'CUFTS::Schema::GlobalResources', 'global_resource_id',   { join_type => 'left' } );
__PACKAGE__->belongs_to( local_resource  => 'CUFTS::Schema::LocalResources',  'local_resource_id',    { join_type => 'left' } );

__PACKAGE__->has_many( logs => 'CUFTS::Schema::JobQueueLog', 'job_id' );

sub update_checkpoint_timestamp {
    my $self = shift;
    $self->checkpoint_timestamp( $self->get_timestamp() );
}

1;","default_value => 0,
    },
    status => {
        data_type => 'varchar',
        is_nullable => 0,
        size => 32,
        default_value => 'new',
    },
    worker => {
        data_type => 'varchar',
        is_nullable => 1,
        size => 128,
    },
    started => {
        data_type => 'datetime',
        is_nullable => 1,
    },
    completed => {
        data_type => 'datetime',
        is_nullable => 1,
    },
    result => {
        data_type => 'text',
        is_nullable => 1,
    },
    error => {
        data_type => 'text',
        is_nullable => 1,
    },
    created => {
        data_type => 'datetime',
        is_nullable => 0,
        set_on_create => 1,
    },
    modified => {
        data_type => 'datetime',
        is_nullable => 0,
        set_on_create => 1,
        set_on_update => 1,
    },
);

__PACKAGE__->set_primary_key('id');

__PACKAGE__->belongs_to( account => 'CUFTS::Schema::Accounts"
deepseek,deepseek-ai/DeepSeek-V3.2:novita,perl,GPL-3.0,lib::CUFTS::Schema::JobQueue.pm,108,0.4,0,0.7317073170731707,"        default_value => 0,
    },
    site_id => {
        data_type => 'integer',
        is_nullable => 1,
    },
    local_resource_id => {
        data_type => 'integer',
        is_nullable => 1,
    },
    global_resource_id => {
        data_type => 'integer',
        is_nullable => 1,
    },
    status => {
        data_type => 'varchar',
        is_nullable => 1,
    },
    claimed_by => {
        data_type => 'varchar',
        is_nullable => 1,
    },
    completion => {
        data_type => 'integer',
        is_nullable => 1,
        default_value => 0,
    },
    data => {
        data_type => 'text',
        is_nullable => 1,
        serializer_class => 'JSON',
    },
    checkpoint_timestamp => {
        data_type => 'datetime',
        is_nullable => 1,
    },
    run_after => {
        data_type => 'datetime',
        is_nullable => 1,
    },
    reschedule_hours => {
        data_type => 'integer',
        is_nullable => 1,
    },
    created => {
        data_type => 'datetime',
        set_on_create => 1,
    },
    modified => {
        data_type => 'datetime',
        set_on_create => 1,
        set_on_update => 1,
    },
);

__PACKAGE__->set_primary_key( 'id' );

__PACKAGE__->belongs_to( site            => 'CUFTS::Schema::Sites',     'site_id',                    { join_type => 'left' } );
__PACKAGE__->belongs_to( account         => 'CUFTS::Schema::Accounts',  'account_id',                 { join_type => 'left' } );
__PACKAGE__->belongs_to( global_resource => 'CUFTS::Schema::GlobalResources', 'global_resource_id',   { join_type => 'left' } );
__PACKAGE__->belongs_to( local_resource  => 'CUFTS::Schema::LocalResources',  'local_resource_id',    { join_type => 'left' } );

__PACKAGE__->has_many( logs => 'CUFTS::Schema::JobQueueLog', 'job_id' );

sub update_checkpoint_timestamp {
    my $self = shift;
    $self->checkpoint_timestamp( $self->get_timestamp() );
}

1;","default_value => 0,
    },
    worker_pid => {
        data_type => 'integer',
        is_nullable => 1,
    },
    worker_host => {
        data_type => 'varchar',
        is_nullable => 1,
        size => 256,
    },
    worker_started => {
        data_type => 'datetime',
        is_nullable => 1,
    },
    started => {
        data_type => 'datetime',
        is_nullable => 1,
    },
    completed => {
        data_type => 'datetime',
        is_nullable => 1,
    },
    status => {
        data_type => 'varchar',
        is_nullable => 1,
        size => 32,
    },
    error => {
        data_type => 'text',
        is_nullable => 1,
    },
    result => {
        data_type => 'text',
        is_nullable => 1,
        serializer_class => 'JSON',
    },
    data => {
        data_type => 'text',
        is_nullable => 1,
        serializer_class => 'JSON',
    },
);

__PACKAGE__->set_primary_key('id');

__PACKAGE__->belongs_to( account"
deepseek,deepseek-ai/DeepSeek-V3.2:novita,perl,GPL-3.0,lib::CUFTS::Schema::JobQueue.pm,108,0.8,0,0.7453416149068323,"        default_value => 0,
    },
    site_id => {
        data_type => 'integer',
        is_nullable => 1,
    },
    local_resource_id => {
        data_type => 'integer',
        is_nullable => 1,
    },
    global_resource_id => {
        data_type => 'integer',
        is_nullable => 1,
    },
    status => {
        data_type => 'varchar',
        is_nullable => 1,
    },
    claimed_by => {
        data_type => 'varchar',
        is_nullable => 1,
    },
    completion => {
        data_type => 'integer',
        is_nullable => 1,
        default_value => 0,
    },
    data => {
        data_type => 'text',
        is_nullable => 1,
        serializer_class => 'JSON',
    },
    checkpoint_timestamp => {
        data_type => 'datetime',
        is_nullable => 1,
    },
    run_after => {
        data_type => 'datetime',
        is_nullable => 1,
    },
    reschedule_hours => {
        data_type => 'integer',
        is_nullable => 1,
    },
    created => {
        data_type => 'datetime',
        set_on_create => 1,
    },
    modified => {
        data_type => 'datetime',
        set_on_create => 1,
        set_on_update => 1,
    },
);

__PACKAGE__->set_primary_key( 'id' );

__PACKAGE__->belongs_to( site            => 'CUFTS::Schema::Sites',     'site_id',                    { join_type => 'left' } );
__PACKAGE__->belongs_to( account         => 'CUFTS::Schema::Accounts',  'account_id',                 { join_type => 'left' } );
__PACKAGE__->belongs_to( global_resource => 'CUFTS::Schema::GlobalResources', 'global_resource_id',   { join_type => 'left' } );
__PACKAGE__->belongs_to( local_resource  => 'CUFTS::Schema::LocalResources',  'local_resource_id',    { join_type => 'left' } );

__PACKAGE__->has_many( logs => 'CUFTS::Schema::JobQueueLog', 'job_id' );

sub update_checkpoint_timestamp {
    my $self = shift;
    $self->checkpoint_timestamp( $self->get_timestamp() );
}

1;","default_value => 0,
    },
    retry_count => {
        data_type => 'integer',
        is_nullable => 0,
        default_value => 0,
    },
    max_retries => {
        data_type => 'integer',
        is_nullable => 0,
        default_value => 5,
    },
    status => {
        data_type => 'varchar',
        is_nullable => 0,
        size => 32,
        default_value => 'new',
    },
    error => {
        data_type => 'text',
        is_nullable => 1,
    },
    started => {
        data_type => 'datetime',
        is_nullable => 1,
    },
    completed => {
        data_type => 'datetime',
        is_nullable => 1,
    },
    created => {
        data_type => 'datetime',
        is_nullable => 0,
        set_on_create => 1,
    },
    updated => {
        data_type => 'datetime',
        is_nullable => 0,
        set_on_create => 1,
        set_on_update => 1,
    },
);

__PACKAGE__->set_primary_key('id');

__PACKAGE__->belongs"
deepseek,deepseek-ai/DeepSeek-V3.2:novita,perl,GPL-3.0,Munge-App::lib::Munge::Schema::Result::AccountFeedItem.pm,149,0.2,0,0.6947368421052632,"
=head2 feed_uuid

  data_type: 'binary'
  is_foreign_key: 1
  is_nullable: 0
  size: 16

=head2 read

  data_type: 'tinyint'
  default_value: 0
  is_nullable: 0

=head2 starred

  data_type: 'integer'
  default_value: 0
  is_nullable: 0

=cut

__PACKAGE__->add_columns(
    ""account_id"",
    { data_type => ""integer"", extra => { unsigned => 1 }, is_nullable => 0 },
    ""feed_item_uuid"",
    {
        data_type      => ""binary"",
        is_foreign_key => 1,
        is_nullable    => 0,
        size           => 16
    },
    ""feed_uuid"",
    {
        data_type      => ""binary"",
        is_foreign_key => 1,
        is_nullable    => 0,
        size           => 16
    },
    ""read"",
    { data_type => ""tinyint"", default_value => 0, is_nullable => 0 },
    ""starred"",
    { data_type => ""integer"", default_value => 0, is_nullable => 0 },
);

=head1 PRIMARY KEY

=over 4

=item * L</account_id>

=item * L</feed_uuid>

=item * L</feed_item_uuid>

=back

=cut

__PACKAGE__->set_primary_key( ""account_id"", ""feed_uuid"", ""feed_item_uuid"" );

=head1 RELATIONS

=head2 feed_item_uuid

Type: belongs_to

Related object: L<Munge::Schema::Result::FeedItem>

=cut

__PACKAGE__->belongs_to(
    ""feed_item_uuid"",
    ""Munge::Schema::Result::FeedItem"",
    { uuid          => ""feed_item_uuid"" },
    { is_deferrable => 1, on_delete => ""RESTRICT"", on_update => ""RESTRICT"" },
);

=head2 feed_uuid

Type: belongs_to

Related object: L<Munge::Schema::Result::Feed>

=cut

__PACKAGE__->belongs_to(
    ""feed_uuid"", ""Munge::Schema::Result::Feed"",
    { uuid          => ""feed_uuid"" },
    { is_deferrable => 1, on_delete => ""RESTRICT"", on_update => ""RESTRICT"" },
);

# Created by DBIx::Class::Schema::Loader v0.07033 @ 2013-01-20 00:51:19
# DO NOT MODIFY THIS OR ANYTHING ABOVE! md5sum:g5+3zu+GJybU3+IKCj4mKQ

# You can replace this text with custom code or comments, and it will be preserved on regeneration
1;","=head2 read

  data_type: 'tinyint'
  default_value: 0
  is_nullable: 0

=head2 starred

  data_type: 'tinyint'
  default_value: 0
  is_nullable: 0

=head2 created

  data_type: 'datetime'
  datetime_undef_if_invalid: 1
  is_nullable: 0

=head2 updated

  data_type: 'datetime'
  datetime_undef_if_invalid: 1
  is_nullable: 0

=cut

__PACKAGE__->add_columns(
  ""account_id"",
  { data_type => ""integer"", extra => { unsigned => 1 }, is_nullable => 0 },
  ""feed_item_uuid"",
  { data_type => ""binary"", is_foreign_key => 1, is_nullable => 0, size => 16 },
  ""read"",
  { data_type => ""tinyint"", default_value => 0, is_nullable => 0 },
  ""starred"",
  { data_type => ""tinyint"", default_value => 0, is_nullable => 0 },
  ""created"",
  {
    data_type => """
deepseek,deepseek-ai/DeepSeek-V3.2:novita,perl,GPL-3.0,Munge-App::lib::Munge::Schema::Result::AccountFeedItem.pm,149,0.4,0,0.6631578947368421,"
=head2 feed_uuid

  data_type: 'binary'
  is_foreign_key: 1
  is_nullable: 0
  size: 16

=head2 read

  data_type: 'tinyint'
  default_value: 0
  is_nullable: 0

=head2 starred

  data_type: 'integer'
  default_value: 0
  is_nullable: 0

=cut

__PACKAGE__->add_columns(
    ""account_id"",
    { data_type => ""integer"", extra => { unsigned => 1 }, is_nullable => 0 },
    ""feed_item_uuid"",
    {
        data_type      => ""binary"",
        is_foreign_key => 1,
        is_nullable    => 0,
        size           => 16
    },
    ""feed_uuid"",
    {
        data_type      => ""binary"",
        is_foreign_key => 1,
        is_nullable    => 0,
        size           => 16
    },
    ""read"",
    { data_type => ""tinyint"", default_value => 0, is_nullable => 0 },
    ""starred"",
    { data_type => ""integer"", default_value => 0, is_nullable => 0 },
);

=head1 PRIMARY KEY

=over 4

=item * L</account_id>

=item * L</feed_uuid>

=item * L</feed_item_uuid>

=back

=cut

__PACKAGE__->set_primary_key( ""account_id"", ""feed_uuid"", ""feed_item_uuid"" );

=head1 RELATIONS

=head2 feed_item_uuid

Type: belongs_to

Related object: L<Munge::Schema::Result::FeedItem>

=cut

__PACKAGE__->belongs_to(
    ""feed_item_uuid"",
    ""Munge::Schema::Result::FeedItem"",
    { uuid          => ""feed_item_uuid"" },
    { is_deferrable => 1, on_delete => ""RESTRICT"", on_update => ""RESTRICT"" },
);

=head2 feed_uuid

Type: belongs_to

Related object: L<Munge::Schema::Result::Feed>

=cut

__PACKAGE__->belongs_to(
    ""feed_uuid"", ""Munge::Schema::Result::Feed"",
    { uuid          => ""feed_uuid"" },
    { is_deferrable => 1, on_delete => ""RESTRICT"", on_update => ""RESTRICT"" },
);

# Created by DBIx::Class::Schema::Loader v0.07033 @ 2013-01-20 00:51:19
# DO NOT MODIFY THIS OR ANYTHING ABOVE! md5sum:g5+3zu+GJybU3+IKCj4mKQ

# You can replace this text with custom code or comments, and it will be preserved on regeneration
1;","=head2 read

  data_type: 'boolean'
  default_value: 0
  is_nullable: 0

=head2 starred

  data_type: 'boolean'
  default_value: 0
  is_nullable: 0

=head2 created

  data_type: 'datetime'
  datetime_undef_if_invalid: 1
  is_nullable: 0

=head2 updated

  data_type: 'datetime'
  datetime_undef_if_invalid: 1
  is_nullable: 0

=cut

__PACKAGE__->add_columns(
  ""read"",
  { data_type => ""boolean"", default_value => 0, is_nullable => 0 },
  ""starred"",
  { data_type => ""boolean"", default_value => 0, is_nullable => 0 },
  ""created"",
  {
    data_type => ""datetime"",
    datetime_undef_if_invalid => 1,
    is_nullable => 0,
  },
  ""updated"",
  {
    data_type => ""datetime"",
    datetime_undef_if_invalid => 1,
    is_nullable => 0,
  },
);

=head1 PRIMARY KEY

=over"
deepseek,deepseek-ai/DeepSeek-V3.2:novita,perl,GPL-3.0,Munge-App::lib::Munge::Schema::Result::AccountFeedItem.pm,149,0.8,0,0.39759036144578314,"
=head2 feed_uuid

  data_type: 'binary'
  is_foreign_key: 1
  is_nullable: 0
  size: 16

=head2 read

  data_type: 'tinyint'
  default_value: 0
  is_nullable: 0

=head2 starred

  data_type: 'integer'
  default_value: 0
  is_nullable: 0

=cut

__PACKAGE__->add_columns(
    ""account_id"",
    { data_type => ""integer"", extra => { unsigned => 1 }, is_nullable => 0 },
    ""feed_item_uuid"",
    {
        data_type      => ""binary"",
        is_foreign_key => 1,
        is_nullable    => 0,
        size           => 16
    },
    ""feed_uuid"",
    {
        data_type      => ""binary"",
        is_foreign_key => 1,
        is_nullable    => 0,
        size           => 16
    },
    ""read"",
    { data_type => ""tinyint"", default_value => 0, is_nullable => 0 },
    ""starred"",
    { data_type => ""integer"", default_value => 0, is_nullable => 0 },
);

=head1 PRIMARY KEY

=over 4

=item * L</account_id>

=item * L</feed_uuid>

=item * L</feed_item_uuid>

=back

=cut

__PACKAGE__->set_primary_key( ""account_id"", ""feed_uuid"", ""feed_item_uuid"" );

=head1 RELATIONS

=head2 feed_item_uuid

Type: belongs_to

Related object: L<Munge::Schema::Result::FeedItem>

=cut

__PACKAGE__->belongs_to(
    ""feed_item_uuid"",
    ""Munge::Schema::Result::FeedItem"",
    { uuid          => ""feed_item_uuid"" },
    { is_deferrable => 1, on_delete => ""RESTRICT"", on_update => ""RESTRICT"" },
);

=head2 feed_uuid

Type: belongs_to

Related object: L<Munge::Schema::Result::Feed>

=cut

__PACKAGE__->belongs_to(
    ""feed_uuid"", ""Munge::Schema::Result::Feed"",
    { uuid          => ""feed_uuid"" },
    { is_deferrable => 1, on_delete => ""RESTRICT"", on_update => ""RESTRICT"" },
);

# Created by DBIx::Class::Schema::Loader v0.07033 @ 2013-01-20 00:51:19
# DO NOT MODIFY THIS OR ANYTHING ABOVE! md5sum:g5+3zu+GJybU3+IKCj4mKQ

# You can replace this text with custom code or comments, and it will be preserved on regeneration
1;","=head2 read

  data_type: 'tinyint'
  default_value: 0
  is_nullable: 0

=head2 favorite

  data_type: 'tinyint'
  default_value: 0
  is_nullable: 0

=head2 saved

  data_type: 'tinyint'
  default_value: 0
  is_nullable: 0

=head2 created

  data_type: 'timestamp'
  datetime_undef_if_invalid: 1
  default_value: current_timestamp
  is_nullable: 0

=head2 updated

  data_type: 'timestamp'
  datetime_undef_if_invalid: 1
  is_nullable: 1

=cut

__PACKAGE__->add_columns(
  ""account_id"",
  {
    data_type => ""integer"",
    extra => { unsigned => 1 },
    is_nullable => 0,
  },
  ""feed_item_uuid"",
  {
    data_type => ""binary"",
    is_foreign_key => 1,
    is_nullable => 0,
    size => 16,
  },
  ""read"",
  {
    data_type => ""tinyint"",
    default_value =>"
deepseek,deepseek-ai/DeepSeek-V3.2:novita,perl,GPL-3.0,lib::MT::ObjectDriverFactory.pm,139,0.2,0,0.011627906976744186,"            my $driver = MT::ObjectDriver::Driver::DBI->new(
                dbd => $dbd,
                dsn => $dbd->dsn_from_config($cfg),
                reuse_dbh => 1,
                ($Username ? ( username => $Username) : ()),
                ($Password ? ( password => $Password) : ()),
            );
            push @drivers, $driver;
            return $driver;
        }, $class
    );
    return $driver_code;
}

our $dbd_class;
sub dbd_class {
    return $dbd_class if defined $dbd_class;
    my $pkg = shift;

    my ($type) = @_;
    $type ||= MT->config('ObjectDriver');

    my $dbd_class;
    foreach my $driver (@$drivers) {
        if ((lc $type) =~ m/^$driver->[0]$/) {
            $dbd_class = $driver->[1];
            last;
        }
    }

    unless ( $dbd_class ) {
        my $all_drivers = MT->registry(""object_drivers"");
        foreach my $driver ( %$all_drivers ) {
            if ( my $re = $all_drivers->{$driver}{match} ) {
                if ( (lc $type) =~ m/^$re$/ ) {
                    $dbd_class = $all_drivers->{$driver}{config_package};
                    last;
                }
            }
        }
    }

    $dbd_class ||= $type;
    die ""Unsupported driver $type"" unless $dbd_class;

    $dbd_class = 'MT::ObjectDriver::Driver::DBD::' . $dbd_class
        unless $dbd_class =~ m/::/;

    eval ""use $dbd_class;"";
    die ""Unsupported driver $type: $@"" if $@;

    return $dbd_class;
}

sub configure {
    my $pkg = shift;
    $_->configure(@_) for @drivers;
}

sub cleanup {
    if ( my $driver = $MT::Object::DRIVER ) {
        if ( my $dbh = $driver->dbh ) {
            $dbh->disconnect;
            $driver->dbh(undef);
        }
        $MT::Object::DRIVER = undef;
        $MT::Object::DBI_DRIVER = undef;
    }
    foreach my $driver (@drivers) {
        if ( my $dbh = $driver->dbh ) {
            $dbh->disconnect;
            $driver->dbh(undef);
        }
    }
    @drivers = ();
    undef $DRIVER;
}

1;
__END__

=head1 NAME

MT::ObjectDriverFactory

=head1 AUTHOR & COPYRIGHT

Please see L<MT/AUTHOR & COPYRIGHT>.

=cut","my $dbd_class = $pkg->dbd_class;
            my $driver_class = $pkg->driver_class($dbd_class);
            my $dsn = $cfg->DBIString;
            my $opts = $cfg->DBIOptions || {};
            $opts->{RaiseError} = 0;
            $opts->{PrintError} = 0;
            $opts->{AutoCommit} = 1;
            $opts->{HandleError} = sub {
                my $error = shift;
                MT->log({
                    message => ""Database error: $error"",
                    level => MT::Log::ERROR(),
                });
            };
            my $driver = $driver_class->new($dsn, $Username, $Password, $opts);
            return $driver;
        }
    );
    return $driver_code;
}

sub driver_class {
    my $pkg = shift;
    my ($dbd) = @_;
    foreach my $driver (@$drivers) {
        my ($re, $class) = @$driver;
        if ($dbd =~ /$re/) {
            return ""MT::ObjectDriver::Driver::DBI::$"
deepseek,deepseek-ai/DeepSeek-V3.2:novita,perl,GPL-3.0,lib::MT::ObjectDriverFactory.pm,139,0.4,0,0.06857142857142857,"            my $driver = MT::ObjectDriver::Driver::DBI->new(
                dbd => $dbd,
                dsn => $dbd->dsn_from_config($cfg),
                reuse_dbh => 1,
                ($Username ? ( username => $Username) : ()),
                ($Password ? ( password => $Password) : ()),
            );
            push @drivers, $driver;
            return $driver;
        }, $class
    );
    return $driver_code;
}

our $dbd_class;
sub dbd_class {
    return $dbd_class if defined $dbd_class;
    my $pkg = shift;

    my ($type) = @_;
    $type ||= MT->config('ObjectDriver');

    my $dbd_class;
    foreach my $driver (@$drivers) {
        if ((lc $type) =~ m/^$driver->[0]$/) {
            $dbd_class = $driver->[1];
            last;
        }
    }

    unless ( $dbd_class ) {
        my $all_drivers = MT->registry(""object_drivers"");
        foreach my $driver ( %$all_drivers ) {
            if ( my $re = $all_drivers->{$driver}{match} ) {
                if ( (lc $type) =~ m/^$re$/ ) {
                    $dbd_class = $all_drivers->{$driver}{config_package};
                    last;
                }
            }
        }
    }

    $dbd_class ||= $type;
    die ""Unsupported driver $type"" unless $dbd_class;

    $dbd_class = 'MT::ObjectDriver::Driver::DBD::' . $dbd_class
        unless $dbd_class =~ m/::/;

    eval ""use $dbd_class;"";
    die ""Unsupported driver $type: $@"" if $@;

    return $dbd_class;
}

sub configure {
    my $pkg = shift;
    $_->configure(@_) for @drivers;
}

sub cleanup {
    if ( my $driver = $MT::Object::DRIVER ) {
        if ( my $dbh = $driver->dbh ) {
            $dbh->disconnect;
            $driver->dbh(undef);
        }
        $MT::Object::DRIVER = undef;
        $MT::Object::DBI_DRIVER = undef;
    }
    foreach my $driver (@drivers) {
        if ( my $dbh = $driver->dbh ) {
            $dbh->disconnect;
            $driver->dbh(undef);
        }
    }
    @drivers = ();
    undef $DRIVER;
}

1;
__END__

=head1 NAME

MT::ObjectDriverFactory

=head1 AUTHOR & COPYRIGHT

Please see L<MT/AUTHOR & COPYRIGHT>.

=cut","my $Driver = $cfg->DBDriver;
            my $dsn = $cfg->DBDSN;
            my $Database = $cfg->Database;

            # Determine the DBD driver class
            my $dbd_class;
            foreach my $d (@$drivers) {
                my ($re, $driver_name) = @$d;
                if ($Driver =~ $re) {
                    $dbd_class = 'MT::ObjectDriver::Driver::DBD::' . $driver_name;
                    last;
                }
            }
            die ""Unsupported DBDriver: $Driver"" unless $dbd_class;

            # Load the DBD driver module
            eval ""require $dbd_class"";
            die $@ if $@;

            # Build DSN if not provided
            unless ($dsn) {
                $dsn = $dbd_class->build_dsn(
                    Database => $Database,
                    Username => $Username,
                    Password => $Password,
                );
            }

            # Create the driver instance
            my $driver = $dbd_class->new({
                dsn      => $dsn,
                username => $Username,
                password => $Password,
                %{ $cfg"
deepseek,deepseek-ai/DeepSeek-V3.2:novita,perl,GPL-3.0,lib::MT::ObjectDriverFactory.pm,139,0.8,0,0.033707865168539325,"            my $driver = MT::ObjectDriver::Driver::DBI->new(
                dbd => $dbd,
                dsn => $dbd->dsn_from_config($cfg),
                reuse_dbh => 1,
                ($Username ? ( username => $Username) : ()),
                ($Password ? ( password => $Password) : ()),
            );
            push @drivers, $driver;
            return $driver;
        }, $class
    );
    return $driver_code;
}

our $dbd_class;
sub dbd_class {
    return $dbd_class if defined $dbd_class;
    my $pkg = shift;

    my ($type) = @_;
    $type ||= MT->config('ObjectDriver');

    my $dbd_class;
    foreach my $driver (@$drivers) {
        if ((lc $type) =~ m/^$driver->[0]$/) {
            $dbd_class = $driver->[1];
            last;
        }
    }

    unless ( $dbd_class ) {
        my $all_drivers = MT->registry(""object_drivers"");
        foreach my $driver ( %$all_drivers ) {
            if ( my $re = $all_drivers->{$driver}{match} ) {
                if ( (lc $type) =~ m/^$re$/ ) {
                    $dbd_class = $all_drivers->{$driver}{config_package};
                    last;
                }
            }
        }
    }

    $dbd_class ||= $type;
    die ""Unsupported driver $type"" unless $dbd_class;

    $dbd_class = 'MT::ObjectDriver::Driver::DBD::' . $dbd_class
        unless $dbd_class =~ m/::/;

    eval ""use $dbd_class;"";
    die ""Unsupported driver $type: $@"" if $@;

    return $dbd_class;
}

sub configure {
    my $pkg = shift;
    $_->configure(@_) for @drivers;
}

sub cleanup {
    if ( my $driver = $MT::Object::DRIVER ) {
        if ( my $dbh = $driver->dbh ) {
            $dbh->disconnect;
            $driver->dbh(undef);
        }
        $MT::Object::DRIVER = undef;
        $MT::Object::DBI_DRIVER = undef;
    }
    foreach my $driver (@drivers) {
        if ( my $dbh = $driver->dbh ) {
            $dbh->disconnect;
            $driver->dbh(undef);
        }
    }
    @drivers = ();
    undef $DRIVER;
}

1;
__END__

=head1 NAME

MT::ObjectDriverFactory

=head1 AUTHOR & COPYRIGHT

Please see L<MT/AUTHOR & COPYRIGHT>.

=cut","my $dsn = $cfg->Database;
            my $driver_class = $pkg->driver_class($dsn);
            unless ($driver_class) {
                return $pkg->error(""Unable to find driver for DSN: $dsn"");
            }

            # Load the driver class
            eval ""require $driver_class"";
            if ($@) {
                return $pkg->error(""Failed to load driver $driver_class: $@"");
            }

            my $driver = $driver_class->new;
            $driver->configure(
                DSN      => $dsn,
                Username => $Username,
                Password => $Password,
                DBDClass => $dbd,
            );

            return $driver;
        }
    );
    return $driver_code;
}

sub driver_class {
    my $pkg = shift;
    my ($dsn) = @_;

    foreach my $driver (@$drivers) {
        my ($pattern, $class) = @$driver;
        if ($dsn =~ $pattern) {
            return ""MT::ObjectDriver::Driver::$class"";
        }
    }

    return undef;
}

sub dbd_class {
    my $pkg = shift;"
deepseek,deepseek-ai/DeepSeek-V3.2:novita,perl,GPL-3.0,macros::uwlChiGOFScaf.pl,70,0.2,0,0.0,"$this_part++;

Section::Begin(""Part $this_part: Test statistic and p-value"",
  can_open => ""when_previous_correct"",
  is_open  => ""correct_or_first_incorrect""
);

TEXT(EV3(<<'END_TEXT'));
What are the test statistic, degrees of freedom, and p-value for this hypothesis
test? Give your answers to 4 decimal places. If p-value $disp_lt 0.001, enter 0.
\\{ BeginList(""OL"", type=> ""a"") \\}
  $ITEM $disp_chisq = \\{ ans_rule(10) \\}
  $ITEM degrees of freedom = \\{ ans_rule(10) \\}
  $ITEM p-value = \\{ ans_rule(10)\\}
\\{ EndList(""OL"") \\}
END_TEXT
ANS($ts->with(tolerance=>0.001, tolType=>""Absolute"")->cmp());
ANS($df->with(tolerance=>0, tolType=>""Absolute"")->cmp());
ANS($pvalans->with(tolerance=>0.001, tolType=>""Absolute"")->cmp());
Section::End();

# conclusion and interpretation
$this_part++;

Section::Begin(""Part $this_part: Conclusion and interpretation"",
  can_open => ""when_previous_correct"",
  is_open  => ""correct_or_first_incorrect""
);
TEXT(EV3(<<'END_TEXT'));
For the following questions, use a significance level of $disp_alpha = $alpha. $PAR
\\{ BeginList(""OL"", type=> ""a"") \\}
  $ITEM Select the appropriate decision for this hypothesis test. $BR
  \\{ $mcdec -> buttons() \\} $PAR
  $ITEM Select the appropriate interpretation for this hypothesis test. $BR
  \\{ $mcinterp -> buttons() \\} $PAR
  $ITEM If an error had been made on this test, what kind of error would it have
  been? $BR
  \\{ $mcerror -> buttons() \\} $PAR
\\{ EndList(""OL"") \\}
END_TEXT
ANS($mcdec->cmp());
ANS($mcinterp->cmp());
ANS($mcerror->cmp());
Section::End();

1;","$this_part++;

Section::Begin(""Part $this_part: Compute the test statistic and p-value"",
  can_open => ""when_previous_correct"",
  is_open  => ""correct_or_first_incorrect""
);

TEXT(EV3(<<'END_TEXT'));
Now we will compute the test statistic and p-value.
\\{ BeginList(""OL"", type=>""a"") \\}
  $ITEM What is the value of the test statistic? 
  \\{ ans_rule(10) \\}
  $ITEM What is the p-value? 
  \\{ ans_rule(10) \\}
\\{ EndList(""OL"") \\}
END_TEXT
ANS($this_chisq->with(tolerance=>0.01, tolType=>""Absolute"")->cmp());
ANS($this_pval->with(tolerance=>0.0001, tolType=>""Absolute"")->cmp());
Section::End();

## conclusion
$this_part++;

Section::Begin(""Part $this_part: Draw a conclusion"",
  can_open => ""when_previous_correct"",
  is_open  => ""correct_or_first_incorrect""
);

TEXT(EV3(<<'END_TEXT'));
Based on the p-value, what is the appropriate conclusion"
deepseek,deepseek-ai/DeepSeek-V3.2:novita,perl,GPL-3.0,macros::uwlChiGOFScaf.pl,70,0.4,0,0.0,"$this_part++;

Section::Begin(""Part $this_part: Test statistic and p-value"",
  can_open => ""when_previous_correct"",
  is_open  => ""correct_or_first_incorrect""
);

TEXT(EV3(<<'END_TEXT'));
What are the test statistic, degrees of freedom, and p-value for this hypothesis
test? Give your answers to 4 decimal places. If p-value $disp_lt 0.001, enter 0.
\\{ BeginList(""OL"", type=> ""a"") \\}
  $ITEM $disp_chisq = \\{ ans_rule(10) \\}
  $ITEM degrees of freedom = \\{ ans_rule(10) \\}
  $ITEM p-value = \\{ ans_rule(10)\\}
\\{ EndList(""OL"") \\}
END_TEXT
ANS($ts->with(tolerance=>0.001, tolType=>""Absolute"")->cmp());
ANS($df->with(tolerance=>0, tolType=>""Absolute"")->cmp());
ANS($pvalans->with(tolerance=>0.001, tolType=>""Absolute"")->cmp());
Section::End();

# conclusion and interpretation
$this_part++;

Section::Begin(""Part $this_part: Conclusion and interpretation"",
  can_open => ""when_previous_correct"",
  is_open  => ""correct_or_first_incorrect""
);
TEXT(EV3(<<'END_TEXT'));
For the following questions, use a significance level of $disp_alpha = $alpha. $PAR
\\{ BeginList(""OL"", type=> ""a"") \\}
  $ITEM Select the appropriate decision for this hypothesis test. $BR
  \\{ $mcdec -> buttons() \\} $PAR
  $ITEM Select the appropriate interpretation for this hypothesis test. $BR
  \\{ $mcinterp -> buttons() \\} $PAR
  $ITEM If an error had been made on this test, what kind of error would it have
  been? $BR
  \\{ $mcerror -> buttons() \\} $PAR
\\{ EndList(""OL"") \\}
END_TEXT
ANS($mcdec->cmp());
ANS($mcinterp->cmp());
ANS($mcerror->cmp());
Section::End();

1;","$this_part++;

Section::Begin(""Part $this_part: Compute the test statistic and p-value"",
    can_open => ""when_previous_correct"",
    is_open  => ""correct_or_first_incorrect""
);

TEXT(EV3(<<'END_TEXT'));
Now compute the test statistic and p-value.

Note: For the test statistic, use the formula:
\[
\chi^2 = \sum \frac{(O - E)^2}{E}
\]
and report your answer to three decimal places.

For the p-value, use the appropriate $\chi^2$ distribution with the correct degrees of freedom.
\\{ BeginList(""OL"", type=>""a"") \\}
$ITEM Compute the chi-square test statistic: \\{ ans_rule(20) \\}
$ITEM Compute the p-value: \\{ ans_rule(20) \\}
\\{ EndList(""OL"") \\}
END_TEXT

ANS($chi_square->with(tolerance=>0.001, tolType=>""Absolute"")->cmp());
ANS($p_value->with(tolerance=>0.0001, tolType=>""Absolute"")->cmp());

Section::End();

## conclusion
$this_part++;
Section::Begin(""Part $this_part: State"
deepseek,deepseek-ai/DeepSeek-V3.2:novita,perl,GPL-3.0,macros::uwlChiGOFScaf.pl,70,0.8,0,0.0,"$this_part++;

Section::Begin(""Part $this_part: Test statistic and p-value"",
  can_open => ""when_previous_correct"",
  is_open  => ""correct_or_first_incorrect""
);

TEXT(EV3(<<'END_TEXT'));
What are the test statistic, degrees of freedom, and p-value for this hypothesis
test? Give your answers to 4 decimal places. If p-value $disp_lt 0.001, enter 0.
\\{ BeginList(""OL"", type=> ""a"") \\}
  $ITEM $disp_chisq = \\{ ans_rule(10) \\}
  $ITEM degrees of freedom = \\{ ans_rule(10) \\}
  $ITEM p-value = \\{ ans_rule(10)\\}
\\{ EndList(""OL"") \\}
END_TEXT
ANS($ts->with(tolerance=>0.001, tolType=>""Absolute"")->cmp());
ANS($df->with(tolerance=>0, tolType=>""Absolute"")->cmp());
ANS($pvalans->with(tolerance=>0.001, tolType=>""Absolute"")->cmp());
Section::End();

# conclusion and interpretation
$this_part++;

Section::Begin(""Part $this_part: Conclusion and interpretation"",
  can_open => ""when_previous_correct"",
  is_open  => ""correct_or_first_incorrect""
);
TEXT(EV3(<<'END_TEXT'));
For the following questions, use a significance level of $disp_alpha = $alpha. $PAR
\\{ BeginList(""OL"", type=> ""a"") \\}
  $ITEM Select the appropriate decision for this hypothesis test. $BR
  \\{ $mcdec -> buttons() \\} $PAR
  $ITEM Select the appropriate interpretation for this hypothesis test. $BR
  \\{ $mcinterp -> buttons() \\} $PAR
  $ITEM If an error had been made on this test, what kind of error would it have
  been? $BR
  \\{ $mcerror -> buttons() \\} $PAR
\\{ EndList(""OL"") \\}
END_TEXT
ANS($mcdec->cmp());
ANS($mcinterp->cmp());
ANS($mcerror->cmp());
Section::End();

1;","$this_part++;

Section::Begin(""Part $this_part: Compute the test statistic and p-value"",
  can_open => ""when_previous_correct"", 
  is_open  => ""correct_or_first_incorrect""
);

TEXT(EV3(<<'END_TEXT'));
Now we will compute the test statistic and p-value.
\\{ BeginList(""OL"", type=>""a"") \\}
  $ITEM What is the value of the chi-square test statistic?
  \\{ ans_rule(10) \\}
  $ITEM How many degrees of freedom are used for this test?
  \\{ ans_rule(10) \\}
  $ITEM What is the p-value for this test?
  \\{ ans_rule(10) \\}
\\{ EndList(""OL"") \\}
END_TEXT
ANS($chi_square->with(tolerance=>0.01, tolType=>""Absolute"")->cmp());
ANS($df->cmp());
ANS($p_value->with(tolerance=>0.001, tolType=>""Absolute"")->cmp());
Section::End();

## conclusion
$this_part++;

Section::Begin(""Part $this_part: State the conclusion"",
  can_open => ""when_previous_correct"",
  is_open"
deepseek,deepseek-ai/DeepSeek-V3.2:novita,perl,GPL-3.0,lib::Canto::ChadoDB::Chadoprop.pm,102,0.2,0,1.0,"
  data_type: 'integer'
  is_foreign_key: 1
  is_nullable: 0

=head2 value

  data_type: 'text'
  is_nullable: 0

=head2 rank

  data_type: 'int'
  default_value: 0
  is_nullable: 0

=cut

__PACKAGE__->add_columns(
  ""chadoprop_id"",
  { data_type => ""integer"", is_auto_increment => 1, is_nullable => 0 },
  ""type_id"",
  { data_type => ""integer"", is_foreign_key => 1, is_nullable => 0 },
  ""value"",
  { data_type => ""text"", is_nullable => 0 },
  ""rank"",
  { data_type => ""int"", default_value => 0, is_nullable => 0 },
);

=head1 PRIMARY KEY

=over 4

=item * L</chadoprop_id>

=back

=cut

__PACKAGE__->set_primary_key(""chadoprop_id"");

=head1 RELATIONS

=head2 type

Type: belongs_to

Related object: L<Canto::ChadoDB::Cvterm>

=cut

__PACKAGE__->belongs_to(
  ""type"",
  ""Canto::ChadoDB::Cvterm"",
  { cvterm_id => ""type_id"" },
  { is_deferrable => 0, on_delete => ""NO ACTION"", on_update => ""NO ACTION"" },
);


# Created by DBIx::Class::Schema::Loader v0.07045 @ 2016-08-08 13:12:47
# DO NOT MODIFY THIS OR ANYTHING ABOVE! md5sum:opSy1QpTNg4sU95MPAeyVw


# You can replace this text with custom code or comments, and it will be preserved on regeneration
__PACKAGE__->meta->make_immutable;
1;","data_type: 'integer'
  is_foreign_key: 1
  is_nullable: 0

=head2 value

  data_type: 'text'
  is_nullable: 1

=head2 rank

  data_type: 'integer'
  default_value: 0
  is_nullable: 0

=cut

__PACKAGE__->add_columns(
  ""chadoprop_id"",
  {
    data_type         => ""integer"",
    is_auto_increment => 1,
    is_nullable       => 0,
  },
  ""type_id"",
  { data_type => ""integer"", is_foreign_key => 1, is_nullable => 0 },
  ""value"",
  { data_type => ""text"", is_nullable => 1 },
  ""rank"",
  { data_type => ""integer"", default_value => 0, is_nullable => 0 },
);

=head1 PRIMARY KEY

=over 4

=item * L</chadoprop_id>

=back

=cut

__PACKAGE__->set_primary_key(""chadoprop_id"");

=head1 UNIQUE CONSTRAINTS

=head2 C<chadoprop_c1>

=over"
deepseek,deepseek-ai/DeepSeek-V3.2:novita,perl,GPL-3.0,lib::Canto::ChadoDB::Chadoprop.pm,102,0.4,0,1.0,"
  data_type: 'integer'
  is_foreign_key: 1
  is_nullable: 0

=head2 value

  data_type: 'text'
  is_nullable: 0

=head2 rank

  data_type: 'int'
  default_value: 0
  is_nullable: 0

=cut

__PACKAGE__->add_columns(
  ""chadoprop_id"",
  { data_type => ""integer"", is_auto_increment => 1, is_nullable => 0 },
  ""type_id"",
  { data_type => ""integer"", is_foreign_key => 1, is_nullable => 0 },
  ""value"",
  { data_type => ""text"", is_nullable => 0 },
  ""rank"",
  { data_type => ""int"", default_value => 0, is_nullable => 0 },
);

=head1 PRIMARY KEY

=over 4

=item * L</chadoprop_id>

=back

=cut

__PACKAGE__->set_primary_key(""chadoprop_id"");

=head1 RELATIONS

=head2 type

Type: belongs_to

Related object: L<Canto::ChadoDB::Cvterm>

=cut

__PACKAGE__->belongs_to(
  ""type"",
  ""Canto::ChadoDB::Cvterm"",
  { cvterm_id => ""type_id"" },
  { is_deferrable => 0, on_delete => ""NO ACTION"", on_update => ""NO ACTION"" },
);


# Created by DBIx::Class::Schema::Loader v0.07045 @ 2016-08-08 13:12:47
# DO NOT MODIFY THIS OR ANYTHING ABOVE! md5sum:opSy1QpTNg4sU95MPAeyVw


# You can replace this text with custom code or comments, and it will be preserved on regeneration
__PACKAGE__->meta->make_immutable;
1;","data_type: 'integer'
  is_foreign_key: 1
  is_nullable: 0

=head2 value

  data_type: 'text'
  is_nullable: 1

=head2 rank

  data_type: 'integer'
  default_value: 0
  is_nullable: 0

=cut

__PACKAGE__->add_columns(
  ""chadoprop_id"",
  {
    data_type         => ""integer"",
    is_auto_increment => 1,
    is_nullable       => 0,
  },
  ""type_id"",
  { data_type => ""integer"", is_foreign_key => 1, is_nullable => 0 },
  ""value"",
  { data_type => ""text"", is_nullable => 1 },
  ""rank"",
  { data_type => ""integer"", default_value => 0, is_nullable => 0 },
);

=head1 PRIMARY KEY

=over 4

=item * L</chadoprop_id>

=back

=cut

__PACKAGE__->set_primary_key(""chadoprop_id"");

=head1 UNIQUE CONSTRAINTS

=head2 C<chadoprop_c1>

=over"
deepseek,deepseek-ai/DeepSeek-V3.2:novita,perl,GPL-3.0,lib::Canto::ChadoDB::Chadoprop.pm,102,0.8,0,1.0,"
  data_type: 'integer'
  is_foreign_key: 1
  is_nullable: 0

=head2 value

  data_type: 'text'
  is_nullable: 0

=head2 rank

  data_type: 'int'
  default_value: 0
  is_nullable: 0

=cut

__PACKAGE__->add_columns(
  ""chadoprop_id"",
  { data_type => ""integer"", is_auto_increment => 1, is_nullable => 0 },
  ""type_id"",
  { data_type => ""integer"", is_foreign_key => 1, is_nullable => 0 },
  ""value"",
  { data_type => ""text"", is_nullable => 0 },
  ""rank"",
  { data_type => ""int"", default_value => 0, is_nullable => 0 },
);

=head1 PRIMARY KEY

=over 4

=item * L</chadoprop_id>

=back

=cut

__PACKAGE__->set_primary_key(""chadoprop_id"");

=head1 RELATIONS

=head2 type

Type: belongs_to

Related object: L<Canto::ChadoDB::Cvterm>

=cut

__PACKAGE__->belongs_to(
  ""type"",
  ""Canto::ChadoDB::Cvterm"",
  { cvterm_id => ""type_id"" },
  { is_deferrable => 0, on_delete => ""NO ACTION"", on_update => ""NO ACTION"" },
);


# Created by DBIx::Class::Schema::Loader v0.07045 @ 2016-08-08 13:12:47
# DO NOT MODIFY THIS OR ANYTHING ABOVE! md5sum:opSy1QpTNg4sU95MPAeyVw


# You can replace this text with custom code or comments, and it will be preserved on regeneration
__PACKAGE__->meta->make_immutable;
1;","data_type: 'integer'
  is_foreign_key: 1
  is_nullable: 0

=head2 value

  data_type: 'text'
  is_nullable: 1

=head2 rank

  data_type: 'integer'
  default_value: 0
  is_nullable: 0

=cut

__PACKAGE__->add_columns(
  ""chadoprop_id"",
  {
    data_type         => ""integer"",
    is_auto_increment => 1,
    is_nullable       => 0,
  },
  ""type_id"",
  { data_type => ""integer"", is_foreign_key => 1, is_nullable => 0 },
  ""value"",
  { data_type => ""text"", is_nullable => 1 },
  ""rank"",
  { data_type => ""integer"", default_value => 0, is_nullable => 0 },
);

__PACKAGE__->set_primary_key(""chadoprop_id"");

__PACKAGE__->add_unique_constraint(""chadoprop_c1"", [""type_id"", ""rank""]);

=head1 RELATIONS

=head2 type

Type: belongs_to

Related object: L<C"
deepseek,deepseek-ai/DeepSeek-V3.2:novita,perl,GPL-3.0,C4::SIP::Sip::Configuration.pm,76,0.2,0,0.025,"    ValueAttr  => {
        'error-detect' => 'enabled',
        'min_servers'  => 'value',
        'max_servers'  => 'value'
    }
);

sub new {
    my ( $class, $config_file ) = @_;
    my $cfg = $parser->XMLin($config_file);
    my %listeners;

    # The key to the listeners hash is the 'port' component of the
    # configuration, which is of the form '[host]:[port]/proto', and
    # the 'proto' component could be upper-, lower-, or mixed-cased.
    # Regularize it here to lower-case, and then do the same below in
    # find_server() when building the keys to search the hash.

    foreach my $service ( values %{ $cfg->{listeners} } ) {
        $listeners{ lc $service->{port} } = $service;
    }
    $cfg->{listeners} = \%listeners;

    return bless $cfg, $class;
}

sub error_detect {
    my $self = shift;
    return $self->{'error-detect'};
}

sub accounts {
    my $self = shift;
    return values %{ $self->{accounts} };
}

sub find_service {
    my ( $self, $sockaddr, $port, $proto ) = @_;
    my $portstr;
    foreach my $addr ( '', '*:', ""$sockaddr:"", ""[$sockaddr]:"" ) {
        $portstr = sprintf( ""%s%s/%s"", $addr, $port, lc $proto );
        siplog( ""LOG_DEBUG"",
            ""Configuration::find_service: Trying $portstr"" );
        last if ( exists( ( $self->{listeners} )->{$portstr} ) );
    }
    return $self->{listeners}->{$portstr};
}

1;","NormaliseSpace => 2,
    SuppressEmpty => undef,
);

sub parse_config {
    my ($file) = @_;
    siplog('LOG_DEBUG', ""SIP config parse: %s"", $file);
    my $config = $parser->XMLin($file);
    # Return the configuration structure
    return $config;
}

1;"
deepseek,deepseek-ai/DeepSeek-V3.2:novita,perl,GPL-3.0,C4::SIP::Sip::Configuration.pm,76,0.4,0,0.06666666666666667,"    ValueAttr  => {
        'error-detect' => 'enabled',
        'min_servers'  => 'value',
        'max_servers'  => 'value'
    }
);

sub new {
    my ( $class, $config_file ) = @_;
    my $cfg = $parser->XMLin($config_file);
    my %listeners;

    # The key to the listeners hash is the 'port' component of the
    # configuration, which is of the form '[host]:[port]/proto', and
    # the 'proto' component could be upper-, lower-, or mixed-cased.
    # Regularize it here to lower-case, and then do the same below in
    # find_server() when building the keys to search the hash.

    foreach my $service ( values %{ $cfg->{listeners} } ) {
        $listeners{ lc $service->{port} } = $service;
    }
    $cfg->{listeners} = \%listeners;

    return bless $cfg, $class;
}

sub error_detect {
    my $self = shift;
    return $self->{'error-detect'};
}

sub accounts {
    my $self = shift;
    return values %{ $self->{accounts} };
}

sub find_service {
    my ( $self, $sockaddr, $port, $proto ) = @_;
    my $portstr;
    foreach my $addr ( '', '*:', ""$sockaddr:"", ""[$sockaddr]:"" ) {
        $portstr = sprintf( ""%s%s/%s"", $addr, $port, lc $proto );
        siplog( ""LOG_DEBUG"",
            ""Configuration::find_service: Trying $portstr"" );
        last if ( exists( ( $self->{listeners} )->{$portstr} ) );
    }
    return $self->{listeners}->{$portstr};
}

1;","NoIndent=> 1,
    SuppressEmpty => undef,
);

sub parse_config {
    my ($config_file) = @_;

    my $config = $parser->XMLin($config_file);
    unless ($config) {
        siplog(""LOG_ERR"", ""Unable to parse configuration file: %s"", $config_file);
        return undef;
    }

    # Validate required top-level elements exist
    unless (exists $config->{institutions} and ref $config->{institutions} eq 'HASH') {
        siplog(""LOG_ERR"", ""No institutions defined in configuration"");
        return undef;
    }
    unless (exists $config->{accounts} and ref $config->{accounts} eq 'HASH') {
        siplog(""LOG_ERR"", ""No accounts defined in configuration"");
        return undef;
    }
    unless (exists $config->{server} and ref $config->{server} eq 'HASH') {
        siplog(""LOG_ERR"", ""No server configuration defined"");
        return undef;
    }

    # Process each institution
    foreach my $inst_id (keys %{$config->{institutions}}) {"
deepseek,deepseek-ai/DeepSeek-V3.2:novita,perl,GPL-3.0,C4::SIP::Sip::Configuration.pm,76,0.8,0,0.0,"    ValueAttr  => {
        'error-detect' => 'enabled',
        'min_servers'  => 'value',
        'max_servers'  => 'value'
    }
);

sub new {
    my ( $class, $config_file ) = @_;
    my $cfg = $parser->XMLin($config_file);
    my %listeners;

    # The key to the listeners hash is the 'port' component of the
    # configuration, which is of the form '[host]:[port]/proto', and
    # the 'proto' component could be upper-, lower-, or mixed-cased.
    # Regularize it here to lower-case, and then do the same below in
    # find_server() when building the keys to search the hash.

    foreach my $service ( values %{ $cfg->{listeners} } ) {
        $listeners{ lc $service->{port} } = $service;
    }
    $cfg->{listeners} = \%listeners;

    return bless $cfg, $class;
}

sub error_detect {
    my $self = shift;
    return $self->{'error-detect'};
}

sub accounts {
    my $self = shift;
    return values %{ $self->{accounts} };
}

sub find_service {
    my ( $self, $sockaddr, $port, $proto ) = @_;
    my $portstr;
    foreach my $addr ( '', '*:', ""$sockaddr:"", ""[$sockaddr]:"" ) {
        $portstr = sprintf( ""%s%s/%s"", $addr, $port, lc $proto );
        siplog( ""LOG_DEBUG"",
            ""Configuration::find_service: Trying $portstr"" );
        last if ( exists( ( $self->{listeners} )->{$portstr} ) );
    }
    return $self->{listeners}->{$portstr};
}

1;","NormaliseSpace => 2
);

sub parse_config {
    my $file = shift;
    siplog('LOG_DEBUG', ""Attempting to parse config file: %s"", $file);
    my $config = eval { $parser->XMLin($file) };
    if ($@) {
        siplog('LOG_ERR', ""Failed to parse configuration file %s: %s"", $file, $@);
        return undef;
    }
    unless (ref $config eq 'HASH') {
        siplog('LOG_ERR', ""Parsed configuration from %s is not a hashref"", $file);
        return undef;
    }
    # Validate essential top-level sections
    foreach my $required (qw(server institution)) {
        unless (exists $config->{$required}) {
            siplog('LOG_ERR', ""Missing required configuration section: %s"", $required);
            return undef;
        }
    }
    # Normalize and validate server listeners
    my $server = $config->{server};
    if (exists $server->{listeners}) {
        my $listeners = $server->{listeners};
        if (ref $listeners"
deepseek,deepseek-ai/DeepSeek-V3.2:novita,perl,GPL-3.0,client_tools::svc::rc::usr::share::perl5::core_perl::unicore::lib::Scx::Han.pl,81,0.2,0,1.0,"12337
12343
12352
12539
12540
12688
12704
12736
12772
12832
12872
12928
12977
12992
13004
13055
13056
13144
13169
13179
13184
13280
13311
13312
19894
19968
40944
63744
64110
64112
64218
65093
65095
65377
65382
119648
119666
127568
127570
131072
173783
173824
177973
177984
178206
178208
183970
183984
191457
194560
195102
END","12337
12342
12343
12352
12353
12441
12443
12445
12447
12448
12539
12540
12543
12549
12598
12599
12704
12731
12736
12772
12784
12800
12830
12832
12842
12872
12880
13056
19904
19968
42128
42183
END"
deepseek,deepseek-ai/DeepSeek-V3.2:novita,perl,GPL-3.0,client_tools::svc::rc::usr::share::perl5::core_perl::unicore::lib::Scx::Han.pl,81,0.4,0,1.0,"12337
12343
12352
12539
12540
12688
12704
12736
12772
12832
12872
12928
12977
12992
13004
13055
13056
13144
13169
13179
13184
13280
13311
13312
19894
19968
40944
63744
64110
64112
64218
65093
65095
65377
65382
119648
119666
127568
127570
131072
173783
173824
177973
177984
178206
178208
183970
183984
191457
194560
195102
END","12337
12342
12343
12347
12353
12439
12441
12443
12544
12549
12589
12593
12687
12688
12704
12731
12736
12772
12784
12800
12831
12832
13055
13056
19904
19968
40960
42125
42128
42183
131072
173792
173824
177978
177984
178206
178208
183970
183984
191457
194560
195102
END"
deepseek,deepseek-ai/DeepSeek-V3.2:novita,perl,GPL-3.0,client_tools::svc::rc::usr::share::perl5::core_perl::unicore::lib::Scx::Han.pl,81,0.8,0,1.0,"12337
12343
12352
12539
12540
12688
12704
12736
12772
12832
12872
12928
12977
12992
13004
13055
13056
13144
13169
13179
13184
13280
13311
13312
19894
19968
40944
63744
64110
64112
64218
65093
65095
65377
65382
119648
119666
127568
127570
131072
173783
173824
177973
177984
178206
178208
183970
183984
191457
194560
195102
END","12337
12342
12343
12347
12350
12352
12441
12443
12445
12447
12448
12539
12540
12544
12549
12592
12593
12687
12704
12731
12736
12772
12784
12831
12832
13055
13056
19894
19904
40944
40976
42125
42128
42183
44032
55204
63744
64110
64112
64218
131072
173783
173824
177973
177984
178206
178208
183970
183984
191457
194560
195102
196608
201547
END"
deepseek,deepseek-ai/DeepSeek-V3.2:novita,perl,GPL-3.0,gpAux::extensions::gpmapreduce::test::bin::mrdiff.pl,147,0.2,0,0.0867579908675799,"Address bug reports and comments to: cwelton@greenplum.com

=cut

use warnings;
use strict;
use Pod::Usage;
use Getopt::Long;
use Cwd;

my $man  = 0;
my $help = 0;

GetOptions('help|?' => \$help, 
		   man => \$man,
           )
	or pod2usage(2);
pod2usage(-exitstatus => 1) if $help;
pod2usage(-exitstatus => 0, -verbose => 2) if $man;

pod2usage(1) unless ($#ARGV == 2);
my ($output, $expected, $testname) = @ARGV;

my @outfiles = sort(glob(""$output/$testname.*""));
my @expfiles = sort(glob(""$expected/$testname.*""));

# We find gpdiff in the source tree assuming that this is being run
# from the source tree as well.
my $GPDIFF = getcwd();
$GPDIFF =~ s|(.*)(/extensions/gpmapreduce/.*)|$1/cdb-pg/src/test/regress/gpdiff.pl|;
die ""unable to find gpdiff.pl"" unless (-e $GPDIFF);


sub printheader($$)
{
	my ($a, $b) = @_;
	my $fill = ""-"" x (length($a) + length($b));
	print ""\n"";
	print ""------------$fill\n"";
	print ""FILE:  $a <=> $b\n"";
	print ""------------$fill\n"";
}

my ($out, $exp, $ofile, $efile);
while ($#outfiles >= 0 && $#expfiles >= 0) 
{
	$out = shift @outfiles;
	$exp = shift @expfiles;

	# we have paths, and want to check if the filename is the same
	while (1)
	{
		$out =~ m/$output\/(.*)/ or die();
		$ofile = $1;
		$exp =~ m/$expected\/(.*)/  or die();
		$efile = $1;
	
		if ($ofile eq $efile)
		{
			my $diff = `$GPDIFF $out $exp`;
			if (length($diff) > 0)
			{
				printheader($out,$exp);
				print $diff;
			}
			last;
		}
		elsif ($ofile lt $efile) 
		{
			printheader($out,""<missing>"") unless ($ofile =~ m/^$testname.suc$/);
			last if ($#outfiles < 0);
			$out = shift @outfiles;
		}
		else
		{
			printheader(""<missing>"", $exp);
			last if ($#expfiles < 0);
			$exp = shift @expfiles;
		}

	}
}

while ($#outfiles >= 0)
{
	$out = shift @outfiles;
	$out =~ m/$output\/(.*)/ or die();
	$ofile = $1;
	printheader($out, ""<missing>"") unless ($ofile =~ m/^$testname.suc$/);
}
while ($#expfiles >= 0)
{
	$exp = shift @expfiles;
	printheader(""<missing>"", $exp);
}","use strict;
use warnings;
use Getopt::Long;
use Pod::Usage;
use File::Basename;
use File::Spec::Functions;

our $VERSION = '1.0.0';

my ($help, $man, $version);
GetOptions(
    'help|?'    => \$help,
    'man'       => \$man,
    'version'   => \$version
) or pod2usage(2);

pod2usage(1) if $help;
pod2usage(-verbose => 2) if $man;
if ($version) {
    print ""mrdiff.pl version $VERSION\n"";
    exit 0;
}

pod2usage(""Must specify output_dir, expected_dir, and test_name"") unless @ARGV == 3;
my ($output_dir, $expected_dir, $test_name) = @ARGV;

# Validate directories
foreach my $dir ($output_dir, $expected_dir) {
    unless (-d $dir) {
        die ""Directory '$dir' does not exist or is not accessible\n"";
    }
}

my $success_file = catfile($output_dir, ""$test_name.suc"");
my $failure_file = catfile($output_dir, ""$test_name.f"
deepseek,deepseek-ai/DeepSeek-V3.2:novita,perl,GPL-3.0,gpAux::extensions::gpmapreduce::test::bin::mrdiff.pl,147,0.4,0,0.0,"Address bug reports and comments to: cwelton@greenplum.com

=cut

use warnings;
use strict;
use Pod::Usage;
use Getopt::Long;
use Cwd;

my $man  = 0;
my $help = 0;

GetOptions('help|?' => \$help, 
		   man => \$man,
           )
	or pod2usage(2);
pod2usage(-exitstatus => 1) if $help;
pod2usage(-exitstatus => 0, -verbose => 2) if $man;

pod2usage(1) unless ($#ARGV == 2);
my ($output, $expected, $testname) = @ARGV;

my @outfiles = sort(glob(""$output/$testname.*""));
my @expfiles = sort(glob(""$expected/$testname.*""));

# We find gpdiff in the source tree assuming that this is being run
# from the source tree as well.
my $GPDIFF = getcwd();
$GPDIFF =~ s|(.*)(/extensions/gpmapreduce/.*)|$1/cdb-pg/src/test/regress/gpdiff.pl|;
die ""unable to find gpdiff.pl"" unless (-e $GPDIFF);


sub printheader($$)
{
	my ($a, $b) = @_;
	my $fill = ""-"" x (length($a) + length($b));
	print ""\n"";
	print ""------------$fill\n"";
	print ""FILE:  $a <=> $b\n"";
	print ""------------$fill\n"";
}

my ($out, $exp, $ofile, $efile);
while ($#outfiles >= 0 && $#expfiles >= 0) 
{
	$out = shift @outfiles;
	$exp = shift @expfiles;

	# we have paths, and want to check if the filename is the same
	while (1)
	{
		$out =~ m/$output\/(.*)/ or die();
		$ofile = $1;
		$exp =~ m/$expected\/(.*)/  or die();
		$efile = $1;
	
		if ($ofile eq $efile)
		{
			my $diff = `$GPDIFF $out $exp`;
			if (length($diff) > 0)
			{
				printheader($out,$exp);
				print $diff;
			}
			last;
		}
		elsif ($ofile lt $efile) 
		{
			printheader($out,""<missing>"") unless ($ofile =~ m/^$testname.suc$/);
			last if ($#outfiles < 0);
			$out = shift @outfiles;
		}
		else
		{
			printheader(""<missing>"", $exp);
			last if ($#expfiles < 0);
			$exp = shift @expfiles;
		}

	}
}

while ($#outfiles >= 0)
{
	$out = shift @outfiles;
	$out =~ m/$output\/(.*)/ or die();
	$ofile = $1;
	printheader($out, ""<missing>"") unless ($ofile =~ m/^$testname.suc$/);
}
while ($#expfiles >= 0)
{
	$exp = shift @expfiles;
	printheader(""<missing>"", $exp);
}","=cut

use strict;
use warnings;
use Getopt::Long;
use Pod::Usage;
use File::Basename;
use File::Spec::Functions;

our $VERSION = '1.0.0';

my ($help, $man, $version);

GetOptions(
    'help|?'    => \$help,
    'man'       => \$man,
    'version'   => \$version
) or pod2usage(2);

pod2usage(1) if $help;
pod2usage(-exitstatus => 0, -verbose => 2) if $man;

if ($version) {
    print ""mrdiff.pl version $VERSION\n"";
    exit 0;
}

pod2usage(""Missing required arguments"") unless @ARGV == 3;

my ($outdir, $expdir, $testname) = @ARGV;

# Validate input directories
unless (-d $outdir) {
    die ""Output directory '$outdir' does not exist or is not a directory\n"";
}

unless (-d $expdir) {
    die ""Expected directory '$expdir' does not exist or is not a directory\n"";
}

my $success_file = catfile($outdir, ""$test"
deepseek,deepseek-ai/DeepSeek-V3.2:novita,perl,GPL-3.0,gpAux::extensions::gpmapreduce::test::bin::mrdiff.pl,147,0.8,0,0.0,"Address bug reports and comments to: cwelton@greenplum.com

=cut

use warnings;
use strict;
use Pod::Usage;
use Getopt::Long;
use Cwd;

my $man  = 0;
my $help = 0;

GetOptions('help|?' => \$help, 
		   man => \$man,
           )
	or pod2usage(2);
pod2usage(-exitstatus => 1) if $help;
pod2usage(-exitstatus => 0, -verbose => 2) if $man;

pod2usage(1) unless ($#ARGV == 2);
my ($output, $expected, $testname) = @ARGV;

my @outfiles = sort(glob(""$output/$testname.*""));
my @expfiles = sort(glob(""$expected/$testname.*""));

# We find gpdiff in the source tree assuming that this is being run
# from the source tree as well.
my $GPDIFF = getcwd();
$GPDIFF =~ s|(.*)(/extensions/gpmapreduce/.*)|$1/cdb-pg/src/test/regress/gpdiff.pl|;
die ""unable to find gpdiff.pl"" unless (-e $GPDIFF);


sub printheader($$)
{
	my ($a, $b) = @_;
	my $fill = ""-"" x (length($a) + length($b));
	print ""\n"";
	print ""------------$fill\n"";
	print ""FILE:  $a <=> $b\n"";
	print ""------------$fill\n"";
}

my ($out, $exp, $ofile, $efile);
while ($#outfiles >= 0 && $#expfiles >= 0) 
{
	$out = shift @outfiles;
	$exp = shift @expfiles;

	# we have paths, and want to check if the filename is the same
	while (1)
	{
		$out =~ m/$output\/(.*)/ or die();
		$ofile = $1;
		$exp =~ m/$expected\/(.*)/  or die();
		$efile = $1;
	
		if ($ofile eq $efile)
		{
			my $diff = `$GPDIFF $out $exp`;
			if (length($diff) > 0)
			{
				printheader($out,$exp);
				print $diff;
			}
			last;
		}
		elsif ($ofile lt $efile) 
		{
			printheader($out,""<missing>"") unless ($ofile =~ m/^$testname.suc$/);
			last if ($#outfiles < 0);
			$out = shift @outfiles;
		}
		else
		{
			printheader(""<missing>"", $exp);
			last if ($#expfiles < 0);
			$exp = shift @expfiles;
		}

	}
}

while ($#outfiles >= 0)
{
	$out = shift @outfiles;
	$out =~ m/$output\/(.*)/ or die();
	$ofile = $1;
	printheader($out, ""<missing>"") unless ($ofile =~ m/^$testname.suc$/);
}
while ($#expfiles >= 0)
{
	$exp = shift @expfiles;
	printheader(""<missing>"", $exp);
}","=cut

use strict;
use warnings;
use Getopt::Long;
use Pod::Usage;
use File::Basename;
use File::Spec::Functions;
use Cwd 'abs_path';

my $VERSION = '1.0.0';

my ($help, $man, $version);
GetOptions(
    'help|?'    => \$help,
    'man'       => \$man,
    'version'   => \$version,
) or pod2usage(2);

pod2usage(1) if $help;
pod2usage(-exitstatus => 0, -verbose => 2) if $man;

if ($version) {
    print ""mrdiff.pl version $VERSION\n"";
    exit 0;
}

pod2usage(""Must specify output_dir, expected_dir, and test_name"") unless @ARGV == 3;

my ($output_dir, $expected_dir, $test_name) = @ARGV;

# Convert to absolute paths
$output_dir = abs_path($output_dir);
$expected_dir = abs_path($expected_dir);

# Validate directories
unless (-d $output_dir) {
    die ""Output directory '$output_dir' does not exist\n"";
}
unless (-d $expected_dir"
deepseek,deepseek-ai/DeepSeek-V3.2:novita,perl,GPL-3.0,tests::misc::tsort.pl,67,0.2,0,0.3416149068322981,"@ENV{qw(LANGUAGE LANG LC_ALL)} = ('C') x 3;

my @Tests =
  (
   ['cycle-1', {IN => {f => ""t b\nt s\ns t\n""}}, {OUT => ""s\nt\nb\n""},
    {EXIT => 1},
    {ERR => ""tsort: f: input contains a loop:\ntsort: s\ntsort: t\n""} ],
   ['cycle-2', {IN => {f => ""t x\nt s\ns t\n""}}, {OUT => ""s\nt\nx\n""},
    {EXIT => 1},
    {ERR => ""tsort: f: input contains a loop:\ntsort: s\ntsort: t\n""} ],

   ['posix-1', {IN => ""a b c c d e\ng g\nf g e f\nh h\n""},
    {OUT => ""a\nc\nd\nh\nb\ne\nf\ng\n""}],
   ['posix-2', {IN => ""b a\nd c\nz h x h r h\n""},
    {OUT => ""b\nd\nr\nx\nz\na\nc\nh\n""}],

   ['linear-1', {IN => ""a b b c c d d e e f f g\n""},
    {OUT => ""a\nb\nc\nd\ne\nf\ng\n""}],

   ['tree-1', {IN => ""a b b c c d d e e f f g\nc x x y y z\n""},
    {OUT => ""a\nb\nc\nx\nd\ny\ne\nz\nf\ng\n""}],
   ['tree-2', {IN => ""a b b c c d d e e f f g\nc x x y y z\nf r r s s t\n""},
    {OUT => ""a\nb\nc\nx\nd\ny\ne\nz\nf\nr\ng\ns\nt\n""}],

   # Before coreutils-5.0.1, given an odd number of input tokens,
   # tsort would accept that and treat the input as if an additional
   # copy of the final token were appended.
   ['odd', {IN => ""a\n""},
    {EXIT => 1},
    {ERR => ""tsort: odd.1: input contains an odd number of tokens\n""}],

   ['only-one', {IN => {f => """"}}, {IN => {g => """"}},
    {EXIT => 1},
    {ERR => ""tsort: extra operand 'g'\n""
     . ""Try 'tsort --help' for more information.\n""}],
  );

my $save_temps = $ENV{DEBUG};
my $verbose = $ENV{VERBOSE};

my $prog = 'tsort';
my $fail = run_tests ($program_name, $prog, \@Tests, $save_temps, $verbose);
exit $fail;","@ENV{qw(LANGUAGE LANG LC_ALL)} = ('C') x 3;

my $prog = 'tsort';
my $try = ""Try '$prog --help' for more information.\n"";
my $in = ""tests/misc/tsort.in"";
my $out = ""tests/misc/tsort.out"";

my @Tests =
  (
   ['empty', {IN=>''}, {OUT=>""""}],
   ['self-loop', {IN=>""x x\n""}, {EXIT=>1},
    {ERR=>""$prog: input contains a loop:\n$prog: x\n$prog: x\n""}],
   ['cycle', {IN=>""a b\nb a\n""}, {EXIT=>1},
    {ERR=>""$prog: input contains a cycle:\n$prog: a\n$prog: b\n$prog: a\n""}],
   ['multiple-cycles', {IN=>""a b\nb a\nc d\nd c\n""}, {EXIT=>1},
    {ERR=>""$prog: input contains a cycle:\n$prog: a\n$prog: b\n$pro"
deepseek,deepseek-ai/DeepSeek-V3.2:novita,perl,GPL-3.0,tests::misc::tsort.pl,67,0.4,0,0.3235294117647059,"@ENV{qw(LANGUAGE LANG LC_ALL)} = ('C') x 3;

my @Tests =
  (
   ['cycle-1', {IN => {f => ""t b\nt s\ns t\n""}}, {OUT => ""s\nt\nb\n""},
    {EXIT => 1},
    {ERR => ""tsort: f: input contains a loop:\ntsort: s\ntsort: t\n""} ],
   ['cycle-2', {IN => {f => ""t x\nt s\ns t\n""}}, {OUT => ""s\nt\nx\n""},
    {EXIT => 1},
    {ERR => ""tsort: f: input contains a loop:\ntsort: s\ntsort: t\n""} ],

   ['posix-1', {IN => ""a b c c d e\ng g\nf g e f\nh h\n""},
    {OUT => ""a\nc\nd\nh\nb\ne\nf\ng\n""}],
   ['posix-2', {IN => ""b a\nd c\nz h x h r h\n""},
    {OUT => ""b\nd\nr\nx\nz\na\nc\nh\n""}],

   ['linear-1', {IN => ""a b b c c d d e e f f g\n""},
    {OUT => ""a\nb\nc\nd\ne\nf\ng\n""}],

   ['tree-1', {IN => ""a b b c c d d e e f f g\nc x x y y z\n""},
    {OUT => ""a\nb\nc\nx\nd\ny\ne\nz\nf\ng\n""}],
   ['tree-2', {IN => ""a b b c c d d e e f f g\nc x x y y z\nf r r s s t\n""},
    {OUT => ""a\nb\nc\nx\nd\ny\ne\nz\nf\nr\ng\ns\nt\n""}],

   # Before coreutils-5.0.1, given an odd number of input tokens,
   # tsort would accept that and treat the input as if an additional
   # copy of the final token were appended.
   ['odd', {IN => ""a\n""},
    {EXIT => 1},
    {ERR => ""tsort: odd.1: input contains an odd number of tokens\n""}],

   ['only-one', {IN => {f => """"}}, {IN => {g => """"}},
    {EXIT => 1},
    {ERR => ""tsort: extra operand 'g'\n""
     . ""Try 'tsort --help' for more information.\n""}],
  );

my $save_temps = $ENV{DEBUG};
my $verbose = $ENV{VERBOSE};

my $prog = 'tsort';
my $fail = run_tests ($program_name, $prog, \@Tests, $save_temps, $verbose);
exit $fail;","@ENV{qw(LANGUAGE LANG LC_ALL)} = ('C') x 3;

my @Tests =
  (
   ['empty', {IN=>''}, {OUT=>""""}],
   ['simple', {IN=>""a b\n""}, {OUT=>""a\nb\n""}],
   ['single-cycle', {IN=>""a a\n""}, {OUT=>""""}, {EXIT=>1},
    {ERR=>""$program_name: input contains a loop:\n$program_name: a\n$program_name: a\n""}],
   ['two-items', {IN=>""a b\nb a\n""}, {OUT=>""""}, {EXIT=>1},
    {ERR=>""$program_name: input contains a loop:\n$program_name: a\n$program_name: b\n$program_name: a\n""}],
   ['multiple-cycles', {IN=>""a b\nb a\nc d\nd c\n""}, {OUT=>""""}, {EXIT=>1},
    {ERR=>""$program_name: input contains a loop:\n$program_name: a\n$program_name: b\n$program_name: a\n""}],
   ['self-loop-with-others', {"
deepseek,deepseek-ai/DeepSeek-V3.2:novita,perl,GPL-3.0,tests::misc::tsort.pl,67,0.8,0,0.27058823529411763,"@ENV{qw(LANGUAGE LANG LC_ALL)} = ('C') x 3;

my @Tests =
  (
   ['cycle-1', {IN => {f => ""t b\nt s\ns t\n""}}, {OUT => ""s\nt\nb\n""},
    {EXIT => 1},
    {ERR => ""tsort: f: input contains a loop:\ntsort: s\ntsort: t\n""} ],
   ['cycle-2', {IN => {f => ""t x\nt s\ns t\n""}}, {OUT => ""s\nt\nx\n""},
    {EXIT => 1},
    {ERR => ""tsort: f: input contains a loop:\ntsort: s\ntsort: t\n""} ],

   ['posix-1', {IN => ""a b c c d e\ng g\nf g e f\nh h\n""},
    {OUT => ""a\nc\nd\nh\nb\ne\nf\ng\n""}],
   ['posix-2', {IN => ""b a\nd c\nz h x h r h\n""},
    {OUT => ""b\nd\nr\nx\nz\na\nc\nh\n""}],

   ['linear-1', {IN => ""a b b c c d d e e f f g\n""},
    {OUT => ""a\nb\nc\nd\ne\nf\ng\n""}],

   ['tree-1', {IN => ""a b b c c d d e e f f g\nc x x y y z\n""},
    {OUT => ""a\nb\nc\nx\nd\ny\ne\nz\nf\ng\n""}],
   ['tree-2', {IN => ""a b b c c d d e e f f g\nc x x y y z\nf r r s s t\n""},
    {OUT => ""a\nb\nc\nx\nd\ny\ne\nz\nf\nr\ng\ns\nt\n""}],

   # Before coreutils-5.0.1, given an odd number of input tokens,
   # tsort would accept that and treat the input as if an additional
   # copy of the final token were appended.
   ['odd', {IN => ""a\n""},
    {EXIT => 1},
    {ERR => ""tsort: odd.1: input contains an odd number of tokens\n""}],

   ['only-one', {IN => {f => """"}}, {IN => {g => """"}},
    {EXIT => 1},
    {ERR => ""tsort: extra operand 'g'\n""
     . ""Try 'tsort --help' for more information.\n""}],
  );

my $save_temps = $ENV{DEBUG};
my $verbose = $ENV{VERBOSE};

my $prog = 'tsort';
my $fail = run_tests ($program_name, $prog, \@Tests, $save_temps, $verbose);
exit $fail;","@ENV{qw(LANGUAGE LANG LC_ALL)} = ('C') x 3;

my $prog = 'tsort';
my $try = ""Try '$prog --help' for more information.\n"";
my $in = ""tests/TSORT-input"";

my @Tests =
  (
   ['t0', {IN=>""a b\n""}, {OUT=>""a\nb\n""}],
   ['t1', '--version', {OUT=>""$prog (GNU coreutils) .*\n""}, {EXIT=>0},
    {ERR=>$try}],
   ['t2', '--help', {OUT=>""Usage: $prog .*\n""}, {EXIT=>0},
    {ERR=>$try}],
   ['t3', '--', {EXIT=>0}, {OUT=>""""}, {ERR=>$try}],
   ['t4', {IN=>""""}, {OUT=>""""}, {EXIT=>0}],
   ['t5', {IN=>""a a\n""}, {OUT=>""a\n""}, {EXIT=>0}],
   ['t6', {IN=>""a b\nb a\n""}, {EX"
deepseek,deepseek-ai/DeepSeek-V3.2:novita,perl,GPL-3.0,perl_lib::EPrints::Plugin::Screen::Import::Search.pm,270,0.2,0,0.1970260223048327,"
	return(
		$self->SUPER::hidden_bits,
		($self->{processor}->{plugin} ? (exp => $self->{processor}->{plugin}->serialise) : ()),
		($self->{processor}->{results} ? (cache => $self->{processor}->{results}->cache_id) : ()),
	);
}

sub from
{
	my( $self ) = @_;

	my $processor = $self->{processor};

	my $action = $processor->{action};
	$action = """" if !defined $action;

	# don't do anything
	return if $action eq ""import_from"";

	my $plugin = $processor->{plugin};

	if( defined $processor->{notes}->{exp} )
	{
		$plugin->from_string( $processor->{notes}->{exp} );
	}
	else
	{
		my @problems = $plugin->from_form( $plugin->get_id );
		for( @problems )
		{
			$self->{processor}->add_message( ""warning"", $_ );
		}
	}

	if( $action ne ""refine"" )
	{
		my $results = $processor->{results} = $plugin->execute;
		if( defined $results )
		{
			$results->cache;
		}
	}

	$self->SUPER::from();
}

sub allow_search { shift->can_be_viewed }
sub allow_refine { shift->can_be_viewed }

sub action_search {}
sub action_refine {}

sub render_action_link
{
	my( $self ) = @_;

	my $repo = $self->repository;

	my $frag = $repo->xml->create_document_fragment;

	my @plugins = $repo->get_plugins(
			type => ""Search"",
			is_external => 1,
			is_advertised => 1,
		);

	foreach my $plugin (@plugins)
	{
		local $self->{processor}->{format} = $plugin->get_subtype;
		my $uri = $repo->current_url( path => ""cgi"", ""users/home"" );
		$uri->query_form(
				$self->hidden_bits,
				_action_import_from => 1,
			);
		$frag->appendChild( $repo->xml->create_data_element(
				""a"",
				$self->html_phrase( ""action:new_search:title"",
					format => $plugin->html_phrase( ""title"" ),
				),
				href => $uri,
			) );
	}

	return $frag;
}

sub render_input
{
	my( $self ) = @_;

	my $plugin = $self->{processor}->{plugin};

	my $form;
	
	{
		# we don't want exp stored in the search form
		local $self->{processor}->{plugin};
		$form = $self->render_form;
	}

	$form->appendChild( $plugin->render_input( $plugin->get_id ) );

	return $form;
}

sub controls_before
{
	my( $self ) = @_;

	my $repo = $self->repository;

	my @controls_before = $self->SUPER::controls_before;

	my $exp = $self->{processor}->{notes}->{exp};

	my $base_url = $repo->current_url( path => ""cgi"", ""users/home"" );
	$base_url->query_form( $self->hidden_bits );

	my $url;

	$url = $base_url->clone;
	$url->query_form(
			$url->query_form,
			_action_refine => 1,
		);

	push @controls_before, {
			url => $url,
			label => $repo->html_phrase( ""lib/searchexpression:refine"" ),
		};

	$url = $base_url->clone;
	$url->query_form(
			$url->query_form,
			_action_new_search => 1,
		);

	push @controls_before, {
			url => $url,
			label => $repo->html_phrase( ""lib/searchexpression:new"" ),
		};

	return @controls_before;
}

1;

=head1 COPYRIGHT

=for COPYRIGHT BEGIN

Copyright 2000-2011 University of Southampton.

=for COPYRIGHT END

=for LICENSE BEGIN

This file is part of EPrints L<http://www.eprints.org/>.

EPrints is free software: you can redistribute it and/or modify it
under the terms of the GNU Lesser General Public License as published
by the Free Software Foundation, either version 3 of the License, or
(at your option) any later version.

EPrints is distributed in the hope that it will be useful, but WITHOUT
ANY WARRANTY; without even the implied warranty of MERCHANTABILITY or
FITNESS FOR A PARTICULAR PURPOSE.  See the GNU Lesser General Public
License for more details.

You should have received a copy of the GNU Lesser General Public
License along with EPrints.  If not, see L<http://www.gnu.org/licenses/>.

=for LICENSE END
","my $repo = $self->repository;
	my $processor = $self->{processor};

	my %hidden = $self->SUPER::hidden_bits;

	if( defined $processor->{plugin} )
	{
		$hidden{format} = $processor->{plugin}->{id};
		$hidden{cache} = $processor->{plugin}->{cache_id};
	}

	return %hidden;
}

sub render
{
	my( $self ) = @_;

	my $repo = $self->repository;
	my $processor = $self->{processor};

	my $plugin = $processor->{plugin};

	my $frag = $repo->make_doc_fragment;

	$frag->appendChild( $self->render_search_form );

	if( defined $processor->{results} )
	{
		$frag->appendChild( $self->render_results );
	}

	return $frag;
}

sub render_search_form
{
	my( $self ) = @_;

	my $repo = $self->repository;
	my $processor = $self->{processor};

	my $plugin = $processor->{plugin};

	my $form ="
deepseek,deepseek-ai/DeepSeek-V3.2:novita,perl,GPL-3.0,perl_lib::EPrints::Plugin::Screen::Import::Search.pm,270,0.4,0,0.15613382899628253,"
	return(
		$self->SUPER::hidden_bits,
		($self->{processor}->{plugin} ? (exp => $self->{processor}->{plugin}->serialise) : ()),
		($self->{processor}->{results} ? (cache => $self->{processor}->{results}->cache_id) : ()),
	);
}

sub from
{
	my( $self ) = @_;

	my $processor = $self->{processor};

	my $action = $processor->{action};
	$action = """" if !defined $action;

	# don't do anything
	return if $action eq ""import_from"";

	my $plugin = $processor->{plugin};

	if( defined $processor->{notes}->{exp} )
	{
		$plugin->from_string( $processor->{notes}->{exp} );
	}
	else
	{
		my @problems = $plugin->from_form( $plugin->get_id );
		for( @problems )
		{
			$self->{processor}->add_message( ""warning"", $_ );
		}
	}

	if( $action ne ""refine"" )
	{
		my $results = $processor->{results} = $plugin->execute;
		if( defined $results )
		{
			$results->cache;
		}
	}

	$self->SUPER::from();
}

sub allow_search { shift->can_be_viewed }
sub allow_refine { shift->can_be_viewed }

sub action_search {}
sub action_refine {}

sub render_action_link
{
	my( $self ) = @_;

	my $repo = $self->repository;

	my $frag = $repo->xml->create_document_fragment;

	my @plugins = $repo->get_plugins(
			type => ""Search"",
			is_external => 1,
			is_advertised => 1,
		);

	foreach my $plugin (@plugins)
	{
		local $self->{processor}->{format} = $plugin->get_subtype;
		my $uri = $repo->current_url( path => ""cgi"", ""users/home"" );
		$uri->query_form(
				$self->hidden_bits,
				_action_import_from => 1,
			);
		$frag->appendChild( $repo->xml->create_data_element(
				""a"",
				$self->html_phrase( ""action:new_search:title"",
					format => $plugin->html_phrase( ""title"" ),
				),
				href => $uri,
			) );
	}

	return $frag;
}

sub render_input
{
	my( $self ) = @_;

	my $plugin = $self->{processor}->{plugin};

	my $form;
	
	{
		# we don't want exp stored in the search form
		local $self->{processor}->{plugin};
		$form = $self->render_form;
	}

	$form->appendChild( $plugin->render_input( $plugin->get_id ) );

	return $form;
}

sub controls_before
{
	my( $self ) = @_;

	my $repo = $self->repository;

	my @controls_before = $self->SUPER::controls_before;

	my $exp = $self->{processor}->{notes}->{exp};

	my $base_url = $repo->current_url( path => ""cgi"", ""users/home"" );
	$base_url->query_form( $self->hidden_bits );

	my $url;

	$url = $base_url->clone;
	$url->query_form(
			$url->query_form,
			_action_refine => 1,
		);

	push @controls_before, {
			url => $url,
			label => $repo->html_phrase( ""lib/searchexpression:refine"" ),
		};

	$url = $base_url->clone;
	$url->query_form(
			$url->query_form,
			_action_new_search => 1,
		);

	push @controls_before, {
			url => $url,
			label => $repo->html_phrase( ""lib/searchexpression:new"" ),
		};

	return @controls_before;
}

1;

=head1 COPYRIGHT

=for COPYRIGHT BEGIN

Copyright 2000-2011 University of Southampton.

=for COPYRIGHT END

=for LICENSE BEGIN

This file is part of EPrints L<http://www.eprints.org/>.

EPrints is free software: you can redistribute it and/or modify it
under the terms of the GNU Lesser General Public License as published
by the Free Software Foundation, either version 3 of the License, or
(at your option) any later version.

EPrints is distributed in the hope that it will be useful, but WITHOUT
ANY WARRANTY; without even the implied warranty of MERCHANTABILITY or
FITNESS FOR A PARTICULAR PURPOSE.  See the GNU Lesser General Public
License for more details.

You should have received a copy of the GNU Lesser General Public
License along with EPrints.  If not, see L<http://www.gnu.org/licenses/>.

=for LICENSE END
","my $repo = $self->repository;
	my $processor = $self->{processor};
	my $plugin = $processor->{plugin};
	
	my %bits = $self->SUPER::hidden_bits;
	
	if( defined $plugin )
	{
		$bits{cache} = $plugin->{cache_id};
		$bits{format} = $plugin->{plugin_id};
	}
	
	return %bits;
}

sub allow_search { 1 }
sub allow_refine { 1 }

sub can_be_viewed
{
	my( $self ) = @_;
	
	return $self->allow( ""import/search"" );
}

sub action_search
{
	my( $self ) = @_;
	
	my $repo = $self->repository;
	my $processor = $self->{processor};
	my $plugin = $processor->{plugin};
	
	my $format = $repo->param( ""format"" );
	my $cache_id = $repo->param( ""cache"" );
	
	if( !defined $plugin )
	{
		$processor->add_message( ""error"", $repo->html_phrase( ""general:bad_param"" ) );
		return;"
deepseek,deepseek-ai/DeepSeek-V3.2:novita,perl,GPL-3.0,perl_lib::EPrints::Plugin::Screen::Import::Search.pm,270,0.8,0,0.11940298507462686,"
	return(
		$self->SUPER::hidden_bits,
		($self->{processor}->{plugin} ? (exp => $self->{processor}->{plugin}->serialise) : ()),
		($self->{processor}->{results} ? (cache => $self->{processor}->{results}->cache_id) : ()),
	);
}

sub from
{
	my( $self ) = @_;

	my $processor = $self->{processor};

	my $action = $processor->{action};
	$action = """" if !defined $action;

	# don't do anything
	return if $action eq ""import_from"";

	my $plugin = $processor->{plugin};

	if( defined $processor->{notes}->{exp} )
	{
		$plugin->from_string( $processor->{notes}->{exp} );
	}
	else
	{
		my @problems = $plugin->from_form( $plugin->get_id );
		for( @problems )
		{
			$self->{processor}->add_message( ""warning"", $_ );
		}
	}

	if( $action ne ""refine"" )
	{
		my $results = $processor->{results} = $plugin->execute;
		if( defined $results )
		{
			$results->cache;
		}
	}

	$self->SUPER::from();
}

sub allow_search { shift->can_be_viewed }
sub allow_refine { shift->can_be_viewed }

sub action_search {}
sub action_refine {}

sub render_action_link
{
	my( $self ) = @_;

	my $repo = $self->repository;

	my $frag = $repo->xml->create_document_fragment;

	my @plugins = $repo->get_plugins(
			type => ""Search"",
			is_external => 1,
			is_advertised => 1,
		);

	foreach my $plugin (@plugins)
	{
		local $self->{processor}->{format} = $plugin->get_subtype;
		my $uri = $repo->current_url( path => ""cgi"", ""users/home"" );
		$uri->query_form(
				$self->hidden_bits,
				_action_import_from => 1,
			);
		$frag->appendChild( $repo->xml->create_data_element(
				""a"",
				$self->html_phrase( ""action:new_search:title"",
					format => $plugin->html_phrase( ""title"" ),
				),
				href => $uri,
			) );
	}

	return $frag;
}

sub render_input
{
	my( $self ) = @_;

	my $plugin = $self->{processor}->{plugin};

	my $form;
	
	{
		# we don't want exp stored in the search form
		local $self->{processor}->{plugin};
		$form = $self->render_form;
	}

	$form->appendChild( $plugin->render_input( $plugin->get_id ) );

	return $form;
}

sub controls_before
{
	my( $self ) = @_;

	my $repo = $self->repository;

	my @controls_before = $self->SUPER::controls_before;

	my $exp = $self->{processor}->{notes}->{exp};

	my $base_url = $repo->current_url( path => ""cgi"", ""users/home"" );
	$base_url->query_form( $self->hidden_bits );

	my $url;

	$url = $base_url->clone;
	$url->query_form(
			$url->query_form,
			_action_refine => 1,
		);

	push @controls_before, {
			url => $url,
			label => $repo->html_phrase( ""lib/searchexpression:refine"" ),
		};

	$url = $base_url->clone;
	$url->query_form(
			$url->query_form,
			_action_new_search => 1,
		);

	push @controls_before, {
			url => $url,
			label => $repo->html_phrase( ""lib/searchexpression:new"" ),
		};

	return @controls_before;
}

1;

=head1 COPYRIGHT

=for COPYRIGHT BEGIN

Copyright 2000-2011 University of Southampton.

=for COPYRIGHT END

=for LICENSE BEGIN

This file is part of EPrints L<http://www.eprints.org/>.

EPrints is free software: you can redistribute it and/or modify it
under the terms of the GNU Lesser General Public License as published
by the Free Software Foundation, either version 3 of the License, or
(at your option) any later version.

EPrints is distributed in the hope that it will be useful, but WITHOUT
ANY WARRANTY; without even the implied warranty of MERCHANTABILITY or
FITNESS FOR A PARTICULAR PURPOSE.  See the GNU Lesser General Public
License for more details.

You should have received a copy of the GNU Lesser General Public
License along with EPrints.  If not, see L<http://www.gnu.org/licenses/>.

=for LICENSE END
","my( $repo, $user, $dataset ) = @_;
	my %bits = $self->SUPER::hidden_bits;
	my $processor = $self->{processor};
	my $plugin = $processor->{plugin};
	if( defined $plugin )
	{
		$bits{cache} = $plugin->cache_id;
		$bits{format} = $plugin->get_subtype;
		$bits{exp} = $processor->{notes}->{exp};
	}
	return %bits;
}

sub render
{
	my( $self ) = @_;
	my $repo = $self->repository;
	my $processor = $self->{processor};
	my $plugin = $processor->{plugin};
	my $dataset = $processor->{dataset};
	
	my $chunk = $repo->make_doc_fragment;
	
	if( !defined $plugin )
	{
		$chunk->appendChild( $repo->html_phrase( ""Plugin/Screen/Import/Search:no_plugin"" ) );
		return $chunk;
	}
	
	my $form = $plugin->render_search_form;
	$chunk->appendChild("
deepseek,deepseek-ai/DeepSeek-V3.2:novita,perl,GPL-3.0,applets::dict.org.pl,611,0.2,0,0.03816793893129771,"#=======================================================================
#
# match_word()
#
# Look for matches of the given word, using the strategy specified
# with the -strategy switch.
#
#=======================================================================
sub match_word {
    my $word = shift;
    my $eref;
    my $entry;
    my ($db, $match);

    unless ($config->strategy) { die ""you must specify -strategy when using -match\n""; }
    $eref = $dict->match($word, $config->strategy);

    if (@$eref == 0) { print ""no matches for \""$word\""\n""; }
    else {
        foreach $entry (@$eref) {
            ($db, $match) = @$entry;
            print ""$db : $match\n"";
        }
    }
}

#=======================================================================
#
# list_databases()
#
# Query and display the list of available databases on the selected
# DICT server.
#
#=======================================================================
sub list_databases {
    my %dbs = $dict->dbs();

    tabulate_hash(\%dbs, 'Database', 'Description');
}

#=======================================================================
#
# list_strategies()
#
# Query and display the list of matching strategies supported
# by the DICT server.
#
#=======================================================================
sub list_strategies {
    my %strats = $dict->strategies();

    tabulate_hash(\%strats, 'Strategy', 'Description');
}

#=======================================================================
#
# show_db_info()
#
# Query the server for information about the specified database,
# and display the results.
#
# The information is typically several pages of text,
# describing the contents of the dictionary, where it came from,
# credits, etc.
#
#=======================================================================
sub show_db_info {
    my $db  = shift;
    my %dbs = $dict->dbs();

    if (not exists $dbs{$config->info}) {
        print ""  dictionary \""$db\"" not known\n"";
        return;
    }

    print $dict->dbInfo($config->info);
}

#=======================================================================
#
# initialise()
#
# check config file and command-line
#
#=======================================================================
sub initialise {

    #-------------------------------------------------------------------
    # Initialise misc global variables
    #-------------------------------------------------------------------
    ($PROGRAM = $0) =~ s!.*/!!;

    #-------------------------------------------------------------------
    # Create AppConfig::Std, define parameters, and parse command-line
    #-------------------------------------------------------------------
    $config = AppConfig::Std->new({CASE => 1}) || die ""failed to create AppConfig::Std: $!\n"";

    $config->define('host', {ARGCOUNT => 1, ALIAS => 'h'});
    $config->define(
        'port',
        {
            ARGCOUNT => 1, ALIAS => 'p',
            DEFAULT  => 2628
        }
    );
    $config->define('database',     {ARGCOUNT => 1, ALIAS => 'd'});
    $config->define('def_number',   {ARGCOUNT => 1, ALIAS => 'n', DEFAULT => 1});
    $config->define('def_type',     {ARGCOUNT => 1, ALIAS => 't', DEFAULT => '*'});
    $config->define('def_contains', {ARGCOUNT => 1, ALIAS => 'search', DEFAULT => '*'});

=cut
    $config->define('match',      { ARGCOUNT => 0, ALIAS => 'm' });
    $config->define('dbs',        { ARGCOUNT => 0, ALIAS => 'D' });
    $config->define('strategy',   { ARGCOUNT => 1, ALIAS => 's' });
    $config->define('strats',     { ARGCOUNT => 0, ALIAS => 'S' });
=cut

    $config->define(
        'client',
        {
            ARGCOUNT => 1, ALIAS => 'c',
            DEFAULT  => ""$PROGRAM $VERSION "" . ""[using Net::Dict $Net::Dict::VERSION]"",
        }
    );

=cut
    $config->define('info',       { ARGCOUNT => 1, ALIAS => 'i' });
    $config->define('serverinfo', { ARGCOUNT => 0, ALIAS => 'I' });
    $config->define('verbose',    { ARGCOUNT => 0 });
=cut

    if (not $config->args(\@ARGV)) {
        print
          ""Usage: dict [-d database] [-n start from definition number] [-t abbreviation of word class type (n]oun, v]erb, adv]erb, adj]ective, etc)] [-search <regex> for definitions matching <regex>] <word>\n"";
        exit;
    }

    #-------------------------------------------------------------------
    # Consistency checking, ensure we have required options, etc.
    #-------------------------------------------------------------------
    $config->host('dict.org') unless $config->host;

    print $config->client, ""\n"" if $config->verbose || $config->debug;

    #-------------------------------------------------------------------
    # Create connection to DICT server
    #-------------------------------------------------------------------
    $dict = Net::Dict->new(
        $config->host,
        Port   => $config->port,
        Client => $config->client,
        Debug  => $config->debug,
    ) || die ""failed to create Net::Dict: $!\n"";
}

#=======================================================================
#
# tabulate_hash()
#
# format a hash as a simple ascii table, for displaying lists
# of databases and strategies.
#
#=======================================================================
sub tabulate_hash {

    my $hashref     = shift;
    my $keytitle    = shift;
    my $value_title = shift;

    my $width = length $keytitle;
    my ($key, $value);

    #-------------------------------------------------------------------
    # Find the length of the longest key, so we can right align
    # the column of keys
    #-------------------------------------------------------------------
    foreach $key (keys %$hashref) { $width = length($key) if length($key) > $width; }

    #-------------------------------------------------------------------
    # print out keys and values in a basic ascii formatted table view
    #-------------------------------------------------------------------
    printf(""  %${width}s   $value_title\n"", $keytitle);
    print '  ', '-' x $width, '   ', '-' x (length $value_title), ""\n"";
    while (($key, $value) = each %$hashref) { printf(""  %${width}s : $value\n"", $key); }
    print ""\n"";
}

__END__

=head1 NAME

dict - a perl client for accessing network dictionary servers

=head1 SYNOPSIS

B<dict> [OPTIONS] I<word>

=head1 DESCRIPTION

B<dict> is a client for the Dictionary server protocol (DICT),
which is used to query natural language dictionaries hosted on
a remote machine.  When used in the most simple way,

    % dict word

B<dict> will look for definitions of I<word> in the dictionaries
hosted at B<dict.org>. If no definitions are found, then dict
will look for words which are similar, and list them:

    % dict bonana
      no definition for ""bonana"" - perhaps you meant:
        banana, bonanza, Banana, Bonanza, Bonasa

This feature is only available if the remote DICT server supports
the I<soundex> or I<Levenshtein> matching strategies.
You can use the B<-stats> switch to find out for yourself.

You can specify the hostname of the DICT server using the B<-h> option:

    % dict -h dict.org dictionary

A DICT server can support a number of databases;
you can use the B<-d> option to specify a particular database.
For example, you can look up computer-related terms
in the Free On-line Dictionary Of Computing (FOLDOC) using:

    % dict -h dict.org -d foldoc byte

To find out what databases (dictionaries) are available on
a server, use the B<-dbs> option:

    % dict -dbs

There are many dictionaries hosted on other servers around the net;
a list of some of them can be found at

    http://www.dict.org/links.html

=head2 MATCHING

Instead of requesting word definitions, you can use dict
to request a list of words which match a pattern.
For example, to look for four-letter words starting in 'b'
and ending in 'p', you would use:

    % dict -match -strategy re '^b..p$'

The B<-match> option says you want a list of matching words rather
than a definition.
The B<-strategy re> says to use POSIX regular expressions
when matching the pattern B<^b..p$>.

Most DICT servers support a number of matching strategies;
you can get a list of the strategies provided by a server
using the B<-strats> switch:

    % dict -h dict.org -strats

=head1 OPTIONS

=over 4

=item B<-h> I<server> or B<-host> I<server>

The hostname for the DICT server. If one isn't specified
then defaults to B<dict.org>.

=item B<-p> I<port> or B<-port> I<port>

Specify the port for connections (default is 2628, from RFC 2229).

=item B<-d> I<dbname> or B<-database> I<dbname>

The name of a specific database (dictionary) to query.

=item B<-m> or B<-match>

Look for words which match the pattern (using the specified strategy).

=item B<-i> I<dbname> or B<-info> I<dbname>

Request information on the specified database.
Typically results in a couple of pages of text.

=item B<-c> I<string> or B<-client> I<string>

Specify the CLIENT identification string sent to the DICT server.

=item B<-D> or B<-dbs>

List the available databases (dictionaries) on the DICT server.

=item B<-s> I<strategy> or B<-strategy> I<strategy>

Specify a matching strategy. Used in combination with B<-match>.

=item B<-S> or B<-strats>

List the matching strategies (used in -strategy) supported
by the DICT server.

=item B<-I> or B<-serverinfo>

Request information on the selected DICT server.

=item B<-help>

Display a short help message including command-line options.

=item B<-doc>

Display the full documentation for B<dict>.

=item B<-version>

Display the version of B<dict>

=item B<-verbose>

Display verbose information as B<dict> runs.

=item B<-debug>

Display debugging information as B<dict> runs.
Useful mainly for developers.

=back

=head1 KNOWN BUGS AND LIMITATIONS

=over 4

=item *

B<dict> doesn't know how to handle firewalls.

=item *

The authentication aspects of RFC 2229 aren't currently supported.

=item *

Display of list results (eg from B<-strats> and B<-dbs>) could be better.

=item *

B<dict> isn't very smart at handling combinations of options.

=item *

Currently no support for a configuration file - will add one soon.

=back

=head1 SEE ALSO

=over 4

=item www.dict.org

The DICT home page, with all sorts of useful information.
There are a number of other DICT clients available.

=item dict

The C dict client written by Rik Faith;
the options are pretty much lifted from Rik's client.

=item RFC 2229

The document which defines the DICT network protocol.

http://www.cis.ohio-state.edu/htbin/rfc/rfc2229.html

=item Net::Dict

The perl module which implements the client API for RFC 2229.

=back

=head1 VERSION

$Revision: 1.2 $

=head1 AUTHOR

Neil Bowers <neil@bowers.com>

=head1 COPYRIGHT

Copyright (C) 2002 Neil Bowers. All rights reserved.

This script is free software; you can redistribute it and/or modify
it under the same terms as Perl itself.

=cut
","#=======================================================================
#
# initialise()
#
# Initialise the program: set up the config object, parse the command
# line, and create the dictionary object.
#
#=======================================================================
sub initialise {
    $PROGRAM = $0;
    $PROGRAM =~ s!.*/!!;

    $config = AppConfig::Std->new(
        {
            CASE   => 1,
            GLOBAL => {
                DEFAULT => ""<unset>"",
                ARGCOUNT => AppConfig::ARGCOUNT_ONE
            }
        }
    );

    $config->define('database=s', 'd');
    $config->define('def_number=n', 'n');
    $config->define('def_type=s', 't');
    $config->define('def_contains=s', 'search');
    $config->define('help', 'h');
    $config->define('version', 'v');

    $config->args(\@ARGV);

    if ($config->help) {
        print ""Usage: $PROGRAM [options] word\n"";
        print ""Options:\n"";
        print ""  -d, --database <db>     Use specified database (default: wn)\n"";
        print """
deepseek,deepseek-ai/DeepSeek-V3.2:novita,perl,GPL-3.0,applets::dict.org.pl,611,0.4,0,0.148014440433213,"#=======================================================================
#
# match_word()
#
# Look for matches of the given word, using the strategy specified
# with the -strategy switch.
#
#=======================================================================
sub match_word {
    my $word = shift;
    my $eref;
    my $entry;
    my ($db, $match);

    unless ($config->strategy) { die ""you must specify -strategy when using -match\n""; }
    $eref = $dict->match($word, $config->strategy);

    if (@$eref == 0) { print ""no matches for \""$word\""\n""; }
    else {
        foreach $entry (@$eref) {
            ($db, $match) = @$entry;
            print ""$db : $match\n"";
        }
    }
}

#=======================================================================
#
# list_databases()
#
# Query and display the list of available databases on the selected
# DICT server.
#
#=======================================================================
sub list_databases {
    my %dbs = $dict->dbs();

    tabulate_hash(\%dbs, 'Database', 'Description');
}

#=======================================================================
#
# list_strategies()
#
# Query and display the list of matching strategies supported
# by the DICT server.
#
#=======================================================================
sub list_strategies {
    my %strats = $dict->strategies();

    tabulate_hash(\%strats, 'Strategy', 'Description');
}

#=======================================================================
#
# show_db_info()
#
# Query the server for information about the specified database,
# and display the results.
#
# The information is typically several pages of text,
# describing the contents of the dictionary, where it came from,
# credits, etc.
#
#=======================================================================
sub show_db_info {
    my $db  = shift;
    my %dbs = $dict->dbs();

    if (not exists $dbs{$config->info}) {
        print ""  dictionary \""$db\"" not known\n"";
        return;
    }

    print $dict->dbInfo($config->info);
}

#=======================================================================
#
# initialise()
#
# check config file and command-line
#
#=======================================================================
sub initialise {

    #-------------------------------------------------------------------
    # Initialise misc global variables
    #-------------------------------------------------------------------
    ($PROGRAM = $0) =~ s!.*/!!;

    #-------------------------------------------------------------------
    # Create AppConfig::Std, define parameters, and parse command-line
    #-------------------------------------------------------------------
    $config = AppConfig::Std->new({CASE => 1}) || die ""failed to create AppConfig::Std: $!\n"";

    $config->define('host', {ARGCOUNT => 1, ALIAS => 'h'});
    $config->define(
        'port',
        {
            ARGCOUNT => 1, ALIAS => 'p',
            DEFAULT  => 2628
        }
    );
    $config->define('database',     {ARGCOUNT => 1, ALIAS => 'd'});
    $config->define('def_number',   {ARGCOUNT => 1, ALIAS => 'n', DEFAULT => 1});
    $config->define('def_type',     {ARGCOUNT => 1, ALIAS => 't', DEFAULT => '*'});
    $config->define('def_contains', {ARGCOUNT => 1, ALIAS => 'search', DEFAULT => '*'});

=cut
    $config->define('match',      { ARGCOUNT => 0, ALIAS => 'm' });
    $config->define('dbs',        { ARGCOUNT => 0, ALIAS => 'D' });
    $config->define('strategy',   { ARGCOUNT => 1, ALIAS => 's' });
    $config->define('strats',     { ARGCOUNT => 0, ALIAS => 'S' });
=cut

    $config->define(
        'client',
        {
            ARGCOUNT => 1, ALIAS => 'c',
            DEFAULT  => ""$PROGRAM $VERSION "" . ""[using Net::Dict $Net::Dict::VERSION]"",
        }
    );

=cut
    $config->define('info',       { ARGCOUNT => 1, ALIAS => 'i' });
    $config->define('serverinfo', { ARGCOUNT => 0, ALIAS => 'I' });
    $config->define('verbose',    { ARGCOUNT => 0 });
=cut

    if (not $config->args(\@ARGV)) {
        print
          ""Usage: dict [-d database] [-n start from definition number] [-t abbreviation of word class type (n]oun, v]erb, adv]erb, adj]ective, etc)] [-search <regex> for definitions matching <regex>] <word>\n"";
        exit;
    }

    #-------------------------------------------------------------------
    # Consistency checking, ensure we have required options, etc.
    #-------------------------------------------------------------------
    $config->host('dict.org') unless $config->host;

    print $config->client, ""\n"" if $config->verbose || $config->debug;

    #-------------------------------------------------------------------
    # Create connection to DICT server
    #-------------------------------------------------------------------
    $dict = Net::Dict->new(
        $config->host,
        Port   => $config->port,
        Client => $config->client,
        Debug  => $config->debug,
    ) || die ""failed to create Net::Dict: $!\n"";
}

#=======================================================================
#
# tabulate_hash()
#
# format a hash as a simple ascii table, for displaying lists
# of databases and strategies.
#
#=======================================================================
sub tabulate_hash {

    my $hashref     = shift;
    my $keytitle    = shift;
    my $value_title = shift;

    my $width = length $keytitle;
    my ($key, $value);

    #-------------------------------------------------------------------
    # Find the length of the longest key, so we can right align
    # the column of keys
    #-------------------------------------------------------------------
    foreach $key (keys %$hashref) { $width = length($key) if length($key) > $width; }

    #-------------------------------------------------------------------
    # print out keys and values in a basic ascii formatted table view
    #-------------------------------------------------------------------
    printf(""  %${width}s   $value_title\n"", $keytitle);
    print '  ', '-' x $width, '   ', '-' x (length $value_title), ""\n"";
    while (($key, $value) = each %$hashref) { printf(""  %${width}s : $value\n"", $key); }
    print ""\n"";
}

__END__

=head1 NAME

dict - a perl client for accessing network dictionary servers

=head1 SYNOPSIS

B<dict> [OPTIONS] I<word>

=head1 DESCRIPTION

B<dict> is a client for the Dictionary server protocol (DICT),
which is used to query natural language dictionaries hosted on
a remote machine.  When used in the most simple way,

    % dict word

B<dict> will look for definitions of I<word> in the dictionaries
hosted at B<dict.org>. If no definitions are found, then dict
will look for words which are similar, and list them:

    % dict bonana
      no definition for ""bonana"" - perhaps you meant:
        banana, bonanza, Banana, Bonanza, Bonasa

This feature is only available if the remote DICT server supports
the I<soundex> or I<Levenshtein> matching strategies.
You can use the B<-stats> switch to find out for yourself.

You can specify the hostname of the DICT server using the B<-h> option:

    % dict -h dict.org dictionary

A DICT server can support a number of databases;
you can use the B<-d> option to specify a particular database.
For example, you can look up computer-related terms
in the Free On-line Dictionary Of Computing (FOLDOC) using:

    % dict -h dict.org -d foldoc byte

To find out what databases (dictionaries) are available on
a server, use the B<-dbs> option:

    % dict -dbs

There are many dictionaries hosted on other servers around the net;
a list of some of them can be found at

    http://www.dict.org/links.html

=head2 MATCHING

Instead of requesting word definitions, you can use dict
to request a list of words which match a pattern.
For example, to look for four-letter words starting in 'b'
and ending in 'p', you would use:

    % dict -match -strategy re '^b..p$'

The B<-match> option says you want a list of matching words rather
than a definition.
The B<-strategy re> says to use POSIX regular expressions
when matching the pattern B<^b..p$>.

Most DICT servers support a number of matching strategies;
you can get a list of the strategies provided by a server
using the B<-strats> switch:

    % dict -h dict.org -strats

=head1 OPTIONS

=over 4

=item B<-h> I<server> or B<-host> I<server>

The hostname for the DICT server. If one isn't specified
then defaults to B<dict.org>.

=item B<-p> I<port> or B<-port> I<port>

Specify the port for connections (default is 2628, from RFC 2229).

=item B<-d> I<dbname> or B<-database> I<dbname>

The name of a specific database (dictionary) to query.

=item B<-m> or B<-match>

Look for words which match the pattern (using the specified strategy).

=item B<-i> I<dbname> or B<-info> I<dbname>

Request information on the specified database.
Typically results in a couple of pages of text.

=item B<-c> I<string> or B<-client> I<string>

Specify the CLIENT identification string sent to the DICT server.

=item B<-D> or B<-dbs>

List the available databases (dictionaries) on the DICT server.

=item B<-s> I<strategy> or B<-strategy> I<strategy>

Specify a matching strategy. Used in combination with B<-match>.

=item B<-S> or B<-strats>

List the matching strategies (used in -strategy) supported
by the DICT server.

=item B<-I> or B<-serverinfo>

Request information on the selected DICT server.

=item B<-help>

Display a short help message including command-line options.

=item B<-doc>

Display the full documentation for B<dict>.

=item B<-version>

Display the version of B<dict>

=item B<-verbose>

Display verbose information as B<dict> runs.

=item B<-debug>

Display debugging information as B<dict> runs.
Useful mainly for developers.

=back

=head1 KNOWN BUGS AND LIMITATIONS

=over 4

=item *

B<dict> doesn't know how to handle firewalls.

=item *

The authentication aspects of RFC 2229 aren't currently supported.

=item *

Display of list results (eg from B<-strats> and B<-dbs>) could be better.

=item *

B<dict> isn't very smart at handling combinations of options.

=item *

Currently no support for a configuration file - will add one soon.

=back

=head1 SEE ALSO

=over 4

=item www.dict.org

The DICT home page, with all sorts of useful information.
There are a number of other DICT clients available.

=item dict

The C dict client written by Rik Faith;
the options are pretty much lifted from Rik's client.

=item RFC 2229

The document which defines the DICT network protocol.

http://www.cis.ohio-state.edu/htbin/rfc/rfc2229.html

=item Net::Dict

The perl module which implements the client API for RFC 2229.

=back

=head1 VERSION

$Revision: 1.2 $

=head1 AUTHOR

Neil Bowers <neil@bowers.com>

=head1 COPYRIGHT

Copyright (C) 2002 Neil Bowers. All rights reserved.

This script is free software; you can redistribute it and/or modify
it under the same terms as Perl itself.

=cut
","#=======================================================================
#
# initialise()
#
# Process command-line options, and initialise the Net::Dict object.
#
#=======================================================================
sub initialise {
    my $opt;

    $PROGRAM = $0;
    $PROGRAM =~ s!.*/!!;

    $config = AppConfig::Std->new(
        {
            CASE   => 1,
            GLOBAL => {
                DEFAULT  => ""<>"",
                ARGCOUNT => AppConfig::ARGCOUNT_ONE
            }
        }
    );

    $config->define('serverinfo',   {});
    $config->define('info=s',       {});
    $config->define('dbs',          {});
    $config->define('strats',       {});
    $config->define('database=s',   {});
    $config->define('match',        {});
    $config->define('def_type=s',   { DEFAULT => '*' });
    $config->define('def_number=i', { DEFAULT => 1 });
    $config->define('def_contains=s', { DEFAULT => '*' });

    $config->process();

    $dict = Net::Dict->new('dict.org');
    if (!$dict) {
        print"
deepseek,deepseek-ai/DeepSeek-V3.2:novita,perl,GPL-3.0,applets::dict.org.pl,611,0.8,0,0.0796812749003984,"#=======================================================================
#
# match_word()
#
# Look for matches of the given word, using the strategy specified
# with the -strategy switch.
#
#=======================================================================
sub match_word {
    my $word = shift;
    my $eref;
    my $entry;
    my ($db, $match);

    unless ($config->strategy) { die ""you must specify -strategy when using -match\n""; }
    $eref = $dict->match($word, $config->strategy);

    if (@$eref == 0) { print ""no matches for \""$word\""\n""; }
    else {
        foreach $entry (@$eref) {
            ($db, $match) = @$entry;
            print ""$db : $match\n"";
        }
    }
}

#=======================================================================
#
# list_databases()
#
# Query and display the list of available databases on the selected
# DICT server.
#
#=======================================================================
sub list_databases {
    my %dbs = $dict->dbs();

    tabulate_hash(\%dbs, 'Database', 'Description');
}

#=======================================================================
#
# list_strategies()
#
# Query and display the list of matching strategies supported
# by the DICT server.
#
#=======================================================================
sub list_strategies {
    my %strats = $dict->strategies();

    tabulate_hash(\%strats, 'Strategy', 'Description');
}

#=======================================================================
#
# show_db_info()
#
# Query the server for information about the specified database,
# and display the results.
#
# The information is typically several pages of text,
# describing the contents of the dictionary, where it came from,
# credits, etc.
#
#=======================================================================
sub show_db_info {
    my $db  = shift;
    my %dbs = $dict->dbs();

    if (not exists $dbs{$config->info}) {
        print ""  dictionary \""$db\"" not known\n"";
        return;
    }

    print $dict->dbInfo($config->info);
}

#=======================================================================
#
# initialise()
#
# check config file and command-line
#
#=======================================================================
sub initialise {

    #-------------------------------------------------------------------
    # Initialise misc global variables
    #-------------------------------------------------------------------
    ($PROGRAM = $0) =~ s!.*/!!;

    #-------------------------------------------------------------------
    # Create AppConfig::Std, define parameters, and parse command-line
    #-------------------------------------------------------------------
    $config = AppConfig::Std->new({CASE => 1}) || die ""failed to create AppConfig::Std: $!\n"";

    $config->define('host', {ARGCOUNT => 1, ALIAS => 'h'});
    $config->define(
        'port',
        {
            ARGCOUNT => 1, ALIAS => 'p',
            DEFAULT  => 2628
        }
    );
    $config->define('database',     {ARGCOUNT => 1, ALIAS => 'd'});
    $config->define('def_number',   {ARGCOUNT => 1, ALIAS => 'n', DEFAULT => 1});
    $config->define('def_type',     {ARGCOUNT => 1, ALIAS => 't', DEFAULT => '*'});
    $config->define('def_contains', {ARGCOUNT => 1, ALIAS => 'search', DEFAULT => '*'});

=cut
    $config->define('match',      { ARGCOUNT => 0, ALIAS => 'm' });
    $config->define('dbs',        { ARGCOUNT => 0, ALIAS => 'D' });
    $config->define('strategy',   { ARGCOUNT => 1, ALIAS => 's' });
    $config->define('strats',     { ARGCOUNT => 0, ALIAS => 'S' });
=cut

    $config->define(
        'client',
        {
            ARGCOUNT => 1, ALIAS => 'c',
            DEFAULT  => ""$PROGRAM $VERSION "" . ""[using Net::Dict $Net::Dict::VERSION]"",
        }
    );

=cut
    $config->define('info',       { ARGCOUNT => 1, ALIAS => 'i' });
    $config->define('serverinfo', { ARGCOUNT => 0, ALIAS => 'I' });
    $config->define('verbose',    { ARGCOUNT => 0 });
=cut

    if (not $config->args(\@ARGV)) {
        print
          ""Usage: dict [-d database] [-n start from definition number] [-t abbreviation of word class type (n]oun, v]erb, adv]erb, adj]ective, etc)] [-search <regex> for definitions matching <regex>] <word>\n"";
        exit;
    }

    #-------------------------------------------------------------------
    # Consistency checking, ensure we have required options, etc.
    #-------------------------------------------------------------------
    $config->host('dict.org') unless $config->host;

    print $config->client, ""\n"" if $config->verbose || $config->debug;

    #-------------------------------------------------------------------
    # Create connection to DICT server
    #-------------------------------------------------------------------
    $dict = Net::Dict->new(
        $config->host,
        Port   => $config->port,
        Client => $config->client,
        Debug  => $config->debug,
    ) || die ""failed to create Net::Dict: $!\n"";
}

#=======================================================================
#
# tabulate_hash()
#
# format a hash as a simple ascii table, for displaying lists
# of databases and strategies.
#
#=======================================================================
sub tabulate_hash {

    my $hashref     = shift;
    my $keytitle    = shift;
    my $value_title = shift;

    my $width = length $keytitle;
    my ($key, $value);

    #-------------------------------------------------------------------
    # Find the length of the longest key, so we can right align
    # the column of keys
    #-------------------------------------------------------------------
    foreach $key (keys %$hashref) { $width = length($key) if length($key) > $width; }

    #-------------------------------------------------------------------
    # print out keys and values in a basic ascii formatted table view
    #-------------------------------------------------------------------
    printf(""  %${width}s   $value_title\n"", $keytitle);
    print '  ', '-' x $width, '   ', '-' x (length $value_title), ""\n"";
    while (($key, $value) = each %$hashref) { printf(""  %${width}s : $value\n"", $key); }
    print ""\n"";
}

__END__

=head1 NAME

dict - a perl client for accessing network dictionary servers

=head1 SYNOPSIS

B<dict> [OPTIONS] I<word>

=head1 DESCRIPTION

B<dict> is a client for the Dictionary server protocol (DICT),
which is used to query natural language dictionaries hosted on
a remote machine.  When used in the most simple way,

    % dict word

B<dict> will look for definitions of I<word> in the dictionaries
hosted at B<dict.org>. If no definitions are found, then dict
will look for words which are similar, and list them:

    % dict bonana
      no definition for ""bonana"" - perhaps you meant:
        banana, bonanza, Banana, Bonanza, Bonasa

This feature is only available if the remote DICT server supports
the I<soundex> or I<Levenshtein> matching strategies.
You can use the B<-stats> switch to find out for yourself.

You can specify the hostname of the DICT server using the B<-h> option:

    % dict -h dict.org dictionary

A DICT server can support a number of databases;
you can use the B<-d> option to specify a particular database.
For example, you can look up computer-related terms
in the Free On-line Dictionary Of Computing (FOLDOC) using:

    % dict -h dict.org -d foldoc byte

To find out what databases (dictionaries) are available on
a server, use the B<-dbs> option:

    % dict -dbs

There are many dictionaries hosted on other servers around the net;
a list of some of them can be found at

    http://www.dict.org/links.html

=head2 MATCHING

Instead of requesting word definitions, you can use dict
to request a list of words which match a pattern.
For example, to look for four-letter words starting in 'b'
and ending in 'p', you would use:

    % dict -match -strategy re '^b..p$'

The B<-match> option says you want a list of matching words rather
than a definition.
The B<-strategy re> says to use POSIX regular expressions
when matching the pattern B<^b..p$>.

Most DICT servers support a number of matching strategies;
you can get a list of the strategies provided by a server
using the B<-strats> switch:

    % dict -h dict.org -strats

=head1 OPTIONS

=over 4

=item B<-h> I<server> or B<-host> I<server>

The hostname for the DICT server. If one isn't specified
then defaults to B<dict.org>.

=item B<-p> I<port> or B<-port> I<port>

Specify the port for connections (default is 2628, from RFC 2229).

=item B<-d> I<dbname> or B<-database> I<dbname>

The name of a specific database (dictionary) to query.

=item B<-m> or B<-match>

Look for words which match the pattern (using the specified strategy).

=item B<-i> I<dbname> or B<-info> I<dbname>

Request information on the specified database.
Typically results in a couple of pages of text.

=item B<-c> I<string> or B<-client> I<string>

Specify the CLIENT identification string sent to the DICT server.

=item B<-D> or B<-dbs>

List the available databases (dictionaries) on the DICT server.

=item B<-s> I<strategy> or B<-strategy> I<strategy>

Specify a matching strategy. Used in combination with B<-match>.

=item B<-S> or B<-strats>

List the matching strategies (used in -strategy) supported
by the DICT server.

=item B<-I> or B<-serverinfo>

Request information on the selected DICT server.

=item B<-help>

Display a short help message including command-line options.

=item B<-doc>

Display the full documentation for B<dict>.

=item B<-version>

Display the version of B<dict>

=item B<-verbose>

Display verbose information as B<dict> runs.

=item B<-debug>

Display debugging information as B<dict> runs.
Useful mainly for developers.

=back

=head1 KNOWN BUGS AND LIMITATIONS

=over 4

=item *

B<dict> doesn't know how to handle firewalls.

=item *

The authentication aspects of RFC 2229 aren't currently supported.

=item *

Display of list results (eg from B<-strats> and B<-dbs>) could be better.

=item *

B<dict> isn't very smart at handling combinations of options.

=item *

Currently no support for a configuration file - will add one soon.

=back

=head1 SEE ALSO

=over 4

=item www.dict.org

The DICT home page, with all sorts of useful information.
There are a number of other DICT clients available.

=item dict

The C dict client written by Rik Faith;
the options are pretty much lifted from Rik's client.

=item RFC 2229

The document which defines the DICT network protocol.

http://www.cis.ohio-state.edu/htbin/rfc/rfc2229.html

=item Net::Dict

The perl module which implements the client API for RFC 2229.

=back

=head1 VERSION

$Revision: 1.2 $

=head1 AUTHOR

Neil Bowers <neil@bowers.com>

=head1 COPYRIGHT

Copyright (C) 2002 Neil Bowers. All rights reserved.

This script is free software; you can redistribute it and/or modify
it under the same terms as Perl itself.

=cut
","#=======================================================================
#
# match_word()
#
# Look up matches for the specified pattern.
#
#=======================================================================
sub match_word {
    my $pattern = shift;
    my $matches = $dict->match($pattern, $config->match_strategy || 'prefix');

    if (@$matches == 0) {
        print ""no matches found for \""$pattern\""\n"";
    } else {
        my @words;
        foreach my $entry (@$matches) {
            my ($db, $word) = @$entry;
            push @words, $word;
        }
        print ""matches for \""$pattern\"": "", join(', ', @words), ""\n"";
    }
}

#=======================================================================
#
# list_databases()
#
# List available databases.
#
#=======================================================================
sub list_databases {
    my $dbs = $dict->dicts;
    print ""available databases:\n"";
    foreach my $db (@$dbs) {
        print ""  $db\n"";
    }
}

#=======================================================================
#
# list_strategies()
#
# List available matching strategies.
#
#=======================================================================
sub list_strategies {
    my %strategies = $dict->strategies;
    print"
deepseek,deepseek-ai/DeepSeek-V3.2:novita,perl,GPL-3.0,prolog::wam_cl::paramfns.pl,77,0.2,0,0.013157894736842105,":- meta_predicate xform_with_ident(*,2,*).

xform_with_ident([],_Ident,[]).
xform_with_ident([Y0|YR0],Ident,[Y|YR]):-
   call_as_ident(Ident,Y0,Y),
   xform_with_ident(YR0,Ident,YR).

call_as_ident(Pred,X,Result):- function(Pred,X,Result).

apply_as_pred(EqlPred,X,Y,Z):-call(EqlPred,X,Y,Z,R)->R\==[].
apply_as_pred(EqlPred,X,Y):-call(EqlPred,X,Y,R)->R\==[].
apply_as_pred(EqlPred,X):-call(EqlPred,X,R)->R\==[].

% Maybe move to funcall 
function(f_funcall,Pred,Y,Result):- !, function(Pred,Y,Result).
function(Pred,X,Y,Result):- f_apply(Pred,[X,Y],Result).
function(X,function(X)).
% used by call_as_ident/3
function([],X,X):-!.
function(Pred,X,Result):- call(Pred,X,Result),!.

% Maybe move to arglists
% key_value(Keys,Name,Value,Default).
key_value(Keys,Name,Value):- is_dict(Keys),!,Keys.Name=Value,!.
key_value(Keys,Name,Value):- get_plist_value(f_eql,Keys,Name,zzzz666,Value),Value\==zzzz666.
key_value(Keys,Name,Value,_Default):- key_value(Keys,Name,Value),!.
key_value(_Keys,_Name,Default,Default).

get_identity_pred(Keys,K,Pred):- 
  key_value(Keys,K,Value) -> to_function(Value,Pred); Pred = (=).

get_test_pred(IfMissing,Keys,Pred):-
  key_value(Keys,kw_test_not,Value) -> to_neg_function(Value,Pred);
  key_value(Keys,kw_test,Value)  -> to_function(Value,Pred);
  Pred = IfMissing.

%to_function(function(ValueI),ValueO):-!,to_function(ValueI,ValueO).
to_function(Value,Call):- find_operator_or_die(_Env,kw_function,Value,Call).
to_neg_function(Value,not_fn(Neg)):-to_function(Value,Neg).

not_fn(Value,A):- \+ call(Value,A).
not_fn(Value,A,B):- \+ call(Value,A,B).
not_fn(Value,A,B,C):- \+ call(Value,A,B,C).

nth_param(Optionals,N,Default,Value):- (nonvar(Optionals),nth1(N,Optionals,Value))->true;Default=Value.
nth_param(Optionals,N,Default,Value,PresentP):- (nonvar(Optionals),nth1(N,Optionals,Value))->(PresentP=t);(Default=Value,PresentP=[]).


:- fixup_exports.
",":- meta_predicate not_fn(4,?,?,?,?).
:- meta_predicate not_fn(5,?,?,?,?,?).
:- meta_predicate not_fn(6,?,?,?,?,?,?).
:- meta_predicate not_fn(7,?,?,?,?,?,?,?).
:- meta_predicate not_fn(8,?,?,?,?,?,?,?,?).
:- meta_predicate not_fn(9,?,?,?,?,?,?,?,?,?).

:- meta_predicate call_as_ident(3,?,?,?).
:- meta_predicate call_as_ident(4,?,?,?,?).
:- meta_predicate call_as_ident(5,?,?,?,?,?).
:- meta_predicate call_as_ident(6,?,?,?,?,?,?).
:- meta_predicate call_as_ident(7,?,?,?,?,?,?,?).
:- meta_predicate call_as_ident(8,?,?,?,?,?,?,?,?).
:- meta_predicate call_as_ident(9,?,?,?,?,?,?,?,?,?).

:- meta_predicate function(*,3,?,?,?).
:- meta_predicate function(*,4,?,?,?,?).
:- meta_predicate"
deepseek,deepseek-ai/DeepSeek-V3.2:novita,perl,GPL-3.0,prolog::wam_cl::paramfns.pl,77,0.4,0,0.5074626865671642,":- meta_predicate xform_with_ident(*,2,*).

xform_with_ident([],_Ident,[]).
xform_with_ident([Y0|YR0],Ident,[Y|YR]):-
   call_as_ident(Ident,Y0,Y),
   xform_with_ident(YR0,Ident,YR).

call_as_ident(Pred,X,Result):- function(Pred,X,Result).

apply_as_pred(EqlPred,X,Y,Z):-call(EqlPred,X,Y,Z,R)->R\==[].
apply_as_pred(EqlPred,X,Y):-call(EqlPred,X,Y,R)->R\==[].
apply_as_pred(EqlPred,X):-call(EqlPred,X,R)->R\==[].

% Maybe move to funcall 
function(f_funcall,Pred,Y,Result):- !, function(Pred,Y,Result).
function(Pred,X,Y,Result):- f_apply(Pred,[X,Y],Result).
function(X,function(X)).
% used by call_as_ident/3
function([],X,X):-!.
function(Pred,X,Result):- call(Pred,X,Result),!.

% Maybe move to arglists
% key_value(Keys,Name,Value,Default).
key_value(Keys,Name,Value):- is_dict(Keys),!,Keys.Name=Value,!.
key_value(Keys,Name,Value):- get_plist_value(f_eql,Keys,Name,zzzz666,Value),Value\==zzzz666.
key_value(Keys,Name,Value,_Default):- key_value(Keys,Name,Value),!.
key_value(_Keys,_Name,Default,Default).

get_identity_pred(Keys,K,Pred):- 
  key_value(Keys,K,Value) -> to_function(Value,Pred); Pred = (=).

get_test_pred(IfMissing,Keys,Pred):-
  key_value(Keys,kw_test_not,Value) -> to_neg_function(Value,Pred);
  key_value(Keys,kw_test,Value)  -> to_function(Value,Pred);
  Pred = IfMissing.

%to_function(function(ValueI),ValueO):-!,to_function(ValueI,ValueO).
to_function(Value,Call):- find_operator_or_die(_Env,kw_function,Value,Call).
to_neg_function(Value,not_fn(Neg)):-to_function(Value,Neg).

not_fn(Value,A):- \+ call(Value,A).
not_fn(Value,A,B):- \+ call(Value,A,B).
not_fn(Value,A,B,C):- \+ call(Value,A,B,C).

nth_param(Optionals,N,Default,Value):- (nonvar(Optionals),nth1(N,Optionals,Value))->true;Default=Value.
nth_param(Optionals,N,Default,Value,PresentP):- (nonvar(Optionals),nth1(N,Optionals,Value))->(PresentP=t);(Default=Value,PresentP=[]).


:- fixup_exports.
","% ^ operator
function(X^Goal, 2, X, Y) :- !,
   apply_as_pred(Goal, X, Y).

function(X, 2, Y, Z) :- !, call_if_ident(X, Y, Z).

apply_as_pred(Goal, A) :- call(Goal, A).
apply_as_pred(Goal, A, B) :- call(Goal, A, B).
apply_as_pred(Goal, A, B, C) :- call(Goal, A, B, C).

call_as_ident(G, A, B) :-
   (  atom(G)
   -> B =.. [G, A]
   ;  G =.. [F|Args],
      B =.. [F, A|Args]
   ),
   B.

call_if_ident(X, Y, Z) :-
   (  atom(X)
   -> call_as_ident(X, Y, Z)
   ;  call(X, Y, Z)
   ).

function(pairlis, 2, Xs, Ys) :- pairlis(Xs, Ys, []).
function(pairlis, 3, Xs, Ys, Alist) :- pairlis(Xs, Y"
deepseek,deepseek-ai/DeepSeek-V3.2:novita,perl,GPL-3.0,prolog::wam_cl::paramfns.pl,77,0.8,0,0.6,":- meta_predicate xform_with_ident(*,2,*).

xform_with_ident([],_Ident,[]).
xform_with_ident([Y0|YR0],Ident,[Y|YR]):-
   call_as_ident(Ident,Y0,Y),
   xform_with_ident(YR0,Ident,YR).

call_as_ident(Pred,X,Result):- function(Pred,X,Result).

apply_as_pred(EqlPred,X,Y,Z):-call(EqlPred,X,Y,Z,R)->R\==[].
apply_as_pred(EqlPred,X,Y):-call(EqlPred,X,Y,R)->R\==[].
apply_as_pred(EqlPred,X):-call(EqlPred,X,R)->R\==[].

% Maybe move to funcall 
function(f_funcall,Pred,Y,Result):- !, function(Pred,Y,Result).
function(Pred,X,Y,Result):- f_apply(Pred,[X,Y],Result).
function(X,function(X)).
% used by call_as_ident/3
function([],X,X):-!.
function(Pred,X,Result):- call(Pred,X,Result),!.

% Maybe move to arglists
% key_value(Keys,Name,Value,Default).
key_value(Keys,Name,Value):- is_dict(Keys),!,Keys.Name=Value,!.
key_value(Keys,Name,Value):- get_plist_value(f_eql,Keys,Name,zzzz666,Value),Value\==zzzz666.
key_value(Keys,Name,Value,_Default):- key_value(Keys,Name,Value),!.
key_value(_Keys,_Name,Default,Default).

get_identity_pred(Keys,K,Pred):- 
  key_value(Keys,K,Value) -> to_function(Value,Pred); Pred = (=).

get_test_pred(IfMissing,Keys,Pred):-
  key_value(Keys,kw_test_not,Value) -> to_neg_function(Value,Pred);
  key_value(Keys,kw_test,Value)  -> to_function(Value,Pred);
  Pred = IfMissing.

%to_function(function(ValueI),ValueO):-!,to_function(ValueI,ValueO).
to_function(Value,Call):- find_operator_or_die(_Env,kw_function,Value,Call).
to_neg_function(Value,not_fn(Neg)):-to_function(Value,Neg).

not_fn(Value,A):- \+ call(Value,A).
not_fn(Value,A,B):- \+ call(Value,A,B).
not_fn(Value,A,B,C):- \+ call(Value,A,B,C).

nth_param(Optionals,N,Default,Value):- (nonvar(Optionals),nth1(N,Optionals,Value))->true;Default=Value.
nth_param(Optionals,N,Default,Value,PresentP):- (nonvar(Optionals),nth1(N,Optionals,Value))->(PresentP=t);(Default=Value,PresentP=[]).


:- fixup_exports.
",":- multifile(function_body/4).
:- dynamic(function_body/4).

function_body(F, Arity, Args, Body) :-
    nonvar(F),
    functor(F, Name, Arity),
    function_body(Name, Arity, Args, Body).

function_body(Name, Arity, Args, Body) :-
    function_body_cache(Name, Arity, Args, Body),
    !.
function_body(Name, Arity, Args, Body) :-
    find_and_cache_function(Name, Arity, Args, Body).

find_and_cache_function(Name, Arity, Args, Body) :-
    find_function_body(Name, Arity, Args, Body),
    assert_function_cache(Name, Arity, Args, Body).

find_function_body(Name, Arity, Args, Body) :-
    function_definition(Name, Arity, Args, Body).

assert_function_cache(Name, Arity, Args, Body) :-
    assertz(function_body_cache(Name, Arity, Args, Body)).

function_definition(Name, Arity, Args, Body) :-
    function_source(Name, Arity, Source),
    process_function_source(Source, Args, Body).

function_source(Name, Arity, Source) :-
    current"
