model,model_id,language,license,qualified_name,n_lines,temperature,sample_idx,similarity,original_suffix,generated_suffix
qwen,Qwen/Qwen3-30B-A3B-Instruct-2507:nebius,go,GPL-3.0,backends::latex::render.go,157,0.2,0,0.13257575757575757,"	// Compile a LaTeX file with the given id to produce a PDF file.  Both
	// input and output files are in the temp directory.
	latexToPdf(id common.ID)

	// Convert PDF to PNG, storing the result in the cache directory.  From
	// there, it can be served by the web server or displayed to the user
	// via some other user interface.
	pdfToPng(id common.ID)

	deleteTemporaryFiles(id common.ID)

	err() error
}

// XelatexImagemagickRenderer uses xelatex to handle the LaTeX-to-PDF
// translation, ImageMagick to convert the PDF to a PNG.
type XelatexImagemagickRenderer struct {
	error error
}

func (x *XelatexImagemagickRenderer) scrollToLatex(id common.ID) {
	var e errTemplateReader

	scrollText, err := common.ReadScroll(id)
	if err != nil {
		if os.IsNotExist(err) {
			err = common.RemoveFromIndex(id)
			if err != nil {
				common.LogError(err)
			}
			x.error = errNoSuchScroll
			return
		}
		x.error = err
		return
	}
	scroll := parse(string(id), scrollText)

	e.readTemplate(""header"")
	e.readTemplate(scroll.Type + ""_header"")
	e.doc += scroll.Content
	e.readTemplate(scroll.Type + ""_footer"")
	e.readTemplate(""footer"")

	if e.err != nil {
		x.error = errors.Wrapf(e.err, ""producing latex file for scroll %v"", id)
		return
	}
	err = common.WriteTemp(id, e.doc)
	x.error = errors.Wrapf(err, ""writing latex file %v.tex to temporary directory"", id)
}

func (x *XelatexImagemagickRenderer) latexToPdf(id common.ID) {
	if x.error != nil {
		return
	}

	msg, err := exec.Command(""xelatex"",
		""-halt-on-error"", ""-output-directory"", common.Config.TempDirectory,
		common.Config.TempDirectory+string(id)).CombinedOutput()
	x.error = errors.Wrapf(err, ""XeLaTeX build: %v"", string(msg))
}

func (x *XelatexImagemagickRenderer) pdfToPng(i common.ID) {
	if x.error != nil {
		return
	}

	id := string(i)
	x.error = exec.Command(""convert"", ""-trim"",
		""-quality"", strconv.Itoa(common.Config.Quality),
		""-density"", strconv.Itoa(common.Config.Dpi),
		common.Config.TempDirectory+id+"".pdf"", common.Config.CacheDirectory+id+"".png"").Run()

}

func (x *XelatexImagemagickRenderer) deleteTemporaryFiles(id common.ID) {
	if x.error != nil {
		return
	}

	files, err := filepath.Glob(common.Config.TempDirectory + string(id) + "".*"")
	if err != nil {
		common.LogError(err)
		return
	}
	for _, file := range files {
		common.TryLogError(os.Remove(file))
	}
}

func (x *XelatexImagemagickRenderer) err() error {
	return x.error
}

// renderScroll takes a scroll ID and a renderer to create a PNG image from
// that scroll.
func renderScroll(id common.ID, renderer latexToPngRenderer) error {
	if common.IsUpToDate(id) {
		return nil
	}

	renderer.scrollToLatex(id)
	renderer.latexToPdf(id)
	renderer.pdfToPng(id)
	common.TryLogError(renderer.err())
	renderer.deleteTemporaryFiles(id)

	return errors.Wrap(renderer.err(), ""rendering"")
}","// Convert the LaTeX file to a PDF using pdflatex
	pdfPath := filepath.Join(common.TempDir, id.String()+"".pdf"")
	cmd := exec.Command(""pdflatex"", ""-output-directory"", common.TempDir, ""-interaction"", ""nonstopmode"", id.String()+"".tex"")
	cmd.Stdout = os.Stdout
	cmd.Stderr = os.Stderr
	if err := cmd.Run(); err != nil {
		e.err = errors.Wrapf(err, ""failed to run pdflatex on %v"", id.String())
		return
	}

	// Convert the PDF to PNG using ImageMagick's convert
	pngPath := filepath.Join(common.TempDir, id.String()+"".png"")
	cmd = exec.Command(""convert"", ""-density"", ""300"", pdfPath, ""-quality"", ""90"", pngPath)
	cmd.Stdout = os.Stdout
	cmd.Stderr = os.Stderr
	if err := cmd.Run(); err != nil {
		e.err = errors.Wrapf(err, ""failed to convert %v to PNG"", pdfPath)
		return
	}

	// Clean up intermediate files
	os.Remove(pdfPath)
	os.Remove(id.String() + "".aux"")
	os.Remove(id.String() + "".log"")
	os.Remove(id.String() + "".toc"")"
qwen,Qwen/Qwen3-30B-A3B-Instruct-2507:nebius,go,GPL-3.0,backends::latex::render.go,157,0.4,0,0.04782608695652174,"	// Compile a LaTeX file with the given id to produce a PDF file.  Both
	// input and output files are in the temp directory.
	latexToPdf(id common.ID)

	// Convert PDF to PNG, storing the result in the cache directory.  From
	// there, it can be served by the web server or displayed to the user
	// via some other user interface.
	pdfToPng(id common.ID)

	deleteTemporaryFiles(id common.ID)

	err() error
}

// XelatexImagemagickRenderer uses xelatex to handle the LaTeX-to-PDF
// translation, ImageMagick to convert the PDF to a PNG.
type XelatexImagemagickRenderer struct {
	error error
}

func (x *XelatexImagemagickRenderer) scrollToLatex(id common.ID) {
	var e errTemplateReader

	scrollText, err := common.ReadScroll(id)
	if err != nil {
		if os.IsNotExist(err) {
			err = common.RemoveFromIndex(id)
			if err != nil {
				common.LogError(err)
			}
			x.error = errNoSuchScroll
			return
		}
		x.error = err
		return
	}
	scroll := parse(string(id), scrollText)

	e.readTemplate(""header"")
	e.readTemplate(scroll.Type + ""_header"")
	e.doc += scroll.Content
	e.readTemplate(scroll.Type + ""_footer"")
	e.readTemplate(""footer"")

	if e.err != nil {
		x.error = errors.Wrapf(e.err, ""producing latex file for scroll %v"", id)
		return
	}
	err = common.WriteTemp(id, e.doc)
	x.error = errors.Wrapf(err, ""writing latex file %v.tex to temporary directory"", id)
}

func (x *XelatexImagemagickRenderer) latexToPdf(id common.ID) {
	if x.error != nil {
		return
	}

	msg, err := exec.Command(""xelatex"",
		""-halt-on-error"", ""-output-directory"", common.Config.TempDirectory,
		common.Config.TempDirectory+string(id)).CombinedOutput()
	x.error = errors.Wrapf(err, ""XeLaTeX build: %v"", string(msg))
}

func (x *XelatexImagemagickRenderer) pdfToPng(i common.ID) {
	if x.error != nil {
		return
	}

	id := string(i)
	x.error = exec.Command(""convert"", ""-trim"",
		""-quality"", strconv.Itoa(common.Config.Quality),
		""-density"", strconv.Itoa(common.Config.Dpi),
		common.Config.TempDirectory+id+"".pdf"", common.Config.CacheDirectory+id+"".png"").Run()

}

func (x *XelatexImagemagickRenderer) deleteTemporaryFiles(id common.ID) {
	if x.error != nil {
		return
	}

	files, err := filepath.Glob(common.Config.TempDirectory + string(id) + "".*"")
	if err != nil {
		common.LogError(err)
		return
	}
	for _, file := range files {
		common.TryLogError(os.Remove(file))
	}
}

func (x *XelatexImagemagickRenderer) err() error {
	return x.error
}

// renderScroll takes a scroll ID and a renderer to create a PNG image from
// that scroll.
func renderScroll(id common.ID, renderer latexToPngRenderer) error {
	if common.IsUpToDate(id) {
		return nil
	}

	renderer.scrollToLatex(id)
	renderer.latexToPdf(id)
	renderer.pdfToPng(id)
	common.TryLogError(renderer.err())
	renderer.deleteTemporaryFiles(id)

	return errors.Wrap(renderer.err(), ""rendering"")
}","// Convert the LaTeX file to a PDF using pdflatex
	latexToPdf(latexPath string) error

	// Convert the PDF to PNG using ImageMagick's convert command
	pdfToPng(pdfPath, pngPath string) error

	// Clean up temporary files created during the rendering process
	cleanup(tempDir string) error
}

// renderLatexToPng renders a scroll to a PNG image using LaTeX, pdflatex, and ImageMagick
func renderLatexToPng(scrollID common.ID, tempDir string) (string, error) {
	// Create a renderer instance
	runner := &latexRenderer{
		tempDir: tempDir,
	}

	// Step 1: Generate LaTeX content from the scroll
	if err := runner.scrollToLatex(scrollID); err != nil {
		return """", errors.Wrap(err, ""failed to generate LaTeX from scroll"")
	}

	// Step 2: Convert LaTeX to PDF
	latexPath := filepath.Join(tempDir, ""document.tex"")
	pdfPath := filepath.Join(tempDir, ""document.pdf"")
	if err := runner.latexToPdf(latexPath); err != nil {
		return """", errors.Wrap(err, ""failed to convert LaTeX to"
qwen,Qwen/Qwen3-30B-A3B-Instruct-2507:nebius,go,GPL-3.0,backends::latex::render.go,157,0.8,0,0.12037037037037036,"	// Compile a LaTeX file with the given id to produce a PDF file.  Both
	// input and output files are in the temp directory.
	latexToPdf(id common.ID)

	// Convert PDF to PNG, storing the result in the cache directory.  From
	// there, it can be served by the web server or displayed to the user
	// via some other user interface.
	pdfToPng(id common.ID)

	deleteTemporaryFiles(id common.ID)

	err() error
}

// XelatexImagemagickRenderer uses xelatex to handle the LaTeX-to-PDF
// translation, ImageMagick to convert the PDF to a PNG.
type XelatexImagemagickRenderer struct {
	error error
}

func (x *XelatexImagemagickRenderer) scrollToLatex(id common.ID) {
	var e errTemplateReader

	scrollText, err := common.ReadScroll(id)
	if err != nil {
		if os.IsNotExist(err) {
			err = common.RemoveFromIndex(id)
			if err != nil {
				common.LogError(err)
			}
			x.error = errNoSuchScroll
			return
		}
		x.error = err
		return
	}
	scroll := parse(string(id), scrollText)

	e.readTemplate(""header"")
	e.readTemplate(scroll.Type + ""_header"")
	e.doc += scroll.Content
	e.readTemplate(scroll.Type + ""_footer"")
	e.readTemplate(""footer"")

	if e.err != nil {
		x.error = errors.Wrapf(e.err, ""producing latex file for scroll %v"", id)
		return
	}
	err = common.WriteTemp(id, e.doc)
	x.error = errors.Wrapf(err, ""writing latex file %v.tex to temporary directory"", id)
}

func (x *XelatexImagemagickRenderer) latexToPdf(id common.ID) {
	if x.error != nil {
		return
	}

	msg, err := exec.Command(""xelatex"",
		""-halt-on-error"", ""-output-directory"", common.Config.TempDirectory,
		common.Config.TempDirectory+string(id)).CombinedOutput()
	x.error = errors.Wrapf(err, ""XeLaTeX build: %v"", string(msg))
}

func (x *XelatexImagemagickRenderer) pdfToPng(i common.ID) {
	if x.error != nil {
		return
	}

	id := string(i)
	x.error = exec.Command(""convert"", ""-trim"",
		""-quality"", strconv.Itoa(common.Config.Quality),
		""-density"", strconv.Itoa(common.Config.Dpi),
		common.Config.TempDirectory+id+"".pdf"", common.Config.CacheDirectory+id+"".png"").Run()

}

func (x *XelatexImagemagickRenderer) deleteTemporaryFiles(id common.ID) {
	if x.error != nil {
		return
	}

	files, err := filepath.Glob(common.Config.TempDirectory + string(id) + "".*"")
	if err != nil {
		common.LogError(err)
		return
	}
	for _, file := range files {
		common.TryLogError(os.Remove(file))
	}
}

func (x *XelatexImagemagickRenderer) err() error {
	return x.error
}

// renderScroll takes a scroll ID and a renderer to create a PNG image from
// that scroll.
func renderScroll(id common.ID, renderer latexToPngRenderer) error {
	if common.IsUpToDate(id) {
		return nil
	}

	renderer.scrollToLatex(id)
	renderer.latexToPdf(id)
	renderer.pdfToPng(id)
	common.TryLogError(renderer.err())
	renderer.deleteTemporaryFiles(id)

	return errors.Wrap(renderer.err(), ""rendering"")
}","// Convert the LaTeX file to a PDF using pdflatex
	latexToPDF() error

	// Convert the PDF to PNG using ImageMagick's convert command
	pdfToPng() error

	// Clean up temporary files created during the rendering process
	cleanup() error
}

// latexToPngRendererImpl implements the latexToPngRenderer interface
type latexToPngRendererImpl struct {
	id      common.ID
	tempDir string
}

// NewLatexToPngRenderer creates a new renderer for converting a scroll to PNG
func NewLatexToPngRenderer(id common.ID, tempDir string) latexToPngRenderer {
	return &latexToPngRendererImpl{
		id:      id,
		tempDir: tempDir,
	}
}

// scrollToLatex creates a LaTeX file from the scroll content and templates
func (r *latexToPngRendererImpl) scrollToLatex(id common.ID) {
	// Create the LaTeX file path
	latexPath := filepath.Join(r.tempDir, strconv.FormatUint(uint64(id), 10)+"".tex"")

	// Create the LaTeX content by combining the scroll content with templates
	var templateContent string
	templateReader := &errTemplateReader"
qwen,Qwen/Qwen3-30B-A3B-Instruct-2507:nebius,go,GPL-3.0,vendor::github.com::hashicorp::consul::api::lock_test.go,561,0.2,0,0.16524216524216523,"			}
			if leaderCh == nil {
				t.Fatalf(""not leader"")
			}
			defer lock.Unlock()
			log.Printf(""Contender %d acquired"", idx)

			// Set acquired and then leave
			acquired[idx] = true
		}(idx)
	}

	// Wait for termination
	doneCh := make(chan struct{})
	go func() {
		wg.Wait()
		close(doneCh)
	}()

	// Wait for everybody to get a turn
	select {
	case <-doneCh:
	case <-time.After(3 * DefaultLockRetryTime):
		t.Fatalf(""timeout"")
	}

	for idx, did := range acquired {
		if !did {
			t.Fatalf(""contender %d never acquired"", idx)
		}
	}
}

func TestAPI_LockDestroy(t *testing.T) {
	t.Parallel()
	c, s := makeClient(t)
	defer s.Stop()

	lock, err := c.LockKey(""test/lock"")
	if err != nil {
		t.Fatalf(""err: %v"", err)
	}

	// Should work
	leaderCh, err := lock.Lock(nil)
	if err != nil {
		t.Fatalf(""err: %v"", err)
	}
	if leaderCh == nil {
		t.Fatalf(""not leader"")
	}

	// Destroy should fail
	if err := lock.Destroy(); err != ErrLockHeld {
		t.Fatalf(""err: %v"", err)
	}

	// Should be able to release
	err = lock.Unlock()
	if err != nil {
		t.Fatalf(""err: %v"", err)
	}

	// Acquire with a different lock
	l2, err := c.LockKey(""test/lock"")
	if err != nil {
		t.Fatalf(""err: %v"", err)
	}

	// Should work
	leaderCh, err = l2.Lock(nil)
	if err != nil {
		t.Fatalf(""err: %v"", err)
	}
	if leaderCh == nil {
		t.Fatalf(""not leader"")
	}

	// Destroy should still fail
	if err := lock.Destroy(); err != ErrLockInUse {
		t.Fatalf(""err: %v"", err)
	}

	// Should release
	err = l2.Unlock()
	if err != nil {
		t.Fatalf(""err: %v"", err)
	}

	// Destroy should work
	err = lock.Destroy()
	if err != nil {
		t.Fatalf(""err: %v"", err)
	}

	// Double destroy should work
	err = l2.Destroy()
	if err != nil {
		t.Fatalf(""err: %v"", err)
	}
}

func TestAPI_LockConflict(t *testing.T) {
	t.Parallel()
	c, s := makeClient(t)
	defer s.Stop()

	sema, err := c.SemaphorePrefix(""test/lock/"", 2)
	if err != nil {
		t.Fatalf(""err: %v"", err)
	}

	// Should work
	lockCh, err := sema.Acquire(nil)
	if err != nil {
		t.Fatalf(""err: %v"", err)
	}
	if lockCh == nil {
		t.Fatalf(""not hold"")
	}
	defer sema.Release()

	lock, err := c.LockKey(""test/lock/.lock"")
	if err != nil {
		t.Fatalf(""err: %v"", err)
	}

	// Should conflict with semaphore
	_, err = lock.Lock(nil)
	if err != ErrLockConflict {
		t.Fatalf(""err: %v"", err)
	}

	// Should conflict with semaphore
	err = lock.Destroy()
	if err != ErrLockConflict {
		t.Fatalf(""err: %v"", err)
	}
}

func TestAPI_LockReclaimLock(t *testing.T) {
	t.Parallel()
	c, s := makeClient(t)
	defer s.Stop()

	session, _, err := c.Session().Create(&SessionEntry{}, nil)
	if err != nil {
		t.Fatalf(""err: %v"", err)
	}

	lock, err := c.LockOpts(&LockOptions{Key: ""test/lock"", Session: session})
	if err != nil {
		t.Fatalf(""err: %v"", err)
	}

	// Should work
	leaderCh, err := lock.Lock(nil)
	if err != nil {
		t.Fatalf(""err: %v"", err)
	}
	if leaderCh == nil {
		t.Fatalf(""not leader"")
	}
	defer lock.Unlock()

	l2, err := c.LockOpts(&LockOptions{Key: ""test/lock"", Session: session})
	if err != nil {
		t.Fatalf(""err: %v"", err)
	}

	reclaimed := make(chan (<-chan struct{}), 1)
	go func() {
		l2Ch, err := l2.Lock(nil)
		if err != nil {
			t.Fatalf(""not locked: %v"", err)
		}
		reclaimed <- l2Ch
	}()

	// Should reclaim the lock
	var leader2Ch <-chan struct{}

	select {
	case leader2Ch = <-reclaimed:
	case <-time.After(time.Second):
		t.Fatalf(""should have locked"")
	}

	// unlock should work
	err = l2.Unlock()
	if err != nil {
		t.Fatalf(""err: %v"", err)
	}

	//Both locks should see the unlock
	select {
	case <-leader2Ch:
	case <-time.After(time.Second):
		t.Fatalf(""should not be leader"")
	}

	select {
	case <-leaderCh:
	case <-time.After(time.Second):
		t.Fatalf(""should not be leader"")
	}
}

func TestAPI_LockMonitorRetry(t *testing.T) {
	t.Parallel()
	raw, s := makeClient(t)
	defer s.Stop()

	// Set up a server that always responds with 500 errors.
	failer := func(w http.ResponseWriter, req *http.Request) {
		w.WriteHeader(500)
	}
	outage := httptest.NewServer(http.HandlerFunc(failer))
	defer outage.Close()

	// Set up a reverse proxy that will send some requests to the
	// 500 server and pass everything else through to the real Consul
	// server.
	var mutex sync.Mutex
	errors := 0
	director := func(req *http.Request) {
		mutex.Lock()
		defer mutex.Unlock()

		req.URL.Scheme = ""http""
		if errors > 0 && req.Method == ""GET"" && strings.Contains(req.URL.Path, ""/v1/kv/test/lock"") {
			req.URL.Host = outage.URL[7:] // Strip off ""http://"".
			errors--
		} else {
			req.URL.Host = raw.config.Address
		}
	}
	proxy := httptest.NewServer(&httputil.ReverseProxy{Director: director})
	defer proxy.Close()

	// Make another client that points at the proxy instead of the real
	// Consul server.
	config := raw.config
	config.Address = proxy.URL[7:] // Strip off ""http://"".
	c, err := NewClient(&config)
	if err != nil {
		t.Fatalf(""err: %v"", err)
	}

	// Set up a lock with retries enabled.
	opts := &LockOptions{
		Key:            ""test/lock"",
		SessionTTL:     ""60s"",
		MonitorRetries: 3,
	}
	lock, err := c.LockOpts(opts)
	if err != nil {
		t.Fatalf(""err: %v"", err)
	}

	// Make sure the default got set.
	if lock.opts.MonitorRetryTime != DefaultMonitorRetryTime {
		t.Fatalf(""bad: %d"", lock.opts.MonitorRetryTime)
	}

	// Now set a custom time for the test.
	opts.MonitorRetryTime = 250 * time.Millisecond
	lock, err = c.LockOpts(opts)
	if err != nil {
		t.Fatalf(""err: %v"", err)
	}
	if lock.opts.MonitorRetryTime != 250*time.Millisecond {
		t.Fatalf(""bad: %d"", lock.opts.MonitorRetryTime)
	}

	// Should get the lock.
	leaderCh, err := lock.Lock(nil)
	if err != nil {
		t.Fatalf(""err: %v"", err)
	}
	if leaderCh == nil {
		t.Fatalf(""not leader"")
	}

	// Poke the key using the raw client to force the monitor to wake up
	// and check the lock again. This time we will return errors for some
	// of the responses.
	mutex.Lock()
	errors = 2
	mutex.Unlock()
	pair, _, err := raw.KV().Get(""test/lock"", &QueryOptions{})
	if err != nil {
		t.Fatalf(""err: %v"", err)
	}
	if _, err := raw.KV().Put(pair, &WriteOptions{}); err != nil {
		t.Fatalf(""err: %v"", err)
	}
	time.Sleep(5 * opts.MonitorRetryTime)

	// Should still be the leader.
	select {
	case <-leaderCh:
		t.Fatalf(""should be leader"")
	default:
	}

	// Now return an overwhelming number of errors.
	mutex.Lock()
	errors = 10
	mutex.Unlock()
	if _, err := raw.KV().Put(pair, &WriteOptions{}); err != nil {
		t.Fatalf(""err: %v"", err)
	}
	time.Sleep(5 * opts.MonitorRetryTime)

	// Should lose leadership.
	select {
	case <-leaderCh:
	case <-time.After(time.Second):
		t.Fatalf(""should not be leader"")
	}
}

func TestAPI_LockOneShot(t *testing.T) {
	t.Parallel()
	c, s := makeClient(t)
	defer s.Stop()

	// Set up a lock as a one-shot.
	opts := &LockOptions{
		Key:         ""test/lock"",
		LockTryOnce: true,
	}
	lock, err := c.LockOpts(opts)
	if err != nil {
		t.Fatalf(""err: %v"", err)
	}

	// Make sure the default got set.
	if lock.opts.LockWaitTime != DefaultLockWaitTime {
		t.Fatalf(""bad: %d"", lock.opts.LockWaitTime)
	}

	// Now set a custom time for the test.
	opts.LockWaitTime = 250 * time.Millisecond
	lock, err = c.LockOpts(opts)
	if err != nil {
		t.Fatalf(""err: %v"", err)
	}
	if lock.opts.LockWaitTime != 250*time.Millisecond {
		t.Fatalf(""bad: %d"", lock.opts.LockWaitTime)
	}

	// Should get the lock.
	ch, err := lock.Lock(nil)
	if err != nil {
		t.Fatalf(""err: %v"", err)
	}
	if ch == nil {
		t.Fatalf(""not leader"")
	}

	// Now try with another session.
	contender, err := c.LockOpts(opts)
	if err != nil {
		t.Fatalf(""err: %v"", err)
	}
	start := time.Now()
	ch, err = contender.Lock(nil)
	if err != nil {
		t.Fatalf(""err: %v"", err)
	}
	if ch != nil {
		t.Fatalf(""should not be leader"")
	}
	diff := time.Now().Sub(start)
	if diff < contender.opts.LockWaitTime || diff > 2*contender.opts.LockWaitTime {
		t.Fatalf(""time out of bounds: %9.6f"", diff.Seconds())
	}

	// Unlock and then make sure the contender can get it.
	if err := lock.Unlock(); err != nil {
		t.Fatalf(""err: %v"", err)
	}
	ch, err = contender.Lock(nil)
	if err != nil {
		t.Fatalf(""err: %v"", err)
	}
	if ch == nil {
		t.Fatalf(""should be leader"")
	}
}","if leaderCh == nil {
				t.Fatalf(""not leader"")
			}

			// Mark as acquired
			acquired[idx] = true

			// Wait for the leaderCh to close, indicating we lost leadership
			<-leaderCh

			// Should not be leader anymore
			err = lock.Unlock()
			if err != ErrLockNotHeld {
				t.Fatalf(""err: %v"", err)
			}
		}(idx)
	}

	// Wait for all goroutines to finish
	wg.Wait()

	// Exactly one should have acquired the lock
	acquiredCount := 0
	for _, a := range acquired {
		if a {
			acquiredCount++
		}
	}
	if acquiredCount != 1 {
		t.Fatalf(""expected exactly one to acquire lock, got %d"", acquiredCount)
	}
}"
qwen,Qwen/Qwen3-30B-A3B-Instruct-2507:nebius,go,GPL-3.0,vendor::github.com::hashicorp::consul::api::lock_test.go,561,0.4,0,0.1742857142857143,"			}
			if leaderCh == nil {
				t.Fatalf(""not leader"")
			}
			defer lock.Unlock()
			log.Printf(""Contender %d acquired"", idx)

			// Set acquired and then leave
			acquired[idx] = true
		}(idx)
	}

	// Wait for termination
	doneCh := make(chan struct{})
	go func() {
		wg.Wait()
		close(doneCh)
	}()

	// Wait for everybody to get a turn
	select {
	case <-doneCh:
	case <-time.After(3 * DefaultLockRetryTime):
		t.Fatalf(""timeout"")
	}

	for idx, did := range acquired {
		if !did {
			t.Fatalf(""contender %d never acquired"", idx)
		}
	}
}

func TestAPI_LockDestroy(t *testing.T) {
	t.Parallel()
	c, s := makeClient(t)
	defer s.Stop()

	lock, err := c.LockKey(""test/lock"")
	if err != nil {
		t.Fatalf(""err: %v"", err)
	}

	// Should work
	leaderCh, err := lock.Lock(nil)
	if err != nil {
		t.Fatalf(""err: %v"", err)
	}
	if leaderCh == nil {
		t.Fatalf(""not leader"")
	}

	// Destroy should fail
	if err := lock.Destroy(); err != ErrLockHeld {
		t.Fatalf(""err: %v"", err)
	}

	// Should be able to release
	err = lock.Unlock()
	if err != nil {
		t.Fatalf(""err: %v"", err)
	}

	// Acquire with a different lock
	l2, err := c.LockKey(""test/lock"")
	if err != nil {
		t.Fatalf(""err: %v"", err)
	}

	// Should work
	leaderCh, err = l2.Lock(nil)
	if err != nil {
		t.Fatalf(""err: %v"", err)
	}
	if leaderCh == nil {
		t.Fatalf(""not leader"")
	}

	// Destroy should still fail
	if err := lock.Destroy(); err != ErrLockInUse {
		t.Fatalf(""err: %v"", err)
	}

	// Should release
	err = l2.Unlock()
	if err != nil {
		t.Fatalf(""err: %v"", err)
	}

	// Destroy should work
	err = lock.Destroy()
	if err != nil {
		t.Fatalf(""err: %v"", err)
	}

	// Double destroy should work
	err = l2.Destroy()
	if err != nil {
		t.Fatalf(""err: %v"", err)
	}
}

func TestAPI_LockConflict(t *testing.T) {
	t.Parallel()
	c, s := makeClient(t)
	defer s.Stop()

	sema, err := c.SemaphorePrefix(""test/lock/"", 2)
	if err != nil {
		t.Fatalf(""err: %v"", err)
	}

	// Should work
	lockCh, err := sema.Acquire(nil)
	if err != nil {
		t.Fatalf(""err: %v"", err)
	}
	if lockCh == nil {
		t.Fatalf(""not hold"")
	}
	defer sema.Release()

	lock, err := c.LockKey(""test/lock/.lock"")
	if err != nil {
		t.Fatalf(""err: %v"", err)
	}

	// Should conflict with semaphore
	_, err = lock.Lock(nil)
	if err != ErrLockConflict {
		t.Fatalf(""err: %v"", err)
	}

	// Should conflict with semaphore
	err = lock.Destroy()
	if err != ErrLockConflict {
		t.Fatalf(""err: %v"", err)
	}
}

func TestAPI_LockReclaimLock(t *testing.T) {
	t.Parallel()
	c, s := makeClient(t)
	defer s.Stop()

	session, _, err := c.Session().Create(&SessionEntry{}, nil)
	if err != nil {
		t.Fatalf(""err: %v"", err)
	}

	lock, err := c.LockOpts(&LockOptions{Key: ""test/lock"", Session: session})
	if err != nil {
		t.Fatalf(""err: %v"", err)
	}

	// Should work
	leaderCh, err := lock.Lock(nil)
	if err != nil {
		t.Fatalf(""err: %v"", err)
	}
	if leaderCh == nil {
		t.Fatalf(""not leader"")
	}
	defer lock.Unlock()

	l2, err := c.LockOpts(&LockOptions{Key: ""test/lock"", Session: session})
	if err != nil {
		t.Fatalf(""err: %v"", err)
	}

	reclaimed := make(chan (<-chan struct{}), 1)
	go func() {
		l2Ch, err := l2.Lock(nil)
		if err != nil {
			t.Fatalf(""not locked: %v"", err)
		}
		reclaimed <- l2Ch
	}()

	// Should reclaim the lock
	var leader2Ch <-chan struct{}

	select {
	case leader2Ch = <-reclaimed:
	case <-time.After(time.Second):
		t.Fatalf(""should have locked"")
	}

	// unlock should work
	err = l2.Unlock()
	if err != nil {
		t.Fatalf(""err: %v"", err)
	}

	//Both locks should see the unlock
	select {
	case <-leader2Ch:
	case <-time.After(time.Second):
		t.Fatalf(""should not be leader"")
	}

	select {
	case <-leaderCh:
	case <-time.After(time.Second):
		t.Fatalf(""should not be leader"")
	}
}

func TestAPI_LockMonitorRetry(t *testing.T) {
	t.Parallel()
	raw, s := makeClient(t)
	defer s.Stop()

	// Set up a server that always responds with 500 errors.
	failer := func(w http.ResponseWriter, req *http.Request) {
		w.WriteHeader(500)
	}
	outage := httptest.NewServer(http.HandlerFunc(failer))
	defer outage.Close()

	// Set up a reverse proxy that will send some requests to the
	// 500 server and pass everything else through to the real Consul
	// server.
	var mutex sync.Mutex
	errors := 0
	director := func(req *http.Request) {
		mutex.Lock()
		defer mutex.Unlock()

		req.URL.Scheme = ""http""
		if errors > 0 && req.Method == ""GET"" && strings.Contains(req.URL.Path, ""/v1/kv/test/lock"") {
			req.URL.Host = outage.URL[7:] // Strip off ""http://"".
			errors--
		} else {
			req.URL.Host = raw.config.Address
		}
	}
	proxy := httptest.NewServer(&httputil.ReverseProxy{Director: director})
	defer proxy.Close()

	// Make another client that points at the proxy instead of the real
	// Consul server.
	config := raw.config
	config.Address = proxy.URL[7:] // Strip off ""http://"".
	c, err := NewClient(&config)
	if err != nil {
		t.Fatalf(""err: %v"", err)
	}

	// Set up a lock with retries enabled.
	opts := &LockOptions{
		Key:            ""test/lock"",
		SessionTTL:     ""60s"",
		MonitorRetries: 3,
	}
	lock, err := c.LockOpts(opts)
	if err != nil {
		t.Fatalf(""err: %v"", err)
	}

	// Make sure the default got set.
	if lock.opts.MonitorRetryTime != DefaultMonitorRetryTime {
		t.Fatalf(""bad: %d"", lock.opts.MonitorRetryTime)
	}

	// Now set a custom time for the test.
	opts.MonitorRetryTime = 250 * time.Millisecond
	lock, err = c.LockOpts(opts)
	if err != nil {
		t.Fatalf(""err: %v"", err)
	}
	if lock.opts.MonitorRetryTime != 250*time.Millisecond {
		t.Fatalf(""bad: %d"", lock.opts.MonitorRetryTime)
	}

	// Should get the lock.
	leaderCh, err := lock.Lock(nil)
	if err != nil {
		t.Fatalf(""err: %v"", err)
	}
	if leaderCh == nil {
		t.Fatalf(""not leader"")
	}

	// Poke the key using the raw client to force the monitor to wake up
	// and check the lock again. This time we will return errors for some
	// of the responses.
	mutex.Lock()
	errors = 2
	mutex.Unlock()
	pair, _, err := raw.KV().Get(""test/lock"", &QueryOptions{})
	if err != nil {
		t.Fatalf(""err: %v"", err)
	}
	if _, err := raw.KV().Put(pair, &WriteOptions{}); err != nil {
		t.Fatalf(""err: %v"", err)
	}
	time.Sleep(5 * opts.MonitorRetryTime)

	// Should still be the leader.
	select {
	case <-leaderCh:
		t.Fatalf(""should be leader"")
	default:
	}

	// Now return an overwhelming number of errors.
	mutex.Lock()
	errors = 10
	mutex.Unlock()
	if _, err := raw.KV().Put(pair, &WriteOptions{}); err != nil {
		t.Fatalf(""err: %v"", err)
	}
	time.Sleep(5 * opts.MonitorRetryTime)

	// Should lose leadership.
	select {
	case <-leaderCh:
	case <-time.After(time.Second):
		t.Fatalf(""should not be leader"")
	}
}

func TestAPI_LockOneShot(t *testing.T) {
	t.Parallel()
	c, s := makeClient(t)
	defer s.Stop()

	// Set up a lock as a one-shot.
	opts := &LockOptions{
		Key:         ""test/lock"",
		LockTryOnce: true,
	}
	lock, err := c.LockOpts(opts)
	if err != nil {
		t.Fatalf(""err: %v"", err)
	}

	// Make sure the default got set.
	if lock.opts.LockWaitTime != DefaultLockWaitTime {
		t.Fatalf(""bad: %d"", lock.opts.LockWaitTime)
	}

	// Now set a custom time for the test.
	opts.LockWaitTime = 250 * time.Millisecond
	lock, err = c.LockOpts(opts)
	if err != nil {
		t.Fatalf(""err: %v"", err)
	}
	if lock.opts.LockWaitTime != 250*time.Millisecond {
		t.Fatalf(""bad: %d"", lock.opts.LockWaitTime)
	}

	// Should get the lock.
	ch, err := lock.Lock(nil)
	if err != nil {
		t.Fatalf(""err: %v"", err)
	}
	if ch == nil {
		t.Fatalf(""not leader"")
	}

	// Now try with another session.
	contender, err := c.LockOpts(opts)
	if err != nil {
		t.Fatalf(""err: %v"", err)
	}
	start := time.Now()
	ch, err = contender.Lock(nil)
	if err != nil {
		t.Fatalf(""err: %v"", err)
	}
	if ch != nil {
		t.Fatalf(""should not be leader"")
	}
	diff := time.Now().Sub(start)
	if diff < contender.opts.LockWaitTime || diff > 2*contender.opts.LockWaitTime {
		t.Fatalf(""time out of bounds: %9.6f"", diff.Seconds())
	}

	// Unlock and then make sure the contender can get it.
	if err := lock.Unlock(); err != nil {
		t.Fatalf(""err: %v"", err)
	}
	ch, err = contender.Lock(nil)
	if err != nil {
		t.Fatalf(""err: %v"", err)
	}
	if ch == nil {
		t.Fatalf(""should be leader"")
	}
}","if leaderCh == nil {
				t.Fatalf(""not leader"")
			}
			defer lock.Unlock()

			select {
			case <-leaderCh:
				acquired[idx] = true
			case <-time.After(10 * time.Second):
				t.Fatalf(""should have acquired lock"")
			}
		}(idx)
	}

	wg.Wait()

	// Only one should have acquired the lock
	acquiredCount := 0
	for _, a := range acquired {
		if a {
			acquiredCount++
		}
	}
	if acquiredCount != 1 {
		t.Fatalf(""expected 1 leader, got %d"", acquiredCount)
	}
}"
qwen,Qwen/Qwen3-30B-A3B-Instruct-2507:nebius,go,GPL-3.0,vendor::github.com::hashicorp::consul::api::lock_test.go,561,0.8,0,0.16809116809116809,"			}
			if leaderCh == nil {
				t.Fatalf(""not leader"")
			}
			defer lock.Unlock()
			log.Printf(""Contender %d acquired"", idx)

			// Set acquired and then leave
			acquired[idx] = true
		}(idx)
	}

	// Wait for termination
	doneCh := make(chan struct{})
	go func() {
		wg.Wait()
		close(doneCh)
	}()

	// Wait for everybody to get a turn
	select {
	case <-doneCh:
	case <-time.After(3 * DefaultLockRetryTime):
		t.Fatalf(""timeout"")
	}

	for idx, did := range acquired {
		if !did {
			t.Fatalf(""contender %d never acquired"", idx)
		}
	}
}

func TestAPI_LockDestroy(t *testing.T) {
	t.Parallel()
	c, s := makeClient(t)
	defer s.Stop()

	lock, err := c.LockKey(""test/lock"")
	if err != nil {
		t.Fatalf(""err: %v"", err)
	}

	// Should work
	leaderCh, err := lock.Lock(nil)
	if err != nil {
		t.Fatalf(""err: %v"", err)
	}
	if leaderCh == nil {
		t.Fatalf(""not leader"")
	}

	// Destroy should fail
	if err := lock.Destroy(); err != ErrLockHeld {
		t.Fatalf(""err: %v"", err)
	}

	// Should be able to release
	err = lock.Unlock()
	if err != nil {
		t.Fatalf(""err: %v"", err)
	}

	// Acquire with a different lock
	l2, err := c.LockKey(""test/lock"")
	if err != nil {
		t.Fatalf(""err: %v"", err)
	}

	// Should work
	leaderCh, err = l2.Lock(nil)
	if err != nil {
		t.Fatalf(""err: %v"", err)
	}
	if leaderCh == nil {
		t.Fatalf(""not leader"")
	}

	// Destroy should still fail
	if err := lock.Destroy(); err != ErrLockInUse {
		t.Fatalf(""err: %v"", err)
	}

	// Should release
	err = l2.Unlock()
	if err != nil {
		t.Fatalf(""err: %v"", err)
	}

	// Destroy should work
	err = lock.Destroy()
	if err != nil {
		t.Fatalf(""err: %v"", err)
	}

	// Double destroy should work
	err = l2.Destroy()
	if err != nil {
		t.Fatalf(""err: %v"", err)
	}
}

func TestAPI_LockConflict(t *testing.T) {
	t.Parallel()
	c, s := makeClient(t)
	defer s.Stop()

	sema, err := c.SemaphorePrefix(""test/lock/"", 2)
	if err != nil {
		t.Fatalf(""err: %v"", err)
	}

	// Should work
	lockCh, err := sema.Acquire(nil)
	if err != nil {
		t.Fatalf(""err: %v"", err)
	}
	if lockCh == nil {
		t.Fatalf(""not hold"")
	}
	defer sema.Release()

	lock, err := c.LockKey(""test/lock/.lock"")
	if err != nil {
		t.Fatalf(""err: %v"", err)
	}

	// Should conflict with semaphore
	_, err = lock.Lock(nil)
	if err != ErrLockConflict {
		t.Fatalf(""err: %v"", err)
	}

	// Should conflict with semaphore
	err = lock.Destroy()
	if err != ErrLockConflict {
		t.Fatalf(""err: %v"", err)
	}
}

func TestAPI_LockReclaimLock(t *testing.T) {
	t.Parallel()
	c, s := makeClient(t)
	defer s.Stop()

	session, _, err := c.Session().Create(&SessionEntry{}, nil)
	if err != nil {
		t.Fatalf(""err: %v"", err)
	}

	lock, err := c.LockOpts(&LockOptions{Key: ""test/lock"", Session: session})
	if err != nil {
		t.Fatalf(""err: %v"", err)
	}

	// Should work
	leaderCh, err := lock.Lock(nil)
	if err != nil {
		t.Fatalf(""err: %v"", err)
	}
	if leaderCh == nil {
		t.Fatalf(""not leader"")
	}
	defer lock.Unlock()

	l2, err := c.LockOpts(&LockOptions{Key: ""test/lock"", Session: session})
	if err != nil {
		t.Fatalf(""err: %v"", err)
	}

	reclaimed := make(chan (<-chan struct{}), 1)
	go func() {
		l2Ch, err := l2.Lock(nil)
		if err != nil {
			t.Fatalf(""not locked: %v"", err)
		}
		reclaimed <- l2Ch
	}()

	// Should reclaim the lock
	var leader2Ch <-chan struct{}

	select {
	case leader2Ch = <-reclaimed:
	case <-time.After(time.Second):
		t.Fatalf(""should have locked"")
	}

	// unlock should work
	err = l2.Unlock()
	if err != nil {
		t.Fatalf(""err: %v"", err)
	}

	//Both locks should see the unlock
	select {
	case <-leader2Ch:
	case <-time.After(time.Second):
		t.Fatalf(""should not be leader"")
	}

	select {
	case <-leaderCh:
	case <-time.After(time.Second):
		t.Fatalf(""should not be leader"")
	}
}

func TestAPI_LockMonitorRetry(t *testing.T) {
	t.Parallel()
	raw, s := makeClient(t)
	defer s.Stop()

	// Set up a server that always responds with 500 errors.
	failer := func(w http.ResponseWriter, req *http.Request) {
		w.WriteHeader(500)
	}
	outage := httptest.NewServer(http.HandlerFunc(failer))
	defer outage.Close()

	// Set up a reverse proxy that will send some requests to the
	// 500 server and pass everything else through to the real Consul
	// server.
	var mutex sync.Mutex
	errors := 0
	director := func(req *http.Request) {
		mutex.Lock()
		defer mutex.Unlock()

		req.URL.Scheme = ""http""
		if errors > 0 && req.Method == ""GET"" && strings.Contains(req.URL.Path, ""/v1/kv/test/lock"") {
			req.URL.Host = outage.URL[7:] // Strip off ""http://"".
			errors--
		} else {
			req.URL.Host = raw.config.Address
		}
	}
	proxy := httptest.NewServer(&httputil.ReverseProxy{Director: director})
	defer proxy.Close()

	// Make another client that points at the proxy instead of the real
	// Consul server.
	config := raw.config
	config.Address = proxy.URL[7:] // Strip off ""http://"".
	c, err := NewClient(&config)
	if err != nil {
		t.Fatalf(""err: %v"", err)
	}

	// Set up a lock with retries enabled.
	opts := &LockOptions{
		Key:            ""test/lock"",
		SessionTTL:     ""60s"",
		MonitorRetries: 3,
	}
	lock, err := c.LockOpts(opts)
	if err != nil {
		t.Fatalf(""err: %v"", err)
	}

	// Make sure the default got set.
	if lock.opts.MonitorRetryTime != DefaultMonitorRetryTime {
		t.Fatalf(""bad: %d"", lock.opts.MonitorRetryTime)
	}

	// Now set a custom time for the test.
	opts.MonitorRetryTime = 250 * time.Millisecond
	lock, err = c.LockOpts(opts)
	if err != nil {
		t.Fatalf(""err: %v"", err)
	}
	if lock.opts.MonitorRetryTime != 250*time.Millisecond {
		t.Fatalf(""bad: %d"", lock.opts.MonitorRetryTime)
	}

	// Should get the lock.
	leaderCh, err := lock.Lock(nil)
	if err != nil {
		t.Fatalf(""err: %v"", err)
	}
	if leaderCh == nil {
		t.Fatalf(""not leader"")
	}

	// Poke the key using the raw client to force the monitor to wake up
	// and check the lock again. This time we will return errors for some
	// of the responses.
	mutex.Lock()
	errors = 2
	mutex.Unlock()
	pair, _, err := raw.KV().Get(""test/lock"", &QueryOptions{})
	if err != nil {
		t.Fatalf(""err: %v"", err)
	}
	if _, err := raw.KV().Put(pair, &WriteOptions{}); err != nil {
		t.Fatalf(""err: %v"", err)
	}
	time.Sleep(5 * opts.MonitorRetryTime)

	// Should still be the leader.
	select {
	case <-leaderCh:
		t.Fatalf(""should be leader"")
	default:
	}

	// Now return an overwhelming number of errors.
	mutex.Lock()
	errors = 10
	mutex.Unlock()
	if _, err := raw.KV().Put(pair, &WriteOptions{}); err != nil {
		t.Fatalf(""err: %v"", err)
	}
	time.Sleep(5 * opts.MonitorRetryTime)

	// Should lose leadership.
	select {
	case <-leaderCh:
	case <-time.After(time.Second):
		t.Fatalf(""should not be leader"")
	}
}

func TestAPI_LockOneShot(t *testing.T) {
	t.Parallel()
	c, s := makeClient(t)
	defer s.Stop()

	// Set up a lock as a one-shot.
	opts := &LockOptions{
		Key:         ""test/lock"",
		LockTryOnce: true,
	}
	lock, err := c.LockOpts(opts)
	if err != nil {
		t.Fatalf(""err: %v"", err)
	}

	// Make sure the default got set.
	if lock.opts.LockWaitTime != DefaultLockWaitTime {
		t.Fatalf(""bad: %d"", lock.opts.LockWaitTime)
	}

	// Now set a custom time for the test.
	opts.LockWaitTime = 250 * time.Millisecond
	lock, err = c.LockOpts(opts)
	if err != nil {
		t.Fatalf(""err: %v"", err)
	}
	if lock.opts.LockWaitTime != 250*time.Millisecond {
		t.Fatalf(""bad: %d"", lock.opts.LockWaitTime)
	}

	// Should get the lock.
	ch, err := lock.Lock(nil)
	if err != nil {
		t.Fatalf(""err: %v"", err)
	}
	if ch == nil {
		t.Fatalf(""not leader"")
	}

	// Now try with another session.
	contender, err := c.LockOpts(opts)
	if err != nil {
		t.Fatalf(""err: %v"", err)
	}
	start := time.Now()
	ch, err = contender.Lock(nil)
	if err != nil {
		t.Fatalf(""err: %v"", err)
	}
	if ch != nil {
		t.Fatalf(""should not be leader"")
	}
	diff := time.Now().Sub(start)
	if diff < contender.opts.LockWaitTime || diff > 2*contender.opts.LockWaitTime {
		t.Fatalf(""time out of bounds: %9.6f"", diff.Seconds())
	}

	// Unlock and then make sure the contender can get it.
	if err := lock.Unlock(); err != nil {
		t.Fatalf(""err: %v"", err)
	}
	ch, err = contender.Lock(nil)
	if err != nil {
		t.Fatalf(""err: %v"", err)
	}
	if ch == nil {
		t.Fatalf(""should be leader"")
	}
}","if leaderCh == nil {
				t.Fatalf(""not leader"")
			}

			// Ensure we only acquire once
			if acquired[idx] {
				t.Fatalf(""should not acquire multiple times"")
			}
			acquired[idx] = true

			// Keep the lock for a while
			select {
			case <-leaderCh:
			case <-time.After(10 * time.Second):
				t.Fatalf(""should be leader"")
			}
		}(idx)
	}

	wg.Wait()

	// Only one should have acquired the lock
	acquiredCount := 0
	for _, a := range acquired {
		if a {
			acquiredCount++
		}
	}
	if acquiredCount != 1 {
		t.Fatalf(""expected 1 acquired, got %d"", acquiredCount)
	}
}"
qwen,Qwen/Qwen3-30B-A3B-Instruct-2507:nebius,go,GPL-3.0,vendor::github.com::mattermost::mattermost-server::utils::httpclient.go,61,0.2,0,0.5102040816326531,"// It uses a Transport with the same settings as the default Transport
// but with the following modifications:
// - shorter timeout for dial and TLS handshake (defined as constant
//   ""connectTimeout"")
// - timeout for the end-to-end request (defined as constant
//   ""requestTimeout"")
// - skipping server certificate check if specified in ""config.json""
//   via ""ServiceSettings.EnableInsecureOutgoingConnections""
func HttpClient() *http.Client {
	if Cfg.ServiceSettings.EnableInsecureOutgoingConnections != nil && *Cfg.ServiceSettings.EnableInsecureOutgoingConnections {
		return insecureHttpClient
	}
	return secureHttpClient
}

var (
	secureHttpClient   = createHttpClient(false)
	insecureHttpClient = createHttpClient(true)
)

func createHttpClient(enableInsecureConnections bool) *http.Client {
	client := &http.Client{
		Transport: &http.Transport{
			Proxy: http.ProxyFromEnvironment,
			DialContext: (&net.Dialer{
				Timeout:   connectTimeout,
				KeepAlive: 30 * time.Second,
				DualStack: true,
			}).DialContext,
			MaxIdleConns:          100,
			IdleConnTimeout:       90 * time.Second,
			TLSHandshakeTimeout:   connectTimeout,
			ExpectContinueTimeout: 1 * time.Second,
			TLSClientConfig: &tls.Config{
				InsecureSkipVerify: enableInsecureConnections,
			},
		},
		Timeout: requestTimeout,
	}

	return client
}","func HttpClient() *http.Client {
	return &http.Client{
		Timeout: requestTimeout,
		Transport: &http.Transport{
			DialContext: (&net.Dialer{
				Timeout:   connectTimeout,
				KeepAlive: 30 * time.Second,
			}).DialContext,
			TLSClientConfig: &tls.Config{
				MinVersion: tls.VersionTLS12,
			},
			MaxIdleConns:          100,
			IdleConnTimeout:       90 * time.Second,
			TLSHandshakeTimeout:   10 * time.Second,
			ResponseHeaderTimeout: 10 * time.Second,
			ExpectContinueTimeout: 1 * time.Second,
		},
	}
}"
qwen,Qwen/Qwen3-30B-A3B-Instruct-2507:nebius,go,GPL-3.0,vendor::github.com::mattermost::mattermost-server::utils::httpclient.go,61,0.4,0,0.4948453608247423,"// It uses a Transport with the same settings as the default Transport
// but with the following modifications:
// - shorter timeout for dial and TLS handshake (defined as constant
//   ""connectTimeout"")
// - timeout for the end-to-end request (defined as constant
//   ""requestTimeout"")
// - skipping server certificate check if specified in ""config.json""
//   via ""ServiceSettings.EnableInsecureOutgoingConnections""
func HttpClient() *http.Client {
	if Cfg.ServiceSettings.EnableInsecureOutgoingConnections != nil && *Cfg.ServiceSettings.EnableInsecureOutgoingConnections {
		return insecureHttpClient
	}
	return secureHttpClient
}

var (
	secureHttpClient   = createHttpClient(false)
	insecureHttpClient = createHttpClient(true)
)

func createHttpClient(enableInsecureConnections bool) *http.Client {
	client := &http.Client{
		Transport: &http.Transport{
			Proxy: http.ProxyFromEnvironment,
			DialContext: (&net.Dialer{
				Timeout:   connectTimeout,
				KeepAlive: 30 * time.Second,
				DualStack: true,
			}).DialContext,
			MaxIdleConns:          100,
			IdleConnTimeout:       90 * time.Second,
			TLSHandshakeTimeout:   connectTimeout,
			ExpectContinueTimeout: 1 * time.Second,
			TLSClientConfig: &tls.Config{
				InsecureSkipVerify: enableInsecureConnections,
			},
		},
		Timeout: requestTimeout,
	}

	return client
}","func HttpClient() *http.Client {
	transport := &http.Transport{
		DialContext: (&net.Dialer{
			Timeout:   connectTimeout,
			KeepAlive: 30 * time.Second,
		}).DialContext,
		TLSClientConfig: &tls.Config{
			MinVersion: tls.VersionTLS12,
		},
		MaxIdleConns:        100,
		IdleConnTimeout:     90 * time.Second,
		TLSHandshakeTimeout: 10 * time.Second,
		MaxIdleConnsPerHost: 10,
	}

	return &http.Client{
		Transport: transport,
		Timeout:   requestTimeout,
	}
}"
qwen,Qwen/Qwen3-30B-A3B-Instruct-2507:nebius,go,GPL-3.0,vendor::github.com::mattermost::mattermost-server::utils::httpclient.go,61,0.8,0,0.4838709677419355,"// It uses a Transport with the same settings as the default Transport
// but with the following modifications:
// - shorter timeout for dial and TLS handshake (defined as constant
//   ""connectTimeout"")
// - timeout for the end-to-end request (defined as constant
//   ""requestTimeout"")
// - skipping server certificate check if specified in ""config.json""
//   via ""ServiceSettings.EnableInsecureOutgoingConnections""
func HttpClient() *http.Client {
	if Cfg.ServiceSettings.EnableInsecureOutgoingConnections != nil && *Cfg.ServiceSettings.EnableInsecureOutgoingConnections {
		return insecureHttpClient
	}
	return secureHttpClient
}

var (
	secureHttpClient   = createHttpClient(false)
	insecureHttpClient = createHttpClient(true)
)

func createHttpClient(enableInsecureConnections bool) *http.Client {
	client := &http.Client{
		Transport: &http.Transport{
			Proxy: http.ProxyFromEnvironment,
			DialContext: (&net.Dialer{
				Timeout:   connectTimeout,
				KeepAlive: 30 * time.Second,
				DualStack: true,
			}).DialContext,
			MaxIdleConns:          100,
			IdleConnTimeout:       90 * time.Second,
			TLSHandshakeTimeout:   connectTimeout,
			ExpectContinueTimeout: 1 * time.Second,
			TLSClientConfig: &tls.Config{
				InsecureSkipVerify: enableInsecureConnections,
			},
		},
		Timeout: requestTimeout,
	}

	return client
}","func HttpClient() *http.Client {
	return &http.Client{
		Timeout: requestTimeout,
		Transport: &http.Transport{
			DialContext: (&net.Dialer{
				Timeout: connectTimeout,
			}).DialContext,
			TLSClientConfig: &tls.Config{
				MinVersion: tls.VersionTLS12,
			},
			MaxIdleConns:        100,
			IdleConnTimeout:     90 * time.Second,
			TLSHandshakeTimeout: 10 * time.Second,
			ExpectContinueTimeout: 1 * time.Second,
		},
	}
}"
qwen,Qwen/Qwen3-30B-A3B-Instruct-2507:nebius,go,GPL-3.0,net::basic_test.go,219,0.2,0,0.0,"				}`,
				Explanation: ""good config"",
			},
		},
	}

	test.Run(t)
}

func TestBasicListenerBehavior(t *testing.T) {
	var nl net.Listener
	var e error
	nl, e = net.Listen(""tcp"", "":0"")
	assert.NoError(
		t,
		e,
		""Attempting to create a valid basic listener should not""+
			"" produce an error, but an error was produced."",
	)
	assert.NotNil(
		t,
		nl,
		""Attempting to create a valid basic listener should produce""+
			"" a non-nil listener, but a nil listener was produced."",
	)

	l := &BasicListener{nl}

	if l == nil {
		return
	}

	defer func() {
		err := l.Close()
		assert.NoError(
			t,
			err,
			""Attempting to close a basic listener should not""+
				"" produce an error, but an error was produced."",
		)
	}()

	addr := l.Addr()
	assert.NotNil(
		t,
		addr,
		""Attempting to get the address from a basic listener should""+
			"" return a non-nil address, but a nil address was returned."",
	)

	if addr == nil {
		return
	}

	expected := ""testing""

	done := make(chan interface{})
	defer func(done <-chan interface{}) {
		<-done
	}(done)

	go func(
		t *testing.T,
		l *BasicListener,
		expected string,
		done chan<- interface{},
	) {
		defer func(done chan<- interface{}) {
			close(done)
		}(done)

		c, err := l.Accept()
		assert.NoError(
			t,
			err,
			""Attempting to accept a connection from a valid""+
				"" basic listener should not produce an error, but an""+
				"" error was produced."",
		)
		assert.NotNil(
			t,
			c,
			""Attempting to accept a connection from a valid""+
				"" basic listener should produce a non-nil""+
				"" connection, but a nil connection was produced."",
		)
		if c == nil {
			return
		}

		b := new(bytes.Buffer)

		_, err = b.ReadFrom(c)
		assert.NoError(
			t,
			err,
			""Attempting to read from an accepted connection that""+
				"" came from a valid basic listener should not""+
				"" produce an error, but an error was produced."",
		)

		actual := b.String()
		assert.Equal(
			t,
			expected,
			actual,
			""Attempting to transmit data through a basic""+
				"" listener should not result in alterred data, but""+
				"" the actual data received was not identical to the""+
				"" data expected to have been sent."",
		)
	}(t, l, expected, done)

	var c net.Conn
	c, e = net.Dial(addr.Network(), addr.String())
	assert.NoError(
		t,
		e,
		""Attempting to connect as a client to a basic listener""+
			"" should not produce an error, but an error was produced."",
	)
	assert.NotNil(
		t,
		c,
		""Attempting to connect as a client to a basic listener""+
			"" should produce a non-nil connection, but a nil connection""+
			"" was produced."",
	)

	if c == nil {
		return
	}

	defer func(t *testing.T, c net.Conn) {
		err := c.Close()
		assert.NoError(
			t,
			err,
			""Attempting to close a client connection to a basic""+
				"" listener should not produce an error, but an error""+
				"" was produced."",
		)
	}(t, c)

	_, e = c.Write([]byte(expected))
	assert.NoError(
		t,
		e,
		""Attempting to write to a client connection of a basic""+
			"" listener should not produce an error, but an error was""+
			"" produced."",
	)
}","}`,
				Explanation: ""valid tcp config with port 0"",
			},
			{
				Data: `{
					""proto"": ""tcp4"",
					""laddr"": ""127.0.0.1:0""
				}`,
				Explanation: ""valid tcp4 config with loopback and port 0"",
			},
			{
				Data: `{
					""proto"": ""tcp6"",
					""laddr"": ""[::1]:0""
				}`,
				Explanation: ""valid tcp6 config with IPv6 loopback and port 0"",
			},
			{
				Data: `{
					""proto"": ""udp"",
					""laddr"": "":0""
				}`,
				Explanation: ""valid udp config with port 0"",
			},
			{
				Data: `{
					""proto"": ""unix"",
					""laddr"": ""/tmp/test.sock""
				}`,
				Explanation: ""valid unix config with absolute path"",
			},
		},
	}

	test.Run(t)
}"
qwen,Qwen/Qwen3-30B-A3B-Instruct-2507:nebius,go,GPL-3.0,net::basic_test.go,219,0.4,0,0.0,"				}`,
				Explanation: ""good config"",
			},
		},
	}

	test.Run(t)
}

func TestBasicListenerBehavior(t *testing.T) {
	var nl net.Listener
	var e error
	nl, e = net.Listen(""tcp"", "":0"")
	assert.NoError(
		t,
		e,
		""Attempting to create a valid basic listener should not""+
			"" produce an error, but an error was produced."",
	)
	assert.NotNil(
		t,
		nl,
		""Attempting to create a valid basic listener should produce""+
			"" a non-nil listener, but a nil listener was produced."",
	)

	l := &BasicListener{nl}

	if l == nil {
		return
	}

	defer func() {
		err := l.Close()
		assert.NoError(
			t,
			err,
			""Attempting to close a basic listener should not""+
				"" produce an error, but an error was produced."",
		)
	}()

	addr := l.Addr()
	assert.NotNil(
		t,
		addr,
		""Attempting to get the address from a basic listener should""+
			"" return a non-nil address, but a nil address was returned."",
	)

	if addr == nil {
		return
	}

	expected := ""testing""

	done := make(chan interface{})
	defer func(done <-chan interface{}) {
		<-done
	}(done)

	go func(
		t *testing.T,
		l *BasicListener,
		expected string,
		done chan<- interface{},
	) {
		defer func(done chan<- interface{}) {
			close(done)
		}(done)

		c, err := l.Accept()
		assert.NoError(
			t,
			err,
			""Attempting to accept a connection from a valid""+
				"" basic listener should not produce an error, but an""+
				"" error was produced."",
		)
		assert.NotNil(
			t,
			c,
			""Attempting to accept a connection from a valid""+
				"" basic listener should produce a non-nil""+
				"" connection, but a nil connection was produced."",
		)
		if c == nil {
			return
		}

		b := new(bytes.Buffer)

		_, err = b.ReadFrom(c)
		assert.NoError(
			t,
			err,
			""Attempting to read from an accepted connection that""+
				"" came from a valid basic listener should not""+
				"" produce an error, but an error was produced."",
		)

		actual := b.String()
		assert.Equal(
			t,
			expected,
			actual,
			""Attempting to transmit data through a basic""+
				"" listener should not result in alterred data, but""+
				"" the actual data received was not identical to the""+
				"" data expected to have been sent."",
		)
	}(t, l, expected, done)

	var c net.Conn
	c, e = net.Dial(addr.Network(), addr.String())
	assert.NoError(
		t,
		e,
		""Attempting to connect as a client to a basic listener""+
			"" should not produce an error, but an error was produced."",
	)
	assert.NotNil(
		t,
		c,
		""Attempting to connect as a client to a basic listener""+
			"" should produce a non-nil connection, but a nil connection""+
			"" was produced."",
	)

	if c == nil {
		return
	}

	defer func(t *testing.T, c net.Conn) {
		err := c.Close()
		assert.NoError(
			t,
			err,
			""Attempting to close a client connection to a basic""+
				"" listener should not produce an error, but an error""+
				"" was produced."",
		)
	}(t, c)

	_, e = c.Write([]byte(expected))
	assert.NoError(
		t,
		e,
		""Attempting to write to a client connection of a basic""+
			"" listener should not produce an error, but an error was""+
			"" produced."",
	)
}","}`,
				Explanation: ""valid TCP config with port 0"",
			},
			{
				Data: `{
					""proto"": ""tcp4"",
					""laddr"": ""127.0.0.1:0""
				}`,
				Explanation: ""valid TCP4 config with localhost and port 0"",
			},
			{
				Data: `{
					""proto"": ""tcp6"",
					""laddr"": ""[::1]:0""
				}`,
				Explanation: ""valid TCP6 config with IPv6 loopback and port 0"",
			},
			{
				Data: `{
					""proto"": ""unix"",
					""laddr"": ""/tmp/test.sock""
				}`,
				Explanation: ""valid Unix domain socket config"",
			},
		},
	}

	test.Run(t)
}"
qwen,Qwen/Qwen3-30B-A3B-Instruct-2507:nebius,go,GPL-3.0,net::basic_test.go,219,0.8,0,0.0,"				}`,
				Explanation: ""good config"",
			},
		},
	}

	test.Run(t)
}

func TestBasicListenerBehavior(t *testing.T) {
	var nl net.Listener
	var e error
	nl, e = net.Listen(""tcp"", "":0"")
	assert.NoError(
		t,
		e,
		""Attempting to create a valid basic listener should not""+
			"" produce an error, but an error was produced."",
	)
	assert.NotNil(
		t,
		nl,
		""Attempting to create a valid basic listener should produce""+
			"" a non-nil listener, but a nil listener was produced."",
	)

	l := &BasicListener{nl}

	if l == nil {
		return
	}

	defer func() {
		err := l.Close()
		assert.NoError(
			t,
			err,
			""Attempting to close a basic listener should not""+
				"" produce an error, but an error was produced."",
		)
	}()

	addr := l.Addr()
	assert.NotNil(
		t,
		addr,
		""Attempting to get the address from a basic listener should""+
			"" return a non-nil address, but a nil address was returned."",
	)

	if addr == nil {
		return
	}

	expected := ""testing""

	done := make(chan interface{})
	defer func(done <-chan interface{}) {
		<-done
	}(done)

	go func(
		t *testing.T,
		l *BasicListener,
		expected string,
		done chan<- interface{},
	) {
		defer func(done chan<- interface{}) {
			close(done)
		}(done)

		c, err := l.Accept()
		assert.NoError(
			t,
			err,
			""Attempting to accept a connection from a valid""+
				"" basic listener should not produce an error, but an""+
				"" error was produced."",
		)
		assert.NotNil(
			t,
			c,
			""Attempting to accept a connection from a valid""+
				"" basic listener should produce a non-nil""+
				"" connection, but a nil connection was produced."",
		)
		if c == nil {
			return
		}

		b := new(bytes.Buffer)

		_, err = b.ReadFrom(c)
		assert.NoError(
			t,
			err,
			""Attempting to read from an accepted connection that""+
				"" came from a valid basic listener should not""+
				"" produce an error, but an error was produced."",
		)

		actual := b.String()
		assert.Equal(
			t,
			expected,
			actual,
			""Attempting to transmit data through a basic""+
				"" listener should not result in alterred data, but""+
				"" the actual data received was not identical to the""+
				"" data expected to have been sent."",
		)
	}(t, l, expected, done)

	var c net.Conn
	c, e = net.Dial(addr.Network(), addr.String())
	assert.NoError(
		t,
		e,
		""Attempting to connect as a client to a basic listener""+
			"" should not produce an error, but an error was produced."",
	)
	assert.NotNil(
		t,
		c,
		""Attempting to connect as a client to a basic listener""+
			"" should produce a non-nil connection, but a nil connection""+
			"" was produced."",
	)

	if c == nil {
		return
	}

	defer func(t *testing.T, c net.Conn) {
		err := c.Close()
		assert.NoError(
			t,
			err,
			""Attempting to close a client connection to a basic""+
				"" listener should not produce an error, but an error""+
				"" was produced."",
		)
	}(t, c)

	_, e = c.Write([]byte(expected))
	assert.NoError(
		t,
		e,
		""Attempting to write to a client connection of a basic""+
			"" listener should not produce an error, but an error was""+
			"" produced."",
	)
}","}`,
				Explanation: ""valid TCP config"",
			},
			{
				Data: `{
					""proto"": ""tcp4"",
					""laddr"": "":0""
				}`,
				Explanation: ""valid TCP4 config"",
			},
			{
				Data: `{
					""proto"": ""tcp6"",
					""laddr"": "":0""
				}`,
				Explanation: ""valid TCP6 config"",
			},
			{
				Data: `{
					""proto"": ""unix"",
					""laddr"": ""/tmp/test.sock""
				}`,
				Explanation: ""valid Unix config"",
			},
			{
				Data: `{
					""proto"": ""unixpacket"",
					""laddr"": ""/tmp/test.sock""
				}`,
				Explanation: ""valid Unixpacket config"",
			},
		},
	}

	test.Run(t)
}"
qwen,Qwen/Qwen3-30B-A3B-Instruct-2507:nebius,go,GPL-3.0,antlr::sequence::sequence_base_listener.go,136,0.2,0,1.0,"// EnterQuestionMark is called when production QuestionMark is entered.
func (s *BaseSequenceListener) EnterQuestionMark(ctx *QuestionMarkContext) {}

// ExitQuestionMark is called when production QuestionMark is exited.
func (s *BaseSequenceListener) ExitQuestionMark(ctx *QuestionMarkContext) {}

// EnterHop is called when production Hop is entered.
func (s *BaseSequenceListener) EnterHop(ctx *HopContext) {}

// ExitHop is called when production Hop is exited.
func (s *BaseSequenceListener) ExitHop(ctx *HopContext) {}

// EnterPlus is called when production Plus is entered.
func (s *BaseSequenceListener) EnterPlus(ctx *PlusContext) {}

// ExitPlus is called when production Plus is exited.
func (s *BaseSequenceListener) ExitPlus(ctx *PlusContext) {}

// EnterAsterisk is called when production Asterisk is entered.
func (s *BaseSequenceListener) EnterAsterisk(ctx *AsteriskContext) {}

// ExitAsterisk is called when production Asterisk is exited.
func (s *BaseSequenceListener) ExitAsterisk(ctx *AsteriskContext) {}

// EnterParentheses is called when production Parentheses is entered.
func (s *BaseSequenceListener) EnterParentheses(ctx *ParenthesesContext) {}

// ExitParentheses is called when production Parentheses is exited.
func (s *BaseSequenceListener) ExitParentheses(ctx *ParenthesesContext) {}

// EnterISDHop is called when production ISDHop is entered.
func (s *BaseSequenceListener) EnterISDHop(ctx *ISDHopContext) {}

// ExitISDHop is called when production ISDHop is exited.
func (s *BaseSequenceListener) ExitISDHop(ctx *ISDHopContext) {}

// EnterISDASHop is called when production ISDASHop is entered.
func (s *BaseSequenceListener) EnterISDASHop(ctx *ISDASHopContext) {}

// ExitISDASHop is called when production ISDASHop is exited.
func (s *BaseSequenceListener) ExitISDASHop(ctx *ISDASHopContext) {}

// EnterISDASIFHop is called when production ISDASIFHop is entered.
func (s *BaseSequenceListener) EnterISDASIFHop(ctx *ISDASIFHopContext) {}

// ExitISDASIFHop is called when production ISDASIFHop is exited.
func (s *BaseSequenceListener) ExitISDASIFHop(ctx *ISDASIFHopContext) {}

// EnterISDASIFIFHop is called when production ISDASIFIFHop is entered.
func (s *BaseSequenceListener) EnterISDASIFIFHop(ctx *ISDASIFIFHopContext) {}

// ExitISDASIFIFHop is called when production ISDASIFIFHop is exited.
func (s *BaseSequenceListener) ExitISDASIFIFHop(ctx *ISDASIFIFHopContext) {}

// EnterWildcardISD is called when production WildcardISD is entered.
func (s *BaseSequenceListener) EnterWildcardISD(ctx *WildcardISDContext) {}

// ExitWildcardISD is called when production WildcardISD is exited.
func (s *BaseSequenceListener) ExitWildcardISD(ctx *WildcardISDContext) {}

// EnterISD is called when production ISD is entered.
func (s *BaseSequenceListener) EnterISD(ctx *ISDContext) {}

// ExitISD is called when production ISD is exited.
func (s *BaseSequenceListener) ExitISD(ctx *ISDContext) {}

// EnterWildcardAS is called when production WildcardAS is entered.
func (s *BaseSequenceListener) EnterWildcardAS(ctx *WildcardASContext) {}

// ExitWildcardAS is called when production WildcardAS is exited.
func (s *BaseSequenceListener) ExitWildcardAS(ctx *WildcardASContext) {}

// EnterLegacyAS is called when production LegacyAS is entered.
func (s *BaseSequenceListener) EnterLegacyAS(ctx *LegacyASContext) {}

// ExitLegacyAS is called when production LegacyAS is exited.
func (s *BaseSequenceListener) ExitLegacyAS(ctx *LegacyASContext) {}

// EnterAS is called when production AS is entered.
func (s *BaseSequenceListener) EnterAS(ctx *ASContext) {}

// ExitAS is called when production AS is exited.
func (s *BaseSequenceListener) ExitAS(ctx *ASContext) {}

// EnterWildcardIFace is called when production WildcardIFace is entered.
func (s *BaseSequenceListener) EnterWildcardIFace(ctx *WildcardIFaceContext) {}

// ExitWildcardIFace is called when production WildcardIFace is exited.
func (s *BaseSequenceListener) ExitWildcardIFace(ctx *WildcardIFaceContext) {}

// EnterIFace is called when production IFace is entered.
func (s *BaseSequenceListener) EnterIFace(ctx *IFaceContext) {}

// ExitIFace is called when production IFace is exited.
func (s *BaseSequenceListener) ExitIFace(ctx *IFaceContext) {}","// EnterAtom is called when production Atom is entered.
func (s *BaseSequenceListener) EnterAtom(ctx *AtomContext) {}

// ExitAtom is called when production Atom is exited.
func (s *BaseSequenceListener) ExitAtom(ctx *AtomContext) {}

// EnterStar is called when production Star is entered.
func (s *BaseSequenceListener) EnterStar(ctx *StarContext) {}

// ExitStar is called when production Star is exited.
func (s *BaseSequenceListener) ExitStar(ctx *StarContext) {}

// EnterPlus is called when production Plus is entered.
func (s *BaseSequenceListener) EnterPlus(ctx *PlusContext) {}

// ExitPlus is called when production Plus is exited.
func (s *BaseSequenceListener) ExitPlus(ctx *PlusContext) {}

// EnterQuestion is called when production Question is entered.
func (s *BaseSequenceListener) EnterQuestion(ctx *QuestionContext) {}

// ExitQuestion is called when production Question is exited.
func (s *BaseSequenceListener) ExitQuestion(ctx *QuestionContext) {}

// EnterGroup is called when production Group is entered.
func (s *BaseSequenceListener) EnterGroup(ctx *GroupContext) {}

// ExitGroup is called when production Group is exited.
func ("
qwen,Qwen/Qwen3-30B-A3B-Instruct-2507:nebius,go,GPL-3.0,antlr::sequence::sequence_base_listener.go,136,0.4,0,1.0,"// EnterQuestionMark is called when production QuestionMark is entered.
func (s *BaseSequenceListener) EnterQuestionMark(ctx *QuestionMarkContext) {}

// ExitQuestionMark is called when production QuestionMark is exited.
func (s *BaseSequenceListener) ExitQuestionMark(ctx *QuestionMarkContext) {}

// EnterHop is called when production Hop is entered.
func (s *BaseSequenceListener) EnterHop(ctx *HopContext) {}

// ExitHop is called when production Hop is exited.
func (s *BaseSequenceListener) ExitHop(ctx *HopContext) {}

// EnterPlus is called when production Plus is entered.
func (s *BaseSequenceListener) EnterPlus(ctx *PlusContext) {}

// ExitPlus is called when production Plus is exited.
func (s *BaseSequenceListener) ExitPlus(ctx *PlusContext) {}

// EnterAsterisk is called when production Asterisk is entered.
func (s *BaseSequenceListener) EnterAsterisk(ctx *AsteriskContext) {}

// ExitAsterisk is called when production Asterisk is exited.
func (s *BaseSequenceListener) ExitAsterisk(ctx *AsteriskContext) {}

// EnterParentheses is called when production Parentheses is entered.
func (s *BaseSequenceListener) EnterParentheses(ctx *ParenthesesContext) {}

// ExitParentheses is called when production Parentheses is exited.
func (s *BaseSequenceListener) ExitParentheses(ctx *ParenthesesContext) {}

// EnterISDHop is called when production ISDHop is entered.
func (s *BaseSequenceListener) EnterISDHop(ctx *ISDHopContext) {}

// ExitISDHop is called when production ISDHop is exited.
func (s *BaseSequenceListener) ExitISDHop(ctx *ISDHopContext) {}

// EnterISDASHop is called when production ISDASHop is entered.
func (s *BaseSequenceListener) EnterISDASHop(ctx *ISDASHopContext) {}

// ExitISDASHop is called when production ISDASHop is exited.
func (s *BaseSequenceListener) ExitISDASHop(ctx *ISDASHopContext) {}

// EnterISDASIFHop is called when production ISDASIFHop is entered.
func (s *BaseSequenceListener) EnterISDASIFHop(ctx *ISDASIFHopContext) {}

// ExitISDASIFHop is called when production ISDASIFHop is exited.
func (s *BaseSequenceListener) ExitISDASIFHop(ctx *ISDASIFHopContext) {}

// EnterISDASIFIFHop is called when production ISDASIFIFHop is entered.
func (s *BaseSequenceListener) EnterISDASIFIFHop(ctx *ISDASIFIFHopContext) {}

// ExitISDASIFIFHop is called when production ISDASIFIFHop is exited.
func (s *BaseSequenceListener) ExitISDASIFIFHop(ctx *ISDASIFIFHopContext) {}

// EnterWildcardISD is called when production WildcardISD is entered.
func (s *BaseSequenceListener) EnterWildcardISD(ctx *WildcardISDContext) {}

// ExitWildcardISD is called when production WildcardISD is exited.
func (s *BaseSequenceListener) ExitWildcardISD(ctx *WildcardISDContext) {}

// EnterISD is called when production ISD is entered.
func (s *BaseSequenceListener) EnterISD(ctx *ISDContext) {}

// ExitISD is called when production ISD is exited.
func (s *BaseSequenceListener) ExitISD(ctx *ISDContext) {}

// EnterWildcardAS is called when production WildcardAS is entered.
func (s *BaseSequenceListener) EnterWildcardAS(ctx *WildcardASContext) {}

// ExitWildcardAS is called when production WildcardAS is exited.
func (s *BaseSequenceListener) ExitWildcardAS(ctx *WildcardASContext) {}

// EnterLegacyAS is called when production LegacyAS is entered.
func (s *BaseSequenceListener) EnterLegacyAS(ctx *LegacyASContext) {}

// ExitLegacyAS is called when production LegacyAS is exited.
func (s *BaseSequenceListener) ExitLegacyAS(ctx *LegacyASContext) {}

// EnterAS is called when production AS is entered.
func (s *BaseSequenceListener) EnterAS(ctx *ASContext) {}

// ExitAS is called when production AS is exited.
func (s *BaseSequenceListener) ExitAS(ctx *ASContext) {}

// EnterWildcardIFace is called when production WildcardIFace is entered.
func (s *BaseSequenceListener) EnterWildcardIFace(ctx *WildcardIFaceContext) {}

// ExitWildcardIFace is called when production WildcardIFace is exited.
func (s *BaseSequenceListener) ExitWildcardIFace(ctx *WildcardIFaceContext) {}

// EnterIFace is called when production IFace is entered.
func (s *BaseSequenceListener) EnterIFace(ctx *IFaceContext) {}

// ExitIFace is called when production IFace is exited.
func (s *BaseSequenceListener) ExitIFace(ctx *IFaceContext) {}","// EnterAtom is called when production Atom is entered.
func (s *BaseSequenceListener) EnterAtom(ctx *AtomContext) {}

// ExitAtom is called when production Atom is exited.
func (s *BaseSequenceListener) ExitAtom(ctx *AtomContext) {}

// EnterStar is called when production Star is entered.
func (s *BaseSequenceListener) EnterStar(ctx *StarContext) {}

// ExitStar is called when production Star is exited.
func (s *BaseSequenceListener) ExitStar(ctx *StarContext) {}

// EnterPlus is called when production Plus is entered.
func (s *BaseSequenceListener) EnterPlus(ctx *PlusContext) {}

// ExitPlus is called when production Plus is exited.
func (s *BaseSequenceListener) ExitPlus(ctx *PlusContext) {}

// EnterQuestion is called when production Question is entered.
func (s *BaseSequenceListener) EnterQuestion(ctx *QuestionContext) {}

// ExitQuestion is called when production Question is exited.
func (s *BaseSequenceListener) ExitQuestion(ctx *QuestionContext) {}

// EnterGroup is called when production Group is entered.
func (s *BaseSequenceListener) EnterGroup(ctx *GroupContext) {}

// ExitGroup is called when production Group is exited.
func ("
qwen,Qwen/Qwen3-30B-A3B-Instruct-2507:nebius,go,GPL-3.0,antlr::sequence::sequence_base_listener.go,136,0.8,0,1.0,"// EnterQuestionMark is called when production QuestionMark is entered.
func (s *BaseSequenceListener) EnterQuestionMark(ctx *QuestionMarkContext) {}

// ExitQuestionMark is called when production QuestionMark is exited.
func (s *BaseSequenceListener) ExitQuestionMark(ctx *QuestionMarkContext) {}

// EnterHop is called when production Hop is entered.
func (s *BaseSequenceListener) EnterHop(ctx *HopContext) {}

// ExitHop is called when production Hop is exited.
func (s *BaseSequenceListener) ExitHop(ctx *HopContext) {}

// EnterPlus is called when production Plus is entered.
func (s *BaseSequenceListener) EnterPlus(ctx *PlusContext) {}

// ExitPlus is called when production Plus is exited.
func (s *BaseSequenceListener) ExitPlus(ctx *PlusContext) {}

// EnterAsterisk is called when production Asterisk is entered.
func (s *BaseSequenceListener) EnterAsterisk(ctx *AsteriskContext) {}

// ExitAsterisk is called when production Asterisk is exited.
func (s *BaseSequenceListener) ExitAsterisk(ctx *AsteriskContext) {}

// EnterParentheses is called when production Parentheses is entered.
func (s *BaseSequenceListener) EnterParentheses(ctx *ParenthesesContext) {}

// ExitParentheses is called when production Parentheses is exited.
func (s *BaseSequenceListener) ExitParentheses(ctx *ParenthesesContext) {}

// EnterISDHop is called when production ISDHop is entered.
func (s *BaseSequenceListener) EnterISDHop(ctx *ISDHopContext) {}

// ExitISDHop is called when production ISDHop is exited.
func (s *BaseSequenceListener) ExitISDHop(ctx *ISDHopContext) {}

// EnterISDASHop is called when production ISDASHop is entered.
func (s *BaseSequenceListener) EnterISDASHop(ctx *ISDASHopContext) {}

// ExitISDASHop is called when production ISDASHop is exited.
func (s *BaseSequenceListener) ExitISDASHop(ctx *ISDASHopContext) {}

// EnterISDASIFHop is called when production ISDASIFHop is entered.
func (s *BaseSequenceListener) EnterISDASIFHop(ctx *ISDASIFHopContext) {}

// ExitISDASIFHop is called when production ISDASIFHop is exited.
func (s *BaseSequenceListener) ExitISDASIFHop(ctx *ISDASIFHopContext) {}

// EnterISDASIFIFHop is called when production ISDASIFIFHop is entered.
func (s *BaseSequenceListener) EnterISDASIFIFHop(ctx *ISDASIFIFHopContext) {}

// ExitISDASIFIFHop is called when production ISDASIFIFHop is exited.
func (s *BaseSequenceListener) ExitISDASIFIFHop(ctx *ISDASIFIFHopContext) {}

// EnterWildcardISD is called when production WildcardISD is entered.
func (s *BaseSequenceListener) EnterWildcardISD(ctx *WildcardISDContext) {}

// ExitWildcardISD is called when production WildcardISD is exited.
func (s *BaseSequenceListener) ExitWildcardISD(ctx *WildcardISDContext) {}

// EnterISD is called when production ISD is entered.
func (s *BaseSequenceListener) EnterISD(ctx *ISDContext) {}

// ExitISD is called when production ISD is exited.
func (s *BaseSequenceListener) ExitISD(ctx *ISDContext) {}

// EnterWildcardAS is called when production WildcardAS is entered.
func (s *BaseSequenceListener) EnterWildcardAS(ctx *WildcardASContext) {}

// ExitWildcardAS is called when production WildcardAS is exited.
func (s *BaseSequenceListener) ExitWildcardAS(ctx *WildcardASContext) {}

// EnterLegacyAS is called when production LegacyAS is entered.
func (s *BaseSequenceListener) EnterLegacyAS(ctx *LegacyASContext) {}

// ExitLegacyAS is called when production LegacyAS is exited.
func (s *BaseSequenceListener) ExitLegacyAS(ctx *LegacyASContext) {}

// EnterAS is called when production AS is entered.
func (s *BaseSequenceListener) EnterAS(ctx *ASContext) {}

// ExitAS is called when production AS is exited.
func (s *BaseSequenceListener) ExitAS(ctx *ASContext) {}

// EnterWildcardIFace is called when production WildcardIFace is entered.
func (s *BaseSequenceListener) EnterWildcardIFace(ctx *WildcardIFaceContext) {}

// ExitWildcardIFace is called when production WildcardIFace is exited.
func (s *BaseSequenceListener) ExitWildcardIFace(ctx *WildcardIFaceContext) {}

// EnterIFace is called when production IFace is entered.
func (s *BaseSequenceListener) EnterIFace(ctx *IFaceContext) {}

// ExitIFace is called when production IFace is exited.
func (s *BaseSequenceListener) ExitIFace(ctx *IFaceContext) {}","// EnterStar is called when production Star is entered.
func (s *BaseSequenceListener) EnterStar(ctx *StarContext) {}

// ExitStar is called when production Star is exited.
func (s *BaseSequenceListener) ExitStar(ctx *StarContext) {}

// EnterPlus is called when production Plus is entered.
func (s *BaseSequenceListener) EnterPlus(ctx *PlusContext) {}

// ExitPlus is called when production Plus is exited.
func (s *BaseSequenceListener) ExitPlus(ctx *PlusContext) {}

// EnterQuestion is called when production Question is entered.
func (s *BaseSequenceListener) EnterQuestion(ctx *QuestionContext) {}

// ExitQuestion is called when production Question is exited.
func (s *BaseSequenceListener) ExitQuestion(ctx *QuestionContext) {}

// EnterGroup is called when production Group is entered.
func (s *BaseSequenceListener) EnterGroup(ctx *GroupContext) {}

// ExitGroup is called when production Group is exited.
func (s *BaseSequenceListener) ExitGroup(ctx *GroupContext) {}

// EnterSymbol is called when production Symbol is entered.
func (s *BaseSequenceListener) EnterSymbol(ctx *SymbolContext) {}

// ExitSymbol is called when production Symbol is exited.
func ("
qwen,Qwen/Qwen3-30B-A3B-Instruct-2507:nebius,go,GPL-3.0,vendor::github.com::uber::jaeger-client-go::config::config.go,414,0.2,0,0.03968253968253968,"	LocalAgentHostPort string `yaml:""localAgentHostPort""`

	// CollectorEndpoint instructs reporter to send spans to jaeger-collector at this URL
	// Can be set by exporting an environment variable named JAEGER_ENDPOINT
	CollectorEndpoint string `yaml:""collectorEndpoint""`

	// User instructs reporter to include a user for basic http authentication when sending spans to jaeger-collector.
	// Can be set by exporting an environment variable named JAEGER_USER
	User string `yaml:""user""`

	// Password instructs reporter to include a password for basic http authentication when sending spans to
	// jaeger-collector. Can be set by exporting an environment variable named JAEGER_PASSWORD
	Password string `yaml:""password""`

	// HTTPHeaders instructs the reporter to add these headers to the http request when reporting spans.
	// This field takes effect only when using HTTPTransport by setting the CollectorEndpoint.
	HTTPHeaders map[string]string `yaml:""http_headers""`
}

// BaggageRestrictionsConfig configures the baggage restrictions manager which can be used to whitelist
// certain baggage keys. All fields are optional.
type BaggageRestrictionsConfig struct {
	// DenyBaggageOnInitializationFailure controls the startup failure mode of the baggage restriction
	// manager. If true, the manager will not allow any baggage to be written until baggage restrictions have
	// been retrieved from jaeger-agent. If false, the manager wil allow any baggage to be written until baggage
	// restrictions have been retrieved from jaeger-agent.
	DenyBaggageOnInitializationFailure bool `yaml:""denyBaggageOnInitializationFailure""`

	// HostPort is the hostPort of jaeger-agent's baggage restrictions server
	HostPort string `yaml:""hostPort""`

	// RefreshInterval controls how often the baggage restriction manager will poll
	// jaeger-agent for the most recent baggage restrictions.
	RefreshInterval time.Duration `yaml:""refreshInterval""`
}

// ThrottlerConfig configures the throttler which can be used to throttle the
// rate at which the client may send debug requests.
type ThrottlerConfig struct {
	// HostPort of jaeger-agent's credit server.
	HostPort string `yaml:""hostPort""`

	// RefreshInterval controls how often the throttler will poll jaeger-agent
	// for more throttling credits.
	RefreshInterval time.Duration `yaml:""refreshInterval""`

	// SynchronousInitialization determines whether or not the throttler should
	// synchronously fetch credits from the agent when an operation is seen for
	// the first time. This should be set to true if the client will be used by
	// a short lived service that needs to ensure that credits are fetched
	// upfront such that sampling or throttling occurs.
	SynchronousInitialization bool `yaml:""synchronousInitialization""`
}

type nullCloser struct{}

func (*nullCloser) Close() error { return nil }

// New creates a new Jaeger Tracer, and a closer func that can be used to flush buffers
// before shutdown.
//
// Deprecated: use NewTracer() function
func (c Configuration) New(
	serviceName string,
	options ...Option,
) (opentracing.Tracer, io.Closer, error) {
	if serviceName != """" {
		c.ServiceName = serviceName
	}

	return c.NewTracer(options...)
}

// NewTracer returns a new tracer based on the current configuration, using the given options,
// and a closer func that can be used to flush buffers before shutdown.
func (c Configuration) NewTracer(options ...Option) (opentracing.Tracer, io.Closer, error) {
	if c.Disabled {
		return &opentracing.NoopTracer{}, &nullCloser{}, nil
	}

	if c.ServiceName == """" {
		return nil, nil, errors.New(""no service name provided"")
	}

	opts := applyOptions(options...)
	tracerMetrics := jaeger.NewMetrics(opts.metrics, nil)
	if c.RPCMetrics {
		Observer(
			rpcmetrics.NewObserver(
				opts.metrics.Namespace(metrics.NSOptions{Name: ""jaeger-rpc"", Tags: map[string]string{""component"": ""jaeger""}}),
				rpcmetrics.DefaultNameNormalizer,
			),
		)(&opts) // adds to c.observers
	}
	if c.Sampler == nil {
		c.Sampler = &SamplerConfig{
			Type:  jaeger.SamplerTypeRemote,
			Param: defaultSamplingProbability,
		}
	}
	if c.Reporter == nil {
		c.Reporter = &ReporterConfig{}
	}

	sampler := opts.sampler
	if sampler == nil {
		s, err := c.Sampler.NewSampler(c.ServiceName, tracerMetrics)
		if err != nil {
			return nil, nil, err
		}
		sampler = s
	}

	reporter := opts.reporter
	if reporter == nil {
		r, err := c.Reporter.NewReporter(c.ServiceName, tracerMetrics, opts.logger)
		if err != nil {
			return nil, nil, err
		}
		reporter = r
	}

	tracerOptions := []jaeger.TracerOption{
		jaeger.TracerOptions.Metrics(tracerMetrics),
		jaeger.TracerOptions.Logger(opts.logger),
		jaeger.TracerOptions.CustomHeaderKeys(c.Headers),
		jaeger.TracerOptions.Gen128Bit(opts.gen128Bit),
		jaeger.TracerOptions.PoolSpans(opts.poolSpans),
		jaeger.TracerOptions.ZipkinSharedRPCSpan(opts.zipkinSharedRPCSpan),
		jaeger.TracerOptions.MaxTagValueLength(opts.maxTagValueLength),
		jaeger.TracerOptions.NoDebugFlagOnForcedSampling(opts.noDebugFlagOnForcedSampling),
	}

	for _, tag := range opts.tags {
		tracerOptions = append(tracerOptions, jaeger.TracerOptions.Tag(tag.Key, tag.Value))
	}

	for _, tag := range c.Tags {
		tracerOptions = append(tracerOptions, jaeger.TracerOptions.Tag(tag.Key, tag.Value))
	}

	for _, obs := range opts.observers {
		tracerOptions = append(tracerOptions, jaeger.TracerOptions.Observer(obs))
	}

	for _, cobs := range opts.contribObservers {
		tracerOptions = append(tracerOptions, jaeger.TracerOptions.ContribObserver(cobs))
	}

	for format, injector := range opts.injectors {
		tracerOptions = append(tracerOptions, jaeger.TracerOptions.Injector(format, injector))
	}

	for format, extractor := range opts.extractors {
		tracerOptions = append(tracerOptions, jaeger.TracerOptions.Extractor(format, extractor))
	}

	if c.BaggageRestrictions != nil {
		mgr := remote.NewRestrictionManager(
			c.ServiceName,
			remote.Options.Metrics(tracerMetrics),
			remote.Options.Logger(opts.logger),
			remote.Options.HostPort(c.BaggageRestrictions.HostPort),
			remote.Options.RefreshInterval(c.BaggageRestrictions.RefreshInterval),
			remote.Options.DenyBaggageOnInitializationFailure(
				c.BaggageRestrictions.DenyBaggageOnInitializationFailure,
			),
		)
		tracerOptions = append(tracerOptions, jaeger.TracerOptions.BaggageRestrictionManager(mgr))
	}

	if c.Throttler != nil {
		debugThrottler := throttler.NewThrottler(
			c.ServiceName,
			throttler.Options.Metrics(tracerMetrics),
			throttler.Options.Logger(opts.logger),
			throttler.Options.HostPort(c.Throttler.HostPort),
			throttler.Options.RefreshInterval(c.Throttler.RefreshInterval),
			throttler.Options.SynchronousInitialization(
				c.Throttler.SynchronousInitialization,
			),
		)

		tracerOptions = append(tracerOptions, jaeger.TracerOptions.DebugThrottler(debugThrottler))
	}

	tracer, closer := jaeger.NewTracer(
		c.ServiceName,
		sampler,
		reporter,
		tracerOptions...,
	)

	return tracer, closer, nil
}

// InitGlobalTracer creates a new Jaeger Tracer, and sets it as global OpenTracing Tracer.
// It returns a closer func that can be used to flush buffers before shutdown.
func (c Configuration) InitGlobalTracer(
	serviceName string,
	options ...Option,
) (io.Closer, error) {
	if c.Disabled {
		return &nullCloser{}, nil
	}
	tracer, closer, err := c.New(serviceName, options...)
	if err != nil {
		return nil, err
	}
	opentracing.SetGlobalTracer(tracer)
	return closer, nil
}

// NewSampler creates a new sampler based on the configuration
func (sc *SamplerConfig) NewSampler(
	serviceName string,
	metrics *jaeger.Metrics,
) (jaeger.Sampler, error) {
	samplerType := strings.ToLower(sc.Type)
	if samplerType == jaeger.SamplerTypeConst {
		return jaeger.NewConstSampler(sc.Param != 0), nil
	}
	if samplerType == jaeger.SamplerTypeProbabilistic {
		if sc.Param >= 0 && sc.Param <= 1.0 {
			return jaeger.NewProbabilisticSampler(sc.Param)
		}
		return nil, fmt.Errorf(
			""invalid Param for probabilistic sampler; expecting value between 0 and 1, received %v"",
			sc.Param,
		)
	}
	if samplerType == jaeger.SamplerTypeRateLimiting {
		return jaeger.NewRateLimitingSampler(sc.Param), nil
	}
	if samplerType == jaeger.SamplerTypeRemote || sc.Type == """" {
		sc2 := *sc
		sc2.Type = jaeger.SamplerTypeProbabilistic
		initSampler, err := sc2.NewSampler(serviceName, nil)
		if err != nil {
			return nil, err
		}
		options := []jaeger.SamplerOption{
			jaeger.SamplerOptions.Metrics(metrics),
			jaeger.SamplerOptions.InitialSampler(initSampler),
			jaeger.SamplerOptions.SamplingServerURL(sc.SamplingServerURL),
			jaeger.SamplerOptions.MaxOperations(sc.MaxOperations),
			jaeger.SamplerOptions.OperationNameLateBinding(sc.OperationNameLateBinding),
			jaeger.SamplerOptions.SamplingRefreshInterval(sc.SamplingRefreshInterval),
		}
		options = append(options, sc.Options...)
		return jaeger.NewRemotelyControlledSampler(serviceName, options...), nil
	}
	return nil, fmt.Errorf(""unknown sampler type (%s)"", sc.Type)
}

// NewReporter instantiates a new reporter that submits spans to the collector
func (rc *ReporterConfig) NewReporter(
	serviceName string,
	metrics *jaeger.Metrics,
	logger jaeger.Logger,
) (jaeger.Reporter, error) {
	sender, err := rc.newTransport()
	if err != nil {
		return nil, err
	}
	reporter := jaeger.NewRemoteReporter(
		sender,
		jaeger.ReporterOptions.QueueSize(rc.QueueSize),
		jaeger.ReporterOptions.BufferFlushInterval(rc.BufferFlushInterval),
		jaeger.ReporterOptions.Logger(logger),
		jaeger.ReporterOptions.Metrics(metrics))
	if rc.LogSpans && logger != nil {
		logger.Infof(""Initializing logging reporter\n"")
		reporter = jaeger.NewCompositeReporter(jaeger.NewLoggingReporter(logger), reporter)
	}
	return reporter, err
}

func (rc *ReporterConfig) newTransport() (jaeger.Transport, error) {
	switch {
	case rc.CollectorEndpoint != """":
		httpOptions := []transport.HTTPOption{transport.HTTPBatchSize(1), transport.HTTPHeaders(rc.HTTPHeaders)}
		if rc.User != """" && rc.Password != """" {
			httpOptions = append(httpOptions, transport.HTTPBasicAuth(rc.User, rc.Password))
		}
		return transport.NewHTTPTransport(rc.CollectorEndpoint, httpOptions...), nil
	default:
		return jaeger.NewUDPTransport(rc.LocalAgentHostPort, 0)
	}
}","// or JAEGER_REPORTER_AGENT_HOST_PORT
	LocalAgentHostPort string `yaml:""localAgentHostPort""`

	// CollectorEndpoint instructs reporter to send spans to jaeger-collector at this address
	// Can be set by exporting an environment variable named JAEGER_COLLECTOR_ENDPOINT
	CollectorEndpoint string `yaml:""collectorEndpoint""`

	// UserCredentials specifies the credentials to use when connecting to the collector
	// Can be set by exporting an environment variable named JAEGER_COLLECTOR_USER
	UserCredentials string `yaml:""userCredentials""`

	// PasswordCredentials specifies the password to use when connecting to the collector
	// Can be set by exporting an environment variable named JAEGER_COLLECTOR_PASSWORD
	PasswordCredentials string `yaml:""passwordCredentials""`

	// HTTPHeaders specifies the headers to send with each request to the collector
	// Can be set by exporting an environment variable named JAEGER_COLLECTOR_HEADERS
	HTTPHeaders map[string]string `yaml:""httpHeaders""`

	// MaxPacketSize specifies the maximum size of a packet that can be sent to the collector
	// Can be set by exporting an environment variable named JAEGER_REPORTER_MAX_PACKET_SIZE
	MaxPacketSize int `yaml:""max"
qwen,Qwen/Qwen3-30B-A3B-Instruct-2507:nebius,go,GPL-3.0,vendor::github.com::uber::jaeger-client-go::config::config.go,414,0.4,0,0.03968253968253968,"	LocalAgentHostPort string `yaml:""localAgentHostPort""`

	// CollectorEndpoint instructs reporter to send spans to jaeger-collector at this URL
	// Can be set by exporting an environment variable named JAEGER_ENDPOINT
	CollectorEndpoint string `yaml:""collectorEndpoint""`

	// User instructs reporter to include a user for basic http authentication when sending spans to jaeger-collector.
	// Can be set by exporting an environment variable named JAEGER_USER
	User string `yaml:""user""`

	// Password instructs reporter to include a password for basic http authentication when sending spans to
	// jaeger-collector. Can be set by exporting an environment variable named JAEGER_PASSWORD
	Password string `yaml:""password""`

	// HTTPHeaders instructs the reporter to add these headers to the http request when reporting spans.
	// This field takes effect only when using HTTPTransport by setting the CollectorEndpoint.
	HTTPHeaders map[string]string `yaml:""http_headers""`
}

// BaggageRestrictionsConfig configures the baggage restrictions manager which can be used to whitelist
// certain baggage keys. All fields are optional.
type BaggageRestrictionsConfig struct {
	// DenyBaggageOnInitializationFailure controls the startup failure mode of the baggage restriction
	// manager. If true, the manager will not allow any baggage to be written until baggage restrictions have
	// been retrieved from jaeger-agent. If false, the manager wil allow any baggage to be written until baggage
	// restrictions have been retrieved from jaeger-agent.
	DenyBaggageOnInitializationFailure bool `yaml:""denyBaggageOnInitializationFailure""`

	// HostPort is the hostPort of jaeger-agent's baggage restrictions server
	HostPort string `yaml:""hostPort""`

	// RefreshInterval controls how often the baggage restriction manager will poll
	// jaeger-agent for the most recent baggage restrictions.
	RefreshInterval time.Duration `yaml:""refreshInterval""`
}

// ThrottlerConfig configures the throttler which can be used to throttle the
// rate at which the client may send debug requests.
type ThrottlerConfig struct {
	// HostPort of jaeger-agent's credit server.
	HostPort string `yaml:""hostPort""`

	// RefreshInterval controls how often the throttler will poll jaeger-agent
	// for more throttling credits.
	RefreshInterval time.Duration `yaml:""refreshInterval""`

	// SynchronousInitialization determines whether or not the throttler should
	// synchronously fetch credits from the agent when an operation is seen for
	// the first time. This should be set to true if the client will be used by
	// a short lived service that needs to ensure that credits are fetched
	// upfront such that sampling or throttling occurs.
	SynchronousInitialization bool `yaml:""synchronousInitialization""`
}

type nullCloser struct{}

func (*nullCloser) Close() error { return nil }

// New creates a new Jaeger Tracer, and a closer func that can be used to flush buffers
// before shutdown.
//
// Deprecated: use NewTracer() function
func (c Configuration) New(
	serviceName string,
	options ...Option,
) (opentracing.Tracer, io.Closer, error) {
	if serviceName != """" {
		c.ServiceName = serviceName
	}

	return c.NewTracer(options...)
}

// NewTracer returns a new tracer based on the current configuration, using the given options,
// and a closer func that can be used to flush buffers before shutdown.
func (c Configuration) NewTracer(options ...Option) (opentracing.Tracer, io.Closer, error) {
	if c.Disabled {
		return &opentracing.NoopTracer{}, &nullCloser{}, nil
	}

	if c.ServiceName == """" {
		return nil, nil, errors.New(""no service name provided"")
	}

	opts := applyOptions(options...)
	tracerMetrics := jaeger.NewMetrics(opts.metrics, nil)
	if c.RPCMetrics {
		Observer(
			rpcmetrics.NewObserver(
				opts.metrics.Namespace(metrics.NSOptions{Name: ""jaeger-rpc"", Tags: map[string]string{""component"": ""jaeger""}}),
				rpcmetrics.DefaultNameNormalizer,
			),
		)(&opts) // adds to c.observers
	}
	if c.Sampler == nil {
		c.Sampler = &SamplerConfig{
			Type:  jaeger.SamplerTypeRemote,
			Param: defaultSamplingProbability,
		}
	}
	if c.Reporter == nil {
		c.Reporter = &ReporterConfig{}
	}

	sampler := opts.sampler
	if sampler == nil {
		s, err := c.Sampler.NewSampler(c.ServiceName, tracerMetrics)
		if err != nil {
			return nil, nil, err
		}
		sampler = s
	}

	reporter := opts.reporter
	if reporter == nil {
		r, err := c.Reporter.NewReporter(c.ServiceName, tracerMetrics, opts.logger)
		if err != nil {
			return nil, nil, err
		}
		reporter = r
	}

	tracerOptions := []jaeger.TracerOption{
		jaeger.TracerOptions.Metrics(tracerMetrics),
		jaeger.TracerOptions.Logger(opts.logger),
		jaeger.TracerOptions.CustomHeaderKeys(c.Headers),
		jaeger.TracerOptions.Gen128Bit(opts.gen128Bit),
		jaeger.TracerOptions.PoolSpans(opts.poolSpans),
		jaeger.TracerOptions.ZipkinSharedRPCSpan(opts.zipkinSharedRPCSpan),
		jaeger.TracerOptions.MaxTagValueLength(opts.maxTagValueLength),
		jaeger.TracerOptions.NoDebugFlagOnForcedSampling(opts.noDebugFlagOnForcedSampling),
	}

	for _, tag := range opts.tags {
		tracerOptions = append(tracerOptions, jaeger.TracerOptions.Tag(tag.Key, tag.Value))
	}

	for _, tag := range c.Tags {
		tracerOptions = append(tracerOptions, jaeger.TracerOptions.Tag(tag.Key, tag.Value))
	}

	for _, obs := range opts.observers {
		tracerOptions = append(tracerOptions, jaeger.TracerOptions.Observer(obs))
	}

	for _, cobs := range opts.contribObservers {
		tracerOptions = append(tracerOptions, jaeger.TracerOptions.ContribObserver(cobs))
	}

	for format, injector := range opts.injectors {
		tracerOptions = append(tracerOptions, jaeger.TracerOptions.Injector(format, injector))
	}

	for format, extractor := range opts.extractors {
		tracerOptions = append(tracerOptions, jaeger.TracerOptions.Extractor(format, extractor))
	}

	if c.BaggageRestrictions != nil {
		mgr := remote.NewRestrictionManager(
			c.ServiceName,
			remote.Options.Metrics(tracerMetrics),
			remote.Options.Logger(opts.logger),
			remote.Options.HostPort(c.BaggageRestrictions.HostPort),
			remote.Options.RefreshInterval(c.BaggageRestrictions.RefreshInterval),
			remote.Options.DenyBaggageOnInitializationFailure(
				c.BaggageRestrictions.DenyBaggageOnInitializationFailure,
			),
		)
		tracerOptions = append(tracerOptions, jaeger.TracerOptions.BaggageRestrictionManager(mgr))
	}

	if c.Throttler != nil {
		debugThrottler := throttler.NewThrottler(
			c.ServiceName,
			throttler.Options.Metrics(tracerMetrics),
			throttler.Options.Logger(opts.logger),
			throttler.Options.HostPort(c.Throttler.HostPort),
			throttler.Options.RefreshInterval(c.Throttler.RefreshInterval),
			throttler.Options.SynchronousInitialization(
				c.Throttler.SynchronousInitialization,
			),
		)

		tracerOptions = append(tracerOptions, jaeger.TracerOptions.DebugThrottler(debugThrottler))
	}

	tracer, closer := jaeger.NewTracer(
		c.ServiceName,
		sampler,
		reporter,
		tracerOptions...,
	)

	return tracer, closer, nil
}

// InitGlobalTracer creates a new Jaeger Tracer, and sets it as global OpenTracing Tracer.
// It returns a closer func that can be used to flush buffers before shutdown.
func (c Configuration) InitGlobalTracer(
	serviceName string,
	options ...Option,
) (io.Closer, error) {
	if c.Disabled {
		return &nullCloser{}, nil
	}
	tracer, closer, err := c.New(serviceName, options...)
	if err != nil {
		return nil, err
	}
	opentracing.SetGlobalTracer(tracer)
	return closer, nil
}

// NewSampler creates a new sampler based on the configuration
func (sc *SamplerConfig) NewSampler(
	serviceName string,
	metrics *jaeger.Metrics,
) (jaeger.Sampler, error) {
	samplerType := strings.ToLower(sc.Type)
	if samplerType == jaeger.SamplerTypeConst {
		return jaeger.NewConstSampler(sc.Param != 0), nil
	}
	if samplerType == jaeger.SamplerTypeProbabilistic {
		if sc.Param >= 0 && sc.Param <= 1.0 {
			return jaeger.NewProbabilisticSampler(sc.Param)
		}
		return nil, fmt.Errorf(
			""invalid Param for probabilistic sampler; expecting value between 0 and 1, received %v"",
			sc.Param,
		)
	}
	if samplerType == jaeger.SamplerTypeRateLimiting {
		return jaeger.NewRateLimitingSampler(sc.Param), nil
	}
	if samplerType == jaeger.SamplerTypeRemote || sc.Type == """" {
		sc2 := *sc
		sc2.Type = jaeger.SamplerTypeProbabilistic
		initSampler, err := sc2.NewSampler(serviceName, nil)
		if err != nil {
			return nil, err
		}
		options := []jaeger.SamplerOption{
			jaeger.SamplerOptions.Metrics(metrics),
			jaeger.SamplerOptions.InitialSampler(initSampler),
			jaeger.SamplerOptions.SamplingServerURL(sc.SamplingServerURL),
			jaeger.SamplerOptions.MaxOperations(sc.MaxOperations),
			jaeger.SamplerOptions.OperationNameLateBinding(sc.OperationNameLateBinding),
			jaeger.SamplerOptions.SamplingRefreshInterval(sc.SamplingRefreshInterval),
		}
		options = append(options, sc.Options...)
		return jaeger.NewRemotelyControlledSampler(serviceName, options...), nil
	}
	return nil, fmt.Errorf(""unknown sampler type (%s)"", sc.Type)
}

// NewReporter instantiates a new reporter that submits spans to the collector
func (rc *ReporterConfig) NewReporter(
	serviceName string,
	metrics *jaeger.Metrics,
	logger jaeger.Logger,
) (jaeger.Reporter, error) {
	sender, err := rc.newTransport()
	if err != nil {
		return nil, err
	}
	reporter := jaeger.NewRemoteReporter(
		sender,
		jaeger.ReporterOptions.QueueSize(rc.QueueSize),
		jaeger.ReporterOptions.BufferFlushInterval(rc.BufferFlushInterval),
		jaeger.ReporterOptions.Logger(logger),
		jaeger.ReporterOptions.Metrics(metrics))
	if rc.LogSpans && logger != nil {
		logger.Infof(""Initializing logging reporter\n"")
		reporter = jaeger.NewCompositeReporter(jaeger.NewLoggingReporter(logger), reporter)
	}
	return reporter, err
}

func (rc *ReporterConfig) newTransport() (jaeger.Transport, error) {
	switch {
	case rc.CollectorEndpoint != """":
		httpOptions := []transport.HTTPOption{transport.HTTPBatchSize(1), transport.HTTPHeaders(rc.HTTPHeaders)}
		if rc.User != """" && rc.Password != """" {
			httpOptions = append(httpOptions, transport.HTTPBasicAuth(rc.User, rc.Password))
		}
		return transport.NewHTTPTransport(rc.CollectorEndpoint, httpOptions...), nil
	default:
		return jaeger.NewUDPTransport(rc.LocalAgentHostPort, 0)
	}
}","// LocalAgentHostPort instructs reporter to send spans to jaeger-agent at this address
	// Can be set by exporting an environment variable named JAEGER_AGENT_HOST / JAEGER_AGENT_PORT
	LocalAgentHostPort string `yaml:""localAgentHostPort""`

	// CollectorEndpoint instructs reporter to send spans to jaeger-collector at this address
	// Can be set by exporting an environment variable named JAEGER_COLLECTOR_ENDPOINT
	CollectorEndpoint string `yaml:""collectorEndpoint""`

	// User and password for HTTP basic authentication with the collector
	// Can be set by exporting environment variables JAEGER_COLLECTOR_USER and JAEGER_COLLECTOR_PASSWORD
	User     string `yaml:""user""`
	Password string `yaml:""password""`

	// HTTPHeaders specifies custom HTTP headers to be sent with each request to the collector
	// Can be set by exporting environment variables JAEGER_COLLECTOR_HEADERS
	HTTPHeaders map[string]string `yaml:""httpHeaders""`

	// MaxRetryAttempts controls the maximum number of retry attempts when reporting spans to the collector.
	// Can be set by exporting an environment variable named JAEGER_REPORTER_MAX_RETRY_ATTEMPTS
	MaxRetryAttempts int `yaml:""maxRetry"
qwen,Qwen/Qwen3-30B-A3B-Instruct-2507:nebius,go,GPL-3.0,vendor::github.com::uber::jaeger-client-go::config::config.go,414,0.8,0,0.035856573705179286,"	LocalAgentHostPort string `yaml:""localAgentHostPort""`

	// CollectorEndpoint instructs reporter to send spans to jaeger-collector at this URL
	// Can be set by exporting an environment variable named JAEGER_ENDPOINT
	CollectorEndpoint string `yaml:""collectorEndpoint""`

	// User instructs reporter to include a user for basic http authentication when sending spans to jaeger-collector.
	// Can be set by exporting an environment variable named JAEGER_USER
	User string `yaml:""user""`

	// Password instructs reporter to include a password for basic http authentication when sending spans to
	// jaeger-collector. Can be set by exporting an environment variable named JAEGER_PASSWORD
	Password string `yaml:""password""`

	// HTTPHeaders instructs the reporter to add these headers to the http request when reporting spans.
	// This field takes effect only when using HTTPTransport by setting the CollectorEndpoint.
	HTTPHeaders map[string]string `yaml:""http_headers""`
}

// BaggageRestrictionsConfig configures the baggage restrictions manager which can be used to whitelist
// certain baggage keys. All fields are optional.
type BaggageRestrictionsConfig struct {
	// DenyBaggageOnInitializationFailure controls the startup failure mode of the baggage restriction
	// manager. If true, the manager will not allow any baggage to be written until baggage restrictions have
	// been retrieved from jaeger-agent. If false, the manager wil allow any baggage to be written until baggage
	// restrictions have been retrieved from jaeger-agent.
	DenyBaggageOnInitializationFailure bool `yaml:""denyBaggageOnInitializationFailure""`

	// HostPort is the hostPort of jaeger-agent's baggage restrictions server
	HostPort string `yaml:""hostPort""`

	// RefreshInterval controls how often the baggage restriction manager will poll
	// jaeger-agent for the most recent baggage restrictions.
	RefreshInterval time.Duration `yaml:""refreshInterval""`
}

// ThrottlerConfig configures the throttler which can be used to throttle the
// rate at which the client may send debug requests.
type ThrottlerConfig struct {
	// HostPort of jaeger-agent's credit server.
	HostPort string `yaml:""hostPort""`

	// RefreshInterval controls how often the throttler will poll jaeger-agent
	// for more throttling credits.
	RefreshInterval time.Duration `yaml:""refreshInterval""`

	// SynchronousInitialization determines whether or not the throttler should
	// synchronously fetch credits from the agent when an operation is seen for
	// the first time. This should be set to true if the client will be used by
	// a short lived service that needs to ensure that credits are fetched
	// upfront such that sampling or throttling occurs.
	SynchronousInitialization bool `yaml:""synchronousInitialization""`
}

type nullCloser struct{}

func (*nullCloser) Close() error { return nil }

// New creates a new Jaeger Tracer, and a closer func that can be used to flush buffers
// before shutdown.
//
// Deprecated: use NewTracer() function
func (c Configuration) New(
	serviceName string,
	options ...Option,
) (opentracing.Tracer, io.Closer, error) {
	if serviceName != """" {
		c.ServiceName = serviceName
	}

	return c.NewTracer(options...)
}

// NewTracer returns a new tracer based on the current configuration, using the given options,
// and a closer func that can be used to flush buffers before shutdown.
func (c Configuration) NewTracer(options ...Option) (opentracing.Tracer, io.Closer, error) {
	if c.Disabled {
		return &opentracing.NoopTracer{}, &nullCloser{}, nil
	}

	if c.ServiceName == """" {
		return nil, nil, errors.New(""no service name provided"")
	}

	opts := applyOptions(options...)
	tracerMetrics := jaeger.NewMetrics(opts.metrics, nil)
	if c.RPCMetrics {
		Observer(
			rpcmetrics.NewObserver(
				opts.metrics.Namespace(metrics.NSOptions{Name: ""jaeger-rpc"", Tags: map[string]string{""component"": ""jaeger""}}),
				rpcmetrics.DefaultNameNormalizer,
			),
		)(&opts) // adds to c.observers
	}
	if c.Sampler == nil {
		c.Sampler = &SamplerConfig{
			Type:  jaeger.SamplerTypeRemote,
			Param: defaultSamplingProbability,
		}
	}
	if c.Reporter == nil {
		c.Reporter = &ReporterConfig{}
	}

	sampler := opts.sampler
	if sampler == nil {
		s, err := c.Sampler.NewSampler(c.ServiceName, tracerMetrics)
		if err != nil {
			return nil, nil, err
		}
		sampler = s
	}

	reporter := opts.reporter
	if reporter == nil {
		r, err := c.Reporter.NewReporter(c.ServiceName, tracerMetrics, opts.logger)
		if err != nil {
			return nil, nil, err
		}
		reporter = r
	}

	tracerOptions := []jaeger.TracerOption{
		jaeger.TracerOptions.Metrics(tracerMetrics),
		jaeger.TracerOptions.Logger(opts.logger),
		jaeger.TracerOptions.CustomHeaderKeys(c.Headers),
		jaeger.TracerOptions.Gen128Bit(opts.gen128Bit),
		jaeger.TracerOptions.PoolSpans(opts.poolSpans),
		jaeger.TracerOptions.ZipkinSharedRPCSpan(opts.zipkinSharedRPCSpan),
		jaeger.TracerOptions.MaxTagValueLength(opts.maxTagValueLength),
		jaeger.TracerOptions.NoDebugFlagOnForcedSampling(opts.noDebugFlagOnForcedSampling),
	}

	for _, tag := range opts.tags {
		tracerOptions = append(tracerOptions, jaeger.TracerOptions.Tag(tag.Key, tag.Value))
	}

	for _, tag := range c.Tags {
		tracerOptions = append(tracerOptions, jaeger.TracerOptions.Tag(tag.Key, tag.Value))
	}

	for _, obs := range opts.observers {
		tracerOptions = append(tracerOptions, jaeger.TracerOptions.Observer(obs))
	}

	for _, cobs := range opts.contribObservers {
		tracerOptions = append(tracerOptions, jaeger.TracerOptions.ContribObserver(cobs))
	}

	for format, injector := range opts.injectors {
		tracerOptions = append(tracerOptions, jaeger.TracerOptions.Injector(format, injector))
	}

	for format, extractor := range opts.extractors {
		tracerOptions = append(tracerOptions, jaeger.TracerOptions.Extractor(format, extractor))
	}

	if c.BaggageRestrictions != nil {
		mgr := remote.NewRestrictionManager(
			c.ServiceName,
			remote.Options.Metrics(tracerMetrics),
			remote.Options.Logger(opts.logger),
			remote.Options.HostPort(c.BaggageRestrictions.HostPort),
			remote.Options.RefreshInterval(c.BaggageRestrictions.RefreshInterval),
			remote.Options.DenyBaggageOnInitializationFailure(
				c.BaggageRestrictions.DenyBaggageOnInitializationFailure,
			),
		)
		tracerOptions = append(tracerOptions, jaeger.TracerOptions.BaggageRestrictionManager(mgr))
	}

	if c.Throttler != nil {
		debugThrottler := throttler.NewThrottler(
			c.ServiceName,
			throttler.Options.Metrics(tracerMetrics),
			throttler.Options.Logger(opts.logger),
			throttler.Options.HostPort(c.Throttler.HostPort),
			throttler.Options.RefreshInterval(c.Throttler.RefreshInterval),
			throttler.Options.SynchronousInitialization(
				c.Throttler.SynchronousInitialization,
			),
		)

		tracerOptions = append(tracerOptions, jaeger.TracerOptions.DebugThrottler(debugThrottler))
	}

	tracer, closer := jaeger.NewTracer(
		c.ServiceName,
		sampler,
		reporter,
		tracerOptions...,
	)

	return tracer, closer, nil
}

// InitGlobalTracer creates a new Jaeger Tracer, and sets it as global OpenTracing Tracer.
// It returns a closer func that can be used to flush buffers before shutdown.
func (c Configuration) InitGlobalTracer(
	serviceName string,
	options ...Option,
) (io.Closer, error) {
	if c.Disabled {
		return &nullCloser{}, nil
	}
	tracer, closer, err := c.New(serviceName, options...)
	if err != nil {
		return nil, err
	}
	opentracing.SetGlobalTracer(tracer)
	return closer, nil
}

// NewSampler creates a new sampler based on the configuration
func (sc *SamplerConfig) NewSampler(
	serviceName string,
	metrics *jaeger.Metrics,
) (jaeger.Sampler, error) {
	samplerType := strings.ToLower(sc.Type)
	if samplerType == jaeger.SamplerTypeConst {
		return jaeger.NewConstSampler(sc.Param != 0), nil
	}
	if samplerType == jaeger.SamplerTypeProbabilistic {
		if sc.Param >= 0 && sc.Param <= 1.0 {
			return jaeger.NewProbabilisticSampler(sc.Param)
		}
		return nil, fmt.Errorf(
			""invalid Param for probabilistic sampler; expecting value between 0 and 1, received %v"",
			sc.Param,
		)
	}
	if samplerType == jaeger.SamplerTypeRateLimiting {
		return jaeger.NewRateLimitingSampler(sc.Param), nil
	}
	if samplerType == jaeger.SamplerTypeRemote || sc.Type == """" {
		sc2 := *sc
		sc2.Type = jaeger.SamplerTypeProbabilistic
		initSampler, err := sc2.NewSampler(serviceName, nil)
		if err != nil {
			return nil, err
		}
		options := []jaeger.SamplerOption{
			jaeger.SamplerOptions.Metrics(metrics),
			jaeger.SamplerOptions.InitialSampler(initSampler),
			jaeger.SamplerOptions.SamplingServerURL(sc.SamplingServerURL),
			jaeger.SamplerOptions.MaxOperations(sc.MaxOperations),
			jaeger.SamplerOptions.OperationNameLateBinding(sc.OperationNameLateBinding),
			jaeger.SamplerOptions.SamplingRefreshInterval(sc.SamplingRefreshInterval),
		}
		options = append(options, sc.Options...)
		return jaeger.NewRemotelyControlledSampler(serviceName, options...), nil
	}
	return nil, fmt.Errorf(""unknown sampler type (%s)"", sc.Type)
}

// NewReporter instantiates a new reporter that submits spans to the collector
func (rc *ReporterConfig) NewReporter(
	serviceName string,
	metrics *jaeger.Metrics,
	logger jaeger.Logger,
) (jaeger.Reporter, error) {
	sender, err := rc.newTransport()
	if err != nil {
		return nil, err
	}
	reporter := jaeger.NewRemoteReporter(
		sender,
		jaeger.ReporterOptions.QueueSize(rc.QueueSize),
		jaeger.ReporterOptions.BufferFlushInterval(rc.BufferFlushInterval),
		jaeger.ReporterOptions.Logger(logger),
		jaeger.ReporterOptions.Metrics(metrics))
	if rc.LogSpans && logger != nil {
		logger.Infof(""Initializing logging reporter\n"")
		reporter = jaeger.NewCompositeReporter(jaeger.NewLoggingReporter(logger), reporter)
	}
	return reporter, err
}

func (rc *ReporterConfig) newTransport() (jaeger.Transport, error) {
	switch {
	case rc.CollectorEndpoint != """":
		httpOptions := []transport.HTTPOption{transport.HTTPBatchSize(1), transport.HTTPHeaders(rc.HTTPHeaders)}
		if rc.User != """" && rc.Password != """" {
			httpOptions = append(httpOptions, transport.HTTPBasicAuth(rc.User, rc.Password))
		}
		return transport.NewHTTPTransport(rc.CollectorEndpoint, httpOptions...), nil
	default:
		return jaeger.NewUDPTransport(rc.LocalAgentHostPort, 0)
	}
}","// The format is ""host:port"", e.g. ""127.0.0.1:6831""
	LocalAgentHostPort string `yaml:""localAgentHostPort""`

	// CollectorEndpoint is the URL of the Jaeger Collector to send spans to.
	// Can be set by exporting an environment variable named JAEGER_COLLECTOR_ENDPOINT
	CollectorEndpoint string `yaml:""collectorEndpoint""`

	// ClientID can be used to identify the client for collector endpoint.
	// Can be set by exporting an environment variable named JAEGER_CLIENT_ID
	ClientID string `yaml:""clientID""`

	// HTTPHeaders is a list of headers that should be sent to the collector.
	// Can be set by exporting an environment variable named JAEGER_REPORTER_HTTP_HEADERS
	HTTPHeaders map[string]string `yaml:""httpHeaders""`

	// SkipConnectionPool is a flag to skip the connection pool.
	// Can be set by exporting an environment variable named JAEGER_REPORTER_SKIP_CONNECTION_POOL
	SkipConnectionPool bool `yaml:""skipConnectionPool""`

	// Protocol is the protocol used to send spans to the collector.
	// Can be set by exporting an environment variable named JAEGER_REPORTER_PROTOCOL"
qwen,Qwen/Qwen3-30B-A3B-Instruct-2507:nebius,go,GPL-3.0,vendor::github.com::youtube::vitess::go::vt::vtctl::vtctlclienttest::client.go,118,0.2,0,0.022222222222222223,"	// enforce we will use the right protocol (gRPC) (note the
	// client is unused, but it is initialized, so it needs to exist)
	*tmclient.TabletManagerProtocol = ""grpc""
}

// CreateTopoServer returns the test topo server properly configured
func CreateTopoServer(t *testing.T) topo.Server {
	return memorytopo.NewServer(""cell1"")
}

// TestSuite runs the test suite on the given topo server and client
func TestSuite(t *testing.T, ts topo.Server, client vtctlclient.VtctlClient) {
	ctx := context.Background()

	// Create a fake tablet
	tablet := &topodatapb.Tablet{
		Alias:    &topodatapb.TabletAlias{Cell: ""cell1"", Uid: 1},
		Hostname: ""localhost"",
		Ip:       ""10.11.12.13"",
		PortMap: map[string]int32{
			""vt"":    3333,
			""mysql"": 3334,
		},

		Tags:     map[string]string{""tag"": ""value""},
		Keyspace: ""test_keyspace"",
		Type:     topodatapb.TabletType_MASTER,
	}
	if err := ts.CreateTablet(ctx, tablet); err != nil {
		t.Errorf(""CreateTablet: %v"", err)
	}

	// run a command that's gonna return something on the log channel
	stream, err := client.ExecuteVtctlCommand(ctx, []string{""ListAllTablets"", ""cell1""}, 30*time.Second)
	if err != nil {
		t.Fatalf(""Remote error: %v"", err)
	}

	got, err := stream.Recv()
	if err != nil {
		t.Fatalf(""failed to get first line: %v"", err)
	}
	expected := ""cell1-0000000001 test_keyspace <null> master localhost:3333 localhost:3334 [tag: \""value\""]\n""
	if logutil.EventString(got) != expected {
		t.Errorf(""Got unexpected log line '%v' expected '%v'"", got.String(), expected)
	}

	got, err = stream.Recv()
	if err != io.EOF {
		t.Errorf(""Didn't get end of log stream: %v %v"", got, err)
	}

	// run a command that's gonna fail
	stream, err = client.ExecuteVtctlCommand(ctx, []string{""ListAllTablets"", ""cell2""}, 30*time.Second)
	if err != nil {
		t.Fatalf(""Remote error: %v"", err)
	}

	got, err = stream.Recv()
	expected = ""node doesn't exist""
	if err == nil || !strings.Contains(err.Error(), expected) {
		t.Fatalf(""Unexpected remote error, got: '%v' was expecting to find '%v'"", err, expected)
	}

	// run a command that's gonna panic
	stream, err = client.ExecuteVtctlCommand(ctx, []string{""Panic""}, 30*time.Second)
	if err != nil {
		t.Fatalf(""Remote error: %v"", err)
	}

	got, err = stream.Recv()
	expected1 := ""this command panics on purpose""
	expected2 := ""uncaught vtctl panic""
	if err == nil || !strings.Contains(err.Error(), expected1) || !strings.Contains(err.Error(), expected2) {
		t.Fatalf(""Unexpected remote error, got: '%v' was expecting to find '%v' and '%v'"", err, expected1, expected2)
	}

	// and clean up the tablet
	if err := ts.DeleteTablet(ctx, tablet.Alias); err != nil {
		t.Errorf(""DeleteTablet: %v"", err)
	}
}","// Set up the default topo server to use memorytopo.
	topo.SetDefaultTopoServerFactory(func() topo.Server {
		return memorytopo.NewServer(10 * time.Second)
	})

	// Set up the default tablet manager client to use gRPC.
	tmclient.SetDefaultTMClientFactory(func() tmclient.TabletManagerClient {
		return tmclient.NewGRPCClient()
	})

	// Set up the default vtctl client to use the gRPC implementation.
	vtctlclient.SetDefaultVtctlClientFactory(func() vtctlclient.VtctlClient {
		return vtctlclient.NewGRPCClient()
	})

	// Set up the logger to use a test logger that captures output.
	logutil.SetLogger(&logutil.TestLogger{})
}"
qwen,Qwen/Qwen3-30B-A3B-Instruct-2507:nebius,go,GPL-3.0,vendor::github.com::youtube::vitess::go::vt::vtctl::vtctlclienttest::client.go,118,0.4,0,0.024390243902439025,"	// enforce we will use the right protocol (gRPC) (note the
	// client is unused, but it is initialized, so it needs to exist)
	*tmclient.TabletManagerProtocol = ""grpc""
}

// CreateTopoServer returns the test topo server properly configured
func CreateTopoServer(t *testing.T) topo.Server {
	return memorytopo.NewServer(""cell1"")
}

// TestSuite runs the test suite on the given topo server and client
func TestSuite(t *testing.T, ts topo.Server, client vtctlclient.VtctlClient) {
	ctx := context.Background()

	// Create a fake tablet
	tablet := &topodatapb.Tablet{
		Alias:    &topodatapb.TabletAlias{Cell: ""cell1"", Uid: 1},
		Hostname: ""localhost"",
		Ip:       ""10.11.12.13"",
		PortMap: map[string]int32{
			""vt"":    3333,
			""mysql"": 3334,
		},

		Tags:     map[string]string{""tag"": ""value""},
		Keyspace: ""test_keyspace"",
		Type:     topodatapb.TabletType_MASTER,
	}
	if err := ts.CreateTablet(ctx, tablet); err != nil {
		t.Errorf(""CreateTablet: %v"", err)
	}

	// run a command that's gonna return something on the log channel
	stream, err := client.ExecuteVtctlCommand(ctx, []string{""ListAllTablets"", ""cell1""}, 30*time.Second)
	if err != nil {
		t.Fatalf(""Remote error: %v"", err)
	}

	got, err := stream.Recv()
	if err != nil {
		t.Fatalf(""failed to get first line: %v"", err)
	}
	expected := ""cell1-0000000001 test_keyspace <null> master localhost:3333 localhost:3334 [tag: \""value\""]\n""
	if logutil.EventString(got) != expected {
		t.Errorf(""Got unexpected log line '%v' expected '%v'"", got.String(), expected)
	}

	got, err = stream.Recv()
	if err != io.EOF {
		t.Errorf(""Didn't get end of log stream: %v %v"", got, err)
	}

	// run a command that's gonna fail
	stream, err = client.ExecuteVtctlCommand(ctx, []string{""ListAllTablets"", ""cell2""}, 30*time.Second)
	if err != nil {
		t.Fatalf(""Remote error: %v"", err)
	}

	got, err = stream.Recv()
	expected = ""node doesn't exist""
	if err == nil || !strings.Contains(err.Error(), expected) {
		t.Fatalf(""Unexpected remote error, got: '%v' was expecting to find '%v'"", err, expected)
	}

	// run a command that's gonna panic
	stream, err = client.ExecuteVtctlCommand(ctx, []string{""Panic""}, 30*time.Second)
	if err != nil {
		t.Fatalf(""Remote error: %v"", err)
	}

	got, err = stream.Recv()
	expected1 := ""this command panics on purpose""
	expected2 := ""uncaught vtctl panic""
	if err == nil || !strings.Contains(err.Error(), expected1) || !strings.Contains(err.Error(), expected2) {
		t.Fatalf(""Unexpected remote error, got: '%v' was expecting to find '%v' and '%v'"", err, expected1, expected2)
	}

	// and clean up the tablet
	if err := ts.DeleteTablet(ctx, tablet.Alias); err != nil {
		t.Errorf(""DeleteTablet: %v"", err)
	}
}","// Register the memory topo server as the default topo server for tests.
	topo.RegisterTopoServer(""memory"", func() topo.Server {
		return memorytopo.NewServer(""test_cell"")
	})
}"
qwen,Qwen/Qwen3-30B-A3B-Instruct-2507:nebius,go,GPL-3.0,vendor::github.com::youtube::vitess::go::vt::vtctl::vtctlclienttest::client.go,118,0.8,0,0.0,"	// enforce we will use the right protocol (gRPC) (note the
	// client is unused, but it is initialized, so it needs to exist)
	*tmclient.TabletManagerProtocol = ""grpc""
}

// CreateTopoServer returns the test topo server properly configured
func CreateTopoServer(t *testing.T) topo.Server {
	return memorytopo.NewServer(""cell1"")
}

// TestSuite runs the test suite on the given topo server and client
func TestSuite(t *testing.T, ts topo.Server, client vtctlclient.VtctlClient) {
	ctx := context.Background()

	// Create a fake tablet
	tablet := &topodatapb.Tablet{
		Alias:    &topodatapb.TabletAlias{Cell: ""cell1"", Uid: 1},
		Hostname: ""localhost"",
		Ip:       ""10.11.12.13"",
		PortMap: map[string]int32{
			""vt"":    3333,
			""mysql"": 3334,
		},

		Tags:     map[string]string{""tag"": ""value""},
		Keyspace: ""test_keyspace"",
		Type:     topodatapb.TabletType_MASTER,
	}
	if err := ts.CreateTablet(ctx, tablet); err != nil {
		t.Errorf(""CreateTablet: %v"", err)
	}

	// run a command that's gonna return something on the log channel
	stream, err := client.ExecuteVtctlCommand(ctx, []string{""ListAllTablets"", ""cell1""}, 30*time.Second)
	if err != nil {
		t.Fatalf(""Remote error: %v"", err)
	}

	got, err := stream.Recv()
	if err != nil {
		t.Fatalf(""failed to get first line: %v"", err)
	}
	expected := ""cell1-0000000001 test_keyspace <null> master localhost:3333 localhost:3334 [tag: \""value\""]\n""
	if logutil.EventString(got) != expected {
		t.Errorf(""Got unexpected log line '%v' expected '%v'"", got.String(), expected)
	}

	got, err = stream.Recv()
	if err != io.EOF {
		t.Errorf(""Didn't get end of log stream: %v %v"", got, err)
	}

	// run a command that's gonna fail
	stream, err = client.ExecuteVtctlCommand(ctx, []string{""ListAllTablets"", ""cell2""}, 30*time.Second)
	if err != nil {
		t.Fatalf(""Remote error: %v"", err)
	}

	got, err = stream.Recv()
	expected = ""node doesn't exist""
	if err == nil || !strings.Contains(err.Error(), expected) {
		t.Fatalf(""Unexpected remote error, got: '%v' was expecting to find '%v'"", err, expected)
	}

	// run a command that's gonna panic
	stream, err = client.ExecuteVtctlCommand(ctx, []string{""Panic""}, 30*time.Second)
	if err != nil {
		t.Fatalf(""Remote error: %v"", err)
	}

	got, err = stream.Recv()
	expected1 := ""this command panics on purpose""
	expected2 := ""uncaught vtctl panic""
	if err == nil || !strings.Contains(err.Error(), expected1) || !strings.Contains(err.Error(), expected2) {
		t.Fatalf(""Unexpected remote error, got: '%v' was expecting to find '%v' and '%v'"", err, expected1, expected2)
	}

	// and clean up the tablet
	if err := ts.DeleteTablet(ctx, tablet.Alias); err != nil {
		t.Errorf(""DeleteTablet: %v"", err)
	}
}","// Register the memory topo server as the default implementation for testing.
	topo.RegisterServer(""memory"", memorytopo.NewServer)
}"
qwen,Qwen/Qwen3-30B-A3B-Instruct-2507:nebius,go,GPL-3.0,daemon::info_unix.go,317,0.2,0,0.20502901353965183,"		}
	} else {
		if !v.MemoryLimit {
			v.Warnings = append(v.Warnings, ""WARNING: No memory limit support"")
		}
		if !v.SwapLimit {
			v.Warnings = append(v.Warnings, ""WARNING: No swap limit support"")
		}
		if !v.KernelMemoryTCP && v.CgroupVersion == ""1"" {
			// kernel memory is not available for cgroup v2.
			// Warning is not printed on cgroup v2, because there is no action user can take.
			v.Warnings = append(v.Warnings, ""WARNING: No kernel memory TCP limit support"")
		}
		if !v.OomKillDisable && v.CgroupVersion == ""1"" {
			// oom kill disable is not available for cgroup v2.
			// Warning is not printed on cgroup v2, because there is no action user can take.
			v.Warnings = append(v.Warnings, ""WARNING: No oom kill disable support"")
		}
		if !v.CPUCfsQuota {
			v.Warnings = append(v.Warnings, ""WARNING: No cpu cfs quota support"")
		}
		if !v.CPUCfsPeriod {
			v.Warnings = append(v.Warnings, ""WARNING: No cpu cfs period support"")
		}
		if !v.CPUShares {
			v.Warnings = append(v.Warnings, ""WARNING: No cpu shares support"")
		}
		if !v.CPUSet {
			v.Warnings = append(v.Warnings, ""WARNING: No cpuset support"")
		}
		// TODO add fields for these options in types.Info
		if !sysInfo.BlkioWeight && v.CgroupVersion == ""2"" {
			// blkio weight is not available on cgroup v1 since kernel 5.0.
			// Warning is not printed on cgroup v1, because there is no action user can take.
			// On cgroup v2, blkio weight is implemented using io.weight
			v.Warnings = append(v.Warnings, ""WARNING: No io.weight support"")
		}
		if !sysInfo.BlkioWeightDevice && v.CgroupVersion == ""2"" {
			v.Warnings = append(v.Warnings, ""WARNING: No io.weight (per device) support"")
		}
		if !sysInfo.BlkioReadBpsDevice {
			if v.CgroupVersion == ""2"" {
				v.Warnings = append(v.Warnings, ""WARNING: No io.max (rbps) support"")
			} else {
				v.Warnings = append(v.Warnings, ""WARNING: No blkio throttle.read_bps_device support"")
			}
		}
		if !sysInfo.BlkioWriteBpsDevice {
			if v.CgroupVersion == ""2"" {
				v.Warnings = append(v.Warnings, ""WARNING: No io.max (wbps) support"")
			} else {
				v.Warnings = append(v.Warnings, ""WARNING: No blkio throttle.write_bps_device support"")
			}
		}
		if !sysInfo.BlkioReadIOpsDevice {
			if v.CgroupVersion == ""2"" {
				v.Warnings = append(v.Warnings, ""WARNING: No io.max (riops) support"")
			} else {
				v.Warnings = append(v.Warnings, ""WARNING: No blkio throttle.read_iops_device support"")
			}
		}
		if !sysInfo.BlkioWriteIOpsDevice {
			if v.CgroupVersion == ""2"" {
				v.Warnings = append(v.Warnings, ""WARNING: No io.max (wiops) support"")
			} else {
				v.Warnings = append(v.Warnings, ""WARNING: No blkio throttle.write_iops_device support"")
			}
		}
	}
	if !v.IPv4Forwarding {
		v.Warnings = append(v.Warnings, ""WARNING: IPv4 forwarding is disabled"")
	}
	if !v.BridgeNfIptables {
		v.Warnings = append(v.Warnings, ""WARNING: bridge-nf-call-iptables is disabled"")
	}
	if !v.BridgeNfIP6tables {
		v.Warnings = append(v.Warnings, ""WARNING: bridge-nf-call-ip6tables is disabled"")
	}
}

func (daemon *Daemon) fillPlatformVersion(v *types.Version) {
	if rv, err := daemon.containerd.Version(context.Background()); err == nil {
		v.Components = append(v.Components, types.ComponentVersion{
			Name:    ""containerd"",
			Version: rv.Version,
			Details: map[string]string{
				""GitCommit"": rv.Revision,
			},
		})
	}

	defaultRuntime := daemon.configStore.GetDefaultRuntimeName()
	defaultRuntimeBinary := daemon.configStore.GetRuntime(defaultRuntime).Path
	if rv, err := exec.Command(defaultRuntimeBinary, ""--version"").Output(); err == nil {
		if _, ver, commit, err := parseRuntimeVersion(string(rv)); err != nil {
			logrus.Warnf(""failed to parse %s version: %v"", defaultRuntimeBinary, err)
		} else {
			v.Components = append(v.Components, types.ComponentVersion{
				Name:    defaultRuntime,
				Version: ver,
				Details: map[string]string{
					""GitCommit"": commit,
				},
			})
		}
	} else {
		logrus.Warnf(""failed to retrieve %s version: %v"", defaultRuntimeBinary, err)
	}

	defaultInitBinary := daemon.configStore.GetInitPath()
	if rv, err := exec.Command(defaultInitBinary, ""--version"").Output(); err == nil {
		if ver, commit, err := parseInitVersion(string(rv)); err != nil {
			logrus.Warnf(""failed to parse %s version: %s"", defaultInitBinary, err)
		} else {
			v.Components = append(v.Components, types.ComponentVersion{
				Name:    filepath.Base(defaultInitBinary),
				Version: ver,
				Details: map[string]string{
					""GitCommit"": commit,
				},
			})
		}
	} else {
		logrus.Warnf(""failed to retrieve %s version: %s"", defaultInitBinary, err)
	}
}

func fillDriverWarnings(v *types.Info) {
	for _, pair := range v.DriverStatus {
		if pair[0] == ""Data loop file"" {
			msg := fmt.Sprintf(""WARNING: %s: usage of loopback devices is ""+
				""strongly discouraged for production use.\n         ""+
				""Use `--storage-opt dm.thinpooldev` to specify a custom block storage device."", v.Driver)

			v.Warnings = append(v.Warnings, msg)
			continue
		}
		if pair[0] == ""Supports d_type"" && pair[1] == ""false"" {
			backingFs := getBackingFs(v)

			msg := fmt.Sprintf(""WARNING: %s: the backing %s filesystem is formatted without d_type support, which leads to incorrect behavior.\n"", v.Driver, backingFs)
			if backingFs == ""xfs"" {
				msg += ""         Reformat the filesystem with ftype=1 to enable d_type support.\n""
			}
			msg += ""         Running without d_type support will not be supported in future releases.""

			v.Warnings = append(v.Warnings, msg)
			continue
		}
	}
}

func getBackingFs(v *types.Info) string {
	for _, pair := range v.DriverStatus {
		if pair[0] == ""Backing Filesystem"" {
			return pair[1]
		}
	}
	return """"
}

// parseInitVersion parses a Tini version string, and extracts the ""version""
// and ""git commit"" from the output.
//
// Output example from `docker-init --version`:
//
//     tini version 0.18.0 - git.fec3683
func parseInitVersion(v string) (version string, commit string, err error) {
	parts := strings.Split(v, "" - "")

	if len(parts) >= 2 {
		gitParts := strings.Split(strings.TrimSpace(parts[1]), ""."")
		if len(gitParts) == 2 && gitParts[0] == ""git"" {
			commit = gitParts[1]
		}
	}
	parts[0] = strings.TrimSpace(parts[0])
	if strings.HasPrefix(parts[0], ""tini version "") {
		version = strings.TrimPrefix(parts[0], ""tini version "")
	}
	if version == """" && commit == """" {
		err = errors.Errorf(""unknown output format: %s"", v)
	}
	return version, commit, err
}

// parseRuntimeVersion parses the output of `[runtime] --version` and extracts the
// ""name"", ""version"" and ""git commit"" from the output.
//
// Output example from `runc --version`:
//
//   runc version 1.0.0-rc5+dev
//   commit: 69663f0bd4b60df09991c08812a60108003fa340
//   spec: 1.0.0
func parseRuntimeVersion(v string) (runtime string, version string, commit string, err error) {
	lines := strings.Split(strings.TrimSpace(v), ""\n"")
	for _, line := range lines {
		if strings.Contains(line, ""version"") {
			s := strings.Split(line, ""version"")
			runtime = strings.TrimSpace(s[0])
			version = strings.TrimSpace(s[len(s)-1])
			continue
		}
		if strings.HasPrefix(line, ""commit:"") {
			commit = strings.TrimSpace(strings.TrimPrefix(line, ""commit:""))
			continue
		}
	}
	if version == """" && commit == """" {
		err = errors.Errorf(""unknown output format: %s"", v)
	}
	return runtime, version, commit, err
}

func (daemon *Daemon) cgroupNamespacesEnabled(sysInfo *sysinfo.SysInfo) bool {
	return sysInfo.CgroupNamespaces && containertypes.CgroupnsMode(daemon.configStore.CgroupNamespaceMode).IsPrivate()
}

// Rootless returns true if daemon is running in rootless mode
func (daemon *Daemon) Rootless() bool {
	return daemon.configStore.Rootless
}","}
	} else if v.CgroupDriver == cgroupSystemdDriver && v.CgroupVersion == ""2"" {
		// Check if systemd is running and cgroups are properly set up
		if _, err := exec.Command(""systemctl"", ""is-active"", ""systemd"").Output(); err != nil {
			v.Warnings = append(v.Warnings, ""WARNING: systemd is not running. Cgroup v2 may not be properly configured."")
		}
	}

	// Check for known issues with cgroup v1 and rootless mode
	if v.CgroupDriver == cgroupCfsDriver && v.CgroupVersion == ""1"" && daemon.configStore.IsRootless() {
		if _, err := exec.Command(""mount"", ""-t"", ""cgroup"", ""cgroup"").Output(); err != nil {
			v.Warnings = append(v.Warnings, ""WARNING: cgroup v1 is not properly mounted in rootless mode. This may cause issues with resource limits."")
		}
	}

	// Check if the system has enough memory to run Docker
	if sysInfo.MemoryLimit > 0 && sysInfo.MemoryLimit < 1024*1024*1024 { //"
qwen,Qwen/Qwen3-30B-A3B-Instruct-2507:nebius,go,GPL-3.0,daemon::info_unix.go,317,0.4,0,0.0,"		}
	} else {
		if !v.MemoryLimit {
			v.Warnings = append(v.Warnings, ""WARNING: No memory limit support"")
		}
		if !v.SwapLimit {
			v.Warnings = append(v.Warnings, ""WARNING: No swap limit support"")
		}
		if !v.KernelMemoryTCP && v.CgroupVersion == ""1"" {
			// kernel memory is not available for cgroup v2.
			// Warning is not printed on cgroup v2, because there is no action user can take.
			v.Warnings = append(v.Warnings, ""WARNING: No kernel memory TCP limit support"")
		}
		if !v.OomKillDisable && v.CgroupVersion == ""1"" {
			// oom kill disable is not available for cgroup v2.
			// Warning is not printed on cgroup v2, because there is no action user can take.
			v.Warnings = append(v.Warnings, ""WARNING: No oom kill disable support"")
		}
		if !v.CPUCfsQuota {
			v.Warnings = append(v.Warnings, ""WARNING: No cpu cfs quota support"")
		}
		if !v.CPUCfsPeriod {
			v.Warnings = append(v.Warnings, ""WARNING: No cpu cfs period support"")
		}
		if !v.CPUShares {
			v.Warnings = append(v.Warnings, ""WARNING: No cpu shares support"")
		}
		if !v.CPUSet {
			v.Warnings = append(v.Warnings, ""WARNING: No cpuset support"")
		}
		// TODO add fields for these options in types.Info
		if !sysInfo.BlkioWeight && v.CgroupVersion == ""2"" {
			// blkio weight is not available on cgroup v1 since kernel 5.0.
			// Warning is not printed on cgroup v1, because there is no action user can take.
			// On cgroup v2, blkio weight is implemented using io.weight
			v.Warnings = append(v.Warnings, ""WARNING: No io.weight support"")
		}
		if !sysInfo.BlkioWeightDevice && v.CgroupVersion == ""2"" {
			v.Warnings = append(v.Warnings, ""WARNING: No io.weight (per device) support"")
		}
		if !sysInfo.BlkioReadBpsDevice {
			if v.CgroupVersion == ""2"" {
				v.Warnings = append(v.Warnings, ""WARNING: No io.max (rbps) support"")
			} else {
				v.Warnings = append(v.Warnings, ""WARNING: No blkio throttle.read_bps_device support"")
			}
		}
		if !sysInfo.BlkioWriteBpsDevice {
			if v.CgroupVersion == ""2"" {
				v.Warnings = append(v.Warnings, ""WARNING: No io.max (wbps) support"")
			} else {
				v.Warnings = append(v.Warnings, ""WARNING: No blkio throttle.write_bps_device support"")
			}
		}
		if !sysInfo.BlkioReadIOpsDevice {
			if v.CgroupVersion == ""2"" {
				v.Warnings = append(v.Warnings, ""WARNING: No io.max (riops) support"")
			} else {
				v.Warnings = append(v.Warnings, ""WARNING: No blkio throttle.read_iops_device support"")
			}
		}
		if !sysInfo.BlkioWriteIOpsDevice {
			if v.CgroupVersion == ""2"" {
				v.Warnings = append(v.Warnings, ""WARNING: No io.max (wiops) support"")
			} else {
				v.Warnings = append(v.Warnings, ""WARNING: No blkio throttle.write_iops_device support"")
			}
		}
	}
	if !v.IPv4Forwarding {
		v.Warnings = append(v.Warnings, ""WARNING: IPv4 forwarding is disabled"")
	}
	if !v.BridgeNfIptables {
		v.Warnings = append(v.Warnings, ""WARNING: bridge-nf-call-iptables is disabled"")
	}
	if !v.BridgeNfIP6tables {
		v.Warnings = append(v.Warnings, ""WARNING: bridge-nf-call-ip6tables is disabled"")
	}
}

func (daemon *Daemon) fillPlatformVersion(v *types.Version) {
	if rv, err := daemon.containerd.Version(context.Background()); err == nil {
		v.Components = append(v.Components, types.ComponentVersion{
			Name:    ""containerd"",
			Version: rv.Version,
			Details: map[string]string{
				""GitCommit"": rv.Revision,
			},
		})
	}

	defaultRuntime := daemon.configStore.GetDefaultRuntimeName()
	defaultRuntimeBinary := daemon.configStore.GetRuntime(defaultRuntime).Path
	if rv, err := exec.Command(defaultRuntimeBinary, ""--version"").Output(); err == nil {
		if _, ver, commit, err := parseRuntimeVersion(string(rv)); err != nil {
			logrus.Warnf(""failed to parse %s version: %v"", defaultRuntimeBinary, err)
		} else {
			v.Components = append(v.Components, types.ComponentVersion{
				Name:    defaultRuntime,
				Version: ver,
				Details: map[string]string{
					""GitCommit"": commit,
				},
			})
		}
	} else {
		logrus.Warnf(""failed to retrieve %s version: %v"", defaultRuntimeBinary, err)
	}

	defaultInitBinary := daemon.configStore.GetInitPath()
	if rv, err := exec.Command(defaultInitBinary, ""--version"").Output(); err == nil {
		if ver, commit, err := parseInitVersion(string(rv)); err != nil {
			logrus.Warnf(""failed to parse %s version: %s"", defaultInitBinary, err)
		} else {
			v.Components = append(v.Components, types.ComponentVersion{
				Name:    filepath.Base(defaultInitBinary),
				Version: ver,
				Details: map[string]string{
					""GitCommit"": commit,
				},
			})
		}
	} else {
		logrus.Warnf(""failed to retrieve %s version: %s"", defaultInitBinary, err)
	}
}

func fillDriverWarnings(v *types.Info) {
	for _, pair := range v.DriverStatus {
		if pair[0] == ""Data loop file"" {
			msg := fmt.Sprintf(""WARNING: %s: usage of loopback devices is ""+
				""strongly discouraged for production use.\n         ""+
				""Use `--storage-opt dm.thinpooldev` to specify a custom block storage device."", v.Driver)

			v.Warnings = append(v.Warnings, msg)
			continue
		}
		if pair[0] == ""Supports d_type"" && pair[1] == ""false"" {
			backingFs := getBackingFs(v)

			msg := fmt.Sprintf(""WARNING: %s: the backing %s filesystem is formatted without d_type support, which leads to incorrect behavior.\n"", v.Driver, backingFs)
			if backingFs == ""xfs"" {
				msg += ""         Reformat the filesystem with ftype=1 to enable d_type support.\n""
			}
			msg += ""         Running without d_type support will not be supported in future releases.""

			v.Warnings = append(v.Warnings, msg)
			continue
		}
	}
}

func getBackingFs(v *types.Info) string {
	for _, pair := range v.DriverStatus {
		if pair[0] == ""Backing Filesystem"" {
			return pair[1]
		}
	}
	return """"
}

// parseInitVersion parses a Tini version string, and extracts the ""version""
// and ""git commit"" from the output.
//
// Output example from `docker-init --version`:
//
//     tini version 0.18.0 - git.fec3683
func parseInitVersion(v string) (version string, commit string, err error) {
	parts := strings.Split(v, "" - "")

	if len(parts) >= 2 {
		gitParts := strings.Split(strings.TrimSpace(parts[1]), ""."")
		if len(gitParts) == 2 && gitParts[0] == ""git"" {
			commit = gitParts[1]
		}
	}
	parts[0] = strings.TrimSpace(parts[0])
	if strings.HasPrefix(parts[0], ""tini version "") {
		version = strings.TrimPrefix(parts[0], ""tini version "")
	}
	if version == """" && commit == """" {
		err = errors.Errorf(""unknown output format: %s"", v)
	}
	return version, commit, err
}

// parseRuntimeVersion parses the output of `[runtime] --version` and extracts the
// ""name"", ""version"" and ""git commit"" from the output.
//
// Output example from `runc --version`:
//
//   runc version 1.0.0-rc5+dev
//   commit: 69663f0bd4b60df09991c08812a60108003fa340
//   spec: 1.0.0
func parseRuntimeVersion(v string) (runtime string, version string, commit string, err error) {
	lines := strings.Split(strings.TrimSpace(v), ""\n"")
	for _, line := range lines {
		if strings.Contains(line, ""version"") {
			s := strings.Split(line, ""version"")
			runtime = strings.TrimSpace(s[0])
			version = strings.TrimSpace(s[len(s)-1])
			continue
		}
		if strings.HasPrefix(line, ""commit:"") {
			commit = strings.TrimSpace(strings.TrimPrefix(line, ""commit:""))
			continue
		}
	}
	if version == """" && commit == """" {
		err = errors.Errorf(""unknown output format: %s"", v)
	}
	return runtime, version, commit, err
}

func (daemon *Daemon) cgroupNamespacesEnabled(sysInfo *sysinfo.SysInfo) bool {
	return sysInfo.CgroupNamespaces && containertypes.CgroupnsMode(daemon.configStore.CgroupNamespaceMode).IsPrivate()
}

// Rootless returns true if daemon is running in rootless mode
func (daemon *Daemon) Rootless() bool {
	return daemon.configStore.Rootless
}","}
	}
}"
qwen,Qwen/Qwen3-30B-A3B-Instruct-2507:nebius,go,GPL-3.0,daemon::info_unix.go,317,0.8,0,0.2003853564547206,"		}
	} else {
		if !v.MemoryLimit {
			v.Warnings = append(v.Warnings, ""WARNING: No memory limit support"")
		}
		if !v.SwapLimit {
			v.Warnings = append(v.Warnings, ""WARNING: No swap limit support"")
		}
		if !v.KernelMemoryTCP && v.CgroupVersion == ""1"" {
			// kernel memory is not available for cgroup v2.
			// Warning is not printed on cgroup v2, because there is no action user can take.
			v.Warnings = append(v.Warnings, ""WARNING: No kernel memory TCP limit support"")
		}
		if !v.OomKillDisable && v.CgroupVersion == ""1"" {
			// oom kill disable is not available for cgroup v2.
			// Warning is not printed on cgroup v2, because there is no action user can take.
			v.Warnings = append(v.Warnings, ""WARNING: No oom kill disable support"")
		}
		if !v.CPUCfsQuota {
			v.Warnings = append(v.Warnings, ""WARNING: No cpu cfs quota support"")
		}
		if !v.CPUCfsPeriod {
			v.Warnings = append(v.Warnings, ""WARNING: No cpu cfs period support"")
		}
		if !v.CPUShares {
			v.Warnings = append(v.Warnings, ""WARNING: No cpu shares support"")
		}
		if !v.CPUSet {
			v.Warnings = append(v.Warnings, ""WARNING: No cpuset support"")
		}
		// TODO add fields for these options in types.Info
		if !sysInfo.BlkioWeight && v.CgroupVersion == ""2"" {
			// blkio weight is not available on cgroup v1 since kernel 5.0.
			// Warning is not printed on cgroup v1, because there is no action user can take.
			// On cgroup v2, blkio weight is implemented using io.weight
			v.Warnings = append(v.Warnings, ""WARNING: No io.weight support"")
		}
		if !sysInfo.BlkioWeightDevice && v.CgroupVersion == ""2"" {
			v.Warnings = append(v.Warnings, ""WARNING: No io.weight (per device) support"")
		}
		if !sysInfo.BlkioReadBpsDevice {
			if v.CgroupVersion == ""2"" {
				v.Warnings = append(v.Warnings, ""WARNING: No io.max (rbps) support"")
			} else {
				v.Warnings = append(v.Warnings, ""WARNING: No blkio throttle.read_bps_device support"")
			}
		}
		if !sysInfo.BlkioWriteBpsDevice {
			if v.CgroupVersion == ""2"" {
				v.Warnings = append(v.Warnings, ""WARNING: No io.max (wbps) support"")
			} else {
				v.Warnings = append(v.Warnings, ""WARNING: No blkio throttle.write_bps_device support"")
			}
		}
		if !sysInfo.BlkioReadIOpsDevice {
			if v.CgroupVersion == ""2"" {
				v.Warnings = append(v.Warnings, ""WARNING: No io.max (riops) support"")
			} else {
				v.Warnings = append(v.Warnings, ""WARNING: No blkio throttle.read_iops_device support"")
			}
		}
		if !sysInfo.BlkioWriteIOpsDevice {
			if v.CgroupVersion == ""2"" {
				v.Warnings = append(v.Warnings, ""WARNING: No io.max (wiops) support"")
			} else {
				v.Warnings = append(v.Warnings, ""WARNING: No blkio throttle.write_iops_device support"")
			}
		}
	}
	if !v.IPv4Forwarding {
		v.Warnings = append(v.Warnings, ""WARNING: IPv4 forwarding is disabled"")
	}
	if !v.BridgeNfIptables {
		v.Warnings = append(v.Warnings, ""WARNING: bridge-nf-call-iptables is disabled"")
	}
	if !v.BridgeNfIP6tables {
		v.Warnings = append(v.Warnings, ""WARNING: bridge-nf-call-ip6tables is disabled"")
	}
}

func (daemon *Daemon) fillPlatformVersion(v *types.Version) {
	if rv, err := daemon.containerd.Version(context.Background()); err == nil {
		v.Components = append(v.Components, types.ComponentVersion{
			Name:    ""containerd"",
			Version: rv.Version,
			Details: map[string]string{
				""GitCommit"": rv.Revision,
			},
		})
	}

	defaultRuntime := daemon.configStore.GetDefaultRuntimeName()
	defaultRuntimeBinary := daemon.configStore.GetRuntime(defaultRuntime).Path
	if rv, err := exec.Command(defaultRuntimeBinary, ""--version"").Output(); err == nil {
		if _, ver, commit, err := parseRuntimeVersion(string(rv)); err != nil {
			logrus.Warnf(""failed to parse %s version: %v"", defaultRuntimeBinary, err)
		} else {
			v.Components = append(v.Components, types.ComponentVersion{
				Name:    defaultRuntime,
				Version: ver,
				Details: map[string]string{
					""GitCommit"": commit,
				},
			})
		}
	} else {
		logrus.Warnf(""failed to retrieve %s version: %v"", defaultRuntimeBinary, err)
	}

	defaultInitBinary := daemon.configStore.GetInitPath()
	if rv, err := exec.Command(defaultInitBinary, ""--version"").Output(); err == nil {
		if ver, commit, err := parseInitVersion(string(rv)); err != nil {
			logrus.Warnf(""failed to parse %s version: %s"", defaultInitBinary, err)
		} else {
			v.Components = append(v.Components, types.ComponentVersion{
				Name:    filepath.Base(defaultInitBinary),
				Version: ver,
				Details: map[string]string{
					""GitCommit"": commit,
				},
			})
		}
	} else {
		logrus.Warnf(""failed to retrieve %s version: %s"", defaultInitBinary, err)
	}
}

func fillDriverWarnings(v *types.Info) {
	for _, pair := range v.DriverStatus {
		if pair[0] == ""Data loop file"" {
			msg := fmt.Sprintf(""WARNING: %s: usage of loopback devices is ""+
				""strongly discouraged for production use.\n         ""+
				""Use `--storage-opt dm.thinpooldev` to specify a custom block storage device."", v.Driver)

			v.Warnings = append(v.Warnings, msg)
			continue
		}
		if pair[0] == ""Supports d_type"" && pair[1] == ""false"" {
			backingFs := getBackingFs(v)

			msg := fmt.Sprintf(""WARNING: %s: the backing %s filesystem is formatted without d_type support, which leads to incorrect behavior.\n"", v.Driver, backingFs)
			if backingFs == ""xfs"" {
				msg += ""         Reformat the filesystem with ftype=1 to enable d_type support.\n""
			}
			msg += ""         Running without d_type support will not be supported in future releases.""

			v.Warnings = append(v.Warnings, msg)
			continue
		}
	}
}

func getBackingFs(v *types.Info) string {
	for _, pair := range v.DriverStatus {
		if pair[0] == ""Backing Filesystem"" {
			return pair[1]
		}
	}
	return """"
}

// parseInitVersion parses a Tini version string, and extracts the ""version""
// and ""git commit"" from the output.
//
// Output example from `docker-init --version`:
//
//     tini version 0.18.0 - git.fec3683
func parseInitVersion(v string) (version string, commit string, err error) {
	parts := strings.Split(v, "" - "")

	if len(parts) >= 2 {
		gitParts := strings.Split(strings.TrimSpace(parts[1]), ""."")
		if len(gitParts) == 2 && gitParts[0] == ""git"" {
			commit = gitParts[1]
		}
	}
	parts[0] = strings.TrimSpace(parts[0])
	if strings.HasPrefix(parts[0], ""tini version "") {
		version = strings.TrimPrefix(parts[0], ""tini version "")
	}
	if version == """" && commit == """" {
		err = errors.Errorf(""unknown output format: %s"", v)
	}
	return version, commit, err
}

// parseRuntimeVersion parses the output of `[runtime] --version` and extracts the
// ""name"", ""version"" and ""git commit"" from the output.
//
// Output example from `runc --version`:
//
//   runc version 1.0.0-rc5+dev
//   commit: 69663f0bd4b60df09991c08812a60108003fa340
//   spec: 1.0.0
func parseRuntimeVersion(v string) (runtime string, version string, commit string, err error) {
	lines := strings.Split(strings.TrimSpace(v), ""\n"")
	for _, line := range lines {
		if strings.Contains(line, ""version"") {
			s := strings.Split(line, ""version"")
			runtime = strings.TrimSpace(s[0])
			version = strings.TrimSpace(s[len(s)-1])
			continue
		}
		if strings.HasPrefix(line, ""commit:"") {
			commit = strings.TrimSpace(strings.TrimPrefix(line, ""commit:""))
			continue
		}
	}
	if version == """" && commit == """" {
		err = errors.Errorf(""unknown output format: %s"", v)
	}
	return runtime, version, commit, err
}

func (daemon *Daemon) cgroupNamespacesEnabled(sysInfo *sysinfo.SysInfo) bool {
	return sysInfo.CgroupNamespaces && containertypes.CgroupnsMode(daemon.configStore.CgroupNamespaceMode).IsPrivate()
}

// Rootless returns true if daemon is running in rootless mode
func (daemon *Daemon) Rootless() bool {
	return daemon.configStore.Rootless
}","}
	} else if v.CgroupDriver == cgroupSystemdDriver && v.CgroupVersion == ""2"" {
		// Check if systemd is available and supports cgroups v2
		if _, err := exec.Command(""systemd-detect-virt"", ""--vm"").Output(); err != nil {
			v.Warnings = append(v.Warnings, ""WARNING: systemd is not available, cgroups v2 may not be fully functional."")
		}
	} else if v.CgroupDriver == cgroupSystemdDriver && v.CgroupVersion == ""1"" {
		// For cgroup v1 with systemd, verify that systemd is properly configured
		if _, err := exec.Command(""systemd-detect-virt"").Output(); err != nil {
			v.Warnings = append(v.Warnings, ""WARNING: systemd is not available, cgroup v1 may not be fully functional."")
		}
	}

	// Check for known issues with overlay filesystem
	if sysInfo.OverlayFS {
		if _, err := exec.Command(""mount"", ""-t"", ""overlay"", ""none"", ""/tmp/docker-overlay-test"").Output(); err != nil {
			v.Warnings = append(v.Warnings, ""WARNING: overlay:"
qwen,Qwen/Qwen3-30B-A3B-Instruct-2507:nebius,go,GPL-3.0,api::client::ps.go,177,0.2,0,0.23220973782771537,"		v.Set(""all"", ""1"")
	}

	if *last != -1 {
		v.Set(""limit"", strconv.Itoa(*last))
	}

	if *since != """" {
		v.Set(""since"", *since)
	}

	if *before != """" {
		v.Set(""before"", *before)
	}

	if *size {
		v.Set(""size"", ""1"")
	}

	// Consolidate all filter flags, and sanity check them.
	// They'll get processed in the daemon/server.
	for _, f := range flFilter.GetAll() {
		if psFilterArgs, err = filters.ParseFlag(f, psFilterArgs); err != nil {
			return err
		}
	}

	if len(psFilterArgs) > 0 {
		filterJSON, err := filters.ToParam(psFilterArgs)
		if err != nil {
			return err
		}

		v.Set(""filters"", filterJSON)
	}

	rdr, _, err := cli.call(""GET"", ""/containers/json?""+v.Encode(), nil, nil)
	if err != nil {
		return err
	}

	containers := []types.Container{}
	err = json.NewDecoder(rdr).Decode(&containers)
	if err != nil {
		return err
	}

	w := tabwriter.NewWriter(cli.out, 20, 1, 3, ' ', 0)
	if !*quiet {
		fmt.Fprint(w, ""CONTAINER ID\tIMAGE\tCOMMAND\tCREATED\tSTATUS\tPORTS\tNAMES"")

		if *size {
			fmt.Fprintln(w, ""\tSIZE"")
		} else {
			fmt.Fprint(w, ""\n"")
		}
	}

	stripNamePrefix := func(ss []string) []string {
		for i, s := range ss {
			ss[i] = s[1:]
		}

		return ss
	}

	for _, container := range containers {
		ID := container.ID

		if !*noTrunc {
			ID = stringid.TruncateID(ID)
		}

		if *quiet {
			fmt.Fprintln(w, ID)

			continue
		}

		var (
			names   = stripNamePrefix(container.Names)
			command = strconv.Quote(container.Command)
		)

		if !*noTrunc {
			command = utils.Trunc(command, 20)

			// only display the default name for the container with notrunc is passed
			for _, name := range names {
				if len(strings.Split(name, ""/"")) == 1 {
					names = []string{name}
					break
				}
			}
		}

		image := container.Image
		if image == """" {
			image = ""<no image>""
		}

		fmt.Fprintf(w, ""%s\t%s\t%s\t%s ago\t%s\t%s\t%s\t"", ID, image, command,
			units.HumanDuration(time.Now().UTC().Sub(time.Unix(int64(container.Created), 0))),
			container.Status, api.NewDisplayablePorts(container.Ports), strings.Join(names, "",""))

		if *size {
			if container.SizeRootFs > 0 {
				fmt.Fprintf(w, ""%s (virtual %s)\n"", units.HumanSize(float64(container.SizeRw)), units.HumanSize(float64(container.SizeRootFs)))
			} else {
				fmt.Fprintf(w, ""%s\n"", units.HumanSize(float64(container.SizeRw)))
			}

			continue
		}

		fmt.Fprint(w, ""\n"")
	}

	if !*quiet {
		w.Flush()
	}

	return nil
}","v.Set(""all"", ""1"")
	}
	if *size {
		v.Set(""size"", ""1"")
	}
	if *quiet {
		v.Set(""quiet"", ""1"")
	}
	if *noTrunc {
		v.Set(""no-trunc"", ""1"")
	}
	if *last > 0 {
		v.Set(""limit"", strconv.Itoa(*last))
	}
	if *since != """" {
		v.Set(""since"", *since)
	}
	if *before != """" {
		v.Set(""before"", *before)
	}

	if flFilter.Get() != nil {
		for _, f := range flFilter.Get() {
			if err := psFilterArgs.Parse(f); err != nil {
				return err
			}
		}
	}

	// Set filters in query parameters
	for key, values := range psFilterArgs {
		for _, value := range values {
			v.Add(""filter"", fmt.Sprintf(""%s=%s"", key, value))
		}
	}

	// Make the API call
	resp, err := cli.call(""GET"", ""/containers/json?""+v.Encode(), nil, nil)
	if err != nil {
		return err
	}
	defer resp.Body.Close()

	// Parse the response"
qwen,Qwen/Qwen3-30B-A3B-Instruct-2507:nebius,go,GPL-3.0,api::client::ps.go,177,0.4,0,0.23134328358208955,"		v.Set(""all"", ""1"")
	}

	if *last != -1 {
		v.Set(""limit"", strconv.Itoa(*last))
	}

	if *since != """" {
		v.Set(""since"", *since)
	}

	if *before != """" {
		v.Set(""before"", *before)
	}

	if *size {
		v.Set(""size"", ""1"")
	}

	// Consolidate all filter flags, and sanity check them.
	// They'll get processed in the daemon/server.
	for _, f := range flFilter.GetAll() {
		if psFilterArgs, err = filters.ParseFlag(f, psFilterArgs); err != nil {
			return err
		}
	}

	if len(psFilterArgs) > 0 {
		filterJSON, err := filters.ToParam(psFilterArgs)
		if err != nil {
			return err
		}

		v.Set(""filters"", filterJSON)
	}

	rdr, _, err := cli.call(""GET"", ""/containers/json?""+v.Encode(), nil, nil)
	if err != nil {
		return err
	}

	containers := []types.Container{}
	err = json.NewDecoder(rdr).Decode(&containers)
	if err != nil {
		return err
	}

	w := tabwriter.NewWriter(cli.out, 20, 1, 3, ' ', 0)
	if !*quiet {
		fmt.Fprint(w, ""CONTAINER ID\tIMAGE\tCOMMAND\tCREATED\tSTATUS\tPORTS\tNAMES"")

		if *size {
			fmt.Fprintln(w, ""\tSIZE"")
		} else {
			fmt.Fprint(w, ""\n"")
		}
	}

	stripNamePrefix := func(ss []string) []string {
		for i, s := range ss {
			ss[i] = s[1:]
		}

		return ss
	}

	for _, container := range containers {
		ID := container.ID

		if !*noTrunc {
			ID = stringid.TruncateID(ID)
		}

		if *quiet {
			fmt.Fprintln(w, ID)

			continue
		}

		var (
			names   = stripNamePrefix(container.Names)
			command = strconv.Quote(container.Command)
		)

		if !*noTrunc {
			command = utils.Trunc(command, 20)

			// only display the default name for the container with notrunc is passed
			for _, name := range names {
				if len(strings.Split(name, ""/"")) == 1 {
					names = []string{name}
					break
				}
			}
		}

		image := container.Image
		if image == """" {
			image = ""<no image>""
		}

		fmt.Fprintf(w, ""%s\t%s\t%s\t%s ago\t%s\t%s\t%s\t"", ID, image, command,
			units.HumanDuration(time.Now().UTC().Sub(time.Unix(int64(container.Created), 0))),
			container.Status, api.NewDisplayablePorts(container.Ports), strings.Join(names, "",""))

		if *size {
			if container.SizeRootFs > 0 {
				fmt.Fprintf(w, ""%s (virtual %s)\n"", units.HumanSize(float64(container.SizeRw)), units.HumanSize(float64(container.SizeRootFs)))
			} else {
				fmt.Fprintf(w, ""%s\n"", units.HumanSize(float64(container.SizeRw)))
			}

			continue
		}

		fmt.Fprint(w, ""\n"")
	}

	if !*quiet {
		w.Flush()
	}

	return nil
}","v.Set(""all"", ""1"")
	}
	if *size {
		v.Set(""size"", ""1"")
	}
	if *quiet {
		v.Set(""quiet"", ""1"")
	}
	if !*noTrunc {
		v.Set(""no-trunc"", ""0"")
	}
	if *last > 0 {
		v.Set(""limit"", strconv.Itoa(*last))
	}
	if *since != """" {
		v.Set(""since"", *since)
	}
	if *before != """" {
		v.Set(""before"", *before)
	}
	if flFilter.Get() != nil {
		for _, filter := range flFilter.Get() {
			parts := strings.SplitN(filter, ""="", 2)
			if len(parts) == 2 {
				psFilterArgs.Add(parts[0], parts[1])
			} else {
				psFilterArgs.Add(parts[0], """")
			}
		}
	}

	// Set filters in URL query
	if len(psFilterArgs) > 0 {
		filter, err := psFilterArgs.ToParam()
		if err != nil {
			return err
		}
		v.Set(""filters"", filter)
	}

	// Make the API request
	resp, err := cli"
qwen,Qwen/Qwen3-30B-A3B-Instruct-2507:nebius,go,GPL-3.0,api::client::ps.go,177,0.8,0,0.17228464419475656,"		v.Set(""all"", ""1"")
	}

	if *last != -1 {
		v.Set(""limit"", strconv.Itoa(*last))
	}

	if *since != """" {
		v.Set(""since"", *since)
	}

	if *before != """" {
		v.Set(""before"", *before)
	}

	if *size {
		v.Set(""size"", ""1"")
	}

	// Consolidate all filter flags, and sanity check them.
	// They'll get processed in the daemon/server.
	for _, f := range flFilter.GetAll() {
		if psFilterArgs, err = filters.ParseFlag(f, psFilterArgs); err != nil {
			return err
		}
	}

	if len(psFilterArgs) > 0 {
		filterJSON, err := filters.ToParam(psFilterArgs)
		if err != nil {
			return err
		}

		v.Set(""filters"", filterJSON)
	}

	rdr, _, err := cli.call(""GET"", ""/containers/json?""+v.Encode(), nil, nil)
	if err != nil {
		return err
	}

	containers := []types.Container{}
	err = json.NewDecoder(rdr).Decode(&containers)
	if err != nil {
		return err
	}

	w := tabwriter.NewWriter(cli.out, 20, 1, 3, ' ', 0)
	if !*quiet {
		fmt.Fprint(w, ""CONTAINER ID\tIMAGE\tCOMMAND\tCREATED\tSTATUS\tPORTS\tNAMES"")

		if *size {
			fmt.Fprintln(w, ""\tSIZE"")
		} else {
			fmt.Fprint(w, ""\n"")
		}
	}

	stripNamePrefix := func(ss []string) []string {
		for i, s := range ss {
			ss[i] = s[1:]
		}

		return ss
	}

	for _, container := range containers {
		ID := container.ID

		if !*noTrunc {
			ID = stringid.TruncateID(ID)
		}

		if *quiet {
			fmt.Fprintln(w, ID)

			continue
		}

		var (
			names   = stripNamePrefix(container.Names)
			command = strconv.Quote(container.Command)
		)

		if !*noTrunc {
			command = utils.Trunc(command, 20)

			// only display the default name for the container with notrunc is passed
			for _, name := range names {
				if len(strings.Split(name, ""/"")) == 1 {
					names = []string{name}
					break
				}
			}
		}

		image := container.Image
		if image == """" {
			image = ""<no image>""
		}

		fmt.Fprintf(w, ""%s\t%s\t%s\t%s ago\t%s\t%s\t%s\t"", ID, image, command,
			units.HumanDuration(time.Now().UTC().Sub(time.Unix(int64(container.Created), 0))),
			container.Status, api.NewDisplayablePorts(container.Ports), strings.Join(names, "",""))

		if *size {
			if container.SizeRootFs > 0 {
				fmt.Fprintf(w, ""%s (virtual %s)\n"", units.HumanSize(float64(container.SizeRw)), units.HumanSize(float64(container.SizeRootFs)))
			} else {
				fmt.Fprintf(w, ""%s\n"", units.HumanSize(float64(container.SizeRw)))
			}

			continue
		}

		fmt.Fprint(w, ""\n"")
	}

	if !*quiet {
		w.Flush()
	}

	return nil
}","v.Set(""all"", ""1"")
	}
	if *size {
		v.Set(""size"", ""1"")
	}
	if *quiet {
		v.Set(""quiet"", ""1"")
	}
	if *noTrunc {
		v.Set(""no-trunc"", ""1"")
	}
	if *last > 0 {
		v.Set(""limit"", strconv.Itoa(*last))
	}
	if *since != """" {
		v.Set(""since"", *since)
	}
	if *before != """" {
		v.Set(""before"", *before)
	}
	if flFilter.Value().Len() > 0 {
		for _, filter := range flFilter.Value().List() {
			if filter == """" {
				continue
			}
			parts := strings.SplitN(filter, ""="", 2)
			if len(parts) == 1 {
				psFilterArgs.Add(parts[0], """")
			} else {
				psFilterArgs.Add(parts[0], parts[1])
			}
		}
	}

	// If no filter is provided, use the default ""running"" filter unless -a is set
	if psFilterArgs.Len() == 0 && !*all {
		psFilterArgs.Add(""status"", ""running"")
	}"
qwen,Qwen/Qwen3-30B-A3B-Instruct-2507:nebius,go,GPL-3.0,vendor::github.com::apex::log::logger.go,129,0.2,0,0.29120879120879123,"
// Logger represents a logger with configurable Level and Handler.
type Logger struct {
	Handler Handler
	Level   Level
}

// WithFields returns a new entry with `fields` set.
func (l *Logger) WithFields(fields Fielder) *Entry {
	return NewEntry(l).WithFields(fields.Fields())
}

// WithField returns a new entry with the `key` and `value` set.
func (l *Logger) WithField(key string, value interface{}) *Entry {
	return NewEntry(l).WithField(key, value)
}

// WithError returns a new entry with the ""error"" set to `err`.
func (l *Logger) WithError(err error) *Entry {
	return NewEntry(l).WithError(err)
}

// Debug level message.
func (l *Logger) Debug(msg string) {
	NewEntry(l).Debug(msg)
}

// Info level message.
func (l *Logger) Info(msg string) {
	NewEntry(l).Info(msg)
}

// Warn level message.
func (l *Logger) Warn(msg string) {
	NewEntry(l).Warn(msg)
}

// Error level message.
func (l *Logger) Error(msg string) {
	NewEntry(l).Error(msg)
}

// Fatal level message, followed by an exit.
func (l *Logger) Fatal(msg string) {
	NewEntry(l).Fatal(msg)
}

// Debugf level formatted message.
func (l *Logger) Debugf(msg string, v ...interface{}) {
	NewEntry(l).Debugf(msg, v...)
}

// Infof level formatted message.
func (l *Logger) Infof(msg string, v ...interface{}) {
	NewEntry(l).Infof(msg, v...)
}

// Warnf level formatted message.
func (l *Logger) Warnf(msg string, v ...interface{}) {
	NewEntry(l).Warnf(msg, v...)
}

// Errorf level formatted message.
func (l *Logger) Errorf(msg string, v ...interface{}) {
	NewEntry(l).Errorf(msg, v...)
}

// Fatalf level formatted message, followed by an exit.
func (l *Logger) Fatalf(msg string, v ...interface{}) {
	NewEntry(l).Fatalf(msg, v...)
}

// Trace returns a new entry with a Stop method to fire off
// a corresponding completion log, useful with defer.
func (l *Logger) Trace(msg string) *Entry {
	return NewEntry(l).Trace(msg)
}

// log the message, invoking the handler. We clone the entry here
// to bypass the overhead in Entry methods when the level is not
// met.
func (l *Logger) log(level Level, e *Entry, msg string) {
	if level < l.Level {
		return
	}

	if err := l.Handler.HandleLog(e.finalize(level, msg)); err != nil {
		stdlog.Printf(""error logging: %s"", err)
	}
}","// Logger is the main logging interface.
type Logger struct {
	level  Level
	handlers []Handler
}

// New returns a new Logger with the specified level.
func New(level Level) *Logger {
	return &Logger{
		level: level,
		handlers: []Handler{HandlerFunc(stdlog.Printf)},
	}
}

// WithFields returns a new Logger with the provided fields.
func (l *Logger) WithFields(fields Fields) *Logger {
	// Create a copy of the logger to avoid mutating the original.
	logger := &Logger{
		level:    l.level,
		handlers: l.handlers,
	}
	// Add fields to the logger's entry.
	// This is a placeholder for actual field handling logic.
	// In a real implementation, this would be part of the entry creation.
	return logger
}

// WithField returns a new Logger with the provided key-value field.
func (l *Logger) WithField(key string, value interface{}) *Logger {
	return l.WithFields(Fields{key: value})
}

// SetLevel sets the minimum level to log.
func (l *Logger) SetLevel(level Level) {
	l.level = level
}

// SetHandlers sets the handlers for the logger.
func (l"
qwen,Qwen/Qwen3-30B-A3B-Instruct-2507:nebius,go,GPL-3.0,vendor::github.com::apex::log::logger.go,129,0.4,0,0.265625,"
// Logger represents a logger with configurable Level and Handler.
type Logger struct {
	Handler Handler
	Level   Level
}

// WithFields returns a new entry with `fields` set.
func (l *Logger) WithFields(fields Fielder) *Entry {
	return NewEntry(l).WithFields(fields.Fields())
}

// WithField returns a new entry with the `key` and `value` set.
func (l *Logger) WithField(key string, value interface{}) *Entry {
	return NewEntry(l).WithField(key, value)
}

// WithError returns a new entry with the ""error"" set to `err`.
func (l *Logger) WithError(err error) *Entry {
	return NewEntry(l).WithError(err)
}

// Debug level message.
func (l *Logger) Debug(msg string) {
	NewEntry(l).Debug(msg)
}

// Info level message.
func (l *Logger) Info(msg string) {
	NewEntry(l).Info(msg)
}

// Warn level message.
func (l *Logger) Warn(msg string) {
	NewEntry(l).Warn(msg)
}

// Error level message.
func (l *Logger) Error(msg string) {
	NewEntry(l).Error(msg)
}

// Fatal level message, followed by an exit.
func (l *Logger) Fatal(msg string) {
	NewEntry(l).Fatal(msg)
}

// Debugf level formatted message.
func (l *Logger) Debugf(msg string, v ...interface{}) {
	NewEntry(l).Debugf(msg, v...)
}

// Infof level formatted message.
func (l *Logger) Infof(msg string, v ...interface{}) {
	NewEntry(l).Infof(msg, v...)
}

// Warnf level formatted message.
func (l *Logger) Warnf(msg string, v ...interface{}) {
	NewEntry(l).Warnf(msg, v...)
}

// Errorf level formatted message.
func (l *Logger) Errorf(msg string, v ...interface{}) {
	NewEntry(l).Errorf(msg, v...)
}

// Fatalf level formatted message, followed by an exit.
func (l *Logger) Fatalf(msg string, v ...interface{}) {
	NewEntry(l).Fatalf(msg, v...)
}

// Trace returns a new entry with a Stop method to fire off
// a corresponding completion log, useful with defer.
func (l *Logger) Trace(msg string) *Entry {
	return NewEntry(l).Trace(msg)
}

// log the message, invoking the handler. We clone the entry here
// to bypass the overhead in Entry methods when the level is not
// met.
func (l *Logger) log(level Level, e *Entry, msg string) {
	if level < l.Level {
		return
	}

	if err := l.Handler.HandleLog(e.finalize(level, msg)); err != nil {
		stdlog.Printf(""error logging: %s"", err)
	}
}","// Logger is a structured logging interface.
type Logger struct {
	level  Level
	handlers []Handler
}

// New returns a new Logger with the specified level.
func New(level Level) *Logger {
	return &Logger{
		level: level,
		handlers: []Handler{HandlerFunc(stdlog.Printf)},
	}
}

// WithFields returns a new Logger with the provided fields.
func (l *Logger) WithFields(fields Fields) *Logger {
	// Create a copy of the logger to avoid mutating the original.
	logger := &Logger{
		level: l.level,
		handlers: make([]Handler, len(l.handlers)),
	}
	copy(logger.handlers, l.handlers)

	// Add a handler that adds the fields to each entry.
	logger.handlers = append(logger.handlers, HandlerFunc(func(e *Entry) error {
		for k, v := range fields {
			e.Fields[k] = v
		}
		return nil
	}))

	return logger
}

// WithField returns a new Logger with the provided key-value pair.
func (l *Logger) WithField(key string, value interface{}) *Logger {
	return l.WithFields(Fields{key: value})
}

// SetLevel sets the minimum level to log.
func (l"
qwen,Qwen/Qwen3-30B-A3B-Instruct-2507:nebius,go,GPL-3.0,vendor::github.com::apex::log::logger.go,129,0.8,0,0.21666666666666667,"
// Logger represents a logger with configurable Level and Handler.
type Logger struct {
	Handler Handler
	Level   Level
}

// WithFields returns a new entry with `fields` set.
func (l *Logger) WithFields(fields Fielder) *Entry {
	return NewEntry(l).WithFields(fields.Fields())
}

// WithField returns a new entry with the `key` and `value` set.
func (l *Logger) WithField(key string, value interface{}) *Entry {
	return NewEntry(l).WithField(key, value)
}

// WithError returns a new entry with the ""error"" set to `err`.
func (l *Logger) WithError(err error) *Entry {
	return NewEntry(l).WithError(err)
}

// Debug level message.
func (l *Logger) Debug(msg string) {
	NewEntry(l).Debug(msg)
}

// Info level message.
func (l *Logger) Info(msg string) {
	NewEntry(l).Info(msg)
}

// Warn level message.
func (l *Logger) Warn(msg string) {
	NewEntry(l).Warn(msg)
}

// Error level message.
func (l *Logger) Error(msg string) {
	NewEntry(l).Error(msg)
}

// Fatal level message, followed by an exit.
func (l *Logger) Fatal(msg string) {
	NewEntry(l).Fatal(msg)
}

// Debugf level formatted message.
func (l *Logger) Debugf(msg string, v ...interface{}) {
	NewEntry(l).Debugf(msg, v...)
}

// Infof level formatted message.
func (l *Logger) Infof(msg string, v ...interface{}) {
	NewEntry(l).Infof(msg, v...)
}

// Warnf level formatted message.
func (l *Logger) Warnf(msg string, v ...interface{}) {
	NewEntry(l).Warnf(msg, v...)
}

// Errorf level formatted message.
func (l *Logger) Errorf(msg string, v ...interface{}) {
	NewEntry(l).Errorf(msg, v...)
}

// Fatalf level formatted message, followed by an exit.
func (l *Logger) Fatalf(msg string, v ...interface{}) {
	NewEntry(l).Fatalf(msg, v...)
}

// Trace returns a new entry with a Stop method to fire off
// a corresponding completion log, useful with defer.
func (l *Logger) Trace(msg string) *Entry {
	return NewEntry(l).Trace(msg)
}

// log the message, invoking the handler. We clone the entry here
// to bypass the overhead in Entry methods when the level is not
// met.
func (l *Logger) log(level Level, e *Entry, msg string) {
	if level < l.Level {
		return
	}

	if err := l.Handler.HandleLog(e.finalize(level, msg)); err != nil {
		stdlog.Printf(""error logging: %s"", err)
	}
}","// Logger is the main logging interface.
type Logger struct {
	// handlers is a list of handlers to which log entries are sent.
	handlers []Handler

	// level is the minimum level of log entries to be processed.
	level Level

	// fields is a set of fields to include in all log entries.
	fields Fields

	// prefix is a string to prefix all log messages with.
	prefix string
}

// New creates a new Logger with the given level and handlers.
func New(level Level, handlers ...Handler) *Logger {
	return &Logger{
		level:    level,
		handlers: handlers,
		fields:   make(Fields),
	}
}

// WithField adds a field to the logger.
func (l *Logger) WithField(key string, value interface{}) *Logger {
	clone := *l
	clone.fields[key] = value
	return &clone
}

// WithFields adds multiple fields to the logger.
func (l *Logger) WithFields(fields Fields) *Logger {
	clone := *l
	for k, v := range fields {
		clone.fields[k] = v
	}
	return &clone
}

// WithPrefix adds a prefix to the logger.
func (l *Logger) With"
qwen,Qwen/Qwen3-30B-A3B-Instruct-2507:nebius,go,GPL-3.0,cmd::swagger::commands::generate::operation.go,101,0.2,0,0.05442176870748299,"	Principal     string   `short:""P"" long:""principal"" description:""the model to use for the security principal""`
	DefaultScheme string   `long:""default-scheme"" description:""the default scheme for this API"" default:""http""`
	NoHandler     bool     `long:""skip-handler"" description:""when present will not generate an operation handler""`
	NoStruct      bool     `long:""skip-parameters"" description:""when present will not generate the parameter model struct""`
	NoResponses   bool     `long:""skip-responses"" description:""when present will not generate the response model struct""`
	NoValidator   bool     `long:""skip-validator"" description:""when present will not generate a model validator""`
	NoURLBuilder  bool     `long:""skip-url-builder"" description:""when present will not generate a URL builder""`
	DumpData      bool     `long:""dump-data"" description:""when present dumps the json for the template generator instead of generating files""`
}

// Execute generates a model file
func (o *Operation) Execute(args []string) error {
	if o.DumpData && len(o.Name) > 1 {
		return errors.New(""only 1 operation at a time is supported for dumping data"")
	}

	cfg, err := readConfig(string(o.ConfigFile))
	if err != nil {
		return err
	}
	setDebug(cfg)

	opts := &generator.GenOpts{
		Spec:              string(o.Spec),
		Target:            string(o.Target),
		APIPackage:        o.APIPackage,
		ModelPackage:      o.ModelPackage,
		ServerPackage:     o.ServerPackage,
		ClientPackage:     o.ClientPackage,
		Principal:         o.Principal,
		DumpData:          o.DumpData,
		DefaultScheme:     o.DefaultScheme,
		TemplateDir:       string(o.TemplateDir),
		IncludeHandler:    !o.NoHandler,
		IncludeResponses:  !o.NoResponses,
		IncludeParameters: !o.NoStruct,
		IncludeValidator:  !o.NoValidator,
		IncludeURLBuilder: !o.NoURLBuilder,
		Tags:              o.Tags,
	}

	if err := opts.EnsureDefaults(false); err != nil {
		return err
	}

	if err := configureOptsFromConfig(cfg, opts); err != nil {
		return err
	}

	if err := generator.GenerateServerOperation(o.Name, opts); err != nil {
		return err
	}

	rp, err := filepath.Rel(""."", opts.Target)
	if err != nil {
		return err
	}

	fmt.Fprintf(os.Stderr, `Generation completed!

For this generation to compile you need to have some packages in your GOPATH:

  * github.com/go-openapi/runtime
  * golang.org/x/net/context

You can get these now with: go get -u -f %s/...
`, rp)

	return nil
}","// TODO: implement the operation generation logic
	// This includes:
	// - Parsing the Swagger spec
	// - Filtering operations by name and tags
	// - Generating Go code for each operation
	// - Writing the generated code to the appropriate files
	// - Handling errors and logging

	// Validate input
	if len(o.Name) == 0 {
		return errors.New(""at least one operation name is required"")
	}

	// Load the Swagger spec
	spec, err := o.loadSpec()
	if err != nil {
		return fmt.Errorf(""failed to load spec: %w"", err)
	}

	// Get the operations to generate
	operations, err := o.filterOperations(spec, o.Name, o.Tags)
	if err != nil {
		return fmt.Errorf(""failed to filter operations: %w"", err)
	}

	// Generate code for each operation
	for _, op := range operations {
		err := o.generateOperationCode(spec, op)
		if err != nil {
			return fmt.Errorf(""failed to generate code for operation %s: %w"", op.OperationID, err)
		}
	}

	return nil
}

// loadSpec loads the Swagger specification from the configured path
func (o *Operation"
qwen,Qwen/Qwen3-30B-A3B-Instruct-2507:nebius,go,GPL-3.0,cmd::swagger::commands::generate::operation.go,101,0.4,0,0.0759493670886076,"	Principal     string   `short:""P"" long:""principal"" description:""the model to use for the security principal""`
	DefaultScheme string   `long:""default-scheme"" description:""the default scheme for this API"" default:""http""`
	NoHandler     bool     `long:""skip-handler"" description:""when present will not generate an operation handler""`
	NoStruct      bool     `long:""skip-parameters"" description:""when present will not generate the parameter model struct""`
	NoResponses   bool     `long:""skip-responses"" description:""when present will not generate the response model struct""`
	NoValidator   bool     `long:""skip-validator"" description:""when present will not generate a model validator""`
	NoURLBuilder  bool     `long:""skip-url-builder"" description:""when present will not generate a URL builder""`
	DumpData      bool     `long:""dump-data"" description:""when present dumps the json for the template generator instead of generating files""`
}

// Execute generates a model file
func (o *Operation) Execute(args []string) error {
	if o.DumpData && len(o.Name) > 1 {
		return errors.New(""only 1 operation at a time is supported for dumping data"")
	}

	cfg, err := readConfig(string(o.ConfigFile))
	if err != nil {
		return err
	}
	setDebug(cfg)

	opts := &generator.GenOpts{
		Spec:              string(o.Spec),
		Target:            string(o.Target),
		APIPackage:        o.APIPackage,
		ModelPackage:      o.ModelPackage,
		ServerPackage:     o.ServerPackage,
		ClientPackage:     o.ClientPackage,
		Principal:         o.Principal,
		DumpData:          o.DumpData,
		DefaultScheme:     o.DefaultScheme,
		TemplateDir:       string(o.TemplateDir),
		IncludeHandler:    !o.NoHandler,
		IncludeResponses:  !o.NoResponses,
		IncludeParameters: !o.NoStruct,
		IncludeValidator:  !o.NoValidator,
		IncludeURLBuilder: !o.NoURLBuilder,
		Tags:              o.Tags,
	}

	if err := opts.EnsureDefaults(false); err != nil {
		return err
	}

	if err := configureOptsFromConfig(cfg, opts); err != nil {
		return err
	}

	if err := generator.GenerateServerOperation(o.Name, opts); err != nil {
		return err
	}

	rp, err := filepath.Rel(""."", opts.Target)
	if err != nil {
		return err
	}

	fmt.Fprintf(os.Stderr, `Generation completed!

For this generation to compile you need to have some packages in your GOPATH:

  * github.com/go-openapi/runtime
  * golang.org/x/net/context

You can get these now with: go get -u -f %s/...
`, rp)

	return nil
}","// TODO: implement the Generate method to create operation files based on the provided name and tags
}

// Generate generates the operation files for the specified operations and tags
func (o *Operation) Generate() error {
	if len(o.Name) == 0 {
		return errors.New(""at least one operation name must be provided"")
	}

	// Load the Swagger spec
	spec, err := o.loadSpec()
	if err != nil {
		return fmt.Errorf(""failed to load spec: %w"", err)
	}

	// Filter operations by name and tags
	operations := o.filterOperations(spec, o.Name, o.Tags)

	if len(operations) == 0 {
		return fmt.Errorf(""no operations found matching the provided criteria"")
	}

	// Create the output directory if it doesn't exist
	outputDir := o.Output
	if outputDir == """" {
		outputDir = ""operations""
	}

	if err := os.MkdirAll(outputDir, 0755); err != nil {
		return fmt.Errorf(""failed to create output directory: %w"", err)
	}

	// Generate each operation file
	for _, op := range operations {
		// Construct the file path
		fileName := fmt.Sprintf(""%s.go"","
qwen,Qwen/Qwen3-30B-A3B-Instruct-2507:nebius,go,GPL-3.0,cmd::swagger::commands::generate::operation.go,101,0.8,0,0.2366412213740458,"	Principal     string   `short:""P"" long:""principal"" description:""the model to use for the security principal""`
	DefaultScheme string   `long:""default-scheme"" description:""the default scheme for this API"" default:""http""`
	NoHandler     bool     `long:""skip-handler"" description:""when present will not generate an operation handler""`
	NoStruct      bool     `long:""skip-parameters"" description:""when present will not generate the parameter model struct""`
	NoResponses   bool     `long:""skip-responses"" description:""when present will not generate the response model struct""`
	NoValidator   bool     `long:""skip-validator"" description:""when present will not generate a model validator""`
	NoURLBuilder  bool     `long:""skip-url-builder"" description:""when present will not generate a URL builder""`
	DumpData      bool     `long:""dump-data"" description:""when present dumps the json for the template generator instead of generating files""`
}

// Execute generates a model file
func (o *Operation) Execute(args []string) error {
	if o.DumpData && len(o.Name) > 1 {
		return errors.New(""only 1 operation at a time is supported for dumping data"")
	}

	cfg, err := readConfig(string(o.ConfigFile))
	if err != nil {
		return err
	}
	setDebug(cfg)

	opts := &generator.GenOpts{
		Spec:              string(o.Spec),
		Target:            string(o.Target),
		APIPackage:        o.APIPackage,
		ModelPackage:      o.ModelPackage,
		ServerPackage:     o.ServerPackage,
		ClientPackage:     o.ClientPackage,
		Principal:         o.Principal,
		DumpData:          o.DumpData,
		DefaultScheme:     o.DefaultScheme,
		TemplateDir:       string(o.TemplateDir),
		IncludeHandler:    !o.NoHandler,
		IncludeResponses:  !o.NoResponses,
		IncludeParameters: !o.NoStruct,
		IncludeValidator:  !o.NoValidator,
		IncludeURLBuilder: !o.NoURLBuilder,
		Tags:              o.Tags,
	}

	if err := opts.EnsureDefaults(false); err != nil {
		return err
	}

	if err := configureOptsFromConfig(cfg, opts); err != nil {
		return err
	}

	if err := generator.GenerateServerOperation(o.Name, opts); err != nil {
		return err
	}

	rp, err := filepath.Rel(""."", opts.Target)
	if err != nil {
		return err
	}

	fmt.Fprintf(os.Stderr, `Generation completed!

For this generation to compile you need to have some packages in your GOPATH:

  * github.com/go-openapi/runtime
  * golang.org/x/net/context

You can get these now with: go get -u -f %s/...
`, rp)

	return nil
}","// Skip the default operation generation for empty names
	// This is to prevent generating everything when no specific operation is requested
	SkipDefault bool `long:""skip-default"" description:""skip the default operation generation""`

	// Generate a single file per operation
	SingleFile bool `long:""single-file"" description:""generate a single file per operation""`

	// Output directory for generated files
	Output string `long:""output"" short:""o"" description:""output directory for generated files"" default:"".""`

	// Package name for generated code
	Package string `long:""package"" short:""p"" description:""package name for generated code"" default:""operations""`

	// Vendor directory for generated code
	Vendor string `long:""vendor"" description:""vendor directory for generated code""`

	// Skip validation of the spec before generating
	SkipValidation bool `long:""skip-validation"" description:""skip validation of the spec before generating""`

	// Allow generation of code for operations with no responses
	AllowEmptyResponses bool `long:""allow-empty-responses"" description:""allow generation of code for operations with no responses""`

	// Allow generation of code for operations with no parameters
	AllowEmptyParameters bool `long:""allow-empty-parameters"" description:""allow generation of"
qwen,Qwen/Qwen3-30B-A3B-Instruct-2507:nebius,go,GPL-3.0,ping_test.go,136,0.2,0,0.6700507614213198,"	}

	msg := NewPingreqMessage()

	dst := make([]byte, 10)
	n, err := msg.Encode(dst)

	require.NoError(t, err, ""Error decoding message."")
	require.Equal(t, len(msgBytes), n, ""Error decoding message."")
	require.Equal(t, msgBytes, dst[:n], ""Error decoding message."")
}

func TestPingrespMessageDecode(t *testing.T) {
	msgBytes := []byte{
		byte(PINGRESP << 4),
		0,
	}

	msg := NewPingrespMessage()
	n, err := msg.Decode(msgBytes)

	require.NoError(t, err, ""Error decoding message."")
	require.Equal(t, len(msgBytes), n, ""Error decoding message."")
	require.Equal(t, PINGRESP, msg.Type(), ""Error decoding message."")
}

func TestPingrespMessageEncode(t *testing.T) {
	msgBytes := []byte{
		byte(PINGRESP << 4),
		0,
	}

	msg := NewPingrespMessage()

	dst := make([]byte, 10)
	n, err := msg.Encode(dst)

	require.NoError(t, err, ""Error decoding message."")
	require.Equal(t, len(msgBytes), n, ""Error decoding message."")
	require.Equal(t, msgBytes, dst[:n], ""Error decoding message."")
}

// test to ensure encoding and decoding are the same
// decode, encode, and decode again
func TestPingreqDecodeEncodeEquiv(t *testing.T) {
	msgBytes := []byte{
		byte(PINGREQ << 4),
		0,
	}

	msg := NewPingreqMessage()
	n, err := msg.Decode(msgBytes)

	require.NoError(t, err, ""Error decoding message."")
	require.Equal(t, len(msgBytes), n, ""Error decoding message."")

	dst := make([]byte, 100)
	n2, err := msg.Encode(dst)

	require.NoError(t, err, ""Error decoding message."")
	require.Equal(t, len(msgBytes), n2, ""Error decoding message."")
	require.Equal(t, msgBytes, dst[:n2], ""Error decoding message."")

	n3, err := msg.Decode(dst)

	require.NoError(t, err, ""Error decoding message."")
	require.Equal(t, len(msgBytes), n3, ""Error decoding message."")
}

// test to ensure encoding and decoding are the same
// decode, encode, and decode again
func TestPingrespDecodeEncodeEquiv(t *testing.T) {
	msgBytes := []byte{
		byte(PINGRESP << 4),
		0,
	}

	msg := NewPingrespMessage()
	n, err := msg.Decode(msgBytes)

	require.NoError(t, err, ""Error decoding message."")
	require.Equal(t, len(msgBytes), n, ""Error decoding message."")

	dst := make([]byte, 100)
	n2, err := msg.Encode(dst)

	require.NoError(t, err, ""Error decoding message."")
	require.Equal(t, len(msgBytes), n2, ""Error decoding message."")
	require.Equal(t, msgBytes, dst[:n2], ""Error decoding message."")

	n3, err := msg.Decode(dst)

	require.NoError(t, err, ""Error decoding message."")
	require.Equal(t, len(msgBytes), n3, ""Error decoding message."")
}","}

	msg := NewPingreqMessage()
	buf := make([]byte, 2)
	n, err := msg.Encode(buf)

	require.NoError(t, err, ""Error encoding message."")
	require.Equal(t, len(msgBytes), n, ""Error encoding message."")
	require.Equal(t, msgBytes, buf, ""Error encoding message."")
}"
qwen,Qwen/Qwen3-30B-A3B-Instruct-2507:nebius,go,GPL-3.0,ping_test.go,136,0.4,0,0.5909090909090909,"	}

	msg := NewPingreqMessage()

	dst := make([]byte, 10)
	n, err := msg.Encode(dst)

	require.NoError(t, err, ""Error decoding message."")
	require.Equal(t, len(msgBytes), n, ""Error decoding message."")
	require.Equal(t, msgBytes, dst[:n], ""Error decoding message."")
}

func TestPingrespMessageDecode(t *testing.T) {
	msgBytes := []byte{
		byte(PINGRESP << 4),
		0,
	}

	msg := NewPingrespMessage()
	n, err := msg.Decode(msgBytes)

	require.NoError(t, err, ""Error decoding message."")
	require.Equal(t, len(msgBytes), n, ""Error decoding message."")
	require.Equal(t, PINGRESP, msg.Type(), ""Error decoding message."")
}

func TestPingrespMessageEncode(t *testing.T) {
	msgBytes := []byte{
		byte(PINGRESP << 4),
		0,
	}

	msg := NewPingrespMessage()

	dst := make([]byte, 10)
	n, err := msg.Encode(dst)

	require.NoError(t, err, ""Error decoding message."")
	require.Equal(t, len(msgBytes), n, ""Error decoding message."")
	require.Equal(t, msgBytes, dst[:n], ""Error decoding message."")
}

// test to ensure encoding and decoding are the same
// decode, encode, and decode again
func TestPingreqDecodeEncodeEquiv(t *testing.T) {
	msgBytes := []byte{
		byte(PINGREQ << 4),
		0,
	}

	msg := NewPingreqMessage()
	n, err := msg.Decode(msgBytes)

	require.NoError(t, err, ""Error decoding message."")
	require.Equal(t, len(msgBytes), n, ""Error decoding message."")

	dst := make([]byte, 100)
	n2, err := msg.Encode(dst)

	require.NoError(t, err, ""Error decoding message."")
	require.Equal(t, len(msgBytes), n2, ""Error decoding message."")
	require.Equal(t, msgBytes, dst[:n2], ""Error decoding message."")

	n3, err := msg.Decode(dst)

	require.NoError(t, err, ""Error decoding message."")
	require.Equal(t, len(msgBytes), n3, ""Error decoding message."")
}

// test to ensure encoding and decoding are the same
// decode, encode, and decode again
func TestPingrespDecodeEncodeEquiv(t *testing.T) {
	msgBytes := []byte{
		byte(PINGRESP << 4),
		0,
	}

	msg := NewPingrespMessage()
	n, err := msg.Decode(msgBytes)

	require.NoError(t, err, ""Error decoding message."")
	require.Equal(t, len(msgBytes), n, ""Error decoding message."")

	dst := make([]byte, 100)
	n2, err := msg.Encode(dst)

	require.NoError(t, err, ""Error decoding message."")
	require.Equal(t, len(msgBytes), n2, ""Error decoding message."")
	require.Equal(t, msgBytes, dst[:n2], ""Error decoding message."")

	n3, err := msg.Decode(dst)

	require.NoError(t, err, ""Error decoding message."")
	require.Equal(t, len(msgBytes), n3, ""Error decoding message."")
}","}

	msg := NewPingreqMessage()
	buf := make([]byte, msg.Len())
	n, err := msg.Encode(buf)

	require.NoError(t, err, ""Error encoding message."")
	require.Equal(t, len(msgBytes), n, ""Error encoding message."")
	require.Equal(t, msgBytes, buf, ""Error encoding message."")
}"
qwen,Qwen/Qwen3-30B-A3B-Instruct-2507:nebius,go,GPL-3.0,ping_test.go,136,0.8,0,0.5909090909090909,"	}

	msg := NewPingreqMessage()

	dst := make([]byte, 10)
	n, err := msg.Encode(dst)

	require.NoError(t, err, ""Error decoding message."")
	require.Equal(t, len(msgBytes), n, ""Error decoding message."")
	require.Equal(t, msgBytes, dst[:n], ""Error decoding message."")
}

func TestPingrespMessageDecode(t *testing.T) {
	msgBytes := []byte{
		byte(PINGRESP << 4),
		0,
	}

	msg := NewPingrespMessage()
	n, err := msg.Decode(msgBytes)

	require.NoError(t, err, ""Error decoding message."")
	require.Equal(t, len(msgBytes), n, ""Error decoding message."")
	require.Equal(t, PINGRESP, msg.Type(), ""Error decoding message."")
}

func TestPingrespMessageEncode(t *testing.T) {
	msgBytes := []byte{
		byte(PINGRESP << 4),
		0,
	}

	msg := NewPingrespMessage()

	dst := make([]byte, 10)
	n, err := msg.Encode(dst)

	require.NoError(t, err, ""Error decoding message."")
	require.Equal(t, len(msgBytes), n, ""Error decoding message."")
	require.Equal(t, msgBytes, dst[:n], ""Error decoding message."")
}

// test to ensure encoding and decoding are the same
// decode, encode, and decode again
func TestPingreqDecodeEncodeEquiv(t *testing.T) {
	msgBytes := []byte{
		byte(PINGREQ << 4),
		0,
	}

	msg := NewPingreqMessage()
	n, err := msg.Decode(msgBytes)

	require.NoError(t, err, ""Error decoding message."")
	require.Equal(t, len(msgBytes), n, ""Error decoding message."")

	dst := make([]byte, 100)
	n2, err := msg.Encode(dst)

	require.NoError(t, err, ""Error decoding message."")
	require.Equal(t, len(msgBytes), n2, ""Error decoding message."")
	require.Equal(t, msgBytes, dst[:n2], ""Error decoding message."")

	n3, err := msg.Decode(dst)

	require.NoError(t, err, ""Error decoding message."")
	require.Equal(t, len(msgBytes), n3, ""Error decoding message."")
}

// test to ensure encoding and decoding are the same
// decode, encode, and decode again
func TestPingrespDecodeEncodeEquiv(t *testing.T) {
	msgBytes := []byte{
		byte(PINGRESP << 4),
		0,
	}

	msg := NewPingrespMessage()
	n, err := msg.Decode(msgBytes)

	require.NoError(t, err, ""Error decoding message."")
	require.Equal(t, len(msgBytes), n, ""Error decoding message."")

	dst := make([]byte, 100)
	n2, err := msg.Encode(dst)

	require.NoError(t, err, ""Error decoding message."")
	require.Equal(t, len(msgBytes), n2, ""Error decoding message."")
	require.Equal(t, msgBytes, dst[:n2], ""Error decoding message."")

	n3, err := msg.Decode(dst)

	require.NoError(t, err, ""Error decoding message."")
	require.Equal(t, len(msgBytes), n3, ""Error decoding message."")
}","}

	msg := NewPingreqMessage()
	buf := make([]byte, msg.Len())
	n, err := msg.Encode(buf)

	require.NoError(t, err, ""Error encoding message."")
	require.Equal(t, len(msgBytes), n, ""Error encoding message."")
	require.Equal(t, msgBytes, buf, ""Error encoding message."")
}"
qwen,Qwen/Qwen3-30B-A3B-Instruct-2507:nebius,go,GPL-3.0,lxd::db_certificates.go,138,0.2,0,0.0,"
	return certs, nil
}

// dbCertGet gets an CertBaseInfo object from the database.
// The argument fingerprint will be queried with a LIKE query, means you can
// pass a shortform and will get the full fingerprint.
// There can never be more than one image with a given fingerprint, as it is
// enforced by a UNIQUE constraint in the schema.
func dbCertGet(db *sql.DB, fingerprint string) (cert *dbCertInfo, err error) {
	cert = new(dbCertInfo)

	inargs := []interface{}{fingerprint + ""%""}
	outfmt := []interface{}{
		&cert.ID,
		&cert.Fingerprint,
		&cert.Type,
		&cert.Name,
		&cert.Certificate,
	}

	query := `
		SELECT
			id, fingerprint, type, name, certificate
		FROM
			certificates
		WHERE fingerprint LIKE ?`

	if err = dbQueryRowScan(db, query, inargs, outfmt); err != nil {
		return nil, err
	}

	return cert, err
}

// dbCertSave stores a CertBaseInfo object in the db,
// it will ignore the ID field from the dbCertInfo.
func dbCertSave(db *sql.DB, cert *dbCertInfo) error {
	tx, err := dbBegin(db)
	if err != nil {
		return err
	}
	stmt, err := tx.Prepare(`
			INSERT INTO certificates (
				fingerprint,
				type,
				name,
				certificate
			) VALUES (?, ?, ?, ?)`,
	)
	if err != nil {
		tx.Rollback()
		return err
	}
	defer stmt.Close()
	_, err = stmt.Exec(
		cert.Fingerprint,
		cert.Type,
		cert.Name,
		cert.Certificate,
	)
	if err != nil {
		tx.Rollback()
		return err
	}

	return txCommit(tx)
}

// dbCertDelete deletes a certificate from the db.
func dbCertDelete(db *sql.DB, fingerprint string) error {
	_, err := dbExec(
		db,
		""DELETE FROM certificates WHERE fingerprint=?"",
		fingerprint,
	)

	return err
}

func dbCertUpdate(db *sql.DB, fingerprint string, certName string, certType int) error {
	tx, err := dbBegin(db)
	if err != nil {
		return err
	}

	_, err = tx.Exec(""UPDATE certificates SET name=?, type=? WHERE fingerprint=?"", certName, certType, fingerprint)
	if err != nil {
		tx.Rollback()
		return err
	}

	err = txCommit(tx)

	return err
}","if err = rows.Err(); err != nil {
		return certs, err
	}

	return certs, nil
}"
qwen,Qwen/Qwen3-30B-A3B-Instruct-2507:nebius,go,GPL-3.0,lxd::db_certificates.go,138,0.4,0,0.0,"
	return certs, nil
}

// dbCertGet gets an CertBaseInfo object from the database.
// The argument fingerprint will be queried with a LIKE query, means you can
// pass a shortform and will get the full fingerprint.
// There can never be more than one image with a given fingerprint, as it is
// enforced by a UNIQUE constraint in the schema.
func dbCertGet(db *sql.DB, fingerprint string) (cert *dbCertInfo, err error) {
	cert = new(dbCertInfo)

	inargs := []interface{}{fingerprint + ""%""}
	outfmt := []interface{}{
		&cert.ID,
		&cert.Fingerprint,
		&cert.Type,
		&cert.Name,
		&cert.Certificate,
	}

	query := `
		SELECT
			id, fingerprint, type, name, certificate
		FROM
			certificates
		WHERE fingerprint LIKE ?`

	if err = dbQueryRowScan(db, query, inargs, outfmt); err != nil {
		return nil, err
	}

	return cert, err
}

// dbCertSave stores a CertBaseInfo object in the db,
// it will ignore the ID field from the dbCertInfo.
func dbCertSave(db *sql.DB, cert *dbCertInfo) error {
	tx, err := dbBegin(db)
	if err != nil {
		return err
	}
	stmt, err := tx.Prepare(`
			INSERT INTO certificates (
				fingerprint,
				type,
				name,
				certificate
			) VALUES (?, ?, ?, ?)`,
	)
	if err != nil {
		tx.Rollback()
		return err
	}
	defer stmt.Close()
	_, err = stmt.Exec(
		cert.Fingerprint,
		cert.Type,
		cert.Name,
		cert.Certificate,
	)
	if err != nil {
		tx.Rollback()
		return err
	}

	return txCommit(tx)
}

// dbCertDelete deletes a certificate from the db.
func dbCertDelete(db *sql.DB, fingerprint string) error {
	_, err := dbExec(
		db,
		""DELETE FROM certificates WHERE fingerprint=?"",
		fingerprint,
	)

	return err
}

func dbCertUpdate(db *sql.DB, fingerprint string, certName string, certType int) error {
	tx, err := dbBegin(db)
	if err != nil {
		return err
	}

	_, err = tx.Exec(""UPDATE certificates SET name=?, type=? WHERE fingerprint=?"", certName, certType, fingerprint)
	if err != nil {
		tx.Rollback()
		return err
	}

	err = txCommit(tx)

	return err
}","if err = rows.Err(); err != nil {
		return certs, err
	}

	return certs, nil
}"
qwen,Qwen/Qwen3-30B-A3B-Instruct-2507:nebius,go,GPL-3.0,lxd::db_certificates.go,138,0.8,0,0.0,"
	return certs, nil
}

// dbCertGet gets an CertBaseInfo object from the database.
// The argument fingerprint will be queried with a LIKE query, means you can
// pass a shortform and will get the full fingerprint.
// There can never be more than one image with a given fingerprint, as it is
// enforced by a UNIQUE constraint in the schema.
func dbCertGet(db *sql.DB, fingerprint string) (cert *dbCertInfo, err error) {
	cert = new(dbCertInfo)

	inargs := []interface{}{fingerprint + ""%""}
	outfmt := []interface{}{
		&cert.ID,
		&cert.Fingerprint,
		&cert.Type,
		&cert.Name,
		&cert.Certificate,
	}

	query := `
		SELECT
			id, fingerprint, type, name, certificate
		FROM
			certificates
		WHERE fingerprint LIKE ?`

	if err = dbQueryRowScan(db, query, inargs, outfmt); err != nil {
		return nil, err
	}

	return cert, err
}

// dbCertSave stores a CertBaseInfo object in the db,
// it will ignore the ID field from the dbCertInfo.
func dbCertSave(db *sql.DB, cert *dbCertInfo) error {
	tx, err := dbBegin(db)
	if err != nil {
		return err
	}
	stmt, err := tx.Prepare(`
			INSERT INTO certificates (
				fingerprint,
				type,
				name,
				certificate
			) VALUES (?, ?, ?, ?)`,
	)
	if err != nil {
		tx.Rollback()
		return err
	}
	defer stmt.Close()
	_, err = stmt.Exec(
		cert.Fingerprint,
		cert.Type,
		cert.Name,
		cert.Certificate,
	)
	if err != nil {
		tx.Rollback()
		return err
	}

	return txCommit(tx)
}

// dbCertDelete deletes a certificate from the db.
func dbCertDelete(db *sql.DB, fingerprint string) error {
	_, err := dbExec(
		db,
		""DELETE FROM certificates WHERE fingerprint=?"",
		fingerprint,
	)

	return err
}

func dbCertUpdate(db *sql.DB, fingerprint string, certName string, certType int) error {
	tx, err := dbBegin(db)
	if err != nil {
		return err
	}

	_, err = tx.Exec(""UPDATE certificates SET name=?, type=? WHERE fingerprint=?"", certName, certType, fingerprint)
	if err != nil {
		tx.Rollback()
		return err
	}

	err = txCommit(tx)

	return err
}","if err = rows.Err(); err != nil {
		return certs, err
	}

	return certs, nil
}"
qwen,Qwen/Qwen3-30B-A3B-Instruct-2507:nebius,go,GPL-3.0,helper::logformat::vault.go,171,0.2,0,0.021660649819494584,"	return ret
}

// Thread safe formatter
type vaultFormatter struct {
	*sync.Mutex
	style  int
	module string
}

func (v *vaultFormatter) Format(writer io.Writer, level int, msg string, args []interface{}) {
	v.Lock()
	defer v.Unlock()
	switch v.style {
	case stylejson:
		v.formatJSON(writer, level, msg, args)
	default:
		v.formatDefault(writer, level, msg, args)
	}
}

func (v *vaultFormatter) formatDefault(writer io.Writer, level int, msg string, args []interface{}) {
	// Write a trailing newline
	defer writer.Write([]byte(""\n""))

	writer.Write([]byte(time.Now().Local().Format(""2006/01/02 15:04:05.000000"")))

	switch level {
	case log.LevelCritical:
		writer.Write([]byte("" [CRIT ] ""))
	case log.LevelError:
		writer.Write([]byte("" [ERROR] ""))
	case log.LevelWarn:
		writer.Write([]byte("" [WARN ] ""))
	case log.LevelInfo:
		writer.Write([]byte("" [INFO ] ""))
	case log.LevelDebug:
		writer.Write([]byte("" [DEBUG] ""))
	case log.LevelTrace:
		writer.Write([]byte("" [TRACE] ""))
	default:
		writer.Write([]byte("" [ALL  ] ""))
	}

	if v.module != """" {
		writer.Write([]byte(fmt.Sprintf(""(%s) "", v.module)))
	}

	writer.Write([]byte(msg))

	if args != nil && len(args) > 0 {
		if len(args)%2 != 0 {
			args = append(args, ""[unknown!]"")
		}

		writer.Write([]byte("":""))

		for i := 0; i < len(args); i = i + 2 {
			var quote string
			switch args[i+1].(type) {
			case string:
				if strings.ContainsRune(args[i+1].(string), ' ') {
					quote = `""`
				}
			}
			writer.Write([]byte(fmt.Sprintf("" %s=%s%v%s"", args[i], quote, args[i+1], quote)))
		}
	}
}

func (v *vaultFormatter) formatJSON(writer io.Writer, level int, msg string, args []interface{}) {
	vals := map[string]interface{}{
		""@message"":   msg,
		""@timestamp"": time.Now().Format(""2006-01-02T15:04:05.000000Z07:00""),
	}

	var levelStr string
	switch level {
	case log.LevelCritical:
		levelStr = ""critical""
	case log.LevelError:
		levelStr = ""error""
	case log.LevelWarn:
		levelStr = ""warn""
	case log.LevelInfo:
		levelStr = ""info""
	case log.LevelDebug:
		levelStr = ""debug""
	case log.LevelTrace:
		levelStr = ""trace""
	default:
		levelStr = ""all""
	}

	vals[""@level""] = levelStr

	if v.module != """" {
		vals[""@module""] = v.module
	}

	if args != nil && len(args) > 0 {

		if len(args)%2 != 0 {
			args = append(args, ""[unknown!]"")
		}

		for i := 0; i < len(args); i = i + 2 {
			if _, ok := args[i].(string); !ok {
				// As this is the logging function not much we can do here
				// without injecting into logs...
				continue
			}
			vals[args[i].(string)] = args[i+1]
		}
	}

	enc := json.NewEncoder(writer)
	enc.Encode(vals)
}","func (f *vaultFormatter) Format(entry *log.Entry) ([]byte, error) {
	f.Mutex.Lock()
	defer f.Mutex.Unlock()

	var buf strings.Builder

	// Add timestamp
	buf.WriteString(time.Now().Format(""2006-01-02T15:04:05.000Z""))

	// Add level
	buf.WriteString("" "")
	buf.WriteString(strings.ToUpper(entry.Level.String()))

	// Add message
	buf.WriteString("" "")
	buf.WriteString(entry.Message)

	// Add fields if present
	if len(entry.Fields) > 0 {
		buf.WriteString("" "")
		if f.style == stylejson {
			// Format fields as JSON
			fields, err := json.Marshal(entry.Fields)
			if err != nil {
				// If marshaling fails, just append the raw map
				buf.WriteString(fmt.Sprintf(""%v"", entry.Fields))
			} else {
				buf.Write(fields)
			}
		} else {
			// Format fields as key=value pairs
			var fieldParts []string
			for k, v := range entry.Fields {
				fieldParts = append(fieldParts, fmt.Sprintf(""%s=%v"", k, v))
			}
			buf.WriteString(strings.Join(fieldParts, "" ""))"
qwen,Qwen/Qwen3-30B-A3B-Instruct-2507:nebius,go,GPL-3.0,helper::logformat::vault.go,171,0.4,0,0.0,"	return ret
}

// Thread safe formatter
type vaultFormatter struct {
	*sync.Mutex
	style  int
	module string
}

func (v *vaultFormatter) Format(writer io.Writer, level int, msg string, args []interface{}) {
	v.Lock()
	defer v.Unlock()
	switch v.style {
	case stylejson:
		v.formatJSON(writer, level, msg, args)
	default:
		v.formatDefault(writer, level, msg, args)
	}
}

func (v *vaultFormatter) formatDefault(writer io.Writer, level int, msg string, args []interface{}) {
	// Write a trailing newline
	defer writer.Write([]byte(""\n""))

	writer.Write([]byte(time.Now().Local().Format(""2006/01/02 15:04:05.000000"")))

	switch level {
	case log.LevelCritical:
		writer.Write([]byte("" [CRIT ] ""))
	case log.LevelError:
		writer.Write([]byte("" [ERROR] ""))
	case log.LevelWarn:
		writer.Write([]byte("" [WARN ] ""))
	case log.LevelInfo:
		writer.Write([]byte("" [INFO ] ""))
	case log.LevelDebug:
		writer.Write([]byte("" [DEBUG] ""))
	case log.LevelTrace:
		writer.Write([]byte("" [TRACE] ""))
	default:
		writer.Write([]byte("" [ALL  ] ""))
	}

	if v.module != """" {
		writer.Write([]byte(fmt.Sprintf(""(%s) "", v.module)))
	}

	writer.Write([]byte(msg))

	if args != nil && len(args) > 0 {
		if len(args)%2 != 0 {
			args = append(args, ""[unknown!]"")
		}

		writer.Write([]byte("":""))

		for i := 0; i < len(args); i = i + 2 {
			var quote string
			switch args[i+1].(type) {
			case string:
				if strings.ContainsRune(args[i+1].(string), ' ') {
					quote = `""`
				}
			}
			writer.Write([]byte(fmt.Sprintf("" %s=%s%v%s"", args[i], quote, args[i+1], quote)))
		}
	}
}

func (v *vaultFormatter) formatJSON(writer io.Writer, level int, msg string, args []interface{}) {
	vals := map[string]interface{}{
		""@message"":   msg,
		""@timestamp"": time.Now().Format(""2006-01-02T15:04:05.000000Z07:00""),
	}

	var levelStr string
	switch level {
	case log.LevelCritical:
		levelStr = ""critical""
	case log.LevelError:
		levelStr = ""error""
	case log.LevelWarn:
		levelStr = ""warn""
	case log.LevelInfo:
		levelStr = ""info""
	case log.LevelDebug:
		levelStr = ""debug""
	case log.LevelTrace:
		levelStr = ""trace""
	default:
		levelStr = ""all""
	}

	vals[""@level""] = levelStr

	if v.module != """" {
		vals[""@module""] = v.module
	}

	if args != nil && len(args) > 0 {

		if len(args)%2 != 0 {
			args = append(args, ""[unknown!]"")
		}

		for i := 0; i < len(args); i = i + 2 {
			if _, ok := args[i].(string); !ok {
				// As this is the logging function not much we can do here
				// without injecting into logs...
				continue
			}
			vals[args[i].(string)] = args[i+1]
		}
	}

	enc := json.NewEncoder(writer)
	enc.Encode(vals)
}","return ret
}"
qwen,Qwen/Qwen3-30B-A3B-Instruct-2507:nebius,go,GPL-3.0,helper::logformat::vault.go,171,0.8,0,0.0,"	return ret
}

// Thread safe formatter
type vaultFormatter struct {
	*sync.Mutex
	style  int
	module string
}

func (v *vaultFormatter) Format(writer io.Writer, level int, msg string, args []interface{}) {
	v.Lock()
	defer v.Unlock()
	switch v.style {
	case stylejson:
		v.formatJSON(writer, level, msg, args)
	default:
		v.formatDefault(writer, level, msg, args)
	}
}

func (v *vaultFormatter) formatDefault(writer io.Writer, level int, msg string, args []interface{}) {
	// Write a trailing newline
	defer writer.Write([]byte(""\n""))

	writer.Write([]byte(time.Now().Local().Format(""2006/01/02 15:04:05.000000"")))

	switch level {
	case log.LevelCritical:
		writer.Write([]byte("" [CRIT ] ""))
	case log.LevelError:
		writer.Write([]byte("" [ERROR] ""))
	case log.LevelWarn:
		writer.Write([]byte("" [WARN ] ""))
	case log.LevelInfo:
		writer.Write([]byte("" [INFO ] ""))
	case log.LevelDebug:
		writer.Write([]byte("" [DEBUG] ""))
	case log.LevelTrace:
		writer.Write([]byte("" [TRACE] ""))
	default:
		writer.Write([]byte("" [ALL  ] ""))
	}

	if v.module != """" {
		writer.Write([]byte(fmt.Sprintf(""(%s) "", v.module)))
	}

	writer.Write([]byte(msg))

	if args != nil && len(args) > 0 {
		if len(args)%2 != 0 {
			args = append(args, ""[unknown!]"")
		}

		writer.Write([]byte("":""))

		for i := 0; i < len(args); i = i + 2 {
			var quote string
			switch args[i+1].(type) {
			case string:
				if strings.ContainsRune(args[i+1].(string), ' ') {
					quote = `""`
				}
			}
			writer.Write([]byte(fmt.Sprintf("" %s=%s%v%s"", args[i], quote, args[i+1], quote)))
		}
	}
}

func (v *vaultFormatter) formatJSON(writer io.Writer, level int, msg string, args []interface{}) {
	vals := map[string]interface{}{
		""@message"":   msg,
		""@timestamp"": time.Now().Format(""2006-01-02T15:04:05.000000Z07:00""),
	}

	var levelStr string
	switch level {
	case log.LevelCritical:
		levelStr = ""critical""
	case log.LevelError:
		levelStr = ""error""
	case log.LevelWarn:
		levelStr = ""warn""
	case log.LevelInfo:
		levelStr = ""info""
	case log.LevelDebug:
		levelStr = ""debug""
	case log.LevelTrace:
		levelStr = ""trace""
	default:
		levelStr = ""all""
	}

	vals[""@level""] = levelStr

	if v.module != """" {
		vals[""@module""] = v.module
	}

	if args != nil && len(args) > 0 {

		if len(args)%2 != 0 {
			args = append(args, ""[unknown!]"")
		}

		for i := 0; i < len(args); i = i + 2 {
			if _, ok := args[i].(string); !ok {
				// As this is the logging function not much we can do here
				// without injecting into logs...
				continue
			}
			vals[args[i].(string)] = args[i+1]
		}
	}

	enc := json.NewEncoder(writer)
	enc.Encode(vals)
}","return ret
}"
qwen,Qwen/Qwen3-30B-A3B-Instruct-2507:nebius,go,GPL-3.0,openapi3lint::lintutil::violations.go,181,0.2,0,0.0,"		}
		existingSet, ok := sets.ByRule[upsertSet.RuleName]
		if !ok {
			sets.ByRule[upsertSet.RuleName] = upsertSet
		} else {
			existingSet.Violations = append(
				existingSet.Violations, vio)
			sets.ByRule[ruleName] = existingSet
		}
	}
	return nil
}

func (sets *PolicyViolationsSets) UpsertSets(upsertSets *PolicyViolationsSets) error {
	if upsertSets == nil {
		return nil
	}
	for ruleName, upsertSet := range upsertSets.ByRule {
		if ruleName != upsertSet.RuleName {
			return fmt.Errorf(""set name mismatch sets[%s] set[%s]"", ruleName, upsertSet.RuleName)
		}
		err := sets.UpsertSet(upsertSet)
		if err != nil {
			return err
		}
	}
	return nil
}

func (sets *PolicyViolationsSets) LocationsByRule() ViolationLocationsByRuleSet {
	locs := map[string][]string{}
	for _, set := range sets.ByRule {
		for _, vio := range set.Violations {
			ruleName := vio.RuleName
			vioLocation := vio.Location
			vioValue := vio.Value
			if len(vioValue) > 0 {
				vioLocation += "" ["" + vioValue + ""]""
			}
			if _, ok := locs[ruleName]; !ok {
				locs[ruleName] = []string{}
			}
			locs[ruleName] = append(locs[ruleName], vioLocation)
		}
	}
	vlrs := ViolationLocationsByRuleSet{
		ViolationLocationsByRule: locs}
	vlrs.Condense()
	return vlrs
}

func (sets *PolicyViolationsSets) Count() uint {
	count := uint(0)
	for _, set := range sets.ByRule {
		count += set.Count()
	}
	return count
}

type PolicyRule struct {
	Name         string
	StringFormat string
}

type PolicyViolationsSet struct {
	RuleName   string
	Violations []PolicyViolation
}

func NewPolicyViolationsSet(ruleName string) PolicyViolationsSet {
	return PolicyViolationsSet{
		RuleName:   ruleName,
		Violations: []PolicyViolation{}}
}

func (set *PolicyViolationsSet) Locations() PolicyViolationLocations {
	locations := PolicyViolationLocations{
		RuleName:  set.RuleName,
		Locations: []string{}}
	for _, v := range set.Violations {
		locations.Locations = append(locations.Locations, v.Location)
	}
	locations.Finalize()
	return locations
}

func (set *PolicyViolationsSet) Count() uint {
	return uint(len(set.Violations))
}

type PolicyViolationLocations struct {
	RuleName  string
	Locations []string
}

func (vl *PolicyViolationLocations) Finalize() {
	vl.Locations = stringsutil.SliceCondenseSpace(vl.Locations, true, true)
}

type PolicyViolation struct {
	RuleName  string
	RuleType  string
	Violation string
	Value     string
	Location  string
	Data      map[string]string
}

type ViolationLocationsByRuleSet struct {
	ViolationLocationsByRule map[string][]string
}

func (vlrs *ViolationLocationsByRuleSet) Condense() {
	for k, vals := range vlrs.ViolationLocationsByRule {
		vlrs.ViolationLocationsByRule[k] =
			stringsutil.SliceCondenseSpace(vals, true, true)
	}
}

func (vlrs *ViolationLocationsByRuleSet) Count() uint {
	count := 0
	for _, vals := range vlrs.ViolationLocationsByRule {
		count += len(vals)
	}
	return uint(count)
}","}
		sets.AddViolation(vio)
	}
	return nil
}"
qwen,Qwen/Qwen3-30B-A3B-Instruct-2507:nebius,go,GPL-3.0,openapi3lint::lintutil::violations.go,181,0.4,0,0.0,"		}
		existingSet, ok := sets.ByRule[upsertSet.RuleName]
		if !ok {
			sets.ByRule[upsertSet.RuleName] = upsertSet
		} else {
			existingSet.Violations = append(
				existingSet.Violations, vio)
			sets.ByRule[ruleName] = existingSet
		}
	}
	return nil
}

func (sets *PolicyViolationsSets) UpsertSets(upsertSets *PolicyViolationsSets) error {
	if upsertSets == nil {
		return nil
	}
	for ruleName, upsertSet := range upsertSets.ByRule {
		if ruleName != upsertSet.RuleName {
			return fmt.Errorf(""set name mismatch sets[%s] set[%s]"", ruleName, upsertSet.RuleName)
		}
		err := sets.UpsertSet(upsertSet)
		if err != nil {
			return err
		}
	}
	return nil
}

func (sets *PolicyViolationsSets) LocationsByRule() ViolationLocationsByRuleSet {
	locs := map[string][]string{}
	for _, set := range sets.ByRule {
		for _, vio := range set.Violations {
			ruleName := vio.RuleName
			vioLocation := vio.Location
			vioValue := vio.Value
			if len(vioValue) > 0 {
				vioLocation += "" ["" + vioValue + ""]""
			}
			if _, ok := locs[ruleName]; !ok {
				locs[ruleName] = []string{}
			}
			locs[ruleName] = append(locs[ruleName], vioLocation)
		}
	}
	vlrs := ViolationLocationsByRuleSet{
		ViolationLocationsByRule: locs}
	vlrs.Condense()
	return vlrs
}

func (sets *PolicyViolationsSets) Count() uint {
	count := uint(0)
	for _, set := range sets.ByRule {
		count += set.Count()
	}
	return count
}

type PolicyRule struct {
	Name         string
	StringFormat string
}

type PolicyViolationsSet struct {
	RuleName   string
	Violations []PolicyViolation
}

func NewPolicyViolationsSet(ruleName string) PolicyViolationsSet {
	return PolicyViolationsSet{
		RuleName:   ruleName,
		Violations: []PolicyViolation{}}
}

func (set *PolicyViolationsSet) Locations() PolicyViolationLocations {
	locations := PolicyViolationLocations{
		RuleName:  set.RuleName,
		Locations: []string{}}
	for _, v := range set.Violations {
		locations.Locations = append(locations.Locations, v.Location)
	}
	locations.Finalize()
	return locations
}

func (set *PolicyViolationsSet) Count() uint {
	return uint(len(set.Violations))
}

type PolicyViolationLocations struct {
	RuleName  string
	Locations []string
}

func (vl *PolicyViolationLocations) Finalize() {
	vl.Locations = stringsutil.SliceCondenseSpace(vl.Locations, true, true)
}

type PolicyViolation struct {
	RuleName  string
	RuleType  string
	Violation string
	Value     string
	Location  string
	Data      map[string]string
}

type ViolationLocationsByRuleSet struct {
	ViolationLocationsByRule map[string][]string
}

func (vlrs *ViolationLocationsByRuleSet) Condense() {
	for k, vals := range vlrs.ViolationLocationsByRule {
		vlrs.ViolationLocationsByRule[k] =
			stringsutil.SliceCondenseSpace(vals, true, true)
	}
}

func (vlrs *ViolationLocationsByRuleSet) Count() uint {
	count := 0
	for _, vals := range vlrs.ViolationLocationsByRule {
		count += len(vals)
	}
	return uint(count)
}","}
		sets.AddViolation(vio)
	}
	return nil
}"
qwen,Qwen/Qwen3-30B-A3B-Instruct-2507:nebius,go,GPL-3.0,openapi3lint::lintutil::violations.go,181,0.8,0,0.0,"		}
		existingSet, ok := sets.ByRule[upsertSet.RuleName]
		if !ok {
			sets.ByRule[upsertSet.RuleName] = upsertSet
		} else {
			existingSet.Violations = append(
				existingSet.Violations, vio)
			sets.ByRule[ruleName] = existingSet
		}
	}
	return nil
}

func (sets *PolicyViolationsSets) UpsertSets(upsertSets *PolicyViolationsSets) error {
	if upsertSets == nil {
		return nil
	}
	for ruleName, upsertSet := range upsertSets.ByRule {
		if ruleName != upsertSet.RuleName {
			return fmt.Errorf(""set name mismatch sets[%s] set[%s]"", ruleName, upsertSet.RuleName)
		}
		err := sets.UpsertSet(upsertSet)
		if err != nil {
			return err
		}
	}
	return nil
}

func (sets *PolicyViolationsSets) LocationsByRule() ViolationLocationsByRuleSet {
	locs := map[string][]string{}
	for _, set := range sets.ByRule {
		for _, vio := range set.Violations {
			ruleName := vio.RuleName
			vioLocation := vio.Location
			vioValue := vio.Value
			if len(vioValue) > 0 {
				vioLocation += "" ["" + vioValue + ""]""
			}
			if _, ok := locs[ruleName]; !ok {
				locs[ruleName] = []string{}
			}
			locs[ruleName] = append(locs[ruleName], vioLocation)
		}
	}
	vlrs := ViolationLocationsByRuleSet{
		ViolationLocationsByRule: locs}
	vlrs.Condense()
	return vlrs
}

func (sets *PolicyViolationsSets) Count() uint {
	count := uint(0)
	for _, set := range sets.ByRule {
		count += set.Count()
	}
	return count
}

type PolicyRule struct {
	Name         string
	StringFormat string
}

type PolicyViolationsSet struct {
	RuleName   string
	Violations []PolicyViolation
}

func NewPolicyViolationsSet(ruleName string) PolicyViolationsSet {
	return PolicyViolationsSet{
		RuleName:   ruleName,
		Violations: []PolicyViolation{}}
}

func (set *PolicyViolationsSet) Locations() PolicyViolationLocations {
	locations := PolicyViolationLocations{
		RuleName:  set.RuleName,
		Locations: []string{}}
	for _, v := range set.Violations {
		locations.Locations = append(locations.Locations, v.Location)
	}
	locations.Finalize()
	return locations
}

func (set *PolicyViolationsSet) Count() uint {
	return uint(len(set.Violations))
}

type PolicyViolationLocations struct {
	RuleName  string
	Locations []string
}

func (vl *PolicyViolationLocations) Finalize() {
	vl.Locations = stringsutil.SliceCondenseSpace(vl.Locations, true, true)
}

type PolicyViolation struct {
	RuleName  string
	RuleType  string
	Violation string
	Value     string
	Location  string
	Data      map[string]string
}

type ViolationLocationsByRuleSet struct {
	ViolationLocationsByRule map[string][]string
}

func (vlrs *ViolationLocationsByRuleSet) Condense() {
	for k, vals := range vlrs.ViolationLocationsByRule {
		vlrs.ViolationLocationsByRule[k] =
			stringsutil.SliceCondenseSpace(vals, true, true)
	}
}

func (vlrs *ViolationLocationsByRuleSet) Count() uint {
	count := 0
	for _, vals := range vlrs.ViolationLocationsByRule {
		count += len(vals)
	}
	return uint(count)
}","}
		sets.AddViolation(vio)
	}
	return nil
}"
qwen,Qwen/Qwen3-30B-A3B-Instruct-2507:nebius,go,GPL-3.0,config::config_test.go,340,0.2,0,0.11053984575835475,"	tests := map[string]func(*Config){
		""No error with empty Listen"": func(cfg *Config) {
			cfg.HTTP.Listen = """"
		},
		""No error with wrong pidfile directory"": func(cfg *Config) {
			cfg.System.Pidfile = ""/does-not-exists/pidfile.pid""
		},
		""No error with wrong empty pidfile"": func(cfg *Config) {
			cfg.System.Pidfile = """"
		},
		""No error with wrong user directive"": func(cfg *Config) {
			cfg.System.User = ""no-existing-user-please""
		},
		""No error with wrong cache default duration in location"": func(cfg *Config) {
			cfg.HTTP.Servers[0].Locations[0].CacheDefaultDuration = -1 * time.Hour
		},
		""No error with wrong cache default duration in vhost"": func(cfg *Config) {
			cfg.HTTP.Servers[0].CacheDefaultDuration = -1 * time.Hour
		},
	}

	for errorStr, fnc := range tests {
		cfg = getNormalConfig()
		fnc(cfg)
		if err := ValidateRecursive(cfg); err == nil {
			t.Errorf(errorStr)
		}
	}
}

func TestHandlersParsing(t *testing.T) {
	t.Parallel()
	cfg, err := ParseBytes([]byte(`
{
	""system"": {
		""pidfile"": ""/tmp/nedomi_pidfile.pid"",
		""workdir"": ""/tmp/""
	},
	""default_cache_type"": ""disk"",
	""default_cache_algorithm"": ""lru"",
	""cache_zones"": {
		""default"": {
			""path"": ""/tmp/test/cache1"",
			""storage_objects"": 1023123,
			""part_size"": ""2m""
		}
	},
	""http"": {
		""listen"": "":8282"",
		""max_headers_size"": 1231241212,
		""read_timeout"": 12312310,
		""write_timeout"": 213412314,
		""default_handlers"": [
		{ ""type"" : ""proxy"", ""settings"" : {""field"" : ""proxySetting""}}
		],
		""default_upstream_type"": ""simple"",
		""default_cache_zone"": ""default"",
		""virtual_hosts"": {
			""localhost"": {
				""upstream"": ""http://upstream.com"",
				""cache_key"": ""1.1"",
				""locations"": {
					""/status"": {
						""handlers"": [
						{ ""type"" : ""gzip""},
						{ ""type"" : ""status""}
						]
					},
					""~ \\.mp4$"": {
						""logger"": {
							""type"": ""notLogger"",
							""settings"" : {""field"" : ""notField""}
						}
					},
					""~* \\.mp4$"": {
						""handlers"": [ { ""type"" : ""proxy""}]
					}

				},
				""logger"": {
					""type"": ""localhostLogger"",
					""settings"" : {""field"" : ""loalField""}
				}
			},
			""127.0.0.2"": {
				""handlers"": [{ ""type"" : ""status"" }]
			}
		},
		""logger"": {
			""type"": ""httplogger"",
			""settings"" : {""field"" : ""nilLogger""}
		}
	},
	""logger"": {
		""type"": ""nillogger"",
		""settings"" : {""field"" : ""nilLogger""}
	}
}
`))
	//!TODO do it with http section only

	if err != nil {
		t.Fatalf(""Got error parsing config - %s"", err)
	}

	// don't touch it works
	var mat struct {
		Def     []DefStruct `json:""def""`
		Logger  DefStruct   `json:""logger""`
		Servers map[string]struct {
			Def       []DefStruct `json:""def""`
			Logger    DefStruct   `json:""logger""`
			Locations map[string]struct {
				Handlers []DefStruct `json:""handlers""`
				Logger   DefStruct   `json:""logger""`
			} `json:""locations""`
		} `json:""servers""`
	}
	matText := []byte(`
	{
		""def"": [ { ""type"" : ""proxy"", ""setting"": ""proxySetting""} ],
		""logger"" : {""type"" : ""httplogger"", ""setting"" : ""nilLogger""},
		""servers"": {
			""localhost"": {
				""def"": [{""type"": ""proxy"", ""setting"" : ""proxySetting""}],
				""logger"": {""type"": ""localhostLogger"", ""setting"": ""loalField""},
				""locations"": {
					""/status"": {
						""handlers"":[ {""type"" :""gzip""}, {""type"" : ""status""}],
						""logger"": {""type"": ""localhostLogger"", ""setting"": ""loalField""}
					},
					""~ \\.mp4$"": {
						""handlers"" :[{""type"": ""proxy"", ""setting"": ""proxySetting""}],
						""logger"": {""type"": ""notLogger"", ""setting"": ""notField""}
					},
					""~* \\.mp4$"": {
						""handlers"" : [ {""type"":""proxy""}],
						""logger"": {""type"": ""localhostLogger"", ""setting"": ""loalField""}
					}
				}
			},
			""127.0.0.2"": {
				""def"": [ {""type"":""status""} ],
				""logger"" : {""type"" : ""httplogger"", ""setting"" : ""nilLogger""}
			}
		}
	}`)
	err = json.Unmarshal(matText, &mat)
	if err != nil {
		t.Fatalf(""Got error parsing config - %s"", err)
	}

	checkHandlerTypes(t, ""Default Handlers are wrong"", cfg.HTTP.DefaultHandlers, mat.Def)
	checkLogger(t, ""Default Logger is wrong"", cfg.HTTP.Logger, mat.Logger)
	if len(cfg.HTTP.Servers) != len(mat.Servers) {
		t.Errorf(""expected %d server cfgs got %d"", len(mat.Servers), len(cfg.HTTP.Servers))
	}
	for _, server := range cfg.HTTP.Servers {
		serverExpect, ok := mat.Servers[server.Name]
		if !ok {
			t.Errorf(""got a server with name %s that is not expected"", server.Name)
			continue
		}
		checkHandlerTypes(t, fmt.Sprintf(""Default Handlers for server %s are wrong"", server), server.Handlers, serverExpect.Def)
		checkLogger(t, fmt.Sprintf(""Default logger for server %s is wrong"", server), server.Logger, serverExpect.Logger)
		for _, location := range server.Locations {
			locationExpect, ok := serverExpect.Locations[location.Name]
			if !ok {
				t.Errorf(""got a location %s that is not expected"", location)
				continue
			}
			checkHandlerTypes(t, fmt.Sprintf(""Handlers for location %s are wrong"", location), location.Handlers, locationExpect.Handlers)
			checkLogger(t, fmt.Sprintf(""Logger for location %s is wrong"", location), location.Logger, locationExpect.Logger)
			delete(serverExpect.Locations, location.Name)
		}
		if len(serverExpect.Locations) != 0 {
			t.Errorf(""some locations were not matched %s"", serverExpect.Locations)
		}

		delete(mat.Servers, server.Name)
	}
	if len(mat.Servers) != 0 {
		t.Errorf(""some servers were not matched %s"", mat.Servers)
	}
}

func checkLogger(t *testing.T, msg string, logger Logger, loggerExpect DefStruct) {
	if loggerExpect.Type != logger.Type {
		t.Errorf(""%s expected `%s`, got `%s`"", msg, loggerExpect.Type, logger.Type)
		return
	}
	var s struct {
		Field string `json:""field""`
	}
	if len(logger.Settings) != 0 {
		err := json.Unmarshal(logger.Settings, &s)
		if err != nil {
			t.Errorf(""got error while parsing Settings for logger %s with raw settings `%s` - %s"", logger.Type, string(logger.Settings), err)
		}
		if s.Field != loggerExpect.Setting {
			t.Errorf(""%s expected to have Setting `%s`, got `%s`"", msg, loggerExpect.Setting, s.Field)
		}
	} else if len(loggerExpect.Setting) > 0 {
		t.Errorf(""%s expected to have Setting `%s`, but no Setting was found"", msg, loggerExpect.Setting)
	}
}

func checkHandlerTypes(t *testing.T, msg string, handlers []Handler, handlerTypes []DefStruct) {
	if len(handlers) != len(handlerTypes) {
		t.Errorf(""%s expected `%s`, got `%s`"", msg, handlerTypes, handlers)
		return
	}
	for index := range handlerTypes {
		if handlers[index].Type != handlerTypes[index].Type {
			t.Errorf(""%s expected `%s`, got `%s`"", msg, handlerTypes[index].Type, handlers[index].Type)
			return
		}
		var s struct {
			Field string `json:""field""`
		}
		if len(handlers[index].Settings) != 0 {
			err := json.Unmarshal(handlers[index].Settings, &s)
			if err != nil {
				t.Errorf(""got error while parsing Settings for handler %s with raw settings `%s` - %s"", handlers[index].Type, string(handlers[index].Settings), err)
			}
			if s.Field != handlerTypes[index].Setting {
				t.Errorf(""%s expected to have Setting `%s`, got `%#v`"", msg, handlerTypes[index].Setting, handlers[index])
			}
		} else if len(handlerTypes[index].Setting) > 0 {
			t.Errorf(""%s expected to have Setting `%s`, but no Setting was found"", msg, handlerTypes[index].Setting)
		}
	}
}

type DefStruct struct {
	Type    string `json:""type""`
	Setting string `json:""setting""`
}","cfg.HTTP.Servers[0].Upstream = ""non-existent-upstream""
	if err := ValidateRecursive(cfg); err == nil {
		t.Error(""Expected error when upstream is not defined but got nil"")
	}

	cfg.HTTP.Servers[0].Upstream = ""test1""
	cfg.HTTP.Servers[0].Location.CacheZone = nil
	if err := ValidateRecursive(cfg); err == nil {
		t.Error(""Expected error when cache zone is not defined but got nil"")
	}

	cfg.HTTP.Servers[0].Location.CacheZone = cfg.CacheZones[""test1""]
	cfg.HTTP.Servers[0].Location.CacheDefaultDuration = 0
	if err := ValidateRecursive(cfg); err == nil {
		t.Error(""Expected error when cache default duration is zero but got nil"")
	}

	cfg.HTTP.Servers[0].Location.CacheDefaultDuration = 2 * time.Hour
	cfg.HTTP.Servers[0].Location.Handlers = nil
	if err := ValidateRecursive(cfg); err == nil {
		t.Error(""Expected error when handlers are not defined but got nil"")
	}

	cfg.HTTP.Servers[0].Location.Handlers = []Handler{*NewHandler(""proxy"", nil)}
	cfg.HTTP.Servers[0].Location.Logger = Logger{}
	if"
qwen,Qwen/Qwen3-30B-A3B-Instruct-2507:nebius,go,GPL-3.0,config::config_test.go,340,0.4,0,0.11025641025641025,"	tests := map[string]func(*Config){
		""No error with empty Listen"": func(cfg *Config) {
			cfg.HTTP.Listen = """"
		},
		""No error with wrong pidfile directory"": func(cfg *Config) {
			cfg.System.Pidfile = ""/does-not-exists/pidfile.pid""
		},
		""No error with wrong empty pidfile"": func(cfg *Config) {
			cfg.System.Pidfile = """"
		},
		""No error with wrong user directive"": func(cfg *Config) {
			cfg.System.User = ""no-existing-user-please""
		},
		""No error with wrong cache default duration in location"": func(cfg *Config) {
			cfg.HTTP.Servers[0].Locations[0].CacheDefaultDuration = -1 * time.Hour
		},
		""No error with wrong cache default duration in vhost"": func(cfg *Config) {
			cfg.HTTP.Servers[0].CacheDefaultDuration = -1 * time.Hour
		},
	}

	for errorStr, fnc := range tests {
		cfg = getNormalConfig()
		fnc(cfg)
		if err := ValidateRecursive(cfg); err == nil {
			t.Errorf(errorStr)
		}
	}
}

func TestHandlersParsing(t *testing.T) {
	t.Parallel()
	cfg, err := ParseBytes([]byte(`
{
	""system"": {
		""pidfile"": ""/tmp/nedomi_pidfile.pid"",
		""workdir"": ""/tmp/""
	},
	""default_cache_type"": ""disk"",
	""default_cache_algorithm"": ""lru"",
	""cache_zones"": {
		""default"": {
			""path"": ""/tmp/test/cache1"",
			""storage_objects"": 1023123,
			""part_size"": ""2m""
		}
	},
	""http"": {
		""listen"": "":8282"",
		""max_headers_size"": 1231241212,
		""read_timeout"": 12312310,
		""write_timeout"": 213412314,
		""default_handlers"": [
		{ ""type"" : ""proxy"", ""settings"" : {""field"" : ""proxySetting""}}
		],
		""default_upstream_type"": ""simple"",
		""default_cache_zone"": ""default"",
		""virtual_hosts"": {
			""localhost"": {
				""upstream"": ""http://upstream.com"",
				""cache_key"": ""1.1"",
				""locations"": {
					""/status"": {
						""handlers"": [
						{ ""type"" : ""gzip""},
						{ ""type"" : ""status""}
						]
					},
					""~ \\.mp4$"": {
						""logger"": {
							""type"": ""notLogger"",
							""settings"" : {""field"" : ""notField""}
						}
					},
					""~* \\.mp4$"": {
						""handlers"": [ { ""type"" : ""proxy""}]
					}

				},
				""logger"": {
					""type"": ""localhostLogger"",
					""settings"" : {""field"" : ""loalField""}
				}
			},
			""127.0.0.2"": {
				""handlers"": [{ ""type"" : ""status"" }]
			}
		},
		""logger"": {
			""type"": ""httplogger"",
			""settings"" : {""field"" : ""nilLogger""}
		}
	},
	""logger"": {
		""type"": ""nillogger"",
		""settings"" : {""field"" : ""nilLogger""}
	}
}
`))
	//!TODO do it with http section only

	if err != nil {
		t.Fatalf(""Got error parsing config - %s"", err)
	}

	// don't touch it works
	var mat struct {
		Def     []DefStruct `json:""def""`
		Logger  DefStruct   `json:""logger""`
		Servers map[string]struct {
			Def       []DefStruct `json:""def""`
			Logger    DefStruct   `json:""logger""`
			Locations map[string]struct {
				Handlers []DefStruct `json:""handlers""`
				Logger   DefStruct   `json:""logger""`
			} `json:""locations""`
		} `json:""servers""`
	}
	matText := []byte(`
	{
		""def"": [ { ""type"" : ""proxy"", ""setting"": ""proxySetting""} ],
		""logger"" : {""type"" : ""httplogger"", ""setting"" : ""nilLogger""},
		""servers"": {
			""localhost"": {
				""def"": [{""type"": ""proxy"", ""setting"" : ""proxySetting""}],
				""logger"": {""type"": ""localhostLogger"", ""setting"": ""loalField""},
				""locations"": {
					""/status"": {
						""handlers"":[ {""type"" :""gzip""}, {""type"" : ""status""}],
						""logger"": {""type"": ""localhostLogger"", ""setting"": ""loalField""}
					},
					""~ \\.mp4$"": {
						""handlers"" :[{""type"": ""proxy"", ""setting"": ""proxySetting""}],
						""logger"": {""type"": ""notLogger"", ""setting"": ""notField""}
					},
					""~* \\.mp4$"": {
						""handlers"" : [ {""type"":""proxy""}],
						""logger"": {""type"": ""localhostLogger"", ""setting"": ""loalField""}
					}
				}
			},
			""127.0.0.2"": {
				""def"": [ {""type"":""status""} ],
				""logger"" : {""type"" : ""httplogger"", ""setting"" : ""nilLogger""}
			}
		}
	}`)
	err = json.Unmarshal(matText, &mat)
	if err != nil {
		t.Fatalf(""Got error parsing config - %s"", err)
	}

	checkHandlerTypes(t, ""Default Handlers are wrong"", cfg.HTTP.DefaultHandlers, mat.Def)
	checkLogger(t, ""Default Logger is wrong"", cfg.HTTP.Logger, mat.Logger)
	if len(cfg.HTTP.Servers) != len(mat.Servers) {
		t.Errorf(""expected %d server cfgs got %d"", len(mat.Servers), len(cfg.HTTP.Servers))
	}
	for _, server := range cfg.HTTP.Servers {
		serverExpect, ok := mat.Servers[server.Name]
		if !ok {
			t.Errorf(""got a server with name %s that is not expected"", server.Name)
			continue
		}
		checkHandlerTypes(t, fmt.Sprintf(""Default Handlers for server %s are wrong"", server), server.Handlers, serverExpect.Def)
		checkLogger(t, fmt.Sprintf(""Default logger for server %s is wrong"", server), server.Logger, serverExpect.Logger)
		for _, location := range server.Locations {
			locationExpect, ok := serverExpect.Locations[location.Name]
			if !ok {
				t.Errorf(""got a location %s that is not expected"", location)
				continue
			}
			checkHandlerTypes(t, fmt.Sprintf(""Handlers for location %s are wrong"", location), location.Handlers, locationExpect.Handlers)
			checkLogger(t, fmt.Sprintf(""Logger for location %s is wrong"", location), location.Logger, locationExpect.Logger)
			delete(serverExpect.Locations, location.Name)
		}
		if len(serverExpect.Locations) != 0 {
			t.Errorf(""some locations were not matched %s"", serverExpect.Locations)
		}

		delete(mat.Servers, server.Name)
	}
	if len(mat.Servers) != 0 {
		t.Errorf(""some servers were not matched %s"", mat.Servers)
	}
}

func checkLogger(t *testing.T, msg string, logger Logger, loggerExpect DefStruct) {
	if loggerExpect.Type != logger.Type {
		t.Errorf(""%s expected `%s`, got `%s`"", msg, loggerExpect.Type, logger.Type)
		return
	}
	var s struct {
		Field string `json:""field""`
	}
	if len(logger.Settings) != 0 {
		err := json.Unmarshal(logger.Settings, &s)
		if err != nil {
			t.Errorf(""got error while parsing Settings for logger %s with raw settings `%s` - %s"", logger.Type, string(logger.Settings), err)
		}
		if s.Field != loggerExpect.Setting {
			t.Errorf(""%s expected to have Setting `%s`, got `%s`"", msg, loggerExpect.Setting, s.Field)
		}
	} else if len(loggerExpect.Setting) > 0 {
		t.Errorf(""%s expected to have Setting `%s`, but no Setting was found"", msg, loggerExpect.Setting)
	}
}

func checkHandlerTypes(t *testing.T, msg string, handlers []Handler, handlerTypes []DefStruct) {
	if len(handlers) != len(handlerTypes) {
		t.Errorf(""%s expected `%s`, got `%s`"", msg, handlerTypes, handlers)
		return
	}
	for index := range handlerTypes {
		if handlers[index].Type != handlerTypes[index].Type {
			t.Errorf(""%s expected `%s`, got `%s`"", msg, handlerTypes[index].Type, handlers[index].Type)
			return
		}
		var s struct {
			Field string `json:""field""`
		}
		if len(handlers[index].Settings) != 0 {
			err := json.Unmarshal(handlers[index].Settings, &s)
			if err != nil {
				t.Errorf(""got error while parsing Settings for handler %s with raw settings `%s` - %s"", handlers[index].Type, string(handlers[index].Settings), err)
			}
			if s.Field != handlerTypes[index].Setting {
				t.Errorf(""%s expected to have Setting `%s`, got `%#v`"", msg, handlerTypes[index].Setting, handlers[index])
			}
		} else if len(handlerTypes[index].Setting) > 0 {
			t.Errorf(""%s expected to have Setting `%s`, but no Setting was found"", msg, handlerTypes[index].Setting)
		}
	}
}

type DefStruct struct {
	Type    string `json:""type""`
	Setting string `json:""setting""`
}","cfg.HTTP.Servers[0].Location.CacheZone = nil
	if err := ValidateRecursive(cfg); err == nil {
		t.Error(""Expected error when CacheZone is nil but got nil"")
	}

	cfg.HTTP.Servers[0].Location.CacheZone = cfg.CacheZones[""test1""]
	cfg.HTTP.Servers[0].Location.CacheDefaultDuration = 0
	if err := ValidateRecursive(cfg); err == nil {
		t.Error(""Expected error when CacheDefaultDuration is zero but got nil"")
	}

	cfg.HTTP.Servers[0].Location.CacheDefaultDuration = 2 * time.Hour
	cfg.HTTP.Servers[0].Location.Handlers = nil
	if err := ValidateRecursive(cfg); err == nil {
		t.Error(""Expected error when Handlers is nil but got nil"")
	}

	cfg.HTTP.Servers[0].Location.Handlers = []Handler{*NewHandler(""proxy"", nil)}
	cfg.HTTP.Servers[0].Location.Logger = Logger{}
	if err := ValidateRecursive(cfg); err == nil {
		t.Error(""Expected error when Logger is empty but got nil"")
	}

	cfg.HTTP.Servers[0].Location.Logger = c.Logger
	cfg.HTTP.Servers[0].Upstream = ""non-existent""
	if err := ValidateRecursive(cfg);"
qwen,Qwen/Qwen3-30B-A3B-Instruct-2507:nebius,go,GPL-3.0,config::config_test.go,340,0.8,0,0.12144702842377261,"	tests := map[string]func(*Config){
		""No error with empty Listen"": func(cfg *Config) {
			cfg.HTTP.Listen = """"
		},
		""No error with wrong pidfile directory"": func(cfg *Config) {
			cfg.System.Pidfile = ""/does-not-exists/pidfile.pid""
		},
		""No error with wrong empty pidfile"": func(cfg *Config) {
			cfg.System.Pidfile = """"
		},
		""No error with wrong user directive"": func(cfg *Config) {
			cfg.System.User = ""no-existing-user-please""
		},
		""No error with wrong cache default duration in location"": func(cfg *Config) {
			cfg.HTTP.Servers[0].Locations[0].CacheDefaultDuration = -1 * time.Hour
		},
		""No error with wrong cache default duration in vhost"": func(cfg *Config) {
			cfg.HTTP.Servers[0].CacheDefaultDuration = -1 * time.Hour
		},
	}

	for errorStr, fnc := range tests {
		cfg = getNormalConfig()
		fnc(cfg)
		if err := ValidateRecursive(cfg); err == nil {
			t.Errorf(errorStr)
		}
	}
}

func TestHandlersParsing(t *testing.T) {
	t.Parallel()
	cfg, err := ParseBytes([]byte(`
{
	""system"": {
		""pidfile"": ""/tmp/nedomi_pidfile.pid"",
		""workdir"": ""/tmp/""
	},
	""default_cache_type"": ""disk"",
	""default_cache_algorithm"": ""lru"",
	""cache_zones"": {
		""default"": {
			""path"": ""/tmp/test/cache1"",
			""storage_objects"": 1023123,
			""part_size"": ""2m""
		}
	},
	""http"": {
		""listen"": "":8282"",
		""max_headers_size"": 1231241212,
		""read_timeout"": 12312310,
		""write_timeout"": 213412314,
		""default_handlers"": [
		{ ""type"" : ""proxy"", ""settings"" : {""field"" : ""proxySetting""}}
		],
		""default_upstream_type"": ""simple"",
		""default_cache_zone"": ""default"",
		""virtual_hosts"": {
			""localhost"": {
				""upstream"": ""http://upstream.com"",
				""cache_key"": ""1.1"",
				""locations"": {
					""/status"": {
						""handlers"": [
						{ ""type"" : ""gzip""},
						{ ""type"" : ""status""}
						]
					},
					""~ \\.mp4$"": {
						""logger"": {
							""type"": ""notLogger"",
							""settings"" : {""field"" : ""notField""}
						}
					},
					""~* \\.mp4$"": {
						""handlers"": [ { ""type"" : ""proxy""}]
					}

				},
				""logger"": {
					""type"": ""localhostLogger"",
					""settings"" : {""field"" : ""loalField""}
				}
			},
			""127.0.0.2"": {
				""handlers"": [{ ""type"" : ""status"" }]
			}
		},
		""logger"": {
			""type"": ""httplogger"",
			""settings"" : {""field"" : ""nilLogger""}
		}
	},
	""logger"": {
		""type"": ""nillogger"",
		""settings"" : {""field"" : ""nilLogger""}
	}
}
`))
	//!TODO do it with http section only

	if err != nil {
		t.Fatalf(""Got error parsing config - %s"", err)
	}

	// don't touch it works
	var mat struct {
		Def     []DefStruct `json:""def""`
		Logger  DefStruct   `json:""logger""`
		Servers map[string]struct {
			Def       []DefStruct `json:""def""`
			Logger    DefStruct   `json:""logger""`
			Locations map[string]struct {
				Handlers []DefStruct `json:""handlers""`
				Logger   DefStruct   `json:""logger""`
			} `json:""locations""`
		} `json:""servers""`
	}
	matText := []byte(`
	{
		""def"": [ { ""type"" : ""proxy"", ""setting"": ""proxySetting""} ],
		""logger"" : {""type"" : ""httplogger"", ""setting"" : ""nilLogger""},
		""servers"": {
			""localhost"": {
				""def"": [{""type"": ""proxy"", ""setting"" : ""proxySetting""}],
				""logger"": {""type"": ""localhostLogger"", ""setting"": ""loalField""},
				""locations"": {
					""/status"": {
						""handlers"":[ {""type"" :""gzip""}, {""type"" : ""status""}],
						""logger"": {""type"": ""localhostLogger"", ""setting"": ""loalField""}
					},
					""~ \\.mp4$"": {
						""handlers"" :[{""type"": ""proxy"", ""setting"": ""proxySetting""}],
						""logger"": {""type"": ""notLogger"", ""setting"": ""notField""}
					},
					""~* \\.mp4$"": {
						""handlers"" : [ {""type"":""proxy""}],
						""logger"": {""type"": ""localhostLogger"", ""setting"": ""loalField""}
					}
				}
			},
			""127.0.0.2"": {
				""def"": [ {""type"":""status""} ],
				""logger"" : {""type"" : ""httplogger"", ""setting"" : ""nilLogger""}
			}
		}
	}`)
	err = json.Unmarshal(matText, &mat)
	if err != nil {
		t.Fatalf(""Got error parsing config - %s"", err)
	}

	checkHandlerTypes(t, ""Default Handlers are wrong"", cfg.HTTP.DefaultHandlers, mat.Def)
	checkLogger(t, ""Default Logger is wrong"", cfg.HTTP.Logger, mat.Logger)
	if len(cfg.HTTP.Servers) != len(mat.Servers) {
		t.Errorf(""expected %d server cfgs got %d"", len(mat.Servers), len(cfg.HTTP.Servers))
	}
	for _, server := range cfg.HTTP.Servers {
		serverExpect, ok := mat.Servers[server.Name]
		if !ok {
			t.Errorf(""got a server with name %s that is not expected"", server.Name)
			continue
		}
		checkHandlerTypes(t, fmt.Sprintf(""Default Handlers for server %s are wrong"", server), server.Handlers, serverExpect.Def)
		checkLogger(t, fmt.Sprintf(""Default logger for server %s is wrong"", server), server.Logger, serverExpect.Logger)
		for _, location := range server.Locations {
			locationExpect, ok := serverExpect.Locations[location.Name]
			if !ok {
				t.Errorf(""got a location %s that is not expected"", location)
				continue
			}
			checkHandlerTypes(t, fmt.Sprintf(""Handlers for location %s are wrong"", location), location.Handlers, locationExpect.Handlers)
			checkLogger(t, fmt.Sprintf(""Logger for location %s is wrong"", location), location.Logger, locationExpect.Logger)
			delete(serverExpect.Locations, location.Name)
		}
		if len(serverExpect.Locations) != 0 {
			t.Errorf(""some locations were not matched %s"", serverExpect.Locations)
		}

		delete(mat.Servers, server.Name)
	}
	if len(mat.Servers) != 0 {
		t.Errorf(""some servers were not matched %s"", mat.Servers)
	}
}

func checkLogger(t *testing.T, msg string, logger Logger, loggerExpect DefStruct) {
	if loggerExpect.Type != logger.Type {
		t.Errorf(""%s expected `%s`, got `%s`"", msg, loggerExpect.Type, logger.Type)
		return
	}
	var s struct {
		Field string `json:""field""`
	}
	if len(logger.Settings) != 0 {
		err := json.Unmarshal(logger.Settings, &s)
		if err != nil {
			t.Errorf(""got error while parsing Settings for logger %s with raw settings `%s` - %s"", logger.Type, string(logger.Settings), err)
		}
		if s.Field != loggerExpect.Setting {
			t.Errorf(""%s expected to have Setting `%s`, got `%s`"", msg, loggerExpect.Setting, s.Field)
		}
	} else if len(loggerExpect.Setting) > 0 {
		t.Errorf(""%s expected to have Setting `%s`, but no Setting was found"", msg, loggerExpect.Setting)
	}
}

func checkHandlerTypes(t *testing.T, msg string, handlers []Handler, handlerTypes []DefStruct) {
	if len(handlers) != len(handlerTypes) {
		t.Errorf(""%s expected `%s`, got `%s`"", msg, handlerTypes, handlers)
		return
	}
	for index := range handlerTypes {
		if handlers[index].Type != handlerTypes[index].Type {
			t.Errorf(""%s expected `%s`, got `%s`"", msg, handlerTypes[index].Type, handlers[index].Type)
			return
		}
		var s struct {
			Field string `json:""field""`
		}
		if len(handlers[index].Settings) != 0 {
			err := json.Unmarshal(handlers[index].Settings, &s)
			if err != nil {
				t.Errorf(""got error while parsing Settings for handler %s with raw settings `%s` - %s"", handlers[index].Type, string(handlers[index].Settings), err)
			}
			if s.Field != handlerTypes[index].Setting {
				t.Errorf(""%s expected to have Setting `%s`, got `%#v`"", msg, handlerTypes[index].Setting, handlers[index])
			}
		} else if len(handlerTypes[index].Setting) > 0 {
			t.Errorf(""%s expected to have Setting `%s`, but no Setting was found"", msg, handlerTypes[index].Setting)
		}
	}
}

type DefStruct struct {
	Type    string `json:""type""`
	Setting string `json:""setting""`
}","cfg.HTTP.Servers[0].Upstream = ""non-existent-upstream""
	if err := ValidateRecursive(cfg); err == nil {
		t.Errorf(""Expected error when upstream does not exist but got nil"")
	}

	cfg.HTTP.Servers[0].Upstream = ""test1""
	cfg.HTTP.Servers[0].Location.CacheZone = nil
	if err := ValidateRecursive(cfg); err == nil {
		t.Errorf(""Expected error when cache zone is nil but got nil"")
	}

	cfg.HTTP.Servers[0].Location.CacheZone = cfg.CacheZones[""test1""]
	cfg.HTTP.Servers[0].Location.CacheKey = """"
	if err := ValidateRecursive(cfg); err == nil {
		t.Errorf(""Expected error when cache key is empty but got nil"")
	}

	cfg.HTTP.Servers[0].Location.CacheKey = ""test""
	cfg.HTTP.Servers[0].Location.CacheDefaultDuration = 0
	if err := ValidateRecursive(cfg); err == nil {
		t.Errorf(""Expected error when cache default duration is zero but got nil"")
	}

	cfg.HTTP.Servers[0].Location.CacheDefaultDuration = 2 * time.Hour
	cfg.Logger.Type = ""invalid-logger""
	if err := ValidateRecursive(cfg); err == nil {
		t"
qwen,Qwen/Qwen3-30B-A3B-Instruct-2507:nebius,go,GPL-3.0,read.go,86,0.2,0,0.16417910447761194,"	if err != nil {
		return nil, err
	}
	return newFile(&z.Reader, z)
}

// NewReader initializes a File struct with an already opened ODF
// file, and checks the file's MIME type. The returned *File provides
// access to files embedded in the ODF file, like content.xml.
func NewReader(r io.ReaderAt, size int64) (*File, error) {
	z, err := zip.NewReader(r, size)
	if err != nil {
		return nil, err
	}
	return newFile(z, nil)
}

func newFile(z *zip.Reader, closer io.Closer) (*File, error) {
	f := new(File)
	f.Reader = z
	mf, err := f.Open(""mimetype"")
	if err != nil {
		if closer != nil {
			closer.Close()
		}
		return nil, err
	}

	b, err := ioutil.ReadAll(mf)
	mf.Close()
	if err != nil {
		if closer != nil {
			closer.Close()
		}
		return nil, err
	}
	f.MimeType = string(b)
	f.cl = closer

	if !strings.HasPrefix(f.MimeType, MimeTypePfx) {
		return nil, errors.New(""not an Open Document mime type"")
	}
	return f, nil
}

func (f *File) Close() error {
	if f.cl == nil {
		return nil
	}
	return f.cl.Close()
}

func (f *File) Open(name string) (io.ReadCloser, error) {
	for _, zf := range f.File {
		if zf.Name == name {
			return zf.Open()
		}
	}
	return nil, errors.New(""odf: open "" + name + "": no such file"")
}","if err != nil {
		return nil, err
	}

	// Check the MIME type by reading the mimetype file
	mimeTypeFile, err := z.Open(""mimetype"")
	if err != nil {
		z.Close()
		return nil, err
	}
	defer mimeTypeFile.Close()

	mimeTypeData, err := ioutil.ReadAll(mimeTypeFile)
	if err != nil {
		z.Close()
		return nil, err
	}

	mimeType := string(mimeTypeData)
	if !strings.HasPrefix(mimeType, MimeTypePfx) {
		z.Close()
		return nil, errors.New(""invalid MIME type: "" + mimeType)
	}

	return &File{
		Reader:   z,
		cl:       z,
		MimeType: mimeType,
	}, nil
}"
qwen,Qwen/Qwen3-30B-A3B-Instruct-2507:nebius,go,GPL-3.0,read.go,86,0.4,0,0.20567375886524822,"	if err != nil {
		return nil, err
	}
	return newFile(&z.Reader, z)
}

// NewReader initializes a File struct with an already opened ODF
// file, and checks the file's MIME type. The returned *File provides
// access to files embedded in the ODF file, like content.xml.
func NewReader(r io.ReaderAt, size int64) (*File, error) {
	z, err := zip.NewReader(r, size)
	if err != nil {
		return nil, err
	}
	return newFile(z, nil)
}

func newFile(z *zip.Reader, closer io.Closer) (*File, error) {
	f := new(File)
	f.Reader = z
	mf, err := f.Open(""mimetype"")
	if err != nil {
		if closer != nil {
			closer.Close()
		}
		return nil, err
	}

	b, err := ioutil.ReadAll(mf)
	mf.Close()
	if err != nil {
		if closer != nil {
			closer.Close()
		}
		return nil, err
	}
	f.MimeType = string(b)
	f.cl = closer

	if !strings.HasPrefix(f.MimeType, MimeTypePfx) {
		return nil, errors.New(""not an Open Document mime type"")
	}
	return f, nil
}

func (f *File) Close() error {
	if f.cl == nil {
		return nil
	}
	return f.cl.Close()
}

func (f *File) Open(name string) (io.ReadCloser, error) {
	for _, zf := range f.File {
		if zf.Name == name {
			return zf.Open()
		}
	}
	return nil, errors.New(""odf: open "" + name + "": no such file"")
}","if err != nil {
		return nil, err
	}

	// Check the MIME type by reading the mimetype file
	mimeTypeFile, err := z.Open(""mimetype"")
	if err != nil {
		z.Close()
		return nil, errors.New(""ODF file missing mimetype file"")
	}
	defer mimeTypeFile.Close()

	mimeTypeData, err := ioutil.ReadAll(mimeTypeFile)
	if err != nil {
		z.Close()
		return nil, errors.New(""failed to read mimetype file"")
	}

	mimeType := strings.TrimSpace(string(mimeTypeData))
	if !strings.HasPrefix(mimeType, MimeTypePfx) {
		z.Close()
		return nil, errors.New(""invalid MIME type for ODF file"")
	}

	return &File{
		Reader:   z,
		cl:       z,
		MimeType: mimeType,
	}, nil
}"
qwen,Qwen/Qwen3-30B-A3B-Instruct-2507:nebius,go,GPL-3.0,read.go,86,0.8,0,0.17647058823529413,"	if err != nil {
		return nil, err
	}
	return newFile(&z.Reader, z)
}

// NewReader initializes a File struct with an already opened ODF
// file, and checks the file's MIME type. The returned *File provides
// access to files embedded in the ODF file, like content.xml.
func NewReader(r io.ReaderAt, size int64) (*File, error) {
	z, err := zip.NewReader(r, size)
	if err != nil {
		return nil, err
	}
	return newFile(z, nil)
}

func newFile(z *zip.Reader, closer io.Closer) (*File, error) {
	f := new(File)
	f.Reader = z
	mf, err := f.Open(""mimetype"")
	if err != nil {
		if closer != nil {
			closer.Close()
		}
		return nil, err
	}

	b, err := ioutil.ReadAll(mf)
	mf.Close()
	if err != nil {
		if closer != nil {
			closer.Close()
		}
		return nil, err
	}
	f.MimeType = string(b)
	f.cl = closer

	if !strings.HasPrefix(f.MimeType, MimeTypePfx) {
		return nil, errors.New(""not an Open Document mime type"")
	}
	return f, nil
}

func (f *File) Close() error {
	if f.cl == nil {
		return nil
	}
	return f.cl.Close()
}

func (f *File) Open(name string) (io.ReadCloser, error) {
	for _, zf := range f.File {
		if zf.Name == name {
			return zf.Open()
		}
	}
	return nil, errors.New(""odf: open "" + name + "": no such file"")
}","if err != nil {
		return nil, err
	}

	// Check MIME type by reading the mimetype file
	mimetypeFile, err := z.Open(""mimetype"")
	if err != nil {
		z.Close()
		return nil, err
	}
	defer mimetypeFile.Close()

	mimetypeData, err := ioutil.ReadAll(mimetypeFile)
	if err != nil {
		z.Close()
		return nil, err
	}

	mimetype := strings.TrimSpace(string(mimetypeData))
	if !strings.HasPrefix(mimetype, MimeTypePfx) {
		z.Close()
		return nil, errors.New(""not an OpenDocument file: invalid mimetype"")
	}

	return &File{
		Reader:   z,
		cl:       z,
		MimeType: mimetype,
	}, nil
}"
qwen,Qwen/Qwen3-30B-A3B-Instruct-2507:nebius,go,GPL-3.0,notifications::sinks.go,165,0.2,0,0.15517241379310345,"	if eq.closed {
		return ErrSinkClosed
	}

	for _, listener := range eq.listeners {
		listener.ingress(event)
	}
	eq.events.PushBack(event)
	eq.cond.Signal() // signal waiters

	return nil
}

// Close shuts down the event queue, flushing
func (eq *eventQueue) Close() error {
	eq.mu.Lock()
	defer eq.mu.Unlock()

	if eq.closed {
		return fmt.Errorf(""eventqueue: already closed"")
	}

	// set closed flag
	eq.closed = true
	eq.cond.Signal() // signal flushes queue
	eq.cond.Wait()   // wait for signal from last flush

	return eq.sink.Close()
}

// run is the main goroutine to flush events to the target sink.
func (eq *eventQueue) run() {
	for {
		event := eq.next()

		if event == nil {
			return // nil block means event queue is closed.
		}

		if err := eq.sink.Write(event); err != nil {
			logrus.Warnf(""eventqueue: error writing events to %v, these events will be lost: %v"", eq.sink, err)
		}

		for _, listener := range eq.listeners {
			listener.egress(event)
		}
	}
}

// next encompasses the critical section of the run loop. When the queue is
// empty, it will block on the condition. If new data arrives, it will wake
// and return a block. When closed, a nil slice will be returned.
func (eq *eventQueue) next() events.Event {
	eq.mu.Lock()
	defer eq.mu.Unlock()

	for eq.events.Len() < 1 {
		if eq.closed {
			eq.cond.Broadcast()
			return nil
		}

		eq.cond.Wait()
	}

	front := eq.events.Front()
	block := front.Value.(events.Event)
	eq.events.Remove(front)

	return block
}

// ignoredSink discards events with ignored target media types and actions.
// passes the rest along.
type ignoredSink struct {
	events.Sink
	ignoreMediaTypes map[string]bool
	ignoreActions    map[string]bool
}

func newIgnoredSink(sink events.Sink, ignored []string, ignoreActions []string) events.Sink {
	if len(ignored) == 0 {
		return sink
	}

	ignoredMap := make(map[string]bool)
	for _, mediaType := range ignored {
		ignoredMap[mediaType] = true
	}

	ignoredActionsMap := make(map[string]bool)
	for _, action := range ignoreActions {
		ignoredActionsMap[action] = true
	}

	return &ignoredSink{
		Sink:             sink,
		ignoreMediaTypes: ignoredMap,
		ignoreActions:    ignoredActionsMap,
	}
}

// Write discards events with ignored target media types and passes the rest
// along.
func (imts *ignoredSink) Write(event events.Event) error {
	if imts.ignoreMediaTypes[event.(Event).Target.MediaType] || imts.ignoreActions[event.(Event).Action] {
		return nil
	}

	return imts.Sink.Write(event)
}

func (imts *ignoredSink) Close() error {
	return nil
}","if eq.closed {
		return fmt.Errorf(""event queue is closed"")
	}

	for _, l := range eq.listeners {
		l.ingress(event)
	}

	eq.events.PushBack(event)
	eq.cond.Broadcast()

	return nil
}"
qwen,Qwen/Qwen3-30B-A3B-Instruct-2507:nebius,go,GPL-3.0,notifications::sinks.go,165,0.4,0,0.15517241379310345,"	if eq.closed {
		return ErrSinkClosed
	}

	for _, listener := range eq.listeners {
		listener.ingress(event)
	}
	eq.events.PushBack(event)
	eq.cond.Signal() // signal waiters

	return nil
}

// Close shuts down the event queue, flushing
func (eq *eventQueue) Close() error {
	eq.mu.Lock()
	defer eq.mu.Unlock()

	if eq.closed {
		return fmt.Errorf(""eventqueue: already closed"")
	}

	// set closed flag
	eq.closed = true
	eq.cond.Signal() // signal flushes queue
	eq.cond.Wait()   // wait for signal from last flush

	return eq.sink.Close()
}

// run is the main goroutine to flush events to the target sink.
func (eq *eventQueue) run() {
	for {
		event := eq.next()

		if event == nil {
			return // nil block means event queue is closed.
		}

		if err := eq.sink.Write(event); err != nil {
			logrus.Warnf(""eventqueue: error writing events to %v, these events will be lost: %v"", eq.sink, err)
		}

		for _, listener := range eq.listeners {
			listener.egress(event)
		}
	}
}

// next encompasses the critical section of the run loop. When the queue is
// empty, it will block on the condition. If new data arrives, it will wake
// and return a block. When closed, a nil slice will be returned.
func (eq *eventQueue) next() events.Event {
	eq.mu.Lock()
	defer eq.mu.Unlock()

	for eq.events.Len() < 1 {
		if eq.closed {
			eq.cond.Broadcast()
			return nil
		}

		eq.cond.Wait()
	}

	front := eq.events.Front()
	block := front.Value.(events.Event)
	eq.events.Remove(front)

	return block
}

// ignoredSink discards events with ignored target media types and actions.
// passes the rest along.
type ignoredSink struct {
	events.Sink
	ignoreMediaTypes map[string]bool
	ignoreActions    map[string]bool
}

func newIgnoredSink(sink events.Sink, ignored []string, ignoreActions []string) events.Sink {
	if len(ignored) == 0 {
		return sink
	}

	ignoredMap := make(map[string]bool)
	for _, mediaType := range ignored {
		ignoredMap[mediaType] = true
	}

	ignoredActionsMap := make(map[string]bool)
	for _, action := range ignoreActions {
		ignoredActionsMap[action] = true
	}

	return &ignoredSink{
		Sink:             sink,
		ignoreMediaTypes: ignoredMap,
		ignoreActions:    ignoredActionsMap,
	}
}

// Write discards events with ignored target media types and passes the rest
// along.
func (imts *ignoredSink) Write(event events.Event) error {
	if imts.ignoreMediaTypes[event.(Event).Target.MediaType] || imts.ignoreActions[event.(Event).Action] {
		return nil
	}

	return imts.Sink.Write(event)
}

func (imts *ignoredSink) Close() error {
	return nil
}","if eq.closed {
		return fmt.Errorf(""event queue is closed"")
	}

	for _, l := range eq.listeners {
		l.ingress(event)
	}

	eq.events.PushBack(event)
	eq.cond.Signal()

	return nil"
qwen,Qwen/Qwen3-30B-A3B-Instruct-2507:nebius,go,GPL-3.0,notifications::sinks.go,165,0.8,0,0.15517241379310345,"	if eq.closed {
		return ErrSinkClosed
	}

	for _, listener := range eq.listeners {
		listener.ingress(event)
	}
	eq.events.PushBack(event)
	eq.cond.Signal() // signal waiters

	return nil
}

// Close shuts down the event queue, flushing
func (eq *eventQueue) Close() error {
	eq.mu.Lock()
	defer eq.mu.Unlock()

	if eq.closed {
		return fmt.Errorf(""eventqueue: already closed"")
	}

	// set closed flag
	eq.closed = true
	eq.cond.Signal() // signal flushes queue
	eq.cond.Wait()   // wait for signal from last flush

	return eq.sink.Close()
}

// run is the main goroutine to flush events to the target sink.
func (eq *eventQueue) run() {
	for {
		event := eq.next()

		if event == nil {
			return // nil block means event queue is closed.
		}

		if err := eq.sink.Write(event); err != nil {
			logrus.Warnf(""eventqueue: error writing events to %v, these events will be lost: %v"", eq.sink, err)
		}

		for _, listener := range eq.listeners {
			listener.egress(event)
		}
	}
}

// next encompasses the critical section of the run loop. When the queue is
// empty, it will block on the condition. If new data arrives, it will wake
// and return a block. When closed, a nil slice will be returned.
func (eq *eventQueue) next() events.Event {
	eq.mu.Lock()
	defer eq.mu.Unlock()

	for eq.events.Len() < 1 {
		if eq.closed {
			eq.cond.Broadcast()
			return nil
		}

		eq.cond.Wait()
	}

	front := eq.events.Front()
	block := front.Value.(events.Event)
	eq.events.Remove(front)

	return block
}

// ignoredSink discards events with ignored target media types and actions.
// passes the rest along.
type ignoredSink struct {
	events.Sink
	ignoreMediaTypes map[string]bool
	ignoreActions    map[string]bool
}

func newIgnoredSink(sink events.Sink, ignored []string, ignoreActions []string) events.Sink {
	if len(ignored) == 0 {
		return sink
	}

	ignoredMap := make(map[string]bool)
	for _, mediaType := range ignored {
		ignoredMap[mediaType] = true
	}

	ignoredActionsMap := make(map[string]bool)
	for _, action := range ignoreActions {
		ignoredActionsMap[action] = true
	}

	return &ignoredSink{
		Sink:             sink,
		ignoreMediaTypes: ignoredMap,
		ignoreActions:    ignoredActionsMap,
	}
}

// Write discards events with ignored target media types and passes the rest
// along.
func (imts *ignoredSink) Write(event events.Event) error {
	if imts.ignoreMediaTypes[event.(Event).Target.MediaType] || imts.ignoreActions[event.(Event).Action] {
		return nil
	}

	return imts.Sink.Write(event)
}

func (imts *ignoredSink) Close() error {
	return nil
}","if eq.closed {
		return fmt.Errorf(""event queue is closed"")
	}

	for _, l := range eq.listeners {
		l.ingress(event)
	}

	eq.events.PushBack(event)
	eq.cond.Signal()

	return nil
}"
qwen,Qwen/Qwen3-30B-A3B-Instruct-2507:nebius,go,GPL-3.0,pkg::kubectl::resource_printer_test.go,612,0.2,0,0.28023598820059,"func testPrinter(t *testing.T, printer ResourcePrinter, unmarshalFunc func(data []byte, v interface{}) error) {
	buf := bytes.NewBuffer([]byte{})

	err := printer.PrintObj(&testData, buf)
	if err != nil {
		t.Fatal(err)
	}
	var poutput testStruct
	// Verify that given function runs without error.
	err = unmarshalFunc(buf.Bytes(), &poutput)
	if err != nil {
		t.Fatal(err)
	}
	// Use real decode function to undo the versioning process.
	poutput = testStruct{}
	err = testapi.Codec().DecodeInto(buf.Bytes(), &poutput)
	if err != nil {
		t.Fatal(err)
	}
	if !reflect.DeepEqual(testData, poutput) {
		t.Errorf(""Test data and unmarshaled data are not equal: %v"", util.ObjectDiff(poutput, testData))
	}

	obj := &api.Pod{
		ObjectMeta: api.ObjectMeta{Name: ""foo""},
	}
	buf.Reset()
	printer.PrintObj(obj, buf)
	var objOut api.Pod
	// Verify that given function runs without error.
	err = unmarshalFunc(buf.Bytes(), &objOut)
	if err != nil {
		t.Fatalf(""unexpected error: %#v"", err)
	}
	// Use real decode function to undo the versioning process.
	objOut = api.Pod{}
	err = testapi.Codec().DecodeInto(buf.Bytes(), &objOut)
	if err != nil {
		t.Fatal(err)
	}
	if !reflect.DeepEqual(obj, &objOut) {
		t.Errorf(""Unexpected inequality:\n%v"", util.ObjectDiff(obj, &objOut))
	}
}

type TestPrintType struct {
	Data string
}

func (*TestPrintType) IsAnAPIObject() {}

type TestUnknownType struct{}

func (*TestUnknownType) IsAnAPIObject() {}

func PrintCustomType(obj *TestPrintType, w io.Writer) error {
	_, err := fmt.Fprintf(w, ""%s"", obj.Data)
	return err
}

func ErrorPrintHandler(obj *TestPrintType, w io.Writer) error {
	return fmt.Errorf(""ErrorPrintHandler error"")
}

func TestCustomTypePrinting(t *testing.T) {
	columns := []string{""Data""}
	printer := NewHumanReadablePrinter(false)
	printer.Handler(columns, PrintCustomType)

	obj := TestPrintType{""test object""}
	buffer := &bytes.Buffer{}
	err := printer.PrintObj(&obj, buffer)
	if err != nil {
		t.Fatalf(""An error occurred printing the custom type: %#v"", err)
	}
	expectedOutput := ""Data\ntest object""
	if buffer.String() != expectedOutput {
		t.Errorf(""The data was not printed as expected. Expected:\n%s\nGot:\n%s"", expectedOutput, buffer.String())
	}
}

func TestPrintHandlerError(t *testing.T) {
	columns := []string{""Data""}
	printer := NewHumanReadablePrinter(false)
	printer.Handler(columns, ErrorPrintHandler)
	obj := TestPrintType{""test object""}
	buffer := &bytes.Buffer{}
	err := printer.PrintObj(&obj, buffer)
	if err == nil || err.Error() != ""ErrorPrintHandler error"" {
		t.Errorf(""Did not get the expected error: %#v"", err)
	}
}

func TestUnknownTypePrinting(t *testing.T) {
	printer := NewHumanReadablePrinter(false)
	buffer := &bytes.Buffer{}
	err := printer.PrintObj(&TestUnknownType{}, buffer)
	if err == nil {
		t.Errorf(""An error was expected from printing unknown type"")
	}
}

func TestTemplateEmitsVersionedObjects(t *testing.T) {
	// kind is always blank in memory and set on the wire
	printer, err := NewTemplatePrinter([]byte(`{{.kind}}`))
	if err != nil {
		t.Fatalf(""tmpl fail: %v"", err)
	}
	obj, err := api.Scheme.ConvertToVersion(&api.Pod{}, ""v1beta1"")
	if err != nil {
		t.Fatalf(""unexpected error: %v"", err)
	}

	buffer := &bytes.Buffer{}
	err = printer.PrintObj(obj, buffer)
	if err != nil {
		t.Fatalf(""print fail: %v"", err)
	}
	if e, a := ""Pod"", string(buffer.Bytes()); e != a {
		t.Errorf(""Expected %v, got %v"", e, a)
	}
}

func TestTemplatePanic(t *testing.T) {
	tmpl := `{{and ((index .currentState.info ""foo"").state.running.startedAt) .currentState.info.net.state.running.startedAt}}`
	printer, err := NewTemplatePrinter([]byte(tmpl))
	if err != nil {
		t.Fatalf(""tmpl fail: %v"", err)
	}
	buffer := &bytes.Buffer{}
	err = printer.PrintObj(&api.Pod{}, buffer)
	if err == nil {
		t.Fatalf(""expected that template to crash"")
	}
	if buffer.String() == """" {
		t.Errorf(""no debugging info was printed"")
	}
}

func TestTemplateStrings(t *testing.T) {
	// This unit tests the ""exists"" function as well as the template from update.sh
	table := map[string]struct {
		pod    api.Pod
		expect string
	}{
		""nilInfo"":   {api.Pod{}, ""false""},
		""emptyInfo"": {api.Pod{Status: api.PodStatus{Info: api.PodInfo{}}}, ""false""},
		""fooExists"": {
			api.Pod{
				Status: api.PodStatus{
					Info: api.PodInfo{""foo"": api.ContainerStatus{}},
				},
			},
			""false"",
		},
		""barExists"": {
			api.Pod{
				Status: api.PodStatus{
					Info: api.PodInfo{""bar"": api.ContainerStatus{}},
				},
			},
			""false"",
		},
		""bothExist"": {
			api.Pod{
				Status: api.PodStatus{
					Info: api.PodInfo{
						""foo"": api.ContainerStatus{},
						""bar"": api.ContainerStatus{},
					},
				},
			},
			""false"",
		},
		""oneValid"": {
			api.Pod{
				Status: api.PodStatus{
					Info: api.PodInfo{
						""foo"": api.ContainerStatus{},
						""bar"": api.ContainerStatus{
							State: api.ContainerState{
								Running: &api.ContainerStateRunning{
									StartedAt: util.Time{},
								},
							},
						},
					},
				},
			},
			""false"",
		},
		""bothValid"": {
			api.Pod{
				Status: api.PodStatus{
					Info: api.PodInfo{
						""foo"": api.ContainerStatus{
							State: api.ContainerState{
								Running: &api.ContainerStateRunning{
									StartedAt: util.Time{},
								},
							},
						},
						""bar"": api.ContainerStatus{
							State: api.ContainerState{
								Running: &api.ContainerStateRunning{
									StartedAt: util.Time{},
								},
							},
						},
					},
				},
			},
			""true"",
		},
	}

	// The point of this test is to verify that the below template works. If you change this
	// template, you need to update hack/e2e-suite/update.sh.
	tmpl :=
		`{{and (exists . ""currentState"" ""info"" ""foo"" ""state"" ""running"") (exists . ""currentState"" ""info"" ""bar"" ""state"" ""running"")}}`
	useThisToDebug := `
a: {{exists . ""currentState""}}
b: {{exists . ""currentState"" ""info""}}
c: {{exists . ""currentState"" ""info"" ""foo""}}
d: {{exists . ""currentState"" ""info"" ""foo"" ""state""}}
e: {{exists . ""currentState"" ""info"" ""foo"" ""state"" ""running""}}
f: {{exists . ""currentState"" ""info"" ""foo"" ""state"" ""running"" ""startedAt""}}`
	_ = useThisToDebug // don't complain about unused var

	p, err := NewTemplatePrinter([]byte(tmpl))
	if err != nil {
		t.Fatalf(""tmpl fail: %v"", err)
	}

	printer := NewVersionedPrinter(p, api.Scheme, ""v1beta1"")

	for name, item := range table {
		buffer := &bytes.Buffer{}
		err = printer.PrintObj(&item.pod, buffer)
		if err != nil {
			t.Errorf(""%v: unexpected err: %v"", name, err)
			continue
		}
		if e, a := item.expect, buffer.String(); e != a {
			t.Errorf(""%v: expected %v, got %v"", name, e, a)
		}
	}
}

func TestPrinters(t *testing.T) {
	om := func(name string) api.ObjectMeta { return api.ObjectMeta{Name: name} }
	templatePrinter, err := NewTemplatePrinter([]byte(""{{.name}}""))
	if err != nil {
		t.Fatal(err)
	}
	templatePrinter2, err := NewTemplatePrinter([]byte(""{{len .items}}""))
	if err != nil {
		t.Fatal(err)
	}
	printers := map[string]ResourcePrinter{
		""humanReadable"":        NewHumanReadablePrinter(true),
		""humanReadableHeaders"": NewHumanReadablePrinter(false),
		""json"":                 &JSONPrinter{},
		""yaml"":                 &YAMLPrinter{},
		""template"":             templatePrinter,
		""template2"":            templatePrinter2,
	}
	objects := map[string]runtime.Object{
		""pod"":             &api.Pod{ObjectMeta: om(""pod"")},
		""emptyPodList"":    &api.PodList{},
		""nonEmptyPodList"": &api.PodList{Items: []api.Pod{{}}},
		""endpoints"":       &api.Endpoints{Endpoints: []api.Endpoint{{IP: ""127.0.0.1""}, {IP: ""localhost"", Port: 8080}}},
	}
	// map of printer name to set of objects it should fail on.
	expectedErrors := map[string]util.StringSet{
		""template2"": util.NewStringSet(""pod"", ""emptyPodList"", ""endpoints""),
	}

	for pName, p := range printers {
		for oName, obj := range objects {
			b := &bytes.Buffer{}
			if err := p.PrintObj(obj, b); err != nil {
				if set, found := expectedErrors[pName]; found && set.Has(oName) {
					// expected error
					continue
				}
				t.Errorf(""printer '%v', object '%v'; error: '%v'"", pName, oName, err)
			}
		}
	}
}

func TestPrintEventsResultSorted(t *testing.T) {
	// Arrange
	printer := NewHumanReadablePrinter(false /* noHeaders */)

	obj := api.EventList{
		Items: []api.Event{
			{
				Source:         api.EventSource{Component: ""kubelet""},
				Message:        ""Item 1"",
				FirstTimestamp: util.NewTime(time.Date(2014, time.January, 15, 0, 0, 0, 0, time.UTC)),
				LastTimestamp:  util.NewTime(time.Date(2014, time.January, 15, 0, 0, 0, 0, time.UTC)),
				Count:          1,
			},
			{
				Source:         api.EventSource{Component: ""scheduler""},
				Message:        ""Item 2"",
				FirstTimestamp: util.NewTime(time.Date(1987, time.June, 17, 0, 0, 0, 0, time.UTC)),
				LastTimestamp:  util.NewTime(time.Date(1987, time.June, 17, 0, 0, 0, 0, time.UTC)),
				Count:          1,
			},
			{
				Source:         api.EventSource{Component: ""kubelet""},
				Message:        ""Item 3"",
				FirstTimestamp: util.NewTime(time.Date(2002, time.December, 25, 0, 0, 0, 0, time.UTC)),
				LastTimestamp:  util.NewTime(time.Date(2002, time.December, 25, 0, 0, 0, 0, time.UTC)),
				Count:          1,
			},
		},
	}
	buffer := &bytes.Buffer{}

	// Act
	err := printer.PrintObj(&obj, buffer)

	// Assert
	if err != nil {
		t.Fatalf(""An error occurred printing the EventList: %#v"", err)
	}
	out := buffer.String()
	VerifyDatesInOrder(out, ""\n"" /* rowDelimiter */, ""  "" /* columnDelimiter */, t)
}

func TestPrintMinionStatus(t *testing.T) {
	printer := NewHumanReadablePrinter(false)
	table := []struct {
		minion api.Node
		status string
	}{
		{
			minion: api.Node{
				ObjectMeta: api.ObjectMeta{Name: ""foo1""},
				Status:     api.NodeStatus{Conditions: []api.NodeCondition{{Type: api.NodeReady, Status: api.ConditionFull}}},
			},
			status: ""Ready"",
		},
		{
			minion: api.Node{
				ObjectMeta: api.ObjectMeta{Name: ""foo2""},
				Status: api.NodeStatus{Conditions: []api.NodeCondition{
					{Type: api.NodeReady, Status: api.ConditionFull},
					{Type: api.NodeReachable, Status: api.ConditionFull}}},
			},
			status: ""Ready,Reachable"",
		},
		{
			minion: api.Node{
				ObjectMeta: api.ObjectMeta{Name: ""foo3""},
				Status: api.NodeStatus{Conditions: []api.NodeCondition{
					{Type: api.NodeReady, Status: api.ConditionFull},
					{Type: api.NodeReady, Status: api.ConditionFull}}},
			},
			status: ""Ready"",
		},
		{
			minion: api.Node{
				ObjectMeta: api.ObjectMeta{Name: ""foo4""},
				Status:     api.NodeStatus{Conditions: []api.NodeCondition{{Type: api.NodeReady, Status: api.ConditionNone}}},
			},
			status: ""NotReady"",
		},
		{
			minion: api.Node{
				ObjectMeta: api.ObjectMeta{Name: ""foo5""},
				Status:     api.NodeStatus{Conditions: []api.NodeCondition{{Type: ""InvalidValue"", Status: api.ConditionFull}}},
			},
			status: ""Unknown"",
		},
		{
			minion: api.Node{
				ObjectMeta: api.ObjectMeta{Name: ""foo6""},
				Status:     api.NodeStatus{Conditions: []api.NodeCondition{{}}},
			},
			status: ""Unknown"",
		},
		{
			minion: api.Node{
				ObjectMeta: api.ObjectMeta{Name: ""foo7""},
				Status: api.NodeStatus{Conditions: []api.NodeCondition{
					{Type: api.NodeSchedulable, Status: api.ConditionFull},
					{Type: api.NodeReady, Status: api.ConditionFull},
					{Type: api.NodeReachable, Status: api.ConditionFull}}},
			},
			status: ""Schedulable,Ready,Reachable"",
		},
		{
			minion: api.Node{
				ObjectMeta: api.ObjectMeta{Name: ""foo8""},
				Status: api.NodeStatus{Conditions: []api.NodeCondition{
					{Type: api.NodeSchedulable, Status: api.ConditionNone},
					{Type: api.NodeReady, Status: api.ConditionNone},
					{Type: api.NodeReachable, Status: api.ConditionFull}}},
			},
			status: ""NotSchedulable,NotReady,Reachable"",
		},
	}

	for _, test := range table {
		buffer := &bytes.Buffer{}
		err := printer.PrintObj(&test.minion, buffer)
		if err != nil {
			t.Fatalf(""An error occurred printing Minion: %#v"", err)
		}
		if !contains(strings.Fields(buffer.String()), test.status) {
			t.Fatalf(""Expect printing minion %s with status %#v, got: %#v"", test.minion.Name, test.status, buffer.String())
		}
	}
}

func contains(fields []string, field string) bool {
	for _, v := range fields {
		if v == field {
			return true
		}
	}
	return false
}","go
func TestPrintTemplateWithObject(t *testing.T) {
	buf := bytes.NewBuffer([]byte{})
	printer, found, err := GetPrinter(""template"", ""{{.ObjectMeta.Name}}"")
	if err != nil || !found {
		t.Fatalf(""unexpected error: %#v"", err)
	}
	err = printer.PrintObj(&api.Pod{ObjectMeta: api.ObjectMeta{Name: ""foo""}}, buf)
	if err != nil {
		t.Fatalf(""unexpected error: %#v"", err)
	}
	if buf.String() != ""foo"" {
		t.Errorf(""unexpected output: %s"", buf.String())
	}
}

func TestPrintTemplateWithNestedObject(t *testing.T) {
	buf := bytes.NewBuffer([]byte{})
	printer, found, err := GetPrinter(""template"", ""{{.Spec.Containers.0.Name}}"")
	if err != nil || !found {
		t.Fatalf(""unexpected error: %#v"", err)
	}
	container := api.Container{Name: ""test-container""}
	pod := &api.Pod{
		ObjectMeta: api.ObjectMeta{Name: ""foo""},
		Spec:       api.PodSpec{Containers: []api.Container{container}},
	}
	err = printer.PrintObj(pod, buf)
	if err != nil"
qwen,Qwen/Qwen3-30B-A3B-Instruct-2507:nebius,go,GPL-3.0,pkg::kubectl::resource_printer_test.go,612,0.4,0,0.3054187192118227,"func testPrinter(t *testing.T, printer ResourcePrinter, unmarshalFunc func(data []byte, v interface{}) error) {
	buf := bytes.NewBuffer([]byte{})

	err := printer.PrintObj(&testData, buf)
	if err != nil {
		t.Fatal(err)
	}
	var poutput testStruct
	// Verify that given function runs without error.
	err = unmarshalFunc(buf.Bytes(), &poutput)
	if err != nil {
		t.Fatal(err)
	}
	// Use real decode function to undo the versioning process.
	poutput = testStruct{}
	err = testapi.Codec().DecodeInto(buf.Bytes(), &poutput)
	if err != nil {
		t.Fatal(err)
	}
	if !reflect.DeepEqual(testData, poutput) {
		t.Errorf(""Test data and unmarshaled data are not equal: %v"", util.ObjectDiff(poutput, testData))
	}

	obj := &api.Pod{
		ObjectMeta: api.ObjectMeta{Name: ""foo""},
	}
	buf.Reset()
	printer.PrintObj(obj, buf)
	var objOut api.Pod
	// Verify that given function runs without error.
	err = unmarshalFunc(buf.Bytes(), &objOut)
	if err != nil {
		t.Fatalf(""unexpected error: %#v"", err)
	}
	// Use real decode function to undo the versioning process.
	objOut = api.Pod{}
	err = testapi.Codec().DecodeInto(buf.Bytes(), &objOut)
	if err != nil {
		t.Fatal(err)
	}
	if !reflect.DeepEqual(obj, &objOut) {
		t.Errorf(""Unexpected inequality:\n%v"", util.ObjectDiff(obj, &objOut))
	}
}

type TestPrintType struct {
	Data string
}

func (*TestPrintType) IsAnAPIObject() {}

type TestUnknownType struct{}

func (*TestUnknownType) IsAnAPIObject() {}

func PrintCustomType(obj *TestPrintType, w io.Writer) error {
	_, err := fmt.Fprintf(w, ""%s"", obj.Data)
	return err
}

func ErrorPrintHandler(obj *TestPrintType, w io.Writer) error {
	return fmt.Errorf(""ErrorPrintHandler error"")
}

func TestCustomTypePrinting(t *testing.T) {
	columns := []string{""Data""}
	printer := NewHumanReadablePrinter(false)
	printer.Handler(columns, PrintCustomType)

	obj := TestPrintType{""test object""}
	buffer := &bytes.Buffer{}
	err := printer.PrintObj(&obj, buffer)
	if err != nil {
		t.Fatalf(""An error occurred printing the custom type: %#v"", err)
	}
	expectedOutput := ""Data\ntest object""
	if buffer.String() != expectedOutput {
		t.Errorf(""The data was not printed as expected. Expected:\n%s\nGot:\n%s"", expectedOutput, buffer.String())
	}
}

func TestPrintHandlerError(t *testing.T) {
	columns := []string{""Data""}
	printer := NewHumanReadablePrinter(false)
	printer.Handler(columns, ErrorPrintHandler)
	obj := TestPrintType{""test object""}
	buffer := &bytes.Buffer{}
	err := printer.PrintObj(&obj, buffer)
	if err == nil || err.Error() != ""ErrorPrintHandler error"" {
		t.Errorf(""Did not get the expected error: %#v"", err)
	}
}

func TestUnknownTypePrinting(t *testing.T) {
	printer := NewHumanReadablePrinter(false)
	buffer := &bytes.Buffer{}
	err := printer.PrintObj(&TestUnknownType{}, buffer)
	if err == nil {
		t.Errorf(""An error was expected from printing unknown type"")
	}
}

func TestTemplateEmitsVersionedObjects(t *testing.T) {
	// kind is always blank in memory and set on the wire
	printer, err := NewTemplatePrinter([]byte(`{{.kind}}`))
	if err != nil {
		t.Fatalf(""tmpl fail: %v"", err)
	}
	obj, err := api.Scheme.ConvertToVersion(&api.Pod{}, ""v1beta1"")
	if err != nil {
		t.Fatalf(""unexpected error: %v"", err)
	}

	buffer := &bytes.Buffer{}
	err = printer.PrintObj(obj, buffer)
	if err != nil {
		t.Fatalf(""print fail: %v"", err)
	}
	if e, a := ""Pod"", string(buffer.Bytes()); e != a {
		t.Errorf(""Expected %v, got %v"", e, a)
	}
}

func TestTemplatePanic(t *testing.T) {
	tmpl := `{{and ((index .currentState.info ""foo"").state.running.startedAt) .currentState.info.net.state.running.startedAt}}`
	printer, err := NewTemplatePrinter([]byte(tmpl))
	if err != nil {
		t.Fatalf(""tmpl fail: %v"", err)
	}
	buffer := &bytes.Buffer{}
	err = printer.PrintObj(&api.Pod{}, buffer)
	if err == nil {
		t.Fatalf(""expected that template to crash"")
	}
	if buffer.String() == """" {
		t.Errorf(""no debugging info was printed"")
	}
}

func TestTemplateStrings(t *testing.T) {
	// This unit tests the ""exists"" function as well as the template from update.sh
	table := map[string]struct {
		pod    api.Pod
		expect string
	}{
		""nilInfo"":   {api.Pod{}, ""false""},
		""emptyInfo"": {api.Pod{Status: api.PodStatus{Info: api.PodInfo{}}}, ""false""},
		""fooExists"": {
			api.Pod{
				Status: api.PodStatus{
					Info: api.PodInfo{""foo"": api.ContainerStatus{}},
				},
			},
			""false"",
		},
		""barExists"": {
			api.Pod{
				Status: api.PodStatus{
					Info: api.PodInfo{""bar"": api.ContainerStatus{}},
				},
			},
			""false"",
		},
		""bothExist"": {
			api.Pod{
				Status: api.PodStatus{
					Info: api.PodInfo{
						""foo"": api.ContainerStatus{},
						""bar"": api.ContainerStatus{},
					},
				},
			},
			""false"",
		},
		""oneValid"": {
			api.Pod{
				Status: api.PodStatus{
					Info: api.PodInfo{
						""foo"": api.ContainerStatus{},
						""bar"": api.ContainerStatus{
							State: api.ContainerState{
								Running: &api.ContainerStateRunning{
									StartedAt: util.Time{},
								},
							},
						},
					},
				},
			},
			""false"",
		},
		""bothValid"": {
			api.Pod{
				Status: api.PodStatus{
					Info: api.PodInfo{
						""foo"": api.ContainerStatus{
							State: api.ContainerState{
								Running: &api.ContainerStateRunning{
									StartedAt: util.Time{},
								},
							},
						},
						""bar"": api.ContainerStatus{
							State: api.ContainerState{
								Running: &api.ContainerStateRunning{
									StartedAt: util.Time{},
								},
							},
						},
					},
				},
			},
			""true"",
		},
	}

	// The point of this test is to verify that the below template works. If you change this
	// template, you need to update hack/e2e-suite/update.sh.
	tmpl :=
		`{{and (exists . ""currentState"" ""info"" ""foo"" ""state"" ""running"") (exists . ""currentState"" ""info"" ""bar"" ""state"" ""running"")}}`
	useThisToDebug := `
a: {{exists . ""currentState""}}
b: {{exists . ""currentState"" ""info""}}
c: {{exists . ""currentState"" ""info"" ""foo""}}
d: {{exists . ""currentState"" ""info"" ""foo"" ""state""}}
e: {{exists . ""currentState"" ""info"" ""foo"" ""state"" ""running""}}
f: {{exists . ""currentState"" ""info"" ""foo"" ""state"" ""running"" ""startedAt""}}`
	_ = useThisToDebug // don't complain about unused var

	p, err := NewTemplatePrinter([]byte(tmpl))
	if err != nil {
		t.Fatalf(""tmpl fail: %v"", err)
	}

	printer := NewVersionedPrinter(p, api.Scheme, ""v1beta1"")

	for name, item := range table {
		buffer := &bytes.Buffer{}
		err = printer.PrintObj(&item.pod, buffer)
		if err != nil {
			t.Errorf(""%v: unexpected err: %v"", name, err)
			continue
		}
		if e, a := item.expect, buffer.String(); e != a {
			t.Errorf(""%v: expected %v, got %v"", name, e, a)
		}
	}
}

func TestPrinters(t *testing.T) {
	om := func(name string) api.ObjectMeta { return api.ObjectMeta{Name: name} }
	templatePrinter, err := NewTemplatePrinter([]byte(""{{.name}}""))
	if err != nil {
		t.Fatal(err)
	}
	templatePrinter2, err := NewTemplatePrinter([]byte(""{{len .items}}""))
	if err != nil {
		t.Fatal(err)
	}
	printers := map[string]ResourcePrinter{
		""humanReadable"":        NewHumanReadablePrinter(true),
		""humanReadableHeaders"": NewHumanReadablePrinter(false),
		""json"":                 &JSONPrinter{},
		""yaml"":                 &YAMLPrinter{},
		""template"":             templatePrinter,
		""template2"":            templatePrinter2,
	}
	objects := map[string]runtime.Object{
		""pod"":             &api.Pod{ObjectMeta: om(""pod"")},
		""emptyPodList"":    &api.PodList{},
		""nonEmptyPodList"": &api.PodList{Items: []api.Pod{{}}},
		""endpoints"":       &api.Endpoints{Endpoints: []api.Endpoint{{IP: ""127.0.0.1""}, {IP: ""localhost"", Port: 8080}}},
	}
	// map of printer name to set of objects it should fail on.
	expectedErrors := map[string]util.StringSet{
		""template2"": util.NewStringSet(""pod"", ""emptyPodList"", ""endpoints""),
	}

	for pName, p := range printers {
		for oName, obj := range objects {
			b := &bytes.Buffer{}
			if err := p.PrintObj(obj, b); err != nil {
				if set, found := expectedErrors[pName]; found && set.Has(oName) {
					// expected error
					continue
				}
				t.Errorf(""printer '%v', object '%v'; error: '%v'"", pName, oName, err)
			}
		}
	}
}

func TestPrintEventsResultSorted(t *testing.T) {
	// Arrange
	printer := NewHumanReadablePrinter(false /* noHeaders */)

	obj := api.EventList{
		Items: []api.Event{
			{
				Source:         api.EventSource{Component: ""kubelet""},
				Message:        ""Item 1"",
				FirstTimestamp: util.NewTime(time.Date(2014, time.January, 15, 0, 0, 0, 0, time.UTC)),
				LastTimestamp:  util.NewTime(time.Date(2014, time.January, 15, 0, 0, 0, 0, time.UTC)),
				Count:          1,
			},
			{
				Source:         api.EventSource{Component: ""scheduler""},
				Message:        ""Item 2"",
				FirstTimestamp: util.NewTime(time.Date(1987, time.June, 17, 0, 0, 0, 0, time.UTC)),
				LastTimestamp:  util.NewTime(time.Date(1987, time.June, 17, 0, 0, 0, 0, time.UTC)),
				Count:          1,
			},
			{
				Source:         api.EventSource{Component: ""kubelet""},
				Message:        ""Item 3"",
				FirstTimestamp: util.NewTime(time.Date(2002, time.December, 25, 0, 0, 0, 0, time.UTC)),
				LastTimestamp:  util.NewTime(time.Date(2002, time.December, 25, 0, 0, 0, 0, time.UTC)),
				Count:          1,
			},
		},
	}
	buffer := &bytes.Buffer{}

	// Act
	err := printer.PrintObj(&obj, buffer)

	// Assert
	if err != nil {
		t.Fatalf(""An error occurred printing the EventList: %#v"", err)
	}
	out := buffer.String()
	VerifyDatesInOrder(out, ""\n"" /* rowDelimiter */, ""  "" /* columnDelimiter */, t)
}

func TestPrintMinionStatus(t *testing.T) {
	printer := NewHumanReadablePrinter(false)
	table := []struct {
		minion api.Node
		status string
	}{
		{
			minion: api.Node{
				ObjectMeta: api.ObjectMeta{Name: ""foo1""},
				Status:     api.NodeStatus{Conditions: []api.NodeCondition{{Type: api.NodeReady, Status: api.ConditionFull}}},
			},
			status: ""Ready"",
		},
		{
			minion: api.Node{
				ObjectMeta: api.ObjectMeta{Name: ""foo2""},
				Status: api.NodeStatus{Conditions: []api.NodeCondition{
					{Type: api.NodeReady, Status: api.ConditionFull},
					{Type: api.NodeReachable, Status: api.ConditionFull}}},
			},
			status: ""Ready,Reachable"",
		},
		{
			minion: api.Node{
				ObjectMeta: api.ObjectMeta{Name: ""foo3""},
				Status: api.NodeStatus{Conditions: []api.NodeCondition{
					{Type: api.NodeReady, Status: api.ConditionFull},
					{Type: api.NodeReady, Status: api.ConditionFull}}},
			},
			status: ""Ready"",
		},
		{
			minion: api.Node{
				ObjectMeta: api.ObjectMeta{Name: ""foo4""},
				Status:     api.NodeStatus{Conditions: []api.NodeCondition{{Type: api.NodeReady, Status: api.ConditionNone}}},
			},
			status: ""NotReady"",
		},
		{
			minion: api.Node{
				ObjectMeta: api.ObjectMeta{Name: ""foo5""},
				Status:     api.NodeStatus{Conditions: []api.NodeCondition{{Type: ""InvalidValue"", Status: api.ConditionFull}}},
			},
			status: ""Unknown"",
		},
		{
			minion: api.Node{
				ObjectMeta: api.ObjectMeta{Name: ""foo6""},
				Status:     api.NodeStatus{Conditions: []api.NodeCondition{{}}},
			},
			status: ""Unknown"",
		},
		{
			minion: api.Node{
				ObjectMeta: api.ObjectMeta{Name: ""foo7""},
				Status: api.NodeStatus{Conditions: []api.NodeCondition{
					{Type: api.NodeSchedulable, Status: api.ConditionFull},
					{Type: api.NodeReady, Status: api.ConditionFull},
					{Type: api.NodeReachable, Status: api.ConditionFull}}},
			},
			status: ""Schedulable,Ready,Reachable"",
		},
		{
			minion: api.Node{
				ObjectMeta: api.ObjectMeta{Name: ""foo8""},
				Status: api.NodeStatus{Conditions: []api.NodeCondition{
					{Type: api.NodeSchedulable, Status: api.ConditionNone},
					{Type: api.NodeReady, Status: api.ConditionNone},
					{Type: api.NodeReachable, Status: api.ConditionFull}}},
			},
			status: ""NotSchedulable,NotReady,Reachable"",
		},
	}

	for _, test := range table {
		buffer := &bytes.Buffer{}
		err := printer.PrintObj(&test.minion, buffer)
		if err != nil {
			t.Fatalf(""An error occurred printing Minion: %#v"", err)
		}
		if !contains(strings.Fields(buffer.String()), test.status) {
			t.Fatalf(""Expect printing minion %s with status %#v, got: %#v"", test.minion.Name, test.status, buffer.String())
		}
	}
}

func contains(fields []string, field string) bool {
	for _, v := range fields {
		if v == field {
			return true
		}
	}
	return false
}","go
func TestPrintTemplateWithObject(t *testing.T) {
	buf := bytes.NewBuffer([]byte{})
	printer, found, err := GetPrinter(""template"", ""{{.ObjectMeta.Name}}"")
	if err != nil || !found {
		t.Fatalf(""unexpected error: %#v"", err)
	}
	err = printer.PrintObj(&api.Pod{ObjectMeta: api.ObjectMeta{Name: ""foo""}}, buf)
	if err != nil {
		t.Fatalf(""unexpected error: %#v"", err)
	}
	if buf.String() != ""foo"" {
		t.Errorf(""unexpected output: %s"", buf.String())
	}
}

func TestPrintTemplateWithNestedObject(t *testing.T) {
	buf := bytes.NewBuffer([]byte{})
	printer, found, err := GetPrinter(""template"", ""{{.Spec.Containers.0.Name}}"")
	if err != nil || !found {
		t.Fatalf(""unexpected error: %#v"", err)
	}
	pod := &api.Pod{
		ObjectMeta: api.ObjectMeta{Name: ""foo""},
		Spec: api.PodSpec{
			Containers: []api.Container{
				{Name: ""bar""},
			},
		},
	}
	err = printer.PrintObj(pod, buf)
	if err"
qwen,Qwen/Qwen3-30B-A3B-Instruct-2507:nebius,go,GPL-3.0,pkg::kubectl::resource_printer_test.go,612,0.8,0,0.22777222777222778,"func testPrinter(t *testing.T, printer ResourcePrinter, unmarshalFunc func(data []byte, v interface{}) error) {
	buf := bytes.NewBuffer([]byte{})

	err := printer.PrintObj(&testData, buf)
	if err != nil {
		t.Fatal(err)
	}
	var poutput testStruct
	// Verify that given function runs without error.
	err = unmarshalFunc(buf.Bytes(), &poutput)
	if err != nil {
		t.Fatal(err)
	}
	// Use real decode function to undo the versioning process.
	poutput = testStruct{}
	err = testapi.Codec().DecodeInto(buf.Bytes(), &poutput)
	if err != nil {
		t.Fatal(err)
	}
	if !reflect.DeepEqual(testData, poutput) {
		t.Errorf(""Test data and unmarshaled data are not equal: %v"", util.ObjectDiff(poutput, testData))
	}

	obj := &api.Pod{
		ObjectMeta: api.ObjectMeta{Name: ""foo""},
	}
	buf.Reset()
	printer.PrintObj(obj, buf)
	var objOut api.Pod
	// Verify that given function runs without error.
	err = unmarshalFunc(buf.Bytes(), &objOut)
	if err != nil {
		t.Fatalf(""unexpected error: %#v"", err)
	}
	// Use real decode function to undo the versioning process.
	objOut = api.Pod{}
	err = testapi.Codec().DecodeInto(buf.Bytes(), &objOut)
	if err != nil {
		t.Fatal(err)
	}
	if !reflect.DeepEqual(obj, &objOut) {
		t.Errorf(""Unexpected inequality:\n%v"", util.ObjectDiff(obj, &objOut))
	}
}

type TestPrintType struct {
	Data string
}

func (*TestPrintType) IsAnAPIObject() {}

type TestUnknownType struct{}

func (*TestUnknownType) IsAnAPIObject() {}

func PrintCustomType(obj *TestPrintType, w io.Writer) error {
	_, err := fmt.Fprintf(w, ""%s"", obj.Data)
	return err
}

func ErrorPrintHandler(obj *TestPrintType, w io.Writer) error {
	return fmt.Errorf(""ErrorPrintHandler error"")
}

func TestCustomTypePrinting(t *testing.T) {
	columns := []string{""Data""}
	printer := NewHumanReadablePrinter(false)
	printer.Handler(columns, PrintCustomType)

	obj := TestPrintType{""test object""}
	buffer := &bytes.Buffer{}
	err := printer.PrintObj(&obj, buffer)
	if err != nil {
		t.Fatalf(""An error occurred printing the custom type: %#v"", err)
	}
	expectedOutput := ""Data\ntest object""
	if buffer.String() != expectedOutput {
		t.Errorf(""The data was not printed as expected. Expected:\n%s\nGot:\n%s"", expectedOutput, buffer.String())
	}
}

func TestPrintHandlerError(t *testing.T) {
	columns := []string{""Data""}
	printer := NewHumanReadablePrinter(false)
	printer.Handler(columns, ErrorPrintHandler)
	obj := TestPrintType{""test object""}
	buffer := &bytes.Buffer{}
	err := printer.PrintObj(&obj, buffer)
	if err == nil || err.Error() != ""ErrorPrintHandler error"" {
		t.Errorf(""Did not get the expected error: %#v"", err)
	}
}

func TestUnknownTypePrinting(t *testing.T) {
	printer := NewHumanReadablePrinter(false)
	buffer := &bytes.Buffer{}
	err := printer.PrintObj(&TestUnknownType{}, buffer)
	if err == nil {
		t.Errorf(""An error was expected from printing unknown type"")
	}
}

func TestTemplateEmitsVersionedObjects(t *testing.T) {
	// kind is always blank in memory and set on the wire
	printer, err := NewTemplatePrinter([]byte(`{{.kind}}`))
	if err != nil {
		t.Fatalf(""tmpl fail: %v"", err)
	}
	obj, err := api.Scheme.ConvertToVersion(&api.Pod{}, ""v1beta1"")
	if err != nil {
		t.Fatalf(""unexpected error: %v"", err)
	}

	buffer := &bytes.Buffer{}
	err = printer.PrintObj(obj, buffer)
	if err != nil {
		t.Fatalf(""print fail: %v"", err)
	}
	if e, a := ""Pod"", string(buffer.Bytes()); e != a {
		t.Errorf(""Expected %v, got %v"", e, a)
	}
}

func TestTemplatePanic(t *testing.T) {
	tmpl := `{{and ((index .currentState.info ""foo"").state.running.startedAt) .currentState.info.net.state.running.startedAt}}`
	printer, err := NewTemplatePrinter([]byte(tmpl))
	if err != nil {
		t.Fatalf(""tmpl fail: %v"", err)
	}
	buffer := &bytes.Buffer{}
	err = printer.PrintObj(&api.Pod{}, buffer)
	if err == nil {
		t.Fatalf(""expected that template to crash"")
	}
	if buffer.String() == """" {
		t.Errorf(""no debugging info was printed"")
	}
}

func TestTemplateStrings(t *testing.T) {
	// This unit tests the ""exists"" function as well as the template from update.sh
	table := map[string]struct {
		pod    api.Pod
		expect string
	}{
		""nilInfo"":   {api.Pod{}, ""false""},
		""emptyInfo"": {api.Pod{Status: api.PodStatus{Info: api.PodInfo{}}}, ""false""},
		""fooExists"": {
			api.Pod{
				Status: api.PodStatus{
					Info: api.PodInfo{""foo"": api.ContainerStatus{}},
				},
			},
			""false"",
		},
		""barExists"": {
			api.Pod{
				Status: api.PodStatus{
					Info: api.PodInfo{""bar"": api.ContainerStatus{}},
				},
			},
			""false"",
		},
		""bothExist"": {
			api.Pod{
				Status: api.PodStatus{
					Info: api.PodInfo{
						""foo"": api.ContainerStatus{},
						""bar"": api.ContainerStatus{},
					},
				},
			},
			""false"",
		},
		""oneValid"": {
			api.Pod{
				Status: api.PodStatus{
					Info: api.PodInfo{
						""foo"": api.ContainerStatus{},
						""bar"": api.ContainerStatus{
							State: api.ContainerState{
								Running: &api.ContainerStateRunning{
									StartedAt: util.Time{},
								},
							},
						},
					},
				},
			},
			""false"",
		},
		""bothValid"": {
			api.Pod{
				Status: api.PodStatus{
					Info: api.PodInfo{
						""foo"": api.ContainerStatus{
							State: api.ContainerState{
								Running: &api.ContainerStateRunning{
									StartedAt: util.Time{},
								},
							},
						},
						""bar"": api.ContainerStatus{
							State: api.ContainerState{
								Running: &api.ContainerStateRunning{
									StartedAt: util.Time{},
								},
							},
						},
					},
				},
			},
			""true"",
		},
	}

	// The point of this test is to verify that the below template works. If you change this
	// template, you need to update hack/e2e-suite/update.sh.
	tmpl :=
		`{{and (exists . ""currentState"" ""info"" ""foo"" ""state"" ""running"") (exists . ""currentState"" ""info"" ""bar"" ""state"" ""running"")}}`
	useThisToDebug := `
a: {{exists . ""currentState""}}
b: {{exists . ""currentState"" ""info""}}
c: {{exists . ""currentState"" ""info"" ""foo""}}
d: {{exists . ""currentState"" ""info"" ""foo"" ""state""}}
e: {{exists . ""currentState"" ""info"" ""foo"" ""state"" ""running""}}
f: {{exists . ""currentState"" ""info"" ""foo"" ""state"" ""running"" ""startedAt""}}`
	_ = useThisToDebug // don't complain about unused var

	p, err := NewTemplatePrinter([]byte(tmpl))
	if err != nil {
		t.Fatalf(""tmpl fail: %v"", err)
	}

	printer := NewVersionedPrinter(p, api.Scheme, ""v1beta1"")

	for name, item := range table {
		buffer := &bytes.Buffer{}
		err = printer.PrintObj(&item.pod, buffer)
		if err != nil {
			t.Errorf(""%v: unexpected err: %v"", name, err)
			continue
		}
		if e, a := item.expect, buffer.String(); e != a {
			t.Errorf(""%v: expected %v, got %v"", name, e, a)
		}
	}
}

func TestPrinters(t *testing.T) {
	om := func(name string) api.ObjectMeta { return api.ObjectMeta{Name: name} }
	templatePrinter, err := NewTemplatePrinter([]byte(""{{.name}}""))
	if err != nil {
		t.Fatal(err)
	}
	templatePrinter2, err := NewTemplatePrinter([]byte(""{{len .items}}""))
	if err != nil {
		t.Fatal(err)
	}
	printers := map[string]ResourcePrinter{
		""humanReadable"":        NewHumanReadablePrinter(true),
		""humanReadableHeaders"": NewHumanReadablePrinter(false),
		""json"":                 &JSONPrinter{},
		""yaml"":                 &YAMLPrinter{},
		""template"":             templatePrinter,
		""template2"":            templatePrinter2,
	}
	objects := map[string]runtime.Object{
		""pod"":             &api.Pod{ObjectMeta: om(""pod"")},
		""emptyPodList"":    &api.PodList{},
		""nonEmptyPodList"": &api.PodList{Items: []api.Pod{{}}},
		""endpoints"":       &api.Endpoints{Endpoints: []api.Endpoint{{IP: ""127.0.0.1""}, {IP: ""localhost"", Port: 8080}}},
	}
	// map of printer name to set of objects it should fail on.
	expectedErrors := map[string]util.StringSet{
		""template2"": util.NewStringSet(""pod"", ""emptyPodList"", ""endpoints""),
	}

	for pName, p := range printers {
		for oName, obj := range objects {
			b := &bytes.Buffer{}
			if err := p.PrintObj(obj, b); err != nil {
				if set, found := expectedErrors[pName]; found && set.Has(oName) {
					// expected error
					continue
				}
				t.Errorf(""printer '%v', object '%v'; error: '%v'"", pName, oName, err)
			}
		}
	}
}

func TestPrintEventsResultSorted(t *testing.T) {
	// Arrange
	printer := NewHumanReadablePrinter(false /* noHeaders */)

	obj := api.EventList{
		Items: []api.Event{
			{
				Source:         api.EventSource{Component: ""kubelet""},
				Message:        ""Item 1"",
				FirstTimestamp: util.NewTime(time.Date(2014, time.January, 15, 0, 0, 0, 0, time.UTC)),
				LastTimestamp:  util.NewTime(time.Date(2014, time.January, 15, 0, 0, 0, 0, time.UTC)),
				Count:          1,
			},
			{
				Source:         api.EventSource{Component: ""scheduler""},
				Message:        ""Item 2"",
				FirstTimestamp: util.NewTime(time.Date(1987, time.June, 17, 0, 0, 0, 0, time.UTC)),
				LastTimestamp:  util.NewTime(time.Date(1987, time.June, 17, 0, 0, 0, 0, time.UTC)),
				Count:          1,
			},
			{
				Source:         api.EventSource{Component: ""kubelet""},
				Message:        ""Item 3"",
				FirstTimestamp: util.NewTime(time.Date(2002, time.December, 25, 0, 0, 0, 0, time.UTC)),
				LastTimestamp:  util.NewTime(time.Date(2002, time.December, 25, 0, 0, 0, 0, time.UTC)),
				Count:          1,
			},
		},
	}
	buffer := &bytes.Buffer{}

	// Act
	err := printer.PrintObj(&obj, buffer)

	// Assert
	if err != nil {
		t.Fatalf(""An error occurred printing the EventList: %#v"", err)
	}
	out := buffer.String()
	VerifyDatesInOrder(out, ""\n"" /* rowDelimiter */, ""  "" /* columnDelimiter */, t)
}

func TestPrintMinionStatus(t *testing.T) {
	printer := NewHumanReadablePrinter(false)
	table := []struct {
		minion api.Node
		status string
	}{
		{
			minion: api.Node{
				ObjectMeta: api.ObjectMeta{Name: ""foo1""},
				Status:     api.NodeStatus{Conditions: []api.NodeCondition{{Type: api.NodeReady, Status: api.ConditionFull}}},
			},
			status: ""Ready"",
		},
		{
			minion: api.Node{
				ObjectMeta: api.ObjectMeta{Name: ""foo2""},
				Status: api.NodeStatus{Conditions: []api.NodeCondition{
					{Type: api.NodeReady, Status: api.ConditionFull},
					{Type: api.NodeReachable, Status: api.ConditionFull}}},
			},
			status: ""Ready,Reachable"",
		},
		{
			minion: api.Node{
				ObjectMeta: api.ObjectMeta{Name: ""foo3""},
				Status: api.NodeStatus{Conditions: []api.NodeCondition{
					{Type: api.NodeReady, Status: api.ConditionFull},
					{Type: api.NodeReady, Status: api.ConditionFull}}},
			},
			status: ""Ready"",
		},
		{
			minion: api.Node{
				ObjectMeta: api.ObjectMeta{Name: ""foo4""},
				Status:     api.NodeStatus{Conditions: []api.NodeCondition{{Type: api.NodeReady, Status: api.ConditionNone}}},
			},
			status: ""NotReady"",
		},
		{
			minion: api.Node{
				ObjectMeta: api.ObjectMeta{Name: ""foo5""},
				Status:     api.NodeStatus{Conditions: []api.NodeCondition{{Type: ""InvalidValue"", Status: api.ConditionFull}}},
			},
			status: ""Unknown"",
		},
		{
			minion: api.Node{
				ObjectMeta: api.ObjectMeta{Name: ""foo6""},
				Status:     api.NodeStatus{Conditions: []api.NodeCondition{{}}},
			},
			status: ""Unknown"",
		},
		{
			minion: api.Node{
				ObjectMeta: api.ObjectMeta{Name: ""foo7""},
				Status: api.NodeStatus{Conditions: []api.NodeCondition{
					{Type: api.NodeSchedulable, Status: api.ConditionFull},
					{Type: api.NodeReady, Status: api.ConditionFull},
					{Type: api.NodeReachable, Status: api.ConditionFull}}},
			},
			status: ""Schedulable,Ready,Reachable"",
		},
		{
			minion: api.Node{
				ObjectMeta: api.ObjectMeta{Name: ""foo8""},
				Status: api.NodeStatus{Conditions: []api.NodeCondition{
					{Type: api.NodeSchedulable, Status: api.ConditionNone},
					{Type: api.NodeReady, Status: api.ConditionNone},
					{Type: api.NodeReachable, Status: api.ConditionFull}}},
			},
			status: ""NotSchedulable,NotReady,Reachable"",
		},
	}

	for _, test := range table {
		buffer := &bytes.Buffer{}
		err := printer.PrintObj(&test.minion, buffer)
		if err != nil {
			t.Fatalf(""An error occurred printing Minion: %#v"", err)
		}
		if !contains(strings.Fields(buffer.String()), test.status) {
			t.Fatalf(""Expect printing minion %s with status %#v, got: %#v"", test.minion.Name, test.status, buffer.String())
		}
	}
}

func contains(fields []string, field string) bool {
	for _, v := range fields {
		if v == field {
			return true
		}
	}
	return false
}","go
func TestPrintTemplateWithObject(t *testing.T) {
	buf := bytes.NewBuffer([]byte{})
	printer, found, err := GetPrinter(""template"", ""{{.ObjectMeta.Name}}"")
	if err != nil || !found {
		t.Fatalf(""unexpected error: %#v"", err)
	}
	pod := &v1beta1.Pod{
		TypeMeta: v1beta1.TypeMeta{
			APIVersion: ""v1beta1"",
			Kind:       ""Pod"",
		},
		ObjectMeta: api.ObjectMeta{
			Name: ""test-pod"",
		},
	}
	err = printer.PrintObj(pod, buf)
	if err != nil {
		t.Fatalf(""unexpected error: %#v"", err)
	}
	if buf.String() != ""test-pod"" {
		t.Errorf(""unexpected output: %s"", buf.String())
	}
}

func TestPrintTemplateWithNestedObject(t *testing.T) {
	buf := bytes.NewBuffer([]byte{})
	printer, found, err := GetPrinter(""template"", ""{{.Spec.Containers.0.Name}}"")
	if err != nil || !found {
		t.Fatalf(""unexpected error: %#v"", err)
	}
	pod := &v1beta1"
qwen,Qwen/Qwen3-30B-A3B-Instruct-2507:nebius,go,GPL-3.0,vendor::github.com::uber-go::zap::level.go,108,0.2,0,0.49206349206349204,"// New to override the default logging priority.
type Level int32

const (
	// DebugLevel logs are typically voluminous, and are usually disabled in
	// production.
	DebugLevel Level = iota - 1
	// InfoLevel is the default logging priority.
	InfoLevel
	// WarnLevel logs are more important than Info, but don't need individual
	// human review.
	WarnLevel
	// ErrorLevel logs are high-priority. If an application is running smoothly,
	// it shouldn't generate any error-level logs.
	ErrorLevel
	// PanicLevel logs a message, then panics.
	PanicLevel
	// FatalLevel logs a message, then calls os.Exit(1).
	FatalLevel
)

// String returns a lower-case ASCII representation of the log level.
func (l Level) String() string {
	switch l {
	case DebugLevel:
		return ""debug""
	case InfoLevel:
		return ""info""
	case WarnLevel:
		return ""warn""
	case ErrorLevel:
		return ""error""
	case PanicLevel:
		return ""panic""
	case FatalLevel:
		return ""fatal""
	default:
		return fmt.Sprintf(""Level(%d)"", l)
	}
}

// MarshalText marshals the Level to text. Note that the text representation
// drops the -Level suffix (see example).
func (l *Level) MarshalText() ([]byte, error) {
	if l == nil {
		return nil, errMarshalNilLevel
	}
	return []byte(l.String()), nil
}

// UnmarshalText unmarshals text to a level. Like MarshalText, UnmarshalText
// expects the text representation of a Level to drop the -Level suffix (see
// example).
//
// In particular, this makes it easy to configure logging levels using YAML,
// TOML, or JSON files.
func (l *Level) UnmarshalText(text []byte) error {
	switch string(text) {
	case ""debug"":
		*l = DebugLevel
	case ""info"":
		*l = InfoLevel
	case ""warn"":
		*l = WarnLevel
	case ""error"":
		*l = ErrorLevel
	case ""panic"":
		*l = PanicLevel
	case ""fatal"":
		*l = FatalLevel
	default:
		return fmt.Errorf(""unrecognized level: %v"", string(text))
	}
	return nil
}","NewLogger to customize the logger's level. The zero value is InfoLevel.

// MarshalText implements the encoding.TextMarshaler interface, allowing
// Levels to be used as map keys and in other contexts where a string
// representation is needed.
func (l *Level) MarshalText() ([]byte, error) {
	if l == nil {
		return nil, errMarshalNilLevel
	}
	return []byte(l.String()), nil
}

// UnmarshalText implements the encoding.TextUnmarshaler interface, allowing
// Levels to be used as map keys and in other contexts where a string
// representation is needed.
func (l *Level) UnmarshalText(text []byte) error {
	if l == nil {
		return errMarshalNilLevel
	}
	switch string(text) {
	case ""debug"":
		*l = DebugLevel
	case ""info"":
		*l = InfoLevel
	case ""warn"":
		*l = WarnLevel
	case ""error"":
		*l = ErrorLevel
	case ""dpanic"":
		*l = DPanicLevel
	case ""panic"":
		*l = PanicLevel
	case ""fatal"":
		*l = FatalLevel
	default:
		return fmt.Errorf(""unknown level: %q"", text)
	}"
qwen,Qwen/Qwen3-30B-A3B-Instruct-2507:nebius,go,GPL-3.0,vendor::github.com::uber-go::zap::level.go,108,0.4,0,0.4696969696969697,"// New to override the default logging priority.
type Level int32

const (
	// DebugLevel logs are typically voluminous, and are usually disabled in
	// production.
	DebugLevel Level = iota - 1
	// InfoLevel is the default logging priority.
	InfoLevel
	// WarnLevel logs are more important than Info, but don't need individual
	// human review.
	WarnLevel
	// ErrorLevel logs are high-priority. If an application is running smoothly,
	// it shouldn't generate any error-level logs.
	ErrorLevel
	// PanicLevel logs a message, then panics.
	PanicLevel
	// FatalLevel logs a message, then calls os.Exit(1).
	FatalLevel
)

// String returns a lower-case ASCII representation of the log level.
func (l Level) String() string {
	switch l {
	case DebugLevel:
		return ""debug""
	case InfoLevel:
		return ""info""
	case WarnLevel:
		return ""warn""
	case ErrorLevel:
		return ""error""
	case PanicLevel:
		return ""panic""
	case FatalLevel:
		return ""fatal""
	default:
		return fmt.Sprintf(""Level(%d)"", l)
	}
}

// MarshalText marshals the Level to text. Note that the text representation
// drops the -Level suffix (see example).
func (l *Level) MarshalText() ([]byte, error) {
	if l == nil {
		return nil, errMarshalNilLevel
	}
	return []byte(l.String()), nil
}

// UnmarshalText unmarshals text to a level. Like MarshalText, UnmarshalText
// expects the text representation of a Level to drop the -Level suffix (see
// example).
//
// In particular, this makes it easy to configure logging levels using YAML,
// TOML, or JSON files.
func (l *Level) UnmarshalText(text []byte) error {
	switch string(text) {
	case ""debug"":
		*l = DebugLevel
	case ""info"":
		*l = InfoLevel
	case ""warn"":
		*l = WarnLevel
	case ""error"":
		*l = ErrorLevel
	case ""panic"":
		*l = PanicLevel
	case ""fatal"":
		*l = FatalLevel
	default:
		return fmt.Errorf(""unrecognized level: %v"", string(text))
	}
	return nil
}","NewLogger to configure the initial logging level. The zero value is InvalidLevel, which is not a valid logging level and will not log any messages.

// MarshalText implements the encoding.TextMarshaler interface, allowing
// Levels to be serialized to text.
func (l *Level) MarshalText() ([]byte, error) {
	if l == nil {
		return nil, errMarshalNilLevel
	}
	return []byte(l.String()), nil
}

// UnmarshalText implements the encoding.TextUnmarshaler interface, allowing
// Levels to be deserialized from text.
func (l *Level) UnmarshalText(text []byte) error {
	if l == nil {
		return errMarshalNilLevel
	}
	switch string(text) {
	case ""debug"":
		*l = DebugLevel
	case ""info"":
		*l = InfoLevel
	case ""warn"":
		*l = WarnLevel
	case ""error"":
		*l = ErrorLevel
	case ""dpanic"":
		*l = DPanicLevel
	case ""panic"":
		*l = PanicLevel
	case ""fatal"":
		*l = FatalLevel
	default:
		return fmt.Errorf(""unknown level: %q"", text)
	}
	return nil
}

// String returns the string representation of"
qwen,Qwen/Qwen3-30B-A3B-Instruct-2507:nebius,go,GPL-3.0,vendor::github.com::uber-go::zap::level.go,108,0.8,0,0.0,"// New to override the default logging priority.
type Level int32

const (
	// DebugLevel logs are typically voluminous, and are usually disabled in
	// production.
	DebugLevel Level = iota - 1
	// InfoLevel is the default logging priority.
	InfoLevel
	// WarnLevel logs are more important than Info, but don't need individual
	// human review.
	WarnLevel
	// ErrorLevel logs are high-priority. If an application is running smoothly,
	// it shouldn't generate any error-level logs.
	ErrorLevel
	// PanicLevel logs a message, then panics.
	PanicLevel
	// FatalLevel logs a message, then calls os.Exit(1).
	FatalLevel
)

// String returns a lower-case ASCII representation of the log level.
func (l Level) String() string {
	switch l {
	case DebugLevel:
		return ""debug""
	case InfoLevel:
		return ""info""
	case WarnLevel:
		return ""warn""
	case ErrorLevel:
		return ""error""
	case PanicLevel:
		return ""panic""
	case FatalLevel:
		return ""fatal""
	default:
		return fmt.Sprintf(""Level(%d)"", l)
	}
}

// MarshalText marshals the Level to text. Note that the text representation
// drops the -Level suffix (see example).
func (l *Level) MarshalText() ([]byte, error) {
	if l == nil {
		return nil, errMarshalNilLevel
	}
	return []byte(l.String()), nil
}

// UnmarshalText unmarshals text to a level. Like MarshalText, UnmarshalText
// expects the text representation of a Level to drop the -Level suffix (see
// example).
//
// In particular, this makes it easy to configure logging levels using YAML,
// TOML, or JSON files.
func (l *Level) UnmarshalText(text []byte) error {
	switch string(text) {
	case ""debug"":
		*l = DebugLevel
	case ""info"":
		*l = InfoLevel
	case ""warn"":
		*l = WarnLevel
	case ""error"":
		*l = ErrorLevel
	case ""panic"":
		*l = PanicLevel
	case ""fatal"":
		*l = FatalLevel
	default:
		return fmt.Errorf(""unrecognized level: %v"", string(text))
	}
	return nil
}",NewLogger to configure the logger's minimum enabled level.
qwen,Qwen/Qwen3-30B-A3B-Instruct-2507:nebius,go,GPL-3.0,registry::kubernetes::client::watch.go,123,0.2,0,0.032467532467532464,"
// bodyWatcher scans the body of a request for chunks
type bodyWatcher struct {
	results chan Event
	cancel  func()
	stop    chan bool
	res     *http.Response
	req     *api.Request
}

// Changes returns the results channel
func (wr *bodyWatcher) Chan() <-chan Event {
	return wr.results
}

// Stop cancels the request
func (wr *bodyWatcher) Stop() {
	select {
	case <-wr.stop:
		return
	default:
		// cancel the request
		wr.cancel()
		// stop the watcher
		close(wr.stop)
	}
}

func (wr *bodyWatcher) stream() {
	reader := bufio.NewReader(wr.res.Body)

	go func() {
		for {
			// read a line
			b, err := reader.ReadBytes('\n')
			if err != nil {
				return
			}

			// send the event
			var event Event
			if err := json.Unmarshal(b, &event); err != nil {
				continue
			}

			select {
			case <-wr.stop:
				return
			case wr.results <- event:
			}
		}
	}()
}

// newWatcher creates a k8s body watcher for
// a given http request
func newWatcher(req *api.Request) (Watcher, error) {
	// set request context so we can cancel the request
	ctx, cancel := context.WithCancel(context.Background())
	req.Context(ctx)

	// do the raw request
	res, err := req.Raw()
	if err != nil {
		return nil, err
	}

	if res.StatusCode < 200 || res.StatusCode >= 300 {
		// close the response body
		res.Body.Close()
		// return an error
		return nil, errors.New(res.Request.URL.String() + "": "" + res.Status)
	}

	wr := &bodyWatcher{
		results: make(chan Event),
		stop:    make(chan bool),
		cancel:  cancel,
		req:     req,
		res:     res,
	}

	go wr.stream()

	return wr, nil
}","go
// watch is a helper function to create a new watcher for a given resource
func watch(ctx context.Context, client *http.Client, url string, opts ...Option) (Watcher, error) {
	// Create a new request with the provided context
	req, err := http.NewRequestWithContext(ctx, ""GET"", url, nil)
	if err != nil {
		return nil, err
	}

	// Set the Accept header to application/json
	req.Header.Set(""Accept"", ""application/json"")

	// Apply any provided options
	for _, opt := range opts {
		if err := opt(req); err != nil {
			return nil, err
		}
	}

	// Make the HTTP request
	resp, err := client.Do(req)
	if err != nil {
		return nil, err
	}

	// Ensure the response body is closed
	defer resp.Body.Close()

	// Check if the response status is OK
	if resp.StatusCode != http.StatusOK {
		return nil, errors.New(""unexpected status code: "" + resp.Status)
	}

	// Create a new watcher
	w := &watcher{
		ctx:    ctx,
		cancel: func() {},
		ch:     make(chan Event, 100),
		client"
qwen,Qwen/Qwen3-30B-A3B-Instruct-2507:nebius,go,GPL-3.0,registry::kubernetes::client::watch.go,123,0.4,0,0.06626506024096386,"
// bodyWatcher scans the body of a request for chunks
type bodyWatcher struct {
	results chan Event
	cancel  func()
	stop    chan bool
	res     *http.Response
	req     *api.Request
}

// Changes returns the results channel
func (wr *bodyWatcher) Chan() <-chan Event {
	return wr.results
}

// Stop cancels the request
func (wr *bodyWatcher) Stop() {
	select {
	case <-wr.stop:
		return
	default:
		// cancel the request
		wr.cancel()
		// stop the watcher
		close(wr.stop)
	}
}

func (wr *bodyWatcher) stream() {
	reader := bufio.NewReader(wr.res.Body)

	go func() {
		for {
			// read a line
			b, err := reader.ReadBytes('\n')
			if err != nil {
				return
			}

			// send the event
			var event Event
			if err := json.Unmarshal(b, &event); err != nil {
				continue
			}

			select {
			case <-wr.stop:
				return
			case wr.results <- event:
			}
		}
	}()
}

// newWatcher creates a k8s body watcher for
// a given http request
func newWatcher(req *api.Request) (Watcher, error) {
	// set request context so we can cancel the request
	ctx, cancel := context.WithCancel(context.Background())
	req.Context(ctx)

	// do the raw request
	res, err := req.Raw()
	if err != nil {
		return nil, err
	}

	if res.StatusCode < 200 || res.StatusCode >= 300 {
		// close the response body
		res.Body.Close()
		// return an error
		return nil, errors.New(res.Request.URL.String() + "": "" + res.Status)
	}

	wr := &bodyWatcher{
		results: make(chan Event),
		stop:    make(chan bool),
		cancel:  cancel,
		req:     req,
		res:     res,
	}

	go wr.stream()

	return wr, nil
}","func (c *Client) Watch(ctx context.Context, resource string, opts ...WatchOption) (Watcher, error) {
	// Create a new watcher
	w := &watcher{
		ctx:    ctx,
		client: c,
		ch:     make(chan Event, 100),
		stop:   make(chan struct{}),
	}

	// Apply options
	options := &WatchOptions{}
	for _, opt := range opts {
		opt(options)
	}

	// Build the URL for the watch request
	url := c.baseURL + ""/api/v1/"" + resource
	if options.FieldSelector != """" {
		url += ""?fieldSelector="" + options.FieldSelector
	}
	if options.LabelSelector != """" {
		if options.FieldSelector != """" {
			url += ""&""
		} else {
			url += ""?""
		}
		url += ""labelSelector="" + options.LabelSelector
	}
	if options.Watch != nil && *options.Watch {
		url += ""&watch=true""
	}

	// Create the HTTP request
	req, err := http.NewRequest(""GET"", url, nil)
	if err != nil {
		return nil, err
	}

	// Set the headers
	req.Header.Set(""Accept"", """
qwen,Qwen/Qwen3-30B-A3B-Instruct-2507:nebius,go,GPL-3.0,registry::kubernetes::client::watch.go,123,0.8,0,0.175,"
// bodyWatcher scans the body of a request for chunks
type bodyWatcher struct {
	results chan Event
	cancel  func()
	stop    chan bool
	res     *http.Response
	req     *api.Request
}

// Changes returns the results channel
func (wr *bodyWatcher) Chan() <-chan Event {
	return wr.results
}

// Stop cancels the request
func (wr *bodyWatcher) Stop() {
	select {
	case <-wr.stop:
		return
	default:
		// cancel the request
		wr.cancel()
		// stop the watcher
		close(wr.stop)
	}
}

func (wr *bodyWatcher) stream() {
	reader := bufio.NewReader(wr.res.Body)

	go func() {
		for {
			// read a line
			b, err := reader.ReadBytes('\n')
			if err != nil {
				return
			}

			// send the event
			var event Event
			if err := json.Unmarshal(b, &event); err != nil {
				continue
			}

			select {
			case <-wr.stop:
				return
			case wr.results <- event:
			}
		}
	}()
}

// newWatcher creates a k8s body watcher for
// a given http request
func newWatcher(req *api.Request) (Watcher, error) {
	// set request context so we can cancel the request
	ctx, cancel := context.WithCancel(context.Background())
	req.Context(ctx)

	// do the raw request
	res, err := req.Raw()
	if err != nil {
		return nil, err
	}

	if res.StatusCode < 200 || res.StatusCode >= 300 {
		// close the response body
		res.Body.Close()
		// return an error
		return nil, errors.New(res.Request.URL.String() + "": "" + res.Status)
	}

	wr := &bodyWatcher{
		results: make(chan Event),
		stop:    make(chan bool),
		cancel:  cancel,
		req:     req,
		res:     res,
	}

	go wr.stream()

	return wr, nil
}","go
// watchClient implements the Watcher interface
type watchClient struct {
	ctx    context.Context
	cancel context.CancelFunc
	ch     chan Event
	client *http.Client
	url    string
}

// NewWatcher returns a new watcher for the given URL
func NewWatcher(ctx context.Context, url string, client *http.Client) (Watcher, error) {
	if client == nil {
		client = http.DefaultClient
	}

	ctx, cancel := context.WithCancel(ctx)

	w := &watchClient{
		ctx:    ctx,
		cancel: cancel,
		ch:     make(chan Event, 100),
		client: client,
		url:    url,
	}

	go w.watch()

	return w, nil
}

// Chan returns the channel of events
func (w *watchClient) Chan() <-chan Event {
	return w.ch
}

// Stop stops the watcher
func (w *watchClient) Stop() {
	w.cancel()
	close(w.ch)
}

// watch starts watching the resource at the specified URL
func (w *watchClient) watch() {
	defer func() {
		if r := recover(); r != nil {
			select {
			case w.ch <- Event{Type: Error, Object: json.RawMessage(`"
qwen,Qwen/Qwen3-30B-A3B-Instruct-2507:nebius,go,GPL-3.0,go::sqltypes::sqltypes.go,377,0.2,0,0.11913357400722022,"	} else {
		v.Inner.encodeSql(b)
	}
}

// EncodeAscii encodes the value using 7-bit clean ascii bytes.
func (v Value) EncodeAscii(b BinWriter) {
	if v.Inner == nil {
		if _, err := b.Write(nullstr); err != nil {
			panic(err)
		}
	} else {
		v.Inner.encodeAscii(b)
	}
}

func (v Value) MarshalBson(buf *bytes2.ChunkedWriter, key string) {
	if key == """" {
		lenWriter := bson.NewLenWriter(buf)
		defer lenWriter.Close()
		key = bson.MAGICTAG
	}
	if v.IsNull() {
		bson.EncodePrefix(buf, bson.Null, key)
	} else {
		bson.EncodeBinary(buf, key, v.Raw())
	}
}

func (v *Value) UnmarshalBson(buf *bytes.Buffer, kind byte) {
	if kind == bson.EOO {
		bson.Next(buf, 4)
		kind = bson.NextByte(buf)
		bson.ReadCString(buf)
	}
	if kind != bson.Null {
		*v = MakeString(bson.DecodeBinary(buf, kind))
	}
}

func (v Value) IsNull() bool {
	return v.Inner == nil
}

func (v Value) IsNumeric() (ok bool) {
	if v.Inner != nil {
		_, ok = v.Inner.(Numeric)
	}
	return ok
}

func (v Value) IsFractional() (ok bool) {
	if v.Inner != nil {
		_, ok = v.Inner.(Fractional)
	}
	return ok
}

func (v Value) IsString() (ok bool) {
	if v.Inner != nil {
		_, ok = v.Inner.(String)
	}
	return ok
}

// MarshalJSON should only be used for testing.
// It's not a complete implementation.
func (v Value) MarshalJSON() ([]byte, error) {
	return json.Marshal(v.Inner)
}

// UnmarshalJSON should only be used for testing.
// It's not a complete implementation.
func (v *Value) UnmarshalJSON(b []byte) error {
	if len(b) == 0 {
		return fmt.Errorf(""error unmarshaling empty bytes"")
	}
	var val interface{}
	var err error
	switch b[0] {
	case '-':
		var ival int64
		err = json.Unmarshal(b, &ival)
		val = ival
	case '""':
		var bval []byte
		err = json.Unmarshal(b, &bval)
		val = bval
	case 'n': // null
		err = json.Unmarshal(b, &val)
	default:
		var uval uint64
		err = json.Unmarshal(b, &uval)
		val = uval
	}
	if err != nil {
		return err
	}
	*v, err = BuildValue(val)
	return err
}

// InnerValue defines methods that need to be supported by all non-null value types.
type InnerValue interface {
	raw() []byte
	encodeSql(BinWriter)
	encodeAscii(BinWriter)
}

func BuildValue(goval interface{}) (v Value, err error) {
	switch bindVal := goval.(type) {
	case nil:
		// no op
	case int:
		v = Value{Numeric(strconv.AppendInt(nil, int64(bindVal), 10))}
	case int32:
		v = Value{Numeric(strconv.AppendInt(nil, int64(bindVal), 10))}
	case int64:
		v = Value{Numeric(strconv.AppendInt(nil, int64(bindVal), 10))}
	case uint:
		v = Value{Numeric(strconv.AppendUint(nil, uint64(bindVal), 10))}
	case uint32:
		v = Value{Numeric(strconv.AppendUint(nil, uint64(bindVal), 10))}
	case uint64:
		v = Value{Numeric(strconv.AppendUint(nil, uint64(bindVal), 10))}
	case float64:
		v = Value{Fractional(strconv.AppendFloat(nil, bindVal, 'f', -1, 64))}
	case string:
		v = Value{String([]byte(bindVal))}
	case []byte:
		v = Value{String(bindVal)}
	case time.Time:
		v = Value{String([]byte(bindVal.Format(""'2006-01-02 15:04:05'"")))}
	case Numeric, Fractional, String:
		v = Value{bindVal.(InnerValue)}
	case Value:
		v = bindVal
	default:
		return Value{}, fmt.Errorf(""unsupported bind variable type %T: %v"", goval, goval)
	}
	return v, nil
}

// BuildNumeric builds a Numeric type that represents any whole number.
// It normalizes the representation to ensure 1:1 mapping between the
// number and its representation.
func BuildNumeric(val string) (n Value, err error) {
	if val[0] == '-' || val[0] == '+' {
		signed, err := strconv.ParseInt(val, 0, 64)
		if err != nil {
			return Value{}, err
		}
		n = Value{Numeric(strconv.AppendInt(nil, signed, 10))}
	} else {
		unsigned, err := strconv.ParseUint(val, 0, 64)
		if err != nil {
			return Value{}, err
		}
		n = Value{Numeric(strconv.AppendUint(nil, unsigned, 10))}
	}
	return n, nil
}

func (n Numeric) raw() []byte {
	return []byte(n)
}

func (n Numeric) encodeSql(b BinWriter) {
	if _, err := b.Write(n.raw()); err != nil {
		panic(err)
	}
}

func (n Numeric) encodeAscii(b BinWriter) {
	if _, err := b.Write(n.raw()); err != nil {
		panic(err)
	}
}

func (n Numeric) MarshalJSON() ([]byte, error) {
	return n.raw(), nil
}

func (f Fractional) raw() []byte {
	return []byte(f)
}

func (f Fractional) encodeSql(b BinWriter) {
	if _, err := b.Write(f.raw()); err != nil {
		panic(err)
	}
}

func (f Fractional) encodeAscii(b BinWriter) {
	if _, err := b.Write(f.raw()); err != nil {
		panic(err)
	}
}

func (s String) raw() []byte {
	return []byte(s)
}

func (s String) encodeSql(b BinWriter) {
	writebyte(b, '\'')
	for _, ch := range s.raw() {
		if encodedChar := SqlEncodeMap[ch]; encodedChar == DONTESCAPE {
			writebyte(b, ch)
		} else {
			writebyte(b, '\\')
			writebyte(b, encodedChar)
		}
	}
	writebyte(b, '\'')
}

func (s String) encodeAscii(b BinWriter) {
	writebyte(b, '\'')
	encoder := base64.NewEncoder(base64.StdEncoding, b)
	encoder.Write(s.raw())
	encoder.Close()
	writebyte(b, '\'')
}

func writebyte(b BinWriter, c byte) {
	if err := b.WriteByte(c); err != nil {
		panic(err)
	}
}

// SqlEncodeMap specifies how to escape binary data with '\'.
// Complies to http://dev.mysql.com/doc/refman/5.1/en/string-syntax.html
var SqlEncodeMap [256]byte

// SqlDecodeMap is the reverse of SqlEncodeMap
var SqlDecodeMap [256]byte

var encodeRef = map[byte]byte{
	'\x00': '0',
	'\'':   '\'',
	'""':    '""',
	'\b':   'b',
	'\n':   'n',
	'\r':   'r',
	'\t':   't',
	26:     'Z', // ctl-Z
	'\\':   '\\',
}

func init() {
	for i := range SqlEncodeMap {
		SqlEncodeMap[i] = DONTESCAPE
		SqlDecodeMap[i] = DONTESCAPE
	}
	for i := range SqlEncodeMap {
		if to, ok := encodeRef[byte(i)]; ok {
			SqlEncodeMap[byte(i)] = to
			SqlDecodeMap[to] = byte(i)
		}
	}
	gob.Register(Numeric(nil))
	gob.Register(Fractional(nil))
	gob.Register(String(nil))
}","return
	}
	switch x := v.Inner.(type) {
	case Numeric:
		if _, err := b.Write(x.raw()); err != nil {
			panic(err)
		}
	case Fractional:
		if _, err := b.Write(x.raw()); err != nil {
			panic(err)
		}
	case String:
		if _, err := b.WriteByte('\''); err != nil {
			panic(err)
		}
		for _, c := range x.raw() {
			if c == '\'' {
				if _, err := b.WriteByte('\\'); err != nil {
					panic(err)
				}
			}
			if _, err := b.WriteByte(c); err != nil {
				panic(err)
			}
		}
		if _, err := b.WriteByte('\''); err != nil {
			panic(err)
		}
	case []byte:
		if _, err := b.Write(x); err != nil {
			panic(err)
		}
	default:
		if _, err := b.Write(hack.Slice(x)); err != nil {
			panic(err)
		}
	}
}"
qwen,Qwen/Qwen3-30B-A3B-Instruct-2507:nebius,go,GPL-3.0,go::sqltypes::sqltypes.go,377,0.4,0,0.12432432432432433,"	} else {
		v.Inner.encodeSql(b)
	}
}

// EncodeAscii encodes the value using 7-bit clean ascii bytes.
func (v Value) EncodeAscii(b BinWriter) {
	if v.Inner == nil {
		if _, err := b.Write(nullstr); err != nil {
			panic(err)
		}
	} else {
		v.Inner.encodeAscii(b)
	}
}

func (v Value) MarshalBson(buf *bytes2.ChunkedWriter, key string) {
	if key == """" {
		lenWriter := bson.NewLenWriter(buf)
		defer lenWriter.Close()
		key = bson.MAGICTAG
	}
	if v.IsNull() {
		bson.EncodePrefix(buf, bson.Null, key)
	} else {
		bson.EncodeBinary(buf, key, v.Raw())
	}
}

func (v *Value) UnmarshalBson(buf *bytes.Buffer, kind byte) {
	if kind == bson.EOO {
		bson.Next(buf, 4)
		kind = bson.NextByte(buf)
		bson.ReadCString(buf)
	}
	if kind != bson.Null {
		*v = MakeString(bson.DecodeBinary(buf, kind))
	}
}

func (v Value) IsNull() bool {
	return v.Inner == nil
}

func (v Value) IsNumeric() (ok bool) {
	if v.Inner != nil {
		_, ok = v.Inner.(Numeric)
	}
	return ok
}

func (v Value) IsFractional() (ok bool) {
	if v.Inner != nil {
		_, ok = v.Inner.(Fractional)
	}
	return ok
}

func (v Value) IsString() (ok bool) {
	if v.Inner != nil {
		_, ok = v.Inner.(String)
	}
	return ok
}

// MarshalJSON should only be used for testing.
// It's not a complete implementation.
func (v Value) MarshalJSON() ([]byte, error) {
	return json.Marshal(v.Inner)
}

// UnmarshalJSON should only be used for testing.
// It's not a complete implementation.
func (v *Value) UnmarshalJSON(b []byte) error {
	if len(b) == 0 {
		return fmt.Errorf(""error unmarshaling empty bytes"")
	}
	var val interface{}
	var err error
	switch b[0] {
	case '-':
		var ival int64
		err = json.Unmarshal(b, &ival)
		val = ival
	case '""':
		var bval []byte
		err = json.Unmarshal(b, &bval)
		val = bval
	case 'n': // null
		err = json.Unmarshal(b, &val)
	default:
		var uval uint64
		err = json.Unmarshal(b, &uval)
		val = uval
	}
	if err != nil {
		return err
	}
	*v, err = BuildValue(val)
	return err
}

// InnerValue defines methods that need to be supported by all non-null value types.
type InnerValue interface {
	raw() []byte
	encodeSql(BinWriter)
	encodeAscii(BinWriter)
}

func BuildValue(goval interface{}) (v Value, err error) {
	switch bindVal := goval.(type) {
	case nil:
		// no op
	case int:
		v = Value{Numeric(strconv.AppendInt(nil, int64(bindVal), 10))}
	case int32:
		v = Value{Numeric(strconv.AppendInt(nil, int64(bindVal), 10))}
	case int64:
		v = Value{Numeric(strconv.AppendInt(nil, int64(bindVal), 10))}
	case uint:
		v = Value{Numeric(strconv.AppendUint(nil, uint64(bindVal), 10))}
	case uint32:
		v = Value{Numeric(strconv.AppendUint(nil, uint64(bindVal), 10))}
	case uint64:
		v = Value{Numeric(strconv.AppendUint(nil, uint64(bindVal), 10))}
	case float64:
		v = Value{Fractional(strconv.AppendFloat(nil, bindVal, 'f', -1, 64))}
	case string:
		v = Value{String([]byte(bindVal))}
	case []byte:
		v = Value{String(bindVal)}
	case time.Time:
		v = Value{String([]byte(bindVal.Format(""'2006-01-02 15:04:05'"")))}
	case Numeric, Fractional, String:
		v = Value{bindVal.(InnerValue)}
	case Value:
		v = bindVal
	default:
		return Value{}, fmt.Errorf(""unsupported bind variable type %T: %v"", goval, goval)
	}
	return v, nil
}

// BuildNumeric builds a Numeric type that represents any whole number.
// It normalizes the representation to ensure 1:1 mapping between the
// number and its representation.
func BuildNumeric(val string) (n Value, err error) {
	if val[0] == '-' || val[0] == '+' {
		signed, err := strconv.ParseInt(val, 0, 64)
		if err != nil {
			return Value{}, err
		}
		n = Value{Numeric(strconv.AppendInt(nil, signed, 10))}
	} else {
		unsigned, err := strconv.ParseUint(val, 0, 64)
		if err != nil {
			return Value{}, err
		}
		n = Value{Numeric(strconv.AppendUint(nil, unsigned, 10))}
	}
	return n, nil
}

func (n Numeric) raw() []byte {
	return []byte(n)
}

func (n Numeric) encodeSql(b BinWriter) {
	if _, err := b.Write(n.raw()); err != nil {
		panic(err)
	}
}

func (n Numeric) encodeAscii(b BinWriter) {
	if _, err := b.Write(n.raw()); err != nil {
		panic(err)
	}
}

func (n Numeric) MarshalJSON() ([]byte, error) {
	return n.raw(), nil
}

func (f Fractional) raw() []byte {
	return []byte(f)
}

func (f Fractional) encodeSql(b BinWriter) {
	if _, err := b.Write(f.raw()); err != nil {
		panic(err)
	}
}

func (f Fractional) encodeAscii(b BinWriter) {
	if _, err := b.Write(f.raw()); err != nil {
		panic(err)
	}
}

func (s String) raw() []byte {
	return []byte(s)
}

func (s String) encodeSql(b BinWriter) {
	writebyte(b, '\'')
	for _, ch := range s.raw() {
		if encodedChar := SqlEncodeMap[ch]; encodedChar == DONTESCAPE {
			writebyte(b, ch)
		} else {
			writebyte(b, '\\')
			writebyte(b, encodedChar)
		}
	}
	writebyte(b, '\'')
}

func (s String) encodeAscii(b BinWriter) {
	writebyte(b, '\'')
	encoder := base64.NewEncoder(base64.StdEncoding, b)
	encoder.Write(s.raw())
	encoder.Close()
	writebyte(b, '\'')
}

func writebyte(b BinWriter, c byte) {
	if err := b.WriteByte(c); err != nil {
		panic(err)
	}
}

// SqlEncodeMap specifies how to escape binary data with '\'.
// Complies to http://dev.mysql.com/doc/refman/5.1/en/string-syntax.html
var SqlEncodeMap [256]byte

// SqlDecodeMap is the reverse of SqlEncodeMap
var SqlDecodeMap [256]byte

var encodeRef = map[byte]byte{
	'\x00': '0',
	'\'':   '\'',
	'""':    '""',
	'\b':   'b',
	'\n':   'n',
	'\r':   'r',
	'\t':   't',
	26:     'Z', // ctl-Z
	'\\':   '\\',
}

func init() {
	for i := range SqlEncodeMap {
		SqlEncodeMap[i] = DONTESCAPE
		SqlDecodeMap[i] = DONTESCAPE
	}
	for i := range SqlEncodeMap {
		if to, ok := encodeRef[byte(i)]; ok {
			SqlEncodeMap[byte(i)] = to
			SqlDecodeMap[to] = byte(i)
		}
	}
	gob.Register(Numeric(nil))
	gob.Register(Fractional(nil))
	gob.Register(String(nil))
}","return
	}
	switch x := v.Inner.(type) {
	case Numeric:
		if _, err := b.Write(x.raw()); err != nil {
			panic(err)
		}
	case Fractional:
		if _, err := b.Write(x.raw()); err != nil {
			panic(err)
		}
	case String:
		if _, err := b.WriteByte('\''); err != nil {
			panic(err)
		}
		// Escape single quotes in the string
		for _, b := range x.raw() {
			if b == '\'' {
				if _, err := b.WriteByte('\\'); err != nil {
					panic(err)
				}
			}
			if _, err := b.WriteByte(b); err != nil {
				panic(err)
			}
		}
		if _, err := b.WriteByte('\''); err != nil {
			panic(err)
		}
	case []byte:
		if _, err := b.Write(x); err != nil {
			panic(err)
		}
	default:
		// For any other type, use JSON encoding
		enc := json.NewEncoder(b)
		if err := enc.Encode(x); err != nil {
			panic(err)
		}
	}
}"
qwen,Qwen/Qwen3-30B-A3B-Instruct-2507:nebius,go,GPL-3.0,go::sqltypes::sqltypes.go,377,0.8,0,0.12050359712230216,"	} else {
		v.Inner.encodeSql(b)
	}
}

// EncodeAscii encodes the value using 7-bit clean ascii bytes.
func (v Value) EncodeAscii(b BinWriter) {
	if v.Inner == nil {
		if _, err := b.Write(nullstr); err != nil {
			panic(err)
		}
	} else {
		v.Inner.encodeAscii(b)
	}
}

func (v Value) MarshalBson(buf *bytes2.ChunkedWriter, key string) {
	if key == """" {
		lenWriter := bson.NewLenWriter(buf)
		defer lenWriter.Close()
		key = bson.MAGICTAG
	}
	if v.IsNull() {
		bson.EncodePrefix(buf, bson.Null, key)
	} else {
		bson.EncodeBinary(buf, key, v.Raw())
	}
}

func (v *Value) UnmarshalBson(buf *bytes.Buffer, kind byte) {
	if kind == bson.EOO {
		bson.Next(buf, 4)
		kind = bson.NextByte(buf)
		bson.ReadCString(buf)
	}
	if kind != bson.Null {
		*v = MakeString(bson.DecodeBinary(buf, kind))
	}
}

func (v Value) IsNull() bool {
	return v.Inner == nil
}

func (v Value) IsNumeric() (ok bool) {
	if v.Inner != nil {
		_, ok = v.Inner.(Numeric)
	}
	return ok
}

func (v Value) IsFractional() (ok bool) {
	if v.Inner != nil {
		_, ok = v.Inner.(Fractional)
	}
	return ok
}

func (v Value) IsString() (ok bool) {
	if v.Inner != nil {
		_, ok = v.Inner.(String)
	}
	return ok
}

// MarshalJSON should only be used for testing.
// It's not a complete implementation.
func (v Value) MarshalJSON() ([]byte, error) {
	return json.Marshal(v.Inner)
}

// UnmarshalJSON should only be used for testing.
// It's not a complete implementation.
func (v *Value) UnmarshalJSON(b []byte) error {
	if len(b) == 0 {
		return fmt.Errorf(""error unmarshaling empty bytes"")
	}
	var val interface{}
	var err error
	switch b[0] {
	case '-':
		var ival int64
		err = json.Unmarshal(b, &ival)
		val = ival
	case '""':
		var bval []byte
		err = json.Unmarshal(b, &bval)
		val = bval
	case 'n': // null
		err = json.Unmarshal(b, &val)
	default:
		var uval uint64
		err = json.Unmarshal(b, &uval)
		val = uval
	}
	if err != nil {
		return err
	}
	*v, err = BuildValue(val)
	return err
}

// InnerValue defines methods that need to be supported by all non-null value types.
type InnerValue interface {
	raw() []byte
	encodeSql(BinWriter)
	encodeAscii(BinWriter)
}

func BuildValue(goval interface{}) (v Value, err error) {
	switch bindVal := goval.(type) {
	case nil:
		// no op
	case int:
		v = Value{Numeric(strconv.AppendInt(nil, int64(bindVal), 10))}
	case int32:
		v = Value{Numeric(strconv.AppendInt(nil, int64(bindVal), 10))}
	case int64:
		v = Value{Numeric(strconv.AppendInt(nil, int64(bindVal), 10))}
	case uint:
		v = Value{Numeric(strconv.AppendUint(nil, uint64(bindVal), 10))}
	case uint32:
		v = Value{Numeric(strconv.AppendUint(nil, uint64(bindVal), 10))}
	case uint64:
		v = Value{Numeric(strconv.AppendUint(nil, uint64(bindVal), 10))}
	case float64:
		v = Value{Fractional(strconv.AppendFloat(nil, bindVal, 'f', -1, 64))}
	case string:
		v = Value{String([]byte(bindVal))}
	case []byte:
		v = Value{String(bindVal)}
	case time.Time:
		v = Value{String([]byte(bindVal.Format(""'2006-01-02 15:04:05'"")))}
	case Numeric, Fractional, String:
		v = Value{bindVal.(InnerValue)}
	case Value:
		v = bindVal
	default:
		return Value{}, fmt.Errorf(""unsupported bind variable type %T: %v"", goval, goval)
	}
	return v, nil
}

// BuildNumeric builds a Numeric type that represents any whole number.
// It normalizes the representation to ensure 1:1 mapping between the
// number and its representation.
func BuildNumeric(val string) (n Value, err error) {
	if val[0] == '-' || val[0] == '+' {
		signed, err := strconv.ParseInt(val, 0, 64)
		if err != nil {
			return Value{}, err
		}
		n = Value{Numeric(strconv.AppendInt(nil, signed, 10))}
	} else {
		unsigned, err := strconv.ParseUint(val, 0, 64)
		if err != nil {
			return Value{}, err
		}
		n = Value{Numeric(strconv.AppendUint(nil, unsigned, 10))}
	}
	return n, nil
}

func (n Numeric) raw() []byte {
	return []byte(n)
}

func (n Numeric) encodeSql(b BinWriter) {
	if _, err := b.Write(n.raw()); err != nil {
		panic(err)
	}
}

func (n Numeric) encodeAscii(b BinWriter) {
	if _, err := b.Write(n.raw()); err != nil {
		panic(err)
	}
}

func (n Numeric) MarshalJSON() ([]byte, error) {
	return n.raw(), nil
}

func (f Fractional) raw() []byte {
	return []byte(f)
}

func (f Fractional) encodeSql(b BinWriter) {
	if _, err := b.Write(f.raw()); err != nil {
		panic(err)
	}
}

func (f Fractional) encodeAscii(b BinWriter) {
	if _, err := b.Write(f.raw()); err != nil {
		panic(err)
	}
}

func (s String) raw() []byte {
	return []byte(s)
}

func (s String) encodeSql(b BinWriter) {
	writebyte(b, '\'')
	for _, ch := range s.raw() {
		if encodedChar := SqlEncodeMap[ch]; encodedChar == DONTESCAPE {
			writebyte(b, ch)
		} else {
			writebyte(b, '\\')
			writebyte(b, encodedChar)
		}
	}
	writebyte(b, '\'')
}

func (s String) encodeAscii(b BinWriter) {
	writebyte(b, '\'')
	encoder := base64.NewEncoder(base64.StdEncoding, b)
	encoder.Write(s.raw())
	encoder.Close()
	writebyte(b, '\'')
}

func writebyte(b BinWriter, c byte) {
	if err := b.WriteByte(c); err != nil {
		panic(err)
	}
}

// SqlEncodeMap specifies how to escape binary data with '\'.
// Complies to http://dev.mysql.com/doc/refman/5.1/en/string-syntax.html
var SqlEncodeMap [256]byte

// SqlDecodeMap is the reverse of SqlEncodeMap
var SqlDecodeMap [256]byte

var encodeRef = map[byte]byte{
	'\x00': '0',
	'\'':   '\'',
	'""':    '""',
	'\b':   'b',
	'\n':   'n',
	'\r':   'r',
	'\t':   't',
	26:     'Z', // ctl-Z
	'\\':   '\\',
}

func init() {
	for i := range SqlEncodeMap {
		SqlEncodeMap[i] = DONTESCAPE
		SqlDecodeMap[i] = DONTESCAPE
	}
	for i := range SqlEncodeMap {
		if to, ok := encodeRef[byte(i)]; ok {
			SqlEncodeMap[byte(i)] = to
			SqlDecodeMap[to] = byte(i)
		}
	}
	gob.Register(Numeric(nil))
	gob.Register(Fractional(nil))
	gob.Register(String(nil))
}","return
	}
	switch x := v.Inner.(type) {
	case Numeric:
		if _, err := b.Write(x.raw()); err != nil {
			panic(err)
		}
	case Fractional:
		if _, err := b.Write(x.raw()); err != nil {
			panic(err)
		}
	case String:
		if _, err := b.WriteByte('\''); err != nil {
			panic(err)
		}
		for _, b := range x.raw() {
			if b == '\'' {
				if _, err := b.WriteByte('\\'); err != nil {
					panic(err)
				}
			}
			if _, err := b.WriteByte(b); err != nil {
				panic(err)
			}
		}
		if _, err := b.WriteByte('\''); err != nil {
			panic(err)
		}
	case []byte:
		if _, err := b.Write(x); err != nil {
			panic(err)
		}
	default:
		if _, err := b.Write(hack.Slice(x.String())); err != nil {
			panic(err)
		}
	}
}"
qwen,Qwen/Qwen3-30B-A3B-Instruct-2507:nebius,go,GPL-3.0,vendor::github.com::k8s-community::cicd::handlers::build.go,108,0.2,0,0.0673076923076923,"// Status shows current tasks status
func (b *Build) Status(c *router.Control) {
	queue, current, reassign := b.state.GetTasks()

	response := struct {
		Reassign   []string `json:""reassign""`
		Queue      []string `json:""queue""`
		InProgress []string `json:""inProgress""`
	}{
		Reassign:   reassign,
		Queue:      queue,
		InProgress: current,
	}

	c.Code(http.StatusOK).Body(response)
}

// Run handles build running
func (b *Build) Run(c *router.Control) {
	requestID := uuid.NewV4().String()
	b.log = b.log.WithField(""requestID"", requestID)
	b.log.Infof(""Processing request..."")

	req := new(cicd.BuildRequest)
	err := json.NewDecoder(c.Request.Body).Decode(&req)

	if err != nil {
		c.Code(http.StatusBadRequest).Body(""Couldn't parse request body."")
		return
	}

	if len(req.Username) == 0 || len(req.Repository) == 0 || len(req.CommitHash) == 0 {
		c.Code(http.StatusBadRequest).Body(""The fields username, repository and commitHash are required."")
		return
	}

	// TODO: manage amount of goroutines!
	// TODO: add max execution time of goroutine!!!! If processing is too slow, we need to stop it
	go b.processBuild(req, requestID)

	data := &cicd.Build{RequestID: requestID}
	response := cicd.BuildResponse{Data: data}
	c.Code(http.StatusCreated).Body(response)
}

func (b *Build) processBuild(req *cicd.BuildRequest, requestID string) {
	namespace := strings.ToLower(req.Username)

	callback := func(taskID string, state string, description string) {
		// TODO: send result of processing to integration service too!
		callbackData := ghIntegr.BuildCallback{
			Username:    req.Username,
			Repository:  req.Repository,
			CommitHash:  req.CommitHash,
			State:       state,
			BuildURL:    ""https://k8s.community/builds/"" + requestID, // TODO: fix it!
			Description: ""Waiting for "" + req.Task,                   // TODO: less than 120 symbols
			Context:     ""k8s-community/"" + cicd.TaskTest,            // TODO: fix it!
		}
		err := b.githubIntegrationClient.Build.BuildCallback(callbackData)
		if err != nil {
			b.log.Error(err)
		}
	}

	version := """"
	if req.Version != nil {
		version = *req.Version
	}
	t := task.NewCICD(
		callback, requestID, req.Task, ""github.com"", req.Repository, req.CommitHash, version, namespace,
	)
	callback(requestID, ghIntegr.StatePending, ""Task was queued"")
	b.state.AddTask(t)
}","func (b *Build) Build(w http.ResponseWriter, r *http.Request) {
	var req struct {
		Owner      string `json:""owner""`
		Repo       string `json:""repo""`
		Branch     string `json:""branch""`
		CommitSHA  string `json:""commit_sha""`
		PRNumber   int    `json:""pr_number,omitempty""`
		BuildID    string `json:""build_id,omitempty""`
		BuildType  string `json:""build_type""`
		BuildArgs  []string `json:""build_args,omitempty""`
		BuildImage string `json:""build_image,omitempty""`
	}

	if err := json.NewDecoder(r.Body).Decode(&req); err != nil {
		http.Error(w, ""Invalid request body"", http.StatusBadRequest)
		return
	}

	if req.Owner == """" || req.Repo == """" || req.Branch == """" || req.CommitSHA == """" {
		http.Error(w, ""Missing required fields: owner, repo, branch, commit_sha"", http.StatusBadRequest)
		return
	}

	if req.BuildID == """" {
		req.BuildID = uuid.NewV4().String()
	}

	// Validate build type
	if !isValidBuildType(req.BuildType) {
		http.Error(w"
qwen,Qwen/Qwen3-30B-A3B-Instruct-2507:nebius,go,GPL-3.0,vendor::github.com::k8s-community::cicd::handlers::build.go,108,0.4,0,0.06912442396313365,"// Status shows current tasks status
func (b *Build) Status(c *router.Control) {
	queue, current, reassign := b.state.GetTasks()

	response := struct {
		Reassign   []string `json:""reassign""`
		Queue      []string `json:""queue""`
		InProgress []string `json:""inProgress""`
	}{
		Reassign:   reassign,
		Queue:      queue,
		InProgress: current,
	}

	c.Code(http.StatusOK).Body(response)
}

// Run handles build running
func (b *Build) Run(c *router.Control) {
	requestID := uuid.NewV4().String()
	b.log = b.log.WithField(""requestID"", requestID)
	b.log.Infof(""Processing request..."")

	req := new(cicd.BuildRequest)
	err := json.NewDecoder(c.Request.Body).Decode(&req)

	if err != nil {
		c.Code(http.StatusBadRequest).Body(""Couldn't parse request body."")
		return
	}

	if len(req.Username) == 0 || len(req.Repository) == 0 || len(req.CommitHash) == 0 {
		c.Code(http.StatusBadRequest).Body(""The fields username, repository and commitHash are required."")
		return
	}

	// TODO: manage amount of goroutines!
	// TODO: add max execution time of goroutine!!!! If processing is too slow, we need to stop it
	go b.processBuild(req, requestID)

	data := &cicd.Build{RequestID: requestID}
	response := cicd.BuildResponse{Data: data}
	c.Code(http.StatusCreated).Body(response)
}

func (b *Build) processBuild(req *cicd.BuildRequest, requestID string) {
	namespace := strings.ToLower(req.Username)

	callback := func(taskID string, state string, description string) {
		// TODO: send result of processing to integration service too!
		callbackData := ghIntegr.BuildCallback{
			Username:    req.Username,
			Repository:  req.Repository,
			CommitHash:  req.CommitHash,
			State:       state,
			BuildURL:    ""https://k8s.community/builds/"" + requestID, // TODO: fix it!
			Description: ""Waiting for "" + req.Task,                   // TODO: less than 120 symbols
			Context:     ""k8s-community/"" + cicd.TaskTest,            // TODO: fix it!
		}
		err := b.githubIntegrationClient.Build.BuildCallback(callbackData)
		if err != nil {
			b.log.Error(err)
		}
	}

	version := """"
	if req.Version != nil {
		version = *req.Version
	}
	t := task.NewCICD(
		callback, requestID, req.Task, ""github.com"", req.Repository, req.CommitHash, version, namespace,
	)
	callback(requestID, ghIntegr.StatePending, ""Task was queued"")
	b.state.AddTask(t)
}","go
// ServeHTTP handles incoming HTTP requests for build operations
func (b *Build) ServeHTTP(w http.ResponseWriter, r *http.Request) {
	// Extract the event type from the request header
	eventType := r.Header.Get(""X-GitHub-Event"")
	if eventType == """" {
		http.Error(w, ""X-GitHub-Event header is required"", http.StatusBadRequest)
		return
	}

	// Extract the payload from the request body
	var payload interface{}
	if err := json.NewDecoder(r.Body).Decode(&payload); err != nil {
		b.log.WithError(err).Error(""Failed to decode request body"")
		http.Error(w, ""Invalid payload"", http.StatusBadRequest)
		return
	}

	// Generate a unique request ID for tracing
	reqID := uuid.NewV4().String()
	b.log.WithField(""request_id"", reqID).WithField(""event_type"", eventType).Info(""Processing build request"")

	// Dispatch the build task based on the event type
	switch eventType {
	case ""push"":
		if err := b.handlePushEvent(payload, reqID); err != nil {
			b.log.WithError(err).WithField(""request_id"", reqID).Error(""Failed to handle push event"")
			http"
qwen,Qwen/Qwen3-30B-A3B-Instruct-2507:nebius,go,GPL-3.0,vendor::github.com::k8s-community::cicd::handlers::build.go,108,0.8,0,0.02252252252252252,"// Status shows current tasks status
func (b *Build) Status(c *router.Control) {
	queue, current, reassign := b.state.GetTasks()

	response := struct {
		Reassign   []string `json:""reassign""`
		Queue      []string `json:""queue""`
		InProgress []string `json:""inProgress""`
	}{
		Reassign:   reassign,
		Queue:      queue,
		InProgress: current,
	}

	c.Code(http.StatusOK).Body(response)
}

// Run handles build running
func (b *Build) Run(c *router.Control) {
	requestID := uuid.NewV4().String()
	b.log = b.log.WithField(""requestID"", requestID)
	b.log.Infof(""Processing request..."")

	req := new(cicd.BuildRequest)
	err := json.NewDecoder(c.Request.Body).Decode(&req)

	if err != nil {
		c.Code(http.StatusBadRequest).Body(""Couldn't parse request body."")
		return
	}

	if len(req.Username) == 0 || len(req.Repository) == 0 || len(req.CommitHash) == 0 {
		c.Code(http.StatusBadRequest).Body(""The fields username, repository and commitHash are required."")
		return
	}

	// TODO: manage amount of goroutines!
	// TODO: add max execution time of goroutine!!!! If processing is too slow, we need to stop it
	go b.processBuild(req, requestID)

	data := &cicd.Build{RequestID: requestID}
	response := cicd.BuildResponse{Data: data}
	c.Code(http.StatusCreated).Body(response)
}

func (b *Build) processBuild(req *cicd.BuildRequest, requestID string) {
	namespace := strings.ToLower(req.Username)

	callback := func(taskID string, state string, description string) {
		// TODO: send result of processing to integration service too!
		callbackData := ghIntegr.BuildCallback{
			Username:    req.Username,
			Repository:  req.Repository,
			CommitHash:  req.CommitHash,
			State:       state,
			BuildURL:    ""https://k8s.community/builds/"" + requestID, // TODO: fix it!
			Description: ""Waiting for "" + req.Task,                   // TODO: less than 120 symbols
			Context:     ""k8s-community/"" + cicd.TaskTest,            // TODO: fix it!
		}
		err := b.githubIntegrationClient.Build.BuildCallback(callbackData)
		if err != nil {
			b.log.Error(err)
		}
	}

	version := """"
	if req.Version != nil {
		version = *req.Version
	}
	t := task.NewCICD(
		callback, requestID, req.Task, ""github.com"", req.Repository, req.CommitHash, version, namespace,
	)
	callback(requestID, ghIntegr.StatePending, ""Task was queued"")
	b.state.AddTask(t)
}","go
// ServeHTTP handles incoming HTTP requests for build operations
func (b *Build) ServeHTTP(w http.ResponseWriter, r *http.Request) {
	if r.Method != http.MethodPost {
		http.Error(w, ""Method not allowed"", http.StatusMethodNotAllowed)
		return
	}

	// Parse the request body to get the build payload
	var payload map[string]interface{}
	if err := json.NewDecoder(r.Body).Decode(&payload); err != nil {
		b.log.WithError(err).Error(""failed to decode request body"")
		http.Error(w, ""Invalid request payload"", http.StatusBadRequest)
		return
	}

	// Extract required fields from the payload
	owner, ok := payload[""owner""].(string)
	if !ok || owner == """" {
		http.Error(w, ""Missing or invalid 'owner' field"", http.StatusBadRequest)
		return
	}

	repo, ok := payload[""repo""].(string)
	if !ok || repo == """" {
		http.Error(w, ""Missing or invalid 'repo' field"", http.StatusBadRequest)
		return
	}

	commit, ok := payload[""commit""].(string)
	if !ok || commit == """" {
		http.Error(w, ""Missing or invalid 'commit' field"", http.StatusBadRequest)"
qwen,Qwen/Qwen3-30B-A3B-Instruct-2507:nebius,go,GPL-3.0,sockjs::config.go,78,0.2,0,0.05813953488372093,"
	// Adds JSESSIONID cookie to requests to enable sticky sessions.
	// Dummy value is used unless JsessionFunc is set.
	// Default: false.
	Jsessionid bool

	// Function that is called to set the JSESSIONID cookie, if Jsessionid setting is set.
	JsessionidFunc func(http.ResponseWriter, *http.Request)

	// Enables IP-address checks for legacy transports.
	// If enabled, all subsequent calls must be from the same IP-address.
	// Default: true
	VerifyAddr bool

	// Heartbeat delay.
	// Default: 25 seconds
	HeartbeatDelay time.Duration

	// Disconnect delay.
	// Default: 5 seconds
	DisconnectDelay time.Duration

	// List of headers that are copied from incoming requests to SessionInfo.
	// Default: []string{""referer"", ""x-client-ip"", ""x-forwarded-for"",
	//                   ""x-cluster-client-ip"", ""via"", ""x-real-ip"", ""host""}
	Headers []string

	// Logger used for logging various information.
	// Useful for debugging.
	// Set Logger to nil to disable logging.
	// Default: log.New(os.Stdout, ""sockjs: "", log.LstdFlags)
	Logger *log.Logger

	iframePage []byte
	iframeHash string
}

// NewConfig returns a new Config with the default settings.
func NewConfig() (c Config) {
	c.SockjsURL = ""https://cdn.sockjs.org/sockjs-0.3.4.min.js""
	c.Websocket = true
	c.ResponseLimit = 128 * 1024
	c.VerifyAddr = true
	c.HeartbeatDelay = time.Duration(25) * time.Second
	c.DisconnectDelay = time.Duration(5) * time.Second
	c.Headers = []string{""referer"", ""x-client-ip"", ""x-forwarded-for"",
		""x-cluster-client-ip"", ""via"", ""x-real-ip"", ""host""}
	c.Logger = log.New(os.Stdout, ""sockjs: "", log.LstdFlags)
	c.iframePage = []byte(fmt.Sprintf(iframePageFormat, c.SockjsURL))
	hash := md5.New()
	hash.Write(c.iframePage)
	c.iframeHash = fmt.Sprintf(""%x"", hash.Sum(nil))
	return
}","// Timeout for idle connections in seconds.
	// Default: 60
	IdleTimeout time.Duration

	// Timeout for opening connections in seconds.
	// Default: 10
	OpenTimeout time.Duration

	// Timeout for closing connections in seconds.
	// Default: 5
	CloseTimeout time.Duration

	// Maximum number of messages that can be buffered before dropping.
	// Default: 1000
	MaxMessageSize int

	// Path for the SockJS endpoint.
	// Default: ""/sockjs""
	Path string

	// Session ID generator function.
	// Default: generates a random 16-byte ID
	SessionIDGenerator func() string

	// Logger for the SockJS server.
	// Default: log.Default()
	Logger *log.Logger

	// Custom headers to be sent with the response.
	// Default: nil
	Headers map[string]string

	// Whether to enable CORS.
	// Default: true
	CORS bool

	// CORS origins allowed.
	// Default: ""*""
	CORSOrigins []string

	// Whether to enable compression.
	// Default: false
	Compress bool

	// Whether to enable logging of messages.
	// Default:"
qwen,Qwen/Qwen3-30B-A3B-Instruct-2507:nebius,go,GPL-3.0,sockjs::config.go,78,0.4,0,0.0,"
	// Adds JSESSIONID cookie to requests to enable sticky sessions.
	// Dummy value is used unless JsessionFunc is set.
	// Default: false.
	Jsessionid bool

	// Function that is called to set the JSESSIONID cookie, if Jsessionid setting is set.
	JsessionidFunc func(http.ResponseWriter, *http.Request)

	// Enables IP-address checks for legacy transports.
	// If enabled, all subsequent calls must be from the same IP-address.
	// Default: true
	VerifyAddr bool

	// Heartbeat delay.
	// Default: 25 seconds
	HeartbeatDelay time.Duration

	// Disconnect delay.
	// Default: 5 seconds
	DisconnectDelay time.Duration

	// List of headers that are copied from incoming requests to SessionInfo.
	// Default: []string{""referer"", ""x-client-ip"", ""x-forwarded-for"",
	//                   ""x-cluster-client-ip"", ""via"", ""x-real-ip"", ""host""}
	Headers []string

	// Logger used for logging various information.
	// Useful for debugging.
	// Set Logger to nil to disable logging.
	// Default: log.New(os.Stdout, ""sockjs: "", log.LstdFlags)
	Logger *log.Logger

	iframePage []byte
	iframeHash string
}

// NewConfig returns a new Config with the default settings.
func NewConfig() (c Config) {
	c.SockjsURL = ""https://cdn.sockjs.org/sockjs-0.3.4.min.js""
	c.Websocket = true
	c.ResponseLimit = 128 * 1024
	c.VerifyAddr = true
	c.HeartbeatDelay = time.Duration(25) * time.Second
	c.DisconnectDelay = time.Duration(5) * time.Second
	c.Headers = []string{""referer"", ""x-client-ip"", ""x-forwarded-for"",
		""x-cluster-client-ip"", ""via"", ""x-real-ip"", ""host""}
	c.Logger = log.New(os.Stdout, ""sockjs: "", log.LstdFlags)
	c.iframePage = []byte(fmt.Sprintf(iframePageFormat, c.SockjsURL))
	hash := md5.New()
	hash.Write(c.iframePage)
	c.iframeHash = fmt.Sprintf(""%x"", hash.Sum(nil))
	return
}","// Timeout for streaming sessions in seconds.
	// Default: 300
	Timeout int

	// Interval for polling transports in seconds.
	// Default: 5
	PollingInterval int

	// Maximum number of messages that can be queued before the connection is closed.
	// Default: 1000
	MaxMessageQueue int

	// Path for the SockJS endpoint.
	// Default: ""/sockjs""
	Path string

	// Secret key for generating session IDs.
	// Default: generated from system entropy
	SecretKey []byte

	// Logger for logging messages.
	// Default: standard Go logger
	Logger *log.Logger

	// Custom transport handlers.
	// Default: nil
	Transports map[string]Transport
}

// NewConfig creates a new Config with default values.
func NewConfig() *Config {
	// Generate a secret key from system entropy if not provided
	secretKey := make([]byte, 32)
	_, err := rand.Read(secretKey)
	if err != nil {
		panic(fmt.Sprintf(""failed to generate secret key: %v"", err))
	}

	return &Config{
		SockjsURL:       ""https://cdn.sockjs.org/"
qwen,Qwen/Qwen3-30B-A3B-Instruct-2507:nebius,go,GPL-3.0,sockjs::config.go,78,0.8,0,0.05813953488372093,"
	// Adds JSESSIONID cookie to requests to enable sticky sessions.
	// Dummy value is used unless JsessionFunc is set.
	// Default: false.
	Jsessionid bool

	// Function that is called to set the JSESSIONID cookie, if Jsessionid setting is set.
	JsessionidFunc func(http.ResponseWriter, *http.Request)

	// Enables IP-address checks for legacy transports.
	// If enabled, all subsequent calls must be from the same IP-address.
	// Default: true
	VerifyAddr bool

	// Heartbeat delay.
	// Default: 25 seconds
	HeartbeatDelay time.Duration

	// Disconnect delay.
	// Default: 5 seconds
	DisconnectDelay time.Duration

	// List of headers that are copied from incoming requests to SessionInfo.
	// Default: []string{""referer"", ""x-client-ip"", ""x-forwarded-for"",
	//                   ""x-cluster-client-ip"", ""via"", ""x-real-ip"", ""host""}
	Headers []string

	// Logger used for logging various information.
	// Useful for debugging.
	// Set Logger to nil to disable logging.
	// Default: log.New(os.Stdout, ""sockjs: "", log.LstdFlags)
	Logger *log.Logger

	iframePage []byte
	iframeHash string
}

// NewConfig returns a new Config with the default settings.
func NewConfig() (c Config) {
	c.SockjsURL = ""https://cdn.sockjs.org/sockjs-0.3.4.min.js""
	c.Websocket = true
	c.ResponseLimit = 128 * 1024
	c.VerifyAddr = true
	c.HeartbeatDelay = time.Duration(25) * time.Second
	c.DisconnectDelay = time.Duration(5) * time.Second
	c.Headers = []string{""referer"", ""x-client-ip"", ""x-forwarded-for"",
		""x-cluster-client-ip"", ""via"", ""x-real-ip"", ""host""}
	c.Logger = log.New(os.Stdout, ""sockjs: "", log.LstdFlags)
	c.iframePage = []byte(fmt.Sprintf(iframePageFormat, c.SockjsURL))
	hash := md5.New()
	hash.Write(c.iframePage)
	c.iframeHash = fmt.Sprintf(""%x"", hash.Sum(nil))
	return
}","// Maximum time a session can be idle before it's closed.
	// Default: 15 * time.Minute
	IdleTimeout time.Duration

	// Maximum time a session can be established before it's closed.
	// Default: 2 * time.Hour
	OpenTimeout time.Duration

	// Maximum time a session can be inactive before it's closed.
	// Default: 5 * time.Minute
	InactivityTimeout time.Duration

	// Session cookie name for the session identifier.
	// Default: ""sockjs_session""
	CookieName string

	// Session cookie path.
	// Default: ""/""
	CookiePath string

	// Session cookie domain.
	// Default: """"
	CookieDomain string

	// Whether the session cookie should be secure (HTTPS only).
	// Default: false
	CookieSecure bool

	// Whether the session cookie should be HTTP-only.
	// Default: false
	CookieHTTPOnly bool

	// Custom headers to be added to the response.
	// Default: nil
	CustomHeaders map[string]string

	// Logger to use for logging.
	// Default: log.Default()
	Logger *log.Logger

	// Session store implementation.
	// Default: nil (uses in-memory store)
	Session"
qwen,Qwen/Qwen3-30B-A3B-Instruct-2507:nebius,go,GPL-3.0,app::controllers::admin::AdminEmailController.go,237,0.2,0,0.0,"func (c AdminEmail) DoToImage(toImageBinPath string) revel.Result {
	re := info.NewRe()
	re.Ok = configService.UpdateGlobalStringConfig(c.GetUserId(), ""toImageBinPath"", toImageBinPath)
	return c.RenderJson(re)
}

func (c AdminEmail) Set(emailHost, emailPort, emailUsername, emailPassword, emailSSL string) revel.Result {
	re := info.NewRe()
	re.Ok = configService.UpdateGlobalStringConfig(c.GetUserId(), ""emailHost"", emailHost)
	re.Ok = configService.UpdateGlobalStringConfig(c.GetUserId(), ""emailPort"", emailPort)
	re.Ok = configService.UpdateGlobalStringConfig(c.GetUserId(), ""emailUsername"", emailUsername)
	re.Ok = configService.UpdateGlobalStringConfig(c.GetUserId(), ""emailPassword"", emailPassword)
	re.Ok = configService.UpdateGlobalStringConfig(c.GetUserId(), ""emailSSL"", emailSSL)

	return c.RenderJson(re)
}
func (c AdminEmail) Template() revel.Result {
	re := info.NewRe()

	keys := []string{""emailTemplateHeader"", ""emailTemplateFooter"",
		""emailTemplateRegisterSubject"",
		""emailTemplateRegister"",
		""emailTemplateFindPasswordSubject"",
		""emailTemplateFindPassword"",
		""emailTemplateUpdateEmailSubject"",
		""emailTemplateUpdateEmail"",
		""emailTemplateInviteSubject"",
		""emailTemplateInvite"",
		""emailTemplateCommentSubject"",
		""emailTemplateComment"",
	}

	userId := c.GetUserId()
	for _, key := range keys {
		v := c.Params.Values.Get(key)
		if v != """" {
			ok, msg := emailService.ValidTpl(v)
			if !ok {
				re.Ok = false
				re.Msg = ""Error key: "" + key + ""<br />"" + msg
				return c.RenderJson(re)
			} else {
				configService.UpdateGlobalStringConfig(userId, key, v)
			}
		}
	}

	re.Ok = true
	return c.RenderJson(re)
}

// 发送Email
func (c AdminEmail) SendEmailToEmails(sendEmails, latestEmailSubject, latestEmailBody string, verified, saveAsOldEmail bool) revel.Result {
	re := info.NewRe()

	c.updateConfig([]string{""sendEmails"", ""latestEmailSubject"", ""latestEmailBody""})

	if latestEmailSubject == """" || latestEmailBody == """" {
		re.Msg = ""subject or body is blank""
		return c.RenderJson(re)
	}

	if saveAsOldEmail {
		oldEmails := configService.GetGlobalMapConfig(""oldEmails"")
		oldEmails[latestEmailSubject] = latestEmailBody
		configService.UpdateGlobalMapConfig(c.GetUserId(), ""oldEmails"", oldEmails)
	}

	sendEmails = strings.Replace(sendEmails, ""\r"", """", -1)
	emails := strings.Split(sendEmails, ""\n"")

	re.Ok, re.Msg = emailService.SendEmailToEmails(emails, latestEmailSubject, latestEmailBody)
	return c.RenderJson(re)
}

// 发送Email
func (c AdminEmail) SendToUsers2(emails, latestEmailSubject, latestEmailBody string, verified, saveAsOldEmail bool) revel.Result {
	re := info.NewRe()

	c.updateConfig([]string{""sendEmails"", ""latestEmailSubject"", ""latestEmailBody""})

	if latestEmailSubject == """" || latestEmailBody == """" {
		re.Msg = ""subject or body is blank""
		return c.RenderJson(re)
	}

	if saveAsOldEmail {
		oldEmails := configService.GetGlobalMapConfig(""oldEmails"")
		oldEmails[latestEmailSubject] = latestEmailBody
		configService.UpdateGlobalMapConfig(c.GetUserId(), ""oldEmails"", oldEmails)
	}

	emails = strings.Replace(emails, ""\r"", """", -1)
	emailsArr := strings.Split(emails, ""\n"")

	users := userService.ListUserInfosByEmails(emailsArr)
	LogJ(emailsArr)

	re.Ok, re.Msg = emailService.SendEmailToUsers(users, latestEmailSubject, latestEmailBody)

	return c.RenderJson(re)
}

// send Email dialog
func (c AdminEmail) SendEmailDialog(emails string) revel.Result {
	emailsArr := strings.Split(emails, "","")
	emailsNl := strings.Join(emailsArr, ""\n"")

	c.RenderArgs[""emailsNl""] = emailsNl
	c.RenderArgs[""str""] = configService.GlobalStringConfigs
	c.RenderArgs[""map""] = configService.GlobalMapConfigs

	return c.RenderTemplate(""admin/email/emailDialog.html"")
}

func (c AdminEmail) SendToUsers(userFilterEmail, userFilterWhiteList, userFilterBlackList, latestEmailSubject, latestEmailBody string, verified, saveAsOldEmail bool) revel.Result {
	re := info.NewRe()

	c.updateConfig([]string{""userFilterEmail"", ""userFilterWhiteList"", ""userFilterBlackList"", ""latestEmailSubject"", ""latestEmailBody""})

	if latestEmailSubject == """" || latestEmailBody == """" {
		re.Msg = ""subject or body is blank""
		return c.RenderJson(re)
	}

	if saveAsOldEmail {
		oldEmails := configService.GetGlobalMapConfig(""oldEmails"")
		oldEmails[latestEmailSubject] = latestEmailBody
		configService.UpdateGlobalMapConfig(c.GetUserId(), ""oldEmails"", oldEmails)
	}

	users := userService.GetAllUserByFilter(userFilterEmail, userFilterWhiteList, userFilterBlackList, verified)

	if users == nil || len(users) == 0 {
		re.Ok = false
		re.Msg = ""no users""
		return c.RenderJson(re)
	}

	re.Ok, re.Msg = emailService.SendEmailToUsers(users, latestEmailSubject, latestEmailBody)
	if !re.Ok {
		return c.RenderJson(re)
	}

	re.Ok = true
	re.Msg = ""users:"" + strconv.Itoa(len(users))

	return c.RenderJson(re)
}

// 删除emails
func (c AdminEmail) DeleteEmails(ids string) revel.Result {
	re := info.NewRe()
	re.Ok = emailService.DeleteEmails(strings.Split(ids, "",""))
	return c.RenderJson(re)
}

func (c AdminEmail) List(sorter, keywords string) revel.Result {
	pageNumber := c.GetPage()
	sorterField, isAsc := c.getSorter(""CreatedTime"", false, []string{""email"", ""ok"", ""subject"", ""createdTime""})
	pageInfo, emails := emailService.ListEmailLogs(pageNumber, userPageSize, sorterField, isAsc, keywords)
	c.RenderArgs[""pageInfo""] = pageInfo
	c.RenderArgs[""emails""] = emails
	c.RenderArgs[""keywords""] = keywords
	return c.RenderTemplate(""admin/email/list.html"")
}","func (c AdminEmail) DoToImage(toImageBinPath string) revel.Result {
	re := info.NewRe()

	re.Ok = configService.UpdateGlobalStringConfig(c.GetUserId(), ""toImageBinPath"", toImageBinPath)

	return c.RenderJson(re)
}"
qwen,Qwen/Qwen3-30B-A3B-Instruct-2507:nebius,go,GPL-3.0,app::controllers::admin::AdminEmailController.go,237,0.4,0,0.0,"func (c AdminEmail) DoToImage(toImageBinPath string) revel.Result {
	re := info.NewRe()
	re.Ok = configService.UpdateGlobalStringConfig(c.GetUserId(), ""toImageBinPath"", toImageBinPath)
	return c.RenderJson(re)
}

func (c AdminEmail) Set(emailHost, emailPort, emailUsername, emailPassword, emailSSL string) revel.Result {
	re := info.NewRe()
	re.Ok = configService.UpdateGlobalStringConfig(c.GetUserId(), ""emailHost"", emailHost)
	re.Ok = configService.UpdateGlobalStringConfig(c.GetUserId(), ""emailPort"", emailPort)
	re.Ok = configService.UpdateGlobalStringConfig(c.GetUserId(), ""emailUsername"", emailUsername)
	re.Ok = configService.UpdateGlobalStringConfig(c.GetUserId(), ""emailPassword"", emailPassword)
	re.Ok = configService.UpdateGlobalStringConfig(c.GetUserId(), ""emailSSL"", emailSSL)

	return c.RenderJson(re)
}
func (c AdminEmail) Template() revel.Result {
	re := info.NewRe()

	keys := []string{""emailTemplateHeader"", ""emailTemplateFooter"",
		""emailTemplateRegisterSubject"",
		""emailTemplateRegister"",
		""emailTemplateFindPasswordSubject"",
		""emailTemplateFindPassword"",
		""emailTemplateUpdateEmailSubject"",
		""emailTemplateUpdateEmail"",
		""emailTemplateInviteSubject"",
		""emailTemplateInvite"",
		""emailTemplateCommentSubject"",
		""emailTemplateComment"",
	}

	userId := c.GetUserId()
	for _, key := range keys {
		v := c.Params.Values.Get(key)
		if v != """" {
			ok, msg := emailService.ValidTpl(v)
			if !ok {
				re.Ok = false
				re.Msg = ""Error key: "" + key + ""<br />"" + msg
				return c.RenderJson(re)
			} else {
				configService.UpdateGlobalStringConfig(userId, key, v)
			}
		}
	}

	re.Ok = true
	return c.RenderJson(re)
}

// 发送Email
func (c AdminEmail) SendEmailToEmails(sendEmails, latestEmailSubject, latestEmailBody string, verified, saveAsOldEmail bool) revel.Result {
	re := info.NewRe()

	c.updateConfig([]string{""sendEmails"", ""latestEmailSubject"", ""latestEmailBody""})

	if latestEmailSubject == """" || latestEmailBody == """" {
		re.Msg = ""subject or body is blank""
		return c.RenderJson(re)
	}

	if saveAsOldEmail {
		oldEmails := configService.GetGlobalMapConfig(""oldEmails"")
		oldEmails[latestEmailSubject] = latestEmailBody
		configService.UpdateGlobalMapConfig(c.GetUserId(), ""oldEmails"", oldEmails)
	}

	sendEmails = strings.Replace(sendEmails, ""\r"", """", -1)
	emails := strings.Split(sendEmails, ""\n"")

	re.Ok, re.Msg = emailService.SendEmailToEmails(emails, latestEmailSubject, latestEmailBody)
	return c.RenderJson(re)
}

// 发送Email
func (c AdminEmail) SendToUsers2(emails, latestEmailSubject, latestEmailBody string, verified, saveAsOldEmail bool) revel.Result {
	re := info.NewRe()

	c.updateConfig([]string{""sendEmails"", ""latestEmailSubject"", ""latestEmailBody""})

	if latestEmailSubject == """" || latestEmailBody == """" {
		re.Msg = ""subject or body is blank""
		return c.RenderJson(re)
	}

	if saveAsOldEmail {
		oldEmails := configService.GetGlobalMapConfig(""oldEmails"")
		oldEmails[latestEmailSubject] = latestEmailBody
		configService.UpdateGlobalMapConfig(c.GetUserId(), ""oldEmails"", oldEmails)
	}

	emails = strings.Replace(emails, ""\r"", """", -1)
	emailsArr := strings.Split(emails, ""\n"")

	users := userService.ListUserInfosByEmails(emailsArr)
	LogJ(emailsArr)

	re.Ok, re.Msg = emailService.SendEmailToUsers(users, latestEmailSubject, latestEmailBody)

	return c.RenderJson(re)
}

// send Email dialog
func (c AdminEmail) SendEmailDialog(emails string) revel.Result {
	emailsArr := strings.Split(emails, "","")
	emailsNl := strings.Join(emailsArr, ""\n"")

	c.RenderArgs[""emailsNl""] = emailsNl
	c.RenderArgs[""str""] = configService.GlobalStringConfigs
	c.RenderArgs[""map""] = configService.GlobalMapConfigs

	return c.RenderTemplate(""admin/email/emailDialog.html"")
}

func (c AdminEmail) SendToUsers(userFilterEmail, userFilterWhiteList, userFilterBlackList, latestEmailSubject, latestEmailBody string, verified, saveAsOldEmail bool) revel.Result {
	re := info.NewRe()

	c.updateConfig([]string{""userFilterEmail"", ""userFilterWhiteList"", ""userFilterBlackList"", ""latestEmailSubject"", ""latestEmailBody""})

	if latestEmailSubject == """" || latestEmailBody == """" {
		re.Msg = ""subject or body is blank""
		return c.RenderJson(re)
	}

	if saveAsOldEmail {
		oldEmails := configService.GetGlobalMapConfig(""oldEmails"")
		oldEmails[latestEmailSubject] = latestEmailBody
		configService.UpdateGlobalMapConfig(c.GetUserId(), ""oldEmails"", oldEmails)
	}

	users := userService.GetAllUserByFilter(userFilterEmail, userFilterWhiteList, userFilterBlackList, verified)

	if users == nil || len(users) == 0 {
		re.Ok = false
		re.Msg = ""no users""
		return c.RenderJson(re)
	}

	re.Ok, re.Msg = emailService.SendEmailToUsers(users, latestEmailSubject, latestEmailBody)
	if !re.Ok {
		return c.RenderJson(re)
	}

	re.Ok = true
	re.Msg = ""users:"" + strconv.Itoa(len(users))

	return c.RenderJson(re)
}

// 删除emails
func (c AdminEmail) DeleteEmails(ids string) revel.Result {
	re := info.NewRe()
	re.Ok = emailService.DeleteEmails(strings.Split(ids, "",""))
	return c.RenderJson(re)
}

func (c AdminEmail) List(sorter, keywords string) revel.Result {
	pageNumber := c.GetPage()
	sorterField, isAsc := c.getSorter(""CreatedTime"", false, []string{""email"", ""ok"", ""subject"", ""createdTime""})
	pageInfo, emails := emailService.ListEmailLogs(pageNumber, userPageSize, sorterField, isAsc, keywords)
	c.RenderArgs[""pageInfo""] = pageInfo
	c.RenderArgs[""emails""] = emails
	c.RenderArgs[""keywords""] = keywords
	return c.RenderTemplate(""admin/email/list.html"")
}","func (c AdminEmail) DoToImage(toImageBinPath string) revel.Result {
	re := info.NewRe()

	re.Ok = configService.UpdateGlobalStringConfig(c.GetUserId(), ""toImageBinPath"", toImageBinPath)

	return c.RenderJson(re)
}"
qwen,Qwen/Qwen3-30B-A3B-Instruct-2507:nebius,go,GPL-3.0,app::controllers::admin::AdminEmailController.go,237,0.8,0,0.0,"func (c AdminEmail) DoToImage(toImageBinPath string) revel.Result {
	re := info.NewRe()
	re.Ok = configService.UpdateGlobalStringConfig(c.GetUserId(), ""toImageBinPath"", toImageBinPath)
	return c.RenderJson(re)
}

func (c AdminEmail) Set(emailHost, emailPort, emailUsername, emailPassword, emailSSL string) revel.Result {
	re := info.NewRe()
	re.Ok = configService.UpdateGlobalStringConfig(c.GetUserId(), ""emailHost"", emailHost)
	re.Ok = configService.UpdateGlobalStringConfig(c.GetUserId(), ""emailPort"", emailPort)
	re.Ok = configService.UpdateGlobalStringConfig(c.GetUserId(), ""emailUsername"", emailUsername)
	re.Ok = configService.UpdateGlobalStringConfig(c.GetUserId(), ""emailPassword"", emailPassword)
	re.Ok = configService.UpdateGlobalStringConfig(c.GetUserId(), ""emailSSL"", emailSSL)

	return c.RenderJson(re)
}
func (c AdminEmail) Template() revel.Result {
	re := info.NewRe()

	keys := []string{""emailTemplateHeader"", ""emailTemplateFooter"",
		""emailTemplateRegisterSubject"",
		""emailTemplateRegister"",
		""emailTemplateFindPasswordSubject"",
		""emailTemplateFindPassword"",
		""emailTemplateUpdateEmailSubject"",
		""emailTemplateUpdateEmail"",
		""emailTemplateInviteSubject"",
		""emailTemplateInvite"",
		""emailTemplateCommentSubject"",
		""emailTemplateComment"",
	}

	userId := c.GetUserId()
	for _, key := range keys {
		v := c.Params.Values.Get(key)
		if v != """" {
			ok, msg := emailService.ValidTpl(v)
			if !ok {
				re.Ok = false
				re.Msg = ""Error key: "" + key + ""<br />"" + msg
				return c.RenderJson(re)
			} else {
				configService.UpdateGlobalStringConfig(userId, key, v)
			}
		}
	}

	re.Ok = true
	return c.RenderJson(re)
}

// 发送Email
func (c AdminEmail) SendEmailToEmails(sendEmails, latestEmailSubject, latestEmailBody string, verified, saveAsOldEmail bool) revel.Result {
	re := info.NewRe()

	c.updateConfig([]string{""sendEmails"", ""latestEmailSubject"", ""latestEmailBody""})

	if latestEmailSubject == """" || latestEmailBody == """" {
		re.Msg = ""subject or body is blank""
		return c.RenderJson(re)
	}

	if saveAsOldEmail {
		oldEmails := configService.GetGlobalMapConfig(""oldEmails"")
		oldEmails[latestEmailSubject] = latestEmailBody
		configService.UpdateGlobalMapConfig(c.GetUserId(), ""oldEmails"", oldEmails)
	}

	sendEmails = strings.Replace(sendEmails, ""\r"", """", -1)
	emails := strings.Split(sendEmails, ""\n"")

	re.Ok, re.Msg = emailService.SendEmailToEmails(emails, latestEmailSubject, latestEmailBody)
	return c.RenderJson(re)
}

// 发送Email
func (c AdminEmail) SendToUsers2(emails, latestEmailSubject, latestEmailBody string, verified, saveAsOldEmail bool) revel.Result {
	re := info.NewRe()

	c.updateConfig([]string{""sendEmails"", ""latestEmailSubject"", ""latestEmailBody""})

	if latestEmailSubject == """" || latestEmailBody == """" {
		re.Msg = ""subject or body is blank""
		return c.RenderJson(re)
	}

	if saveAsOldEmail {
		oldEmails := configService.GetGlobalMapConfig(""oldEmails"")
		oldEmails[latestEmailSubject] = latestEmailBody
		configService.UpdateGlobalMapConfig(c.GetUserId(), ""oldEmails"", oldEmails)
	}

	emails = strings.Replace(emails, ""\r"", """", -1)
	emailsArr := strings.Split(emails, ""\n"")

	users := userService.ListUserInfosByEmails(emailsArr)
	LogJ(emailsArr)

	re.Ok, re.Msg = emailService.SendEmailToUsers(users, latestEmailSubject, latestEmailBody)

	return c.RenderJson(re)
}

// send Email dialog
func (c AdminEmail) SendEmailDialog(emails string) revel.Result {
	emailsArr := strings.Split(emails, "","")
	emailsNl := strings.Join(emailsArr, ""\n"")

	c.RenderArgs[""emailsNl""] = emailsNl
	c.RenderArgs[""str""] = configService.GlobalStringConfigs
	c.RenderArgs[""map""] = configService.GlobalMapConfigs

	return c.RenderTemplate(""admin/email/emailDialog.html"")
}

func (c AdminEmail) SendToUsers(userFilterEmail, userFilterWhiteList, userFilterBlackList, latestEmailSubject, latestEmailBody string, verified, saveAsOldEmail bool) revel.Result {
	re := info.NewRe()

	c.updateConfig([]string{""userFilterEmail"", ""userFilterWhiteList"", ""userFilterBlackList"", ""latestEmailSubject"", ""latestEmailBody""})

	if latestEmailSubject == """" || latestEmailBody == """" {
		re.Msg = ""subject or body is blank""
		return c.RenderJson(re)
	}

	if saveAsOldEmail {
		oldEmails := configService.GetGlobalMapConfig(""oldEmails"")
		oldEmails[latestEmailSubject] = latestEmailBody
		configService.UpdateGlobalMapConfig(c.GetUserId(), ""oldEmails"", oldEmails)
	}

	users := userService.GetAllUserByFilter(userFilterEmail, userFilterWhiteList, userFilterBlackList, verified)

	if users == nil || len(users) == 0 {
		re.Ok = false
		re.Msg = ""no users""
		return c.RenderJson(re)
	}

	re.Ok, re.Msg = emailService.SendEmailToUsers(users, latestEmailSubject, latestEmailBody)
	if !re.Ok {
		return c.RenderJson(re)
	}

	re.Ok = true
	re.Msg = ""users:"" + strconv.Itoa(len(users))

	return c.RenderJson(re)
}

// 删除emails
func (c AdminEmail) DeleteEmails(ids string) revel.Result {
	re := info.NewRe()
	re.Ok = emailService.DeleteEmails(strings.Split(ids, "",""))
	return c.RenderJson(re)
}

func (c AdminEmail) List(sorter, keywords string) revel.Result {
	pageNumber := c.GetPage()
	sorterField, isAsc := c.getSorter(""CreatedTime"", false, []string{""email"", ""ok"", ""subject"", ""createdTime""})
	pageInfo, emails := emailService.ListEmailLogs(pageNumber, userPageSize, sorterField, isAsc, keywords)
	c.RenderArgs[""pageInfo""] = pageInfo
	c.RenderArgs[""emails""] = emails
	c.RenderArgs[""keywords""] = keywords
	return c.RenderTemplate(""admin/email/list.html"")
}","func (c AdminEmail) DoToImage(toImageBinPath string) revel.Result {
	re := info.NewRe()

	re.Ok = configService.UpdateGlobalStringConfig(c.GetUserId(), ""toImageBinPath"", toImageBinPath)

	return c.RenderJson(re)
}"
qwen,Qwen/Qwen3-30B-A3B-Instruct-2507:nebius,go,GPL-3.0,bypass_test.go,304,0.2,0,0.486815415821501,"	{[]string{""*""}, true, ""example.com:80"", false},

	// sub-domain
	{[]string{""*.example.com""}, false, ""example.com"", false},
	{[]string{""*.example.com""}, false, ""http://example.com"", false},
	{[]string{""*.example.com""}, false, ""www.example.com"", true},
	{[]string{""*.example.com""}, false, ""http://www.example.com"", true},
	{[]string{""*.example.com""}, false, ""abc.def.example.com"", true},

	{[]string{""*.*.example.com""}, false, ""example.com"", false},
	{[]string{""*.*.example.com""}, false, ""www.example.com"", false},
	{[]string{""*.*.example.com""}, false, ""abc.def.example.com"", true},
	{[]string{""*.*.example.com""}, false, ""abc.def.ghi.example.com"", true},

	{[]string{""**.example.com""}, false, ""example.com"", false},
	{[]string{""**.example.com""}, false, ""www.example.com"", true},
	{[]string{""**.example.com""}, false, ""abc.def.ghi.example.com"", true},

	// prefix wildcard
	{[]string{""*example.com""}, false, ""example.com"", true},
	{[]string{""*example.com""}, false, ""www.example.com"", true},
	{[]string{""*example.com""}, false, ""abc.defexample.com"", true},
	{[]string{""*example.com""}, false, ""abc.def-example.com"", true},
	{[]string{""*example.com""}, false, ""abc.def.example.com"", true},
	{[]string{""*example.com""}, false, ""http://www.example.com"", true},
	{[]string{""*example.com""}, false, ""e-xample.com"", false},

	{[]string{""http://*.example.com""}, false, ""example.com"", false},
	{[]string{""http://*.example.com""}, false, ""http://example.com"", false},
	{[]string{""http://*.example.com""}, false, ""http://www.example.com"", true},
	{[]string{""http://*.example.com""}, false, ""https://www.example.com"", false},
	{[]string{""http://*.example.com""}, false, ""http://abc.def.example.com"", true},

	{[]string{""www.*.com""}, false, ""www.example.com"", true},
	{[]string{""www.*.com""}, false, ""www.abc.def.com"", true},

	{[]string{""www.*.*.com""}, false, ""www.example.com"", false},
	{[]string{""www.*.*.com""}, false, ""www.abc.def.com"", true},
	{[]string{""www.*.*.com""}, false, ""www.abc.def.ghi.com"", true},

	{[]string{""www.*example*.com""}, false, ""www.example.com"", true},
	{[]string{""www.*example*.com""}, false, ""www.abc.example.def.com"", true},
	{[]string{""www.*example*.com""}, false, ""www.e-xample.com"", false},

	{[]string{""www.example.*""}, false, ""www.example.com"", true},
	{[]string{""www.example.*""}, false, ""www.example.io"", true},
	{[]string{""www.example.*""}, false, ""www.example.com.cn"", true},

	{[]string{"".example.com""}, false, ""www.example.com"", true},
	{[]string{"".example.com""}, false, ""example.com"", true},
	{[]string{"".example.com""}, false, ""www.example.com.cn"", false},

	{[]string{""example.com*""}, false, ""example.com"", true},
	{[]string{""example.com:*""}, false, ""example.com"", false},
	{[]string{""example.com:*""}, false, ""example.com:80"", false},
	{[]string{""example.com:*""}, false, ""example.com:8080"", false},
	{[]string{""example.com:*""}, false, ""example.com:http"", true},
	{[]string{""example.com:*""}, false, ""http://example.com:80"", false},

	{[]string{""*example.com*""}, false, ""example.com:80"", true},
	{[]string{""*example.com:*""}, false, ""example.com:80"", false},

	{[]string{"".example.com:*""}, false, ""www.example.com"", false},
	{[]string{"".example.com:*""}, false, ""http://www.example.com"", false},
	{[]string{"".example.com:*""}, false, ""example.com:80"", false},
	{[]string{"".example.com:*""}, false, ""www.example.com:8080"", false},
	{[]string{"".example.com:*""}, false, ""http://www.example.com:80"", true},
}

func TestBypassContains(t *testing.T) {
	for i, tc := range bypassContainTests {
		tc := tc
		t.Run(fmt.Sprintf(""#%d"", i), func(t *testing.T) {
			bp := NewBypassPatterns(tc.reversed, tc.patterns...)
			if bp.Contains(tc.addr) != tc.bypassed {
				t.Errorf(""#%d test failed: %v, %s"", i, tc.patterns, tc.addr)
			}
		})
	}
}

var bypassReloadTests = []struct {
	r io.Reader

	reversed bool
	period   time.Duration

	addr     string
	bypassed bool
	stopped  bool
}{
	{
		r:        nil,
		reversed: false,
		period:   0,
		addr:     ""192.168.1.1"",
		bypassed: false,
		stopped:  false,
	},
	{
		r:        bytes.NewBufferString(""""),
		reversed: false,
		period:   0,
		addr:     ""192.168.1.1"",
		bypassed: false,
		stopped:  false,
	},
	{
		r:        bytes.NewBufferString(""reverse true\nreload 10s""),
		reversed: true,
		period:   10 * time.Second,
		addr:     ""192.168.1.1"",
		bypassed: false,
		stopped:  false,
	},
	{
		r:        bytes.NewBufferString(""reverse false\nreload 10s\n192.168.1.1""),
		reversed: false,
		period:   10 * time.Second,
		addr:     ""192.168.1.1"",
		bypassed: true,
		stopped:  false,
	},
	{
		r:        bytes.NewBufferString(""#reverse true\n#reload 10s\n192.168.0.0/16""),
		reversed: false,
		period:   0,
		addr:     ""192.168.10.2"",
		bypassed: true,
		stopped:  true,
	},
	{
		r:        bytes.NewBufferString(""#reverse true\n#reload 10s\n192.168.1.0/24 #comment""),
		reversed: false,
		period:   0,
		addr:     ""192.168.10.2"",
		bypassed: false,
		stopped:  true,
	},
	{
		r:        bytes.NewBufferString(""reverse false\nreload 10s\n192.168.1.1\n#example.com""),
		reversed: false,
		period:   10 * time.Second,
		addr:     ""example.com"",
		bypassed: false,
		stopped:  false,
	},
	{
		r:        bytes.NewBufferString(""#reverse true\n#reload 10s\n192.168.1.1\n#example.com""),
		reversed: false,
		period:   0,
		addr:     ""192.168.1.1"",
		bypassed: true,
		stopped:  true,
	},
	{
		r:        bytes.NewBufferString(""#reverse true\n#reload 10s\nexample.com #comment""),
		reversed: false,
		period:   0,
		addr:     ""example.com"",
		bypassed: true,
		stopped:  true,
	},
	{
		r:        bytes.NewBufferString(""#reverse true\n#reload 10s\n.example.com""),
		reversed: false,
		period:   0,
		addr:     ""example.com"",
		bypassed: true,
		stopped:  true,
	},
	{
		r:        bytes.NewBufferString(""#reverse true\n#reload 10s\n*.example.com""),
		reversed: false,
		period:   0,
		addr:     ""example.com"",
		bypassed: false,
		stopped:  true,
	},
}

func TestByapssReload(t *testing.T) {
	for i, tc := range bypassReloadTests {
		bp := NewBypass(false)
		if err := bp.Reload(tc.r); err != nil {
			t.Error(err)
		}
		t.Log(bp.String())

		if bp.Reversed() != tc.reversed {
			t.Errorf(""#%d test failed: reversed value should be %v, got %v"",
				i, tc.reversed, bp.reversed)
		}
		if bp.Period() != tc.period {
			t.Errorf(""#%d test failed: period value should be %v, got %v"",
				i, tc.period, bp.Period())
		}
		if bp.Contains(tc.addr) != tc.bypassed {
			t.Errorf(""#%d test failed: %v, %s"", i, bp.reversed, tc.addr)
		}
		if tc.stopped {
			bp.Stop()
			if bp.Period() >= 0 {
				t.Errorf(""period of the stopped reloader should be minus value"")
			}
			bp.Stop()
		}
		if bp.Stopped() != tc.stopped {
			t.Errorf(""#%d test failed: stopped value should be %v, got %v"",
				i, tc.stopped, bp.Stopped())
		}
	}
}","{[]string{""*""}, true, ""example.com:80"", false},
	{[]string{""*.example.com""}, false, ""example.com"", false},
	{[]string{""*.example.com""}, false, ""www.example.com"", true},
	{[]string{""*.example.com""}, false, ""sub.example.com"", true},
	{[]string{""*.example.com""}, false, ""example.org"", false},
	{[]string{""*.example.com""}, true, ""example.com"", true},
	{[]string{""*.example.com""}, true, ""www.example.com"", false},
	{[]string{""*.example.com""}, true, ""sub.example.com"", false},
	{[]string{""*.example.com""}, true, ""example.org"", true},
	{[]string{""*.example.com:80""}, false, ""www.example.com:80"", true},
	{[]string{""*.example.com:80""}, false, ""www.example.com:8080"", false},
	{[]string{""*.example.com:80""}, true, ""www.example.com:80"", false},
	{[]string{""*.example.com:80""}, true, ""www.example.com:8080"","
qwen,Qwen/Qwen3-30B-A3B-Instruct-2507:nebius,go,GPL-3.0,bypass_test.go,304,0.4,0,0.486815415821501,"	{[]string{""*""}, true, ""example.com:80"", false},

	// sub-domain
	{[]string{""*.example.com""}, false, ""example.com"", false},
	{[]string{""*.example.com""}, false, ""http://example.com"", false},
	{[]string{""*.example.com""}, false, ""www.example.com"", true},
	{[]string{""*.example.com""}, false, ""http://www.example.com"", true},
	{[]string{""*.example.com""}, false, ""abc.def.example.com"", true},

	{[]string{""*.*.example.com""}, false, ""example.com"", false},
	{[]string{""*.*.example.com""}, false, ""www.example.com"", false},
	{[]string{""*.*.example.com""}, false, ""abc.def.example.com"", true},
	{[]string{""*.*.example.com""}, false, ""abc.def.ghi.example.com"", true},

	{[]string{""**.example.com""}, false, ""example.com"", false},
	{[]string{""**.example.com""}, false, ""www.example.com"", true},
	{[]string{""**.example.com""}, false, ""abc.def.ghi.example.com"", true},

	// prefix wildcard
	{[]string{""*example.com""}, false, ""example.com"", true},
	{[]string{""*example.com""}, false, ""www.example.com"", true},
	{[]string{""*example.com""}, false, ""abc.defexample.com"", true},
	{[]string{""*example.com""}, false, ""abc.def-example.com"", true},
	{[]string{""*example.com""}, false, ""abc.def.example.com"", true},
	{[]string{""*example.com""}, false, ""http://www.example.com"", true},
	{[]string{""*example.com""}, false, ""e-xample.com"", false},

	{[]string{""http://*.example.com""}, false, ""example.com"", false},
	{[]string{""http://*.example.com""}, false, ""http://example.com"", false},
	{[]string{""http://*.example.com""}, false, ""http://www.example.com"", true},
	{[]string{""http://*.example.com""}, false, ""https://www.example.com"", false},
	{[]string{""http://*.example.com""}, false, ""http://abc.def.example.com"", true},

	{[]string{""www.*.com""}, false, ""www.example.com"", true},
	{[]string{""www.*.com""}, false, ""www.abc.def.com"", true},

	{[]string{""www.*.*.com""}, false, ""www.example.com"", false},
	{[]string{""www.*.*.com""}, false, ""www.abc.def.com"", true},
	{[]string{""www.*.*.com""}, false, ""www.abc.def.ghi.com"", true},

	{[]string{""www.*example*.com""}, false, ""www.example.com"", true},
	{[]string{""www.*example*.com""}, false, ""www.abc.example.def.com"", true},
	{[]string{""www.*example*.com""}, false, ""www.e-xample.com"", false},

	{[]string{""www.example.*""}, false, ""www.example.com"", true},
	{[]string{""www.example.*""}, false, ""www.example.io"", true},
	{[]string{""www.example.*""}, false, ""www.example.com.cn"", true},

	{[]string{"".example.com""}, false, ""www.example.com"", true},
	{[]string{"".example.com""}, false, ""example.com"", true},
	{[]string{"".example.com""}, false, ""www.example.com.cn"", false},

	{[]string{""example.com*""}, false, ""example.com"", true},
	{[]string{""example.com:*""}, false, ""example.com"", false},
	{[]string{""example.com:*""}, false, ""example.com:80"", false},
	{[]string{""example.com:*""}, false, ""example.com:8080"", false},
	{[]string{""example.com:*""}, false, ""example.com:http"", true},
	{[]string{""example.com:*""}, false, ""http://example.com:80"", false},

	{[]string{""*example.com*""}, false, ""example.com:80"", true},
	{[]string{""*example.com:*""}, false, ""example.com:80"", false},

	{[]string{"".example.com:*""}, false, ""www.example.com"", false},
	{[]string{"".example.com:*""}, false, ""http://www.example.com"", false},
	{[]string{"".example.com:*""}, false, ""example.com:80"", false},
	{[]string{"".example.com:*""}, false, ""www.example.com:8080"", false},
	{[]string{"".example.com:*""}, false, ""http://www.example.com:80"", true},
}

func TestBypassContains(t *testing.T) {
	for i, tc := range bypassContainTests {
		tc := tc
		t.Run(fmt.Sprintf(""#%d"", i), func(t *testing.T) {
			bp := NewBypassPatterns(tc.reversed, tc.patterns...)
			if bp.Contains(tc.addr) != tc.bypassed {
				t.Errorf(""#%d test failed: %v, %s"", i, tc.patterns, tc.addr)
			}
		})
	}
}

var bypassReloadTests = []struct {
	r io.Reader

	reversed bool
	period   time.Duration

	addr     string
	bypassed bool
	stopped  bool
}{
	{
		r:        nil,
		reversed: false,
		period:   0,
		addr:     ""192.168.1.1"",
		bypassed: false,
		stopped:  false,
	},
	{
		r:        bytes.NewBufferString(""""),
		reversed: false,
		period:   0,
		addr:     ""192.168.1.1"",
		bypassed: false,
		stopped:  false,
	},
	{
		r:        bytes.NewBufferString(""reverse true\nreload 10s""),
		reversed: true,
		period:   10 * time.Second,
		addr:     ""192.168.1.1"",
		bypassed: false,
		stopped:  false,
	},
	{
		r:        bytes.NewBufferString(""reverse false\nreload 10s\n192.168.1.1""),
		reversed: false,
		period:   10 * time.Second,
		addr:     ""192.168.1.1"",
		bypassed: true,
		stopped:  false,
	},
	{
		r:        bytes.NewBufferString(""#reverse true\n#reload 10s\n192.168.0.0/16""),
		reversed: false,
		period:   0,
		addr:     ""192.168.10.2"",
		bypassed: true,
		stopped:  true,
	},
	{
		r:        bytes.NewBufferString(""#reverse true\n#reload 10s\n192.168.1.0/24 #comment""),
		reversed: false,
		period:   0,
		addr:     ""192.168.10.2"",
		bypassed: false,
		stopped:  true,
	},
	{
		r:        bytes.NewBufferString(""reverse false\nreload 10s\n192.168.1.1\n#example.com""),
		reversed: false,
		period:   10 * time.Second,
		addr:     ""example.com"",
		bypassed: false,
		stopped:  false,
	},
	{
		r:        bytes.NewBufferString(""#reverse true\n#reload 10s\n192.168.1.1\n#example.com""),
		reversed: false,
		period:   0,
		addr:     ""192.168.1.1"",
		bypassed: true,
		stopped:  true,
	},
	{
		r:        bytes.NewBufferString(""#reverse true\n#reload 10s\nexample.com #comment""),
		reversed: false,
		period:   0,
		addr:     ""example.com"",
		bypassed: true,
		stopped:  true,
	},
	{
		r:        bytes.NewBufferString(""#reverse true\n#reload 10s\n.example.com""),
		reversed: false,
		period:   0,
		addr:     ""example.com"",
		bypassed: true,
		stopped:  true,
	},
	{
		r:        bytes.NewBufferString(""#reverse true\n#reload 10s\n*.example.com""),
		reversed: false,
		period:   0,
		addr:     ""example.com"",
		bypassed: false,
		stopped:  true,
	},
}

func TestByapssReload(t *testing.T) {
	for i, tc := range bypassReloadTests {
		bp := NewBypass(false)
		if err := bp.Reload(tc.r); err != nil {
			t.Error(err)
		}
		t.Log(bp.String())

		if bp.Reversed() != tc.reversed {
			t.Errorf(""#%d test failed: reversed value should be %v, got %v"",
				i, tc.reversed, bp.reversed)
		}
		if bp.Period() != tc.period {
			t.Errorf(""#%d test failed: period value should be %v, got %v"",
				i, tc.period, bp.Period())
		}
		if bp.Contains(tc.addr) != tc.bypassed {
			t.Errorf(""#%d test failed: %v, %s"", i, bp.reversed, tc.addr)
		}
		if tc.stopped {
			bp.Stop()
			if bp.Period() >= 0 {
				t.Errorf(""period of the stopped reloader should be minus value"")
			}
			bp.Stop()
		}
		if bp.Stopped() != tc.stopped {
			t.Errorf(""#%d test failed: stopped value should be %v, got %v"",
				i, tc.stopped, bp.Stopped())
		}
	}
}","{[]string{""*""}, true, ""example.com:80"", false},
	{[]string{""*.example.com""}, false, ""example.com"", false},
	{[]string{""*.example.com""}, false, ""www.example.com"", true},
	{[]string{""*.example.com""}, false, ""sub.example.com"", true},
	{[]string{""*.example.com""}, false, ""example.org"", false},
	{[]string{""*.example.com""}, true, ""example.com"", true},
	{[]string{""*.example.com""}, true, ""www.example.com"", false},
	{[]string{""*.example.com""}, true, ""sub.example.com"", false},
	{[]string{""*.example.com""}, true, ""example.org"", true},
	{[]string{""*.example.com:80""}, false, ""www.example.com:80"", true},
	{[]string{""*.example.com:80""}, false, ""www.example.com:8080"", false},
	{[]string{""*.example.com:80""}, true, ""www.example.com:80"", false},
	{[]string{""*.example.com:80""}, true, ""www.example.com:8080"","
qwen,Qwen/Qwen3-30B-A3B-Instruct-2507:nebius,go,GPL-3.0,bypass_test.go,304,0.8,0,0.48577235772357724,"	{[]string{""*""}, true, ""example.com:80"", false},

	// sub-domain
	{[]string{""*.example.com""}, false, ""example.com"", false},
	{[]string{""*.example.com""}, false, ""http://example.com"", false},
	{[]string{""*.example.com""}, false, ""www.example.com"", true},
	{[]string{""*.example.com""}, false, ""http://www.example.com"", true},
	{[]string{""*.example.com""}, false, ""abc.def.example.com"", true},

	{[]string{""*.*.example.com""}, false, ""example.com"", false},
	{[]string{""*.*.example.com""}, false, ""www.example.com"", false},
	{[]string{""*.*.example.com""}, false, ""abc.def.example.com"", true},
	{[]string{""*.*.example.com""}, false, ""abc.def.ghi.example.com"", true},

	{[]string{""**.example.com""}, false, ""example.com"", false},
	{[]string{""**.example.com""}, false, ""www.example.com"", true},
	{[]string{""**.example.com""}, false, ""abc.def.ghi.example.com"", true},

	// prefix wildcard
	{[]string{""*example.com""}, false, ""example.com"", true},
	{[]string{""*example.com""}, false, ""www.example.com"", true},
	{[]string{""*example.com""}, false, ""abc.defexample.com"", true},
	{[]string{""*example.com""}, false, ""abc.def-example.com"", true},
	{[]string{""*example.com""}, false, ""abc.def.example.com"", true},
	{[]string{""*example.com""}, false, ""http://www.example.com"", true},
	{[]string{""*example.com""}, false, ""e-xample.com"", false},

	{[]string{""http://*.example.com""}, false, ""example.com"", false},
	{[]string{""http://*.example.com""}, false, ""http://example.com"", false},
	{[]string{""http://*.example.com""}, false, ""http://www.example.com"", true},
	{[]string{""http://*.example.com""}, false, ""https://www.example.com"", false},
	{[]string{""http://*.example.com""}, false, ""http://abc.def.example.com"", true},

	{[]string{""www.*.com""}, false, ""www.example.com"", true},
	{[]string{""www.*.com""}, false, ""www.abc.def.com"", true},

	{[]string{""www.*.*.com""}, false, ""www.example.com"", false},
	{[]string{""www.*.*.com""}, false, ""www.abc.def.com"", true},
	{[]string{""www.*.*.com""}, false, ""www.abc.def.ghi.com"", true},

	{[]string{""www.*example*.com""}, false, ""www.example.com"", true},
	{[]string{""www.*example*.com""}, false, ""www.abc.example.def.com"", true},
	{[]string{""www.*example*.com""}, false, ""www.e-xample.com"", false},

	{[]string{""www.example.*""}, false, ""www.example.com"", true},
	{[]string{""www.example.*""}, false, ""www.example.io"", true},
	{[]string{""www.example.*""}, false, ""www.example.com.cn"", true},

	{[]string{"".example.com""}, false, ""www.example.com"", true},
	{[]string{"".example.com""}, false, ""example.com"", true},
	{[]string{"".example.com""}, false, ""www.example.com.cn"", false},

	{[]string{""example.com*""}, false, ""example.com"", true},
	{[]string{""example.com:*""}, false, ""example.com"", false},
	{[]string{""example.com:*""}, false, ""example.com:80"", false},
	{[]string{""example.com:*""}, false, ""example.com:8080"", false},
	{[]string{""example.com:*""}, false, ""example.com:http"", true},
	{[]string{""example.com:*""}, false, ""http://example.com:80"", false},

	{[]string{""*example.com*""}, false, ""example.com:80"", true},
	{[]string{""*example.com:*""}, false, ""example.com:80"", false},

	{[]string{"".example.com:*""}, false, ""www.example.com"", false},
	{[]string{"".example.com:*""}, false, ""http://www.example.com"", false},
	{[]string{"".example.com:*""}, false, ""example.com:80"", false},
	{[]string{"".example.com:*""}, false, ""www.example.com:8080"", false},
	{[]string{"".example.com:*""}, false, ""http://www.example.com:80"", true},
}

func TestBypassContains(t *testing.T) {
	for i, tc := range bypassContainTests {
		tc := tc
		t.Run(fmt.Sprintf(""#%d"", i), func(t *testing.T) {
			bp := NewBypassPatterns(tc.reversed, tc.patterns...)
			if bp.Contains(tc.addr) != tc.bypassed {
				t.Errorf(""#%d test failed: %v, %s"", i, tc.patterns, tc.addr)
			}
		})
	}
}

var bypassReloadTests = []struct {
	r io.Reader

	reversed bool
	period   time.Duration

	addr     string
	bypassed bool
	stopped  bool
}{
	{
		r:        nil,
		reversed: false,
		period:   0,
		addr:     ""192.168.1.1"",
		bypassed: false,
		stopped:  false,
	},
	{
		r:        bytes.NewBufferString(""""),
		reversed: false,
		period:   0,
		addr:     ""192.168.1.1"",
		bypassed: false,
		stopped:  false,
	},
	{
		r:        bytes.NewBufferString(""reverse true\nreload 10s""),
		reversed: true,
		period:   10 * time.Second,
		addr:     ""192.168.1.1"",
		bypassed: false,
		stopped:  false,
	},
	{
		r:        bytes.NewBufferString(""reverse false\nreload 10s\n192.168.1.1""),
		reversed: false,
		period:   10 * time.Second,
		addr:     ""192.168.1.1"",
		bypassed: true,
		stopped:  false,
	},
	{
		r:        bytes.NewBufferString(""#reverse true\n#reload 10s\n192.168.0.0/16""),
		reversed: false,
		period:   0,
		addr:     ""192.168.10.2"",
		bypassed: true,
		stopped:  true,
	},
	{
		r:        bytes.NewBufferString(""#reverse true\n#reload 10s\n192.168.1.0/24 #comment""),
		reversed: false,
		period:   0,
		addr:     ""192.168.10.2"",
		bypassed: false,
		stopped:  true,
	},
	{
		r:        bytes.NewBufferString(""reverse false\nreload 10s\n192.168.1.1\n#example.com""),
		reversed: false,
		period:   10 * time.Second,
		addr:     ""example.com"",
		bypassed: false,
		stopped:  false,
	},
	{
		r:        bytes.NewBufferString(""#reverse true\n#reload 10s\n192.168.1.1\n#example.com""),
		reversed: false,
		period:   0,
		addr:     ""192.168.1.1"",
		bypassed: true,
		stopped:  true,
	},
	{
		r:        bytes.NewBufferString(""#reverse true\n#reload 10s\nexample.com #comment""),
		reversed: false,
		period:   0,
		addr:     ""example.com"",
		bypassed: true,
		stopped:  true,
	},
	{
		r:        bytes.NewBufferString(""#reverse true\n#reload 10s\n.example.com""),
		reversed: false,
		period:   0,
		addr:     ""example.com"",
		bypassed: true,
		stopped:  true,
	},
	{
		r:        bytes.NewBufferString(""#reverse true\n#reload 10s\n*.example.com""),
		reversed: false,
		period:   0,
		addr:     ""example.com"",
		bypassed: false,
		stopped:  true,
	},
}

func TestByapssReload(t *testing.T) {
	for i, tc := range bypassReloadTests {
		bp := NewBypass(false)
		if err := bp.Reload(tc.r); err != nil {
			t.Error(err)
		}
		t.Log(bp.String())

		if bp.Reversed() != tc.reversed {
			t.Errorf(""#%d test failed: reversed value should be %v, got %v"",
				i, tc.reversed, bp.reversed)
		}
		if bp.Period() != tc.period {
			t.Errorf(""#%d test failed: period value should be %v, got %v"",
				i, tc.period, bp.Period())
		}
		if bp.Contains(tc.addr) != tc.bypassed {
			t.Errorf(""#%d test failed: %v, %s"", i, bp.reversed, tc.addr)
		}
		if tc.stopped {
			bp.Stop()
			if bp.Period() >= 0 {
				t.Errorf(""period of the stopped reloader should be minus value"")
			}
			bp.Stop()
		}
		if bp.Stopped() != tc.stopped {
			t.Errorf(""#%d test failed: stopped value should be %v, got %v"",
				i, tc.stopped, bp.Stopped())
		}
	}
}","{[]string{""*""}, true, ""example.com:80"", false},
	{[]string{""*.example.com""}, false, ""example.com"", false},
	{[]string{""*.example.com""}, false, ""www.example.com"", true},
	{[]string{""*.example.com""}, false, ""sub.example.com"", true},
	{[]string{""*.example.com""}, false, ""example.com:80"", false},
	{[]string{""*.example.com""}, false, ""www.example.com:80"", true},
	{[]string{""*.example.com""}, false, ""sub.example.com:80"", true},
	{[]string{""*.example.com""}, true, ""example.com"", true},
	{[]string{""*.example.com""}, true, ""www.example.com"", false},
	{[]string{""*.example.com""}, true, ""sub.example.com"", false},
	{[]string{""*.example.com""}, true, ""example.com:80"", true},
	{[]string{""*.example.com""}, true, ""www.example.com:80"", false},
	{[]string{""*.example.com""}, true, ""sub.example.com:80"", false},
	{[]string{""*.example.com"
qwen,Qwen/Qwen3-30B-A3B-Instruct-2507:nebius,go,GPL-3.0,vm::utils::stack.go,77,0.2,0,0.07407407407407407,"		ras.Element = append(ras.Element, t)
		return
	}

	var array = make([]interface{}, 0, l+1)
	index = l - index
	array = append(array, ras.Element[:index])
	array = append(array, t)
	array = append(array, ras.Element[index:]...)

	ras.Element = array
}

func (ras *RandomAccessStack) Peek(index int) interface{} {
	l := len(ras.Element)
	if index >= l {
		return nil
	}
	index = l - index
	return ras.Element[index-1]
}

func (ras *RandomAccessStack) Remove(index int) interface{} {
	l := len(ras.Element)
	if index >= l {
		return nil
	}
	index = l - index
	e := ras.Element[index-1]
	var si []interface{}
	si = append(ras.Element[:index-1], ras.Element[index:]...)
	ras.Element = si
	return e
}

func (ras *RandomAccessStack) Set(index int, t interface{}) {
	l := len(ras.Element)
	if index >= l {
		return
	}
	ras.Element[index] = t
}

func (ras *RandomAccessStack) Push(t interface{}) {
	ras.Insert(0, t)
}

func (ras *RandomAccessStack) Pop() interface{} {
	return ras.Remove(0)
}

func (ras *RandomAccessStack) Swap(i, j int) {
	ras.Element[i], ras.Element[j] = ras.Element[j], ras.Element[i]
}","ras.Element = append([]interface{}{t}, ras.Element...)
	} else if index == l {
		ras.Element = append(ras.Element, t)
	} else {
		ras.Element = append(ras.Element[:index], append([]interface{}{t}, ras.Element[index:]...)...)
	}
}"
qwen,Qwen/Qwen3-30B-A3B-Instruct-2507:nebius,go,GPL-3.0,vm::utils::stack.go,77,0.4,0,0.07194244604316546,"		ras.Element = append(ras.Element, t)
		return
	}

	var array = make([]interface{}, 0, l+1)
	index = l - index
	array = append(array, ras.Element[:index])
	array = append(array, t)
	array = append(array, ras.Element[index:]...)

	ras.Element = array
}

func (ras *RandomAccessStack) Peek(index int) interface{} {
	l := len(ras.Element)
	if index >= l {
		return nil
	}
	index = l - index
	return ras.Element[index-1]
}

func (ras *RandomAccessStack) Remove(index int) interface{} {
	l := len(ras.Element)
	if index >= l {
		return nil
	}
	index = l - index
	e := ras.Element[index-1]
	var si []interface{}
	si = append(ras.Element[:index-1], ras.Element[index:]...)
	ras.Element = si
	return e
}

func (ras *RandomAccessStack) Set(index int, t interface{}) {
	l := len(ras.Element)
	if index >= l {
		return
	}
	ras.Element[index] = t
}

func (ras *RandomAccessStack) Push(t interface{}) {
	ras.Insert(0, t)
}

func (ras *RandomAccessStack) Pop() interface{} {
	return ras.Remove(0)
}

func (ras *RandomAccessStack) Swap(i, j int) {
	ras.Element[i], ras.Element[j] = ras.Element[j], ras.Element[i]
}","ras.Element = append([]interface{}{t}, ras.Element...)
		return
	}
	if index == l {
		ras.Element = append(ras.Element, t)
		return
	}
	ras.Element = append(ras.Element[:index], append([]interface{}{t}, ras.Element[index:]...)...)
}"
qwen,Qwen/Qwen3-30B-A3B-Instruct-2507:nebius,go,GPL-3.0,vm::utils::stack.go,77,0.8,0,0.07407407407407407,"		ras.Element = append(ras.Element, t)
		return
	}

	var array = make([]interface{}, 0, l+1)
	index = l - index
	array = append(array, ras.Element[:index])
	array = append(array, t)
	array = append(array, ras.Element[index:]...)

	ras.Element = array
}

func (ras *RandomAccessStack) Peek(index int) interface{} {
	l := len(ras.Element)
	if index >= l {
		return nil
	}
	index = l - index
	return ras.Element[index-1]
}

func (ras *RandomAccessStack) Remove(index int) interface{} {
	l := len(ras.Element)
	if index >= l {
		return nil
	}
	index = l - index
	e := ras.Element[index-1]
	var si []interface{}
	si = append(ras.Element[:index-1], ras.Element[index:]...)
	ras.Element = si
	return e
}

func (ras *RandomAccessStack) Set(index int, t interface{}) {
	l := len(ras.Element)
	if index >= l {
		return
	}
	ras.Element[index] = t
}

func (ras *RandomAccessStack) Push(t interface{}) {
	ras.Insert(0, t)
}

func (ras *RandomAccessStack) Pop() interface{} {
	return ras.Remove(0)
}

func (ras *RandomAccessStack) Swap(i, j int) {
	ras.Element[i], ras.Element[j] = ras.Element[j], ras.Element[i]
}","ras.Element = append([]interface{}{t}, ras.Element...)
	} else if index == l {
		ras.Element = append(ras.Element, t)
	} else {
		ras.Element = append(ras.Element[:index], append([]interface{}{t}, ras.Element[index:]...)...)
	}
}"
qwen,Qwen/Qwen3-30B-A3B-Instruct-2507:nebius,go,GPL-3.0,instructions::stores::lstore.go,60,0.2,0,0.9578947368421052,"}

func (self *LSTORE_0) Execute(frame *runtime.Frame) {
	_executeLong(frame, 0)
}

type LSTORE_1 struct {
	base.NoOperandsInstruction
}

func (self *LSTORE_1) Execute(frame *runtime.Frame) {
	_executeLong(frame, 1)
}

type LSTORE_2 struct {
	base.NoOperandsInstruction
}

func (self *LSTORE_2) Execute(frame *runtime.Frame) {
	_executeLong(frame, 2)
}

type LSTORE_3 struct {
	base.NoOperandsInstruction
}

func (self *LSTORE_3) Execute(frame *runtime.Frame) {
	_executeLong(frame, 3)
}

type LSTORE_4 struct {
	base.NoOperandsInstruction
}

func (self *LSTORE_4) Execute(frame *runtime.Frame) {
	_executeLong(frame, 4)
}

func _executeLong(frame *runtime.Frame, index uint) {
	val := frame.OperateStack().PopLong()
	frame.LocalVars().SetLong(index, val)
}","func (self *LSTORE_0) Execute(frame *runtime.Frame) {
	_executeLong(frame, 0)
}

type LSTORE_1 struct {
	base.NoOperandsInstruction
}

func (self *LSTORE_1) Execute(frame *runtime.Frame) {
	_executeLong(frame, 1)
}

type LSTORE_2 struct {
	base.NoOperandsInstruction
}

func (self *LSTORE_2) Execute(frame *runtime.Frame) {
	_executeLong(frame, 2)
}

type LSTORE_3 struct {
	base.NoOperandsInstruction
}

func (self *LSTORE_3) Execute(frame *runtime.Frame) {
	_executeLong(frame, 3)
}

func _executeLong(frame *runtime.Frame, index uint) {
	val := frame.OperandStack().PopLong()
	frame.LocalVars().SetLong(index, val)
}"
qwen,Qwen/Qwen3-30B-A3B-Instruct-2507:nebius,go,GPL-3.0,instructions::stores::lstore.go,60,0.4,0,0.9578947368421052,"}

func (self *LSTORE_0) Execute(frame *runtime.Frame) {
	_executeLong(frame, 0)
}

type LSTORE_1 struct {
	base.NoOperandsInstruction
}

func (self *LSTORE_1) Execute(frame *runtime.Frame) {
	_executeLong(frame, 1)
}

type LSTORE_2 struct {
	base.NoOperandsInstruction
}

func (self *LSTORE_2) Execute(frame *runtime.Frame) {
	_executeLong(frame, 2)
}

type LSTORE_3 struct {
	base.NoOperandsInstruction
}

func (self *LSTORE_3) Execute(frame *runtime.Frame) {
	_executeLong(frame, 3)
}

type LSTORE_4 struct {
	base.NoOperandsInstruction
}

func (self *LSTORE_4) Execute(frame *runtime.Frame) {
	_executeLong(frame, 4)
}

func _executeLong(frame *runtime.Frame, index uint) {
	val := frame.OperateStack().PopLong()
	frame.LocalVars().SetLong(index, val)
}","func (self *LSTORE_0) Execute(frame *runtime.Frame) {
	_executeLong(frame, 0)
}

type LSTORE_1 struct {
	base.NoOperandsInstruction
}

func (self *LSTORE_1) Execute(frame *runtime.Frame) {
	_executeLong(frame, 1)
}

type LSTORE_2 struct {
	base.NoOperandsInstruction
}

func (self *LSTORE_2) Execute(frame *runtime.Frame) {
	_executeLong(frame, 2)
}

type LSTORE_3 struct {
	base.NoOperandsInstruction
}

func (self *LSTORE_3) Execute(frame *runtime.Frame) {
	_executeLong(frame, 3)
}

func _executeLong(frame *runtime.Frame, index uint) {
	val := frame.OperandStack().PopLong()
	frame.LocalVars().SetLong(index, val)
}"
qwen,Qwen/Qwen3-30B-A3B-Instruct-2507:nebius,go,GPL-3.0,instructions::stores::lstore.go,60,0.8,0,0.8144329896907216,"}

func (self *LSTORE_0) Execute(frame *runtime.Frame) {
	_executeLong(frame, 0)
}

type LSTORE_1 struct {
	base.NoOperandsInstruction
}

func (self *LSTORE_1) Execute(frame *runtime.Frame) {
	_executeLong(frame, 1)
}

type LSTORE_2 struct {
	base.NoOperandsInstruction
}

func (self *LSTORE_2) Execute(frame *runtime.Frame) {
	_executeLong(frame, 2)
}

type LSTORE_3 struct {
	base.NoOperandsInstruction
}

func (self *LSTORE_3) Execute(frame *runtime.Frame) {
	_executeLong(frame, 3)
}

type LSTORE_4 struct {
	base.NoOperandsInstruction
}

func (self *LSTORE_4) Execute(frame *runtime.Frame) {
	_executeLong(frame, 4)
}

func _executeLong(frame *runtime.Frame, index uint) {
	val := frame.OperateStack().PopLong()
	frame.LocalVars().SetLong(index, val)
}","go
func (self *LSTORE_0) Execute(frame *runtime.Frame) {
	_executeLong(frame, 0)
}

type LSTORE_1 struct {
	base.NoOperandsInstruction
}

func (self *LSTORE_1) Execute(frame *runtime.Frame) {
	_executeLong(frame, 1)
}

type LSTORE_2 struct {
	base.NoOperandsInstruction
}

func (self *LSTORE_2) Execute(frame *runtime.Frame) {
	_executeLong(frame, 2)
}

type LSTORE_3 struct {
	base.NoOperandsInstruction
}

func (self *LSTORE_3) Execute(frame *runtime.Frame) {
	_executeLong(frame, 3)
}

func _executeLong(frame *runtime.Frame, index uint) {
	stack := frame.OperandStack()
	val := stack.PopLong()
	frame.LocalVars().SetLong(index, val)
}"
qwen,Qwen/Qwen3-30B-A3B-Instruct-2507:nebius,go,GPL-3.0,holder.go,563,0.2,0,0.013108614232209739,"	sort.Sort(indexInfoSlice(a))
	return a
}

// IndexPath returns the path where a given index is stored.
func (h *Holder) IndexPath(name string) string { return filepath.Join(h.Path, name) }

// Index returns the index by name.
func (h *Holder) Index(name string) *Index {
	h.mu.Lock()
	defer h.mu.Unlock()
	return h.index(name)
}

func (h *Holder) index(name string) *Index { return h.indexes[name] }

// Indexes returns a list of all indexes in the holder.
func (h *Holder) Indexes() []*Index {
	h.mu.Lock()
	defer h.mu.Unlock()

	a := make([]*Index, 0, len(h.indexes))
	for _, index := range h.indexes {
		a = append(a, index)
	}
	sort.Sort(indexSlice(a))

	return a
}

// CreateIndex creates an index.
// An error is returned if the index already exists.
func (h *Holder) CreateIndex(name string, opt IndexOptions) (*Index, error) {
	h.mu.Lock()
	defer h.mu.Unlock()

	// Ensure index doesn't already exist.
	if h.indexes[name] != nil {
		return nil, ErrIndexExists
	}
	return h.createIndex(name, opt)
}

// CreateIndexIfNotExists returns an index by name.
// The index is created if it does not already exist.
func (h *Holder) CreateIndexIfNotExists(name string, opt IndexOptions) (*Index, error) {
	h.mu.Lock()
	defer h.mu.Unlock()

	// Find index in cache first.
	if index := h.indexes[name]; index != nil {
		return index, nil
	}

	return h.createIndex(name, opt)
}

func (h *Holder) createIndex(name string, opt IndexOptions) (*Index, error) {
	if name == """" {
		return nil, errors.New(""index name required"")
	}

	// Return index if it exists.
	if index := h.index(name); index != nil {
		return index, nil
	}

	// Otherwise create a new index.
	index, err := h.newIndex(h.IndexPath(name), name)
	if err != nil {
		return nil, err
	}

	if err := index.Open(); err != nil {
		return nil, err
	}

	// Update options.
	index.SetColumnLabel(opt.ColumnLabel)
	index.SetTimeQuantum(opt.TimeQuantum)

	h.indexes[index.Name()] = index

	h.Stats.Count(""indexN"", 1)

	return index, nil
}

func (h *Holder) newIndex(path, name string) (*Index, error) {
	index, err := NewIndex(path, name)
	if err != nil {
		return nil, err
	}
	index.LogOutput = h.LogOutput
	index.stats = h.Stats.WithTags(fmt.Sprintf(""index:%s"", index.Name()))
	index.broadcaster = h.Broadcaster
	return index, nil
}

// DeleteIndex removes an index from the holder.
func (h *Holder) DeleteIndex(name string) error {
	h.mu.Lock()
	defer h.mu.Unlock()

	// Ignore if index doesn't exist.
	index := h.index(name)
	if index == nil {
		return nil
	}

	// Close index.
	if err := index.Close(); err != nil {
		return err
	}

	// Delete index directory.
	if err := os.RemoveAll(h.IndexPath(name)); err != nil {
		return err
	}

	// Remove reference.
	delete(h.indexes, name)

	h.Stats.Count(""indexN"", -1)

	return nil
}

// Frame returns the frame for an index and name.
func (h *Holder) Frame(index, name string) *Frame {
	idx := h.Index(index)
	if idx == nil {
		return nil
	}
	return idx.Frame(name)
}

// View returns the view for an index, frame, and name.
func (h *Holder) View(index, frame, name string) *View {
	f := h.Frame(index, frame)
	if f == nil {
		return nil
	}
	return f.View(name)
}

// Fragment returns the fragment for an index, frame & slice.
func (h *Holder) Fragment(index, frame, view string, slice uint64) *Fragment {
	v := h.View(index, frame, view)
	if v == nil {
		return nil
	}
	return v.Fragment(slice)
}

// monitorCacheFlush periodically flushes all fragment caches sequentially.
// This is run in a goroutine.
func (h *Holder) monitorCacheFlush() {
	ticker := time.NewTicker(h.CacheFlushInterval)
	defer ticker.Stop()

	for {
		select {
		case <-h.closing:
			return
		case <-ticker.C:
			h.flushCaches()
		}
	}
}

func (h *Holder) flushCaches() {
	for _, index := range h.Indexes() {
		for _, frame := range index.Frames() {
			for _, view := range frame.Views() {
				for _, fragment := range view.Fragments() {
					select {
					case <-h.closing:
						return
					default:
					}

					if err := fragment.FlushCache(); err != nil {
						h.logger().Printf(""error flushing cache: err=%s, path=%s"", err, fragment.CachePath())
					}
				}
			}
		}
	}
}

func (h *Holder) logger() *log.Logger { return log.New(h.LogOutput, """", log.LstdFlags) }

// HolderSyncer is an active anti-entropy tool that compares the local holder
// with a remote holder based on block checksums and resolves differences.
type HolderSyncer struct {
	Holder *Holder

	Host    string
	Cluster *Cluster

	// Signals that the sync should stop.
	Closing <-chan struct{}
}

// IsClosing returns true if the syncer has been marked to close.
func (s *HolderSyncer) IsClosing() bool {
	select {
	case <-s.Closing:
		return true
	default:
		return false
	}
}

// SyncHolder compares the holder on host with the local holder and resolves differences.
func (s *HolderSyncer) SyncHolder() error {
	// Iterate over schema in sorted order.
	for _, di := range s.Holder.Schema() {
		// Verify syncer has not closed.
		if s.IsClosing() {
			return nil
		}

		// Sync index column attributes.
		if err := s.syncIndex(di.Name); err != nil {
			return fmt.Errorf(""index sync error: index=%s, err=%s"", di.Name, err)
		}

		for _, fi := range di.Frames {
			// Verify syncer has not closed.
			if s.IsClosing() {
				return nil
			}

			// Sync frame row attributes.
			if err := s.syncFrame(di.Name, fi.Name); err != nil {
				return fmt.Errorf(""frame sync error: index=%s, frame=%s, err=%s"", di.Name, fi.Name, err)
			}

			for _, vi := range fi.Views {
				// Verify syncer has not closed.
				if s.IsClosing() {
					return nil
				}

				for slice := uint64(0); slice <= s.Holder.Index(di.Name).MaxSlice(); slice++ {
					// Ignore slices that this host doesn't own.
					if !s.Cluster.OwnsFragment(s.Host, di.Name, slice) {
						continue
					}

					// Verify syncer has not closed.
					if s.IsClosing() {
						return nil
					}

					// Sync fragment if own it.
					if err := s.syncFragment(di.Name, fi.Name, vi.Name, slice); err != nil {
						return fmt.Errorf(""fragment sync error: index=%s, frame=%s, slice=%d, err=%s"", di.Name, fi.Name, slice, err)
					}
				}
			}
		}
	}

	return nil
}

// syncIndex synchronizes index attributes with the rest of the cluster.
func (s *HolderSyncer) syncIndex(index string) error {
	// Retrieve index reference.
	idx := s.Holder.Index(index)
	if idx == nil {
		return nil
	}

	// Read block checksums.
	blks, err := idx.ColumnAttrStore().Blocks()
	if err != nil {
		return err
	}

	// Sync with every other host.
	for _, node := range Nodes(s.Cluster.Nodes).FilterHost(s.Host) {
		client, err := NewClient(node.Host)
		if err != nil {
			return err
		}

		// Retrieve attributes from differing blocks.
		// Skip update and recomputation if no attributes have changed.
		m, err := client.ColumnAttrDiff(context.Background(), index, blks)
		if err != nil {
			return err
		} else if len(m) == 0 {
			continue
		}

		// Update local copy.
		if err := idx.ColumnAttrStore().SetBulkAttrs(m); err != nil {
			return err
		}

		// Recompute blocks.
		blks, err = idx.ColumnAttrStore().Blocks()
		if err != nil {
			return err
		}
	}

	return nil
}

// syncFrame synchronizes frame attributes with the rest of the cluster.
func (s *HolderSyncer) syncFrame(index, name string) error {
	// Retrieve index reference.
	f := s.Holder.Frame(index, name)
	if f == nil {
		return nil
	}

	// Read block checksums.
	blks, err := f.RowAttrStore().Blocks()
	if err != nil {
		return err
	}

	// Sync with every other host.
	for _, node := range Nodes(s.Cluster.Nodes).FilterHost(s.Host) {
		client, err := NewClient(node.Host)
		if err != nil {
			return err
		}

		// Retrieve attributes from differing blocks.
		// Skip update and recomputation if no attributes have changed.
		m, err := client.RowAttrDiff(context.Background(), index, name, blks)
		if err == ErrFrameNotFound {
			continue // frame not created remotely yet, skip
		} else if err != nil {
			return err
		} else if len(m) == 0 {
			continue
		}

		// Update local copy.
		if err := f.RowAttrStore().SetBulkAttrs(m); err != nil {
			return err
		}

		// Recompute blocks.
		blks, err = f.RowAttrStore().Blocks()
		if err != nil {
			return err
		}
	}

	return nil
}

// syncFragment synchronizes a fragment with the rest of the cluster.
func (s *HolderSyncer) syncFragment(index, frame, view string, slice uint64) error {
	// Retrieve local frame.
	f := s.Holder.Frame(index, frame)
	if f == nil {
		return ErrFrameNotFound
	}

	// Ensure view exists locally.
	v, err := f.CreateViewIfNotExists(view)
	if err != nil {
		return err
	}

	// Ensure fragment exists locally.
	frag, err := v.CreateFragmentIfNotExists(slice)
	if err != nil {
		return err
	}

	// Sync fragments together.
	fs := FragmentSyncer{
		Fragment: frag,
		Host:     s.Host,
		Cluster:  s.Cluster,
		Closing:  s.Closing,
	}
	if err := fs.SyncFragment(); err != nil {
		return err
	}

	return nil
}","sort.Sort(indexInfoSlice(a))
	return a
}"
qwen,Qwen/Qwen3-30B-A3B-Instruct-2507:nebius,go,GPL-3.0,holder.go,563,0.4,0,0.013108614232209739,"	sort.Sort(indexInfoSlice(a))
	return a
}

// IndexPath returns the path where a given index is stored.
func (h *Holder) IndexPath(name string) string { return filepath.Join(h.Path, name) }

// Index returns the index by name.
func (h *Holder) Index(name string) *Index {
	h.mu.Lock()
	defer h.mu.Unlock()
	return h.index(name)
}

func (h *Holder) index(name string) *Index { return h.indexes[name] }

// Indexes returns a list of all indexes in the holder.
func (h *Holder) Indexes() []*Index {
	h.mu.Lock()
	defer h.mu.Unlock()

	a := make([]*Index, 0, len(h.indexes))
	for _, index := range h.indexes {
		a = append(a, index)
	}
	sort.Sort(indexSlice(a))

	return a
}

// CreateIndex creates an index.
// An error is returned if the index already exists.
func (h *Holder) CreateIndex(name string, opt IndexOptions) (*Index, error) {
	h.mu.Lock()
	defer h.mu.Unlock()

	// Ensure index doesn't already exist.
	if h.indexes[name] != nil {
		return nil, ErrIndexExists
	}
	return h.createIndex(name, opt)
}

// CreateIndexIfNotExists returns an index by name.
// The index is created if it does not already exist.
func (h *Holder) CreateIndexIfNotExists(name string, opt IndexOptions) (*Index, error) {
	h.mu.Lock()
	defer h.mu.Unlock()

	// Find index in cache first.
	if index := h.indexes[name]; index != nil {
		return index, nil
	}

	return h.createIndex(name, opt)
}

func (h *Holder) createIndex(name string, opt IndexOptions) (*Index, error) {
	if name == """" {
		return nil, errors.New(""index name required"")
	}

	// Return index if it exists.
	if index := h.index(name); index != nil {
		return index, nil
	}

	// Otherwise create a new index.
	index, err := h.newIndex(h.IndexPath(name), name)
	if err != nil {
		return nil, err
	}

	if err := index.Open(); err != nil {
		return nil, err
	}

	// Update options.
	index.SetColumnLabel(opt.ColumnLabel)
	index.SetTimeQuantum(opt.TimeQuantum)

	h.indexes[index.Name()] = index

	h.Stats.Count(""indexN"", 1)

	return index, nil
}

func (h *Holder) newIndex(path, name string) (*Index, error) {
	index, err := NewIndex(path, name)
	if err != nil {
		return nil, err
	}
	index.LogOutput = h.LogOutput
	index.stats = h.Stats.WithTags(fmt.Sprintf(""index:%s"", index.Name()))
	index.broadcaster = h.Broadcaster
	return index, nil
}

// DeleteIndex removes an index from the holder.
func (h *Holder) DeleteIndex(name string) error {
	h.mu.Lock()
	defer h.mu.Unlock()

	// Ignore if index doesn't exist.
	index := h.index(name)
	if index == nil {
		return nil
	}

	// Close index.
	if err := index.Close(); err != nil {
		return err
	}

	// Delete index directory.
	if err := os.RemoveAll(h.IndexPath(name)); err != nil {
		return err
	}

	// Remove reference.
	delete(h.indexes, name)

	h.Stats.Count(""indexN"", -1)

	return nil
}

// Frame returns the frame for an index and name.
func (h *Holder) Frame(index, name string) *Frame {
	idx := h.Index(index)
	if idx == nil {
		return nil
	}
	return idx.Frame(name)
}

// View returns the view for an index, frame, and name.
func (h *Holder) View(index, frame, name string) *View {
	f := h.Frame(index, frame)
	if f == nil {
		return nil
	}
	return f.View(name)
}

// Fragment returns the fragment for an index, frame & slice.
func (h *Holder) Fragment(index, frame, view string, slice uint64) *Fragment {
	v := h.View(index, frame, view)
	if v == nil {
		return nil
	}
	return v.Fragment(slice)
}

// monitorCacheFlush periodically flushes all fragment caches sequentially.
// This is run in a goroutine.
func (h *Holder) monitorCacheFlush() {
	ticker := time.NewTicker(h.CacheFlushInterval)
	defer ticker.Stop()

	for {
		select {
		case <-h.closing:
			return
		case <-ticker.C:
			h.flushCaches()
		}
	}
}

func (h *Holder) flushCaches() {
	for _, index := range h.Indexes() {
		for _, frame := range index.Frames() {
			for _, view := range frame.Views() {
				for _, fragment := range view.Fragments() {
					select {
					case <-h.closing:
						return
					default:
					}

					if err := fragment.FlushCache(); err != nil {
						h.logger().Printf(""error flushing cache: err=%s, path=%s"", err, fragment.CachePath())
					}
				}
			}
		}
	}
}

func (h *Holder) logger() *log.Logger { return log.New(h.LogOutput, """", log.LstdFlags) }

// HolderSyncer is an active anti-entropy tool that compares the local holder
// with a remote holder based on block checksums and resolves differences.
type HolderSyncer struct {
	Holder *Holder

	Host    string
	Cluster *Cluster

	// Signals that the sync should stop.
	Closing <-chan struct{}
}

// IsClosing returns true if the syncer has been marked to close.
func (s *HolderSyncer) IsClosing() bool {
	select {
	case <-s.Closing:
		return true
	default:
		return false
	}
}

// SyncHolder compares the holder on host with the local holder and resolves differences.
func (s *HolderSyncer) SyncHolder() error {
	// Iterate over schema in sorted order.
	for _, di := range s.Holder.Schema() {
		// Verify syncer has not closed.
		if s.IsClosing() {
			return nil
		}

		// Sync index column attributes.
		if err := s.syncIndex(di.Name); err != nil {
			return fmt.Errorf(""index sync error: index=%s, err=%s"", di.Name, err)
		}

		for _, fi := range di.Frames {
			// Verify syncer has not closed.
			if s.IsClosing() {
				return nil
			}

			// Sync frame row attributes.
			if err := s.syncFrame(di.Name, fi.Name); err != nil {
				return fmt.Errorf(""frame sync error: index=%s, frame=%s, err=%s"", di.Name, fi.Name, err)
			}

			for _, vi := range fi.Views {
				// Verify syncer has not closed.
				if s.IsClosing() {
					return nil
				}

				for slice := uint64(0); slice <= s.Holder.Index(di.Name).MaxSlice(); slice++ {
					// Ignore slices that this host doesn't own.
					if !s.Cluster.OwnsFragment(s.Host, di.Name, slice) {
						continue
					}

					// Verify syncer has not closed.
					if s.IsClosing() {
						return nil
					}

					// Sync fragment if own it.
					if err := s.syncFragment(di.Name, fi.Name, vi.Name, slice); err != nil {
						return fmt.Errorf(""fragment sync error: index=%s, frame=%s, slice=%d, err=%s"", di.Name, fi.Name, slice, err)
					}
				}
			}
		}
	}

	return nil
}

// syncIndex synchronizes index attributes with the rest of the cluster.
func (s *HolderSyncer) syncIndex(index string) error {
	// Retrieve index reference.
	idx := s.Holder.Index(index)
	if idx == nil {
		return nil
	}

	// Read block checksums.
	blks, err := idx.ColumnAttrStore().Blocks()
	if err != nil {
		return err
	}

	// Sync with every other host.
	for _, node := range Nodes(s.Cluster.Nodes).FilterHost(s.Host) {
		client, err := NewClient(node.Host)
		if err != nil {
			return err
		}

		// Retrieve attributes from differing blocks.
		// Skip update and recomputation if no attributes have changed.
		m, err := client.ColumnAttrDiff(context.Background(), index, blks)
		if err != nil {
			return err
		} else if len(m) == 0 {
			continue
		}

		// Update local copy.
		if err := idx.ColumnAttrStore().SetBulkAttrs(m); err != nil {
			return err
		}

		// Recompute blocks.
		blks, err = idx.ColumnAttrStore().Blocks()
		if err != nil {
			return err
		}
	}

	return nil
}

// syncFrame synchronizes frame attributes with the rest of the cluster.
func (s *HolderSyncer) syncFrame(index, name string) error {
	// Retrieve index reference.
	f := s.Holder.Frame(index, name)
	if f == nil {
		return nil
	}

	// Read block checksums.
	blks, err := f.RowAttrStore().Blocks()
	if err != nil {
		return err
	}

	// Sync with every other host.
	for _, node := range Nodes(s.Cluster.Nodes).FilterHost(s.Host) {
		client, err := NewClient(node.Host)
		if err != nil {
			return err
		}

		// Retrieve attributes from differing blocks.
		// Skip update and recomputation if no attributes have changed.
		m, err := client.RowAttrDiff(context.Background(), index, name, blks)
		if err == ErrFrameNotFound {
			continue // frame not created remotely yet, skip
		} else if err != nil {
			return err
		} else if len(m) == 0 {
			continue
		}

		// Update local copy.
		if err := f.RowAttrStore().SetBulkAttrs(m); err != nil {
			return err
		}

		// Recompute blocks.
		blks, err = f.RowAttrStore().Blocks()
		if err != nil {
			return err
		}
	}

	return nil
}

// syncFragment synchronizes a fragment with the rest of the cluster.
func (s *HolderSyncer) syncFragment(index, frame, view string, slice uint64) error {
	// Retrieve local frame.
	f := s.Holder.Frame(index, frame)
	if f == nil {
		return ErrFrameNotFound
	}

	// Ensure view exists locally.
	v, err := f.CreateViewIfNotExists(view)
	if err != nil {
		return err
	}

	// Ensure fragment exists locally.
	frag, err := v.CreateFragmentIfNotExists(slice)
	if err != nil {
		return err
	}

	// Sync fragments together.
	fs := FragmentSyncer{
		Fragment: frag,
		Host:     s.Host,
		Cluster:  s.Cluster,
		Closing:  s.Closing,
	}
	if err := fs.SyncFragment(); err != nil {
		return err
	}

	return nil
}","sort.Sort(indexInfoSlice(a))
	return a
}"
qwen,Qwen/Qwen3-30B-A3B-Instruct-2507:nebius,go,GPL-3.0,holder.go,563,0.8,0,0.013108614232209739,"	sort.Sort(indexInfoSlice(a))
	return a
}

// IndexPath returns the path where a given index is stored.
func (h *Holder) IndexPath(name string) string { return filepath.Join(h.Path, name) }

// Index returns the index by name.
func (h *Holder) Index(name string) *Index {
	h.mu.Lock()
	defer h.mu.Unlock()
	return h.index(name)
}

func (h *Holder) index(name string) *Index { return h.indexes[name] }

// Indexes returns a list of all indexes in the holder.
func (h *Holder) Indexes() []*Index {
	h.mu.Lock()
	defer h.mu.Unlock()

	a := make([]*Index, 0, len(h.indexes))
	for _, index := range h.indexes {
		a = append(a, index)
	}
	sort.Sort(indexSlice(a))

	return a
}

// CreateIndex creates an index.
// An error is returned if the index already exists.
func (h *Holder) CreateIndex(name string, opt IndexOptions) (*Index, error) {
	h.mu.Lock()
	defer h.mu.Unlock()

	// Ensure index doesn't already exist.
	if h.indexes[name] != nil {
		return nil, ErrIndexExists
	}
	return h.createIndex(name, opt)
}

// CreateIndexIfNotExists returns an index by name.
// The index is created if it does not already exist.
func (h *Holder) CreateIndexIfNotExists(name string, opt IndexOptions) (*Index, error) {
	h.mu.Lock()
	defer h.mu.Unlock()

	// Find index in cache first.
	if index := h.indexes[name]; index != nil {
		return index, nil
	}

	return h.createIndex(name, opt)
}

func (h *Holder) createIndex(name string, opt IndexOptions) (*Index, error) {
	if name == """" {
		return nil, errors.New(""index name required"")
	}

	// Return index if it exists.
	if index := h.index(name); index != nil {
		return index, nil
	}

	// Otherwise create a new index.
	index, err := h.newIndex(h.IndexPath(name), name)
	if err != nil {
		return nil, err
	}

	if err := index.Open(); err != nil {
		return nil, err
	}

	// Update options.
	index.SetColumnLabel(opt.ColumnLabel)
	index.SetTimeQuantum(opt.TimeQuantum)

	h.indexes[index.Name()] = index

	h.Stats.Count(""indexN"", 1)

	return index, nil
}

func (h *Holder) newIndex(path, name string) (*Index, error) {
	index, err := NewIndex(path, name)
	if err != nil {
		return nil, err
	}
	index.LogOutput = h.LogOutput
	index.stats = h.Stats.WithTags(fmt.Sprintf(""index:%s"", index.Name()))
	index.broadcaster = h.Broadcaster
	return index, nil
}

// DeleteIndex removes an index from the holder.
func (h *Holder) DeleteIndex(name string) error {
	h.mu.Lock()
	defer h.mu.Unlock()

	// Ignore if index doesn't exist.
	index := h.index(name)
	if index == nil {
		return nil
	}

	// Close index.
	if err := index.Close(); err != nil {
		return err
	}

	// Delete index directory.
	if err := os.RemoveAll(h.IndexPath(name)); err != nil {
		return err
	}

	// Remove reference.
	delete(h.indexes, name)

	h.Stats.Count(""indexN"", -1)

	return nil
}

// Frame returns the frame for an index and name.
func (h *Holder) Frame(index, name string) *Frame {
	idx := h.Index(index)
	if idx == nil {
		return nil
	}
	return idx.Frame(name)
}

// View returns the view for an index, frame, and name.
func (h *Holder) View(index, frame, name string) *View {
	f := h.Frame(index, frame)
	if f == nil {
		return nil
	}
	return f.View(name)
}

// Fragment returns the fragment for an index, frame & slice.
func (h *Holder) Fragment(index, frame, view string, slice uint64) *Fragment {
	v := h.View(index, frame, view)
	if v == nil {
		return nil
	}
	return v.Fragment(slice)
}

// monitorCacheFlush periodically flushes all fragment caches sequentially.
// This is run in a goroutine.
func (h *Holder) monitorCacheFlush() {
	ticker := time.NewTicker(h.CacheFlushInterval)
	defer ticker.Stop()

	for {
		select {
		case <-h.closing:
			return
		case <-ticker.C:
			h.flushCaches()
		}
	}
}

func (h *Holder) flushCaches() {
	for _, index := range h.Indexes() {
		for _, frame := range index.Frames() {
			for _, view := range frame.Views() {
				for _, fragment := range view.Fragments() {
					select {
					case <-h.closing:
						return
					default:
					}

					if err := fragment.FlushCache(); err != nil {
						h.logger().Printf(""error flushing cache: err=%s, path=%s"", err, fragment.CachePath())
					}
				}
			}
		}
	}
}

func (h *Holder) logger() *log.Logger { return log.New(h.LogOutput, """", log.LstdFlags) }

// HolderSyncer is an active anti-entropy tool that compares the local holder
// with a remote holder based on block checksums and resolves differences.
type HolderSyncer struct {
	Holder *Holder

	Host    string
	Cluster *Cluster

	// Signals that the sync should stop.
	Closing <-chan struct{}
}

// IsClosing returns true if the syncer has been marked to close.
func (s *HolderSyncer) IsClosing() bool {
	select {
	case <-s.Closing:
		return true
	default:
		return false
	}
}

// SyncHolder compares the holder on host with the local holder and resolves differences.
func (s *HolderSyncer) SyncHolder() error {
	// Iterate over schema in sorted order.
	for _, di := range s.Holder.Schema() {
		// Verify syncer has not closed.
		if s.IsClosing() {
			return nil
		}

		// Sync index column attributes.
		if err := s.syncIndex(di.Name); err != nil {
			return fmt.Errorf(""index sync error: index=%s, err=%s"", di.Name, err)
		}

		for _, fi := range di.Frames {
			// Verify syncer has not closed.
			if s.IsClosing() {
				return nil
			}

			// Sync frame row attributes.
			if err := s.syncFrame(di.Name, fi.Name); err != nil {
				return fmt.Errorf(""frame sync error: index=%s, frame=%s, err=%s"", di.Name, fi.Name, err)
			}

			for _, vi := range fi.Views {
				// Verify syncer has not closed.
				if s.IsClosing() {
					return nil
				}

				for slice := uint64(0); slice <= s.Holder.Index(di.Name).MaxSlice(); slice++ {
					// Ignore slices that this host doesn't own.
					if !s.Cluster.OwnsFragment(s.Host, di.Name, slice) {
						continue
					}

					// Verify syncer has not closed.
					if s.IsClosing() {
						return nil
					}

					// Sync fragment if own it.
					if err := s.syncFragment(di.Name, fi.Name, vi.Name, slice); err != nil {
						return fmt.Errorf(""fragment sync error: index=%s, frame=%s, slice=%d, err=%s"", di.Name, fi.Name, slice, err)
					}
				}
			}
		}
	}

	return nil
}

// syncIndex synchronizes index attributes with the rest of the cluster.
func (s *HolderSyncer) syncIndex(index string) error {
	// Retrieve index reference.
	idx := s.Holder.Index(index)
	if idx == nil {
		return nil
	}

	// Read block checksums.
	blks, err := idx.ColumnAttrStore().Blocks()
	if err != nil {
		return err
	}

	// Sync with every other host.
	for _, node := range Nodes(s.Cluster.Nodes).FilterHost(s.Host) {
		client, err := NewClient(node.Host)
		if err != nil {
			return err
		}

		// Retrieve attributes from differing blocks.
		// Skip update and recomputation if no attributes have changed.
		m, err := client.ColumnAttrDiff(context.Background(), index, blks)
		if err != nil {
			return err
		} else if len(m) == 0 {
			continue
		}

		// Update local copy.
		if err := idx.ColumnAttrStore().SetBulkAttrs(m); err != nil {
			return err
		}

		// Recompute blocks.
		blks, err = idx.ColumnAttrStore().Blocks()
		if err != nil {
			return err
		}
	}

	return nil
}

// syncFrame synchronizes frame attributes with the rest of the cluster.
func (s *HolderSyncer) syncFrame(index, name string) error {
	// Retrieve index reference.
	f := s.Holder.Frame(index, name)
	if f == nil {
		return nil
	}

	// Read block checksums.
	blks, err := f.RowAttrStore().Blocks()
	if err != nil {
		return err
	}

	// Sync with every other host.
	for _, node := range Nodes(s.Cluster.Nodes).FilterHost(s.Host) {
		client, err := NewClient(node.Host)
		if err != nil {
			return err
		}

		// Retrieve attributes from differing blocks.
		// Skip update and recomputation if no attributes have changed.
		m, err := client.RowAttrDiff(context.Background(), index, name, blks)
		if err == ErrFrameNotFound {
			continue // frame not created remotely yet, skip
		} else if err != nil {
			return err
		} else if len(m) == 0 {
			continue
		}

		// Update local copy.
		if err := f.RowAttrStore().SetBulkAttrs(m); err != nil {
			return err
		}

		// Recompute blocks.
		blks, err = f.RowAttrStore().Blocks()
		if err != nil {
			return err
		}
	}

	return nil
}

// syncFragment synchronizes a fragment with the rest of the cluster.
func (s *HolderSyncer) syncFragment(index, frame, view string, slice uint64) error {
	// Retrieve local frame.
	f := s.Holder.Frame(index, frame)
	if f == nil {
		return ErrFrameNotFound
	}

	// Ensure view exists locally.
	v, err := f.CreateViewIfNotExists(view)
	if err != nil {
		return err
	}

	// Ensure fragment exists locally.
	frag, err := v.CreateFragmentIfNotExists(slice)
	if err != nil {
		return err
	}

	// Sync fragments together.
	fs := FragmentSyncer{
		Fragment: frag,
		Host:     s.Host,
		Cluster:  s.Cluster,
		Closing:  s.Closing,
	}
	if err := fs.SyncFragment(); err != nil {
		return err
	}

	return nil
}","sort.Sort(indexInfoSlice(a))
	return a
}"
qwen,Qwen/Qwen3-30B-A3B-Instruct-2507:nebius,go,GPL-3.0,rules::manager_test.go,317,0.2,0,0.09285714285714286,"				""__name__"", ""ALERTS"",
				""alertname"", ""HTTPRequestRateLow"",
				""alertstate"", ""firing"",
				""group"", ""canary"",
				""instance"", ""1"",
				""job"", ""app-server"",
				""severity"", ""critical"",
			),
			Point: promql.Point{V: 1},
		},
	}

	baseTime := time.Unix(0, 0)

	var tests = []struct {
		time   time.Duration
		result promql.Vector
	}{
		{
			time:   0,
			result: result[:2],
		}, {
			time:   5 * time.Minute,
			result: result[2:],
		}, {
			time:   10 * time.Minute,
			result: result[2:3],
		},
		{
			time:   15 * time.Minute,
			result: nil,
		},
		{
			time:   20 * time.Minute,
			result: nil,
		},
		{
			time:   25 * time.Minute,
			result: result[:1],
		},
		{
			time:   30 * time.Minute,
			result: result[2:3],
		},
	}

	for i, test := range tests {
		t.Logf(""case %d"", i)

		evalTime := baseTime.Add(test.time)

		res, err := rule.Eval(suite.Context(), evalTime, EngineQueryFunc(suite.QueryEngine(), suite.Storage()), nil)
		testutil.Ok(t, err)

		for i := range test.result {
			test.result[i].T = timestamp.FromTime(evalTime)
		}
		testutil.Assert(t, len(test.result) == len(res), ""%d. Number of samples in expected and actual output don't match (%d vs. %d)"", i, len(test.result), len(res))

		sort.Slice(res, func(i, j int) bool {
			return labels.Compare(res[i].Metric, res[j].Metric) < 0
		})
		testutil.Equals(t, test.result, res)

		for _, aa := range rule.ActiveAlerts() {
			testutil.Assert(t, aa.Labels.Get(model.MetricNameLabel) == """", ""%s label set on active alert: %s"", model.MetricNameLabel, aa.Labels)
		}
	}
}

func TestStaleness(t *testing.T) {
	storage := testutil.NewStorage(t)
	defer storage.Close()
	engine := promql.NewEngine(nil, nil, 10, 10*time.Second)
	opts := &ManagerOptions{
		QueryFunc:  EngineQueryFunc(engine, storage),
		Appendable: storage,
		Context:    context.Background(),
		Logger:     log.NewNopLogger(),
	}

	expr, err := promql.ParseExpr(""a + 1"")
	testutil.Ok(t, err)
	rule := NewRecordingRule(""a_plus_one"", expr, labels.Labels{})
	group := NewGroup(""default"", """", time.Second, []Rule{rule}, opts)

	// A time series that has two samples and then goes stale.
	app, _ := storage.Appender()
	app.Add(labels.FromStrings(model.MetricNameLabel, ""a""), 0, 1)
	app.Add(labels.FromStrings(model.MetricNameLabel, ""a""), 1000, 2)
	app.Add(labels.FromStrings(model.MetricNameLabel, ""a""), 2000, math.Float64frombits(value.StaleNaN))

	err = app.Commit()
	testutil.Ok(t, err)

	ctx := context.Background()

	// Execute 3 times, 1 second apart.
	group.Eval(ctx, time.Unix(0, 0))
	group.Eval(ctx, time.Unix(1, 0))
	group.Eval(ctx, time.Unix(2, 0))

	querier, err := storage.Querier(context.Background(), 0, 2000)
	testutil.Ok(t, err)
	defer querier.Close()

	matcher, err := labels.NewMatcher(labels.MatchEqual, model.MetricNameLabel, ""a_plus_one"")
	testutil.Ok(t, err)

	set, err := querier.Select(nil, matcher)
	testutil.Ok(t, err)

	samples, err := readSeriesSet(set)
	testutil.Ok(t, err)

	metric := labels.FromStrings(model.MetricNameLabel, ""a_plus_one"").String()
	metricSample, ok := samples[metric]

	testutil.Assert(t, ok, ""Series %s not returned."", metric)
	testutil.Assert(t, value.IsStaleNaN(metricSample[2].V), ""Appended second sample not as expected. Wanted: stale NaN Got: %x"", math.Float64bits(metricSample[2].V))
	metricSample[2].V = 42 // reflect.DeepEqual cannot handle NaN.

	want := map[string][]promql.Point{
		metric: []promql.Point{{0, 2}, {1000, 3}, {2000, 42}},
	}

	testutil.Equals(t, want, samples)
}

// Convert a SeriesSet into a form useable with reflect.DeepEqual.
func readSeriesSet(ss storage.SeriesSet) (map[string][]promql.Point, error) {
	result := map[string][]promql.Point{}

	for ss.Next() {
		series := ss.At()

		points := []promql.Point{}
		it := series.Iterator()
		for it.Next() {
			t, v := it.At()
			points = append(points, promql.Point{T: t, V: v})
		}

		name := series.Labels().String()
		result[name] = points
	}
	return result, ss.Err()
}

func TestCopyState(t *testing.T) {
	oldGroup := &Group{
		rules: []Rule{
			NewAlertingRule(""alert"", nil, 0, nil, nil, nil),
			NewRecordingRule(""rule1"", nil, nil),
			NewRecordingRule(""rule2"", nil, nil),
			NewRecordingRule(""rule3"", nil, nil),
			NewRecordingRule(""rule3"", nil, nil),
		},
		seriesInPreviousEval: []map[string]labels.Labels{
			map[string]labels.Labels{""a"": nil},
			map[string]labels.Labels{""r1"": nil},
			map[string]labels.Labels{""r2"": nil},
			map[string]labels.Labels{""r3a"": nil},
			map[string]labels.Labels{""r3b"": nil},
		},
		evaluationTime: time.Second,
	}
	oldGroup.rules[0].(*AlertingRule).active[42] = nil
	newGroup := &Group{
		rules: []Rule{
			NewRecordingRule(""rule3"", nil, nil),
			NewRecordingRule(""rule3"", nil, nil),
			NewRecordingRule(""rule3"", nil, nil),
			NewAlertingRule(""alert"", nil, 0, nil, nil, nil),
			NewRecordingRule(""rule1"", nil, nil),
			NewRecordingRule(""rule4"", nil, nil),
		},
		seriesInPreviousEval: make([]map[string]labels.Labels, 6),
	}
	newGroup.copyState(oldGroup)

	want := []map[string]labels.Labels{
		map[string]labels.Labels{""r3a"": nil},
		map[string]labels.Labels{""r3b"": nil},
		nil,
		map[string]labels.Labels{""a"": nil},
		map[string]labels.Labels{""r1"": nil},
		nil,
	}
	testutil.Equals(t, want, newGroup.seriesInPreviousEval)
	testutil.Equals(t, oldGroup.rules[0], newGroup.rules[3])
	testutil.Equals(t, oldGroup.evaluationTime, newGroup.evaluationTime)
}

func TestUpdate(t *testing.T) {
	files := []string{""fixtures/rules.yaml""}
	expected := map[string]labels.Labels{
		""test"": labels.FromStrings(""name"", ""value""),
	}
	ruleManager := NewManager(&ManagerOptions{
		Context: context.Background(),
		Logger:  log.NewNopLogger(),
	})
	ruleManager.Run()

	err := ruleManager.Update(10*time.Second, files)
	testutil.Ok(t, err)
	testutil.Assert(t, len(ruleManager.groups) > 0, ""expected non-empty rule groups"")
	for _, g := range ruleManager.groups {
		g.seriesInPreviousEval = []map[string]labels.Labels{
			expected,
		}
	}

	err = ruleManager.Update(10*time.Second, files)
	testutil.Ok(t, err)
	for _, g := range ruleManager.groups {
		for _, actual := range g.seriesInPreviousEval {
			testutil.Equals(t, expected, actual)
		}
	}
}","""__name__"", ""ALERTS"",
			""alertname"", ""HTTPRequestRateLow"",
			""alertstate"", ""firing"",
			""group"", ""canary"",
			""instance"", ""1"",
			""job"", ""app-server"",
			""severity"", ""critical"",
		),
		Point: promql.Point{V: 1},
	}

	// Test that the alerting rule evaluates correctly.
	ctx := context.Background()
	_, err = rule.Eval(ctx, suite.Queryable, 1000, time.Unix(0, 0), nil)
	testutil.Ok(t, err)

	// Verify the result matches expected.
	testutil.Equals(t, result, rule.Eval(ctx, suite.Queryable, 1000, time.Unix(0, 0), nil))
}"
qwen,Qwen/Qwen3-30B-A3B-Instruct-2507:nebius,go,GPL-3.0,rules::manager_test.go,317,0.4,0,0.08865248226950355,"				""__name__"", ""ALERTS"",
				""alertname"", ""HTTPRequestRateLow"",
				""alertstate"", ""firing"",
				""group"", ""canary"",
				""instance"", ""1"",
				""job"", ""app-server"",
				""severity"", ""critical"",
			),
			Point: promql.Point{V: 1},
		},
	}

	baseTime := time.Unix(0, 0)

	var tests = []struct {
		time   time.Duration
		result promql.Vector
	}{
		{
			time:   0,
			result: result[:2],
		}, {
			time:   5 * time.Minute,
			result: result[2:],
		}, {
			time:   10 * time.Minute,
			result: result[2:3],
		},
		{
			time:   15 * time.Minute,
			result: nil,
		},
		{
			time:   20 * time.Minute,
			result: nil,
		},
		{
			time:   25 * time.Minute,
			result: result[:1],
		},
		{
			time:   30 * time.Minute,
			result: result[2:3],
		},
	}

	for i, test := range tests {
		t.Logf(""case %d"", i)

		evalTime := baseTime.Add(test.time)

		res, err := rule.Eval(suite.Context(), evalTime, EngineQueryFunc(suite.QueryEngine(), suite.Storage()), nil)
		testutil.Ok(t, err)

		for i := range test.result {
			test.result[i].T = timestamp.FromTime(evalTime)
		}
		testutil.Assert(t, len(test.result) == len(res), ""%d. Number of samples in expected and actual output don't match (%d vs. %d)"", i, len(test.result), len(res))

		sort.Slice(res, func(i, j int) bool {
			return labels.Compare(res[i].Metric, res[j].Metric) < 0
		})
		testutil.Equals(t, test.result, res)

		for _, aa := range rule.ActiveAlerts() {
			testutil.Assert(t, aa.Labels.Get(model.MetricNameLabel) == """", ""%s label set on active alert: %s"", model.MetricNameLabel, aa.Labels)
		}
	}
}

func TestStaleness(t *testing.T) {
	storage := testutil.NewStorage(t)
	defer storage.Close()
	engine := promql.NewEngine(nil, nil, 10, 10*time.Second)
	opts := &ManagerOptions{
		QueryFunc:  EngineQueryFunc(engine, storage),
		Appendable: storage,
		Context:    context.Background(),
		Logger:     log.NewNopLogger(),
	}

	expr, err := promql.ParseExpr(""a + 1"")
	testutil.Ok(t, err)
	rule := NewRecordingRule(""a_plus_one"", expr, labels.Labels{})
	group := NewGroup(""default"", """", time.Second, []Rule{rule}, opts)

	// A time series that has two samples and then goes stale.
	app, _ := storage.Appender()
	app.Add(labels.FromStrings(model.MetricNameLabel, ""a""), 0, 1)
	app.Add(labels.FromStrings(model.MetricNameLabel, ""a""), 1000, 2)
	app.Add(labels.FromStrings(model.MetricNameLabel, ""a""), 2000, math.Float64frombits(value.StaleNaN))

	err = app.Commit()
	testutil.Ok(t, err)

	ctx := context.Background()

	// Execute 3 times, 1 second apart.
	group.Eval(ctx, time.Unix(0, 0))
	group.Eval(ctx, time.Unix(1, 0))
	group.Eval(ctx, time.Unix(2, 0))

	querier, err := storage.Querier(context.Background(), 0, 2000)
	testutil.Ok(t, err)
	defer querier.Close()

	matcher, err := labels.NewMatcher(labels.MatchEqual, model.MetricNameLabel, ""a_plus_one"")
	testutil.Ok(t, err)

	set, err := querier.Select(nil, matcher)
	testutil.Ok(t, err)

	samples, err := readSeriesSet(set)
	testutil.Ok(t, err)

	metric := labels.FromStrings(model.MetricNameLabel, ""a_plus_one"").String()
	metricSample, ok := samples[metric]

	testutil.Assert(t, ok, ""Series %s not returned."", metric)
	testutil.Assert(t, value.IsStaleNaN(metricSample[2].V), ""Appended second sample not as expected. Wanted: stale NaN Got: %x"", math.Float64bits(metricSample[2].V))
	metricSample[2].V = 42 // reflect.DeepEqual cannot handle NaN.

	want := map[string][]promql.Point{
		metric: []promql.Point{{0, 2}, {1000, 3}, {2000, 42}},
	}

	testutil.Equals(t, want, samples)
}

// Convert a SeriesSet into a form useable with reflect.DeepEqual.
func readSeriesSet(ss storage.SeriesSet) (map[string][]promql.Point, error) {
	result := map[string][]promql.Point{}

	for ss.Next() {
		series := ss.At()

		points := []promql.Point{}
		it := series.Iterator()
		for it.Next() {
			t, v := it.At()
			points = append(points, promql.Point{T: t, V: v})
		}

		name := series.Labels().String()
		result[name] = points
	}
	return result, ss.Err()
}

func TestCopyState(t *testing.T) {
	oldGroup := &Group{
		rules: []Rule{
			NewAlertingRule(""alert"", nil, 0, nil, nil, nil),
			NewRecordingRule(""rule1"", nil, nil),
			NewRecordingRule(""rule2"", nil, nil),
			NewRecordingRule(""rule3"", nil, nil),
			NewRecordingRule(""rule3"", nil, nil),
		},
		seriesInPreviousEval: []map[string]labels.Labels{
			map[string]labels.Labels{""a"": nil},
			map[string]labels.Labels{""r1"": nil},
			map[string]labels.Labels{""r2"": nil},
			map[string]labels.Labels{""r3a"": nil},
			map[string]labels.Labels{""r3b"": nil},
		},
		evaluationTime: time.Second,
	}
	oldGroup.rules[0].(*AlertingRule).active[42] = nil
	newGroup := &Group{
		rules: []Rule{
			NewRecordingRule(""rule3"", nil, nil),
			NewRecordingRule(""rule3"", nil, nil),
			NewRecordingRule(""rule3"", nil, nil),
			NewAlertingRule(""alert"", nil, 0, nil, nil, nil),
			NewRecordingRule(""rule1"", nil, nil),
			NewRecordingRule(""rule4"", nil, nil),
		},
		seriesInPreviousEval: make([]map[string]labels.Labels, 6),
	}
	newGroup.copyState(oldGroup)

	want := []map[string]labels.Labels{
		map[string]labels.Labels{""r3a"": nil},
		map[string]labels.Labels{""r3b"": nil},
		nil,
		map[string]labels.Labels{""a"": nil},
		map[string]labels.Labels{""r1"": nil},
		nil,
	}
	testutil.Equals(t, want, newGroup.seriesInPreviousEval)
	testutil.Equals(t, oldGroup.rules[0], newGroup.rules[3])
	testutil.Equals(t, oldGroup.evaluationTime, newGroup.evaluationTime)
}

func TestUpdate(t *testing.T) {
	files := []string{""fixtures/rules.yaml""}
	expected := map[string]labels.Labels{
		""test"": labels.FromStrings(""name"", ""value""),
	}
	ruleManager := NewManager(&ManagerOptions{
		Context: context.Background(),
		Logger:  log.NewNopLogger(),
	})
	ruleManager.Run()

	err := ruleManager.Update(10*time.Second, files)
	testutil.Ok(t, err)
	testutil.Assert(t, len(ruleManager.groups) > 0, ""expected non-empty rule groups"")
	for _, g := range ruleManager.groups {
		g.seriesInPreviousEval = []map[string]labels.Labels{
			expected,
		}
	}

	err = ruleManager.Update(10*time.Second, files)
	testutil.Ok(t, err)
	for _, g := range ruleManager.groups {
		for _, actual := range g.seriesInPreviousEval {
			testutil.Equals(t, expected, actual)
		}
	}
}","""__name__"", ""ALERTS"",
			""alertname"", ""HTTPRequestRateLow"",
			""alertstate"", ""firing"",
			""group"", ""canary"",
			""instance"", ""1"",
			""job"", ""app-server"",
			""severity"", ""critical"",
		),
		Point: promql.Point{V: 1},
	}

	// Run the rule evaluation.
	ctx := context.Background()
	_, _, err = rule.Eval(ctx, time.Unix(0, 0), suite.Queryable(), log.NewNopLogger())
	testutil.Ok(t, err)

	// Check the result.
	testutil.Equals(t, result, rule.Evaluation().(promql.Vector))
}"
qwen,Qwen/Qwen3-30B-A3B-Instruct-2507:nebius,go,GPL-3.0,rules::manager_test.go,317,0.8,0,0.12798634812286688,"				""__name__"", ""ALERTS"",
				""alertname"", ""HTTPRequestRateLow"",
				""alertstate"", ""firing"",
				""group"", ""canary"",
				""instance"", ""1"",
				""job"", ""app-server"",
				""severity"", ""critical"",
			),
			Point: promql.Point{V: 1},
		},
	}

	baseTime := time.Unix(0, 0)

	var tests = []struct {
		time   time.Duration
		result promql.Vector
	}{
		{
			time:   0,
			result: result[:2],
		}, {
			time:   5 * time.Minute,
			result: result[2:],
		}, {
			time:   10 * time.Minute,
			result: result[2:3],
		},
		{
			time:   15 * time.Minute,
			result: nil,
		},
		{
			time:   20 * time.Minute,
			result: nil,
		},
		{
			time:   25 * time.Minute,
			result: result[:1],
		},
		{
			time:   30 * time.Minute,
			result: result[2:3],
		},
	}

	for i, test := range tests {
		t.Logf(""case %d"", i)

		evalTime := baseTime.Add(test.time)

		res, err := rule.Eval(suite.Context(), evalTime, EngineQueryFunc(suite.QueryEngine(), suite.Storage()), nil)
		testutil.Ok(t, err)

		for i := range test.result {
			test.result[i].T = timestamp.FromTime(evalTime)
		}
		testutil.Assert(t, len(test.result) == len(res), ""%d. Number of samples in expected and actual output don't match (%d vs. %d)"", i, len(test.result), len(res))

		sort.Slice(res, func(i, j int) bool {
			return labels.Compare(res[i].Metric, res[j].Metric) < 0
		})
		testutil.Equals(t, test.result, res)

		for _, aa := range rule.ActiveAlerts() {
			testutil.Assert(t, aa.Labels.Get(model.MetricNameLabel) == """", ""%s label set on active alert: %s"", model.MetricNameLabel, aa.Labels)
		}
	}
}

func TestStaleness(t *testing.T) {
	storage := testutil.NewStorage(t)
	defer storage.Close()
	engine := promql.NewEngine(nil, nil, 10, 10*time.Second)
	opts := &ManagerOptions{
		QueryFunc:  EngineQueryFunc(engine, storage),
		Appendable: storage,
		Context:    context.Background(),
		Logger:     log.NewNopLogger(),
	}

	expr, err := promql.ParseExpr(""a + 1"")
	testutil.Ok(t, err)
	rule := NewRecordingRule(""a_plus_one"", expr, labels.Labels{})
	group := NewGroup(""default"", """", time.Second, []Rule{rule}, opts)

	// A time series that has two samples and then goes stale.
	app, _ := storage.Appender()
	app.Add(labels.FromStrings(model.MetricNameLabel, ""a""), 0, 1)
	app.Add(labels.FromStrings(model.MetricNameLabel, ""a""), 1000, 2)
	app.Add(labels.FromStrings(model.MetricNameLabel, ""a""), 2000, math.Float64frombits(value.StaleNaN))

	err = app.Commit()
	testutil.Ok(t, err)

	ctx := context.Background()

	// Execute 3 times, 1 second apart.
	group.Eval(ctx, time.Unix(0, 0))
	group.Eval(ctx, time.Unix(1, 0))
	group.Eval(ctx, time.Unix(2, 0))

	querier, err := storage.Querier(context.Background(), 0, 2000)
	testutil.Ok(t, err)
	defer querier.Close()

	matcher, err := labels.NewMatcher(labels.MatchEqual, model.MetricNameLabel, ""a_plus_one"")
	testutil.Ok(t, err)

	set, err := querier.Select(nil, matcher)
	testutil.Ok(t, err)

	samples, err := readSeriesSet(set)
	testutil.Ok(t, err)

	metric := labels.FromStrings(model.MetricNameLabel, ""a_plus_one"").String()
	metricSample, ok := samples[metric]

	testutil.Assert(t, ok, ""Series %s not returned."", metric)
	testutil.Assert(t, value.IsStaleNaN(metricSample[2].V), ""Appended second sample not as expected. Wanted: stale NaN Got: %x"", math.Float64bits(metricSample[2].V))
	metricSample[2].V = 42 // reflect.DeepEqual cannot handle NaN.

	want := map[string][]promql.Point{
		metric: []promql.Point{{0, 2}, {1000, 3}, {2000, 42}},
	}

	testutil.Equals(t, want, samples)
}

// Convert a SeriesSet into a form useable with reflect.DeepEqual.
func readSeriesSet(ss storage.SeriesSet) (map[string][]promql.Point, error) {
	result := map[string][]promql.Point{}

	for ss.Next() {
		series := ss.At()

		points := []promql.Point{}
		it := series.Iterator()
		for it.Next() {
			t, v := it.At()
			points = append(points, promql.Point{T: t, V: v})
		}

		name := series.Labels().String()
		result[name] = points
	}
	return result, ss.Err()
}

func TestCopyState(t *testing.T) {
	oldGroup := &Group{
		rules: []Rule{
			NewAlertingRule(""alert"", nil, 0, nil, nil, nil),
			NewRecordingRule(""rule1"", nil, nil),
			NewRecordingRule(""rule2"", nil, nil),
			NewRecordingRule(""rule3"", nil, nil),
			NewRecordingRule(""rule3"", nil, nil),
		},
		seriesInPreviousEval: []map[string]labels.Labels{
			map[string]labels.Labels{""a"": nil},
			map[string]labels.Labels{""r1"": nil},
			map[string]labels.Labels{""r2"": nil},
			map[string]labels.Labels{""r3a"": nil},
			map[string]labels.Labels{""r3b"": nil},
		},
		evaluationTime: time.Second,
	}
	oldGroup.rules[0].(*AlertingRule).active[42] = nil
	newGroup := &Group{
		rules: []Rule{
			NewRecordingRule(""rule3"", nil, nil),
			NewRecordingRule(""rule3"", nil, nil),
			NewRecordingRule(""rule3"", nil, nil),
			NewAlertingRule(""alert"", nil, 0, nil, nil, nil),
			NewRecordingRule(""rule1"", nil, nil),
			NewRecordingRule(""rule4"", nil, nil),
		},
		seriesInPreviousEval: make([]map[string]labels.Labels, 6),
	}
	newGroup.copyState(oldGroup)

	want := []map[string]labels.Labels{
		map[string]labels.Labels{""r3a"": nil},
		map[string]labels.Labels{""r3b"": nil},
		nil,
		map[string]labels.Labels{""a"": nil},
		map[string]labels.Labels{""r1"": nil},
		nil,
	}
	testutil.Equals(t, want, newGroup.seriesInPreviousEval)
	testutil.Equals(t, oldGroup.rules[0], newGroup.rules[3])
	testutil.Equals(t, oldGroup.evaluationTime, newGroup.evaluationTime)
}

func TestUpdate(t *testing.T) {
	files := []string{""fixtures/rules.yaml""}
	expected := map[string]labels.Labels{
		""test"": labels.FromStrings(""name"", ""value""),
	}
	ruleManager := NewManager(&ManagerOptions{
		Context: context.Background(),
		Logger:  log.NewNopLogger(),
	})
	ruleManager.Run()

	err := ruleManager.Update(10*time.Second, files)
	testutil.Ok(t, err)
	testutil.Assert(t, len(ruleManager.groups) > 0, ""expected non-empty rule groups"")
	for _, g := range ruleManager.groups {
		g.seriesInPreviousEval = []map[string]labels.Labels{
			expected,
		}
	}

	err = ruleManager.Update(10*time.Second, files)
	testutil.Ok(t, err)
	for _, g := range ruleManager.groups {
		for _, actual := range g.seriesInPreviousEval {
			testutil.Equals(t, expected, actual)
		}
	}
}","""__name__"", ""ALERTS"",
			""alertname"", ""HTTPRequestRateLow"",
			""alertstate"", ""firing"",
			""group"", ""canary"",
			""instance"", ""1"",
			""job"", ""app-server"",
			""severity"", ""critical"",
		),
		Point: promql.Point{V: 1},
	}

	// Run the rule evaluation.
	ctx, cancel := context.WithCancel(context.Background())
	defer cancel()

	// Create a dummy storage.
	var storage storage.Storage
	// Use the test suite's storage.
	storage = suite.Storage()

	// Create a queryable.
	queryable := &mockQueryable{storage: storage}

	// Run the rule.
	evaluated, err := rule.Eval(ctx, time.Now(), queryable)
	testutil.Ok(t, err)

	// Check the result.
	testutil.Equals(t, len(result), len(evaluated))
	for i, r := range evaluated {
		testutil.Equals(t, result[i].Metric, r.Metric)
		testutil.Equals(t, result[i].Point.T, r.Point.T)
		testutil.Equals(t, result[i].Point.V, r.Point.V)
	}
}"
qwen,Qwen/Qwen3-30B-A3B-Instruct-2507:nebius,go,GPL-3.0,test::e2e::pd.go,510,0.2,0,0.1273176761433869,"
		By(""submitting host1ROPod to kubernetes"")
		_, err = podClient.Create(host1ROPod)
		expectNoError(err, ""Failed to create host1ROPod"")

		expectNoError(framework.WaitForPodRunningSlow(host0ROPod.Name))

		expectNoError(framework.WaitForPodRunningSlow(host1ROPod.Name))

		By(""deleting host0ROPod"")
		expectNoError(podClient.Delete(host0ROPod.Name, api.NewDeleteOptions(0)), ""Failed to delete host0ROPod"")

		By(""deleting host1ROPod"")
		expectNoError(podClient.Delete(host1ROPod.Name, api.NewDeleteOptions(0)), ""Failed to delete host1ROPod"")
	})

	It(""should schedule a pod w/ a RW PD shared between multiple containers, write to PD, delete pod, verify contents, and repeat in rapid succession"", func() {
		SkipUnlessProviderIs(""gce"", ""gke"", ""aws"")

		By(""creating PD"")
		diskName, err := createPDWithRetry()
		expectNoError(err, ""Error creating PD"")
		numContainers := 4

		host0Pod := testPDPod([]string{diskName}, host0Name, false /* readOnly */, numContainers)

		defer func() {
			By(""cleaning up PD-RW test environment"")
			// Teardown pods, PD. Ignore errors.
			// Teardown should do nothing unless test failed.
			podClient.Delete(host0Pod.Name, api.NewDeleteOptions(0))
			detachAndDeletePDs(diskName, []string{host0Name})
		}()

		fileAndContentToVerify := make(map[string]string)
		for i := 0; i < 3; i++ {
			Logf(""PD Read/Writer Iteration #%v"", i)
			By(""submitting host0Pod to kubernetes"")
			_, err = podClient.Create(host0Pod)
			expectNoError(err, fmt.Sprintf(""Failed to create host0Pod: %v"", err))

			expectNoError(framework.WaitForPodRunningSlow(host0Pod.Name))

			// randomly select a container and read/verify pd contents from it
			containerName := fmt.Sprintf(""mycontainer%v"", mathrand.Intn(numContainers)+1)
			verifyPDContentsViaContainer(framework, host0Pod.Name, containerName, fileAndContentToVerify)

			// Randomly select a container to write a file to PD from
			containerName = fmt.Sprintf(""mycontainer%v"", mathrand.Intn(numContainers)+1)
			testFile := fmt.Sprintf(""/testpd1/tracker%v"", i)
			testFileContents := fmt.Sprintf(""%v"", mathrand.Int())
			fileAndContentToVerify[testFile] = testFileContents
			expectNoError(framework.WriteFileViaContainer(host0Pod.Name, containerName, testFile, testFileContents))
			Logf(""Wrote value: \""%v\"" to PD %q from pod %q container %q"", testFileContents, diskName, host0Pod.Name, containerName)

			// Randomly select a container and read/verify pd contents from it
			containerName = fmt.Sprintf(""mycontainer%v"", mathrand.Intn(numContainers)+1)
			verifyPDContentsViaContainer(framework, host0Pod.Name, containerName, fileAndContentToVerify)

			By(""deleting host0Pod"")
			expectNoError(podClient.Delete(host0Pod.Name, api.NewDeleteOptions(0)), ""Failed to delete host0Pod"")
		}
	})

	It(""should schedule a pod w/two RW PDs both mounted to one container, write to PD, verify contents, delete pod, recreate pod, verify contents, and repeat in rapid succession"", func() {
		SkipUnlessProviderIs(""gce"", ""gke"", ""aws"")

		By(""creating PD1"")
		disk1Name, err := createPDWithRetry()
		expectNoError(err, ""Error creating PD1"")
		By(""creating PD2"")
		disk2Name, err := createPDWithRetry()
		expectNoError(err, ""Error creating PD2"")

		host0Pod := testPDPod([]string{disk1Name, disk2Name}, host0Name, false /* readOnly */, 1 /* numContainers */)

		defer func() {
			By(""cleaning up PD-RW test environment"")
			// Teardown pods, PD. Ignore errors.
			// Teardown should do nothing unless test failed.
			podClient.Delete(host0Pod.Name, api.NewDeleteOptions(0))
			detachAndDeletePDs(disk1Name, []string{host0Name})
			detachAndDeletePDs(disk2Name, []string{host0Name})
		}()

		containerName := ""mycontainer""
		fileAndContentToVerify := make(map[string]string)
		for i := 0; i < 3; i++ {
			Logf(""PD Read/Writer Iteration #%v"", i)
			By(""submitting host0Pod to kubernetes"")
			_, err = podClient.Create(host0Pod)
			expectNoError(err, fmt.Sprintf(""Failed to create host0Pod: %v"", err))

			expectNoError(framework.WaitForPodRunningSlow(host0Pod.Name))

			// Read/verify pd contents for both disks from container
			verifyPDContentsViaContainer(framework, host0Pod.Name, containerName, fileAndContentToVerify)

			// Write a file to both PDs from container
			testFilePD1 := fmt.Sprintf(""/testpd1/tracker%v"", i)
			testFilePD2 := fmt.Sprintf(""/testpd2/tracker%v"", i)
			testFilePD1Contents := fmt.Sprintf(""%v"", mathrand.Int())
			testFilePD2Contents := fmt.Sprintf(""%v"", mathrand.Int())
			fileAndContentToVerify[testFilePD1] = testFilePD1Contents
			fileAndContentToVerify[testFilePD2] = testFilePD2Contents
			expectNoError(framework.WriteFileViaContainer(host0Pod.Name, containerName, testFilePD1, testFilePD1Contents))
			Logf(""Wrote value: \""%v\"" to PD1 (%q) from pod %q container %q"", testFilePD1Contents, disk1Name, host0Pod.Name, containerName)
			expectNoError(framework.WriteFileViaContainer(host0Pod.Name, containerName, testFilePD2, testFilePD2Contents))
			Logf(""Wrote value: \""%v\"" to PD2 (%q) from pod %q container %q"", testFilePD2Contents, disk2Name, host0Pod.Name, containerName)

			// Read/verify pd contents for both disks from container
			verifyPDContentsViaContainer(framework, host0Pod.Name, containerName, fileAndContentToVerify)

			By(""deleting host0Pod"")
			expectNoError(podClient.Delete(host0Pod.Name, api.NewDeleteOptions(0)), ""Failed to delete host0Pod"")
		}
	})
})

func createPDWithRetry() (string, error) {
	newDiskName := """"
	var err error
	for start := time.Now(); time.Since(start) < 180*time.Second; time.Sleep(5 * time.Second) {
		if newDiskName, err = createPD(); err != nil {
			Logf(""Couldn't create a new PD. Sleeping 5 seconds (%v)"", err)
			continue
		}
		Logf(""Successfully created a new PD: %q."", newDiskName)
		break
	}
	return newDiskName, err
}

func deletePDWithRetry(diskName string) {
	var err error
	for start := time.Now(); time.Since(start) < 180*time.Second; time.Sleep(5 * time.Second) {
		if err = deletePD(diskName); err != nil {
			Logf(""Couldn't delete PD %q. Sleeping 5 seconds (%v)"", diskName, err)
			continue
		}
		Logf(""Successfully deleted PD %q."", diskName)
		break
	}
	expectNoError(err, ""Error deleting PD"")
}

func verifyPDContentsViaContainer(f *Framework, podName, containerName string, fileAndContentToVerify map[string]string) {
	for filePath, expectedContents := range fileAndContentToVerify {
		v, err := f.ReadFileViaContainer(podName, containerName, filePath)
		if err != nil {
			Logf(""Error reading file: %v"", err)
		}
		expectNoError(err)
		Logf(""Read file %q with content: %v"", filePath, v)
		Expect(strings.TrimSpace(v)).To(Equal(strings.TrimSpace(expectedContents)))
	}
}

func createPD() (string, error) {
	if testContext.Provider == ""gce"" || testContext.Provider == ""gke"" {
		pdName := fmt.Sprintf(""%s-%s"", testContext.prefix, string(util.NewUUID()))

		gceCloud, err := getGCECloud()
		if err != nil {
			return """", err
		}

		err = gceCloud.CreateDisk(pdName, 10 /* sizeGb */)
		if err != nil {
			return """", err
		}
		return pdName, nil
	} else {
		volumes, ok := testContext.CloudConfig.Provider.(awscloud.Volumes)
		if !ok {
			return """", fmt.Errorf(""Provider does not support volumes"")
		}
		volumeOptions := &awscloud.VolumeOptions{}
		volumeOptions.CapacityMB = 10 * 1024
		return volumes.CreateVolume(volumeOptions)
	}
}

func deletePD(pdName string) error {
	if testContext.Provider == ""gce"" || testContext.Provider == ""gke"" {
		gceCloud, err := getGCECloud()
		if err != nil {
			return err
		}

		err = gceCloud.DeleteDisk(pdName)

		if err != nil {
			if gerr, ok := err.(*googleapi.Error); ok && len(gerr.Errors) > 0 && gerr.Errors[0].Reason == ""notFound"" {
				// PD already exists, ignore error.
				return nil
			}

			Logf(""Error deleting PD %q: %v"", pdName, err)
		}
		return err
	} else {
		volumes, ok := testContext.CloudConfig.Provider.(awscloud.Volumes)
		if !ok {
			return fmt.Errorf(""Provider does not support volumes"")
		}
		return volumes.DeleteVolume(pdName)
	}
}

func detachPD(hostName, pdName string) error {
	if testContext.Provider == ""gce"" || testContext.Provider == ""gke"" {
		instanceName := strings.Split(hostName, ""."")[0]

		gceCloud, err := getGCECloud()
		if err != nil {
			return err
		}

		err = gceCloud.DetachDisk(pdName, instanceName)
		if err != nil {
			if gerr, ok := err.(*googleapi.Error); ok && strings.Contains(gerr.Message, ""Invalid value for field 'disk'"") {
				// PD already detached, ignore error.
				return nil
			}

			Logf(""Error detaching PD %q: %v"", pdName, err)
		}

		return err

	} else {
		volumes, ok := testContext.CloudConfig.Provider.(awscloud.Volumes)
		if !ok {
			return fmt.Errorf(""Provider does not support volumes"")
		}
		return volumes.DetachDisk(hostName, pdName)
	}
}

func testPDPod(diskNames []string, targetHost string, readOnly bool, numContainers int) *api.Pod {
	containers := make([]api.Container, numContainers)
	for i := range containers {
		containers[i].Name = ""mycontainer""
		if numContainers > 1 {
			containers[i].Name = fmt.Sprintf(""mycontainer%v"", i+1)
		}

		containers[i].Image = ""gcr.io/google_containers/busybox""

		containers[i].Command = []string{""sleep"", ""6000""}

		containers[i].VolumeMounts = make([]api.VolumeMount, len(diskNames))
		for k := range diskNames {
			containers[i].VolumeMounts[k].Name = fmt.Sprintf(""testpd%v"", k+1)
			containers[i].VolumeMounts[k].MountPath = fmt.Sprintf(""/testpd%v"", k+1)
		}

		containers[i].Resources.Limits = api.ResourceList{}
		containers[i].Resources.Limits[api.ResourceCPU] = *resource.NewQuantity(int64(0), resource.DecimalSI)

	}

	pod := &api.Pod{
		TypeMeta: unversioned.TypeMeta{
			Kind:       ""Pod"",
			APIVersion: latest.GroupOrDie("""").GroupVersion.Version,
		},
		ObjectMeta: api.ObjectMeta{
			Name: ""pd-test-"" + string(util.NewUUID()),
		},
		Spec: api.PodSpec{
			Containers: containers,
			NodeName:   targetHost,
		},
	}

	if testContext.Provider == ""gce"" || testContext.Provider == ""gke"" {
		pod.Spec.Volumes = make([]api.Volume, len(diskNames))
		for k, diskName := range diskNames {
			pod.Spec.Volumes[k].Name = fmt.Sprintf(""testpd%v"", k+1)
			pod.Spec.Volumes[k].VolumeSource = api.VolumeSource{
				GCEPersistentDisk: &api.GCEPersistentDiskVolumeSource{
					PDName:   diskName,
					FSType:   ""ext4"",
					ReadOnly: readOnly,
				},
			}
		}
	} else if testContext.Provider == ""aws"" {
		pod.Spec.Volumes = make([]api.Volume, len(diskNames))
		for k, diskName := range diskNames {
			pod.Spec.Volumes[k].Name = fmt.Sprintf(""testpd%v"", k+1)
			pod.Spec.Volumes[k].VolumeSource = api.VolumeSource{
				AWSElasticBlockStore: &api.AWSElasticBlockStoreVolumeSource{
					VolumeID: diskName,
					FSType:   ""ext4"",
					ReadOnly: readOnly,
				},
			}
		}
	} else {
		panic(""Unknown provider: "" + testContext.Provider)
	}

	return pod
}

// Waits for specified PD to to detach from specified hostName
func waitForPDDetach(diskName, hostName string) error {
	if testContext.Provider == ""gce"" || testContext.Provider == ""gke"" {
		gceCloud, err := getGCECloud()
		if err != nil {
			return err
		}

		for start := time.Now(); time.Since(start) < gcePDDetachTimeout; time.Sleep(gcePDDetachPollTime) {
			diskAttached, err := gceCloud.DiskIsAttached(diskName, hostName)
			if err != nil {
				Logf(""Error waiting for PD %q to detach from node %q. 'DiskIsAttached(...)' failed with %v"", diskName, hostName, err)
				return err
			}

			if !diskAttached {
				// Specified disk does not appear to be attached to specified node
				Logf(""GCE PD %q appears to have successfully detached from %q."", diskName, hostName)
				return nil
			}

			Logf(""Waiting for GCE PD %q to detach from %q."", diskName, hostName)
		}

		return fmt.Errorf(""Gave up waiting for GCE PD %q to detach from %q after %v"", diskName, hostName, gcePDDetachTimeout)
	}

	return nil
}

func getGCECloud() (*gcecloud.GCECloud, error) {
	gceCloud, ok := testContext.CloudConfig.Provider.(*gcecloud.GCECloud)

	if !ok {
		return nil, fmt.Errorf(""failed to convert CloudConfig.Provider to GCECloud: %#v"", testContext.CloudConfig.Provider)
	}

	return gceCloud, nil
}

func detachAndDeletePDs(diskName string, hosts []string) {
	for _, host := range hosts {
		detachPD(host, diskName)
		By(fmt.Sprintf(""Waiting for PD %q to detach from %q"", diskName, host))
		waitForPDDetach(diskName, host)
	}
	By(fmt.Sprintf(""Deleting PD %q"", diskName))
	deletePDWithRetry(diskName)
}","expectNoError(framework.WaitForPodRunningSlow(host0ROPod.Name))

		By(""submitting host1ROPod to kubernetes"")
		_, err = podClient.Create(host1ROPod)
		expectNoError(err, ""Failed to create host1ROPod"")
		expectNoError(framework.WaitForPodRunningSlow(host1ROPod.Name))

		By(""verifying that both RO pods can read the file"")
		testFile := ""/testpd1/tracker""
		testFileContents := ""test-content""
		expectNoError(framework.WriteFileViaContainer(host0ROPod.Name, ""mycontainer"", testFile, testFileContents))
		Logf(""Wrote value: %v"", testFileContents)

		// Read from host1ROPod to verify the file is accessible
		v, err := framework.ReadFileViaContainer(host1ROPod.Name, ""mycontainer"", testFile)
		expectNoError(err)
		Logf(""Read value: %v"", v)

		Expect(strings.TrimSpace(v)).To(Equal(strings.TrimSpace(testFileContents)))

		By(""deleting both RO pods"")
		expectNoError(podClient.Delete(host0ROPod.Name, api.NewDeleteOptions(0)), ""Failed to delete"
qwen,Qwen/Qwen3-30B-A3B-Instruct-2507:nebius,go,GPL-3.0,test::e2e::pd.go,510,0.4,0,0.11895910780669144,"
		By(""submitting host1ROPod to kubernetes"")
		_, err = podClient.Create(host1ROPod)
		expectNoError(err, ""Failed to create host1ROPod"")

		expectNoError(framework.WaitForPodRunningSlow(host0ROPod.Name))

		expectNoError(framework.WaitForPodRunningSlow(host1ROPod.Name))

		By(""deleting host0ROPod"")
		expectNoError(podClient.Delete(host0ROPod.Name, api.NewDeleteOptions(0)), ""Failed to delete host0ROPod"")

		By(""deleting host1ROPod"")
		expectNoError(podClient.Delete(host1ROPod.Name, api.NewDeleteOptions(0)), ""Failed to delete host1ROPod"")
	})

	It(""should schedule a pod w/ a RW PD shared between multiple containers, write to PD, delete pod, verify contents, and repeat in rapid succession"", func() {
		SkipUnlessProviderIs(""gce"", ""gke"", ""aws"")

		By(""creating PD"")
		diskName, err := createPDWithRetry()
		expectNoError(err, ""Error creating PD"")
		numContainers := 4

		host0Pod := testPDPod([]string{diskName}, host0Name, false /* readOnly */, numContainers)

		defer func() {
			By(""cleaning up PD-RW test environment"")
			// Teardown pods, PD. Ignore errors.
			// Teardown should do nothing unless test failed.
			podClient.Delete(host0Pod.Name, api.NewDeleteOptions(0))
			detachAndDeletePDs(diskName, []string{host0Name})
		}()

		fileAndContentToVerify := make(map[string]string)
		for i := 0; i < 3; i++ {
			Logf(""PD Read/Writer Iteration #%v"", i)
			By(""submitting host0Pod to kubernetes"")
			_, err = podClient.Create(host0Pod)
			expectNoError(err, fmt.Sprintf(""Failed to create host0Pod: %v"", err))

			expectNoError(framework.WaitForPodRunningSlow(host0Pod.Name))

			// randomly select a container and read/verify pd contents from it
			containerName := fmt.Sprintf(""mycontainer%v"", mathrand.Intn(numContainers)+1)
			verifyPDContentsViaContainer(framework, host0Pod.Name, containerName, fileAndContentToVerify)

			// Randomly select a container to write a file to PD from
			containerName = fmt.Sprintf(""mycontainer%v"", mathrand.Intn(numContainers)+1)
			testFile := fmt.Sprintf(""/testpd1/tracker%v"", i)
			testFileContents := fmt.Sprintf(""%v"", mathrand.Int())
			fileAndContentToVerify[testFile] = testFileContents
			expectNoError(framework.WriteFileViaContainer(host0Pod.Name, containerName, testFile, testFileContents))
			Logf(""Wrote value: \""%v\"" to PD %q from pod %q container %q"", testFileContents, diskName, host0Pod.Name, containerName)

			// Randomly select a container and read/verify pd contents from it
			containerName = fmt.Sprintf(""mycontainer%v"", mathrand.Intn(numContainers)+1)
			verifyPDContentsViaContainer(framework, host0Pod.Name, containerName, fileAndContentToVerify)

			By(""deleting host0Pod"")
			expectNoError(podClient.Delete(host0Pod.Name, api.NewDeleteOptions(0)), ""Failed to delete host0Pod"")
		}
	})

	It(""should schedule a pod w/two RW PDs both mounted to one container, write to PD, verify contents, delete pod, recreate pod, verify contents, and repeat in rapid succession"", func() {
		SkipUnlessProviderIs(""gce"", ""gke"", ""aws"")

		By(""creating PD1"")
		disk1Name, err := createPDWithRetry()
		expectNoError(err, ""Error creating PD1"")
		By(""creating PD2"")
		disk2Name, err := createPDWithRetry()
		expectNoError(err, ""Error creating PD2"")

		host0Pod := testPDPod([]string{disk1Name, disk2Name}, host0Name, false /* readOnly */, 1 /* numContainers */)

		defer func() {
			By(""cleaning up PD-RW test environment"")
			// Teardown pods, PD. Ignore errors.
			// Teardown should do nothing unless test failed.
			podClient.Delete(host0Pod.Name, api.NewDeleteOptions(0))
			detachAndDeletePDs(disk1Name, []string{host0Name})
			detachAndDeletePDs(disk2Name, []string{host0Name})
		}()

		containerName := ""mycontainer""
		fileAndContentToVerify := make(map[string]string)
		for i := 0; i < 3; i++ {
			Logf(""PD Read/Writer Iteration #%v"", i)
			By(""submitting host0Pod to kubernetes"")
			_, err = podClient.Create(host0Pod)
			expectNoError(err, fmt.Sprintf(""Failed to create host0Pod: %v"", err))

			expectNoError(framework.WaitForPodRunningSlow(host0Pod.Name))

			// Read/verify pd contents for both disks from container
			verifyPDContentsViaContainer(framework, host0Pod.Name, containerName, fileAndContentToVerify)

			// Write a file to both PDs from container
			testFilePD1 := fmt.Sprintf(""/testpd1/tracker%v"", i)
			testFilePD2 := fmt.Sprintf(""/testpd2/tracker%v"", i)
			testFilePD1Contents := fmt.Sprintf(""%v"", mathrand.Int())
			testFilePD2Contents := fmt.Sprintf(""%v"", mathrand.Int())
			fileAndContentToVerify[testFilePD1] = testFilePD1Contents
			fileAndContentToVerify[testFilePD2] = testFilePD2Contents
			expectNoError(framework.WriteFileViaContainer(host0Pod.Name, containerName, testFilePD1, testFilePD1Contents))
			Logf(""Wrote value: \""%v\"" to PD1 (%q) from pod %q container %q"", testFilePD1Contents, disk1Name, host0Pod.Name, containerName)
			expectNoError(framework.WriteFileViaContainer(host0Pod.Name, containerName, testFilePD2, testFilePD2Contents))
			Logf(""Wrote value: \""%v\"" to PD2 (%q) from pod %q container %q"", testFilePD2Contents, disk2Name, host0Pod.Name, containerName)

			// Read/verify pd contents for both disks from container
			verifyPDContentsViaContainer(framework, host0Pod.Name, containerName, fileAndContentToVerify)

			By(""deleting host0Pod"")
			expectNoError(podClient.Delete(host0Pod.Name, api.NewDeleteOptions(0)), ""Failed to delete host0Pod"")
		}
	})
})

func createPDWithRetry() (string, error) {
	newDiskName := """"
	var err error
	for start := time.Now(); time.Since(start) < 180*time.Second; time.Sleep(5 * time.Second) {
		if newDiskName, err = createPD(); err != nil {
			Logf(""Couldn't create a new PD. Sleeping 5 seconds (%v)"", err)
			continue
		}
		Logf(""Successfully created a new PD: %q."", newDiskName)
		break
	}
	return newDiskName, err
}

func deletePDWithRetry(diskName string) {
	var err error
	for start := time.Now(); time.Since(start) < 180*time.Second; time.Sleep(5 * time.Second) {
		if err = deletePD(diskName); err != nil {
			Logf(""Couldn't delete PD %q. Sleeping 5 seconds (%v)"", diskName, err)
			continue
		}
		Logf(""Successfully deleted PD %q."", diskName)
		break
	}
	expectNoError(err, ""Error deleting PD"")
}

func verifyPDContentsViaContainer(f *Framework, podName, containerName string, fileAndContentToVerify map[string]string) {
	for filePath, expectedContents := range fileAndContentToVerify {
		v, err := f.ReadFileViaContainer(podName, containerName, filePath)
		if err != nil {
			Logf(""Error reading file: %v"", err)
		}
		expectNoError(err)
		Logf(""Read file %q with content: %v"", filePath, v)
		Expect(strings.TrimSpace(v)).To(Equal(strings.TrimSpace(expectedContents)))
	}
}

func createPD() (string, error) {
	if testContext.Provider == ""gce"" || testContext.Provider == ""gke"" {
		pdName := fmt.Sprintf(""%s-%s"", testContext.prefix, string(util.NewUUID()))

		gceCloud, err := getGCECloud()
		if err != nil {
			return """", err
		}

		err = gceCloud.CreateDisk(pdName, 10 /* sizeGb */)
		if err != nil {
			return """", err
		}
		return pdName, nil
	} else {
		volumes, ok := testContext.CloudConfig.Provider.(awscloud.Volumes)
		if !ok {
			return """", fmt.Errorf(""Provider does not support volumes"")
		}
		volumeOptions := &awscloud.VolumeOptions{}
		volumeOptions.CapacityMB = 10 * 1024
		return volumes.CreateVolume(volumeOptions)
	}
}

func deletePD(pdName string) error {
	if testContext.Provider == ""gce"" || testContext.Provider == ""gke"" {
		gceCloud, err := getGCECloud()
		if err != nil {
			return err
		}

		err = gceCloud.DeleteDisk(pdName)

		if err != nil {
			if gerr, ok := err.(*googleapi.Error); ok && len(gerr.Errors) > 0 && gerr.Errors[0].Reason == ""notFound"" {
				// PD already exists, ignore error.
				return nil
			}

			Logf(""Error deleting PD %q: %v"", pdName, err)
		}
		return err
	} else {
		volumes, ok := testContext.CloudConfig.Provider.(awscloud.Volumes)
		if !ok {
			return fmt.Errorf(""Provider does not support volumes"")
		}
		return volumes.DeleteVolume(pdName)
	}
}

func detachPD(hostName, pdName string) error {
	if testContext.Provider == ""gce"" || testContext.Provider == ""gke"" {
		instanceName := strings.Split(hostName, ""."")[0]

		gceCloud, err := getGCECloud()
		if err != nil {
			return err
		}

		err = gceCloud.DetachDisk(pdName, instanceName)
		if err != nil {
			if gerr, ok := err.(*googleapi.Error); ok && strings.Contains(gerr.Message, ""Invalid value for field 'disk'"") {
				// PD already detached, ignore error.
				return nil
			}

			Logf(""Error detaching PD %q: %v"", pdName, err)
		}

		return err

	} else {
		volumes, ok := testContext.CloudConfig.Provider.(awscloud.Volumes)
		if !ok {
			return fmt.Errorf(""Provider does not support volumes"")
		}
		return volumes.DetachDisk(hostName, pdName)
	}
}

func testPDPod(diskNames []string, targetHost string, readOnly bool, numContainers int) *api.Pod {
	containers := make([]api.Container, numContainers)
	for i := range containers {
		containers[i].Name = ""mycontainer""
		if numContainers > 1 {
			containers[i].Name = fmt.Sprintf(""mycontainer%v"", i+1)
		}

		containers[i].Image = ""gcr.io/google_containers/busybox""

		containers[i].Command = []string{""sleep"", ""6000""}

		containers[i].VolumeMounts = make([]api.VolumeMount, len(diskNames))
		for k := range diskNames {
			containers[i].VolumeMounts[k].Name = fmt.Sprintf(""testpd%v"", k+1)
			containers[i].VolumeMounts[k].MountPath = fmt.Sprintf(""/testpd%v"", k+1)
		}

		containers[i].Resources.Limits = api.ResourceList{}
		containers[i].Resources.Limits[api.ResourceCPU] = *resource.NewQuantity(int64(0), resource.DecimalSI)

	}

	pod := &api.Pod{
		TypeMeta: unversioned.TypeMeta{
			Kind:       ""Pod"",
			APIVersion: latest.GroupOrDie("""").GroupVersion.Version,
		},
		ObjectMeta: api.ObjectMeta{
			Name: ""pd-test-"" + string(util.NewUUID()),
		},
		Spec: api.PodSpec{
			Containers: containers,
			NodeName:   targetHost,
		},
	}

	if testContext.Provider == ""gce"" || testContext.Provider == ""gke"" {
		pod.Spec.Volumes = make([]api.Volume, len(diskNames))
		for k, diskName := range diskNames {
			pod.Spec.Volumes[k].Name = fmt.Sprintf(""testpd%v"", k+1)
			pod.Spec.Volumes[k].VolumeSource = api.VolumeSource{
				GCEPersistentDisk: &api.GCEPersistentDiskVolumeSource{
					PDName:   diskName,
					FSType:   ""ext4"",
					ReadOnly: readOnly,
				},
			}
		}
	} else if testContext.Provider == ""aws"" {
		pod.Spec.Volumes = make([]api.Volume, len(diskNames))
		for k, diskName := range diskNames {
			pod.Spec.Volumes[k].Name = fmt.Sprintf(""testpd%v"", k+1)
			pod.Spec.Volumes[k].VolumeSource = api.VolumeSource{
				AWSElasticBlockStore: &api.AWSElasticBlockStoreVolumeSource{
					VolumeID: diskName,
					FSType:   ""ext4"",
					ReadOnly: readOnly,
				},
			}
		}
	} else {
		panic(""Unknown provider: "" + testContext.Provider)
	}

	return pod
}

// Waits for specified PD to to detach from specified hostName
func waitForPDDetach(diskName, hostName string) error {
	if testContext.Provider == ""gce"" || testContext.Provider == ""gke"" {
		gceCloud, err := getGCECloud()
		if err != nil {
			return err
		}

		for start := time.Now(); time.Since(start) < gcePDDetachTimeout; time.Sleep(gcePDDetachPollTime) {
			diskAttached, err := gceCloud.DiskIsAttached(diskName, hostName)
			if err != nil {
				Logf(""Error waiting for PD %q to detach from node %q. 'DiskIsAttached(...)' failed with %v"", diskName, hostName, err)
				return err
			}

			if !diskAttached {
				// Specified disk does not appear to be attached to specified node
				Logf(""GCE PD %q appears to have successfully detached from %q."", diskName, hostName)
				return nil
			}

			Logf(""Waiting for GCE PD %q to detach from %q."", diskName, hostName)
		}

		return fmt.Errorf(""Gave up waiting for GCE PD %q to detach from %q after %v"", diskName, hostName, gcePDDetachTimeout)
	}

	return nil
}

func getGCECloud() (*gcecloud.GCECloud, error) {
	gceCloud, ok := testContext.CloudConfig.Provider.(*gcecloud.GCECloud)

	if !ok {
		return nil, fmt.Errorf(""failed to convert CloudConfig.Provider to GCECloud: %#v"", testContext.CloudConfig.Provider)
	}

	return gceCloud, nil
}

func detachAndDeletePDs(diskName string, hosts []string) {
	for _, host := range hosts {
		detachPD(host, diskName)
		By(fmt.Sprintf(""Waiting for PD %q to detach from %q"", diskName, host))
		waitForPDDetach(diskName, host)
	}
	By(fmt.Sprintf(""Deleting PD %q"", diskName))
	deletePDWithRetry(diskName)
}","expectNoError(framework.WaitForPodRunningSlow(host0ROPod.Name))

		By(""submitting host1ROPod to kubernetes"")
		_, err = podClient.Create(host1ROPod)
		expectNoError(err, ""Failed to create host1ROPod"")
		expectNoError(framework.WaitForPodRunningSlow(host1ROPod.Name))

		By(""verifying that both RO pods can read the file"")
		testFile := ""/testpd1/tracker""
		testFileContents := ""test-content""
		expectNoError(framework.WriteFileViaContainer(host0ROPod.Name, ""mycontainer"", testFile, testFileContents))
		Logf(""Wrote value: %v"", testFileContents)

		// Read from host1ROPod to verify it can access the same data
		v, err := framework.ReadFileViaContainer(host1ROPod.Name, ""mycontainer"", testFile)
		expectNoError(err)
		Logf(""Read value from host1ROPod: %v"", v)

		Expect(strings.TrimSpace(v)).To(Equal(strings.TrimSpace(testFileContents)))

		By(""deleting both RO pods"")
		expectNoError(podClient.Delete(host0ROPod.Name, api.NewDeleteOptions"
qwen,Qwen/Qwen3-30B-A3B-Instruct-2507:nebius,go,GPL-3.0,test::e2e::pd.go,510,0.8,0,0.09433962264150944,"
		By(""submitting host1ROPod to kubernetes"")
		_, err = podClient.Create(host1ROPod)
		expectNoError(err, ""Failed to create host1ROPod"")

		expectNoError(framework.WaitForPodRunningSlow(host0ROPod.Name))

		expectNoError(framework.WaitForPodRunningSlow(host1ROPod.Name))

		By(""deleting host0ROPod"")
		expectNoError(podClient.Delete(host0ROPod.Name, api.NewDeleteOptions(0)), ""Failed to delete host0ROPod"")

		By(""deleting host1ROPod"")
		expectNoError(podClient.Delete(host1ROPod.Name, api.NewDeleteOptions(0)), ""Failed to delete host1ROPod"")
	})

	It(""should schedule a pod w/ a RW PD shared between multiple containers, write to PD, delete pod, verify contents, and repeat in rapid succession"", func() {
		SkipUnlessProviderIs(""gce"", ""gke"", ""aws"")

		By(""creating PD"")
		diskName, err := createPDWithRetry()
		expectNoError(err, ""Error creating PD"")
		numContainers := 4

		host0Pod := testPDPod([]string{diskName}, host0Name, false /* readOnly */, numContainers)

		defer func() {
			By(""cleaning up PD-RW test environment"")
			// Teardown pods, PD. Ignore errors.
			// Teardown should do nothing unless test failed.
			podClient.Delete(host0Pod.Name, api.NewDeleteOptions(0))
			detachAndDeletePDs(diskName, []string{host0Name})
		}()

		fileAndContentToVerify := make(map[string]string)
		for i := 0; i < 3; i++ {
			Logf(""PD Read/Writer Iteration #%v"", i)
			By(""submitting host0Pod to kubernetes"")
			_, err = podClient.Create(host0Pod)
			expectNoError(err, fmt.Sprintf(""Failed to create host0Pod: %v"", err))

			expectNoError(framework.WaitForPodRunningSlow(host0Pod.Name))

			// randomly select a container and read/verify pd contents from it
			containerName := fmt.Sprintf(""mycontainer%v"", mathrand.Intn(numContainers)+1)
			verifyPDContentsViaContainer(framework, host0Pod.Name, containerName, fileAndContentToVerify)

			// Randomly select a container to write a file to PD from
			containerName = fmt.Sprintf(""mycontainer%v"", mathrand.Intn(numContainers)+1)
			testFile := fmt.Sprintf(""/testpd1/tracker%v"", i)
			testFileContents := fmt.Sprintf(""%v"", mathrand.Int())
			fileAndContentToVerify[testFile] = testFileContents
			expectNoError(framework.WriteFileViaContainer(host0Pod.Name, containerName, testFile, testFileContents))
			Logf(""Wrote value: \""%v\"" to PD %q from pod %q container %q"", testFileContents, diskName, host0Pod.Name, containerName)

			// Randomly select a container and read/verify pd contents from it
			containerName = fmt.Sprintf(""mycontainer%v"", mathrand.Intn(numContainers)+1)
			verifyPDContentsViaContainer(framework, host0Pod.Name, containerName, fileAndContentToVerify)

			By(""deleting host0Pod"")
			expectNoError(podClient.Delete(host0Pod.Name, api.NewDeleteOptions(0)), ""Failed to delete host0Pod"")
		}
	})

	It(""should schedule a pod w/two RW PDs both mounted to one container, write to PD, verify contents, delete pod, recreate pod, verify contents, and repeat in rapid succession"", func() {
		SkipUnlessProviderIs(""gce"", ""gke"", ""aws"")

		By(""creating PD1"")
		disk1Name, err := createPDWithRetry()
		expectNoError(err, ""Error creating PD1"")
		By(""creating PD2"")
		disk2Name, err := createPDWithRetry()
		expectNoError(err, ""Error creating PD2"")

		host0Pod := testPDPod([]string{disk1Name, disk2Name}, host0Name, false /* readOnly */, 1 /* numContainers */)

		defer func() {
			By(""cleaning up PD-RW test environment"")
			// Teardown pods, PD. Ignore errors.
			// Teardown should do nothing unless test failed.
			podClient.Delete(host0Pod.Name, api.NewDeleteOptions(0))
			detachAndDeletePDs(disk1Name, []string{host0Name})
			detachAndDeletePDs(disk2Name, []string{host0Name})
		}()

		containerName := ""mycontainer""
		fileAndContentToVerify := make(map[string]string)
		for i := 0; i < 3; i++ {
			Logf(""PD Read/Writer Iteration #%v"", i)
			By(""submitting host0Pod to kubernetes"")
			_, err = podClient.Create(host0Pod)
			expectNoError(err, fmt.Sprintf(""Failed to create host0Pod: %v"", err))

			expectNoError(framework.WaitForPodRunningSlow(host0Pod.Name))

			// Read/verify pd contents for both disks from container
			verifyPDContentsViaContainer(framework, host0Pod.Name, containerName, fileAndContentToVerify)

			// Write a file to both PDs from container
			testFilePD1 := fmt.Sprintf(""/testpd1/tracker%v"", i)
			testFilePD2 := fmt.Sprintf(""/testpd2/tracker%v"", i)
			testFilePD1Contents := fmt.Sprintf(""%v"", mathrand.Int())
			testFilePD2Contents := fmt.Sprintf(""%v"", mathrand.Int())
			fileAndContentToVerify[testFilePD1] = testFilePD1Contents
			fileAndContentToVerify[testFilePD2] = testFilePD2Contents
			expectNoError(framework.WriteFileViaContainer(host0Pod.Name, containerName, testFilePD1, testFilePD1Contents))
			Logf(""Wrote value: \""%v\"" to PD1 (%q) from pod %q container %q"", testFilePD1Contents, disk1Name, host0Pod.Name, containerName)
			expectNoError(framework.WriteFileViaContainer(host0Pod.Name, containerName, testFilePD2, testFilePD2Contents))
			Logf(""Wrote value: \""%v\"" to PD2 (%q) from pod %q container %q"", testFilePD2Contents, disk2Name, host0Pod.Name, containerName)

			// Read/verify pd contents for both disks from container
			verifyPDContentsViaContainer(framework, host0Pod.Name, containerName, fileAndContentToVerify)

			By(""deleting host0Pod"")
			expectNoError(podClient.Delete(host0Pod.Name, api.NewDeleteOptions(0)), ""Failed to delete host0Pod"")
		}
	})
})

func createPDWithRetry() (string, error) {
	newDiskName := """"
	var err error
	for start := time.Now(); time.Since(start) < 180*time.Second; time.Sleep(5 * time.Second) {
		if newDiskName, err = createPD(); err != nil {
			Logf(""Couldn't create a new PD. Sleeping 5 seconds (%v)"", err)
			continue
		}
		Logf(""Successfully created a new PD: %q."", newDiskName)
		break
	}
	return newDiskName, err
}

func deletePDWithRetry(diskName string) {
	var err error
	for start := time.Now(); time.Since(start) < 180*time.Second; time.Sleep(5 * time.Second) {
		if err = deletePD(diskName); err != nil {
			Logf(""Couldn't delete PD %q. Sleeping 5 seconds (%v)"", diskName, err)
			continue
		}
		Logf(""Successfully deleted PD %q."", diskName)
		break
	}
	expectNoError(err, ""Error deleting PD"")
}

func verifyPDContentsViaContainer(f *Framework, podName, containerName string, fileAndContentToVerify map[string]string) {
	for filePath, expectedContents := range fileAndContentToVerify {
		v, err := f.ReadFileViaContainer(podName, containerName, filePath)
		if err != nil {
			Logf(""Error reading file: %v"", err)
		}
		expectNoError(err)
		Logf(""Read file %q with content: %v"", filePath, v)
		Expect(strings.TrimSpace(v)).To(Equal(strings.TrimSpace(expectedContents)))
	}
}

func createPD() (string, error) {
	if testContext.Provider == ""gce"" || testContext.Provider == ""gke"" {
		pdName := fmt.Sprintf(""%s-%s"", testContext.prefix, string(util.NewUUID()))

		gceCloud, err := getGCECloud()
		if err != nil {
			return """", err
		}

		err = gceCloud.CreateDisk(pdName, 10 /* sizeGb */)
		if err != nil {
			return """", err
		}
		return pdName, nil
	} else {
		volumes, ok := testContext.CloudConfig.Provider.(awscloud.Volumes)
		if !ok {
			return """", fmt.Errorf(""Provider does not support volumes"")
		}
		volumeOptions := &awscloud.VolumeOptions{}
		volumeOptions.CapacityMB = 10 * 1024
		return volumes.CreateVolume(volumeOptions)
	}
}

func deletePD(pdName string) error {
	if testContext.Provider == ""gce"" || testContext.Provider == ""gke"" {
		gceCloud, err := getGCECloud()
		if err != nil {
			return err
		}

		err = gceCloud.DeleteDisk(pdName)

		if err != nil {
			if gerr, ok := err.(*googleapi.Error); ok && len(gerr.Errors) > 0 && gerr.Errors[0].Reason == ""notFound"" {
				// PD already exists, ignore error.
				return nil
			}

			Logf(""Error deleting PD %q: %v"", pdName, err)
		}
		return err
	} else {
		volumes, ok := testContext.CloudConfig.Provider.(awscloud.Volumes)
		if !ok {
			return fmt.Errorf(""Provider does not support volumes"")
		}
		return volumes.DeleteVolume(pdName)
	}
}

func detachPD(hostName, pdName string) error {
	if testContext.Provider == ""gce"" || testContext.Provider == ""gke"" {
		instanceName := strings.Split(hostName, ""."")[0]

		gceCloud, err := getGCECloud()
		if err != nil {
			return err
		}

		err = gceCloud.DetachDisk(pdName, instanceName)
		if err != nil {
			if gerr, ok := err.(*googleapi.Error); ok && strings.Contains(gerr.Message, ""Invalid value for field 'disk'"") {
				// PD already detached, ignore error.
				return nil
			}

			Logf(""Error detaching PD %q: %v"", pdName, err)
		}

		return err

	} else {
		volumes, ok := testContext.CloudConfig.Provider.(awscloud.Volumes)
		if !ok {
			return fmt.Errorf(""Provider does not support volumes"")
		}
		return volumes.DetachDisk(hostName, pdName)
	}
}

func testPDPod(diskNames []string, targetHost string, readOnly bool, numContainers int) *api.Pod {
	containers := make([]api.Container, numContainers)
	for i := range containers {
		containers[i].Name = ""mycontainer""
		if numContainers > 1 {
			containers[i].Name = fmt.Sprintf(""mycontainer%v"", i+1)
		}

		containers[i].Image = ""gcr.io/google_containers/busybox""

		containers[i].Command = []string{""sleep"", ""6000""}

		containers[i].VolumeMounts = make([]api.VolumeMount, len(diskNames))
		for k := range diskNames {
			containers[i].VolumeMounts[k].Name = fmt.Sprintf(""testpd%v"", k+1)
			containers[i].VolumeMounts[k].MountPath = fmt.Sprintf(""/testpd%v"", k+1)
		}

		containers[i].Resources.Limits = api.ResourceList{}
		containers[i].Resources.Limits[api.ResourceCPU] = *resource.NewQuantity(int64(0), resource.DecimalSI)

	}

	pod := &api.Pod{
		TypeMeta: unversioned.TypeMeta{
			Kind:       ""Pod"",
			APIVersion: latest.GroupOrDie("""").GroupVersion.Version,
		},
		ObjectMeta: api.ObjectMeta{
			Name: ""pd-test-"" + string(util.NewUUID()),
		},
		Spec: api.PodSpec{
			Containers: containers,
			NodeName:   targetHost,
		},
	}

	if testContext.Provider == ""gce"" || testContext.Provider == ""gke"" {
		pod.Spec.Volumes = make([]api.Volume, len(diskNames))
		for k, diskName := range diskNames {
			pod.Spec.Volumes[k].Name = fmt.Sprintf(""testpd%v"", k+1)
			pod.Spec.Volumes[k].VolumeSource = api.VolumeSource{
				GCEPersistentDisk: &api.GCEPersistentDiskVolumeSource{
					PDName:   diskName,
					FSType:   ""ext4"",
					ReadOnly: readOnly,
				},
			}
		}
	} else if testContext.Provider == ""aws"" {
		pod.Spec.Volumes = make([]api.Volume, len(diskNames))
		for k, diskName := range diskNames {
			pod.Spec.Volumes[k].Name = fmt.Sprintf(""testpd%v"", k+1)
			pod.Spec.Volumes[k].VolumeSource = api.VolumeSource{
				AWSElasticBlockStore: &api.AWSElasticBlockStoreVolumeSource{
					VolumeID: diskName,
					FSType:   ""ext4"",
					ReadOnly: readOnly,
				},
			}
		}
	} else {
		panic(""Unknown provider: "" + testContext.Provider)
	}

	return pod
}

// Waits for specified PD to to detach from specified hostName
func waitForPDDetach(diskName, hostName string) error {
	if testContext.Provider == ""gce"" || testContext.Provider == ""gke"" {
		gceCloud, err := getGCECloud()
		if err != nil {
			return err
		}

		for start := time.Now(); time.Since(start) < gcePDDetachTimeout; time.Sleep(gcePDDetachPollTime) {
			diskAttached, err := gceCloud.DiskIsAttached(diskName, hostName)
			if err != nil {
				Logf(""Error waiting for PD %q to detach from node %q. 'DiskIsAttached(...)' failed with %v"", diskName, hostName, err)
				return err
			}

			if !diskAttached {
				// Specified disk does not appear to be attached to specified node
				Logf(""GCE PD %q appears to have successfully detached from %q."", diskName, hostName)
				return nil
			}

			Logf(""Waiting for GCE PD %q to detach from %q."", diskName, hostName)
		}

		return fmt.Errorf(""Gave up waiting for GCE PD %q to detach from %q after %v"", diskName, hostName, gcePDDetachTimeout)
	}

	return nil
}

func getGCECloud() (*gcecloud.GCECloud, error) {
	gceCloud, ok := testContext.CloudConfig.Provider.(*gcecloud.GCECloud)

	if !ok {
		return nil, fmt.Errorf(""failed to convert CloudConfig.Provider to GCECloud: %#v"", testContext.CloudConfig.Provider)
	}

	return gceCloud, nil
}

func detachAndDeletePDs(diskName string, hosts []string) {
	for _, host := range hosts {
		detachPD(host, diskName)
		By(fmt.Sprintf(""Waiting for PD %q to detach from %q"", diskName, host))
		waitForPDDetach(diskName, host)
	}
	By(fmt.Sprintf(""Deleting PD %q"", diskName))
	deletePDWithRetry(diskName)
}","expectNoError(framework.WaitForPodRunningSlow(host0ROPod.Name))

		By(""submitting host1ROPod to kubernetes"")
		_, err = podClient.Create(host1ROPod)
		expectNoError(err, ""Failed to create host1ROPod"")
		expectNoError(framework.WaitForPodRunningSlow(host1ROPod.Name))

		// Verify that the read-only pod on host1 can read the file written by the RW pod.
		// We don't expect the content to be modified, but we expect it to be readable.
		testFile := ""/testpd1/tracker""
		testFileContents := ""test-content""
		expectNoError(framework.WriteFileViaContainer(host0ROPod.Name, ""mycontainer"", testFile, testFileContents))
		Logf(""Wrote value: %v"", testFileContents)

		// Read from host1ROPod to verify the file is accessible in read-only mode.
		contents, err := framework.ReadFileViaContainer(host1ROPod.Name, ""mycontainer"", testFile)
		expectNoError(err)
		Logf(""Read value from host1ROPod: %v"", contents)

		Expect(strings.TrimSpace(contents)).To(Equal(strings.TrimSpace(test"
qwen,Qwen/Qwen3-30B-A3B-Instruct-2507:nebius,go,GPL-3.0,xenserver::resource_vif.go,212,0.2,0,0.08902077151335312,"		var other_config = make(map[string]string)

		for k, v := range data[vifSchemaOtherConfig].(map[string]interface{}) {
			other_config[k] = v.(string)
		}

		vif := &VIFDescriptor{
			Network:            network,
			MAC:                mac,
			IsAutogeneratedMAC: mac_autogenerated,
			DeviceOrder:        device,
			MTU:                mtu,
			OtherConfig:        other_config,
		}

		vifs = append(vifs, vif)
	}

	return vifs, nil
}

func fillVIFSchema(vif VIFDescriptor) map[string]interface{} {
	log.Println(""[DEBUG] VIF MAC "", vif.MAC)
	mac := """"
	if !vif.IsAutogeneratedMAC {
		mac = vif.MAC
	}
	return map[string]interface{}{
		vifSchemaNetworkUUID: vif.Network.UUID,
		vifSchemaMac:         mac,
		vifSchemaMtu:         vif.MTU,
		vifSchemaDevice:      vif.DeviceOrder,
		vifSchemaOtherConfig: vif.OtherConfig,
	}
}

func createVIF(c *Connection, vif *VIFDescriptor) (*VIFDescriptor, error) {
	log.Println(fmt.Sprintf(""[DEBUG] Creating VIF for VM %q in network %q"", vif.VM.Name, vif.Network.Name))

	if vif.DeviceOrder == 0 {
		vif.DeviceOrder = vif.VM.VIFCount
	}

	vifObject := xenAPI.VIFRecord{
		VM:               vif.VM.VMRef,
		Network:          vif.Network.NetworkRef,
		MTU:              vif.MTU,
		MACAutogenerated: vif.IsAutogeneratedMAC,
		MAC:              vif.MAC,
		Device:           strconv.Itoa(vif.DeviceOrder),
		OtherConfig:      vif.OtherConfig,
		LockingMode:      xenAPI.VifLockingModeNetworkDefault,
	}

	vifRef, err := c.client.VIF.Create(c.session, vifObject)
	if err != nil {
		return nil, err
	}

	log.Println(fmt.Sprintf(""[DEBUG] Created VIF""))

	vif.VIFRef = vifRef
	err = vif.Query(c)
	if err != nil {
		return nil, err
	}

	log.Println(fmt.Sprintf(""[DEBUG] VIF  UUID %q"", vif.UUID))

	if vif.VM.PowerState == xenAPI.VMPowerStateRunning {
		err = c.client.VIF.Plug(c.session, vif.VIFRef)
		if err != nil {
			return nil, err
		}

		log.Println(fmt.Sprintf(""[DEBUG] Plugged VIF %q to VM %q"", vif.UUID, vif.VM.Name))
	}

	return vif, nil
}

func vifHash(v interface{}) int {
	var buf bytes.Buffer
	m := v.(map[string]interface{})
	var count int = 0
	b, _ := buf.WriteString(fmt.Sprintf(""%s-"", m[""network_uuid""].(string)))
	b, _ = buf.WriteString(fmt.Sprintf(""%d-"", m[""mtu""].(int)))
	b, _ = buf.WriteString(fmt.Sprintf(""%d-"", m[""device""].(int)))
	b, _ = buf.WriteString(fmt.Sprintf(""%s-"",
		strings.ToLower(m[""mac""].(string))))

	if _otherConfig, ok := m[vifSchemaOtherConfig]; ok {
		var otherConfig = make(map[string]string)

		for k, v := range _otherConfig.(map[string]interface{}) {
			otherConfig[k] = v.(string)
		}

		// Sort keys to guarantee order
		var keys []string
		for k, _ := range otherConfig {
			keys = append(keys, k)
		}
		sort.Strings(keys)
		b, _ = buf.WriteRune('>')
		for _, k := range keys {
			b, _ = buf.WriteString(k)
			b, _ = buf.WriteString("":"")
			b, _ = buf.WriteString(otherConfig[k])
			b, _ = buf.WriteString("";"")
		}
		b, _ = buf.WriteRune('<')
	}

	count += b
	log.Println(""Consumed total "", count, "" bytes to generate hash"")

	return hashcode.String(buf.String())
}

func resourceVIF() *schema.Resource {
	return &schema.Resource{

		Schema: map[string]*schema.Schema{
			vifSchemaNetworkUUID: &schema.Schema{
				Type:     schema.TypeString,
				Optional: true,
			},
			vifSchemaMac: &schema.Schema{
				Type:     schema.TypeString,
				Optional: true,
			},
			vifSchemaMtu: &schema.Schema{
				Type:     schema.TypeInt,
				Optional: true,
			},
			vifSchemaDevice: &schema.Schema{
				Type:     schema.TypeInt,
				Optional: true,
				Computed: true,
			},
			vifSchemaOtherConfig: &schema.Schema{
				Type:     schema.TypeMap,
				Optional: true,
			},
		},
	}
}","otherConfig := make(map[string]string)
		if raw, ok := data[vifSchemaOtherConfig]; ok {
			if rawMap, ok := raw.(map[string]interface{}); ok {
				for k, v := range rawMap {
					otherConfig[k] = v.(string)
				}
			}
		}

		vif := &VIFDescriptor{
			Network:         network,
			MAC:             mac,
			MACAutogenerated: mac_autogenerated,
			MTU:             mtu,
			Device:          device,
			OtherConfig:     otherConfig,
		}

		vifs = append(vifs, vif)
	}

	// Sort VIFs by device number to ensure consistent ordering
	sort.Slice(vifs, func(i, j int) bool {
		return vifs[i].Device < vifs[j].Device
	})

	return vifs, nil
}"
qwen,Qwen/Qwen3-30B-A3B-Instruct-2507:nebius,go,GPL-3.0,xenserver::resource_vif.go,212,0.4,0,0.08902077151335312,"		var other_config = make(map[string]string)

		for k, v := range data[vifSchemaOtherConfig].(map[string]interface{}) {
			other_config[k] = v.(string)
		}

		vif := &VIFDescriptor{
			Network:            network,
			MAC:                mac,
			IsAutogeneratedMAC: mac_autogenerated,
			DeviceOrder:        device,
			MTU:                mtu,
			OtherConfig:        other_config,
		}

		vifs = append(vifs, vif)
	}

	return vifs, nil
}

func fillVIFSchema(vif VIFDescriptor) map[string]interface{} {
	log.Println(""[DEBUG] VIF MAC "", vif.MAC)
	mac := """"
	if !vif.IsAutogeneratedMAC {
		mac = vif.MAC
	}
	return map[string]interface{}{
		vifSchemaNetworkUUID: vif.Network.UUID,
		vifSchemaMac:         mac,
		vifSchemaMtu:         vif.MTU,
		vifSchemaDevice:      vif.DeviceOrder,
		vifSchemaOtherConfig: vif.OtherConfig,
	}
}

func createVIF(c *Connection, vif *VIFDescriptor) (*VIFDescriptor, error) {
	log.Println(fmt.Sprintf(""[DEBUG] Creating VIF for VM %q in network %q"", vif.VM.Name, vif.Network.Name))

	if vif.DeviceOrder == 0 {
		vif.DeviceOrder = vif.VM.VIFCount
	}

	vifObject := xenAPI.VIFRecord{
		VM:               vif.VM.VMRef,
		Network:          vif.Network.NetworkRef,
		MTU:              vif.MTU,
		MACAutogenerated: vif.IsAutogeneratedMAC,
		MAC:              vif.MAC,
		Device:           strconv.Itoa(vif.DeviceOrder),
		OtherConfig:      vif.OtherConfig,
		LockingMode:      xenAPI.VifLockingModeNetworkDefault,
	}

	vifRef, err := c.client.VIF.Create(c.session, vifObject)
	if err != nil {
		return nil, err
	}

	log.Println(fmt.Sprintf(""[DEBUG] Created VIF""))

	vif.VIFRef = vifRef
	err = vif.Query(c)
	if err != nil {
		return nil, err
	}

	log.Println(fmt.Sprintf(""[DEBUG] VIF  UUID %q"", vif.UUID))

	if vif.VM.PowerState == xenAPI.VMPowerStateRunning {
		err = c.client.VIF.Plug(c.session, vif.VIFRef)
		if err != nil {
			return nil, err
		}

		log.Println(fmt.Sprintf(""[DEBUG] Plugged VIF %q to VM %q"", vif.UUID, vif.VM.Name))
	}

	return vif, nil
}

func vifHash(v interface{}) int {
	var buf bytes.Buffer
	m := v.(map[string]interface{})
	var count int = 0
	b, _ := buf.WriteString(fmt.Sprintf(""%s-"", m[""network_uuid""].(string)))
	b, _ = buf.WriteString(fmt.Sprintf(""%d-"", m[""mtu""].(int)))
	b, _ = buf.WriteString(fmt.Sprintf(""%d-"", m[""device""].(int)))
	b, _ = buf.WriteString(fmt.Sprintf(""%s-"",
		strings.ToLower(m[""mac""].(string))))

	if _otherConfig, ok := m[vifSchemaOtherConfig]; ok {
		var otherConfig = make(map[string]string)

		for k, v := range _otherConfig.(map[string]interface{}) {
			otherConfig[k] = v.(string)
		}

		// Sort keys to guarantee order
		var keys []string
		for k, _ := range otherConfig {
			keys = append(keys, k)
		}
		sort.Strings(keys)
		b, _ = buf.WriteRune('>')
		for _, k := range keys {
			b, _ = buf.WriteString(k)
			b, _ = buf.WriteString("":"")
			b, _ = buf.WriteString(otherConfig[k])
			b, _ = buf.WriteString("";"")
		}
		b, _ = buf.WriteRune('<')
	}

	count += b
	log.Println(""Consumed total "", count, "" bytes to generate hash"")

	return hashcode.String(buf.String())
}

func resourceVIF() *schema.Resource {
	return &schema.Resource{

		Schema: map[string]*schema.Schema{
			vifSchemaNetworkUUID: &schema.Schema{
				Type:     schema.TypeString,
				Optional: true,
			},
			vifSchemaMac: &schema.Schema{
				Type:     schema.TypeString,
				Optional: true,
			},
			vifSchemaMtu: &schema.Schema{
				Type:     schema.TypeInt,
				Optional: true,
			},
			vifSchemaDevice: &schema.Schema{
				Type:     schema.TypeInt,
				Optional: true,
				Computed: true,
			},
			vifSchemaOtherConfig: &schema.Schema{
				Type:     schema.TypeMap,
				Optional: true,
			},
		},
	}
}","otherConfig := make(map[string]string)
		if raw, ok := data[vifSchemaOtherConfig]; ok {
			if rawMap, ok := raw.(map[string]interface{}); ok {
				for k, v := range rawMap {
					otherConfig[k] = v.(string)
				}
			}
		}

		vif := &VIFDescriptor{
			Network:         network,
			MAC:             mac,
			MACAutogenerated: mac_autogenerated,
			MTU:             mtu,
			Device:          device,
			OtherConfig:     otherConfig,
		}

		vifs = append(vifs, vif)
	}

	// Sort VIFs by device number to ensure consistent ordering
	sort.Slice(vifs, func(i, j int) bool {
		return vifs[i].Device < vifs[j].Device
	})

	return vifs, nil
}"
qwen,Qwen/Qwen3-30B-A3B-Instruct-2507:nebius,go,GPL-3.0,xenserver::resource_vif.go,212,0.8,0,0.11076923076923077,"		var other_config = make(map[string]string)

		for k, v := range data[vifSchemaOtherConfig].(map[string]interface{}) {
			other_config[k] = v.(string)
		}

		vif := &VIFDescriptor{
			Network:            network,
			MAC:                mac,
			IsAutogeneratedMAC: mac_autogenerated,
			DeviceOrder:        device,
			MTU:                mtu,
			OtherConfig:        other_config,
		}

		vifs = append(vifs, vif)
	}

	return vifs, nil
}

func fillVIFSchema(vif VIFDescriptor) map[string]interface{} {
	log.Println(""[DEBUG] VIF MAC "", vif.MAC)
	mac := """"
	if !vif.IsAutogeneratedMAC {
		mac = vif.MAC
	}
	return map[string]interface{}{
		vifSchemaNetworkUUID: vif.Network.UUID,
		vifSchemaMac:         mac,
		vifSchemaMtu:         vif.MTU,
		vifSchemaDevice:      vif.DeviceOrder,
		vifSchemaOtherConfig: vif.OtherConfig,
	}
}

func createVIF(c *Connection, vif *VIFDescriptor) (*VIFDescriptor, error) {
	log.Println(fmt.Sprintf(""[DEBUG] Creating VIF for VM %q in network %q"", vif.VM.Name, vif.Network.Name))

	if vif.DeviceOrder == 0 {
		vif.DeviceOrder = vif.VM.VIFCount
	}

	vifObject := xenAPI.VIFRecord{
		VM:               vif.VM.VMRef,
		Network:          vif.Network.NetworkRef,
		MTU:              vif.MTU,
		MACAutogenerated: vif.IsAutogeneratedMAC,
		MAC:              vif.MAC,
		Device:           strconv.Itoa(vif.DeviceOrder),
		OtherConfig:      vif.OtherConfig,
		LockingMode:      xenAPI.VifLockingModeNetworkDefault,
	}

	vifRef, err := c.client.VIF.Create(c.session, vifObject)
	if err != nil {
		return nil, err
	}

	log.Println(fmt.Sprintf(""[DEBUG] Created VIF""))

	vif.VIFRef = vifRef
	err = vif.Query(c)
	if err != nil {
		return nil, err
	}

	log.Println(fmt.Sprintf(""[DEBUG] VIF  UUID %q"", vif.UUID))

	if vif.VM.PowerState == xenAPI.VMPowerStateRunning {
		err = c.client.VIF.Plug(c.session, vif.VIFRef)
		if err != nil {
			return nil, err
		}

		log.Println(fmt.Sprintf(""[DEBUG] Plugged VIF %q to VM %q"", vif.UUID, vif.VM.Name))
	}

	return vif, nil
}

func vifHash(v interface{}) int {
	var buf bytes.Buffer
	m := v.(map[string]interface{})
	var count int = 0
	b, _ := buf.WriteString(fmt.Sprintf(""%s-"", m[""network_uuid""].(string)))
	b, _ = buf.WriteString(fmt.Sprintf(""%d-"", m[""mtu""].(int)))
	b, _ = buf.WriteString(fmt.Sprintf(""%d-"", m[""device""].(int)))
	b, _ = buf.WriteString(fmt.Sprintf(""%s-"",
		strings.ToLower(m[""mac""].(string))))

	if _otherConfig, ok := m[vifSchemaOtherConfig]; ok {
		var otherConfig = make(map[string]string)

		for k, v := range _otherConfig.(map[string]interface{}) {
			otherConfig[k] = v.(string)
		}

		// Sort keys to guarantee order
		var keys []string
		for k, _ := range otherConfig {
			keys = append(keys, k)
		}
		sort.Strings(keys)
		b, _ = buf.WriteRune('>')
		for _, k := range keys {
			b, _ = buf.WriteString(k)
			b, _ = buf.WriteString("":"")
			b, _ = buf.WriteString(otherConfig[k])
			b, _ = buf.WriteString("";"")
		}
		b, _ = buf.WriteRune('<')
	}

	count += b
	log.Println(""Consumed total "", count, "" bytes to generate hash"")

	return hashcode.String(buf.String())
}

func resourceVIF() *schema.Resource {
	return &schema.Resource{

		Schema: map[string]*schema.Schema{
			vifSchemaNetworkUUID: &schema.Schema{
				Type:     schema.TypeString,
				Optional: true,
			},
			vifSchemaMac: &schema.Schema{
				Type:     schema.TypeString,
				Optional: true,
			},
			vifSchemaMtu: &schema.Schema{
				Type:     schema.TypeInt,
				Optional: true,
			},
			vifSchemaDevice: &schema.Schema{
				Type:     schema.TypeInt,
				Optional: true,
				Computed: true,
			},
			vifSchemaOtherConfig: &schema.Schema{
				Type:     schema.TypeMap,
				Optional: true,
			},
		},
	}
}","otherConfig := make(map[string]string)
		if o, ok := data[vifSchemaOtherConfig]; ok {
			for k, v := range o.(map[string]interface{}) {
				otherConfig[k] = v.(string)
			}
		}

		v := &VIFDescriptor{
			Network:           network,
			MAC:               mac,
			MACAutogenerated:  mac_autogenerated,
			MTU:               mtu,
			Device:            device,
			OtherConfig:       otherConfig,
			Managed:           true,
			Unmanaged:         false,
			CurrentlyAttached: false,
		}

		vifs = append(vifs, v)
	}

	return vifs, nil
}"
qwen,Qwen/Qwen3-30B-A3B-Instruct-2507:nebius,go,GPL-3.0,mempool::error.go,134,0.2,0,0.09523809523809523,"// Error satisfies the error interface and prints human-readable errors.
func (e TxRuleError) Error() string {
	return e.Description
}

// txRuleError creates an underlying TxRuleError with the given a set of
// arguments and returns a RuleError that encapsulates it.
func txRuleError(c wire.RejectCode, desc string) RuleError {
	return RuleError{
		Err: TxRuleError{RejectCode: c, Description: desc},
	}
}

// chainRuleError returns a RuleError that encapsulates the given
// blockchain.RuleError.
func chainRuleError(chainErr blockchain.RuleError) RuleError {
	return RuleError{
		Err: chainErr,
	}
}

// extractRejectCode attempts to return a relevant reject code for a given error
// by examining the error for known types.  It will return true if a code
// was successfully extracted.
func extractRejectCode(err error) (wire.RejectCode, bool) {
	// Pull the underlying error out of a RuleError.
	if rerr, ok := err.(RuleError); ok {
		err = rerr.Err
	}

	switch err := err.(type) {
	case blockchain.RuleError:
		// Convert the chain error to a reject code.
		var code wire.RejectCode
		switch err.ErrorCode {
		// Rejected due to duplicate.
		case blockchain.ErrDuplicateBlock:
			code = wire.RejectDuplicate

		// Rejected due to obsolete version.
		case blockchain.ErrBlockVersionTooOld:
			code = wire.RejectObsolete

		// Rejected due to checkpoint.
		case blockchain.ErrCheckpointTimeTooOld:
			fallthrough
		case blockchain.ErrDifficultyTooLow:
			fallthrough
		case blockchain.ErrBadCheckpoint:
			fallthrough
		case blockchain.ErrForkTooOld:
			code = wire.RejectCheckpoint

		// Everything else is due to the block or transaction being invalid.
		default:
			code = wire.RejectInvalid
		}

		return code, true

	case TxRuleError:
		return err.RejectCode, true

	case nil:
		return wire.RejectInvalid, false
	}

	return wire.RejectInvalid, false
}

// ErrToRejectErr examines the underlying type of the error and returns a reject
// code and string appropriate to be sent in a wire.MsgReject message.
func ErrToRejectErr(err error) (wire.RejectCode, string) {
	// Return the reject code along with the error text if it can be
	// extracted from the error.
	rejectCode, found := extractRejectCode(err)
	if found {
		return rejectCode, err.Error()
	}

	// Return a generic rejected string if there is no error.  This really
	// should not happen unless the code elsewhere is not setting an error
	// as it should be, but it's best to be safe and simply return a generic
	// string rather than allowing the following code that dereferences the
	// err to panic.
	if err == nil {
		return wire.RejectInvalid, ""rejected""
	}

	// When the underlying error is not one of the above cases, just return
	// wire.RejectInvalid with a generic rejected string plus the error
	// text.
	return wire.RejectInvalid, ""rejected: "" + err.Error()
}","// Error satisfies the error interface and prints human-readable errors.
func (e TxRuleError) Error() string {
	return e.Description
}

// IsTxRuleError returns whether the provided error is a TxRuleError.
func IsTxRuleError(err error) bool {
	_, ok := err.(TxRuleError)
	return ok
}

// IsRuleError returns whether the provided error is a RuleError.
func IsRuleError(err error) bool {
	_, ok := err.(RuleError)
	return ok
}"
qwen,Qwen/Qwen3-30B-A3B-Instruct-2507:nebius,go,GPL-3.0,mempool::error.go,134,0.4,0,0.10204081632653061,"// Error satisfies the error interface and prints human-readable errors.
func (e TxRuleError) Error() string {
	return e.Description
}

// txRuleError creates an underlying TxRuleError with the given a set of
// arguments and returns a RuleError that encapsulates it.
func txRuleError(c wire.RejectCode, desc string) RuleError {
	return RuleError{
		Err: TxRuleError{RejectCode: c, Description: desc},
	}
}

// chainRuleError returns a RuleError that encapsulates the given
// blockchain.RuleError.
func chainRuleError(chainErr blockchain.RuleError) RuleError {
	return RuleError{
		Err: chainErr,
	}
}

// extractRejectCode attempts to return a relevant reject code for a given error
// by examining the error for known types.  It will return true if a code
// was successfully extracted.
func extractRejectCode(err error) (wire.RejectCode, bool) {
	// Pull the underlying error out of a RuleError.
	if rerr, ok := err.(RuleError); ok {
		err = rerr.Err
	}

	switch err := err.(type) {
	case blockchain.RuleError:
		// Convert the chain error to a reject code.
		var code wire.RejectCode
		switch err.ErrorCode {
		// Rejected due to duplicate.
		case blockchain.ErrDuplicateBlock:
			code = wire.RejectDuplicate

		// Rejected due to obsolete version.
		case blockchain.ErrBlockVersionTooOld:
			code = wire.RejectObsolete

		// Rejected due to checkpoint.
		case blockchain.ErrCheckpointTimeTooOld:
			fallthrough
		case blockchain.ErrDifficultyTooLow:
			fallthrough
		case blockchain.ErrBadCheckpoint:
			fallthrough
		case blockchain.ErrForkTooOld:
			code = wire.RejectCheckpoint

		// Everything else is due to the block or transaction being invalid.
		default:
			code = wire.RejectInvalid
		}

		return code, true

	case TxRuleError:
		return err.RejectCode, true

	case nil:
		return wire.RejectInvalid, false
	}

	return wire.RejectInvalid, false
}

// ErrToRejectErr examines the underlying type of the error and returns a reject
// code and string appropriate to be sent in a wire.MsgReject message.
func ErrToRejectErr(err error) (wire.RejectCode, string) {
	// Return the reject code along with the error text if it can be
	// extracted from the error.
	rejectCode, found := extractRejectCode(err)
	if found {
		return rejectCode, err.Error()
	}

	// Return a generic rejected string if there is no error.  This really
	// should not happen unless the code elsewhere is not setting an error
	// as it should be, but it's best to be safe and simply return a generic
	// string rather than allowing the following code that dereferences the
	// err to panic.
	if err == nil {
		return wire.RejectInvalid, ""rejected""
	}

	// When the underlying error is not one of the above cases, just return
	// wire.RejectInvalid with a generic rejected string plus the error
	// text.
	return wire.RejectInvalid, ""rejected: "" + err.Error()
}","// Error satisfies the error interface and prints human-readable errors.
func (e TxRuleError) Error() string {
	return e.Description
}

// ErrorCode returns the appropriate reject code for the transaction rule error.
func (e TxRuleError) ErrorCode() wire.RejectCode {
	return e.RejectCode
}"
qwen,Qwen/Qwen3-30B-A3B-Instruct-2507:nebius,go,GPL-3.0,mempool::error.go,134,0.8,0,0.12844036697247707,"// Error satisfies the error interface and prints human-readable errors.
func (e TxRuleError) Error() string {
	return e.Description
}

// txRuleError creates an underlying TxRuleError with the given a set of
// arguments and returns a RuleError that encapsulates it.
func txRuleError(c wire.RejectCode, desc string) RuleError {
	return RuleError{
		Err: TxRuleError{RejectCode: c, Description: desc},
	}
}

// chainRuleError returns a RuleError that encapsulates the given
// blockchain.RuleError.
func chainRuleError(chainErr blockchain.RuleError) RuleError {
	return RuleError{
		Err: chainErr,
	}
}

// extractRejectCode attempts to return a relevant reject code for a given error
// by examining the error for known types.  It will return true if a code
// was successfully extracted.
func extractRejectCode(err error) (wire.RejectCode, bool) {
	// Pull the underlying error out of a RuleError.
	if rerr, ok := err.(RuleError); ok {
		err = rerr.Err
	}

	switch err := err.(type) {
	case blockchain.RuleError:
		// Convert the chain error to a reject code.
		var code wire.RejectCode
		switch err.ErrorCode {
		// Rejected due to duplicate.
		case blockchain.ErrDuplicateBlock:
			code = wire.RejectDuplicate

		// Rejected due to obsolete version.
		case blockchain.ErrBlockVersionTooOld:
			code = wire.RejectObsolete

		// Rejected due to checkpoint.
		case blockchain.ErrCheckpointTimeTooOld:
			fallthrough
		case blockchain.ErrDifficultyTooLow:
			fallthrough
		case blockchain.ErrBadCheckpoint:
			fallthrough
		case blockchain.ErrForkTooOld:
			code = wire.RejectCheckpoint

		// Everything else is due to the block or transaction being invalid.
		default:
			code = wire.RejectInvalid
		}

		return code, true

	case TxRuleError:
		return err.RejectCode, true

	case nil:
		return wire.RejectInvalid, false
	}

	return wire.RejectInvalid, false
}

// ErrToRejectErr examines the underlying type of the error and returns a reject
// code and string appropriate to be sent in a wire.MsgReject message.
func ErrToRejectErr(err error) (wire.RejectCode, string) {
	// Return the reject code along with the error text if it can be
	// extracted from the error.
	rejectCode, found := extractRejectCode(err)
	if found {
		return rejectCode, err.Error()
	}

	// Return a generic rejected string if there is no error.  This really
	// should not happen unless the code elsewhere is not setting an error
	// as it should be, but it's best to be safe and simply return a generic
	// string rather than allowing the following code that dereferences the
	// err to panic.
	if err == nil {
		return wire.RejectInvalid, ""rejected""
	}

	// When the underlying error is not one of the above cases, just return
	// wire.RejectInvalid with a generic rejected string plus the error
	// text.
	return wire.RejectInvalid, ""rejected: "" + err.Error()
}","// Error satisfies the error interface and prints human-readable errors.
func (e TxRuleError) Error() string {
	return e.Description
}

// IsTxRuleError returns true if the provided error is a TxRuleError with the
// given reject code.
func IsTxRuleError(err error, code wire.RejectCode) bool {
	if err == nil {
		return false
	}
	if txErr, ok := err.(TxRuleError); ok && txErr.RejectCode == code {
		return true
	}
	return false
}

// IsRuleError returns true if the provided error is a RuleError.
func IsRuleError(err error) bool {
	_, ok := err.(RuleError)
	return ok
}"
qwen,Qwen/Qwen3-30B-A3B-Instruct-2507:nebius,go,GPL-3.0,reset::reset_recover_test.go,78,0.2,0,0.13924050632911392,"	}

	newTest := func(f func(t *testing.T)) func(t *testing.T) {
		return myTesting.SetupTeardown(beforeEach, afterEach, f)
	}

	t.Run(""One"", newTest(func(t *testing.T) {
		Register(func() {
			log.Append(""onReset"")
		}, func() {
			log.Append(""onRecover"")
		})
		log.Assert(t, ""onRecover"")

		Enable()
		log.AssertEmpty(t)

		Disable()
		log.Assert(t, ""onReset"", ""onRecover"")

		Enable()
		Disable()
		// Register once, effect for ever.
		log.Assert(t, ""onReset"", ""onRecover"")
	}))

	t.Run(""nil"", newTest(func(t *testing.T) {
		Register(nil, nil)

		Enable()
		Disable()
		log.AssertEmpty(t)
	}))

	t.Run(""Two"", newTest(func(t *testing.T) {
		Register(func() {
			log.Append(""onReset 1"")
		}, func() {
			log.Append(""onRecover 1"")
		})
		log.Assert(t, ""onRecover 1"")

		Register(func() {
			log.Append(""onReset 2"")
		}, func() {
			log.Append(""onRecover 2"")
		})
		log.Assert(t, ""onRecover 2"")

		Enable()
		Disable()
		log.Assert(t, ""onReset 2"", ""onReset 1"", ""onRecover 1"", ""onRecover 2"")
	}))
}","log.AssertNoError(t)
	}

	ResetRecover(beforeEach, afterEach)

	t.Run(""should recover from panic and log error"", func(t *testing.T) {
		defer func() {
			if r := recover(); r != nil {
				t.Errorf(""expected no panic, got %v"", r)
			}
		}()

		// Simulate a panic
		panic(""test panic"")
	})

	t.Run(""should not panic when no panic occurs"", func(t *testing.T) {
		defer func() {
			if r := recover(); r != nil {
				t.Errorf(""expected no panic, got %v"", r)
			}
		}()

		// No panic here
	})

	t.Run(""should log the panic message"", func(t *testing.T) {
		defer func() {
			if r := recover(); r != nil {
				t.Errorf(""expected no panic, got %v"", r)
			}
		}()

		panic(""test panic"")
		log.AssertError(t, ""test panic"")
	})
}"
qwen,Qwen/Qwen3-30B-A3B-Instruct-2507:nebius,go,GPL-3.0,reset::reset_recover_test.go,78,0.4,0,0.11564625850340136,"	}

	newTest := func(f func(t *testing.T)) func(t *testing.T) {
		return myTesting.SetupTeardown(beforeEach, afterEach, f)
	}

	t.Run(""One"", newTest(func(t *testing.T) {
		Register(func() {
			log.Append(""onReset"")
		}, func() {
			log.Append(""onRecover"")
		})
		log.Assert(t, ""onRecover"")

		Enable()
		log.AssertEmpty(t)

		Disable()
		log.Assert(t, ""onReset"", ""onRecover"")

		Enable()
		Disable()
		// Register once, effect for ever.
		log.Assert(t, ""onReset"", ""onRecover"")
	}))

	t.Run(""nil"", newTest(func(t *testing.T) {
		Register(nil, nil)

		Enable()
		Disable()
		log.AssertEmpty(t)
	}))

	t.Run(""Two"", newTest(func(t *testing.T) {
		Register(func() {
			log.Append(""onReset 1"")
		}, func() {
			log.Append(""onRecover 1"")
		})
		log.Assert(t, ""onRecover 1"")

		Register(func() {
			log.Append(""onReset 2"")
		}, func() {
			log.Append(""onRecover 2"")
		})
		log.Assert(t, ""onRecover 2"")

		Enable()
		Disable()
		log.Assert(t, ""onReset 2"", ""onReset 1"", ""onRecover 1"", ""onRecover 2"")
	}))
}","log.AssertNoError(t)
	}

	Describe(""ResetRecover"", func() {
		It(""should recover from panic and log the error"", func() {
			defer ResetRecover(func(err interface{}) {
				log.AssertEqual(t, err, ""test panic"")
			})

			panic(""test panic"")
		})

		It(""should not panic when no panic occurs"", func() {
			defer ResetRecover(func(err interface{}) {
				t.Fatal(""should not recover from non-panic"")
			})

			// No panic here
			// Should not trigger the recover handler
		})

		It(""should log the error when panic occurs and recovery is enabled"", func() {
			defer ResetRecover(func(err interface{}) {
				log.AssertEqual(t, err, ""another test panic"")
			})

			panic(""another test panic"")
		})

		It(""should not recover if recovery is disabled"", func() {
			Disable()
			defer ResetRecover(func(err interface{}) {
				t.Fatal(""recovery should not be triggered when disabled"")
			})

			defer func() {
				if r := recover(); r == nil {
					t.Fatal(""expected panic to be not recovered"")
				}"
qwen,Qwen/Qwen3-30B-A3B-Instruct-2507:nebius,go,GPL-3.0,reset::reset_recover_test.go,78,0.8,0,0.0875,"	}

	newTest := func(f func(t *testing.T)) func(t *testing.T) {
		return myTesting.SetupTeardown(beforeEach, afterEach, f)
	}

	t.Run(""One"", newTest(func(t *testing.T) {
		Register(func() {
			log.Append(""onReset"")
		}, func() {
			log.Append(""onRecover"")
		})
		log.Assert(t, ""onRecover"")

		Enable()
		log.AssertEmpty(t)

		Disable()
		log.Assert(t, ""onReset"", ""onRecover"")

		Enable()
		Disable()
		// Register once, effect for ever.
		log.Assert(t, ""onReset"", ""onRecover"")
	}))

	t.Run(""nil"", newTest(func(t *testing.T) {
		Register(nil, nil)

		Enable()
		Disable()
		log.AssertEmpty(t)
	}))

	t.Run(""Two"", newTest(func(t *testing.T) {
		Register(func() {
			log.Append(""onReset 1"")
		}, func() {
			log.Append(""onRecover 1"")
		})
		log.Assert(t, ""onRecover 1"")

		Register(func() {
			log.Append(""onReset 2"")
		}, func() {
			log.Append(""onRecover 2"")
		})
		log.Assert(t, ""onRecover 2"")

		Enable()
		Disable()
		log.Assert(t, ""onReset 2"", ""onReset 1"", ""onRecover 1"", ""onRecover 2"")
	}))
}","if log != nil {
			log.Clear()
		}
	}

	tests := []struct {
		name string
		run  func(t *testing.T)
	}{
		{
			name: ""recover from panic"",
			run: func(t *testing.T) {
				defer func() {
					if r := recover(); r != nil {
						t.Errorf(""expected no panic, got %v"", r)
					}
				}()

				// Simulate a panic
				panic(""test panic"")
			},
		},
		{
			name: ""recover from panic with logging"",
			run: func(t *testing.T) {
				defer func() {
					if r := recover(); r != nil {
						t.Errorf(""expected no panic, got %v"", r)
					}
				}()

				// Ensure logging is enabled
				Enable()
				log.Printf(""This is a test log message"")

				// Simulate a panic
				panic(""test panic with logging"")
			},
		},
		{
			name: ""recover from multiple panics"",
			run: func(t *testing.T) {
				defer func() {
					if r := recover(); r != nil {
						t.Errorf("""
qwen,Qwen/Qwen3-30B-A3B-Instruct-2507:nebius,go,GPL-3.0,vendor::github.com::vinyldns::go-vinyldns::vinyldns::zones.go,225,0.2,0,0.3253968253968254,"// It is a version of Zone whose func name is a bit more explicit.
func (c *Client) ZoneByID(id string) (Zone, error) {
	return c.Zone(id)
}

// ZoneByName retrieves the Zone whose name it's passed.
func (c *Client) ZoneByName(name string) (Zone, error) {
	zone := &ZoneResponse{}
	err := resourceRequest(c, zoneNameEP(c, name), ""GET"", nil, zone)
	if err != nil {
		return Zone{}, err
	}

	return zone.Zone, nil
}

// ZoneCreate creates the Zone it's passed.
func (c *Client) ZoneCreate(z *Zone) (*ZoneUpdateResponse, error) {
	zJSON, err := json.Marshal(z)
	if err != nil {
		return nil, err
	}
	var resource = &ZoneUpdateResponse{}
	err = resourceRequest(c, zonesEP(c), ""POST"", zJSON, resource)
	if err != nil {
		return &ZoneUpdateResponse{}, err
	}

	return resource, nil
}

// ZoneUpdate updates the Zone whose ID it's passed.
func (c *Client) ZoneUpdate(z *Zone) (*ZoneUpdateResponse, error) {
	zJSON, err := json.Marshal(z)
	if err != nil {
		return nil, err
	}
	var resource = &ZoneUpdateResponse{}
	err = resourceRequest(c, zoneEP(c, z.ID), ""PUT"", zJSON, resource)
	if err != nil {
		return &ZoneUpdateResponse{}, err
	}

	return resource, nil
}

// ZoneDelete deletes the Zone whose ID it's passed.
func (c *Client) ZoneDelete(zoneID string) (*ZoneUpdateResponse, error) {
	resource := &ZoneUpdateResponse{}
	err := resourceRequest(c, zoneEP(c, zoneID), ""DELETE"", nil, resource)
	if err != nil {
		return &ZoneUpdateResponse{}, err
	}

	return resource, nil
}

// ZoneExists returns true if a zone request does not 404
// Otherwise, it returns false
func (c *Client) ZoneExists(id string) (bool, error) {
	zone := &ZoneResponse{}
	err := resourceRequest(c, zoneEP(c, id), ""GET"", nil, zone)
	if err != nil {
		if vErr, ok := err.(*Error); ok {
			if vErr.ResponseCode == http.StatusNotFound {
				return false, nil
			}

			return false, err
		}
	}

	return true, nil
}

// ZoneNameExists returns true if a zone request does not 404
// Otherwise, it returns false
func (c *Client) ZoneNameExists(name string) (bool, error) {
	zone := &ZoneResponse{}
	err := resourceRequest(c, zoneNameEP(c, name), ""GET"", nil, zone)
	if err != nil {
		if vErr, ok := err.(*Error); ok {
			if vErr.ResponseCode == http.StatusNotFound {
				return false, nil
			}

			return false, err
		}
	}

	return true, nil
}

// ZoneChanges retrieves the ZoneChanges for the Zone whose ID it's passed.
func (c *Client) ZoneChanges(id string) (*ZoneChanges, error) {
	zh := &ZoneChanges{}
	err := resourceRequest(c, zoneChangesEP(c, id, ListFilter{}), ""GET"", nil, zh)
	if err != nil {
		return &ZoneChanges{}, err
	}

	return zh, nil
}

// ZoneChangesListAll retrieves the complete list of zone changes with the ListFilter criteria passed.
// Handles paging through results on the user's behalf.
func (c *Client) ZoneChangesListAll(zoneID string, filter ListFilter) ([]ZoneChange, error) {
	if filter.MaxItems > 100 {
		return nil, fmt.Errorf(""MaxItems must be between 1 and 100"")
	}

	changes := []ZoneChange{}

	for {
		resp, err := c.zoneChangesList(zoneID, filter)
		if err != nil {
			return nil, err
		}

		changes = append(changes, resp.ZoneChanges...)
		filter.StartFrom = resp.NextID

		if len(filter.StartFrom) == 0 {
			return changes, nil
		}
	}
}

// ZoneChange retrieves the ZoneChange matching the Zone ID and
// and ZoneChange ID it's passed.
func (c *Client) ZoneChange(zoneID, zoneChangeID string) (ZoneChange, error) {
	zc := ZoneChange{}
	history, err := c.ZoneChanges(zoneID)
	if err != nil {
		return zc, err
	}

	for _, each := range history.ZoneChanges {
		fmt.Println(each)
		if each.ID == zoneChangeID {
			return each, nil
		}
	}

	return zc, nil
}

// ZoneSync triggers the sync process of VinyIDNS zone info with existing zone
func (c *Client) ZoneSync(zoneId string) (ZoneChange, error) {
	zc := ZoneChange{}
	err := resourceRequest(c, zoneSyncEP(c, zoneId), ""POST"", nil, &zc)
	if err != nil {
		return zc, err
	}

	return zc, nil
}","func (c *Client) ZoneByID(id string) (Zone, error) {
	zone := &ZoneResponse{}
	err := resourceRequest(c, zoneEP(c, id), ""GET"", nil, zone)
	if err != nil {
		return Zone{}, err
	}

	return zone.Zone, nil
}"
qwen,Qwen/Qwen3-30B-A3B-Instruct-2507:nebius,go,GPL-3.0,vendor::github.com::vinyldns::go-vinyldns::vinyldns::zones.go,225,0.4,0,0.3253968253968254,"// It is a version of Zone whose func name is a bit more explicit.
func (c *Client) ZoneByID(id string) (Zone, error) {
	return c.Zone(id)
}

// ZoneByName retrieves the Zone whose name it's passed.
func (c *Client) ZoneByName(name string) (Zone, error) {
	zone := &ZoneResponse{}
	err := resourceRequest(c, zoneNameEP(c, name), ""GET"", nil, zone)
	if err != nil {
		return Zone{}, err
	}

	return zone.Zone, nil
}

// ZoneCreate creates the Zone it's passed.
func (c *Client) ZoneCreate(z *Zone) (*ZoneUpdateResponse, error) {
	zJSON, err := json.Marshal(z)
	if err != nil {
		return nil, err
	}
	var resource = &ZoneUpdateResponse{}
	err = resourceRequest(c, zonesEP(c), ""POST"", zJSON, resource)
	if err != nil {
		return &ZoneUpdateResponse{}, err
	}

	return resource, nil
}

// ZoneUpdate updates the Zone whose ID it's passed.
func (c *Client) ZoneUpdate(z *Zone) (*ZoneUpdateResponse, error) {
	zJSON, err := json.Marshal(z)
	if err != nil {
		return nil, err
	}
	var resource = &ZoneUpdateResponse{}
	err = resourceRequest(c, zoneEP(c, z.ID), ""PUT"", zJSON, resource)
	if err != nil {
		return &ZoneUpdateResponse{}, err
	}

	return resource, nil
}

// ZoneDelete deletes the Zone whose ID it's passed.
func (c *Client) ZoneDelete(zoneID string) (*ZoneUpdateResponse, error) {
	resource := &ZoneUpdateResponse{}
	err := resourceRequest(c, zoneEP(c, zoneID), ""DELETE"", nil, resource)
	if err != nil {
		return &ZoneUpdateResponse{}, err
	}

	return resource, nil
}

// ZoneExists returns true if a zone request does not 404
// Otherwise, it returns false
func (c *Client) ZoneExists(id string) (bool, error) {
	zone := &ZoneResponse{}
	err := resourceRequest(c, zoneEP(c, id), ""GET"", nil, zone)
	if err != nil {
		if vErr, ok := err.(*Error); ok {
			if vErr.ResponseCode == http.StatusNotFound {
				return false, nil
			}

			return false, err
		}
	}

	return true, nil
}

// ZoneNameExists returns true if a zone request does not 404
// Otherwise, it returns false
func (c *Client) ZoneNameExists(name string) (bool, error) {
	zone := &ZoneResponse{}
	err := resourceRequest(c, zoneNameEP(c, name), ""GET"", nil, zone)
	if err != nil {
		if vErr, ok := err.(*Error); ok {
			if vErr.ResponseCode == http.StatusNotFound {
				return false, nil
			}

			return false, err
		}
	}

	return true, nil
}

// ZoneChanges retrieves the ZoneChanges for the Zone whose ID it's passed.
func (c *Client) ZoneChanges(id string) (*ZoneChanges, error) {
	zh := &ZoneChanges{}
	err := resourceRequest(c, zoneChangesEP(c, id, ListFilter{}), ""GET"", nil, zh)
	if err != nil {
		return &ZoneChanges{}, err
	}

	return zh, nil
}

// ZoneChangesListAll retrieves the complete list of zone changes with the ListFilter criteria passed.
// Handles paging through results on the user's behalf.
func (c *Client) ZoneChangesListAll(zoneID string, filter ListFilter) ([]ZoneChange, error) {
	if filter.MaxItems > 100 {
		return nil, fmt.Errorf(""MaxItems must be between 1 and 100"")
	}

	changes := []ZoneChange{}

	for {
		resp, err := c.zoneChangesList(zoneID, filter)
		if err != nil {
			return nil, err
		}

		changes = append(changes, resp.ZoneChanges...)
		filter.StartFrom = resp.NextID

		if len(filter.StartFrom) == 0 {
			return changes, nil
		}
	}
}

// ZoneChange retrieves the ZoneChange matching the Zone ID and
// and ZoneChange ID it's passed.
func (c *Client) ZoneChange(zoneID, zoneChangeID string) (ZoneChange, error) {
	zc := ZoneChange{}
	history, err := c.ZoneChanges(zoneID)
	if err != nil {
		return zc, err
	}

	for _, each := range history.ZoneChanges {
		fmt.Println(each)
		if each.ID == zoneChangeID {
			return each, nil
		}
	}

	return zc, nil
}

// ZoneSync triggers the sync process of VinyIDNS zone info with existing zone
func (c *Client) ZoneSync(zoneId string) (ZoneChange, error) {
	zc := ZoneChange{}
	err := resourceRequest(c, zoneSyncEP(c, zoneId), ""POST"", nil, &zc)
	if err != nil {
		return zc, err
	}

	return zc, nil
}","func (c *Client) ZoneByID(id string) (Zone, error) {
	zone := &ZoneResponse{}
	err := resourceRequest(c, zoneEP(c, id), ""GET"", nil, zone)
	if err != nil {
		return Zone{}, err
	}

	return zone.Zone, nil
}"
qwen,Qwen/Qwen3-30B-A3B-Instruct-2507:nebius,go,GPL-3.0,vendor::github.com::vinyldns::go-vinyldns::vinyldns::zones.go,225,0.8,0,0.3253968253968254,"// It is a version of Zone whose func name is a bit more explicit.
func (c *Client) ZoneByID(id string) (Zone, error) {
	return c.Zone(id)
}

// ZoneByName retrieves the Zone whose name it's passed.
func (c *Client) ZoneByName(name string) (Zone, error) {
	zone := &ZoneResponse{}
	err := resourceRequest(c, zoneNameEP(c, name), ""GET"", nil, zone)
	if err != nil {
		return Zone{}, err
	}

	return zone.Zone, nil
}

// ZoneCreate creates the Zone it's passed.
func (c *Client) ZoneCreate(z *Zone) (*ZoneUpdateResponse, error) {
	zJSON, err := json.Marshal(z)
	if err != nil {
		return nil, err
	}
	var resource = &ZoneUpdateResponse{}
	err = resourceRequest(c, zonesEP(c), ""POST"", zJSON, resource)
	if err != nil {
		return &ZoneUpdateResponse{}, err
	}

	return resource, nil
}

// ZoneUpdate updates the Zone whose ID it's passed.
func (c *Client) ZoneUpdate(z *Zone) (*ZoneUpdateResponse, error) {
	zJSON, err := json.Marshal(z)
	if err != nil {
		return nil, err
	}
	var resource = &ZoneUpdateResponse{}
	err = resourceRequest(c, zoneEP(c, z.ID), ""PUT"", zJSON, resource)
	if err != nil {
		return &ZoneUpdateResponse{}, err
	}

	return resource, nil
}

// ZoneDelete deletes the Zone whose ID it's passed.
func (c *Client) ZoneDelete(zoneID string) (*ZoneUpdateResponse, error) {
	resource := &ZoneUpdateResponse{}
	err := resourceRequest(c, zoneEP(c, zoneID), ""DELETE"", nil, resource)
	if err != nil {
		return &ZoneUpdateResponse{}, err
	}

	return resource, nil
}

// ZoneExists returns true if a zone request does not 404
// Otherwise, it returns false
func (c *Client) ZoneExists(id string) (bool, error) {
	zone := &ZoneResponse{}
	err := resourceRequest(c, zoneEP(c, id), ""GET"", nil, zone)
	if err != nil {
		if vErr, ok := err.(*Error); ok {
			if vErr.ResponseCode == http.StatusNotFound {
				return false, nil
			}

			return false, err
		}
	}

	return true, nil
}

// ZoneNameExists returns true if a zone request does not 404
// Otherwise, it returns false
func (c *Client) ZoneNameExists(name string) (bool, error) {
	zone := &ZoneResponse{}
	err := resourceRequest(c, zoneNameEP(c, name), ""GET"", nil, zone)
	if err != nil {
		if vErr, ok := err.(*Error); ok {
			if vErr.ResponseCode == http.StatusNotFound {
				return false, nil
			}

			return false, err
		}
	}

	return true, nil
}

// ZoneChanges retrieves the ZoneChanges for the Zone whose ID it's passed.
func (c *Client) ZoneChanges(id string) (*ZoneChanges, error) {
	zh := &ZoneChanges{}
	err := resourceRequest(c, zoneChangesEP(c, id, ListFilter{}), ""GET"", nil, zh)
	if err != nil {
		return &ZoneChanges{}, err
	}

	return zh, nil
}

// ZoneChangesListAll retrieves the complete list of zone changes with the ListFilter criteria passed.
// Handles paging through results on the user's behalf.
func (c *Client) ZoneChangesListAll(zoneID string, filter ListFilter) ([]ZoneChange, error) {
	if filter.MaxItems > 100 {
		return nil, fmt.Errorf(""MaxItems must be between 1 and 100"")
	}

	changes := []ZoneChange{}

	for {
		resp, err := c.zoneChangesList(zoneID, filter)
		if err != nil {
			return nil, err
		}

		changes = append(changes, resp.ZoneChanges...)
		filter.StartFrom = resp.NextID

		if len(filter.StartFrom) == 0 {
			return changes, nil
		}
	}
}

// ZoneChange retrieves the ZoneChange matching the Zone ID and
// and ZoneChange ID it's passed.
func (c *Client) ZoneChange(zoneID, zoneChangeID string) (ZoneChange, error) {
	zc := ZoneChange{}
	history, err := c.ZoneChanges(zoneID)
	if err != nil {
		return zc, err
	}

	for _, each := range history.ZoneChanges {
		fmt.Println(each)
		if each.ID == zoneChangeID {
			return each, nil
		}
	}

	return zc, nil
}

// ZoneSync triggers the sync process of VinyIDNS zone info with existing zone
func (c *Client) ZoneSync(zoneId string) (ZoneChange, error) {
	zc := ZoneChange{}
	err := resourceRequest(c, zoneSyncEP(c, zoneId), ""POST"", nil, &zc)
	if err != nil {
		return zc, err
	}

	return zc, nil
}","func (c *Client) ZoneByID(id string) (Zone, error) {
	zone := &ZoneResponse{}
	err := resourceRequest(c, zoneEP(c, id), ""GET"", nil, zone)
	if err != nil {
		return Zone{}, err
	}

	return zone.Zone, nil
}"
qwen,Qwen/Qwen3-30B-A3B-Instruct-2507:nebius,go,GPL-3.0,list.go,96,0.2,0,0.016666666666666666,"	if i < 0 || i > l.ListLength() {
		return nil
	}
	cur := l
	j := 1
	for cur.Nextnode != nil {
		if j == i {
			return cur.Data
		}
		j++
		cur = cur.Nextnode

	}
	if cur != nil && j == i {
		return cur.Data
	}
	return nil
}

//插入变量到特定位置
func (l *List) ListInsert(i int, ele interface{}) bool {
	var s List //注意变量类型
	//可能存在无法插入到开头的情
	if i < 0 || i > l.ListLength() {
		return false
	}
	s.Data = ele
	p := l
	j := 1
	for j < i && p != nil {
		j++
		p = p.Nextnode
	}
	if p != nil && j <= i {
		s.Nextnode = p.Nextnode
		p.Nextnode = &s
	} else {
		return false
	}

	return true
}

//删除特定位置变量
func (l *List) ListDelete(i int) bool {
	p := l
	j := 1
	for j < i && p != nil {
		j++
		p = p.Nextnode
	}
	if p == nil || j > i {
		return false
	}
	p.Nextnode = p.Nextnode.Nextnode
	return true
}

//listall
func (l *List) ListAll() (all string) {
	p := l
	for p != nil {
		all += fmt.Sprintf(""%v+"", p.Data)
		p = p.Nextnode
	}
	return all
}","go
	if i < 0 || i >= l.ListLength() {
		return nil
	}
	n := l
	for j := 0; j < i; j++ {
		n = n.Nextnode
	}
	return n.Data
}"
qwen,Qwen/Qwen3-30B-A3B-Instruct-2507:nebius,go,GPL-3.0,list.go,96,0.4,0,0.016666666666666666,"	if i < 0 || i > l.ListLength() {
		return nil
	}
	cur := l
	j := 1
	for cur.Nextnode != nil {
		if j == i {
			return cur.Data
		}
		j++
		cur = cur.Nextnode

	}
	if cur != nil && j == i {
		return cur.Data
	}
	return nil
}

//插入变量到特定位置
func (l *List) ListInsert(i int, ele interface{}) bool {
	var s List //注意变量类型
	//可能存在无法插入到开头的情
	if i < 0 || i > l.ListLength() {
		return false
	}
	s.Data = ele
	p := l
	j := 1
	for j < i && p != nil {
		j++
		p = p.Nextnode
	}
	if p != nil && j <= i {
		s.Nextnode = p.Nextnode
		p.Nextnode = &s
	} else {
		return false
	}

	return true
}

//删除特定位置变量
func (l *List) ListDelete(i int) bool {
	p := l
	j := 1
	for j < i && p != nil {
		j++
		p = p.Nextnode
	}
	if p == nil || j > i {
		return false
	}
	p.Nextnode = p.Nextnode.Nextnode
	return true
}

//listall
func (l *List) ListAll() (all string) {
	p := l
	for p != nil {
		all += fmt.Sprintf(""%v+"", p.Data)
		p = p.Nextnode
	}
	return all
}","go
	if i < 0 || i >= l.ListLength() {
		return nil
	}
	n := l
	for j := 0; j < i; j++ {
		n = n.Nextnode
	}
	return n.Data
}"
qwen,Qwen/Qwen3-30B-A3B-Instruct-2507:nebius,go,GPL-3.0,list.go,96,0.8,0,0.016666666666666666,"	if i < 0 || i > l.ListLength() {
		return nil
	}
	cur := l
	j := 1
	for cur.Nextnode != nil {
		if j == i {
			return cur.Data
		}
		j++
		cur = cur.Nextnode

	}
	if cur != nil && j == i {
		return cur.Data
	}
	return nil
}

//插入变量到特定位置
func (l *List) ListInsert(i int, ele interface{}) bool {
	var s List //注意变量类型
	//可能存在无法插入到开头的情
	if i < 0 || i > l.ListLength() {
		return false
	}
	s.Data = ele
	p := l
	j := 1
	for j < i && p != nil {
		j++
		p = p.Nextnode
	}
	if p != nil && j <= i {
		s.Nextnode = p.Nextnode
		p.Nextnode = &s
	} else {
		return false
	}

	return true
}

//删除特定位置变量
func (l *List) ListDelete(i int) bool {
	p := l
	j := 1
	for j < i && p != nil {
		j++
		p = p.Nextnode
	}
	if p == nil || j > i {
		return false
	}
	p.Nextnode = p.Nextnode.Nextnode
	return true
}

//listall
func (l *List) ListAll() (all string) {
	p := l
	for p != nil {
		all += fmt.Sprintf(""%v+"", p.Data)
		p = p.Nextnode
	}
	return all
}","go
	if i < 0 || i >= l.ListLength() {
		return nil
	}
	n := l
	for j := 0; j < i; j++ {
		n = n.Nextnode
	}
	return n.Data
}"
qwen,Qwen/Qwen3-30B-A3B-Instruct-2507:nebius,go,GPL-3.0,vendor::github.com::docker::docker::builder::dockerfile::internals.go,663,0.2,0,0.08132875143184422,"		hasSlash := strings.HasSuffix(dest, string(os.PathSeparator))
		dest = filepath.Join(string(os.PathSeparator), filepath.FromSlash(b.runConfig.WorkingDir), dest)

		// Make sure we preserve any trailing slash
		if hasSlash {
			dest += string(os.PathSeparator)
		}
	}

	for _, info := range infos {
		if err := b.docker.CopyOnBuild(container.ID, dest, info.FileInfo, info.decompress); err != nil {
			return err
		}
	}

	return b.commit(container.ID, cmd, comment)
}

func (b *Builder) download(srcURL string) (fi builder.FileInfo, err error) {
	// get filename from URL
	u, err := url.Parse(srcURL)
	if err != nil {
		return
	}
	path := filepath.FromSlash(u.Path) // Ensure in platform semantics
	if strings.HasSuffix(path, string(os.PathSeparator)) {
		path = path[:len(path)-1]
	}
	parts := strings.Split(path, string(os.PathSeparator))
	filename := parts[len(parts)-1]
	if filename == """" {
		err = fmt.Errorf(""cannot determine filename from url: %s"", u)
		return
	}

	// Initiate the download
	resp, err := httputils.Download(srcURL)
	if err != nil {
		return
	}

	// Prepare file in a tmp dir
	tmpDir, err := ioutils.TempDir("""", ""docker-remote"")
	if err != nil {
		return
	}
	defer func() {
		if err != nil {
			os.RemoveAll(tmpDir)
		}
	}()
	tmpFileName := filepath.Join(tmpDir, filename)
	tmpFile, err := os.OpenFile(tmpFileName, os.O_RDWR|os.O_CREATE|os.O_EXCL, 0600)
	if err != nil {
		return
	}

	stdoutFormatter := b.Stdout.(*streamformatter.StdoutFormatter)
	progressOutput := stdoutFormatter.StreamFormatter.NewProgressOutput(stdoutFormatter.Writer, true)
	progressReader := progress.NewProgressReader(resp.Body, progressOutput, resp.ContentLength, """", ""Downloading"")
	// Download and dump result to tmp file
	if _, err = io.Copy(tmpFile, progressReader); err != nil {
		tmpFile.Close()
		return
	}
	fmt.Fprintln(b.Stdout)
	// ignoring error because the file was already opened successfully
	tmpFileSt, err := tmpFile.Stat()
	if err != nil {
		return
	}
	tmpFile.Close()

	// Set the mtime to the Last-Modified header value if present
	// Otherwise just remove atime and mtime
	mTime := time.Time{}

	lastMod := resp.Header.Get(""Last-Modified"")
	if lastMod != """" {
		// If we can't parse it then just let it default to 'zero'
		// otherwise use the parsed time value
		if parsedMTime, err := http.ParseTime(lastMod); err == nil {
			mTime = parsedMTime
		}
	}

	if err = system.Chtimes(tmpFileName, mTime, mTime); err != nil {
		return
	}

	// Calc the checksum, even if we're using the cache
	r, err := archive.Tar(tmpFileName, archive.Uncompressed)
	if err != nil {
		return
	}
	tarSum, err := tarsum.NewTarSum(r, true, tarsum.Version1)
	if err != nil {
		return
	}
	if _, err = io.Copy(ioutil.Discard, tarSum); err != nil {
		return
	}
	hash := tarSum.Sum(nil)
	r.Close()
	return &builder.HashedFileInfo{FileInfo: builder.PathFileInfo{FileInfo: tmpFileSt, FilePath: tmpFileName}, FileHash: hash}, nil
}

func (b *Builder) calcCopyInfo(cmdName, origPath string, allowLocalDecompression, allowWildcards bool) ([]copyInfo, error) {

	// Work in daemon-specific OS filepath semantics
	origPath = filepath.FromSlash(origPath)

	if origPath != """" && origPath[0] == os.PathSeparator && len(origPath) > 1 {
		origPath = origPath[1:]
	}
	origPath = strings.TrimPrefix(origPath, "".""+string(os.PathSeparator))

	// Deal with wildcards
	if allowWildcards && containsWildcards(origPath) {
		var copyInfos []copyInfo
		if err := b.context.Walk("""", func(path string, info builder.FileInfo, err error) error {
			if err != nil {
				return err
			}
			if info.Name() == """" {
				// Why are we doing this check?
				return nil
			}
			if match, _ := filepath.Match(origPath, path); !match {
				return nil
			}

			// Note we set allowWildcards to false in case the name has
			// a * in it
			subInfos, err := b.calcCopyInfo(cmdName, path, allowLocalDecompression, false)
			if err != nil {
				return err
			}
			copyInfos = append(copyInfos, subInfos...)
			return nil
		}); err != nil {
			return nil, err
		}
		return copyInfos, nil
	}

	// Must be a dir or a file

	statPath, fi, err := b.context.Stat(origPath)
	if err != nil {
		return nil, err
	}

	copyInfos := []copyInfo{{FileInfo: fi, decompress: allowLocalDecompression}}

	hfi, handleHash := fi.(builder.Hashed)
	if !handleHash {
		return copyInfos, nil
	}

	// Deal with the single file case
	if !fi.IsDir() {
		hfi.SetHash(""file:"" + hfi.Hash())
		return copyInfos, nil
	}
	// Must be a dir
	var subfiles []string
	err = b.context.Walk(statPath, func(path string, info builder.FileInfo, err error) error {
		if err != nil {
			return err
		}
		// we already checked handleHash above
		subfiles = append(subfiles, info.(builder.Hashed).Hash())
		return nil
	})
	if err != nil {
		return nil, err
	}

	sort.Strings(subfiles)
	hasher := sha256.New()
	hasher.Write([]byte(strings.Join(subfiles, "","")))
	hfi.SetHash(""dir:"" + hex.EncodeToString(hasher.Sum(nil)))

	return copyInfos, nil
}

func containsWildcards(name string) bool {
	for i := 0; i < len(name); i++ {
		ch := name[i]
		if ch == '\\' {
			i++
		} else if ch == '*' || ch == '?' || ch == '[' {
			return true
		}
	}
	return false
}

func (b *Builder) processImageFrom(img builder.Image) error {
	if img != nil {
		b.image = img.ImageID()

		if img.RunConfig() != nil {
			b.runConfig = img.RunConfig()
		}
	}

	// Check to see if we have a default PATH, note that windows won't
	// have one as its set by HCS
	if system.DefaultPathEnv != """" {
		// Convert the slice of strings that represent the current list
		// of env vars into a map so we can see if PATH is already set.
		// If its not set then go ahead and give it our default value
		configEnv := opts.ConvertKVStringsToMap(b.runConfig.Env)
		if _, ok := configEnv[""PATH""]; !ok {
			b.runConfig.Env = append(b.runConfig.Env,
				""PATH=""+system.DefaultPathEnv)
		}
	}

	if img == nil {
		// Typically this means they used ""FROM scratch""
		return nil
	}

	// Process ONBUILD triggers if they exist
	if nTriggers := len(b.runConfig.OnBuild); nTriggers != 0 {
		word := ""trigger""
		if nTriggers > 1 {
			word = ""triggers""
		}
		fmt.Fprintf(b.Stderr, ""# Executing %d build %s...\n"", nTriggers, word)
	}

	// Copy the ONBUILD triggers, and remove them from the config, since the config will be committed.
	onBuildTriggers := b.runConfig.OnBuild
	b.runConfig.OnBuild = []string{}

	// parse the ONBUILD triggers by invoking the parser
	for _, step := range onBuildTriggers {
		ast, err := parser.Parse(strings.NewReader(step))
		if err != nil {
			return err
		}

		for i, n := range ast.Children {
			switch strings.ToUpper(n.Value) {
			case ""ONBUILD"":
				return fmt.Errorf(""Chaining ONBUILD via `ONBUILD ONBUILD` isn't allowed"")
			case ""MAINTAINER"", ""FROM"":
				return fmt.Errorf(""%s isn't allowed as an ONBUILD trigger"", n.Value)
			}

			if err := b.dispatch(i, n); err != nil {
				return err
			}
		}
	}

	return nil
}

// probeCache checks if `b.docker` implements builder.ImageCache and image-caching
// is enabled (`b.UseCache`).
// If so attempts to look up the current `b.image` and `b.runConfig` pair with `b.docker`.
// If an image is found, probeCache returns `(true, nil)`.
// If no image is found, it returns `(false, nil)`.
// If there is any error, it returns `(false, err)`.
func (b *Builder) probeCache() (bool, error) {
	c, ok := b.docker.(builder.ImageCache)
	if !ok || b.options.NoCache || b.cacheBusted {
		return false, nil
	}
	cache, err := c.GetCachedImageOnBuild(b.image, b.runConfig)
	if err != nil {
		return false, err
	}
	if len(cache) == 0 {
		logrus.Debugf(""[BUILDER] Cache miss: %s"", b.runConfig.Cmd)
		b.cacheBusted = true
		return false, nil
	}

	fmt.Fprintf(b.Stdout, "" ---> Using cache\n"")
	logrus.Debugf(""[BUILDER] Use cached version: %s"", b.runConfig.Cmd)
	b.image = string(cache)

	return true, nil
}

func (b *Builder) create() (string, error) {
	if b.image == """" && !b.noBaseImage {
		return """", fmt.Errorf(""Please provide a source image with `from` prior to run"")
	}
	b.runConfig.Image = b.image

	resources := container.Resources{
		CgroupParent: b.options.CgroupParent,
		CPUShares:    b.options.CPUShares,
		CPUPeriod:    b.options.CPUPeriod,
		CPUQuota:     b.options.CPUQuota,
		CpusetCpus:   b.options.CPUSetCPUs,
		CpusetMems:   b.options.CPUSetMems,
		Memory:       b.options.Memory,
		MemorySwap:   b.options.MemorySwap,
		Ulimits:      b.options.Ulimits,
	}

	// TODO: why not embed a hostconfig in builder?
	hostConfig := &container.HostConfig{
		Isolation: b.options.Isolation,
		ShmSize:   b.options.ShmSize,
		Resources: resources,
	}

	config := *b.runConfig

	// Create the container
	c, err := b.docker.ContainerCreate(types.ContainerCreateConfig{
		Config:     b.runConfig,
		HostConfig: hostConfig,
	})
	if err != nil {
		return """", err
	}
	for _, warning := range c.Warnings {
		fmt.Fprintf(b.Stdout, "" ---> [Warning] %s\n"", warning)
	}

	b.tmpContainers[c.ID] = struct{}{}
	fmt.Fprintf(b.Stdout, "" ---> Running in %s\n"", stringid.TruncateID(c.ID))

	// override the entry point that may have been picked up from the base image
	if err := b.docker.ContainerUpdateCmdOnBuild(c.ID, config.Cmd); err != nil {
		return """", err
	}

	return c.ID, nil
}

func (b *Builder) run(cID string) (err error) {
	errCh := make(chan error)
	go func() {
		errCh <- b.docker.ContainerAttachRaw(cID, nil, b.Stdout, b.Stderr, true)
	}()

	finished := make(chan struct{})
	defer close(finished)
	go func() {
		select {
		case <-b.cancelled:
			logrus.Debugln(""Build cancelled, killing and removing container:"", cID)
			b.docker.ContainerKill(cID, 0)
			b.removeContainer(cID)
		case <-finished:
		}
	}()

	if err := b.docker.ContainerStart(cID, nil); err != nil {
		return err
	}

	// Block on reading output from container, stop on err or chan closed
	if err := <-errCh; err != nil {
		return err
	}

	if ret, _ := b.docker.ContainerWait(cID, -1); ret != 0 {
		// TODO: change error type, because jsonmessage.JSONError assumes HTTP
		return &jsonmessage.JSONError{
			Message: fmt.Sprintf(""The command '%s' returned a non-zero code: %d"", strings.Join(b.runConfig.Cmd, "" ""), ret),
			Code:    ret,
		}
	}

	return nil
}

func (b *Builder) removeContainer(c string) error {
	rmConfig := &types.ContainerRmConfig{
		ForceRemove:  true,
		RemoveVolume: true,
	}
	if err := b.docker.ContainerRm(c, rmConfig); err != nil {
		fmt.Fprintf(b.Stdout, ""Error removing intermediate container %s: %v\n"", stringid.TruncateID(c), err)
		return err
	}
	return nil
}

func (b *Builder) clearTmp() {
	for c := range b.tmpContainers {
		if err := b.removeContainer(c); err != nil {
			return
		}
		delete(b.tmpContainers, c)
		fmt.Fprintf(b.Stdout, ""Removing intermediate container %s\n"", stringid.TruncateID(c))
	}
}

// readDockerfile reads a Dockerfile from the current context.
func (b *Builder) readDockerfile() error {
	// If no -f was specified then look for 'Dockerfile'. If we can't find
	// that then look for 'dockerfile'.  If neither are found then default
	// back to 'Dockerfile' and use that in the error message.
	if b.options.Dockerfile == """" {
		b.options.Dockerfile = builder.DefaultDockerfileName
		if _, _, err := b.context.Stat(b.options.Dockerfile); os.IsNotExist(err) {
			lowercase := strings.ToLower(b.options.Dockerfile)
			if _, _, err := b.context.Stat(lowercase); err == nil {
				b.options.Dockerfile = lowercase
			}
		}
	}

	f, err := b.context.Open(b.options.Dockerfile)
	if err != nil {
		if os.IsNotExist(err) {
			return fmt.Errorf(""Cannot locate specified Dockerfile: %s"", b.options.Dockerfile)
		}
		return err
	}
	if f, ok := f.(*os.File); ok {
		// ignoring error because Open already succeeded
		fi, err := f.Stat()
		if err != nil {
			return fmt.Errorf(""Unexpected error reading Dockerfile: %v"", err)
		}
		if fi.Size() == 0 {
			return fmt.Errorf(""The Dockerfile (%s) cannot be empty"", b.options.Dockerfile)
		}
	}
	b.dockerfile, err = parser.Parse(f)
	f.Close()
	if err != nil {
		return err
	}

	// After the Dockerfile has been parsed, we need to check the .dockerignore
	// file for either ""Dockerfile"" or "".dockerignore"", and if either are
	// present then erase them from the build context. These files should never
	// have been sent from the client but we did send them to make sure that
	// we had the Dockerfile to actually parse, and then we also need the
	// .dockerignore file to know whether either file should be removed.
	// Note that this assumes the Dockerfile has been read into memory and
	// is now safe to be removed.
	if dockerIgnore, ok := b.context.(builder.DockerIgnoreContext); ok {
		dockerIgnore.Process([]string{b.options.Dockerfile})
	}
	return nil
}

// determine if build arg is part of built-in args or user
// defined args in Dockerfile at any point in time.
func (b *Builder) isBuildArgAllowed(arg string) bool {
	if _, ok := BuiltinAllowedBuildArgs[arg]; ok {
		return true
	}
	if _, ok := b.allowedBuildArgs[arg]; ok {
		return true
	}
	return false
}","dest = filepath.Join(b.runConfig.WorkingDir, dest)
	}

	// Create a tar stream from the source files
	var tarStream io.Reader
	if len(infos) == 1 {
		fi := infos[0].FileInfo
		if fi.IsDir() {
			tarStream, err = archive.Tar(fi.Path(), archive.Uncompressed)
			if err != nil {
				return err
			}
		} else {
			tarStream, err = archive.TarFile(fi.Path(), fi.Name(), archive.Uncompressed)
			if err != nil {
				return err
			}
		}
	} else {
		tarStream, err = archive.TarMulti(infos, archive.Uncompressed)
		if err != nil {
			return err
		}
	}

	// Copy the tar stream into the container
	if err := b.docker.CopyToContainer(container.ID, dest, tarStream, types.CopyToContainerOptions{AllowOverwriteDirWithFile: true}); err != nil {
		return err
	}

	// Commit the container to create a new image
	if err := b.commit(container.ID, strslice.StrSlice{}, comment); err != nil {
		return err
	}

	return nil
}"
qwen,Qwen/Qwen3-30B-A3B-Instruct-2507:nebius,go,GPL-3.0,vendor::github.com::docker::docker::builder::dockerfile::internals.go,663,0.4,0,0.061200923787528866,"		hasSlash := strings.HasSuffix(dest, string(os.PathSeparator))
		dest = filepath.Join(string(os.PathSeparator), filepath.FromSlash(b.runConfig.WorkingDir), dest)

		// Make sure we preserve any trailing slash
		if hasSlash {
			dest += string(os.PathSeparator)
		}
	}

	for _, info := range infos {
		if err := b.docker.CopyOnBuild(container.ID, dest, info.FileInfo, info.decompress); err != nil {
			return err
		}
	}

	return b.commit(container.ID, cmd, comment)
}

func (b *Builder) download(srcURL string) (fi builder.FileInfo, err error) {
	// get filename from URL
	u, err := url.Parse(srcURL)
	if err != nil {
		return
	}
	path := filepath.FromSlash(u.Path) // Ensure in platform semantics
	if strings.HasSuffix(path, string(os.PathSeparator)) {
		path = path[:len(path)-1]
	}
	parts := strings.Split(path, string(os.PathSeparator))
	filename := parts[len(parts)-1]
	if filename == """" {
		err = fmt.Errorf(""cannot determine filename from url: %s"", u)
		return
	}

	// Initiate the download
	resp, err := httputils.Download(srcURL)
	if err != nil {
		return
	}

	// Prepare file in a tmp dir
	tmpDir, err := ioutils.TempDir("""", ""docker-remote"")
	if err != nil {
		return
	}
	defer func() {
		if err != nil {
			os.RemoveAll(tmpDir)
		}
	}()
	tmpFileName := filepath.Join(tmpDir, filename)
	tmpFile, err := os.OpenFile(tmpFileName, os.O_RDWR|os.O_CREATE|os.O_EXCL, 0600)
	if err != nil {
		return
	}

	stdoutFormatter := b.Stdout.(*streamformatter.StdoutFormatter)
	progressOutput := stdoutFormatter.StreamFormatter.NewProgressOutput(stdoutFormatter.Writer, true)
	progressReader := progress.NewProgressReader(resp.Body, progressOutput, resp.ContentLength, """", ""Downloading"")
	// Download and dump result to tmp file
	if _, err = io.Copy(tmpFile, progressReader); err != nil {
		tmpFile.Close()
		return
	}
	fmt.Fprintln(b.Stdout)
	// ignoring error because the file was already opened successfully
	tmpFileSt, err := tmpFile.Stat()
	if err != nil {
		return
	}
	tmpFile.Close()

	// Set the mtime to the Last-Modified header value if present
	// Otherwise just remove atime and mtime
	mTime := time.Time{}

	lastMod := resp.Header.Get(""Last-Modified"")
	if lastMod != """" {
		// If we can't parse it then just let it default to 'zero'
		// otherwise use the parsed time value
		if parsedMTime, err := http.ParseTime(lastMod); err == nil {
			mTime = parsedMTime
		}
	}

	if err = system.Chtimes(tmpFileName, mTime, mTime); err != nil {
		return
	}

	// Calc the checksum, even if we're using the cache
	r, err := archive.Tar(tmpFileName, archive.Uncompressed)
	if err != nil {
		return
	}
	tarSum, err := tarsum.NewTarSum(r, true, tarsum.Version1)
	if err != nil {
		return
	}
	if _, err = io.Copy(ioutil.Discard, tarSum); err != nil {
		return
	}
	hash := tarSum.Sum(nil)
	r.Close()
	return &builder.HashedFileInfo{FileInfo: builder.PathFileInfo{FileInfo: tmpFileSt, FilePath: tmpFileName}, FileHash: hash}, nil
}

func (b *Builder) calcCopyInfo(cmdName, origPath string, allowLocalDecompression, allowWildcards bool) ([]copyInfo, error) {

	// Work in daemon-specific OS filepath semantics
	origPath = filepath.FromSlash(origPath)

	if origPath != """" && origPath[0] == os.PathSeparator && len(origPath) > 1 {
		origPath = origPath[1:]
	}
	origPath = strings.TrimPrefix(origPath, "".""+string(os.PathSeparator))

	// Deal with wildcards
	if allowWildcards && containsWildcards(origPath) {
		var copyInfos []copyInfo
		if err := b.context.Walk("""", func(path string, info builder.FileInfo, err error) error {
			if err != nil {
				return err
			}
			if info.Name() == """" {
				// Why are we doing this check?
				return nil
			}
			if match, _ := filepath.Match(origPath, path); !match {
				return nil
			}

			// Note we set allowWildcards to false in case the name has
			// a * in it
			subInfos, err := b.calcCopyInfo(cmdName, path, allowLocalDecompression, false)
			if err != nil {
				return err
			}
			copyInfos = append(copyInfos, subInfos...)
			return nil
		}); err != nil {
			return nil, err
		}
		return copyInfos, nil
	}

	// Must be a dir or a file

	statPath, fi, err := b.context.Stat(origPath)
	if err != nil {
		return nil, err
	}

	copyInfos := []copyInfo{{FileInfo: fi, decompress: allowLocalDecompression}}

	hfi, handleHash := fi.(builder.Hashed)
	if !handleHash {
		return copyInfos, nil
	}

	// Deal with the single file case
	if !fi.IsDir() {
		hfi.SetHash(""file:"" + hfi.Hash())
		return copyInfos, nil
	}
	// Must be a dir
	var subfiles []string
	err = b.context.Walk(statPath, func(path string, info builder.FileInfo, err error) error {
		if err != nil {
			return err
		}
		// we already checked handleHash above
		subfiles = append(subfiles, info.(builder.Hashed).Hash())
		return nil
	})
	if err != nil {
		return nil, err
	}

	sort.Strings(subfiles)
	hasher := sha256.New()
	hasher.Write([]byte(strings.Join(subfiles, "","")))
	hfi.SetHash(""dir:"" + hex.EncodeToString(hasher.Sum(nil)))

	return copyInfos, nil
}

func containsWildcards(name string) bool {
	for i := 0; i < len(name); i++ {
		ch := name[i]
		if ch == '\\' {
			i++
		} else if ch == '*' || ch == '?' || ch == '[' {
			return true
		}
	}
	return false
}

func (b *Builder) processImageFrom(img builder.Image) error {
	if img != nil {
		b.image = img.ImageID()

		if img.RunConfig() != nil {
			b.runConfig = img.RunConfig()
		}
	}

	// Check to see if we have a default PATH, note that windows won't
	// have one as its set by HCS
	if system.DefaultPathEnv != """" {
		// Convert the slice of strings that represent the current list
		// of env vars into a map so we can see if PATH is already set.
		// If its not set then go ahead and give it our default value
		configEnv := opts.ConvertKVStringsToMap(b.runConfig.Env)
		if _, ok := configEnv[""PATH""]; !ok {
			b.runConfig.Env = append(b.runConfig.Env,
				""PATH=""+system.DefaultPathEnv)
		}
	}

	if img == nil {
		// Typically this means they used ""FROM scratch""
		return nil
	}

	// Process ONBUILD triggers if they exist
	if nTriggers := len(b.runConfig.OnBuild); nTriggers != 0 {
		word := ""trigger""
		if nTriggers > 1 {
			word = ""triggers""
		}
		fmt.Fprintf(b.Stderr, ""# Executing %d build %s...\n"", nTriggers, word)
	}

	// Copy the ONBUILD triggers, and remove them from the config, since the config will be committed.
	onBuildTriggers := b.runConfig.OnBuild
	b.runConfig.OnBuild = []string{}

	// parse the ONBUILD triggers by invoking the parser
	for _, step := range onBuildTriggers {
		ast, err := parser.Parse(strings.NewReader(step))
		if err != nil {
			return err
		}

		for i, n := range ast.Children {
			switch strings.ToUpper(n.Value) {
			case ""ONBUILD"":
				return fmt.Errorf(""Chaining ONBUILD via `ONBUILD ONBUILD` isn't allowed"")
			case ""MAINTAINER"", ""FROM"":
				return fmt.Errorf(""%s isn't allowed as an ONBUILD trigger"", n.Value)
			}

			if err := b.dispatch(i, n); err != nil {
				return err
			}
		}
	}

	return nil
}

// probeCache checks if `b.docker` implements builder.ImageCache and image-caching
// is enabled (`b.UseCache`).
// If so attempts to look up the current `b.image` and `b.runConfig` pair with `b.docker`.
// If an image is found, probeCache returns `(true, nil)`.
// If no image is found, it returns `(false, nil)`.
// If there is any error, it returns `(false, err)`.
func (b *Builder) probeCache() (bool, error) {
	c, ok := b.docker.(builder.ImageCache)
	if !ok || b.options.NoCache || b.cacheBusted {
		return false, nil
	}
	cache, err := c.GetCachedImageOnBuild(b.image, b.runConfig)
	if err != nil {
		return false, err
	}
	if len(cache) == 0 {
		logrus.Debugf(""[BUILDER] Cache miss: %s"", b.runConfig.Cmd)
		b.cacheBusted = true
		return false, nil
	}

	fmt.Fprintf(b.Stdout, "" ---> Using cache\n"")
	logrus.Debugf(""[BUILDER] Use cached version: %s"", b.runConfig.Cmd)
	b.image = string(cache)

	return true, nil
}

func (b *Builder) create() (string, error) {
	if b.image == """" && !b.noBaseImage {
		return """", fmt.Errorf(""Please provide a source image with `from` prior to run"")
	}
	b.runConfig.Image = b.image

	resources := container.Resources{
		CgroupParent: b.options.CgroupParent,
		CPUShares:    b.options.CPUShares,
		CPUPeriod:    b.options.CPUPeriod,
		CPUQuota:     b.options.CPUQuota,
		CpusetCpus:   b.options.CPUSetCPUs,
		CpusetMems:   b.options.CPUSetMems,
		Memory:       b.options.Memory,
		MemorySwap:   b.options.MemorySwap,
		Ulimits:      b.options.Ulimits,
	}

	// TODO: why not embed a hostconfig in builder?
	hostConfig := &container.HostConfig{
		Isolation: b.options.Isolation,
		ShmSize:   b.options.ShmSize,
		Resources: resources,
	}

	config := *b.runConfig

	// Create the container
	c, err := b.docker.ContainerCreate(types.ContainerCreateConfig{
		Config:     b.runConfig,
		HostConfig: hostConfig,
	})
	if err != nil {
		return """", err
	}
	for _, warning := range c.Warnings {
		fmt.Fprintf(b.Stdout, "" ---> [Warning] %s\n"", warning)
	}

	b.tmpContainers[c.ID] = struct{}{}
	fmt.Fprintf(b.Stdout, "" ---> Running in %s\n"", stringid.TruncateID(c.ID))

	// override the entry point that may have been picked up from the base image
	if err := b.docker.ContainerUpdateCmdOnBuild(c.ID, config.Cmd); err != nil {
		return """", err
	}

	return c.ID, nil
}

func (b *Builder) run(cID string) (err error) {
	errCh := make(chan error)
	go func() {
		errCh <- b.docker.ContainerAttachRaw(cID, nil, b.Stdout, b.Stderr, true)
	}()

	finished := make(chan struct{})
	defer close(finished)
	go func() {
		select {
		case <-b.cancelled:
			logrus.Debugln(""Build cancelled, killing and removing container:"", cID)
			b.docker.ContainerKill(cID, 0)
			b.removeContainer(cID)
		case <-finished:
		}
	}()

	if err := b.docker.ContainerStart(cID, nil); err != nil {
		return err
	}

	// Block on reading output from container, stop on err or chan closed
	if err := <-errCh; err != nil {
		return err
	}

	if ret, _ := b.docker.ContainerWait(cID, -1); ret != 0 {
		// TODO: change error type, because jsonmessage.JSONError assumes HTTP
		return &jsonmessage.JSONError{
			Message: fmt.Sprintf(""The command '%s' returned a non-zero code: %d"", strings.Join(b.runConfig.Cmd, "" ""), ret),
			Code:    ret,
		}
	}

	return nil
}

func (b *Builder) removeContainer(c string) error {
	rmConfig := &types.ContainerRmConfig{
		ForceRemove:  true,
		RemoveVolume: true,
	}
	if err := b.docker.ContainerRm(c, rmConfig); err != nil {
		fmt.Fprintf(b.Stdout, ""Error removing intermediate container %s: %v\n"", stringid.TruncateID(c), err)
		return err
	}
	return nil
}

func (b *Builder) clearTmp() {
	for c := range b.tmpContainers {
		if err := b.removeContainer(c); err != nil {
			return
		}
		delete(b.tmpContainers, c)
		fmt.Fprintf(b.Stdout, ""Removing intermediate container %s\n"", stringid.TruncateID(c))
	}
}

// readDockerfile reads a Dockerfile from the current context.
func (b *Builder) readDockerfile() error {
	// If no -f was specified then look for 'Dockerfile'. If we can't find
	// that then look for 'dockerfile'.  If neither are found then default
	// back to 'Dockerfile' and use that in the error message.
	if b.options.Dockerfile == """" {
		b.options.Dockerfile = builder.DefaultDockerfileName
		if _, _, err := b.context.Stat(b.options.Dockerfile); os.IsNotExist(err) {
			lowercase := strings.ToLower(b.options.Dockerfile)
			if _, _, err := b.context.Stat(lowercase); err == nil {
				b.options.Dockerfile = lowercase
			}
		}
	}

	f, err := b.context.Open(b.options.Dockerfile)
	if err != nil {
		if os.IsNotExist(err) {
			return fmt.Errorf(""Cannot locate specified Dockerfile: %s"", b.options.Dockerfile)
		}
		return err
	}
	if f, ok := f.(*os.File); ok {
		// ignoring error because Open already succeeded
		fi, err := f.Stat()
		if err != nil {
			return fmt.Errorf(""Unexpected error reading Dockerfile: %v"", err)
		}
		if fi.Size() == 0 {
			return fmt.Errorf(""The Dockerfile (%s) cannot be empty"", b.options.Dockerfile)
		}
	}
	b.dockerfile, err = parser.Parse(f)
	f.Close()
	if err != nil {
		return err
	}

	// After the Dockerfile has been parsed, we need to check the .dockerignore
	// file for either ""Dockerfile"" or "".dockerignore"", and if either are
	// present then erase them from the build context. These files should never
	// have been sent from the client but we did send them to make sure that
	// we had the Dockerfile to actually parse, and then we also need the
	// .dockerignore file to know whether either file should be removed.
	// Note that this assumes the Dockerfile has been read into memory and
	// is now safe to be removed.
	if dockerIgnore, ok := b.context.(builder.DockerIgnoreContext); ok {
		dockerIgnore.Process([]string{b.options.Dockerfile})
	}
	return nil
}

// determine if build arg is part of built-in args or user
// defined args in Dockerfile at any point in time.
func (b *Builder) isBuildArgAllowed(arg string) bool {
	if _, ok := BuiltinAllowedBuildArgs[arg]; ok {
		return true
	}
	if _, ok := b.allowedBuildArgs[arg]; ok {
		return true
	}
	return false
}","dest = filepath.Join(b.runConfig.WorkingDir, dest)
	}

	// We need to make sure the destination directory exists
	if err := b.docker.ContainerExecCreate(container.ID, types.ExecConfig{
		AttachStdin:  false,
		AttachStdout: true,
		AttachStderr: true,
		Cmd:          []string{""mkdir"", ""-p"", dest},
		Tty:          false,
	}); err != nil {
		return err
	}

	// Copy the files into the container
	if err := b.copyFiles(container.ID, dest, infos); err != nil {
		return err
	}

	// Commit the container to create the new image
	if err := b.commit(container.ID, b.runConfig.Cmd, comment); err != nil {
		return err
	}

	// Clean up the container
	if err := b.docker.ContainerRemove(container.ID, types.ContainerRemoveConfig{Force: true}); err != nil {
		return err
	}

	return nil
}"
qwen,Qwen/Qwen3-30B-A3B-Instruct-2507:nebius,go,GPL-3.0,vendor::github.com::docker::docker::builder::dockerfile::internals.go,663,0.8,0,0.031287605294825514,"		hasSlash := strings.HasSuffix(dest, string(os.PathSeparator))
		dest = filepath.Join(string(os.PathSeparator), filepath.FromSlash(b.runConfig.WorkingDir), dest)

		// Make sure we preserve any trailing slash
		if hasSlash {
			dest += string(os.PathSeparator)
		}
	}

	for _, info := range infos {
		if err := b.docker.CopyOnBuild(container.ID, dest, info.FileInfo, info.decompress); err != nil {
			return err
		}
	}

	return b.commit(container.ID, cmd, comment)
}

func (b *Builder) download(srcURL string) (fi builder.FileInfo, err error) {
	// get filename from URL
	u, err := url.Parse(srcURL)
	if err != nil {
		return
	}
	path := filepath.FromSlash(u.Path) // Ensure in platform semantics
	if strings.HasSuffix(path, string(os.PathSeparator)) {
		path = path[:len(path)-1]
	}
	parts := strings.Split(path, string(os.PathSeparator))
	filename := parts[len(parts)-1]
	if filename == """" {
		err = fmt.Errorf(""cannot determine filename from url: %s"", u)
		return
	}

	// Initiate the download
	resp, err := httputils.Download(srcURL)
	if err != nil {
		return
	}

	// Prepare file in a tmp dir
	tmpDir, err := ioutils.TempDir("""", ""docker-remote"")
	if err != nil {
		return
	}
	defer func() {
		if err != nil {
			os.RemoveAll(tmpDir)
		}
	}()
	tmpFileName := filepath.Join(tmpDir, filename)
	tmpFile, err := os.OpenFile(tmpFileName, os.O_RDWR|os.O_CREATE|os.O_EXCL, 0600)
	if err != nil {
		return
	}

	stdoutFormatter := b.Stdout.(*streamformatter.StdoutFormatter)
	progressOutput := stdoutFormatter.StreamFormatter.NewProgressOutput(stdoutFormatter.Writer, true)
	progressReader := progress.NewProgressReader(resp.Body, progressOutput, resp.ContentLength, """", ""Downloading"")
	// Download and dump result to tmp file
	if _, err = io.Copy(tmpFile, progressReader); err != nil {
		tmpFile.Close()
		return
	}
	fmt.Fprintln(b.Stdout)
	// ignoring error because the file was already opened successfully
	tmpFileSt, err := tmpFile.Stat()
	if err != nil {
		return
	}
	tmpFile.Close()

	// Set the mtime to the Last-Modified header value if present
	// Otherwise just remove atime and mtime
	mTime := time.Time{}

	lastMod := resp.Header.Get(""Last-Modified"")
	if lastMod != """" {
		// If we can't parse it then just let it default to 'zero'
		// otherwise use the parsed time value
		if parsedMTime, err := http.ParseTime(lastMod); err == nil {
			mTime = parsedMTime
		}
	}

	if err = system.Chtimes(tmpFileName, mTime, mTime); err != nil {
		return
	}

	// Calc the checksum, even if we're using the cache
	r, err := archive.Tar(tmpFileName, archive.Uncompressed)
	if err != nil {
		return
	}
	tarSum, err := tarsum.NewTarSum(r, true, tarsum.Version1)
	if err != nil {
		return
	}
	if _, err = io.Copy(ioutil.Discard, tarSum); err != nil {
		return
	}
	hash := tarSum.Sum(nil)
	r.Close()
	return &builder.HashedFileInfo{FileInfo: builder.PathFileInfo{FileInfo: tmpFileSt, FilePath: tmpFileName}, FileHash: hash}, nil
}

func (b *Builder) calcCopyInfo(cmdName, origPath string, allowLocalDecompression, allowWildcards bool) ([]copyInfo, error) {

	// Work in daemon-specific OS filepath semantics
	origPath = filepath.FromSlash(origPath)

	if origPath != """" && origPath[0] == os.PathSeparator && len(origPath) > 1 {
		origPath = origPath[1:]
	}
	origPath = strings.TrimPrefix(origPath, "".""+string(os.PathSeparator))

	// Deal with wildcards
	if allowWildcards && containsWildcards(origPath) {
		var copyInfos []copyInfo
		if err := b.context.Walk("""", func(path string, info builder.FileInfo, err error) error {
			if err != nil {
				return err
			}
			if info.Name() == """" {
				// Why are we doing this check?
				return nil
			}
			if match, _ := filepath.Match(origPath, path); !match {
				return nil
			}

			// Note we set allowWildcards to false in case the name has
			// a * in it
			subInfos, err := b.calcCopyInfo(cmdName, path, allowLocalDecompression, false)
			if err != nil {
				return err
			}
			copyInfos = append(copyInfos, subInfos...)
			return nil
		}); err != nil {
			return nil, err
		}
		return copyInfos, nil
	}

	// Must be a dir or a file

	statPath, fi, err := b.context.Stat(origPath)
	if err != nil {
		return nil, err
	}

	copyInfos := []copyInfo{{FileInfo: fi, decompress: allowLocalDecompression}}

	hfi, handleHash := fi.(builder.Hashed)
	if !handleHash {
		return copyInfos, nil
	}

	// Deal with the single file case
	if !fi.IsDir() {
		hfi.SetHash(""file:"" + hfi.Hash())
		return copyInfos, nil
	}
	// Must be a dir
	var subfiles []string
	err = b.context.Walk(statPath, func(path string, info builder.FileInfo, err error) error {
		if err != nil {
			return err
		}
		// we already checked handleHash above
		subfiles = append(subfiles, info.(builder.Hashed).Hash())
		return nil
	})
	if err != nil {
		return nil, err
	}

	sort.Strings(subfiles)
	hasher := sha256.New()
	hasher.Write([]byte(strings.Join(subfiles, "","")))
	hfi.SetHash(""dir:"" + hex.EncodeToString(hasher.Sum(nil)))

	return copyInfos, nil
}

func containsWildcards(name string) bool {
	for i := 0; i < len(name); i++ {
		ch := name[i]
		if ch == '\\' {
			i++
		} else if ch == '*' || ch == '?' || ch == '[' {
			return true
		}
	}
	return false
}

func (b *Builder) processImageFrom(img builder.Image) error {
	if img != nil {
		b.image = img.ImageID()

		if img.RunConfig() != nil {
			b.runConfig = img.RunConfig()
		}
	}

	// Check to see if we have a default PATH, note that windows won't
	// have one as its set by HCS
	if system.DefaultPathEnv != """" {
		// Convert the slice of strings that represent the current list
		// of env vars into a map so we can see if PATH is already set.
		// If its not set then go ahead and give it our default value
		configEnv := opts.ConvertKVStringsToMap(b.runConfig.Env)
		if _, ok := configEnv[""PATH""]; !ok {
			b.runConfig.Env = append(b.runConfig.Env,
				""PATH=""+system.DefaultPathEnv)
		}
	}

	if img == nil {
		// Typically this means they used ""FROM scratch""
		return nil
	}

	// Process ONBUILD triggers if they exist
	if nTriggers := len(b.runConfig.OnBuild); nTriggers != 0 {
		word := ""trigger""
		if nTriggers > 1 {
			word = ""triggers""
		}
		fmt.Fprintf(b.Stderr, ""# Executing %d build %s...\n"", nTriggers, word)
	}

	// Copy the ONBUILD triggers, and remove them from the config, since the config will be committed.
	onBuildTriggers := b.runConfig.OnBuild
	b.runConfig.OnBuild = []string{}

	// parse the ONBUILD triggers by invoking the parser
	for _, step := range onBuildTriggers {
		ast, err := parser.Parse(strings.NewReader(step))
		if err != nil {
			return err
		}

		for i, n := range ast.Children {
			switch strings.ToUpper(n.Value) {
			case ""ONBUILD"":
				return fmt.Errorf(""Chaining ONBUILD via `ONBUILD ONBUILD` isn't allowed"")
			case ""MAINTAINER"", ""FROM"":
				return fmt.Errorf(""%s isn't allowed as an ONBUILD trigger"", n.Value)
			}

			if err := b.dispatch(i, n); err != nil {
				return err
			}
		}
	}

	return nil
}

// probeCache checks if `b.docker` implements builder.ImageCache and image-caching
// is enabled (`b.UseCache`).
// If so attempts to look up the current `b.image` and `b.runConfig` pair with `b.docker`.
// If an image is found, probeCache returns `(true, nil)`.
// If no image is found, it returns `(false, nil)`.
// If there is any error, it returns `(false, err)`.
func (b *Builder) probeCache() (bool, error) {
	c, ok := b.docker.(builder.ImageCache)
	if !ok || b.options.NoCache || b.cacheBusted {
		return false, nil
	}
	cache, err := c.GetCachedImageOnBuild(b.image, b.runConfig)
	if err != nil {
		return false, err
	}
	if len(cache) == 0 {
		logrus.Debugf(""[BUILDER] Cache miss: %s"", b.runConfig.Cmd)
		b.cacheBusted = true
		return false, nil
	}

	fmt.Fprintf(b.Stdout, "" ---> Using cache\n"")
	logrus.Debugf(""[BUILDER] Use cached version: %s"", b.runConfig.Cmd)
	b.image = string(cache)

	return true, nil
}

func (b *Builder) create() (string, error) {
	if b.image == """" && !b.noBaseImage {
		return """", fmt.Errorf(""Please provide a source image with `from` prior to run"")
	}
	b.runConfig.Image = b.image

	resources := container.Resources{
		CgroupParent: b.options.CgroupParent,
		CPUShares:    b.options.CPUShares,
		CPUPeriod:    b.options.CPUPeriod,
		CPUQuota:     b.options.CPUQuota,
		CpusetCpus:   b.options.CPUSetCPUs,
		CpusetMems:   b.options.CPUSetMems,
		Memory:       b.options.Memory,
		MemorySwap:   b.options.MemorySwap,
		Ulimits:      b.options.Ulimits,
	}

	// TODO: why not embed a hostconfig in builder?
	hostConfig := &container.HostConfig{
		Isolation: b.options.Isolation,
		ShmSize:   b.options.ShmSize,
		Resources: resources,
	}

	config := *b.runConfig

	// Create the container
	c, err := b.docker.ContainerCreate(types.ContainerCreateConfig{
		Config:     b.runConfig,
		HostConfig: hostConfig,
	})
	if err != nil {
		return """", err
	}
	for _, warning := range c.Warnings {
		fmt.Fprintf(b.Stdout, "" ---> [Warning] %s\n"", warning)
	}

	b.tmpContainers[c.ID] = struct{}{}
	fmt.Fprintf(b.Stdout, "" ---> Running in %s\n"", stringid.TruncateID(c.ID))

	// override the entry point that may have been picked up from the base image
	if err := b.docker.ContainerUpdateCmdOnBuild(c.ID, config.Cmd); err != nil {
		return """", err
	}

	return c.ID, nil
}

func (b *Builder) run(cID string) (err error) {
	errCh := make(chan error)
	go func() {
		errCh <- b.docker.ContainerAttachRaw(cID, nil, b.Stdout, b.Stderr, true)
	}()

	finished := make(chan struct{})
	defer close(finished)
	go func() {
		select {
		case <-b.cancelled:
			logrus.Debugln(""Build cancelled, killing and removing container:"", cID)
			b.docker.ContainerKill(cID, 0)
			b.removeContainer(cID)
		case <-finished:
		}
	}()

	if err := b.docker.ContainerStart(cID, nil); err != nil {
		return err
	}

	// Block on reading output from container, stop on err or chan closed
	if err := <-errCh; err != nil {
		return err
	}

	if ret, _ := b.docker.ContainerWait(cID, -1); ret != 0 {
		// TODO: change error type, because jsonmessage.JSONError assumes HTTP
		return &jsonmessage.JSONError{
			Message: fmt.Sprintf(""The command '%s' returned a non-zero code: %d"", strings.Join(b.runConfig.Cmd, "" ""), ret),
			Code:    ret,
		}
	}

	return nil
}

func (b *Builder) removeContainer(c string) error {
	rmConfig := &types.ContainerRmConfig{
		ForceRemove:  true,
		RemoveVolume: true,
	}
	if err := b.docker.ContainerRm(c, rmConfig); err != nil {
		fmt.Fprintf(b.Stdout, ""Error removing intermediate container %s: %v\n"", stringid.TruncateID(c), err)
		return err
	}
	return nil
}

func (b *Builder) clearTmp() {
	for c := range b.tmpContainers {
		if err := b.removeContainer(c); err != nil {
			return
		}
		delete(b.tmpContainers, c)
		fmt.Fprintf(b.Stdout, ""Removing intermediate container %s\n"", stringid.TruncateID(c))
	}
}

// readDockerfile reads a Dockerfile from the current context.
func (b *Builder) readDockerfile() error {
	// If no -f was specified then look for 'Dockerfile'. If we can't find
	// that then look for 'dockerfile'.  If neither are found then default
	// back to 'Dockerfile' and use that in the error message.
	if b.options.Dockerfile == """" {
		b.options.Dockerfile = builder.DefaultDockerfileName
		if _, _, err := b.context.Stat(b.options.Dockerfile); os.IsNotExist(err) {
			lowercase := strings.ToLower(b.options.Dockerfile)
			if _, _, err := b.context.Stat(lowercase); err == nil {
				b.options.Dockerfile = lowercase
			}
		}
	}

	f, err := b.context.Open(b.options.Dockerfile)
	if err != nil {
		if os.IsNotExist(err) {
			return fmt.Errorf(""Cannot locate specified Dockerfile: %s"", b.options.Dockerfile)
		}
		return err
	}
	if f, ok := f.(*os.File); ok {
		// ignoring error because Open already succeeded
		fi, err := f.Stat()
		if err != nil {
			return fmt.Errorf(""Unexpected error reading Dockerfile: %v"", err)
		}
		if fi.Size() == 0 {
			return fmt.Errorf(""The Dockerfile (%s) cannot be empty"", b.options.Dockerfile)
		}
	}
	b.dockerfile, err = parser.Parse(f)
	f.Close()
	if err != nil {
		return err
	}

	// After the Dockerfile has been parsed, we need to check the .dockerignore
	// file for either ""Dockerfile"" or "".dockerignore"", and if either are
	// present then erase them from the build context. These files should never
	// have been sent from the client but we did send them to make sure that
	// we had the Dockerfile to actually parse, and then we also need the
	// .dockerignore file to know whether either file should be removed.
	// Note that this assumes the Dockerfile has been read into memory and
	// is now safe to be removed.
	if dockerIgnore, ok := b.context.(builder.DockerIgnoreContext); ok {
		dockerIgnore.Process([]string{b.options.Dockerfile})
	}
	return nil
}

// determine if build arg is part of built-in args or user
// defined args in Dockerfile at any point in time.
func (b *Builder) isBuildArgAllowed(arg string) bool {
	if _, ok := BuiltinAllowedBuildArgs[arg]; ok {
		return true
	}
	if _, ok := b.allowedBuildArgs[arg]; ok {
		return true
	}
	return false
}","dest = filepath.Join(b.runConfig.WorkingDir, dest)
	}

	// Copy files to the container
	if err := b.copyFiles(container.ID, dest, infos, allowLocalDecompression); err != nil {
		return err
	}

	// Commit the container
	if err := b.commit(container.ID, b.runConfig.Cmd, comment); err != nil {
		return err
	}

	return nil
}"
qwen,Qwen/Qwen3-30B-A3B-Instruct-2507:nebius,go,GPL-3.0,lib::frontend::local::strings.go,102,0.2,0,0.0,"type Perspective struct {
  SelfName string
  ButtonNew string
  LabelText string
}

// Prerequisite ...
type Prerequisite struct {
  SelfName string
  ButtonNew string
}

// Prompts ...
type Prompts struct {
  WrongUsernameOrPassword string
  NoResultsFound string
  NotWhatYouWereLookingFor string
}

// Reasoning ...
type Reasoning struct {
  SelfName string
  LabelText string
}

// User ...
type User struct {
  SelfName string
  LabelUsername string
  LabelPassword string
  ButtonRegister string
  ButtonLogin string
}

// Strings ...
type Strings struct {
  Comment Comment
  Concept Concept
  Context Context
  Discussion Discussion
  Perspective Perspective
  Prerequisite Prerequisite
  Prompts Prompts
  Reasoning Reasoning
  User User
}

// NewStrings ...
func NewStrings() *Strings {
  comment := Comment{}
  concept := Concept{}
  context := Context{}
  discussion := Discussion{}
  perspective := Perspective{}
  prerequisite := Prerequisite{}
  prompts := Prompts{}
  reasoning := Reasoning{}
  user := User{}
  strings := Strings{
    Comment: comment,
    Concept: concept,
    Context: context,
    Discussion: discussion,
    Perspective: perspective,
    Prerequisite: prerequisite,
    Prompts: prompts,
    Reasoning: reasoning,
    User: user,
  }
  return &strings
}","SelfName string
  ButtonNew string
  LabelTitle string
  LabelDescription string
}"
qwen,Qwen/Qwen3-30B-A3B-Instruct-2507:nebius,go,GPL-3.0,lib::frontend::local::strings.go,102,0.4,0,0.0,"type Perspective struct {
  SelfName string
  ButtonNew string
  LabelText string
}

// Prerequisite ...
type Prerequisite struct {
  SelfName string
  ButtonNew string
}

// Prompts ...
type Prompts struct {
  WrongUsernameOrPassword string
  NoResultsFound string
  NotWhatYouWereLookingFor string
}

// Reasoning ...
type Reasoning struct {
  SelfName string
  LabelText string
}

// User ...
type User struct {
  SelfName string
  LabelUsername string
  LabelPassword string
  ButtonRegister string
  ButtonLogin string
}

// Strings ...
type Strings struct {
  Comment Comment
  Concept Concept
  Context Context
  Discussion Discussion
  Perspective Perspective
  Prerequisite Prerequisite
  Prompts Prompts
  Reasoning Reasoning
  User User
}

// NewStrings ...
func NewStrings() *Strings {
  comment := Comment{}
  concept := Concept{}
  context := Context{}
  discussion := Discussion{}
  perspective := Perspective{}
  prerequisite := Prerequisite{}
  prompts := Prompts{}
  reasoning := Reasoning{}
  user := User{}
  strings := Strings{
    Comment: comment,
    Concept: concept,
    Context: context,
    Discussion: discussion,
    Perspective: perspective,
    Prerequisite: prerequisite,
    Prompts: prompts,
    Reasoning: reasoning,
    User: user,
  }
  return &strings
}","SelfName string
  ButtonNew string
  LabelTitle string
  LabelDescription string
  LabelTags string
  LabelCreatedBy string
  LabelCreatedOn string
  LabelLastModified string
  LabelStatus string
  LabelActions string
  ButtonSave string
  ButtonCancel string
  ButtonDelete string
  ButtonEdit string
  ButtonAddTag string
  ButtonRemoveTag string
  PlaceholderTag string
  TooltipAddTag string
  TooltipRemoveTag string
  AlertDeleteConfirmation string
  AlertSaveSuccess string
  AlertSaveError string
  AlertDeleteError string
  StatusDraft string
  StatusPublished string
  StatusArchived string
  LabelNoTags string
  LabelEmptyState string
  LabelLoading string
  LabelError string
  LabelSuccess string
  LabelWarning string
  LabelInfo string
  ButtonClose string
  ButtonConfirm string
  ButtonReject string
  LabelConfirmDelete string
  LabelConfirmDiscard string
  LabelConfirmSave string
  LabelConfirmPublish string
  LabelConfirmArchive string
  LabelConfirmUnarchive string
  LabelConfirmRevert string
  LabelConfirmMerge string
  LabelConfirmSplit string
  LabelConfirmDuplicate string"
qwen,Qwen/Qwen3-30B-A3B-Instruct-2507:nebius,go,GPL-3.0,lib::frontend::local::strings.go,102,0.8,0,0.32967032967032966,"type Perspective struct {
  SelfName string
  ButtonNew string
  LabelText string
}

// Prerequisite ...
type Prerequisite struct {
  SelfName string
  ButtonNew string
}

// Prompts ...
type Prompts struct {
  WrongUsernameOrPassword string
  NoResultsFound string
  NotWhatYouWereLookingFor string
}

// Reasoning ...
type Reasoning struct {
  SelfName string
  LabelText string
}

// User ...
type User struct {
  SelfName string
  LabelUsername string
  LabelPassword string
  ButtonRegister string
  ButtonLogin string
}

// Strings ...
type Strings struct {
  Comment Comment
  Concept Concept
  Context Context
  Discussion Discussion
  Perspective Perspective
  Prerequisite Prerequisite
  Prompts Prompts
  Reasoning Reasoning
  User User
}

// NewStrings ...
func NewStrings() *Strings {
  comment := Comment{}
  concept := Concept{}
  context := Context{}
  discussion := Discussion{}
  perspective := Perspective{}
  prerequisite := Prerequisite{}
  prompts := Prompts{}
  reasoning := Reasoning{}
  user := User{}
  strings := Strings{
    Comment: comment,
    Concept: concept,
    Context: context,
    Discussion: discussion,
    Perspective: perspective,
    Prerequisite: prerequisite,
    Prompts: prompts,
    Reasoning: reasoning,
    User: user,
  }
  return &strings
}","type Perspective struct {
  SelfName string
  ButtonNew string
  LabelTitle string
  LabelDescription string
}"
qwen,Qwen/Qwen3-30B-A3B-Instruct-2507:nebius,go,GPL-3.0,staging::src::k8s.io::client-go::tools::cache::expiration_cache.go,209,0.2,0,0.2610062893081761,"
// IsExpired returns true if the given object is older than the ttl, or it can't
// determine its age.
func (p *TTLPolicy) IsExpired(obj *timestampedEntry) bool {
	return p.Ttl > 0 && p.Clock.Since(obj.timestamp) > p.Ttl
}

// timestampedEntry is the only type allowed in a ExpirationCache.
type timestampedEntry struct {
	obj       interface{}
	timestamp time.Time
}

// getTimestampedEntry returns the timestampedEntry stored under the given key.
func (c *ExpirationCache) getTimestampedEntry(key string) (*timestampedEntry, bool) {
	item, _ := c.cacheStorage.Get(key)
	if tsEntry, ok := item.(*timestampedEntry); ok {
		return tsEntry, true
	}
	return nil, false
}

// getOrExpire retrieves the object from the timestampedEntry if and only if it hasn't
// already expired. It holds a write lock across deletion.
func (c *ExpirationCache) getOrExpire(key string) (interface{}, bool) {
	// Prevent all inserts from the time we deem an item as ""expired"" to when we
	// delete it, so an un-expired item doesn't sneak in under the same key, just
	// before the Delete.
	c.expirationLock.Lock()
	defer c.expirationLock.Unlock()
	timestampedItem, exists := c.getTimestampedEntry(key)
	if !exists {
		return nil, false
	}
	if c.expirationPolicy.IsExpired(timestampedItem) {
		glog.V(4).Infof(""Entry %v: %+v has expired"", key, timestampedItem.obj)
		c.cacheStorage.Delete(key)
		return nil, false
	}
	return timestampedItem.obj, true
}

// GetByKey returns the item stored under the key, or sets exists=false.
func (c *ExpirationCache) GetByKey(key string) (interface{}, bool, error) {
	obj, exists := c.getOrExpire(key)
	return obj, exists, nil
}

// Get returns unexpired items. It purges the cache of expired items in the
// process.
func (c *ExpirationCache) Get(obj interface{}) (interface{}, bool, error) {
	key, err := c.keyFunc(obj)
	if err != nil {
		return nil, false, KeyError{obj, err}
	}
	obj, exists := c.getOrExpire(key)
	return obj, exists, nil
}

// List retrieves a list of unexpired items. It purges the cache of expired
// items in the process.
func (c *ExpirationCache) List() []interface{} {
	items := c.cacheStorage.List()

	list := make([]interface{}, 0, len(items))
	for _, item := range items {
		obj := item.(*timestampedEntry).obj
		if key, err := c.keyFunc(obj); err != nil {
			list = append(list, obj)
		} else if obj, exists := c.getOrExpire(key); exists {
			list = append(list, obj)
		}
	}
	return list
}

// ListKeys returns a list of all keys in the expiration cache.
func (c *ExpirationCache) ListKeys() []string {
	return c.cacheStorage.ListKeys()
}

// Add timestamps an item and inserts it into the cache, overwriting entries
// that might exist under the same key.
func (c *ExpirationCache) Add(obj interface{}) error {
	c.expirationLock.Lock()
	defer c.expirationLock.Unlock()

	key, err := c.keyFunc(obj)
	if err != nil {
		return KeyError{obj, err}
	}
	c.cacheStorage.Add(key, &timestampedEntry{obj, c.clock.Now()})
	return nil
}

// Update has not been implemented yet for lack of a use case, so this method
// simply calls `Add`. This effectively refreshes the timestamp.
func (c *ExpirationCache) Update(obj interface{}) error {
	return c.Add(obj)
}

// Delete removes an item from the cache.
func (c *ExpirationCache) Delete(obj interface{}) error {
	c.expirationLock.Lock()
	defer c.expirationLock.Unlock()
	key, err := c.keyFunc(obj)
	if err != nil {
		return KeyError{obj, err}
	}
	c.cacheStorage.Delete(key)
	return nil
}

// Replace will convert all items in the given list to TimestampedEntries
// before attempting the replace operation. The replace operation will
// delete the contents of the ExpirationCache `c`.
func (c *ExpirationCache) Replace(list []interface{}, resourceVersion string) error {
	c.expirationLock.Lock()
	defer c.expirationLock.Unlock()
	items := make(map[string]interface{}, len(list))
	ts := c.clock.Now()
	for _, item := range list {
		key, err := c.keyFunc(item)
		if err != nil {
			return KeyError{item, err}
		}
		items[key] = &timestampedEntry{item, ts}
	}
	c.cacheStorage.Replace(items, resourceVersion)
	return nil
}

// Resync will touch all objects to put them into the processing queue
func (c *ExpirationCache) Resync() error {
	return c.cacheStorage.Resync()
}

// NewTTLStore creates and returns a ExpirationCache with a TTLPolicy
func NewTTLStore(keyFunc KeyFunc, ttl time.Duration) Store {
	return &ExpirationCache{
		cacheStorage:     NewThreadSafeStore(Indexers{}, Indices{}),
		keyFunc:          keyFunc,
		clock:            clock.RealClock{},
		expirationPolicy: &TTLPolicy{ttl, clock.RealClock{}},
	}
}","func (t *TTLPolicy) IsExpired(obj *timestampedEntry) bool {
	if t.Ttl <= 0 {
		return false
	}
	return t.Clock.Now().Sub(obj.timestamp) > t.Ttl
}

// timestampedEntry wraps an object with a timestamp of when it was inserted
type timestampedEntry struct {
	obj       interface{}
	timestamp time.Time
}

// NewExpirationCache creates a new ExpirationCache with the given parameters.
func NewExpirationCache(keyFunc KeyFunc, expirationPolicy ExpirationPolicy, clock clock.Clock) *ExpirationCache {
	return &ExpirationCache{
		cacheStorage:     NewThreadSafeStore(Indexers{}, Indices{}),
		keyFunc:          keyFunc,
		clock:            clock,
		expirationPolicy: expirationPolicy,
	}
}

// Add inserts an item into the cache with the current timestamp.
func (c *ExpirationCache) Add(obj interface{}) error {
	key, err := c.keyFunc(obj)
	if err != nil {
		return err
	}
	c.expirationLock.Lock()
	defer c.expirationLock.Unlock()

	c.cacheStorage.Add(key, &timestampedEntry{
		obj:       obj,
		timestamp: c.clock.Now(),
	})
	return nil
}

// Update updates an"
qwen,Qwen/Qwen3-30B-A3B-Instruct-2507:nebius,go,GPL-3.0,staging::src::k8s.io::client-go::tools::cache::expiration_cache.go,209,0.4,0,0.24600638977635783,"
// IsExpired returns true if the given object is older than the ttl, or it can't
// determine its age.
func (p *TTLPolicy) IsExpired(obj *timestampedEntry) bool {
	return p.Ttl > 0 && p.Clock.Since(obj.timestamp) > p.Ttl
}

// timestampedEntry is the only type allowed in a ExpirationCache.
type timestampedEntry struct {
	obj       interface{}
	timestamp time.Time
}

// getTimestampedEntry returns the timestampedEntry stored under the given key.
func (c *ExpirationCache) getTimestampedEntry(key string) (*timestampedEntry, bool) {
	item, _ := c.cacheStorage.Get(key)
	if tsEntry, ok := item.(*timestampedEntry); ok {
		return tsEntry, true
	}
	return nil, false
}

// getOrExpire retrieves the object from the timestampedEntry if and only if it hasn't
// already expired. It holds a write lock across deletion.
func (c *ExpirationCache) getOrExpire(key string) (interface{}, bool) {
	// Prevent all inserts from the time we deem an item as ""expired"" to when we
	// delete it, so an un-expired item doesn't sneak in under the same key, just
	// before the Delete.
	c.expirationLock.Lock()
	defer c.expirationLock.Unlock()
	timestampedItem, exists := c.getTimestampedEntry(key)
	if !exists {
		return nil, false
	}
	if c.expirationPolicy.IsExpired(timestampedItem) {
		glog.V(4).Infof(""Entry %v: %+v has expired"", key, timestampedItem.obj)
		c.cacheStorage.Delete(key)
		return nil, false
	}
	return timestampedItem.obj, true
}

// GetByKey returns the item stored under the key, or sets exists=false.
func (c *ExpirationCache) GetByKey(key string) (interface{}, bool, error) {
	obj, exists := c.getOrExpire(key)
	return obj, exists, nil
}

// Get returns unexpired items. It purges the cache of expired items in the
// process.
func (c *ExpirationCache) Get(obj interface{}) (interface{}, bool, error) {
	key, err := c.keyFunc(obj)
	if err != nil {
		return nil, false, KeyError{obj, err}
	}
	obj, exists := c.getOrExpire(key)
	return obj, exists, nil
}

// List retrieves a list of unexpired items. It purges the cache of expired
// items in the process.
func (c *ExpirationCache) List() []interface{} {
	items := c.cacheStorage.List()

	list := make([]interface{}, 0, len(items))
	for _, item := range items {
		obj := item.(*timestampedEntry).obj
		if key, err := c.keyFunc(obj); err != nil {
			list = append(list, obj)
		} else if obj, exists := c.getOrExpire(key); exists {
			list = append(list, obj)
		}
	}
	return list
}

// ListKeys returns a list of all keys in the expiration cache.
func (c *ExpirationCache) ListKeys() []string {
	return c.cacheStorage.ListKeys()
}

// Add timestamps an item and inserts it into the cache, overwriting entries
// that might exist under the same key.
func (c *ExpirationCache) Add(obj interface{}) error {
	c.expirationLock.Lock()
	defer c.expirationLock.Unlock()

	key, err := c.keyFunc(obj)
	if err != nil {
		return KeyError{obj, err}
	}
	c.cacheStorage.Add(key, &timestampedEntry{obj, c.clock.Now()})
	return nil
}

// Update has not been implemented yet for lack of a use case, so this method
// simply calls `Add`. This effectively refreshes the timestamp.
func (c *ExpirationCache) Update(obj interface{}) error {
	return c.Add(obj)
}

// Delete removes an item from the cache.
func (c *ExpirationCache) Delete(obj interface{}) error {
	c.expirationLock.Lock()
	defer c.expirationLock.Unlock()
	key, err := c.keyFunc(obj)
	if err != nil {
		return KeyError{obj, err}
	}
	c.cacheStorage.Delete(key)
	return nil
}

// Replace will convert all items in the given list to TimestampedEntries
// before attempting the replace operation. The replace operation will
// delete the contents of the ExpirationCache `c`.
func (c *ExpirationCache) Replace(list []interface{}, resourceVersion string) error {
	c.expirationLock.Lock()
	defer c.expirationLock.Unlock()
	items := make(map[string]interface{}, len(list))
	ts := c.clock.Now()
	for _, item := range list {
		key, err := c.keyFunc(item)
		if err != nil {
			return KeyError{item, err}
		}
		items[key] = &timestampedEntry{item, ts}
	}
	c.cacheStorage.Replace(items, resourceVersion)
	return nil
}

// Resync will touch all objects to put them into the processing queue
func (c *ExpirationCache) Resync() error {
	return c.cacheStorage.Resync()
}

// NewTTLStore creates and returns a ExpirationCache with a TTLPolicy
func NewTTLStore(keyFunc KeyFunc, ttl time.Duration) Store {
	return &ExpirationCache{
		cacheStorage:     NewThreadSafeStore(Indexers{}, Indices{}),
		keyFunc:          keyFunc,
		clock:            clock.RealClock{},
		expirationPolicy: &TTLPolicy{ttl, clock.RealClock{}},
	}
}","func (t *TTLPolicy) IsExpired(obj *timestampedEntry) bool {
	if t.Ttl <= 0 {
		return false
	}
	return t.Clock.Now().Sub(obj.timestamp) > t.Ttl
}

// timestampedEntry wraps an object with a timestamp of when it was inserted
type timestampedEntry struct {
	obj       interface{}
	timestamp time.Time
}

// NewExpirationCache returns a new ExpirationCache
func NewExpirationCache(keyFunc KeyFunc, expirationPolicy ExpirationPolicy) *ExpirationCache {
	return &ExpirationCache{
		cacheStorage:     NewThreadSafeStore(Indexers{}, Indices{}),
		keyFunc:          keyFunc,
		clock:            clock.RealClock{},
		expirationPolicy: expirationPolicy,
	}
}

// Add inserts an item into the cache with the current time as its timestamp
func (e *ExpirationCache) Add(obj interface{}) error {
	key, err := e.keyFunc(obj)
	if err != nil {
		return err
	}
	timestampedObj := &timestampedEntry{
		obj:       obj,
		timestamp: e.clock.Now(),
	}
	e.cacheStorage.Add(key, timestampedObj)
	return nil
}

// Update replaces an item in the cache with a new"
qwen,Qwen/Qwen3-30B-A3B-Instruct-2507:nebius,go,GPL-3.0,staging::src::k8s.io::client-go::tools::cache::expiration_cache.go,209,0.8,0,0.1910828025477707,"
// IsExpired returns true if the given object is older than the ttl, or it can't
// determine its age.
func (p *TTLPolicy) IsExpired(obj *timestampedEntry) bool {
	return p.Ttl > 0 && p.Clock.Since(obj.timestamp) > p.Ttl
}

// timestampedEntry is the only type allowed in a ExpirationCache.
type timestampedEntry struct {
	obj       interface{}
	timestamp time.Time
}

// getTimestampedEntry returns the timestampedEntry stored under the given key.
func (c *ExpirationCache) getTimestampedEntry(key string) (*timestampedEntry, bool) {
	item, _ := c.cacheStorage.Get(key)
	if tsEntry, ok := item.(*timestampedEntry); ok {
		return tsEntry, true
	}
	return nil, false
}

// getOrExpire retrieves the object from the timestampedEntry if and only if it hasn't
// already expired. It holds a write lock across deletion.
func (c *ExpirationCache) getOrExpire(key string) (interface{}, bool) {
	// Prevent all inserts from the time we deem an item as ""expired"" to when we
	// delete it, so an un-expired item doesn't sneak in under the same key, just
	// before the Delete.
	c.expirationLock.Lock()
	defer c.expirationLock.Unlock()
	timestampedItem, exists := c.getTimestampedEntry(key)
	if !exists {
		return nil, false
	}
	if c.expirationPolicy.IsExpired(timestampedItem) {
		glog.V(4).Infof(""Entry %v: %+v has expired"", key, timestampedItem.obj)
		c.cacheStorage.Delete(key)
		return nil, false
	}
	return timestampedItem.obj, true
}

// GetByKey returns the item stored under the key, or sets exists=false.
func (c *ExpirationCache) GetByKey(key string) (interface{}, bool, error) {
	obj, exists := c.getOrExpire(key)
	return obj, exists, nil
}

// Get returns unexpired items. It purges the cache of expired items in the
// process.
func (c *ExpirationCache) Get(obj interface{}) (interface{}, bool, error) {
	key, err := c.keyFunc(obj)
	if err != nil {
		return nil, false, KeyError{obj, err}
	}
	obj, exists := c.getOrExpire(key)
	return obj, exists, nil
}

// List retrieves a list of unexpired items. It purges the cache of expired
// items in the process.
func (c *ExpirationCache) List() []interface{} {
	items := c.cacheStorage.List()

	list := make([]interface{}, 0, len(items))
	for _, item := range items {
		obj := item.(*timestampedEntry).obj
		if key, err := c.keyFunc(obj); err != nil {
			list = append(list, obj)
		} else if obj, exists := c.getOrExpire(key); exists {
			list = append(list, obj)
		}
	}
	return list
}

// ListKeys returns a list of all keys in the expiration cache.
func (c *ExpirationCache) ListKeys() []string {
	return c.cacheStorage.ListKeys()
}

// Add timestamps an item and inserts it into the cache, overwriting entries
// that might exist under the same key.
func (c *ExpirationCache) Add(obj interface{}) error {
	c.expirationLock.Lock()
	defer c.expirationLock.Unlock()

	key, err := c.keyFunc(obj)
	if err != nil {
		return KeyError{obj, err}
	}
	c.cacheStorage.Add(key, &timestampedEntry{obj, c.clock.Now()})
	return nil
}

// Update has not been implemented yet for lack of a use case, so this method
// simply calls `Add`. This effectively refreshes the timestamp.
func (c *ExpirationCache) Update(obj interface{}) error {
	return c.Add(obj)
}

// Delete removes an item from the cache.
func (c *ExpirationCache) Delete(obj interface{}) error {
	c.expirationLock.Lock()
	defer c.expirationLock.Unlock()
	key, err := c.keyFunc(obj)
	if err != nil {
		return KeyError{obj, err}
	}
	c.cacheStorage.Delete(key)
	return nil
}

// Replace will convert all items in the given list to TimestampedEntries
// before attempting the replace operation. The replace operation will
// delete the contents of the ExpirationCache `c`.
func (c *ExpirationCache) Replace(list []interface{}, resourceVersion string) error {
	c.expirationLock.Lock()
	defer c.expirationLock.Unlock()
	items := make(map[string]interface{}, len(list))
	ts := c.clock.Now()
	for _, item := range list {
		key, err := c.keyFunc(item)
		if err != nil {
			return KeyError{item, err}
		}
		items[key] = &timestampedEntry{item, ts}
	}
	c.cacheStorage.Replace(items, resourceVersion)
	return nil
}

// Resync will touch all objects to put them into the processing queue
func (c *ExpirationCache) Resync() error {
	return c.cacheStorage.Resync()
}

// NewTTLStore creates and returns a ExpirationCache with a TTLPolicy
func NewTTLStore(keyFunc KeyFunc, ttl time.Duration) Store {
	return &ExpirationCache{
		cacheStorage:     NewThreadSafeStore(Indexers{}, Indices{}),
		keyFunc:          keyFunc,
		clock:            clock.RealClock{},
		expirationPolicy: &TTLPolicy{ttl, clock.RealClock{}},
	}
}","func (t *TTLPolicy) IsExpired(obj *timestampedEntry) bool {
	if t.Ttl <= 0 {
		return false
	}
	return t.Clock.Now().Sub(obj.timestamp) > t.Ttl
}

// timestampedEntry wraps an object with a timestamp of when it was inserted
type timestampedEntry struct {
	obj       interface{}
	timestamp time.Time
}

// NewExpirationCache returns a new ExpirationCache with the given parameters
func NewExpirationCache(keyFunc KeyFunc, clock clock.Clock, expirationPolicy ExpirationPolicy) *ExpirationCache {
	return &ExpirationCache{
		cacheStorage:     NewThreadSafeStore(Indexers{}, Indices{}),
		keyFunc:          keyFunc,
		clock:            clock,
		expirationPolicy: expirationPolicy,
	}
}

// Add inserts an item into the cache with a timestamp
func (c *ExpirationCache) Add(obj interface{}) error {
	key, err := c.keyFunc(obj)
	if err != nil {
		return fmt.Errorf(""couldn't create key for object: %v"", err)
	}

	c.expirationLock.Lock()
	defer c.expirationLock.Unlock()

	c.cacheStorage.Add(key, &timestampedEntry{
		obj:       obj,
		timestamp: c.clock"
qwen,Qwen/Qwen3-30B-A3B-Instruct-2507:nebius,go,GPL-3.0,src::acceptance-tests::vendor::src::github.com::sclevine::agouti::core::internal::mocks::element.go,145,0.2,0,0.20614035087719298,"	ClearCall struct {
		Called bool
		Err    error
	}

	ValueCall struct {
		Text string
		Err  error
	}

	IsSelectedCall struct {
		ReturnSelected bool
		Err            error
	}

	IsDisplayedCall struct {
		ReturnDisplayed bool
		Err             error
	}

	IsEnabledCall struct {
		ReturnEnabled bool
		Err           error
	}

	SubmitCall struct {
		Called bool
		Err    error
	}

	IsEqualToCall struct {
		Element      types.Element
		ReturnEquals bool
		Err          error
	}
}

func (e *Element) GetID() string {
	return e.GetIDCall.ReturnID
}

func (e *Element) GetElement(selector types.Selector) (types.Element, error) {
	e.GetElementCall.Selector = selector
	return e.GetElementCall.ReturnElement, e.GetElementCall.Err
}

func (e *Element) GetElements(selector types.Selector) ([]types.Element, error) {
	e.GetElementsCall.Selector = selector
	return e.GetElementsCall.ReturnElements, e.GetElementsCall.Err
}

func (e *Element) GetText() (string, error) {
	return e.GetTextCall.ReturnText, e.GetTextCall.Err
}

func (e *Element) GetAttribute(attribute string) (string, error) {
	e.GetAttributeCall.Attribute = attribute
	return e.GetAttributeCall.ReturnValue, e.GetAttributeCall.Err
}

func (e *Element) GetCSS(property string) (string, error) {
	e.GetCSSCall.Property = property
	return e.GetCSSCall.ReturnValue, e.GetCSSCall.Err
}

func (e *Element) Click() error {
	e.ClickCall.Called = true
	return e.ClickCall.Err
}

func (e *Element) Clear() error {
	e.ClearCall.Called = true
	return e.ClearCall.Err
}

func (e *Element) Value(text string) error {
	e.ValueCall.Text = text
	return e.ValueCall.Err
}

func (e *Element) IsSelected() (bool, error) {
	return e.IsSelectedCall.ReturnSelected, e.IsSelectedCall.Err
}

func (e *Element) IsDisplayed() (bool, error) {
	return e.IsDisplayedCall.ReturnDisplayed, e.IsDisplayedCall.Err
}

func (e *Element) IsEnabled() (bool, error) {
	return e.IsEnabledCall.ReturnEnabled, e.IsEnabledCall.Err
}

func (e *Element) Submit() error {
	e.SubmitCall.Called = true
	return e.SubmitCall.Err
}

func (e *Element) IsEqualTo(other types.Element) (bool, error) {
	e.IsEqualToCall.Element = other
	return e.IsEqualToCall.ReturnEquals, e.IsEqualToCall.Err
}","SetAttributeCall struct {
		Attribute string
		Value     string
		Err       error
	}

	SetTextCall struct {
		Text string
		Err  error
	}

	SubmitCall struct {
		Err error
	}

	IsDisplayedCall struct {
		Return bool
		Err    error
	}

	IsEnabledCall struct {
		Return bool
		Err    error
	}

	IsSelectedCall struct {
		Return bool
		Err    error
	}

	LocationCall struct {
		Location types.Location
		Err      error
	}

	SizeCall struct {
		Size types.Size
		Err  error
	}

	WaitForCall struct {
		Condition types.Condition
		Err       error
	}

	WaitForVisibleCall struct {
		Err error
	}

	WaitForNotVisibleCall struct {
		Err error
	}

	WaitForEnabledCall struct {
		Err error
	}

	WaitForNotEnabledCall struct {
		Err error
	}

	WaitForSelectedCall struct {
		Err error
	}

	WaitForNotSelectedCall struct {
		Err error
	}

	WaitForTextCall struct {"
qwen,Qwen/Qwen3-30B-A3B-Instruct-2507:nebius,go,GPL-3.0,src::acceptance-tests::vendor::src::github.com::sclevine::agouti::core::internal::mocks::element.go,145,0.4,0,0.23706896551724138,"	ClearCall struct {
		Called bool
		Err    error
	}

	ValueCall struct {
		Text string
		Err  error
	}

	IsSelectedCall struct {
		ReturnSelected bool
		Err            error
	}

	IsDisplayedCall struct {
		ReturnDisplayed bool
		Err             error
	}

	IsEnabledCall struct {
		ReturnEnabled bool
		Err           error
	}

	SubmitCall struct {
		Called bool
		Err    error
	}

	IsEqualToCall struct {
		Element      types.Element
		ReturnEquals bool
		Err          error
	}
}

func (e *Element) GetID() string {
	return e.GetIDCall.ReturnID
}

func (e *Element) GetElement(selector types.Selector) (types.Element, error) {
	e.GetElementCall.Selector = selector
	return e.GetElementCall.ReturnElement, e.GetElementCall.Err
}

func (e *Element) GetElements(selector types.Selector) ([]types.Element, error) {
	e.GetElementsCall.Selector = selector
	return e.GetElementsCall.ReturnElements, e.GetElementsCall.Err
}

func (e *Element) GetText() (string, error) {
	return e.GetTextCall.ReturnText, e.GetTextCall.Err
}

func (e *Element) GetAttribute(attribute string) (string, error) {
	e.GetAttributeCall.Attribute = attribute
	return e.GetAttributeCall.ReturnValue, e.GetAttributeCall.Err
}

func (e *Element) GetCSS(property string) (string, error) {
	e.GetCSSCall.Property = property
	return e.GetCSSCall.ReturnValue, e.GetCSSCall.Err
}

func (e *Element) Click() error {
	e.ClickCall.Called = true
	return e.ClickCall.Err
}

func (e *Element) Clear() error {
	e.ClearCall.Called = true
	return e.ClearCall.Err
}

func (e *Element) Value(text string) error {
	e.ValueCall.Text = text
	return e.ValueCall.Err
}

func (e *Element) IsSelected() (bool, error) {
	return e.IsSelectedCall.ReturnSelected, e.IsSelectedCall.Err
}

func (e *Element) IsDisplayed() (bool, error) {
	return e.IsDisplayedCall.ReturnDisplayed, e.IsDisplayedCall.Err
}

func (e *Element) IsEnabled() (bool, error) {
	return e.IsEnabledCall.ReturnEnabled, e.IsEnabledCall.Err
}

func (e *Element) Submit() error {
	e.SubmitCall.Called = true
	return e.SubmitCall.Err
}

func (e *Element) IsEqualTo(other types.Element) (bool, error) {
	e.IsEqualToCall.Element = other
	return e.IsEqualToCall.ReturnEquals, e.IsEqualToCall.Err
}","SetAttributeCall struct {
		Attribute string
		Value     string
		Err       error
	}

	SetCSSCall struct {
		Property string
		Value    string
		Err      error
	}

	SendKeysCall struct {
		Keys     string
		Err      error
	}

	SubmitCall struct {
		Err error
	}

	IsDisplayedCall struct {
		Return bool
		Err    error
	}

	IsEnabledCall struct {
		Return bool
		Err    error
	}

	IsSelectedCall struct {
		Return bool
		Err    error
	}

	LocationCall struct {
		X      float64
		Y      float64
		Err    error
	}

	SizeCall struct {
		Width  float64
		Height float64
		Err    error
	}

	EqualsCall struct {
		Element types.Element
		Return  bool
		Err     error
	}

	WaitCall struct {
		Condition types.Condition
		Timeout   float64
		Err       error
	}

	WaitForCall struct {
		Condition types.Condition
		Timeout   float64"
qwen,Qwen/Qwen3-30B-A3B-Instruct-2507:nebius,go,GPL-3.0,src::acceptance-tests::vendor::src::github.com::sclevine::agouti::core::internal::mocks::element.go,145,0.8,0,0.29310344827586204,"	ClearCall struct {
		Called bool
		Err    error
	}

	ValueCall struct {
		Text string
		Err  error
	}

	IsSelectedCall struct {
		ReturnSelected bool
		Err            error
	}

	IsDisplayedCall struct {
		ReturnDisplayed bool
		Err             error
	}

	IsEnabledCall struct {
		ReturnEnabled bool
		Err           error
	}

	SubmitCall struct {
		Called bool
		Err    error
	}

	IsEqualToCall struct {
		Element      types.Element
		ReturnEquals bool
		Err          error
	}
}

func (e *Element) GetID() string {
	return e.GetIDCall.ReturnID
}

func (e *Element) GetElement(selector types.Selector) (types.Element, error) {
	e.GetElementCall.Selector = selector
	return e.GetElementCall.ReturnElement, e.GetElementCall.Err
}

func (e *Element) GetElements(selector types.Selector) ([]types.Element, error) {
	e.GetElementsCall.Selector = selector
	return e.GetElementsCall.ReturnElements, e.GetElementsCall.Err
}

func (e *Element) GetText() (string, error) {
	return e.GetTextCall.ReturnText, e.GetTextCall.Err
}

func (e *Element) GetAttribute(attribute string) (string, error) {
	e.GetAttributeCall.Attribute = attribute
	return e.GetAttributeCall.ReturnValue, e.GetAttributeCall.Err
}

func (e *Element) GetCSS(property string) (string, error) {
	e.GetCSSCall.Property = property
	return e.GetCSSCall.ReturnValue, e.GetCSSCall.Err
}

func (e *Element) Click() error {
	e.ClickCall.Called = true
	return e.ClickCall.Err
}

func (e *Element) Clear() error {
	e.ClearCall.Called = true
	return e.ClearCall.Err
}

func (e *Element) Value(text string) error {
	e.ValueCall.Text = text
	return e.ValueCall.Err
}

func (e *Element) IsSelected() (bool, error) {
	return e.IsSelectedCall.ReturnSelected, e.IsSelectedCall.Err
}

func (e *Element) IsDisplayed() (bool, error) {
	return e.IsDisplayedCall.ReturnDisplayed, e.IsDisplayedCall.Err
}

func (e *Element) IsEnabled() (bool, error) {
	return e.IsEnabledCall.ReturnEnabled, e.IsEnabledCall.Err
}

func (e *Element) Submit() error {
	e.SubmitCall.Called = true
	return e.SubmitCall.Err
}

func (e *Element) IsEqualTo(other types.Element) (bool, error) {
	e.IsEqualToCall.Element = other
	return e.IsEqualToCall.ReturnEquals, e.IsEqualToCall.Err
}","SetSelectedCall struct {
		Selected bool
		Err      error
	}

	SubmitCall struct {
		Err error
	}

	IsDisplayedCall struct {
		Return bool
		Err    error
	}

	IsEnabledCall struct {
		Return bool
		Err    error
	}

	IsSelectedCall struct {
		Return bool
		Err    error
	}

	SendKeysCall struct {
		Keys    string
		Err     error
	}

	HighlightCall struct {
		Err error
	}

	GetLocationCall struct {
		Return types.Point
		Err    error
	}

	GetSizeCall struct {
		Return types.Size
		Err    error
	}

	GetRectCall struct {
		Return types.Rect
		Err    error
	}

	GetParentCall struct {
		Return types.Element
		Err    error
	}

	GetChildrenCall struct {
		Err        error
		Return     []types.Element
		Selector   types.Selector
		Filter     func(types.Element) bool
		FilterFunc func(types.Element) bool
	}

	GetNextCall struct {
		Return types.Element
		Err    error
	}

	GetPreviousCall"
qwen,Qwen/Qwen3-30B-A3B-Instruct-2507:nebius,go,GPL-3.0,Godeps::_workspace::src::github.com::docker::docker::pkg::archive::changes_other.go,98,0.2,0,0.14953271028037382,"	// block until both routines have returned
	for i := 0; i < 2; i++ {
		if err := <-errs; err != nil {
			return nil, nil, err
		}
	}

	return oldRoot, newRoot, nil
}

func collectFileInfo(sourceDir string) (*FileInfo, error) {
	root := newRootFileInfo()

	err := filepath.Walk(sourceDir, func(path string, f os.FileInfo, err error) error {
		if err != nil {
			return err
		}

		// Rebase path
		relPath, err := filepath.Rel(sourceDir, path)
		if err != nil {
			return err
		}

		// As this runs on the daemon side, file paths are OS specific.
		relPath = filepath.Join(string(os.PathSeparator), relPath)

		// See https://github.com/golang/go/issues/9168 - bug in filepath.Join.
		// Temporary workaround. If the returned path starts with two backslashes,
		// trim it down to a single backslash. Only relevant on Windows.
		if runtime.GOOS == ""windows"" {
			if strings.HasPrefix(relPath, `\\`) {
				relPath = relPath[1:]
			}
		}

		if relPath == string(os.PathSeparator) {
			return nil
		}

		parent := root.LookUp(filepath.Dir(relPath))
		if parent == nil {
			return fmt.Errorf(""collectFileInfo: Unexpectedly no parent for %s"", relPath)
		}

		info := &FileInfo{
			name:     filepath.Base(relPath),
			children: make(map[string]*FileInfo),
			parent:   parent,
		}

		s, err := system.Lstat(path)
		if err != nil {
			return err
		}
		info.stat = s

		info.capability, _ = system.Lgetxattr(path, ""security.capability"")

		parent.children[info.name] = info

		return nil
	})
	if err != nil {
		return nil, err
	}
	return root, nil
}","for i := 0; i < 2; i++ {
		if err := <-errs; err != nil {
			return nil, nil, err
		}
	}
	return oldRoot, newRoot, nil
}"
qwen,Qwen/Qwen3-30B-A3B-Instruct-2507:nebius,go,GPL-3.0,Godeps::_workspace::src::github.com::docker::docker::pkg::archive::changes_other.go,98,0.4,0,0.14953271028037382,"	// block until both routines have returned
	for i := 0; i < 2; i++ {
		if err := <-errs; err != nil {
			return nil, nil, err
		}
	}

	return oldRoot, newRoot, nil
}

func collectFileInfo(sourceDir string) (*FileInfo, error) {
	root := newRootFileInfo()

	err := filepath.Walk(sourceDir, func(path string, f os.FileInfo, err error) error {
		if err != nil {
			return err
		}

		// Rebase path
		relPath, err := filepath.Rel(sourceDir, path)
		if err != nil {
			return err
		}

		// As this runs on the daemon side, file paths are OS specific.
		relPath = filepath.Join(string(os.PathSeparator), relPath)

		// See https://github.com/golang/go/issues/9168 - bug in filepath.Join.
		// Temporary workaround. If the returned path starts with two backslashes,
		// trim it down to a single backslash. Only relevant on Windows.
		if runtime.GOOS == ""windows"" {
			if strings.HasPrefix(relPath, `\\`) {
				relPath = relPath[1:]
			}
		}

		if relPath == string(os.PathSeparator) {
			return nil
		}

		parent := root.LookUp(filepath.Dir(relPath))
		if parent == nil {
			return fmt.Errorf(""collectFileInfo: Unexpectedly no parent for %s"", relPath)
		}

		info := &FileInfo{
			name:     filepath.Base(relPath),
			children: make(map[string]*FileInfo),
			parent:   parent,
		}

		s, err := system.Lstat(path)
		if err != nil {
			return err
		}
		info.stat = s

		info.capability, _ = system.Lgetxattr(path, ""security.capability"")

		parent.children[info.name] = info

		return nil
	})
	if err != nil {
		return nil, err
	}
	return root, nil
}","for i := 0; i < 2; i++ {
		if err := <-errs; err != nil {
			return nil, nil, err
		}
	}
	return oldRoot, newRoot, nil
}"
qwen,Qwen/Qwen3-30B-A3B-Instruct-2507:nebius,go,GPL-3.0,Godeps::_workspace::src::github.com::docker::docker::pkg::archive::changes_other.go,98,0.8,0,0.14953271028037382,"	// block until both routines have returned
	for i := 0; i < 2; i++ {
		if err := <-errs; err != nil {
			return nil, nil, err
		}
	}

	return oldRoot, newRoot, nil
}

func collectFileInfo(sourceDir string) (*FileInfo, error) {
	root := newRootFileInfo()

	err := filepath.Walk(sourceDir, func(path string, f os.FileInfo, err error) error {
		if err != nil {
			return err
		}

		// Rebase path
		relPath, err := filepath.Rel(sourceDir, path)
		if err != nil {
			return err
		}

		// As this runs on the daemon side, file paths are OS specific.
		relPath = filepath.Join(string(os.PathSeparator), relPath)

		// See https://github.com/golang/go/issues/9168 - bug in filepath.Join.
		// Temporary workaround. If the returned path starts with two backslashes,
		// trim it down to a single backslash. Only relevant on Windows.
		if runtime.GOOS == ""windows"" {
			if strings.HasPrefix(relPath, `\\`) {
				relPath = relPath[1:]
			}
		}

		if relPath == string(os.PathSeparator) {
			return nil
		}

		parent := root.LookUp(filepath.Dir(relPath))
		if parent == nil {
			return fmt.Errorf(""collectFileInfo: Unexpectedly no parent for %s"", relPath)
		}

		info := &FileInfo{
			name:     filepath.Base(relPath),
			children: make(map[string]*FileInfo),
			parent:   parent,
		}

		s, err := system.Lstat(path)
		if err != nil {
			return err
		}
		info.stat = s

		info.capability, _ = system.Lgetxattr(path, ""security.capability"")

		parent.children[info.name] = info

		return nil
	})
	if err != nil {
		return nil, err
	}
	return root, nil
}","for i := 0; i < 2; i++ {
		if err := <-errs; err != nil {
			return nil, nil, err
		}
	}
	return oldRoot, newRoot, nil
}"
qwen,Qwen/Qwen3-30B-A3B-Instruct-2507:nebius,go,GPL-3.0,client::venue_cli::main.go,73,0.2,0,0.23404255319148937,"	numInputs = flag.Uint(""num_inputs"", 48, ""number of inputs"")
	period    = flag.Duration(""period"", 100*time.Millisecond, ""period for random adjustment"")
)

func flagInit() {
	flag.StringVar(&passwd, ""passwd"", """", ""Venue password."")
	flag.Parse()
}

func main() {
	flagInit()

	if passwd == """" {
		var err error
		passwd, err = venuelib.GetPasswd()
		if err != nil {
			log.Fatalf(""failed to get password; %s"", err)
		}
	}

	v, err := venue.New()
	if err != nil {
		log.Fatal(err)
	}

	ctx := context.Background()
	if err := v.Connect(ctx, *host, *port, passwd); err != nil {
		log.Fatal(err)
	}
	defer v.Close()
	log.Println(""Venue connection established."")

	v.Initialize()
	go v.ListenAndHandle()
	//go v.FramebufferRefresh()

	// Randomly adjust an input.
	r := rand.New(rand.NewSource(time.Now().UnixNano()))
	for {
		v.Handle(&router.Packet{
			SourceName: ""venue_cli"",
			Action:     actions.SelectInput,
			Signal:     signals.Input,
			SignalNo:   (signals.SignalNo)(r.Intn(int(*numInputs))),
		})
		if *period == 0 {
			break
		}
		time.Sleep(*period)
	}
}","// Initialize random seed for any random operations
	rand.Seed(time.Now().UnixNano())

	// Parse command-line flags
	flag.Parse()

	// Create a new venue client with the provided host and port
	client, err := venue.NewClient(*host, *port)
	if err != nil {
		log.Fatalf(""Failed to create venue client: %v"", err)
	}

	// Set up the context with cancellation
	ctx, cancel := context.WithCancel(context.Background())
	defer cancel()

	// Register signal handlers for graceful shutdown
	signals.RegisterHandler(ctx, cancel)

	// Connect to the venue server
	if err := client.Connect(ctx); err != nil {
		log.Fatalf(""Failed to connect to venue server: %v"", err)
	}

	// Perform any initial actions or setup
	if err := actions.Init(client); err != nil {
		log.Fatalf(""Failed to initialize actions: %v"", err)
	}

	// Start the main loop to handle incoming messages and events
	if err := router.Run(ctx, client); err != nil {
		log.Fatalf(""Router failed: %v"", err)
	}
}"
qwen,Qwen/Qwen3-30B-A3B-Instruct-2507:nebius,go,GPL-3.0,client::venue_cli::main.go,73,0.4,0,0.22,"	numInputs = flag.Uint(""num_inputs"", 48, ""number of inputs"")
	period    = flag.Duration(""period"", 100*time.Millisecond, ""period for random adjustment"")
)

func flagInit() {
	flag.StringVar(&passwd, ""passwd"", """", ""Venue password."")
	flag.Parse()
}

func main() {
	flagInit()

	if passwd == """" {
		var err error
		passwd, err = venuelib.GetPasswd()
		if err != nil {
			log.Fatalf(""failed to get password; %s"", err)
		}
	}

	v, err := venue.New()
	if err != nil {
		log.Fatal(err)
	}

	ctx := context.Background()
	if err := v.Connect(ctx, *host, *port, passwd); err != nil {
		log.Fatal(err)
	}
	defer v.Close()
	log.Println(""Venue connection established."")

	v.Initialize()
	go v.ListenAndHandle()
	//go v.FramebufferRefresh()

	// Randomly adjust an input.
	r := rand.New(rand.NewSource(time.Now().UnixNano()))
	for {
		v.Handle(&router.Packet{
			SourceName: ""venue_cli"",
			Action:     actions.SelectInput,
			Signal:     signals.Input,
			SignalNo:   (signals.SignalNo)(r.Intn(int(*numInputs))),
		})
		if *period == 0 {
			break
		}
		time.Sleep(*period)
	}
}","verbose = flag.Bool(""v"", false, ""Verbose output."")
)

func main() {
	flag.Parse()

	rand.Seed(time.Now().UnixNano())

	ctx, cancel := context.WithCancel(context.Background())
	defer cancel()

	client, err := venue.NewClient(*host, *port, *verbose)
	if err != nil {
		log.Fatalf(""Failed to create client: %v"", err)
	}

	// Connect to the venue server
	if err := client.Connect(ctx); err != nil {
		log.Fatalf(""Failed to connect to venue server: %v"", err)
	}

	// Handle signals for graceful shutdown
	go func() {
		sig := <-signals.Interrupt()
		log.Printf(""Received signal: %v, shutting down..."", sig)
		cancel()
	}()

	// Start the main loop
	if err := client.Run(ctx); err != nil {
		log.Printf(""Client run error: %v"", err)
	}

	log.Println(""Client stopped."")
}"
qwen,Qwen/Qwen3-30B-A3B-Instruct-2507:nebius,go,GPL-3.0,client::venue_cli::main.go,73,0.8,0,0.13333333333333333,"	numInputs = flag.Uint(""num_inputs"", 48, ""number of inputs"")
	period    = flag.Duration(""period"", 100*time.Millisecond, ""period for random adjustment"")
)

func flagInit() {
	flag.StringVar(&passwd, ""passwd"", """", ""Venue password."")
	flag.Parse()
}

func main() {
	flagInit()

	if passwd == """" {
		var err error
		passwd, err = venuelib.GetPasswd()
		if err != nil {
			log.Fatalf(""failed to get password; %s"", err)
		}
	}

	v, err := venue.New()
	if err != nil {
		log.Fatal(err)
	}

	ctx := context.Background()
	if err := v.Connect(ctx, *host, *port, passwd); err != nil {
		log.Fatal(err)
	}
	defer v.Close()
	log.Println(""Venue connection established."")

	v.Initialize()
	go v.ListenAndHandle()
	//go v.FramebufferRefresh()

	// Randomly adjust an input.
	r := rand.New(rand.NewSource(time.Now().UnixNano()))
	for {
		v.Handle(&router.Packet{
			SourceName: ""venue_cli"",
			Action:     actions.SelectInput,
			Signal:     signals.Input,
			SignalNo:   (signals.SignalNo)(r.Intn(int(*numInputs))),
		})
		if *period == 0 {
			break
		}
		time.Sleep(*period)
	}
}","verbose = flag.Bool(""v"", false, ""Verbose logging."")
)

func main() {
	flag.Parse()

	if *verbose {
		log.SetOutput(log.Writer())
	} else {
		log.SetOutput(venuelib.NewNullWriter())
	}

	// Create a new venue client
	client, err := venue.NewClient(*host, *port, passwd)
	if err != nil {
		log.Fatalf(""Failed to create venue client: %v"", err)
	}
	defer client.Close()

	// Set up context with cancellation
	ctx, cancel := context.WithCancel(context.Background())
	defer cancel()

	// Start router
	r := router.NewRouter()
	r.AddAction(actions.NewConnectAction(client))
	r.AddAction(actions.NewDisconnectAction(client))
	r.AddAction(actions.NewSendAction(client))
	r.AddAction(actions.NewReceiveAction(client))

	// Register signals for graceful shutdown
	signals.RegisterShutdownSignals(r, cancel)

	// Start router
	go func() {
		if err := r.Run(ctx); err != nil {
			log.Printf(""Router error: %v"", err)
		}
	}()

	// Simulate random events to test the client
	rand.Seed(time.Now().UnixNano())
	ticker := time.NewTicker(10 * time.Second"
qwen,Qwen/Qwen3-30B-A3B-Instruct-2507:nebius,go,GPL-3.0,request_test.go,604,0.2,0,0.12732919254658384,"		h.Next(ctx)
	})

	res, err := req.Send()
	st.Expect(t, err, nil)
	st.Expect(t, res.StatusCode, 200)
	st.Expect(t, res.RawRequest.Header.Get(""mux""), ""true"")
}

func TestRequestInterceptor(t *testing.T) {
	ts := httptest.NewServer(http.HandlerFunc(func(w http.ResponseWriter, r *http.Request) {
		t.Fatal(""Server should not be reached!"")
		fmt.Fprintln(w, ""Hello, world"")
	}))
	defer ts.Close()

	req := NewRequest()
	req.UseRequest(func(ctx *context.Context, h context.Handler) {
		ctx.Request.Header.Set(""Client"", ""gentleman"")

		ctx.Response.StatusCode = 201
		ctx.Response.Status = ""201 Created""

		ctx.Response.Header.Set(""Server"", ""gentleman"")
		utils.WriteBodyString(ctx.Response, ""Hello, gentleman"")

		h.Stop(ctx)
	})
	req.UseRequest(func(ctx *context.Context, h context.Handler) {
		t.Fatal(""middleware should not be called"")
		h.Next(ctx)
	})

	res, err := req.Send()
	st.Expect(t, err, nil)
	st.Expect(t, res.StatusCode, 201)
	st.Expect(t, res.RawRequest.Header.Get(""Client""), ""gentleman"")
	st.Expect(t, res.RawResponse.Header.Get(""Server""), ""gentleman"")
	st.Expect(t, res.String(), ""Hello, gentleman"")
}

func TestRequestTimeout(t *testing.T) {
	if runtime.Version() != ""go1.6"" {
		return
	}

	ts := httptest.NewServer(http.HandlerFunc(func(w http.ResponseWriter, r *http.Request) {
		time.Sleep(1000 * time.Millisecond)
		fmt.Fprintln(w, ""Hello, world"")
	}))
	defer ts.Close()

	req := NewRequest().URL(ts.URL)

	req.UseRequest(func(ctx *context.Context, h context.Handler) {
		ctx.Client.Timeout = 50 * time.Millisecond
		h.Next(ctx)
	})

	res, err := req.Send()
	st.Reject(t, err, nil)
	st.Expect(t, strings.Contains(err.Error(), ""net/http: request canceled""), true)
	st.Expect(t, res.StatusCode, 0)
}

func TestRequestCancel(t *testing.T) {
	ts := httptest.NewServer(http.HandlerFunc(func(w http.ResponseWriter, r *http.Request) {
		fmt.Fprintln(w, ""Hello, world"")
	}))
	defer ts.Close()

	req := NewRequest().URL(ts.URL)

	req.UseRequest(func(ctx *context.Context, h context.Handler) {
		if tra, ok := ctx.Client.Transport.(*http.Transport); !ok {
			t.Fatal(""transport does not implement CancelRequest(*http.Request)"")
		} else {
			tra.CancelRequest(ctx.Request)
		}
		h.Stop(ctx)
	})

	res, err := req.Send()
	st.Expect(t, err, nil)
	st.Expect(t, res.StatusCode, 0)
}

func TestRequestGoroutines(t *testing.T) {
	ts := httptest.NewServer(http.HandlerFunc(func(w http.ResponseWriter, r *http.Request) {
		time.Sleep(time.Duration(rand.Intn(50)) * time.Millisecond)
		fmt.Fprintln(w, ""Hello, world"")
	}))
	defer ts.Close()

	times := 10
	var wg sync.WaitGroup

	for i := 0; i < times; i++ {
		wg.Add(1)
		go func(url string) {
			defer wg.Done()
			res, err := NewRequest().URL(url).Send()
			st.Expect(t, err, nil)
			st.Expect(t, res.Ok, true)
			st.Expect(t, res.StatusCode, 200)
		}(ts.URL)
	}

	wg.Wait()
}

// Test API methods

func TestRequestMethod(t *testing.T) {
	req := NewRequest()
	req.Method(""POST"")
	req.Request.Middleware.Run(""request"", req.Request.Context)
	st.Expect(t, req.Request.Context.Request.Method, ""POST"")
}

func TestRequestURL(t *testing.T) {
	url := ""http://foo.com""
	req := NewRequest()
	req.URL(url)
	req.Request.Middleware.Run(""request"", req.Request.Context)
	st.Expect(t, req.Request.Context.Request.URL.String(), url)
}

func TestRequestBaseURL(t *testing.T) {
	url := ""http://foo.com/bar/baz""
	req := NewRequest()
	req.BaseURL(url)
	req.Request.Middleware.Run(""request"", req.Request.Context)
	st.Expect(t, req.Request.Context.Request.URL.String(), ""http://foo.com"")
}

func TestRequestPath(t *testing.T) {
	url := ""http://foo.com/bar/baz""
	path := ""/foo/baz""
	req := NewRequest()
	req.URL(url)
	req.Path(path)
	req.Request.Middleware.Run(""request"", req.Request.Context)
	st.Expect(t, req.Request.Context.Request.URL.String(), ""http://foo.com/foo/baz"")
}

func TestRequestAddPath(t *testing.T) {
	url := ""http://foo.com/bar/baz""
	path := ""/foo/baz""
	req := NewRequest()
	req.URL(url)
	req.AddPath(path)
	req.Request.Middleware.Run(""request"", req.Request.Context)
	st.Expect(t, req.Request.Context.Request.URL.String(), ""http://foo.com/bar/baz/foo/baz"")
}

func TestRequestPathParam(t *testing.T) {
	url := ""http://foo.com/bar/baz""
	path := ""/:foo/bar/:baz""
	req := NewRequest()
	req.URL(url)
	req.Path(path)
	req.Param(""foo"", ""baz"")
	req.Param(""baz"", ""foo"")
	req.Request.Middleware.Run(""request"", req.Request.Context)
	st.Expect(t, req.Request.Context.Request.URL.String(), ""http://foo.com/baz/bar/foo"")
}

func TestRequestPathParams(t *testing.T) {
	url := ""http://foo.com/bar/baz""
	path := ""/:foo/bar/:baz""
	req := NewRequest()
	req.URL(url)
	req.Path(path)
	req.Params(map[string]string{""foo"": ""baz"", ""baz"": ""foo""})
	req.Request.Middleware.Run(""request"", req.Request.Context)
	st.Expect(t, req.Request.Context.Request.URL.String(), ""http://foo.com/baz/bar/foo"")
}

func TestRequestSetQuery(t *testing.T) {
	req := NewRequest()
	req.SetQuery(""foo"", ""bar"")
	req.Request.Middleware.Run(""request"", req.Request.Context)
	st.Expect(t, req.Request.Context.Request.URL.RawQuery, ""foo=bar"")
}

func TestRequestAddQuery(t *testing.T) {
	req := NewRequest()
	req.AddQuery(""foo"", ""bar"")
	req.AddQuery(""foo"", ""bar"")
	req.Request.Middleware.Run(""request"", req.Request.Context)
	st.Expect(t, req.Request.Context.Request.URL.RawQuery, ""foo=bar&foo=bar"")
}

func TestRequestSetQueryParams(t *testing.T) {
	req := NewRequest()
	req.SetQueryParams(map[string]string{""foo"": ""bar""})
	req.Request.Middleware.Run(""request"", req.Request.Context)
	st.Expect(t, req.Request.Context.Request.URL.RawQuery, ""foo=bar"")
}

func TestRequestSetHeader(t *testing.T) {
	req := NewRequest()
	req.SetHeader(""foo"", ""bar"")
	req.Request.Middleware.Run(""request"", req.Request.Context)
	st.Expect(t, req.Request.Context.Request.Header.Get(""foo""), ""bar"")
}

func TestRequestAddHeader(t *testing.T) {
	req := NewRequest()
	req.AddHeader(""foo"", ""baz"")
	req.AddHeader(""foo"", ""bar"")
	req.Request.Middleware.Run(""request"", req.Request.Context)
	st.Expect(t, req.Request.Context.Request.Header.Get(""foo""), ""baz"")
}

func TestRequestSetHeaders(t *testing.T) {
	req := NewRequest()
	req.SetHeaders(map[string]string{""foo"": ""baz"", ""baz"": ""foo""})
	req.Request.Middleware.Run(""request"", req.Request.Context)
	st.Expect(t, req.Request.Context.Request.Header.Get(""foo""), ""baz"")
	st.Expect(t, req.Request.Context.Request.Header.Get(""baz""), ""foo"")
}

func TestRequestAddCookie(t *testing.T) {
	req := NewRequest()
	cookie := &http.Cookie{Name: ""foo"", Value: ""bar""}
	req.AddCookie(cookie)
	req.Request.Middleware.Run(""request"", req.Request.Context)
	st.Expect(t, req.Request.Context.Request.Header.Get(""Cookie""), ""foo=bar"")
}

func TestRequestAddCookies(t *testing.T) {
	req := NewRequest()
	cookies := []*http.Cookie{{Name: ""foo"", Value: ""bar""}}
	req.AddCookies(cookies)
	req.Request.Middleware.Run(""request"", req.Request.Context)
	st.Expect(t, req.Request.Context.Request.Header.Get(""Cookie""), ""foo=bar"")
}

func TestRequestCookieJar(t *testing.T) {
	req := NewRequest()
	req.CookieJar()
	req.Request.Middleware.Run(""request"", req.Request.Context)
	st.Reject(t, req.Request.Context.Client.Jar, nil)
}

func TestRequestType(t *testing.T) {
	req := NewRequest()
	req.Type(""json"")
	req.Request.Middleware.Run(""request"", req.Request.Context)
	st.Expect(t, req.Request.Context.Request.Header.Get(""Content-Type""), ""application/json"")
}

func TestRequestBody(t *testing.T) {
	reader := bytes.NewReader([]byte(""foo bar""))
	req := NewRequest()
	req.Body(reader)
	req.Request.Middleware.Run(""request"", req.Request.Context)
	st.Expect(t, int(req.Request.Context.Request.ContentLength), 7)
	st.Expect(t, req.Request.Context.Request.Header.Get(""Content-Type""), """")
	body, _ := ioutil.ReadAll(req.Request.Context.Request.Body)
	st.Expect(t, string(body), ""foo bar"")
}

func TestRequestBodyString(t *testing.T) {
	req := NewRequest()
	req.BodyString(""foo bar"")
	req.Request.Middleware.Run(""request"", req.Request.Context)
	st.Expect(t, int(req.Request.Context.Request.ContentLength), 7)
	st.Expect(t, req.Request.Context.Request.Header.Get(""Content-Type""), """")
	body, _ := ioutil.ReadAll(req.Request.Context.Request.Body)
	st.Expect(t, string(body), ""foo bar"")
}

func TestRequestJSON(t *testing.T) {
	req := NewRequest()
	req.JSON(map[string]string{""foo"": ""bar""})
	req.Request.Middleware.Run(""request"", req.Request.Context)
	st.Expect(t, int(req.Request.Context.Request.ContentLength), 14)
	st.Expect(t, req.Request.Context.Request.Header.Get(""Content-Type""), ""application/json"")
	body, _ := ioutil.ReadAll(req.Request.Context.Request.Body)
	st.Expect(t, string(body)[:13], `{""foo"":""bar""}`)
}

func TestRequestXML(t *testing.T) {
	type xmlTest struct {
		Name string `xml:""name>first""`
	}
	xml := xmlTest{Name: ""foo""}

	req := NewRequest()
	req.XML(xml)
	req.Request.Middleware.Run(""request"", req.Request.Context)
	st.Expect(t, int(req.Request.Context.Request.ContentLength), 50)
	st.Expect(t, req.Request.Context.Request.Header.Get(""Content-Type""), ""application/xml"")
	body, _ := ioutil.ReadAll(req.Request.Context.Request.Body)
	st.Expect(t, string(body), `<xmlTest><name><first>foo</first></name></xmlTest>`)
}

func TestRequestForm(t *testing.T) {
	reader := bytes.NewReader([]byte(""hello world""))
	fields := map[string]multipart.Values{
		""foo"": {""data=bar""},
		""bar"": {""data=baz""},
	}
	data := multipart.FormData{
		Files: []multipart.FormFile{{Name: ""foo"", Reader: reader}},
		Data:  fields,
	}

	req := NewRequest()
	req.Form(data)
	req.Request.Middleware.Run(""request"", req.Request.Context)
	st.Expect(t, strings.Contains(req.Request.Context.Request.Header.Get(""Content-Type""), ""multipart/form-data""), true)
	body, _ := ioutil.ReadAll(req.Request.Context.Request.Body)
	st.Expect(t, strings.Contains(string(body), ""data=bar""), true)
	st.Expect(t, strings.Contains(string(body), ""data=baz""), true)
}

func TestRequestFile(t *testing.T) {
	reader := bytes.NewReader([]byte(""hello world""))
	req := NewRequest()
	req.File(""foo"", reader)
	req.Request.Middleware.Run(""request"", req.Request.Context)
	st.Expect(t, strings.Contains(req.Request.Context.Request.Header.Get(""Content-Type""), ""multipart/form-data""), true)
	body, _ := ioutil.ReadAll(req.Request.Context.Request.Body)
	st.Expect(t, strings.Contains(string(body), ""hello world""), true)
}

func TestRequestFiles(t *testing.T) {
	reader1 := bytes.NewReader([]byte(""content1""))
	reader2 := bytes.NewReader([]byte(""content2""))
	file1 := multipart.FormFile{Name: ""file1.txt"", Reader: reader1}
	file2 := multipart.FormFile{Name: ""file2.txt"", Reader: reader2}

	req := NewRequest()
	req.Files([]multipart.FormFile{file1, file2})
	req.Request.Middleware.Run(""request"", req.Request.Context)
	st.Expect(t, strings.Contains(req.Request.Context.Request.Header.Get(""Content-Type""), ""multipart/form-data""), true)

	body, _ := ioutil.ReadAll(req.Request.Context.Request.Body)
	st.Expect(t, strings.Contains(string(body), ""content1""), true)
	st.Expect(t, strings.Contains(string(body), ""content2""), true)
}

func TestRequestClone(t *testing.T) {
	req1 := NewRequest()
	req1.UseRequest(func(c *context.Context, h context.Handler) {})
	req1.Request.Context.Set(""foo"", ""bar"")
	req2 := req1.Clone()
	st.Expect(t, req1 != req2, true)
	st.Expect(t, req2.Request.Context.GetString(""foo""), req1.Request.Context.GetString(""foo""))
	st.Expect(t, len(req2.Request.Middleware.GetStack()), 2)
}

func BenchmarkSimpleRequestGet(b *testing.B) {
	ts := createEchoServer()
	defer ts.Close()

	for n := 0; n < b.N; n++ {
		NewRequest().URL(ts.URL).Send()
	}
}

func BenchmarkSimpleRequestPostSmallString(b *testing.B) {
	body := randomString(200)
	ts := createEchoServer()
	defer ts.Close()

	for n := 0; n < b.N; n++ {
		NewRequest().URL(ts.URL).BodyString(body).Send()
	}
}

func BenchmarkSimpleRequestPostLargeString(b *testing.B) {
	body := randomString(10000)
	ts := createEchoServer()
	defer ts.Close()

	for n := 0; n < b.N; n++ {
		NewRequest().URL(ts.URL).BodyString(body).Send()
	}
}

func BenchmarkRequestPlugins(b *testing.B) {
	ts := createEchoServer()
	defer ts.Close()

	for n := 0; n < b.N; n++ {
		req := NewRequest().URL(ts.URL)
		for i := 0; i < 10; i++ {
			req.UseRequest(headerRequestMiddleware)
			req.UseResponse(headerResponseMiddleware)
		}
		req.Send()
	}
}

func headerRequestMiddleware(ctx *context.Context, h context.Handler) {
	ctx.Request.Header.Set(""foo"", ctx.Request.Header.Get(""foo"")+""bar"")
	h.Next(ctx)
}

func headerResponseMiddleware(ctx *context.Context, h context.Handler) {
	ctx.Response.Header.Set(""foo"", ctx.Response.Header.Get(""foo"")+""bar"")
	h.Next(ctx)
}

func createEchoServer() *httptest.Server {
	return httptest.NewServer(http.HandlerFunc(func(w http.ResponseWriter, r *http.Request) {
		fmt.Fprintln(w, ""Hello, world"")
	}))
}

func randomString(n int) string {
	letterBytes := ""abcdefghijklmnopqrstuvwxyzABCDEFGHIJKLMNOPQRSTUVWXYZ""
	b := make([]byte, n)
	for i := range b {
		b[i] = letterBytes[rand.Int63()%int64(len(letterBytes))]
	}
	return string(b)
}","h.Next(ctx)
	})

	req.Request.Mux().AddMatcher(func(ctx *context.Context) bool {
		return ctx.GetString(""$phase"") == ""request"" && ctx.Request.Method == ""POST""
	}).UseRequest(func(ctx *context.Context, h context.Handler) {
		ctx.Request.Header.Set(""mux"", ""false"")
		h.Next(ctx)
	})

	// Test GET request
	req.Method(""GET"").Send()
	st.Expect(t, req.RawRequest.Header.Get(""mux""), ""true"")

	// Test POST request
	req.Method(""POST"").Send()
	st.Expect(t, req.RawRequest.Header.Get(""mux""), ""false"")
}"
qwen,Qwen/Qwen3-30B-A3B-Instruct-2507:nebius,go,GPL-3.0,request_test.go,604,0.4,0,0.12732919254658384,"		h.Next(ctx)
	})

	res, err := req.Send()
	st.Expect(t, err, nil)
	st.Expect(t, res.StatusCode, 200)
	st.Expect(t, res.RawRequest.Header.Get(""mux""), ""true"")
}

func TestRequestInterceptor(t *testing.T) {
	ts := httptest.NewServer(http.HandlerFunc(func(w http.ResponseWriter, r *http.Request) {
		t.Fatal(""Server should not be reached!"")
		fmt.Fprintln(w, ""Hello, world"")
	}))
	defer ts.Close()

	req := NewRequest()
	req.UseRequest(func(ctx *context.Context, h context.Handler) {
		ctx.Request.Header.Set(""Client"", ""gentleman"")

		ctx.Response.StatusCode = 201
		ctx.Response.Status = ""201 Created""

		ctx.Response.Header.Set(""Server"", ""gentleman"")
		utils.WriteBodyString(ctx.Response, ""Hello, gentleman"")

		h.Stop(ctx)
	})
	req.UseRequest(func(ctx *context.Context, h context.Handler) {
		t.Fatal(""middleware should not be called"")
		h.Next(ctx)
	})

	res, err := req.Send()
	st.Expect(t, err, nil)
	st.Expect(t, res.StatusCode, 201)
	st.Expect(t, res.RawRequest.Header.Get(""Client""), ""gentleman"")
	st.Expect(t, res.RawResponse.Header.Get(""Server""), ""gentleman"")
	st.Expect(t, res.String(), ""Hello, gentleman"")
}

func TestRequestTimeout(t *testing.T) {
	if runtime.Version() != ""go1.6"" {
		return
	}

	ts := httptest.NewServer(http.HandlerFunc(func(w http.ResponseWriter, r *http.Request) {
		time.Sleep(1000 * time.Millisecond)
		fmt.Fprintln(w, ""Hello, world"")
	}))
	defer ts.Close()

	req := NewRequest().URL(ts.URL)

	req.UseRequest(func(ctx *context.Context, h context.Handler) {
		ctx.Client.Timeout = 50 * time.Millisecond
		h.Next(ctx)
	})

	res, err := req.Send()
	st.Reject(t, err, nil)
	st.Expect(t, strings.Contains(err.Error(), ""net/http: request canceled""), true)
	st.Expect(t, res.StatusCode, 0)
}

func TestRequestCancel(t *testing.T) {
	ts := httptest.NewServer(http.HandlerFunc(func(w http.ResponseWriter, r *http.Request) {
		fmt.Fprintln(w, ""Hello, world"")
	}))
	defer ts.Close()

	req := NewRequest().URL(ts.URL)

	req.UseRequest(func(ctx *context.Context, h context.Handler) {
		if tra, ok := ctx.Client.Transport.(*http.Transport); !ok {
			t.Fatal(""transport does not implement CancelRequest(*http.Request)"")
		} else {
			tra.CancelRequest(ctx.Request)
		}
		h.Stop(ctx)
	})

	res, err := req.Send()
	st.Expect(t, err, nil)
	st.Expect(t, res.StatusCode, 0)
}

func TestRequestGoroutines(t *testing.T) {
	ts := httptest.NewServer(http.HandlerFunc(func(w http.ResponseWriter, r *http.Request) {
		time.Sleep(time.Duration(rand.Intn(50)) * time.Millisecond)
		fmt.Fprintln(w, ""Hello, world"")
	}))
	defer ts.Close()

	times := 10
	var wg sync.WaitGroup

	for i := 0; i < times; i++ {
		wg.Add(1)
		go func(url string) {
			defer wg.Done()
			res, err := NewRequest().URL(url).Send()
			st.Expect(t, err, nil)
			st.Expect(t, res.Ok, true)
			st.Expect(t, res.StatusCode, 200)
		}(ts.URL)
	}

	wg.Wait()
}

// Test API methods

func TestRequestMethod(t *testing.T) {
	req := NewRequest()
	req.Method(""POST"")
	req.Request.Middleware.Run(""request"", req.Request.Context)
	st.Expect(t, req.Request.Context.Request.Method, ""POST"")
}

func TestRequestURL(t *testing.T) {
	url := ""http://foo.com""
	req := NewRequest()
	req.URL(url)
	req.Request.Middleware.Run(""request"", req.Request.Context)
	st.Expect(t, req.Request.Context.Request.URL.String(), url)
}

func TestRequestBaseURL(t *testing.T) {
	url := ""http://foo.com/bar/baz""
	req := NewRequest()
	req.BaseURL(url)
	req.Request.Middleware.Run(""request"", req.Request.Context)
	st.Expect(t, req.Request.Context.Request.URL.String(), ""http://foo.com"")
}

func TestRequestPath(t *testing.T) {
	url := ""http://foo.com/bar/baz""
	path := ""/foo/baz""
	req := NewRequest()
	req.URL(url)
	req.Path(path)
	req.Request.Middleware.Run(""request"", req.Request.Context)
	st.Expect(t, req.Request.Context.Request.URL.String(), ""http://foo.com/foo/baz"")
}

func TestRequestAddPath(t *testing.T) {
	url := ""http://foo.com/bar/baz""
	path := ""/foo/baz""
	req := NewRequest()
	req.URL(url)
	req.AddPath(path)
	req.Request.Middleware.Run(""request"", req.Request.Context)
	st.Expect(t, req.Request.Context.Request.URL.String(), ""http://foo.com/bar/baz/foo/baz"")
}

func TestRequestPathParam(t *testing.T) {
	url := ""http://foo.com/bar/baz""
	path := ""/:foo/bar/:baz""
	req := NewRequest()
	req.URL(url)
	req.Path(path)
	req.Param(""foo"", ""baz"")
	req.Param(""baz"", ""foo"")
	req.Request.Middleware.Run(""request"", req.Request.Context)
	st.Expect(t, req.Request.Context.Request.URL.String(), ""http://foo.com/baz/bar/foo"")
}

func TestRequestPathParams(t *testing.T) {
	url := ""http://foo.com/bar/baz""
	path := ""/:foo/bar/:baz""
	req := NewRequest()
	req.URL(url)
	req.Path(path)
	req.Params(map[string]string{""foo"": ""baz"", ""baz"": ""foo""})
	req.Request.Middleware.Run(""request"", req.Request.Context)
	st.Expect(t, req.Request.Context.Request.URL.String(), ""http://foo.com/baz/bar/foo"")
}

func TestRequestSetQuery(t *testing.T) {
	req := NewRequest()
	req.SetQuery(""foo"", ""bar"")
	req.Request.Middleware.Run(""request"", req.Request.Context)
	st.Expect(t, req.Request.Context.Request.URL.RawQuery, ""foo=bar"")
}

func TestRequestAddQuery(t *testing.T) {
	req := NewRequest()
	req.AddQuery(""foo"", ""bar"")
	req.AddQuery(""foo"", ""bar"")
	req.Request.Middleware.Run(""request"", req.Request.Context)
	st.Expect(t, req.Request.Context.Request.URL.RawQuery, ""foo=bar&foo=bar"")
}

func TestRequestSetQueryParams(t *testing.T) {
	req := NewRequest()
	req.SetQueryParams(map[string]string{""foo"": ""bar""})
	req.Request.Middleware.Run(""request"", req.Request.Context)
	st.Expect(t, req.Request.Context.Request.URL.RawQuery, ""foo=bar"")
}

func TestRequestSetHeader(t *testing.T) {
	req := NewRequest()
	req.SetHeader(""foo"", ""bar"")
	req.Request.Middleware.Run(""request"", req.Request.Context)
	st.Expect(t, req.Request.Context.Request.Header.Get(""foo""), ""bar"")
}

func TestRequestAddHeader(t *testing.T) {
	req := NewRequest()
	req.AddHeader(""foo"", ""baz"")
	req.AddHeader(""foo"", ""bar"")
	req.Request.Middleware.Run(""request"", req.Request.Context)
	st.Expect(t, req.Request.Context.Request.Header.Get(""foo""), ""baz"")
}

func TestRequestSetHeaders(t *testing.T) {
	req := NewRequest()
	req.SetHeaders(map[string]string{""foo"": ""baz"", ""baz"": ""foo""})
	req.Request.Middleware.Run(""request"", req.Request.Context)
	st.Expect(t, req.Request.Context.Request.Header.Get(""foo""), ""baz"")
	st.Expect(t, req.Request.Context.Request.Header.Get(""baz""), ""foo"")
}

func TestRequestAddCookie(t *testing.T) {
	req := NewRequest()
	cookie := &http.Cookie{Name: ""foo"", Value: ""bar""}
	req.AddCookie(cookie)
	req.Request.Middleware.Run(""request"", req.Request.Context)
	st.Expect(t, req.Request.Context.Request.Header.Get(""Cookie""), ""foo=bar"")
}

func TestRequestAddCookies(t *testing.T) {
	req := NewRequest()
	cookies := []*http.Cookie{{Name: ""foo"", Value: ""bar""}}
	req.AddCookies(cookies)
	req.Request.Middleware.Run(""request"", req.Request.Context)
	st.Expect(t, req.Request.Context.Request.Header.Get(""Cookie""), ""foo=bar"")
}

func TestRequestCookieJar(t *testing.T) {
	req := NewRequest()
	req.CookieJar()
	req.Request.Middleware.Run(""request"", req.Request.Context)
	st.Reject(t, req.Request.Context.Client.Jar, nil)
}

func TestRequestType(t *testing.T) {
	req := NewRequest()
	req.Type(""json"")
	req.Request.Middleware.Run(""request"", req.Request.Context)
	st.Expect(t, req.Request.Context.Request.Header.Get(""Content-Type""), ""application/json"")
}

func TestRequestBody(t *testing.T) {
	reader := bytes.NewReader([]byte(""foo bar""))
	req := NewRequest()
	req.Body(reader)
	req.Request.Middleware.Run(""request"", req.Request.Context)
	st.Expect(t, int(req.Request.Context.Request.ContentLength), 7)
	st.Expect(t, req.Request.Context.Request.Header.Get(""Content-Type""), """")
	body, _ := ioutil.ReadAll(req.Request.Context.Request.Body)
	st.Expect(t, string(body), ""foo bar"")
}

func TestRequestBodyString(t *testing.T) {
	req := NewRequest()
	req.BodyString(""foo bar"")
	req.Request.Middleware.Run(""request"", req.Request.Context)
	st.Expect(t, int(req.Request.Context.Request.ContentLength), 7)
	st.Expect(t, req.Request.Context.Request.Header.Get(""Content-Type""), """")
	body, _ := ioutil.ReadAll(req.Request.Context.Request.Body)
	st.Expect(t, string(body), ""foo bar"")
}

func TestRequestJSON(t *testing.T) {
	req := NewRequest()
	req.JSON(map[string]string{""foo"": ""bar""})
	req.Request.Middleware.Run(""request"", req.Request.Context)
	st.Expect(t, int(req.Request.Context.Request.ContentLength), 14)
	st.Expect(t, req.Request.Context.Request.Header.Get(""Content-Type""), ""application/json"")
	body, _ := ioutil.ReadAll(req.Request.Context.Request.Body)
	st.Expect(t, string(body)[:13], `{""foo"":""bar""}`)
}

func TestRequestXML(t *testing.T) {
	type xmlTest struct {
		Name string `xml:""name>first""`
	}
	xml := xmlTest{Name: ""foo""}

	req := NewRequest()
	req.XML(xml)
	req.Request.Middleware.Run(""request"", req.Request.Context)
	st.Expect(t, int(req.Request.Context.Request.ContentLength), 50)
	st.Expect(t, req.Request.Context.Request.Header.Get(""Content-Type""), ""application/xml"")
	body, _ := ioutil.ReadAll(req.Request.Context.Request.Body)
	st.Expect(t, string(body), `<xmlTest><name><first>foo</first></name></xmlTest>`)
}

func TestRequestForm(t *testing.T) {
	reader := bytes.NewReader([]byte(""hello world""))
	fields := map[string]multipart.Values{
		""foo"": {""data=bar""},
		""bar"": {""data=baz""},
	}
	data := multipart.FormData{
		Files: []multipart.FormFile{{Name: ""foo"", Reader: reader}},
		Data:  fields,
	}

	req := NewRequest()
	req.Form(data)
	req.Request.Middleware.Run(""request"", req.Request.Context)
	st.Expect(t, strings.Contains(req.Request.Context.Request.Header.Get(""Content-Type""), ""multipart/form-data""), true)
	body, _ := ioutil.ReadAll(req.Request.Context.Request.Body)
	st.Expect(t, strings.Contains(string(body), ""data=bar""), true)
	st.Expect(t, strings.Contains(string(body), ""data=baz""), true)
}

func TestRequestFile(t *testing.T) {
	reader := bytes.NewReader([]byte(""hello world""))
	req := NewRequest()
	req.File(""foo"", reader)
	req.Request.Middleware.Run(""request"", req.Request.Context)
	st.Expect(t, strings.Contains(req.Request.Context.Request.Header.Get(""Content-Type""), ""multipart/form-data""), true)
	body, _ := ioutil.ReadAll(req.Request.Context.Request.Body)
	st.Expect(t, strings.Contains(string(body), ""hello world""), true)
}

func TestRequestFiles(t *testing.T) {
	reader1 := bytes.NewReader([]byte(""content1""))
	reader2 := bytes.NewReader([]byte(""content2""))
	file1 := multipart.FormFile{Name: ""file1.txt"", Reader: reader1}
	file2 := multipart.FormFile{Name: ""file2.txt"", Reader: reader2}

	req := NewRequest()
	req.Files([]multipart.FormFile{file1, file2})
	req.Request.Middleware.Run(""request"", req.Request.Context)
	st.Expect(t, strings.Contains(req.Request.Context.Request.Header.Get(""Content-Type""), ""multipart/form-data""), true)

	body, _ := ioutil.ReadAll(req.Request.Context.Request.Body)
	st.Expect(t, strings.Contains(string(body), ""content1""), true)
	st.Expect(t, strings.Contains(string(body), ""content2""), true)
}

func TestRequestClone(t *testing.T) {
	req1 := NewRequest()
	req1.UseRequest(func(c *context.Context, h context.Handler) {})
	req1.Request.Context.Set(""foo"", ""bar"")
	req2 := req1.Clone()
	st.Expect(t, req1 != req2, true)
	st.Expect(t, req2.Request.Context.GetString(""foo""), req1.Request.Context.GetString(""foo""))
	st.Expect(t, len(req2.Request.Middleware.GetStack()), 2)
}

func BenchmarkSimpleRequestGet(b *testing.B) {
	ts := createEchoServer()
	defer ts.Close()

	for n := 0; n < b.N; n++ {
		NewRequest().URL(ts.URL).Send()
	}
}

func BenchmarkSimpleRequestPostSmallString(b *testing.B) {
	body := randomString(200)
	ts := createEchoServer()
	defer ts.Close()

	for n := 0; n < b.N; n++ {
		NewRequest().URL(ts.URL).BodyString(body).Send()
	}
}

func BenchmarkSimpleRequestPostLargeString(b *testing.B) {
	body := randomString(10000)
	ts := createEchoServer()
	defer ts.Close()

	for n := 0; n < b.N; n++ {
		NewRequest().URL(ts.URL).BodyString(body).Send()
	}
}

func BenchmarkRequestPlugins(b *testing.B) {
	ts := createEchoServer()
	defer ts.Close()

	for n := 0; n < b.N; n++ {
		req := NewRequest().URL(ts.URL)
		for i := 0; i < 10; i++ {
			req.UseRequest(headerRequestMiddleware)
			req.UseResponse(headerResponseMiddleware)
		}
		req.Send()
	}
}

func headerRequestMiddleware(ctx *context.Context, h context.Handler) {
	ctx.Request.Header.Set(""foo"", ctx.Request.Header.Get(""foo"")+""bar"")
	h.Next(ctx)
}

func headerResponseMiddleware(ctx *context.Context, h context.Handler) {
	ctx.Response.Header.Set(""foo"", ctx.Response.Header.Get(""foo"")+""bar"")
	h.Next(ctx)
}

func createEchoServer() *httptest.Server {
	return httptest.NewServer(http.HandlerFunc(func(w http.ResponseWriter, r *http.Request) {
		fmt.Fprintln(w, ""Hello, world"")
	}))
}

func randomString(n int) string {
	letterBytes := ""abcdefghijklmnopqrstuvwxyzABCDEFGHIJKLMNOPQRSTUVWXYZ""
	b := make([]byte, n)
	for i := range b {
		b[i] = letterBytes[rand.Int63()%int64(len(letterBytes))]
	}
	return string(b)
}","h.Next(ctx)
	})

	req.Request.Mux().AddMatcher(func(ctx *context.Context) bool {
		return ctx.GetString(""$phase"") == ""request"" && ctx.Request.Method == ""POST""
	}).UseRequest(func(ctx *context.Context, h context.Handler) {
		ctx.Request.Header.Set(""mux"", ""false"")
		h.Next(ctx)
	})

	// Test GET request
	req.Method(""GET"").Send()
	st.Expect(t, req.RawRequest.Header.Get(""mux""), ""true"")

	// Test POST request
	req.Method(""POST"").Send()
	st.Expect(t, req.RawRequest.Header.Get(""mux""), ""false"")
}"
qwen,Qwen/Qwen3-30B-A3B-Instruct-2507:nebius,go,GPL-3.0,request_test.go,604,0.8,0,0.21494607087827428,"		h.Next(ctx)
	})

	res, err := req.Send()
	st.Expect(t, err, nil)
	st.Expect(t, res.StatusCode, 200)
	st.Expect(t, res.RawRequest.Header.Get(""mux""), ""true"")
}

func TestRequestInterceptor(t *testing.T) {
	ts := httptest.NewServer(http.HandlerFunc(func(w http.ResponseWriter, r *http.Request) {
		t.Fatal(""Server should not be reached!"")
		fmt.Fprintln(w, ""Hello, world"")
	}))
	defer ts.Close()

	req := NewRequest()
	req.UseRequest(func(ctx *context.Context, h context.Handler) {
		ctx.Request.Header.Set(""Client"", ""gentleman"")

		ctx.Response.StatusCode = 201
		ctx.Response.Status = ""201 Created""

		ctx.Response.Header.Set(""Server"", ""gentleman"")
		utils.WriteBodyString(ctx.Response, ""Hello, gentleman"")

		h.Stop(ctx)
	})
	req.UseRequest(func(ctx *context.Context, h context.Handler) {
		t.Fatal(""middleware should not be called"")
		h.Next(ctx)
	})

	res, err := req.Send()
	st.Expect(t, err, nil)
	st.Expect(t, res.StatusCode, 201)
	st.Expect(t, res.RawRequest.Header.Get(""Client""), ""gentleman"")
	st.Expect(t, res.RawResponse.Header.Get(""Server""), ""gentleman"")
	st.Expect(t, res.String(), ""Hello, gentleman"")
}

func TestRequestTimeout(t *testing.T) {
	if runtime.Version() != ""go1.6"" {
		return
	}

	ts := httptest.NewServer(http.HandlerFunc(func(w http.ResponseWriter, r *http.Request) {
		time.Sleep(1000 * time.Millisecond)
		fmt.Fprintln(w, ""Hello, world"")
	}))
	defer ts.Close()

	req := NewRequest().URL(ts.URL)

	req.UseRequest(func(ctx *context.Context, h context.Handler) {
		ctx.Client.Timeout = 50 * time.Millisecond
		h.Next(ctx)
	})

	res, err := req.Send()
	st.Reject(t, err, nil)
	st.Expect(t, strings.Contains(err.Error(), ""net/http: request canceled""), true)
	st.Expect(t, res.StatusCode, 0)
}

func TestRequestCancel(t *testing.T) {
	ts := httptest.NewServer(http.HandlerFunc(func(w http.ResponseWriter, r *http.Request) {
		fmt.Fprintln(w, ""Hello, world"")
	}))
	defer ts.Close()

	req := NewRequest().URL(ts.URL)

	req.UseRequest(func(ctx *context.Context, h context.Handler) {
		if tra, ok := ctx.Client.Transport.(*http.Transport); !ok {
			t.Fatal(""transport does not implement CancelRequest(*http.Request)"")
		} else {
			tra.CancelRequest(ctx.Request)
		}
		h.Stop(ctx)
	})

	res, err := req.Send()
	st.Expect(t, err, nil)
	st.Expect(t, res.StatusCode, 0)
}

func TestRequestGoroutines(t *testing.T) {
	ts := httptest.NewServer(http.HandlerFunc(func(w http.ResponseWriter, r *http.Request) {
		time.Sleep(time.Duration(rand.Intn(50)) * time.Millisecond)
		fmt.Fprintln(w, ""Hello, world"")
	}))
	defer ts.Close()

	times := 10
	var wg sync.WaitGroup

	for i := 0; i < times; i++ {
		wg.Add(1)
		go func(url string) {
			defer wg.Done()
			res, err := NewRequest().URL(url).Send()
			st.Expect(t, err, nil)
			st.Expect(t, res.Ok, true)
			st.Expect(t, res.StatusCode, 200)
		}(ts.URL)
	}

	wg.Wait()
}

// Test API methods

func TestRequestMethod(t *testing.T) {
	req := NewRequest()
	req.Method(""POST"")
	req.Request.Middleware.Run(""request"", req.Request.Context)
	st.Expect(t, req.Request.Context.Request.Method, ""POST"")
}

func TestRequestURL(t *testing.T) {
	url := ""http://foo.com""
	req := NewRequest()
	req.URL(url)
	req.Request.Middleware.Run(""request"", req.Request.Context)
	st.Expect(t, req.Request.Context.Request.URL.String(), url)
}

func TestRequestBaseURL(t *testing.T) {
	url := ""http://foo.com/bar/baz""
	req := NewRequest()
	req.BaseURL(url)
	req.Request.Middleware.Run(""request"", req.Request.Context)
	st.Expect(t, req.Request.Context.Request.URL.String(), ""http://foo.com"")
}

func TestRequestPath(t *testing.T) {
	url := ""http://foo.com/bar/baz""
	path := ""/foo/baz""
	req := NewRequest()
	req.URL(url)
	req.Path(path)
	req.Request.Middleware.Run(""request"", req.Request.Context)
	st.Expect(t, req.Request.Context.Request.URL.String(), ""http://foo.com/foo/baz"")
}

func TestRequestAddPath(t *testing.T) {
	url := ""http://foo.com/bar/baz""
	path := ""/foo/baz""
	req := NewRequest()
	req.URL(url)
	req.AddPath(path)
	req.Request.Middleware.Run(""request"", req.Request.Context)
	st.Expect(t, req.Request.Context.Request.URL.String(), ""http://foo.com/bar/baz/foo/baz"")
}

func TestRequestPathParam(t *testing.T) {
	url := ""http://foo.com/bar/baz""
	path := ""/:foo/bar/:baz""
	req := NewRequest()
	req.URL(url)
	req.Path(path)
	req.Param(""foo"", ""baz"")
	req.Param(""baz"", ""foo"")
	req.Request.Middleware.Run(""request"", req.Request.Context)
	st.Expect(t, req.Request.Context.Request.URL.String(), ""http://foo.com/baz/bar/foo"")
}

func TestRequestPathParams(t *testing.T) {
	url := ""http://foo.com/bar/baz""
	path := ""/:foo/bar/:baz""
	req := NewRequest()
	req.URL(url)
	req.Path(path)
	req.Params(map[string]string{""foo"": ""baz"", ""baz"": ""foo""})
	req.Request.Middleware.Run(""request"", req.Request.Context)
	st.Expect(t, req.Request.Context.Request.URL.String(), ""http://foo.com/baz/bar/foo"")
}

func TestRequestSetQuery(t *testing.T) {
	req := NewRequest()
	req.SetQuery(""foo"", ""bar"")
	req.Request.Middleware.Run(""request"", req.Request.Context)
	st.Expect(t, req.Request.Context.Request.URL.RawQuery, ""foo=bar"")
}

func TestRequestAddQuery(t *testing.T) {
	req := NewRequest()
	req.AddQuery(""foo"", ""bar"")
	req.AddQuery(""foo"", ""bar"")
	req.Request.Middleware.Run(""request"", req.Request.Context)
	st.Expect(t, req.Request.Context.Request.URL.RawQuery, ""foo=bar&foo=bar"")
}

func TestRequestSetQueryParams(t *testing.T) {
	req := NewRequest()
	req.SetQueryParams(map[string]string{""foo"": ""bar""})
	req.Request.Middleware.Run(""request"", req.Request.Context)
	st.Expect(t, req.Request.Context.Request.URL.RawQuery, ""foo=bar"")
}

func TestRequestSetHeader(t *testing.T) {
	req := NewRequest()
	req.SetHeader(""foo"", ""bar"")
	req.Request.Middleware.Run(""request"", req.Request.Context)
	st.Expect(t, req.Request.Context.Request.Header.Get(""foo""), ""bar"")
}

func TestRequestAddHeader(t *testing.T) {
	req := NewRequest()
	req.AddHeader(""foo"", ""baz"")
	req.AddHeader(""foo"", ""bar"")
	req.Request.Middleware.Run(""request"", req.Request.Context)
	st.Expect(t, req.Request.Context.Request.Header.Get(""foo""), ""baz"")
}

func TestRequestSetHeaders(t *testing.T) {
	req := NewRequest()
	req.SetHeaders(map[string]string{""foo"": ""baz"", ""baz"": ""foo""})
	req.Request.Middleware.Run(""request"", req.Request.Context)
	st.Expect(t, req.Request.Context.Request.Header.Get(""foo""), ""baz"")
	st.Expect(t, req.Request.Context.Request.Header.Get(""baz""), ""foo"")
}

func TestRequestAddCookie(t *testing.T) {
	req := NewRequest()
	cookie := &http.Cookie{Name: ""foo"", Value: ""bar""}
	req.AddCookie(cookie)
	req.Request.Middleware.Run(""request"", req.Request.Context)
	st.Expect(t, req.Request.Context.Request.Header.Get(""Cookie""), ""foo=bar"")
}

func TestRequestAddCookies(t *testing.T) {
	req := NewRequest()
	cookies := []*http.Cookie{{Name: ""foo"", Value: ""bar""}}
	req.AddCookies(cookies)
	req.Request.Middleware.Run(""request"", req.Request.Context)
	st.Expect(t, req.Request.Context.Request.Header.Get(""Cookie""), ""foo=bar"")
}

func TestRequestCookieJar(t *testing.T) {
	req := NewRequest()
	req.CookieJar()
	req.Request.Middleware.Run(""request"", req.Request.Context)
	st.Reject(t, req.Request.Context.Client.Jar, nil)
}

func TestRequestType(t *testing.T) {
	req := NewRequest()
	req.Type(""json"")
	req.Request.Middleware.Run(""request"", req.Request.Context)
	st.Expect(t, req.Request.Context.Request.Header.Get(""Content-Type""), ""application/json"")
}

func TestRequestBody(t *testing.T) {
	reader := bytes.NewReader([]byte(""foo bar""))
	req := NewRequest()
	req.Body(reader)
	req.Request.Middleware.Run(""request"", req.Request.Context)
	st.Expect(t, int(req.Request.Context.Request.ContentLength), 7)
	st.Expect(t, req.Request.Context.Request.Header.Get(""Content-Type""), """")
	body, _ := ioutil.ReadAll(req.Request.Context.Request.Body)
	st.Expect(t, string(body), ""foo bar"")
}

func TestRequestBodyString(t *testing.T) {
	req := NewRequest()
	req.BodyString(""foo bar"")
	req.Request.Middleware.Run(""request"", req.Request.Context)
	st.Expect(t, int(req.Request.Context.Request.ContentLength), 7)
	st.Expect(t, req.Request.Context.Request.Header.Get(""Content-Type""), """")
	body, _ := ioutil.ReadAll(req.Request.Context.Request.Body)
	st.Expect(t, string(body), ""foo bar"")
}

func TestRequestJSON(t *testing.T) {
	req := NewRequest()
	req.JSON(map[string]string{""foo"": ""bar""})
	req.Request.Middleware.Run(""request"", req.Request.Context)
	st.Expect(t, int(req.Request.Context.Request.ContentLength), 14)
	st.Expect(t, req.Request.Context.Request.Header.Get(""Content-Type""), ""application/json"")
	body, _ := ioutil.ReadAll(req.Request.Context.Request.Body)
	st.Expect(t, string(body)[:13], `{""foo"":""bar""}`)
}

func TestRequestXML(t *testing.T) {
	type xmlTest struct {
		Name string `xml:""name>first""`
	}
	xml := xmlTest{Name: ""foo""}

	req := NewRequest()
	req.XML(xml)
	req.Request.Middleware.Run(""request"", req.Request.Context)
	st.Expect(t, int(req.Request.Context.Request.ContentLength), 50)
	st.Expect(t, req.Request.Context.Request.Header.Get(""Content-Type""), ""application/xml"")
	body, _ := ioutil.ReadAll(req.Request.Context.Request.Body)
	st.Expect(t, string(body), `<xmlTest><name><first>foo</first></name></xmlTest>`)
}

func TestRequestForm(t *testing.T) {
	reader := bytes.NewReader([]byte(""hello world""))
	fields := map[string]multipart.Values{
		""foo"": {""data=bar""},
		""bar"": {""data=baz""},
	}
	data := multipart.FormData{
		Files: []multipart.FormFile{{Name: ""foo"", Reader: reader}},
		Data:  fields,
	}

	req := NewRequest()
	req.Form(data)
	req.Request.Middleware.Run(""request"", req.Request.Context)
	st.Expect(t, strings.Contains(req.Request.Context.Request.Header.Get(""Content-Type""), ""multipart/form-data""), true)
	body, _ := ioutil.ReadAll(req.Request.Context.Request.Body)
	st.Expect(t, strings.Contains(string(body), ""data=bar""), true)
	st.Expect(t, strings.Contains(string(body), ""data=baz""), true)
}

func TestRequestFile(t *testing.T) {
	reader := bytes.NewReader([]byte(""hello world""))
	req := NewRequest()
	req.File(""foo"", reader)
	req.Request.Middleware.Run(""request"", req.Request.Context)
	st.Expect(t, strings.Contains(req.Request.Context.Request.Header.Get(""Content-Type""), ""multipart/form-data""), true)
	body, _ := ioutil.ReadAll(req.Request.Context.Request.Body)
	st.Expect(t, strings.Contains(string(body), ""hello world""), true)
}

func TestRequestFiles(t *testing.T) {
	reader1 := bytes.NewReader([]byte(""content1""))
	reader2 := bytes.NewReader([]byte(""content2""))
	file1 := multipart.FormFile{Name: ""file1.txt"", Reader: reader1}
	file2 := multipart.FormFile{Name: ""file2.txt"", Reader: reader2}

	req := NewRequest()
	req.Files([]multipart.FormFile{file1, file2})
	req.Request.Middleware.Run(""request"", req.Request.Context)
	st.Expect(t, strings.Contains(req.Request.Context.Request.Header.Get(""Content-Type""), ""multipart/form-data""), true)

	body, _ := ioutil.ReadAll(req.Request.Context.Request.Body)
	st.Expect(t, strings.Contains(string(body), ""content1""), true)
	st.Expect(t, strings.Contains(string(body), ""content2""), true)
}

func TestRequestClone(t *testing.T) {
	req1 := NewRequest()
	req1.UseRequest(func(c *context.Context, h context.Handler) {})
	req1.Request.Context.Set(""foo"", ""bar"")
	req2 := req1.Clone()
	st.Expect(t, req1 != req2, true)
	st.Expect(t, req2.Request.Context.GetString(""foo""), req1.Request.Context.GetString(""foo""))
	st.Expect(t, len(req2.Request.Middleware.GetStack()), 2)
}

func BenchmarkSimpleRequestGet(b *testing.B) {
	ts := createEchoServer()
	defer ts.Close()

	for n := 0; n < b.N; n++ {
		NewRequest().URL(ts.URL).Send()
	}
}

func BenchmarkSimpleRequestPostSmallString(b *testing.B) {
	body := randomString(200)
	ts := createEchoServer()
	defer ts.Close()

	for n := 0; n < b.N; n++ {
		NewRequest().URL(ts.URL).BodyString(body).Send()
	}
}

func BenchmarkSimpleRequestPostLargeString(b *testing.B) {
	body := randomString(10000)
	ts := createEchoServer()
	defer ts.Close()

	for n := 0; n < b.N; n++ {
		NewRequest().URL(ts.URL).BodyString(body).Send()
	}
}

func BenchmarkRequestPlugins(b *testing.B) {
	ts := createEchoServer()
	defer ts.Close()

	for n := 0; n < b.N; n++ {
		req := NewRequest().URL(ts.URL)
		for i := 0; i < 10; i++ {
			req.UseRequest(headerRequestMiddleware)
			req.UseResponse(headerResponseMiddleware)
		}
		req.Send()
	}
}

func headerRequestMiddleware(ctx *context.Context, h context.Handler) {
	ctx.Request.Header.Set(""foo"", ctx.Request.Header.Get(""foo"")+""bar"")
	h.Next(ctx)
}

func headerResponseMiddleware(ctx *context.Context, h context.Handler) {
	ctx.Response.Header.Set(""foo"", ctx.Response.Header.Get(""foo"")+""bar"")
	h.Next(ctx)
}

func createEchoServer() *httptest.Server {
	return httptest.NewServer(http.HandlerFunc(func(w http.ResponseWriter, r *http.Request) {
		fmt.Fprintln(w, ""Hello, world"")
	}))
}

func randomString(n int) string {
	letterBytes := ""abcdefghijklmnopqrstuvwxyzABCDEFGHIJKLMNOPQRSTUVWXYZ""
	b := make([]byte, n)
	for i := range b {
		b[i] = letterBytes[rand.Int63()%int64(len(letterBytes))]
	}
	return string(b)
}","h.Next(ctx)
	})

	req.Request.Mux().AddMatcher(func(ctx *context.Context) bool {
		return ctx.GetString(""$phase"") == ""response"" && ctx.Response.StatusCode == 200
	}).UseResponse(func(ctx *context.Context, h context.Handler) {
		ctx.Response.Header.Set(""mux"", ""true"")
		h.Next(ctx)
	})

	req.Set(""phase"", ""request"")
	req.Set(""phase"", ""response"")

	res, err := req.Send()
	st.Expect(t, err, nil)
	st.Expect(t, res.StatusCode, 200)
	st.Expect(t, res.Header.Get(""mux""), ""true"")
}"
qwen,Qwen/Qwen3-30B-A3B-Instruct-2507:nebius,go,GPL-3.0,passwordstore.go,94,0.2,0,0.3314285714285714,"
// Get a password from the password store
func Get(entry string) (string, error) {
	out, err := pass(""show"", entry)
	if err != nil {
		return """", err
	}
	return head(string(out)), nil
}

// Insert a new entry in the password store
func Insert(entry, passwd string) error {
	cmd := exec.Command(passCommand, ""insert"", entry)
	stdin, err := cmd.StdinPipe()
	if err != nil {
		return err
	}

	input := fmt.Sprintf(""%s\n%s\n"", passwd, passwd)
	_, err = stdin.Write([]byte(input))
	if err != nil {
		return err
	}
	stdin.Close()

	out, err := cmd.CombinedOutput()
	if err != nil {
		return errors.New(string(out))
	}
	return nil
}

// Insert a new entry in the password store,
// generate a random password of <length> characters
func Generate(entry string, length int) (string, error) {
	_, err := pass(""generate"", entry, strconv.Itoa(length))
	if err != nil {
		return """", err
	}
	return Get(entry)
}

// Delete an entry in the password store
func Delete(entry string) error {
	_, err := pass(""rm"", entry)
	return err
}

// Rename an entry in the password store
func Move(entry, newentry string) error {
	_, err := pass(""mv"", entry, newentry)
	return err
}

// Copy an entry in the password store
func Copy(entry, newentry string) error {
	_, err := pass(""cp"", entry, newentry)
	return err
}

// Get a password from the password store,
// then copy it to the clipboard
func CopyToClipboard(entry string) error {
	_, err := pass(""show"", ""-c"", entry)
	return err
}","func GetPassword(path string) (string, error) {
	output, err := pass(""show"", path)
	if err != nil {
		return """", err
	}
	return strings.TrimSpace(output), nil
}

func ListPasswords(path string) ([]string, error) {
	output, err := pass(""ls"", ""-R"", path)
	if err != nil {
		return nil, err
	}
	lines := strings.Split(strings.TrimSpace(output), ""\n"")
	var passwords []string
	for _, line := range lines {
		if strings.TrimSpace(line) != """" {
			passwords = append(passwords, line)
		}
	}
	return passwords, nil
}

func AddPassword(path, password string) error {
	cmd := exec.Command(passCommand, ""insert"", ""-f"", path)
	stdin, err := cmd.StdinPipe()
	if err != nil {
		return err
	}
	if err := cmd.Start(); err != nil {
		return err
	}
	if _, err := stdin.Write([]byte(password)); err != nil {
		return err
	}
	if err := stdin.Close(); err != nil {
		return err
	}
	return cmd.Wait()
}

func DeletePassword(path string) error {
	_, err := pass(""rm"", ""-f"", path"
qwen,Qwen/Qwen3-30B-A3B-Instruct-2507:nebius,go,GPL-3.0,passwordstore.go,94,0.4,0,0.3352601156069364,"
// Get a password from the password store
func Get(entry string) (string, error) {
	out, err := pass(""show"", entry)
	if err != nil {
		return """", err
	}
	return head(string(out)), nil
}

// Insert a new entry in the password store
func Insert(entry, passwd string) error {
	cmd := exec.Command(passCommand, ""insert"", entry)
	stdin, err := cmd.StdinPipe()
	if err != nil {
		return err
	}

	input := fmt.Sprintf(""%s\n%s\n"", passwd, passwd)
	_, err = stdin.Write([]byte(input))
	if err != nil {
		return err
	}
	stdin.Close()

	out, err := cmd.CombinedOutput()
	if err != nil {
		return errors.New(string(out))
	}
	return nil
}

// Insert a new entry in the password store,
// generate a random password of <length> characters
func Generate(entry string, length int) (string, error) {
	_, err := pass(""generate"", entry, strconv.Itoa(length))
	if err != nil {
		return """", err
	}
	return Get(entry)
}

// Delete an entry in the password store
func Delete(entry string) error {
	_, err := pass(""rm"", entry)
	return err
}

// Rename an entry in the password store
func Move(entry, newentry string) error {
	_, err := pass(""mv"", entry, newentry)
	return err
}

// Copy an entry in the password store
func Copy(entry, newentry string) error {
	_, err := pass(""cp"", entry, newentry)
	return err
}

// Get a password from the password store,
// then copy it to the clipboard
func CopyToClipboard(entry string) error {
	_, err := pass(""show"", ""-c"", entry)
	return err
}","func GetPassword(path string) (string, error) {
	output, err := pass(""show"", path)
	if err != nil {
		return """", err
	}
	return strings.TrimSpace(output), nil
}

func ListPasswords(path string) ([]string, error) {
	output, err := pass(""ls"", ""-R"", path)
	if err != nil {
		return nil, err
	}
	lines := strings.Split(strings.TrimSpace(output), ""\n"")
	passwords := make([]string, 0, len(lines))
	for _, line := range lines {
		if strings.TrimSpace(line) != """" {
			passwords = append(passwords, line)
		}
	}
	return passwords, nil
}

func AddPassword(path, password string) error {
	cmd := exec.Command(passCommand, ""insert"", ""-f"", path)
	stdin, err := cmd.StdinPipe()
	if err != nil {
		return err
	}
	if err := cmd.Start(); err != nil {
		return err
	}
	if _, err := stdin.Write([]byte(password)); err != nil {
		return err
	}
	if err := stdin.Close(); err != nil {
		return err
	}
	return cmd.Wait()
}

func DeletePassword(path string) error {
	_, err :="
qwen,Qwen/Qwen3-30B-A3B-Instruct-2507:nebius,go,GPL-3.0,passwordstore.go,94,0.8,0,0.1896551724137931,"
// Get a password from the password store
func Get(entry string) (string, error) {
	out, err := pass(""show"", entry)
	if err != nil {
		return """", err
	}
	return head(string(out)), nil
}

// Insert a new entry in the password store
func Insert(entry, passwd string) error {
	cmd := exec.Command(passCommand, ""insert"", entry)
	stdin, err := cmd.StdinPipe()
	if err != nil {
		return err
	}

	input := fmt.Sprintf(""%s\n%s\n"", passwd, passwd)
	_, err = stdin.Write([]byte(input))
	if err != nil {
		return err
	}
	stdin.Close()

	out, err := cmd.CombinedOutput()
	if err != nil {
		return errors.New(string(out))
	}
	return nil
}

// Insert a new entry in the password store,
// generate a random password of <length> characters
func Generate(entry string, length int) (string, error) {
	_, err := pass(""generate"", entry, strconv.Itoa(length))
	if err != nil {
		return """", err
	}
	return Get(entry)
}

// Delete an entry in the password store
func Delete(entry string) error {
	_, err := pass(""rm"", entry)
	return err
}

// Rename an entry in the password store
func Move(entry, newentry string) error {
	_, err := pass(""mv"", entry, newentry)
	return err
}

// Copy an entry in the password store
func Copy(entry, newentry string) error {
	_, err := pass(""cp"", entry, newentry)
	return err
}

// Get a password from the password store,
// then copy it to the clipboard
func CopyToClipboard(entry string) error {
	_, err := pass(""show"", ""-c"", entry)
	return err
}","func GetPassword(path string) (string, error) {
	result, err := pass(""show"", path)
	if err != nil {
		return """", err
	}
	return strings.TrimSpace(result), nil
}

func ListPaths() ([]string, error) {
	result, err := pass(""ls"", ""--long"")
	if err != nil {
		return nil, err
	}
	lines := strings.Split(strings.TrimSpace(result), ""\n"")
	var paths []string
	for _, line := range lines {
		fields := strings.Fields(line)
		if len(fields) > 0 {
			paths = append(paths, fields[len(fields)-1])
		}
	}
	return paths, nil
}

func ListPathsRecursive() ([]string, error) {
	result, err := pass(""ls"", ""-R"")
	if err != nil {
		return nil, err
	}
	lines := strings.Split(strings.TrimSpace(result), ""\n"")
	var paths []string
	for _, line := range lines {
		if strings.TrimSpace(line) != """" {
			paths = append(paths, strings.TrimSpace(line))
		}
	}
	return paths, nil
}

func AddPassword(path, password string) error {
	cmd := exec.Command(passCommand, ""insert"", ""-f"", path)
	stdin,"
qwen,Qwen/Qwen3-30B-A3B-Instruct-2507:nebius,go,GPL-3.0,Godeps::_workspace::src::github.com::lib::pq::hstore::hstore_test.go,149,0.2,0,0.2260536398467433,"	hs := Hstore{}

	// test for null-valued hstores
	err = db.QueryRow(""SELECT NULL::hstore"").Scan(&hs)
	if err != nil {
		t.Fatal(err)
	}
	if hs.Map != nil {
		t.Fatalf(""expected null map"")
	}

	err = db.QueryRow(""SELECT $1::hstore"", hs).Scan(&hs)
	if err != nil {
		t.Fatalf(""re-query null map failed: %s"", err.Error())
	}
	if hs.Map != nil {
		t.Fatalf(""expected null map"")
	}

	// test for empty hstores
	err = db.QueryRow(""SELECT ''::hstore"").Scan(&hs)
	if err != nil {
		t.Fatal(err)
	}
	if hs.Map == nil {
		t.Fatalf(""expected empty map, got null map"")
	}
	if len(hs.Map) != 0 {
		t.Fatalf(""expected empty map, got len(map)=%d"", len(hs.Map))
	}

	err = db.QueryRow(""SELECT $1::hstore"", hs).Scan(&hs)
	if err != nil {
		t.Fatalf(""re-query empty map failed: %s"", err.Error())
	}
	if hs.Map == nil {
		t.Fatalf(""expected empty map, got null map"")
	}
	if len(hs.Map) != 0 {
		t.Fatalf(""expected empty map, got len(map)=%d"", len(hs.Map))
	}

	// a few example maps to test out
	hsOnePair := Hstore{
		Map: map[string]sql.NullString{
			""key1"": {""value1"", true},
		},
	}

	hsThreePairs := Hstore{
		Map: map[string]sql.NullString{
			""key1"": {""value1"", true},
			""key2"": {""value2"", true},
			""key3"": {""value3"", true},
		},
	}

	hsSmorgasbord := Hstore{
		Map: map[string]sql.NullString{
			""nullstring"":             {""NULL"", true},
			""actuallynull"":           {"""", false},
			""NULL"":                   {""NULL string key"", true},
			""withbracket"":            {""value>42"", true},
			""withequal"":              {""value=42"", true},
			`""withquotes1""`:          {`this ""should"" be fine`, true},
			`""withquotes""2""`:         {`this ""should\"" also be fine`, true},
			""embedded1"":              {""value1=>x1"", true},
			""embedded2"":              {`""value2""=>x2`, true},
			""withnewlines"":           {""\n\nvalue\t=>2"", true},
			""<<all sorts of crazy>>"": {`this, ""should,\"" also, => be fine`, true},
		},
	}

	// test encoding in query params, then decoding during Scan
	testBidirectional := func(h Hstore) {
		err = db.QueryRow(""SELECT $1::hstore"", h).Scan(&hs)
		if err != nil {
			t.Fatalf(""re-query %d-pair map failed: %s"", len(h.Map), err.Error())
		}
		if hs.Map == nil {
			t.Fatalf(""expected %d-pair map, got null map"", len(h.Map))
		}
		if len(hs.Map) != len(h.Map) {
			t.Fatalf(""expected %d-pair map, got len(map)=%d"", len(h.Map), len(hs.Map))
		}

		for key, val := range hs.Map {
			otherval, found := h.Map[key]
			if !found {
				t.Fatalf(""  key '%v' not found in %d-pair map"", key, len(h.Map))
			}
			if otherval.Valid != val.Valid {
				t.Fatalf(""  value %v <> %v in %d-pair map"", otherval, val, len(h.Map))
			}
			if otherval.String != val.String {
				t.Fatalf(""  value '%v' <> '%v' in %d-pair map"", otherval.String, val.String, len(h.Map))
			}
		}
	}

	testBidirectional(hsOnePair)
	testBidirectional(hsThreePairs)
	testBidirectional(hsSmorgasbord)
}","// Test basic hstore insertion and retrieval
	_, err = db.Exec(""CREATE TABLE IF NOT EXISTS hstore_test (id SERIAL PRIMARY KEY, data HSTORE)"")
	if err != nil {
		t.Fatal(err)
	}

	// Insert a simple hstore value
	_, err = db.Exec(""INSERT INTO hstore_test (data) VALUES ($1)"", `key1=>value1, key2=>value2`)
	if err != nil {
		t.Fatal(err)
	}

	// Query the hstore value
	var hstore string
	err = db.QueryRow(""SELECT data FROM hstore_test WHERE id = 1"").Scan(&hstore)
	if err != nil {
		t.Fatal(err)
	}

	if hstore != `key1=>value1, key2=>value2` {
		t.Errorf(""Expected 'key1=>value1, key2=>value2', got '%s'"", hstore)
	}

	// Test hstore with special characters
	_, err = db.Exec(""INSERT INTO hstore_test (data) VALUES ($1)"", `key_with_quotes=>\""quoted_value\"", key_with_comma=>value,with,comma`)
	if err != nil {
		t.Fatal(err)
	}

	err = db"
qwen,Qwen/Qwen3-30B-A3B-Instruct-2507:nebius,go,GPL-3.0,Godeps::_workspace::src::github.com::lib::pq::hstore::hstore_test.go,149,0.4,0,0.13175675675675674,"	hs := Hstore{}

	// test for null-valued hstores
	err = db.QueryRow(""SELECT NULL::hstore"").Scan(&hs)
	if err != nil {
		t.Fatal(err)
	}
	if hs.Map != nil {
		t.Fatalf(""expected null map"")
	}

	err = db.QueryRow(""SELECT $1::hstore"", hs).Scan(&hs)
	if err != nil {
		t.Fatalf(""re-query null map failed: %s"", err.Error())
	}
	if hs.Map != nil {
		t.Fatalf(""expected null map"")
	}

	// test for empty hstores
	err = db.QueryRow(""SELECT ''::hstore"").Scan(&hs)
	if err != nil {
		t.Fatal(err)
	}
	if hs.Map == nil {
		t.Fatalf(""expected empty map, got null map"")
	}
	if len(hs.Map) != 0 {
		t.Fatalf(""expected empty map, got len(map)=%d"", len(hs.Map))
	}

	err = db.QueryRow(""SELECT $1::hstore"", hs).Scan(&hs)
	if err != nil {
		t.Fatalf(""re-query empty map failed: %s"", err.Error())
	}
	if hs.Map == nil {
		t.Fatalf(""expected empty map, got null map"")
	}
	if len(hs.Map) != 0 {
		t.Fatalf(""expected empty map, got len(map)=%d"", len(hs.Map))
	}

	// a few example maps to test out
	hsOnePair := Hstore{
		Map: map[string]sql.NullString{
			""key1"": {""value1"", true},
		},
	}

	hsThreePairs := Hstore{
		Map: map[string]sql.NullString{
			""key1"": {""value1"", true},
			""key2"": {""value2"", true},
			""key3"": {""value3"", true},
		},
	}

	hsSmorgasbord := Hstore{
		Map: map[string]sql.NullString{
			""nullstring"":             {""NULL"", true},
			""actuallynull"":           {"""", false},
			""NULL"":                   {""NULL string key"", true},
			""withbracket"":            {""value>42"", true},
			""withequal"":              {""value=42"", true},
			`""withquotes1""`:          {`this ""should"" be fine`, true},
			`""withquotes""2""`:         {`this ""should\"" also be fine`, true},
			""embedded1"":              {""value1=>x1"", true},
			""embedded2"":              {`""value2""=>x2`, true},
			""withnewlines"":           {""\n\nvalue\t=>2"", true},
			""<<all sorts of crazy>>"": {`this, ""should,\"" also, => be fine`, true},
		},
	}

	// test encoding in query params, then decoding during Scan
	testBidirectional := func(h Hstore) {
		err = db.QueryRow(""SELECT $1::hstore"", h).Scan(&hs)
		if err != nil {
			t.Fatalf(""re-query %d-pair map failed: %s"", len(h.Map), err.Error())
		}
		if hs.Map == nil {
			t.Fatalf(""expected %d-pair map, got null map"", len(h.Map))
		}
		if len(hs.Map) != len(h.Map) {
			t.Fatalf(""expected %d-pair map, got len(map)=%d"", len(h.Map), len(hs.Map))
		}

		for key, val := range hs.Map {
			otherval, found := h.Map[key]
			if !found {
				t.Fatalf(""  key '%v' not found in %d-pair map"", key, len(h.Map))
			}
			if otherval.Valid != val.Valid {
				t.Fatalf(""  value %v <> %v in %d-pair map"", otherval, val, len(h.Map))
			}
			if otherval.String != val.String {
				t.Fatalf(""  value '%v' <> '%v' in %d-pair map"", otherval.String, val.String, len(h.Map))
			}
		}
	}

	testBidirectional(hsOnePair)
	testBidirectional(hsThreePairs)
	testBidirectional(hsSmorgasbord)
}","rows, err := db.Query(""SELECT hstore('a=>1', 'b=>2')"")
	if err != nil {
		t.Fatal(err)
	}
	defer rows.Close()

	if !rows.Next() {
		t.Fatal(""Expected a row"")
	}

	var hstore string
	if err := rows.Scan(&hstore); err != nil {
		t.Fatal(err)
	}

	if hstore != `""a""=>""1"", ""b""=>""2""` {
		t.Errorf(""Expected \""a\""=>\""1\"", \""b\""=>\""2\"", got %s"", hstore)
	}

	// Test with empty hstore
	rows, err = db.Query(""SELECT hstore('')"")
	if err != nil {
		t.Fatal(err)
	}
	defer rows.Close()

	if !rows.Next() {
		t.Fatal(""Expected a row"")
	}

	var emptyHstore string
	if err := rows.Scan(&emptyHstore); err != nil {
		t.Fatal(err)
	}

	if emptyHstore != """" {
		t.Errorf(""Expected empty hstore, got %s"", emptyHstore)
	}

	// Test with nil hstore
	rows, err = db.Query(""SELECT NULL::hstore"")
	if err != nil {
		t.Fatal(err)"
qwen,Qwen/Qwen3-30B-A3B-Instruct-2507:nebius,go,GPL-3.0,Godeps::_workspace::src::github.com::lib::pq::hstore::hstore_test.go,149,0.8,0,0.14634146341463414,"	hs := Hstore{}

	// test for null-valued hstores
	err = db.QueryRow(""SELECT NULL::hstore"").Scan(&hs)
	if err != nil {
		t.Fatal(err)
	}
	if hs.Map != nil {
		t.Fatalf(""expected null map"")
	}

	err = db.QueryRow(""SELECT $1::hstore"", hs).Scan(&hs)
	if err != nil {
		t.Fatalf(""re-query null map failed: %s"", err.Error())
	}
	if hs.Map != nil {
		t.Fatalf(""expected null map"")
	}

	// test for empty hstores
	err = db.QueryRow(""SELECT ''::hstore"").Scan(&hs)
	if err != nil {
		t.Fatal(err)
	}
	if hs.Map == nil {
		t.Fatalf(""expected empty map, got null map"")
	}
	if len(hs.Map) != 0 {
		t.Fatalf(""expected empty map, got len(map)=%d"", len(hs.Map))
	}

	err = db.QueryRow(""SELECT $1::hstore"", hs).Scan(&hs)
	if err != nil {
		t.Fatalf(""re-query empty map failed: %s"", err.Error())
	}
	if hs.Map == nil {
		t.Fatalf(""expected empty map, got null map"")
	}
	if len(hs.Map) != 0 {
		t.Fatalf(""expected empty map, got len(map)=%d"", len(hs.Map))
	}

	// a few example maps to test out
	hsOnePair := Hstore{
		Map: map[string]sql.NullString{
			""key1"": {""value1"", true},
		},
	}

	hsThreePairs := Hstore{
		Map: map[string]sql.NullString{
			""key1"": {""value1"", true},
			""key2"": {""value2"", true},
			""key3"": {""value3"", true},
		},
	}

	hsSmorgasbord := Hstore{
		Map: map[string]sql.NullString{
			""nullstring"":             {""NULL"", true},
			""actuallynull"":           {"""", false},
			""NULL"":                   {""NULL string key"", true},
			""withbracket"":            {""value>42"", true},
			""withequal"":              {""value=42"", true},
			`""withquotes1""`:          {`this ""should"" be fine`, true},
			`""withquotes""2""`:         {`this ""should\"" also be fine`, true},
			""embedded1"":              {""value1=>x1"", true},
			""embedded2"":              {`""value2""=>x2`, true},
			""withnewlines"":           {""\n\nvalue\t=>2"", true},
			""<<all sorts of crazy>>"": {`this, ""should,\"" also, => be fine`, true},
		},
	}

	// test encoding in query params, then decoding during Scan
	testBidirectional := func(h Hstore) {
		err = db.QueryRow(""SELECT $1::hstore"", h).Scan(&hs)
		if err != nil {
			t.Fatalf(""re-query %d-pair map failed: %s"", len(h.Map), err.Error())
		}
		if hs.Map == nil {
			t.Fatalf(""expected %d-pair map, got null map"", len(h.Map))
		}
		if len(hs.Map) != len(h.Map) {
			t.Fatalf(""expected %d-pair map, got len(map)=%d"", len(h.Map), len(hs.Map))
		}

		for key, val := range hs.Map {
			otherval, found := h.Map[key]
			if !found {
				t.Fatalf(""  key '%v' not found in %d-pair map"", key, len(h.Map))
			}
			if otherval.Valid != val.Valid {
				t.Fatalf(""  value %v <> %v in %d-pair map"", otherval, val, len(h.Map))
			}
			if otherval.String != val.String {
				t.Fatalf(""  value '%v' <> '%v' in %d-pair map"", otherval.String, val.String, len(h.Map))
			}
		}
	}

	testBidirectional(hsOnePair)
	testBidirectional(hsThreePairs)
	testBidirectional(hsSmorgasbord)
}","rows, err := db.Query(""SELECT hstore('a=>1, b=>2')::text"")
	if err != nil {
		t.Fatal(err)
	}
	defer rows.Close()

	if !rows.Next() {
		t.Fatal(""Expected a row"")
	}

	var hstore string
	if err := rows.Scan(&hstore); err != nil {
		t.Fatal(err)
	}

	if hstore != `""a""=>""1"", ""b""=>""2""` {
		t.Errorf(""Expected hstore 'a=>1, b=>2', got %s"", hstore)
	}

	// Test NULL hstore
	rows, err = db.Query(""SELECT hstore(NULL)::text"")
	if err != nil {
		t.Fatal(err)
	}
	defer rows.Close()

	if !rows.Next() {
		t.Fatal(""Expected a row"")
	}

	var nullHstore string
	if err := rows.Scan(&nullHstore); err != nil {
		t.Fatal(err)
	}

	if nullHstore != ""NULL"" {
		t.Errorf(""Expected NULL hstore, got %s"", nullHstore)
	}

	// Test hstore with key containing special characters
	rows, err = db.Query(""SELECT hstore('a=>b,c=>d e"
qwen,Qwen/Qwen3-30B-A3B-Instruct-2507:nebius,go,GPL-3.0,src::code.google.com::p::goprotobuf::protoc-gen-go::testdata::extension_test.go,421,0.2,0,0.5259259259259259,"	if err := proto.Unmarshal(buf, bm_new); err != nil {

		t.Fatal(""Failed decoding message with extension:"", err)

	}

	if !proto.HasExtension(bm_new, user.E_LoudMessage_Volume) {

		t.Fatal(""Decoded message didn't contain extension."")

	}

	vol_out, err := proto.GetExtension(bm_new, user.E_LoudMessage_Volume)

	if err != nil {

		t.Fatal(""Failed getting extension:"", err)

	}

	if v := vol_out.(*uint32); *v != *vol {

		t.Errorf(""vol_out = %v, expected %v"", *v, *vol)

	}

	proto.ClearExtension(bm_new, user.E_LoudMessage_Volume)

	if proto.HasExtension(bm_new, user.E_LoudMessage_Volume) {

		t.Fatal(""Failed clearing extension."")

	}

}



func TestMessageExtension(t *testing.T) {

	bm := &base.BaseMessage{

		Height: proto.Int32(179),

	}



	// Use extension that is itself a message.

	um := &user.UserMessage{

		Name: proto.String(""Dave""),

		Rank: proto.String(""Major""),

	}

	err := proto.SetExtension(bm, user.E_LoginMessage_UserMessage, um)

	if err != nil {

		t.Fatal(""Failed setting extension:"", err)

	}

	buf, err := proto.Marshal(bm)

	if err != nil {

		t.Fatal(""Failed encoding message with extension:"", err)

	}

	bm_new := new(base.BaseMessage)

	if err := proto.Unmarshal(buf, bm_new); err != nil {

		t.Fatal(""Failed decoding message with extension:"", err)

	}

	if !proto.HasExtension(bm_new, user.E_LoginMessage_UserMessage) {

		t.Fatal(""Decoded message didn't contain extension."")

	}

	um_out, err := proto.GetExtension(bm_new, user.E_LoginMessage_UserMessage)

	if err != nil {

		t.Fatal(""Failed getting extension:"", err)

	}

	if n := um_out.(*user.UserMessage).Name; *n != *um.Name {

		t.Errorf(""um_out.Name = %q, expected %q"", *n, *um.Name)

	}

	if r := um_out.(*user.UserMessage).Rank; *r != *um.Rank {

		t.Errorf(""um_out.Rank = %q, expected %q"", *r, *um.Rank)

	}

	proto.ClearExtension(bm_new, user.E_LoginMessage_UserMessage)

	if proto.HasExtension(bm_new, user.E_LoginMessage_UserMessage) {

		t.Fatal(""Failed clearing extension."")

	}

}



func TestTopLevelExtension(t *testing.T) {

	bm := &base.BaseMessage{

		Height: proto.Int32(179),

	}



	width := proto.Int32(17)

	err := proto.SetExtension(bm, user.E_Width, width)

	if err != nil {

		t.Fatal(""Failed setting extension:"", err)

	}

	buf, err := proto.Marshal(bm)

	if err != nil {

		t.Fatal(""Failed encoding message with extension:"", err)

	}

	bm_new := new(base.BaseMessage)

	if err := proto.Unmarshal(buf, bm_new); err != nil {

		t.Fatal(""Failed decoding message with extension:"", err)

	}

	if !proto.HasExtension(bm_new, user.E_Width) {

		t.Fatal(""Decoded message didn't contain extension."")

	}

	width_out, err := proto.GetExtension(bm_new, user.E_Width)

	if err != nil {

		t.Fatal(""Failed getting extension:"", err)

	}

	if w := width_out.(*int32); *w != *width {

		t.Errorf(""width_out = %v, expected %v"", *w, *width)

	}

	proto.ClearExtension(bm_new, user.E_Width)

	if proto.HasExtension(bm_new, user.E_Width) {

		t.Fatal(""Failed clearing extension."")

	}

}



func TestMessageSetWireFormat(t *testing.T) {

	osm := new(base.OldStyleMessage)

	osp := &user.OldStyleParcel{

		Name:   proto.String(""Dave""),

		Height: proto.Int32(178),

	}



	err := proto.SetExtension(osm, user.E_OldStyleParcel_MessageSetExtension, osp)

	if err != nil {

		t.Fatal(""Failed setting extension:"", err)

	}



	buf, err := proto.Marshal(osm)

	if err != nil {

		t.Fatal(""Failed encoding message:"", err)

	}



	// Data generated from Python implementation.

	expected := []byte{

		11, 16, 209, 15, 26, 9, 10, 4, 68, 97, 118, 101, 16, 178, 1, 12,

	}



	if !bytes.Equal(expected, buf) {

		t.Errorf(""Encoding mismatch.\nwant %+v\n got %+v"", expected, buf)

	}



	// Check that it is restored correctly.

	osm = new(base.OldStyleMessage)

	if err := proto.Unmarshal(buf, osm); err != nil {

		t.Fatal(""Failed decoding message:"", err)

	}

	osp_out, err := proto.GetExtension(osm, user.E_OldStyleParcel_MessageSetExtension)

	if err != nil {

		t.Fatal(""Failed getting extension:"", err)

	}

	osp = osp_out.(*user.OldStyleParcel)

	if *osp.Name != ""Dave"" || *osp.Height != 178 {

		t.Errorf(""Retrieved extension from decoded message is not correct: %+v"", osp)

	}

}



func main() {

	// simpler than rigging up gotest

	testing.Main(regexp.MatchString, []testing.InternalTest{

		{""TestSingleFieldExtension"", TestSingleFieldExtension},

		{""TestMessageExtension"", TestMessageExtension},

		{""TestTopLevelExtension"", TestTopLevelExtension},

	},

		[]testing.InternalBenchmark{},

		[]testing.InternalExample{})

}



*/
","if err := proto.Unmarshal(buf, bm_new); err != nil {
		t.Fatal(""Failed decoding message with extension:"", err)
	}
	if !proto.HasExtension(bm_new, user.E_LoudMessage_Volume) {
		t.Fatal(""Expected extension to be present after unmarshaling"")
	}
	vol_new := proto.GetExtension(bm_new, user.E_LoudMessage_Volume).(*uint32)
	if *vol_new != 11 {
		t.Errorf(""Expected volume to be 11, got %d"", *vol_new)
	}
}

func TestMultipleExtensions(t *testing.T) {
	bm := &base.BaseMessage{
		Height: proto.Int32(178),
	}

	// Set multiple extensions.
	vol := proto.Uint32(11)
	pan := proto.Int32(5)
	err := proto.SetExtension(bm, user.E_LoudMessage_Volume, vol)
	if err != nil {
		t.Fatal(""Failed setting volume extension:"", err)
	}
	err = proto.SetExtension(bm, user.E_LoudMessage_Pan, pan)
	if err != nil {
		t.Fatal(""Failed setting pan extension:"", err)
	}

	buf, err := proto.Marshal"
qwen,Qwen/Qwen3-30B-A3B-Instruct-2507:nebius,go,GPL-3.0,src::code.google.com::p::goprotobuf::protoc-gen-go::testdata::extension_test.go,421,0.4,0,0.5378787878787878,"	if err := proto.Unmarshal(buf, bm_new); err != nil {

		t.Fatal(""Failed decoding message with extension:"", err)

	}

	if !proto.HasExtension(bm_new, user.E_LoudMessage_Volume) {

		t.Fatal(""Decoded message didn't contain extension."")

	}

	vol_out, err := proto.GetExtension(bm_new, user.E_LoudMessage_Volume)

	if err != nil {

		t.Fatal(""Failed getting extension:"", err)

	}

	if v := vol_out.(*uint32); *v != *vol {

		t.Errorf(""vol_out = %v, expected %v"", *v, *vol)

	}

	proto.ClearExtension(bm_new, user.E_LoudMessage_Volume)

	if proto.HasExtension(bm_new, user.E_LoudMessage_Volume) {

		t.Fatal(""Failed clearing extension."")

	}

}



func TestMessageExtension(t *testing.T) {

	bm := &base.BaseMessage{

		Height: proto.Int32(179),

	}



	// Use extension that is itself a message.

	um := &user.UserMessage{

		Name: proto.String(""Dave""),

		Rank: proto.String(""Major""),

	}

	err := proto.SetExtension(bm, user.E_LoginMessage_UserMessage, um)

	if err != nil {

		t.Fatal(""Failed setting extension:"", err)

	}

	buf, err := proto.Marshal(bm)

	if err != nil {

		t.Fatal(""Failed encoding message with extension:"", err)

	}

	bm_new := new(base.BaseMessage)

	if err := proto.Unmarshal(buf, bm_new); err != nil {

		t.Fatal(""Failed decoding message with extension:"", err)

	}

	if !proto.HasExtension(bm_new, user.E_LoginMessage_UserMessage) {

		t.Fatal(""Decoded message didn't contain extension."")

	}

	um_out, err := proto.GetExtension(bm_new, user.E_LoginMessage_UserMessage)

	if err != nil {

		t.Fatal(""Failed getting extension:"", err)

	}

	if n := um_out.(*user.UserMessage).Name; *n != *um.Name {

		t.Errorf(""um_out.Name = %q, expected %q"", *n, *um.Name)

	}

	if r := um_out.(*user.UserMessage).Rank; *r != *um.Rank {

		t.Errorf(""um_out.Rank = %q, expected %q"", *r, *um.Rank)

	}

	proto.ClearExtension(bm_new, user.E_LoginMessage_UserMessage)

	if proto.HasExtension(bm_new, user.E_LoginMessage_UserMessage) {

		t.Fatal(""Failed clearing extension."")

	}

}



func TestTopLevelExtension(t *testing.T) {

	bm := &base.BaseMessage{

		Height: proto.Int32(179),

	}



	width := proto.Int32(17)

	err := proto.SetExtension(bm, user.E_Width, width)

	if err != nil {

		t.Fatal(""Failed setting extension:"", err)

	}

	buf, err := proto.Marshal(bm)

	if err != nil {

		t.Fatal(""Failed encoding message with extension:"", err)

	}

	bm_new := new(base.BaseMessage)

	if err := proto.Unmarshal(buf, bm_new); err != nil {

		t.Fatal(""Failed decoding message with extension:"", err)

	}

	if !proto.HasExtension(bm_new, user.E_Width) {

		t.Fatal(""Decoded message didn't contain extension."")

	}

	width_out, err := proto.GetExtension(bm_new, user.E_Width)

	if err != nil {

		t.Fatal(""Failed getting extension:"", err)

	}

	if w := width_out.(*int32); *w != *width {

		t.Errorf(""width_out = %v, expected %v"", *w, *width)

	}

	proto.ClearExtension(bm_new, user.E_Width)

	if proto.HasExtension(bm_new, user.E_Width) {

		t.Fatal(""Failed clearing extension."")

	}

}



func TestMessageSetWireFormat(t *testing.T) {

	osm := new(base.OldStyleMessage)

	osp := &user.OldStyleParcel{

		Name:   proto.String(""Dave""),

		Height: proto.Int32(178),

	}



	err := proto.SetExtension(osm, user.E_OldStyleParcel_MessageSetExtension, osp)

	if err != nil {

		t.Fatal(""Failed setting extension:"", err)

	}



	buf, err := proto.Marshal(osm)

	if err != nil {

		t.Fatal(""Failed encoding message:"", err)

	}



	// Data generated from Python implementation.

	expected := []byte{

		11, 16, 209, 15, 26, 9, 10, 4, 68, 97, 118, 101, 16, 178, 1, 12,

	}



	if !bytes.Equal(expected, buf) {

		t.Errorf(""Encoding mismatch.\nwant %+v\n got %+v"", expected, buf)

	}



	// Check that it is restored correctly.

	osm = new(base.OldStyleMessage)

	if err := proto.Unmarshal(buf, osm); err != nil {

		t.Fatal(""Failed decoding message:"", err)

	}

	osp_out, err := proto.GetExtension(osm, user.E_OldStyleParcel_MessageSetExtension)

	if err != nil {

		t.Fatal(""Failed getting extension:"", err)

	}

	osp = osp_out.(*user.OldStyleParcel)

	if *osp.Name != ""Dave"" || *osp.Height != 178 {

		t.Errorf(""Retrieved extension from decoded message is not correct: %+v"", osp)

	}

}



func main() {

	// simpler than rigging up gotest

	testing.Main(regexp.MatchString, []testing.InternalTest{

		{""TestSingleFieldExtension"", TestSingleFieldExtension},

		{""TestMessageExtension"", TestMessageExtension},

		{""TestTopLevelExtension"", TestTopLevelExtension},

	},

		[]testing.InternalBenchmark{},

		[]testing.InternalExample{})

}



*/
","if err := proto.Unmarshal(buf, bm_new); err != nil {
		t.Fatal(""Failed decoding message with extension:"", err)
	}
	if !proto.HasExtension(bm_new, user.E_LoudMessage_Volume) {
		t.Fatal(""Expected extension to be present after unmarshaling"")
	}
	vol_new, err := proto.GetExtension(bm_new, user.E_LoudMessage_Volume)
	if err != nil {
		t.Fatal(""Failed getting extension:"", err)
	}
	if vol_new.(*uint32) == nil || *vol_new.(*uint32) != 11 {
		t.Fatalf(""Expected volume to be 11, got %v"", vol_new)
	}
}

func TestRepeatedExtension(t *testing.T) {
	bm := &base.BaseMessage{
		Height: proto.Int32(178),
	}

	// Use extension within scope of another type.
	vols := []uint32{1, 2, 3}
	err := proto.SetExtension(bm, user.E_LoudMessage_Volumes, vols)
	if err != nil {
		t.Fatal(""Failed setting repeated extension:"", err)
	}
	buf, err := proto.Marshal(bm)
	if err != nil {"
qwen,Qwen/Qwen3-30B-A3B-Instruct-2507:nebius,go,GPL-3.0,src::code.google.com::p::goprotobuf::protoc-gen-go::testdata::extension_test.go,421,0.8,0,0.48614609571788414,"	if err := proto.Unmarshal(buf, bm_new); err != nil {

		t.Fatal(""Failed decoding message with extension:"", err)

	}

	if !proto.HasExtension(bm_new, user.E_LoudMessage_Volume) {

		t.Fatal(""Decoded message didn't contain extension."")

	}

	vol_out, err := proto.GetExtension(bm_new, user.E_LoudMessage_Volume)

	if err != nil {

		t.Fatal(""Failed getting extension:"", err)

	}

	if v := vol_out.(*uint32); *v != *vol {

		t.Errorf(""vol_out = %v, expected %v"", *v, *vol)

	}

	proto.ClearExtension(bm_new, user.E_LoudMessage_Volume)

	if proto.HasExtension(bm_new, user.E_LoudMessage_Volume) {

		t.Fatal(""Failed clearing extension."")

	}

}



func TestMessageExtension(t *testing.T) {

	bm := &base.BaseMessage{

		Height: proto.Int32(179),

	}



	// Use extension that is itself a message.

	um := &user.UserMessage{

		Name: proto.String(""Dave""),

		Rank: proto.String(""Major""),

	}

	err := proto.SetExtension(bm, user.E_LoginMessage_UserMessage, um)

	if err != nil {

		t.Fatal(""Failed setting extension:"", err)

	}

	buf, err := proto.Marshal(bm)

	if err != nil {

		t.Fatal(""Failed encoding message with extension:"", err)

	}

	bm_new := new(base.BaseMessage)

	if err := proto.Unmarshal(buf, bm_new); err != nil {

		t.Fatal(""Failed decoding message with extension:"", err)

	}

	if !proto.HasExtension(bm_new, user.E_LoginMessage_UserMessage) {

		t.Fatal(""Decoded message didn't contain extension."")

	}

	um_out, err := proto.GetExtension(bm_new, user.E_LoginMessage_UserMessage)

	if err != nil {

		t.Fatal(""Failed getting extension:"", err)

	}

	if n := um_out.(*user.UserMessage).Name; *n != *um.Name {

		t.Errorf(""um_out.Name = %q, expected %q"", *n, *um.Name)

	}

	if r := um_out.(*user.UserMessage).Rank; *r != *um.Rank {

		t.Errorf(""um_out.Rank = %q, expected %q"", *r, *um.Rank)

	}

	proto.ClearExtension(bm_new, user.E_LoginMessage_UserMessage)

	if proto.HasExtension(bm_new, user.E_LoginMessage_UserMessage) {

		t.Fatal(""Failed clearing extension."")

	}

}



func TestTopLevelExtension(t *testing.T) {

	bm := &base.BaseMessage{

		Height: proto.Int32(179),

	}



	width := proto.Int32(17)

	err := proto.SetExtension(bm, user.E_Width, width)

	if err != nil {

		t.Fatal(""Failed setting extension:"", err)

	}

	buf, err := proto.Marshal(bm)

	if err != nil {

		t.Fatal(""Failed encoding message with extension:"", err)

	}

	bm_new := new(base.BaseMessage)

	if err := proto.Unmarshal(buf, bm_new); err != nil {

		t.Fatal(""Failed decoding message with extension:"", err)

	}

	if !proto.HasExtension(bm_new, user.E_Width) {

		t.Fatal(""Decoded message didn't contain extension."")

	}

	width_out, err := proto.GetExtension(bm_new, user.E_Width)

	if err != nil {

		t.Fatal(""Failed getting extension:"", err)

	}

	if w := width_out.(*int32); *w != *width {

		t.Errorf(""width_out = %v, expected %v"", *w, *width)

	}

	proto.ClearExtension(bm_new, user.E_Width)

	if proto.HasExtension(bm_new, user.E_Width) {

		t.Fatal(""Failed clearing extension."")

	}

}



func TestMessageSetWireFormat(t *testing.T) {

	osm := new(base.OldStyleMessage)

	osp := &user.OldStyleParcel{

		Name:   proto.String(""Dave""),

		Height: proto.Int32(178),

	}



	err := proto.SetExtension(osm, user.E_OldStyleParcel_MessageSetExtension, osp)

	if err != nil {

		t.Fatal(""Failed setting extension:"", err)

	}



	buf, err := proto.Marshal(osm)

	if err != nil {

		t.Fatal(""Failed encoding message:"", err)

	}



	// Data generated from Python implementation.

	expected := []byte{

		11, 16, 209, 15, 26, 9, 10, 4, 68, 97, 118, 101, 16, 178, 1, 12,

	}



	if !bytes.Equal(expected, buf) {

		t.Errorf(""Encoding mismatch.\nwant %+v\n got %+v"", expected, buf)

	}



	// Check that it is restored correctly.

	osm = new(base.OldStyleMessage)

	if err := proto.Unmarshal(buf, osm); err != nil {

		t.Fatal(""Failed decoding message:"", err)

	}

	osp_out, err := proto.GetExtension(osm, user.E_OldStyleParcel_MessageSetExtension)

	if err != nil {

		t.Fatal(""Failed getting extension:"", err)

	}

	osp = osp_out.(*user.OldStyleParcel)

	if *osp.Name != ""Dave"" || *osp.Height != 178 {

		t.Errorf(""Retrieved extension from decoded message is not correct: %+v"", osp)

	}

}



func main() {

	// simpler than rigging up gotest

	testing.Main(regexp.MatchString, []testing.InternalTest{

		{""TestSingleFieldExtension"", TestSingleFieldExtension},

		{""TestMessageExtension"", TestMessageExtension},

		{""TestTopLevelExtension"", TestTopLevelExtension},

	},

		[]testing.InternalBenchmark{},

		[]testing.InternalExample{})

}



*/
","if err := proto.Unmarshal(buf, bm_new); err != nil {
		t.Fatal(""Failed decoding message with extension:"", err)
	}
	if !proto.HasExtension(bm_new, user.E_LoudMessage_Volume) {
		t.Fatal(""Expected extension to be present in decoded message"")
	}
	vol_new := proto.GetExtension(bm_new, user.E_LoudMessage_Volume).(*uint32)
	if *vol_new != 11 {
		t.Errorf(""Expected volume to be 11, got %d"", *vol_new)
	}
}

func TestRepeatedExtension(t *testing.T) {
	bm := &base.BaseMessage{
		Height: proto.Int32(178),
	}

	// Set multiple extensions.
	extensions := []int32{1, 2, 3, 4}
	for _, v := range extensions {
		err := proto.SetExtension(bm, user.E_LoudMessage_Values, &v)
		if err != nil {
			t.Fatal(""Failed setting repeated extension:"", err)
		}
	}

	buf, err := proto.Marshal(bm)
	if err != nil {
		t.Fatal(""Failed encoding message with repeated extensions:"", err)
	}

	bm_new"
qwen,Qwen/Qwen3-30B-A3B-Instruct-2507:nebius,go,GPL-3.0,pkg::proxy::router::session.go,134,0.2,0,0.0,"}

func (pr *PipelineRequest) String() string {
	return fmt.Sprintf(""op:%s, seq:%d, slot:%d"", string(pr.op), pr.seq, pr.slotIdx)
}

type PipelineResponse struct {
	resp *parser.Resp
	err  error
	ctx  *PipelineRequest
}

func (s *session) String() string {
	return fmt.Sprintf(""conn:%s, CreateAt:%s, Ops:%d, closed:%v"", s.Conn.RemoteAddr(), s.CreateAt, s.Ops, s.closed)
}

func (s *session) writeResp(resp *PipelineResponse) error {
	buf, err := resp.resp.Bytes()
	if err != nil {
		return errors.Trace(err)
	}
	_, err = s.Write(buf)
	return errors.Trace(err)
}

func (s *session) handleResponse(resp *PipelineResponse) (flush bool, err error) {
	if resp.ctx.seq != s.lastUnsentResponseSeq {
		log.Fatal(""should never happend"")
	}

	s.lastUnsentResponseSeq++
	if resp.ctx.wg != nil {
		resp.ctx.wg.Done()
	}

	if resp.err != nil { //notify close client connection
		return true, resp.err
	}

	if !s.closed {
		if err := s.writeResp(resp); err != nil {
			return false, errors.Trace(err)
		}

		flush = true
	}

	return
}

func (s *session) Close() {
	s.Conn.Close()
	s.closed = true
}

func (s *session) WritingLoop() {
	s.lastUnsentResponseSeq = 1
	for {
		select {
		case resp, ok := <-s.backQ:
			if !ok {
				s.Close()
				s.closeSignal.Done()
				return
			}

			flush, err := s.handleResponse(resp)
			if err != nil {
				log.Warning(s.RemoteAddr(), resp.ctx, errors.ErrorStack(err))
				s.Close() //notify reader to exit
				continue
			}

			if flush && len(s.backQ) == 0 {
				err := s.w.Flush()
				if err != nil {
					s.Close() //notify reader to exit
					log.Warning(s.RemoteAddr(), resp.ctx, errors.ErrorStack(err))
					continue
				}
			}
		}
	}
}

//make sure all read using bufio.Reader
func (s *session) Read(p []byte) (int, error) {
	panic(""not implemented"")
}

//write without bufio
func (s *session) Write(p []byte) (int, error) {
	return s.w.Write(p)
}","// Add the request to the pipeline
	req := &PipelineRequest{
		slotIdx: slotIdx,
		op:      op,
		keys:    keys,
		seq:     seq,
		backQ:   backQ,
		req:     req,
		wg:      wg,
	}
	s.backQ <- req
}"
qwen,Qwen/Qwen3-30B-A3B-Instruct-2507:nebius,go,GPL-3.0,pkg::proxy::router::session.go,134,0.4,0,0.0,"}

func (pr *PipelineRequest) String() string {
	return fmt.Sprintf(""op:%s, seq:%d, slot:%d"", string(pr.op), pr.seq, pr.slotIdx)
}

type PipelineResponse struct {
	resp *parser.Resp
	err  error
	ctx  *PipelineRequest
}

func (s *session) String() string {
	return fmt.Sprintf(""conn:%s, CreateAt:%s, Ops:%d, closed:%v"", s.Conn.RemoteAddr(), s.CreateAt, s.Ops, s.closed)
}

func (s *session) writeResp(resp *PipelineResponse) error {
	buf, err := resp.resp.Bytes()
	if err != nil {
		return errors.Trace(err)
	}
	_, err = s.Write(buf)
	return errors.Trace(err)
}

func (s *session) handleResponse(resp *PipelineResponse) (flush bool, err error) {
	if resp.ctx.seq != s.lastUnsentResponseSeq {
		log.Fatal(""should never happend"")
	}

	s.lastUnsentResponseSeq++
	if resp.ctx.wg != nil {
		resp.ctx.wg.Done()
	}

	if resp.err != nil { //notify close client connection
		return true, resp.err
	}

	if !s.closed {
		if err := s.writeResp(resp); err != nil {
			return false, errors.Trace(err)
		}

		flush = true
	}

	return
}

func (s *session) Close() {
	s.Conn.Close()
	s.closed = true
}

func (s *session) WritingLoop() {
	s.lastUnsentResponseSeq = 1
	for {
		select {
		case resp, ok := <-s.backQ:
			if !ok {
				s.Close()
				s.closeSignal.Done()
				return
			}

			flush, err := s.handleResponse(resp)
			if err != nil {
				log.Warning(s.RemoteAddr(), resp.ctx, errors.ErrorStack(err))
				s.Close() //notify reader to exit
				continue
			}

			if flush && len(s.backQ) == 0 {
				err := s.w.Flush()
				if err != nil {
					s.Close() //notify reader to exit
					log.Warning(s.RemoteAddr(), resp.ctx, errors.ErrorStack(err))
					continue
				}
			}
		}
	}
}

//make sure all read using bufio.Reader
func (s *session) Read(p []byte) (int, error) {
	panic(""not implemented"")
}

//write without bufio
func (s *session) Write(p []byte) (int, error) {
	return s.w.Write(p)
}","// Add the request to the pipeline queue
	req := &PipelineRequest{
		slotIdx: slotIdx,
		op:      op,
		keys:    keys,
		seq:     seq,
		backQ:   backQ,
		req:     req,
		wg:      wg,
	}
	s.backQ <- req
}"
qwen,Qwen/Qwen3-30B-A3B-Instruct-2507:nebius,go,GPL-3.0,pkg::proxy::router::session.go,134,0.8,0,0.024752475247524754,"}

func (pr *PipelineRequest) String() string {
	return fmt.Sprintf(""op:%s, seq:%d, slot:%d"", string(pr.op), pr.seq, pr.slotIdx)
}

type PipelineResponse struct {
	resp *parser.Resp
	err  error
	ctx  *PipelineRequest
}

func (s *session) String() string {
	return fmt.Sprintf(""conn:%s, CreateAt:%s, Ops:%d, closed:%v"", s.Conn.RemoteAddr(), s.CreateAt, s.Ops, s.closed)
}

func (s *session) writeResp(resp *PipelineResponse) error {
	buf, err := resp.resp.Bytes()
	if err != nil {
		return errors.Trace(err)
	}
	_, err = s.Write(buf)
	return errors.Trace(err)
}

func (s *session) handleResponse(resp *PipelineResponse) (flush bool, err error) {
	if resp.ctx.seq != s.lastUnsentResponseSeq {
		log.Fatal(""should never happend"")
	}

	s.lastUnsentResponseSeq++
	if resp.ctx.wg != nil {
		resp.ctx.wg.Done()
	}

	if resp.err != nil { //notify close client connection
		return true, resp.err
	}

	if !s.closed {
		if err := s.writeResp(resp); err != nil {
			return false, errors.Trace(err)
		}

		flush = true
	}

	return
}

func (s *session) Close() {
	s.Conn.Close()
	s.closed = true
}

func (s *session) WritingLoop() {
	s.lastUnsentResponseSeq = 1
	for {
		select {
		case resp, ok := <-s.backQ:
			if !ok {
				s.Close()
				s.closeSignal.Done()
				return
			}

			flush, err := s.handleResponse(resp)
			if err != nil {
				log.Warning(s.RemoteAddr(), resp.ctx, errors.ErrorStack(err))
				s.Close() //notify reader to exit
				continue
			}

			if flush && len(s.backQ) == 0 {
				err := s.w.Flush()
				if err != nil {
					s.Close() //notify reader to exit
					log.Warning(s.RemoteAddr(), resp.ctx, errors.ErrorStack(err))
					continue
				}
			}
		}
	}
}

//make sure all read using bufio.Reader
func (s *session) Read(p []byte) (int, error) {
	panic(""not implemented"")
}

//write without bufio
func (s *session) Write(p []byte) (int, error) {
	return s.w.Write(p)
}","// Handle pipeline requests
	// This method processes a pipeline request and sends the response back through the backQ channel
	// It is expected to be called in a separate goroutine to avoid blocking the main session loop
	func (s *session) handlePipelineRequest(req *PipelineRequest) {
		// Increment operation counter
		s.Ops++

		// Set up the response channel and wait group
		resp := &PipelineResponse{
			seq:      req.seq,
			err:      nil,
			data:     nil,
			complete: false,
		}

		// Add to the wait group to signal completion
		if req.wg != nil {
			req.wg.Add(1)
		}

		// Send the request to the backend pipeline
		// This assumes a backend pipeline manager is available and properly configured
		// The actual sending logic will depend on the backend implementation
		// For now, we'll simulate a simple response
		go func() {
			defer func() {
				if req.wg != nil {
					req.wg.Done()
				}
			}()

			// Simulate some processing delay
			time.Sleep(10 * time.Millisecond)

			//"
qwen,Qwen/Qwen3-30B-A3B-Instruct-2507:nebius,go,GPL-3.0,vendor::k8s.io::kubernetes::pkg::client::clientset_generated::internalclientset::typed::policy::internalversion::policy_client.go,105,0.2,0,0.0,"type PolicyClient struct {
	restClient restclient.Interface
}

func (c *PolicyClient) Evictions(namespace string) EvictionInterface {
	return newEvictions(c, namespace)
}

func (c *PolicyClient) PodDisruptionBudgets(namespace string) PodDisruptionBudgetInterface {
	return newPodDisruptionBudgets(c, namespace)
}

// NewForConfig creates a new PolicyClient for the given config.
func NewForConfig(c *restclient.Config) (*PolicyClient, error) {
	config := *c
	if err := setConfigDefaults(&config); err != nil {
		return nil, err
	}
	client, err := restclient.RESTClientFor(&config)
	if err != nil {
		return nil, err
	}
	return &PolicyClient{client}, nil
}

// NewForConfigOrDie creates a new PolicyClient for the given config and
// panics if there is an error in the config.
func NewForConfigOrDie(c *restclient.Config) *PolicyClient {
	client, err := NewForConfig(c)
	if err != nil {
		panic(err)
	}
	return client
}

// New creates a new PolicyClient for the given RESTClient.
func New(c restclient.Interface) *PolicyClient {
	return &PolicyClient{c}
}

func setConfigDefaults(config *restclient.Config) error {
	// if policy group is not registered, return an error
	g, err := registered.Group(""policy"")
	if err != nil {
		return err
	}
	config.APIPath = ""/apis""
	if config.UserAgent == """" {
		config.UserAgent = restclient.DefaultKubernetesUserAgent()
	}
	if config.GroupVersion == nil || config.GroupVersion.Group != g.GroupVersion.Group {
		copyGroupVersion := g.GroupVersion
		config.GroupVersion = &copyGroupVersion
	}
	config.NegotiatedSerializer = api.Codecs

	if config.QPS == 0 {
		config.QPS = 5
	}
	if config.Burst == 0 {
		config.Burst = 10
	}
	return nil
}

// RESTClient returns a RESTClient that is used to communicate
// with API server by this client implementation.
func (c *PolicyClient) RESTClient() restclient.Interface {
	if c == nil {
		return nil
	}
	return c.restClient
}","go
type policyClient struct {
	restClient restclient.Interface
}

func (c *policyClient) RESTClient() restclient.Interface {
	if c.restClient != nil {
		return c.restClient
	}
	return registered.RESTClientFor(c.groupVersion)
}

func (c *policyClient) Evictions() EvictionInterface {
	return newEvictions(c)
}

func (c *policyClient) PodDisruptionBudgets() PodDisruptionBudgetInterface {
	return newPodDisruptionBudgets(c)
}"
qwen,Qwen/Qwen3-30B-A3B-Instruct-2507:nebius,go,GPL-3.0,vendor::k8s.io::kubernetes::pkg::client::clientset_generated::internalclientset::typed::policy::internalversion::policy_client.go,105,0.4,0,0.0,"type PolicyClient struct {
	restClient restclient.Interface
}

func (c *PolicyClient) Evictions(namespace string) EvictionInterface {
	return newEvictions(c, namespace)
}

func (c *PolicyClient) PodDisruptionBudgets(namespace string) PodDisruptionBudgetInterface {
	return newPodDisruptionBudgets(c, namespace)
}

// NewForConfig creates a new PolicyClient for the given config.
func NewForConfig(c *restclient.Config) (*PolicyClient, error) {
	config := *c
	if err := setConfigDefaults(&config); err != nil {
		return nil, err
	}
	client, err := restclient.RESTClientFor(&config)
	if err != nil {
		return nil, err
	}
	return &PolicyClient{client}, nil
}

// NewForConfigOrDie creates a new PolicyClient for the given config and
// panics if there is an error in the config.
func NewForConfigOrDie(c *restclient.Config) *PolicyClient {
	client, err := NewForConfig(c)
	if err != nil {
		panic(err)
	}
	return client
}

// New creates a new PolicyClient for the given RESTClient.
func New(c restclient.Interface) *PolicyClient {
	return &PolicyClient{c}
}

func setConfigDefaults(config *restclient.Config) error {
	// if policy group is not registered, return an error
	g, err := registered.Group(""policy"")
	if err != nil {
		return err
	}
	config.APIPath = ""/apis""
	if config.UserAgent == """" {
		config.UserAgent = restclient.DefaultKubernetesUserAgent()
	}
	if config.GroupVersion == nil || config.GroupVersion.Group != g.GroupVersion.Group {
		copyGroupVersion := g.GroupVersion
		config.GroupVersion = &copyGroupVersion
	}
	config.NegotiatedSerializer = api.Codecs

	if config.QPS == 0 {
		config.QPS = 5
	}
	if config.Burst == 0 {
		config.Burst = 10
	}
	return nil
}

// RESTClient returns a RESTClient that is used to communicate
// with API server by this client implementation.
func (c *PolicyClient) RESTClient() restclient.Interface {
	if c == nil {
		return nil
	}
	return c.restClient
}","go
type policyClient struct {
	restClient restclient.Interface
}

func (c *policyClient) RESTClient() restclient.Interface {
	if c.restClient != nil {
		return c.restClient
	}
	return registered.RESTClientFor(c.groupVersion)
}

func (c *policyClient) Evictions() EvictionInterface {
	return newEvictions(c)
}

func (c *policyClient) PodDisruptionBudgets() PodDisruptionBudgetInterface {
	return newPodDisruptionBudgets(c)
}"
qwen,Qwen/Qwen3-30B-A3B-Instruct-2507:nebius,go,GPL-3.0,vendor::k8s.io::kubernetes::pkg::client::clientset_generated::internalclientset::typed::policy::internalversion::policy_client.go,105,0.8,0,0.0,"type PolicyClient struct {
	restClient restclient.Interface
}

func (c *PolicyClient) Evictions(namespace string) EvictionInterface {
	return newEvictions(c, namespace)
}

func (c *PolicyClient) PodDisruptionBudgets(namespace string) PodDisruptionBudgetInterface {
	return newPodDisruptionBudgets(c, namespace)
}

// NewForConfig creates a new PolicyClient for the given config.
func NewForConfig(c *restclient.Config) (*PolicyClient, error) {
	config := *c
	if err := setConfigDefaults(&config); err != nil {
		return nil, err
	}
	client, err := restclient.RESTClientFor(&config)
	if err != nil {
		return nil, err
	}
	return &PolicyClient{client}, nil
}

// NewForConfigOrDie creates a new PolicyClient for the given config and
// panics if there is an error in the config.
func NewForConfigOrDie(c *restclient.Config) *PolicyClient {
	client, err := NewForConfig(c)
	if err != nil {
		panic(err)
	}
	return client
}

// New creates a new PolicyClient for the given RESTClient.
func New(c restclient.Interface) *PolicyClient {
	return &PolicyClient{c}
}

func setConfigDefaults(config *restclient.Config) error {
	// if policy group is not registered, return an error
	g, err := registered.Group(""policy"")
	if err != nil {
		return err
	}
	config.APIPath = ""/apis""
	if config.UserAgent == """" {
		config.UserAgent = restclient.DefaultKubernetesUserAgent()
	}
	if config.GroupVersion == nil || config.GroupVersion.Group != g.GroupVersion.Group {
		copyGroupVersion := g.GroupVersion
		config.GroupVersion = &copyGroupVersion
	}
	config.NegotiatedSerializer = api.Codecs

	if config.QPS == 0 {
		config.QPS = 5
	}
	if config.Burst == 0 {
		config.Burst = 10
	}
	return nil
}

// RESTClient returns a RESTClient that is used to communicate
// with API server by this client implementation.
func (c *PolicyClient) RESTClient() restclient.Interface {
	if c == nil {
		return nil
	}
	return c.restClient
}","go
type policyClient struct {
	restClient restclient.Interface
}

func (c *policyClient) RESTClient() restclient.Interface {
	if c.restClient != nil {
		return c.restClient
	}
	if registered.GroupOrDie(""policy"").GroupVersion == nil {
		return nil
	}
	c.restClient = restclient.NewRESTClientForGroupVersion(registered.GroupOrDie(""policy"").GroupVersion, c.restClient)
	return c.restClient
}

func (c *policyClient) Evictions() EvictionInterface {
	return newEvictions(c)
}

func (c *policyClient) PodDisruptionBudgets() PodDisruptionBudgetInterface {
	return newPodDisruptionBudgets(c)
}"
qwen,Qwen/Qwen3-30B-A3B-Instruct-2507:nebius,go,GPL-3.0,vendor::github.com::openshift::origin::test::integration::router::router_http_server.go,400,0.2,0,0.0358814352574103,"type TestHttpSocketService struct {
	ServeMux         *http.ServeMux
	WebSocketHandler websocket.Handler
}

func (s *TestHttpSocketService) ServeHTTP(w http.ResponseWriter, r *http.Request) {
	if r.Header.Get(""Upgrade"") == ""websocket"" {
		s.WebSocketHandler.ServeHTTP(w, r)
	} else {
		s.ServeMux.ServeHTTP(w, r)
	}
}

// handleHelloPod handles calls to PodHttpAddr (usually called through a route)
func (s *TestHttpService) handleHelloPod(w http.ResponseWriter, r *http.Request) {
	fmt.Fprint(w, HelloPod)
}

// handleHelloPod handles calls to PodHttpAddr (usually called through a route)
func (s *TestHttpService) handleHelloPod2(w http.ResponseWriter, r *http.Request) {
	fmt.Fprint(w, HelloPodAlternate)
}

// handleHelloPodTest handles calls to PodHttpAddr (usually called through a route) with the /test/ path
func (s *TestHttpService) handleHelloPodTest(w http.ResponseWriter, r *http.Request) {
	fmt.Fprint(w, HelloPodPath)
}

// handleHelloPodSecure handles calls to PodHttpsAddr (usually called through a route)
func (s *TestHttpService) handleHelloPodSecure(w http.ResponseWriter, r *http.Request) {
	fmt.Fprint(w, HelloPodSecure)
}

// handleHelloPodTestSecure handles calls to PodHttpsAddr (usually called through a route) with the /test/ path
func (s *TestHttpService) handleHelloPodTestSecure(w http.ResponseWriter, r *http.Request) {
	fmt.Fprint(w, HelloPodPathSecure)
}

// handleNamespaceList handles calls to /api/v1/namespaces/* and returns a canned response
func (s *TestHttpService) handleNamespaceList(w http.ResponseWriter, r *http.Request) {
	w.Header().Set(""Content-Type"", ""application/json"")
	glog.Errorf(""Returning response: %s"", s.NamespaceListResponse)

	fmt.Fprint(w, s.NamespaceListResponse)
}

// handleSvcList handles calls to /api/v1beta1/services and always returns empty data
func (s *TestHttpService) handleSvcList(w http.ResponseWriter, r *http.Request) {
	w.Header().Set(""Content-Type"", ""application/json"")
	fmt.Fprint(w, ""{}"")
}

// handleSvcWatch handles calls to /api/v1beta1/watch/services and uses the svc channel to simulate watch events
func (s *TestHttpService) handleSvcWatch(w http.ResponseWriter, r *http.Request) {
	w.Header().Set(""Content-Type"", ""application/json"")
	io.WriteString(w, <-s.SvcChannel)
}

// handleNodeList handles calls to /api/v1beta1/nodes and always returns empty data
func (s *TestHttpService) handleNodeList(w http.ResponseWriter, r *http.Request) {
	w.Header().Set(""Content-Type"", ""application/json"")
	fmt.Fprint(w, ""{}"")
}

// handleNodeWatch handles calls to /api/v1beta1/watch/nodes and uses the node channel to simulate watch events
func (s *TestHttpService) handleNodeWatch(w http.ResponseWriter, r *http.Request) {
	w.Header().Set(""Content-Type"", ""application/json"")
	io.WriteString(w, <-s.NodeChannel)
}

// handleRouteWatch handles calls to /osapi/v1beta1/watch/routes and uses the route channel to simulate watch events
func (s *TestHttpService) handleRouteWatch(w http.ResponseWriter, r *http.Request) {
	w.Header().Set(""Content-Type"", ""application/json"")
	io.WriteString(w, <-s.RouteChannel)
}

// handleRouteList handles calls to /osapi/v1beta1/routes and always returns empty data
func (s *TestHttpService) handleRouteList(w http.ResponseWriter, r *http.Request) {
	w.Header().Set(""Content-Type"", ""application/json"")
	fmt.Fprint(w, ""{}"")
}

// handleRouteCalls handles calls to /osapi/v1/routes/* and returns whatever the client sent
func (s *TestHttpService) handleRouteCalls(w http.ResponseWriter, r *http.Request) {
	w.Header().Set(""Content-Type"", ""application/json"")
	fmt.Fprint(w, ""{}"")
}

// handleEndpointWatch handles calls to /api/v1beta1/watch/endpoints and uses the endpoint channel to simulate watch events
func (s *TestHttpService) handleEndpointWatch(w http.ResponseWriter, r *http.Request) {
	w.Header().Set(""Content-Type"", ""application/json"")
	io.WriteString(w, <-s.EndpointChannel)
}

// handleEndpointList handles calls to /api/v1beta1/endpoints and always returns empty data
func (s *TestHttpService) handleEndpointList(w http.ResponseWriter, r *http.Request) {
	w.Header().Set(""Content-Type"", ""application/json"")
	fmt.Fprint(w, ""{}"")
}

// handleIngressWatch handles calls to /api/extensions/v1beta1/watch/ingresses and uses the ingress channel to simulate watch events
func (s *TestHttpService) handleIngressWatch(w http.ResponseWriter, r *http.Request) {
	w.Header().Set(""Content-Type"", ""application/json"")
	io.WriteString(w, <-s.IngressChannel)
}

// handleIngressList handles calls to /api/extensions/v1beta1/ingresses and always returns empty data
func (s *TestHttpService) handleIngressList(w http.ResponseWriter, r *http.Request) {
	w.Header().Set(""Content-Type"", ""application/json"")
	fmt.Fprint(w, ""{}"")
}

// handleSecretWatch handles calls to /api/v1/watch/secrets and uses the endpoint channel to simulate watch events
func (s *TestHttpService) handleSecretWatch(w http.ResponseWriter, r *http.Request) {
	w.Header().Set(""Content-Type"", ""application/json"")
	io.WriteString(w, <-s.SecretChannel)
}

// handleSecretList handles calls to /api/v1/secrets and always returns empty data
func (s *TestHttpService) handleSecretList(w http.ResponseWriter, r *http.Request) {
	w.Header().Set(""Content-Type"", ""application/json"")
	fmt.Fprint(w, ""{}"")
}

// handleWebSocket copies whatever is written to the web socket back to the socket
func (s *TestHttpService) handleWebSocket(ws *websocket.Conn) {
	_, err := io.Copy(ws, ws)

	if err != nil {
		panic(err)
	}
}

// Stop stops the service by closing any registered listeners
func (s *TestHttpService) Stop() {
	if s.listeners != nil && len(s.listeners) > 0 {
		for _, l := range s.listeners {
			if l != nil {
				glog.Infof(""Stopping listener at %s\n"", l.Addr().String())
				l.Close()
			}
		}
	}
}

// Start will start the http service to simulate the master and client urls.  It sets up the appropriate watch
// endpoints and serves the secure and non-secure traffic.
func (s *TestHttpService) Start() error {
	s.listeners = make([]net.Listener, 3)

	if err := s.startMaster(); err != nil {
		return err
	}

	if err := s.startPod(); err != nil {
		return err
	}

	return nil
}

func (s *TestHttpService) startMaster() error {
	masterServer := http.NewServeMux()
	apis := []string{""v1""}

	for _, version := range apis {
		masterServer.HandleFunc(fmt.Sprintf(""/api/%s/namespaces/"", version), s.handleNamespaceList)
		masterServer.HandleFunc(fmt.Sprintf(""/api/%s/endpoints"", version), s.handleEndpointList)
		masterServer.HandleFunc(fmt.Sprintf(""/api/%s/watch/endpoints"", version), s.handleEndpointWatch)
		masterServer.HandleFunc(fmt.Sprintf(""/oapi/%s/routes"", version), s.handleRouteList)
		masterServer.HandleFunc(fmt.Sprintf(""/oapi/%s/namespaces/"", version), s.handleRouteCalls)
		masterServer.HandleFunc(fmt.Sprintf(""/oapi/%s/watch/routes"", version), s.handleRouteWatch)
		masterServer.HandleFunc(fmt.Sprintf(""/api/%s/nodes"", version), s.handleNodeList)
		masterServer.HandleFunc(fmt.Sprintf(""/api/%s/watch/nodes"", version), s.handleNodeWatch)
		masterServer.HandleFunc(fmt.Sprintf(""/api/%s/services"", version), s.handleSvcList)
		masterServer.HandleFunc(fmt.Sprintf(""/api/%s/watch/services"", version), s.handleSvcWatch)
		masterServer.HandleFunc(fmt.Sprintf(""/api/%s/secrets"", version), s.handleSecretList)
		masterServer.HandleFunc(fmt.Sprintf(""/api/%s/watch/secrets"", version), s.handleSecretWatch)
	}
	masterServer.HandleFunc(""/apis/extensions/v1beta1/ingresses"", s.handleIngressList)
	masterServer.HandleFunc(""/apis/extensions/v1beta1/watch/ingresses"", s.handleIngressWatch)

	if err := s.startServing(s.MasterHttpAddr, http.Handler(masterServer)); err != nil {
		return err
	}

	return nil
}

func (s *TestHttpService) startPod() error {
	unsecurePodServeMux := http.NewServeMux()
	unsecurePodServeMux.HandleFunc(""/"", s.handleHelloPod)
	unsecurePodServeMux.HandleFunc(""/""+s.PodTestPath, s.handleHelloPodTest)
	unsecurePodServer := &TestHttpSocketService{
		ServeMux:         unsecurePodServeMux,
		WebSocketHandler: websocket.Handler(s.handleWebSocket),
	}

	if err := s.startServing(s.PodHttpAddr, http.Handler(unsecurePodServer)); err != nil {
		return err
	}

	alternatePodServeMux := http.NewServeMux()
	alternatePodServeMux.HandleFunc(""/"", s.handleHelloPod2)
	alternatePodServeMux.HandleFunc(""/""+s.PodTestPath, s.handleHelloPod2)
	alternatePodServer := &TestHttpSocketService{
		ServeMux:         alternatePodServeMux,
		WebSocketHandler: websocket.Handler(s.handleWebSocket),
	}

	if err := s.startServing(s.AlternatePodHttpAddr, http.Handler(alternatePodServer)); err != nil {
		return err
	}

	securePodServeMux := http.NewServeMux()
	securePodServeMux.HandleFunc(""/"", s.handleHelloPodSecure)
	securePodServeMux.HandleFunc(""/""+s.PodTestPath, s.handleHelloPodTestSecure)
	securePodServer := &TestHttpSocketService{
		ServeMux:         securePodServeMux,
		WebSocketHandler: websocket.Handler(s.handleWebSocket),
	}
	if err := s.startServingTLS(s.PodHttpsAddr, s.PodHttpsCert, s.PodHttpsKey, s.PodHttpsCaCert, http.Handler(securePodServer)); err != nil {
		return err
	}

	return nil
}

// startServing creates and registers a non-secure listener and begins serving traffic
func (s *TestHttpService) startServing(addr string, handler http.Handler) error {
	listener, err := net.Listen(""tcp"", addr)

	if err != nil {
		return err
	}

	s.listeners = append(s.listeners, listener)

	glog.Infof(""Started, serving at %s\n"", listener.Addr().String())

	go func() {
		err := http.Serve(listener, handler)

		if err != nil {
			glog.Errorf(""HTTP server failed: %v"", err)
		}
	}()

	return nil
}

// startServingTLS creates and registers a secure listener and begins serving traffic.
func (s *TestHttpService) startServingTLS(addr string, cert []byte, key []byte, caCert []byte, handler http.Handler) error {
	tlsCert, err := tls.X509KeyPair(append(cert, caCert...), key)

	if err != nil {
		return err
	}

	cfg := &tls.Config{
		Certificates: []tls.Certificate{tlsCert},
	}

	listener, err := tls.Listen(""tcp"", addr, cfg)

	if err != nil {
		return err
	}

	s.listeners = append(s.listeners, listener)
	glog.Infof(""Started, serving TLS at %s\n"", listener.Addr().String())

	go func() {
		if err := http.Serve(listener, handler); err != nil {
			glog.Errorf(""HTTPS server failed: %v"", err)
		}
	}()

	return nil
}","func (s *TestHttpService) Start() error {
	// Start the HTTP server for the master API
	masterListener, err := net.Listen(""tcp"", s.MasterHttpAddr)
	if err != nil {
		return fmt.Errorf(""failed to start master HTTP server: %v"", err)
	}
	s.listeners = append(s.listeners, masterListener)

	// Start the HTTP server for the pod
	podListener, err := net.Listen(""tcp"", s.PodHttpAddr)
	if err != nil {
		return fmt.Errorf(""failed to start pod HTTP server: %v"", err)
	}
	s.listeners = append(s.listeners, podListener)

	// Start the alternate pod HTTP server
	alternatePodListener, err := net.Listen(""tcp"", s.AlternatePodHttpAddr)
	if err != nil {
		return fmt.Errorf(""failed to start alternate pod HTTP server: %v"", err)
	}
	s.listeners = append(s.listeners, alternatePodListener)

	// Start the HTTPS server for the pod
	httpsListener, err := tls.Listen(""tcp"", s.PodHttpsAddr, &tls.Config{
		Certificates: []tls.Certificate{
			{
				Certificate: [][]byte{s.PodHttpsCert},
				PrivateKey:"
qwen,Qwen/Qwen3-30B-A3B-Instruct-2507:nebius,go,GPL-3.0,vendor::github.com::openshift::origin::test::integration::router::router_http_server.go,400,0.4,0,0.0359375,"type TestHttpSocketService struct {
	ServeMux         *http.ServeMux
	WebSocketHandler websocket.Handler
}

func (s *TestHttpSocketService) ServeHTTP(w http.ResponseWriter, r *http.Request) {
	if r.Header.Get(""Upgrade"") == ""websocket"" {
		s.WebSocketHandler.ServeHTTP(w, r)
	} else {
		s.ServeMux.ServeHTTP(w, r)
	}
}

// handleHelloPod handles calls to PodHttpAddr (usually called through a route)
func (s *TestHttpService) handleHelloPod(w http.ResponseWriter, r *http.Request) {
	fmt.Fprint(w, HelloPod)
}

// handleHelloPod handles calls to PodHttpAddr (usually called through a route)
func (s *TestHttpService) handleHelloPod2(w http.ResponseWriter, r *http.Request) {
	fmt.Fprint(w, HelloPodAlternate)
}

// handleHelloPodTest handles calls to PodHttpAddr (usually called through a route) with the /test/ path
func (s *TestHttpService) handleHelloPodTest(w http.ResponseWriter, r *http.Request) {
	fmt.Fprint(w, HelloPodPath)
}

// handleHelloPodSecure handles calls to PodHttpsAddr (usually called through a route)
func (s *TestHttpService) handleHelloPodSecure(w http.ResponseWriter, r *http.Request) {
	fmt.Fprint(w, HelloPodSecure)
}

// handleHelloPodTestSecure handles calls to PodHttpsAddr (usually called through a route) with the /test/ path
func (s *TestHttpService) handleHelloPodTestSecure(w http.ResponseWriter, r *http.Request) {
	fmt.Fprint(w, HelloPodPathSecure)
}

// handleNamespaceList handles calls to /api/v1/namespaces/* and returns a canned response
func (s *TestHttpService) handleNamespaceList(w http.ResponseWriter, r *http.Request) {
	w.Header().Set(""Content-Type"", ""application/json"")
	glog.Errorf(""Returning response: %s"", s.NamespaceListResponse)

	fmt.Fprint(w, s.NamespaceListResponse)
}

// handleSvcList handles calls to /api/v1beta1/services and always returns empty data
func (s *TestHttpService) handleSvcList(w http.ResponseWriter, r *http.Request) {
	w.Header().Set(""Content-Type"", ""application/json"")
	fmt.Fprint(w, ""{}"")
}

// handleSvcWatch handles calls to /api/v1beta1/watch/services and uses the svc channel to simulate watch events
func (s *TestHttpService) handleSvcWatch(w http.ResponseWriter, r *http.Request) {
	w.Header().Set(""Content-Type"", ""application/json"")
	io.WriteString(w, <-s.SvcChannel)
}

// handleNodeList handles calls to /api/v1beta1/nodes and always returns empty data
func (s *TestHttpService) handleNodeList(w http.ResponseWriter, r *http.Request) {
	w.Header().Set(""Content-Type"", ""application/json"")
	fmt.Fprint(w, ""{}"")
}

// handleNodeWatch handles calls to /api/v1beta1/watch/nodes and uses the node channel to simulate watch events
func (s *TestHttpService) handleNodeWatch(w http.ResponseWriter, r *http.Request) {
	w.Header().Set(""Content-Type"", ""application/json"")
	io.WriteString(w, <-s.NodeChannel)
}

// handleRouteWatch handles calls to /osapi/v1beta1/watch/routes and uses the route channel to simulate watch events
func (s *TestHttpService) handleRouteWatch(w http.ResponseWriter, r *http.Request) {
	w.Header().Set(""Content-Type"", ""application/json"")
	io.WriteString(w, <-s.RouteChannel)
}

// handleRouteList handles calls to /osapi/v1beta1/routes and always returns empty data
func (s *TestHttpService) handleRouteList(w http.ResponseWriter, r *http.Request) {
	w.Header().Set(""Content-Type"", ""application/json"")
	fmt.Fprint(w, ""{}"")
}

// handleRouteCalls handles calls to /osapi/v1/routes/* and returns whatever the client sent
func (s *TestHttpService) handleRouteCalls(w http.ResponseWriter, r *http.Request) {
	w.Header().Set(""Content-Type"", ""application/json"")
	fmt.Fprint(w, ""{}"")
}

// handleEndpointWatch handles calls to /api/v1beta1/watch/endpoints and uses the endpoint channel to simulate watch events
func (s *TestHttpService) handleEndpointWatch(w http.ResponseWriter, r *http.Request) {
	w.Header().Set(""Content-Type"", ""application/json"")
	io.WriteString(w, <-s.EndpointChannel)
}

// handleEndpointList handles calls to /api/v1beta1/endpoints and always returns empty data
func (s *TestHttpService) handleEndpointList(w http.ResponseWriter, r *http.Request) {
	w.Header().Set(""Content-Type"", ""application/json"")
	fmt.Fprint(w, ""{}"")
}

// handleIngressWatch handles calls to /api/extensions/v1beta1/watch/ingresses and uses the ingress channel to simulate watch events
func (s *TestHttpService) handleIngressWatch(w http.ResponseWriter, r *http.Request) {
	w.Header().Set(""Content-Type"", ""application/json"")
	io.WriteString(w, <-s.IngressChannel)
}

// handleIngressList handles calls to /api/extensions/v1beta1/ingresses and always returns empty data
func (s *TestHttpService) handleIngressList(w http.ResponseWriter, r *http.Request) {
	w.Header().Set(""Content-Type"", ""application/json"")
	fmt.Fprint(w, ""{}"")
}

// handleSecretWatch handles calls to /api/v1/watch/secrets and uses the endpoint channel to simulate watch events
func (s *TestHttpService) handleSecretWatch(w http.ResponseWriter, r *http.Request) {
	w.Header().Set(""Content-Type"", ""application/json"")
	io.WriteString(w, <-s.SecretChannel)
}

// handleSecretList handles calls to /api/v1/secrets and always returns empty data
func (s *TestHttpService) handleSecretList(w http.ResponseWriter, r *http.Request) {
	w.Header().Set(""Content-Type"", ""application/json"")
	fmt.Fprint(w, ""{}"")
}

// handleWebSocket copies whatever is written to the web socket back to the socket
func (s *TestHttpService) handleWebSocket(ws *websocket.Conn) {
	_, err := io.Copy(ws, ws)

	if err != nil {
		panic(err)
	}
}

// Stop stops the service by closing any registered listeners
func (s *TestHttpService) Stop() {
	if s.listeners != nil && len(s.listeners) > 0 {
		for _, l := range s.listeners {
			if l != nil {
				glog.Infof(""Stopping listener at %s\n"", l.Addr().String())
				l.Close()
			}
		}
	}
}

// Start will start the http service to simulate the master and client urls.  It sets up the appropriate watch
// endpoints and serves the secure and non-secure traffic.
func (s *TestHttpService) Start() error {
	s.listeners = make([]net.Listener, 3)

	if err := s.startMaster(); err != nil {
		return err
	}

	if err := s.startPod(); err != nil {
		return err
	}

	return nil
}

func (s *TestHttpService) startMaster() error {
	masterServer := http.NewServeMux()
	apis := []string{""v1""}

	for _, version := range apis {
		masterServer.HandleFunc(fmt.Sprintf(""/api/%s/namespaces/"", version), s.handleNamespaceList)
		masterServer.HandleFunc(fmt.Sprintf(""/api/%s/endpoints"", version), s.handleEndpointList)
		masterServer.HandleFunc(fmt.Sprintf(""/api/%s/watch/endpoints"", version), s.handleEndpointWatch)
		masterServer.HandleFunc(fmt.Sprintf(""/oapi/%s/routes"", version), s.handleRouteList)
		masterServer.HandleFunc(fmt.Sprintf(""/oapi/%s/namespaces/"", version), s.handleRouteCalls)
		masterServer.HandleFunc(fmt.Sprintf(""/oapi/%s/watch/routes"", version), s.handleRouteWatch)
		masterServer.HandleFunc(fmt.Sprintf(""/api/%s/nodes"", version), s.handleNodeList)
		masterServer.HandleFunc(fmt.Sprintf(""/api/%s/watch/nodes"", version), s.handleNodeWatch)
		masterServer.HandleFunc(fmt.Sprintf(""/api/%s/services"", version), s.handleSvcList)
		masterServer.HandleFunc(fmt.Sprintf(""/api/%s/watch/services"", version), s.handleSvcWatch)
		masterServer.HandleFunc(fmt.Sprintf(""/api/%s/secrets"", version), s.handleSecretList)
		masterServer.HandleFunc(fmt.Sprintf(""/api/%s/watch/secrets"", version), s.handleSecretWatch)
	}
	masterServer.HandleFunc(""/apis/extensions/v1beta1/ingresses"", s.handleIngressList)
	masterServer.HandleFunc(""/apis/extensions/v1beta1/watch/ingresses"", s.handleIngressWatch)

	if err := s.startServing(s.MasterHttpAddr, http.Handler(masterServer)); err != nil {
		return err
	}

	return nil
}

func (s *TestHttpService) startPod() error {
	unsecurePodServeMux := http.NewServeMux()
	unsecurePodServeMux.HandleFunc(""/"", s.handleHelloPod)
	unsecurePodServeMux.HandleFunc(""/""+s.PodTestPath, s.handleHelloPodTest)
	unsecurePodServer := &TestHttpSocketService{
		ServeMux:         unsecurePodServeMux,
		WebSocketHandler: websocket.Handler(s.handleWebSocket),
	}

	if err := s.startServing(s.PodHttpAddr, http.Handler(unsecurePodServer)); err != nil {
		return err
	}

	alternatePodServeMux := http.NewServeMux()
	alternatePodServeMux.HandleFunc(""/"", s.handleHelloPod2)
	alternatePodServeMux.HandleFunc(""/""+s.PodTestPath, s.handleHelloPod2)
	alternatePodServer := &TestHttpSocketService{
		ServeMux:         alternatePodServeMux,
		WebSocketHandler: websocket.Handler(s.handleWebSocket),
	}

	if err := s.startServing(s.AlternatePodHttpAddr, http.Handler(alternatePodServer)); err != nil {
		return err
	}

	securePodServeMux := http.NewServeMux()
	securePodServeMux.HandleFunc(""/"", s.handleHelloPodSecure)
	securePodServeMux.HandleFunc(""/""+s.PodTestPath, s.handleHelloPodTestSecure)
	securePodServer := &TestHttpSocketService{
		ServeMux:         securePodServeMux,
		WebSocketHandler: websocket.Handler(s.handleWebSocket),
	}
	if err := s.startServingTLS(s.PodHttpsAddr, s.PodHttpsCert, s.PodHttpsKey, s.PodHttpsCaCert, http.Handler(securePodServer)); err != nil {
		return err
	}

	return nil
}

// startServing creates and registers a non-secure listener and begins serving traffic
func (s *TestHttpService) startServing(addr string, handler http.Handler) error {
	listener, err := net.Listen(""tcp"", addr)

	if err != nil {
		return err
	}

	s.listeners = append(s.listeners, listener)

	glog.Infof(""Started, serving at %s\n"", listener.Addr().String())

	go func() {
		err := http.Serve(listener, handler)

		if err != nil {
			glog.Errorf(""HTTP server failed: %v"", err)
		}
	}()

	return nil
}

// startServingTLS creates and registers a secure listener and begins serving traffic.
func (s *TestHttpService) startServingTLS(addr string, cert []byte, key []byte, caCert []byte, handler http.Handler) error {
	tlsCert, err := tls.X509KeyPair(append(cert, caCert...), key)

	if err != nil {
		return err
	}

	cfg := &tls.Config{
		Certificates: []tls.Certificate{tlsCert},
	}

	listener, err := tls.Listen(""tcp"", addr, cfg)

	if err != nil {
		return err
	}

	s.listeners = append(s.listeners, listener)
	glog.Infof(""Started, serving TLS at %s\n"", listener.Addr().String())

	go func() {
		if err := http.Serve(listener, handler); err != nil {
			glog.Errorf(""HTTPS server failed: %v"", err)
		}
	}()

	return nil
}","func (s *TestHttpService) Start() error {
	// Start the HTTP server for the master endpoint
	masterListener, err := net.Listen(""tcp"", s.MasterHttpAddr)
	if err != nil {
		return fmt.Errorf(""failed to start master HTTP server: %v"", err)
	}
	s.listeners = append(s.listeners, masterListener)

	// Start the HTTP server for the pod endpoint
	podListener, err := net.Listen(""tcp"", s.PodHttpAddr)
	if err != nil {
		return fmt.Errorf(""failed to start pod HTTP server: %v"", err)
	}
	s.listeners = append(s.listeners, podListener)

	// Start the HTTP server for the alternate pod endpoint
	alternatePodListener, err := net.Listen(""tcp"", s.AlternatePodHttpAddr)
	if err != nil {
		return fmt.Errorf(""failed to start alternate pod HTTP server: %v"", err)
	}
	s.listeners = append(s.listeners, alternatePodListener)

	// Start the HTTPS server for the pod endpoint
	httpsListener, err := tls.Listen(""tcp"", s.PodHttpsAddr, &tls.Config{
		Certificates: []tls.Certificate{
			{
				Certificate: [][]byte{s.PodHttpsCert"
qwen,Qwen/Qwen3-30B-A3B-Instruct-2507:nebius,go,GPL-3.0,vendor::github.com::openshift::origin::test::integration::router::router_http_server.go,400,0.8,0,0.1271860095389507,"type TestHttpSocketService struct {
	ServeMux         *http.ServeMux
	WebSocketHandler websocket.Handler
}

func (s *TestHttpSocketService) ServeHTTP(w http.ResponseWriter, r *http.Request) {
	if r.Header.Get(""Upgrade"") == ""websocket"" {
		s.WebSocketHandler.ServeHTTP(w, r)
	} else {
		s.ServeMux.ServeHTTP(w, r)
	}
}

// handleHelloPod handles calls to PodHttpAddr (usually called through a route)
func (s *TestHttpService) handleHelloPod(w http.ResponseWriter, r *http.Request) {
	fmt.Fprint(w, HelloPod)
}

// handleHelloPod handles calls to PodHttpAddr (usually called through a route)
func (s *TestHttpService) handleHelloPod2(w http.ResponseWriter, r *http.Request) {
	fmt.Fprint(w, HelloPodAlternate)
}

// handleHelloPodTest handles calls to PodHttpAddr (usually called through a route) with the /test/ path
func (s *TestHttpService) handleHelloPodTest(w http.ResponseWriter, r *http.Request) {
	fmt.Fprint(w, HelloPodPath)
}

// handleHelloPodSecure handles calls to PodHttpsAddr (usually called through a route)
func (s *TestHttpService) handleHelloPodSecure(w http.ResponseWriter, r *http.Request) {
	fmt.Fprint(w, HelloPodSecure)
}

// handleHelloPodTestSecure handles calls to PodHttpsAddr (usually called through a route) with the /test/ path
func (s *TestHttpService) handleHelloPodTestSecure(w http.ResponseWriter, r *http.Request) {
	fmt.Fprint(w, HelloPodPathSecure)
}

// handleNamespaceList handles calls to /api/v1/namespaces/* and returns a canned response
func (s *TestHttpService) handleNamespaceList(w http.ResponseWriter, r *http.Request) {
	w.Header().Set(""Content-Type"", ""application/json"")
	glog.Errorf(""Returning response: %s"", s.NamespaceListResponse)

	fmt.Fprint(w, s.NamespaceListResponse)
}

// handleSvcList handles calls to /api/v1beta1/services and always returns empty data
func (s *TestHttpService) handleSvcList(w http.ResponseWriter, r *http.Request) {
	w.Header().Set(""Content-Type"", ""application/json"")
	fmt.Fprint(w, ""{}"")
}

// handleSvcWatch handles calls to /api/v1beta1/watch/services and uses the svc channel to simulate watch events
func (s *TestHttpService) handleSvcWatch(w http.ResponseWriter, r *http.Request) {
	w.Header().Set(""Content-Type"", ""application/json"")
	io.WriteString(w, <-s.SvcChannel)
}

// handleNodeList handles calls to /api/v1beta1/nodes and always returns empty data
func (s *TestHttpService) handleNodeList(w http.ResponseWriter, r *http.Request) {
	w.Header().Set(""Content-Type"", ""application/json"")
	fmt.Fprint(w, ""{}"")
}

// handleNodeWatch handles calls to /api/v1beta1/watch/nodes and uses the node channel to simulate watch events
func (s *TestHttpService) handleNodeWatch(w http.ResponseWriter, r *http.Request) {
	w.Header().Set(""Content-Type"", ""application/json"")
	io.WriteString(w, <-s.NodeChannel)
}

// handleRouteWatch handles calls to /osapi/v1beta1/watch/routes and uses the route channel to simulate watch events
func (s *TestHttpService) handleRouteWatch(w http.ResponseWriter, r *http.Request) {
	w.Header().Set(""Content-Type"", ""application/json"")
	io.WriteString(w, <-s.RouteChannel)
}

// handleRouteList handles calls to /osapi/v1beta1/routes and always returns empty data
func (s *TestHttpService) handleRouteList(w http.ResponseWriter, r *http.Request) {
	w.Header().Set(""Content-Type"", ""application/json"")
	fmt.Fprint(w, ""{}"")
}

// handleRouteCalls handles calls to /osapi/v1/routes/* and returns whatever the client sent
func (s *TestHttpService) handleRouteCalls(w http.ResponseWriter, r *http.Request) {
	w.Header().Set(""Content-Type"", ""application/json"")
	fmt.Fprint(w, ""{}"")
}

// handleEndpointWatch handles calls to /api/v1beta1/watch/endpoints and uses the endpoint channel to simulate watch events
func (s *TestHttpService) handleEndpointWatch(w http.ResponseWriter, r *http.Request) {
	w.Header().Set(""Content-Type"", ""application/json"")
	io.WriteString(w, <-s.EndpointChannel)
}

// handleEndpointList handles calls to /api/v1beta1/endpoints and always returns empty data
func (s *TestHttpService) handleEndpointList(w http.ResponseWriter, r *http.Request) {
	w.Header().Set(""Content-Type"", ""application/json"")
	fmt.Fprint(w, ""{}"")
}

// handleIngressWatch handles calls to /api/extensions/v1beta1/watch/ingresses and uses the ingress channel to simulate watch events
func (s *TestHttpService) handleIngressWatch(w http.ResponseWriter, r *http.Request) {
	w.Header().Set(""Content-Type"", ""application/json"")
	io.WriteString(w, <-s.IngressChannel)
}

// handleIngressList handles calls to /api/extensions/v1beta1/ingresses and always returns empty data
func (s *TestHttpService) handleIngressList(w http.ResponseWriter, r *http.Request) {
	w.Header().Set(""Content-Type"", ""application/json"")
	fmt.Fprint(w, ""{}"")
}

// handleSecretWatch handles calls to /api/v1/watch/secrets and uses the endpoint channel to simulate watch events
func (s *TestHttpService) handleSecretWatch(w http.ResponseWriter, r *http.Request) {
	w.Header().Set(""Content-Type"", ""application/json"")
	io.WriteString(w, <-s.SecretChannel)
}

// handleSecretList handles calls to /api/v1/secrets and always returns empty data
func (s *TestHttpService) handleSecretList(w http.ResponseWriter, r *http.Request) {
	w.Header().Set(""Content-Type"", ""application/json"")
	fmt.Fprint(w, ""{}"")
}

// handleWebSocket copies whatever is written to the web socket back to the socket
func (s *TestHttpService) handleWebSocket(ws *websocket.Conn) {
	_, err := io.Copy(ws, ws)

	if err != nil {
		panic(err)
	}
}

// Stop stops the service by closing any registered listeners
func (s *TestHttpService) Stop() {
	if s.listeners != nil && len(s.listeners) > 0 {
		for _, l := range s.listeners {
			if l != nil {
				glog.Infof(""Stopping listener at %s\n"", l.Addr().String())
				l.Close()
			}
		}
	}
}

// Start will start the http service to simulate the master and client urls.  It sets up the appropriate watch
// endpoints and serves the secure and non-secure traffic.
func (s *TestHttpService) Start() error {
	s.listeners = make([]net.Listener, 3)

	if err := s.startMaster(); err != nil {
		return err
	}

	if err := s.startPod(); err != nil {
		return err
	}

	return nil
}

func (s *TestHttpService) startMaster() error {
	masterServer := http.NewServeMux()
	apis := []string{""v1""}

	for _, version := range apis {
		masterServer.HandleFunc(fmt.Sprintf(""/api/%s/namespaces/"", version), s.handleNamespaceList)
		masterServer.HandleFunc(fmt.Sprintf(""/api/%s/endpoints"", version), s.handleEndpointList)
		masterServer.HandleFunc(fmt.Sprintf(""/api/%s/watch/endpoints"", version), s.handleEndpointWatch)
		masterServer.HandleFunc(fmt.Sprintf(""/oapi/%s/routes"", version), s.handleRouteList)
		masterServer.HandleFunc(fmt.Sprintf(""/oapi/%s/namespaces/"", version), s.handleRouteCalls)
		masterServer.HandleFunc(fmt.Sprintf(""/oapi/%s/watch/routes"", version), s.handleRouteWatch)
		masterServer.HandleFunc(fmt.Sprintf(""/api/%s/nodes"", version), s.handleNodeList)
		masterServer.HandleFunc(fmt.Sprintf(""/api/%s/watch/nodes"", version), s.handleNodeWatch)
		masterServer.HandleFunc(fmt.Sprintf(""/api/%s/services"", version), s.handleSvcList)
		masterServer.HandleFunc(fmt.Sprintf(""/api/%s/watch/services"", version), s.handleSvcWatch)
		masterServer.HandleFunc(fmt.Sprintf(""/api/%s/secrets"", version), s.handleSecretList)
		masterServer.HandleFunc(fmt.Sprintf(""/api/%s/watch/secrets"", version), s.handleSecretWatch)
	}
	masterServer.HandleFunc(""/apis/extensions/v1beta1/ingresses"", s.handleIngressList)
	masterServer.HandleFunc(""/apis/extensions/v1beta1/watch/ingresses"", s.handleIngressWatch)

	if err := s.startServing(s.MasterHttpAddr, http.Handler(masterServer)); err != nil {
		return err
	}

	return nil
}

func (s *TestHttpService) startPod() error {
	unsecurePodServeMux := http.NewServeMux()
	unsecurePodServeMux.HandleFunc(""/"", s.handleHelloPod)
	unsecurePodServeMux.HandleFunc(""/""+s.PodTestPath, s.handleHelloPodTest)
	unsecurePodServer := &TestHttpSocketService{
		ServeMux:         unsecurePodServeMux,
		WebSocketHandler: websocket.Handler(s.handleWebSocket),
	}

	if err := s.startServing(s.PodHttpAddr, http.Handler(unsecurePodServer)); err != nil {
		return err
	}

	alternatePodServeMux := http.NewServeMux()
	alternatePodServeMux.HandleFunc(""/"", s.handleHelloPod2)
	alternatePodServeMux.HandleFunc(""/""+s.PodTestPath, s.handleHelloPod2)
	alternatePodServer := &TestHttpSocketService{
		ServeMux:         alternatePodServeMux,
		WebSocketHandler: websocket.Handler(s.handleWebSocket),
	}

	if err := s.startServing(s.AlternatePodHttpAddr, http.Handler(alternatePodServer)); err != nil {
		return err
	}

	securePodServeMux := http.NewServeMux()
	securePodServeMux.HandleFunc(""/"", s.handleHelloPodSecure)
	securePodServeMux.HandleFunc(""/""+s.PodTestPath, s.handleHelloPodTestSecure)
	securePodServer := &TestHttpSocketService{
		ServeMux:         securePodServeMux,
		WebSocketHandler: websocket.Handler(s.handleWebSocket),
	}
	if err := s.startServingTLS(s.PodHttpsAddr, s.PodHttpsCert, s.PodHttpsKey, s.PodHttpsCaCert, http.Handler(securePodServer)); err != nil {
		return err
	}

	return nil
}

// startServing creates and registers a non-secure listener and begins serving traffic
func (s *TestHttpService) startServing(addr string, handler http.Handler) error {
	listener, err := net.Listen(""tcp"", addr)

	if err != nil {
		return err
	}

	s.listeners = append(s.listeners, listener)

	glog.Infof(""Started, serving at %s\n"", listener.Addr().String())

	go func() {
		err := http.Serve(listener, handler)

		if err != nil {
			glog.Errorf(""HTTP server failed: %v"", err)
		}
	}()

	return nil
}

// startServingTLS creates and registers a secure listener and begins serving traffic.
func (s *TestHttpService) startServingTLS(addr string, cert []byte, key []byte, caCert []byte, handler http.Handler) error {
	tlsCert, err := tls.X509KeyPair(append(cert, caCert...), key)

	if err != nil {
		return err
	}

	cfg := &tls.Config{
		Certificates: []tls.Certificate{tlsCert},
	}

	listener, err := tls.Listen(""tcp"", addr, cfg)

	if err != nil {
		return err
	}

	s.listeners = append(s.listeners, listener)
	glog.Infof(""Started, serving TLS at %s\n"", listener.Addr().String())

	go func() {
		if err := http.Serve(listener, handler); err != nil {
			glog.Errorf(""HTTPS server failed: %v"", err)
		}
	}()

	return nil
}","func (s *TestHttpService) Start() error {
	// Create HTTP server for master API
	masterMux := http.NewServeMux()
	masterMux.HandleFunc(""/api/v1/namespaces"", s.handleNamespaceList)
	masterMux.HandleFunc(""/api/v1/endpoints"", s.handleEndpointsList)
	masterMux.HandleFunc(""/api/v1/services"", s.handleServicesList)
	masterMux.HandleFunc(""/api/v1/ingresses"", s.handleIngressesList)
	masterMux.HandleFunc(""/api/v1/secrets"", s.handleSecretsList)
	masterMux.HandleFunc(""/api/v1/nodes"", s.handleNodesList)
	masterMux.HandleFunc(""/api/v1/pods"", s.handlePodsList)
	masterMux.HandleFunc(""/oapi/v1/route"", s.handleRouteList)

	// Create HTTP server for pod HTTP endpoint
	podMux := http.NewServeMux()
	podMux.HandleFunc(""/""+s.PodTestPath, s.handlePodTestPath)
	podMux.HandleFunc(""/"", s.handlePodRoot)

	// Create HTTP server for alternate pod HTTP endpoint
	altPodMux := http.NewServeMux()
	altPodMux.HandleFunc(""/""+s"
qwen,Qwen/Qwen3-30B-A3B-Instruct-2507:nebius,go,GPL-3.0,transmitter.go,218,0.2,0,0.06692913385826772,"
	return nil
}

func (t *Transmitter) SubmitSm(source_addr, destination_addr, short_message string, params *Params) (seq uint32, err error) {
	p, err := t.Smpp.SubmitSm(source_addr, destination_addr, short_message, params)

	if err != nil {
		return 0, err
	}

	if err := t.Write(p); err != nil {
		return 0, err
	}

	return p.GetHeader().Sequence, nil
}

func (t *Transmitter) QuerySm(message_id, source_addr string, params *Params) (seq uint32, err error) {
	p, err := t.Smpp.QuerySm(message_id, source_addr, params)

	if err != nil {
		return 0, err
	}

	if err := t.Write(p); err != nil {
		return 0, err
	}

	return p.GetHeader().Sequence, nil
}

func (t *Transmitter) DeliverSmResp(seq, status uint32) error {
	return SmppPduErr
}

func (t *Transmitter) Unbind() error {
	p, _ := t.Smpp.Unbind()

	if err := t.Write(p); err != nil {
		return err
	}

	return nil
}

func (t *Transmitter) UnbindResp(seq uint32) error {
	p, _ := t.Smpp.UnbindResp(seq)

	if err := t.Write(p); err != nil {
		return err
	}

	t.Bound = false

	return nil
}

func (t *Transmitter) bindCheck() {
	// Block
	<-time.After(time.Duration(5 * time.Second))
	if !t.Bound {
		// send error to t.err? So it can be read before closing.
		t.Err = SmppBindRespErr
		t.Close()
	}
}

func (t *Transmitter) startEnquireLink(eli int) {
	t.eLTicker = time.NewTicker(time.Duration(eli) * time.Second)
	// check delay is half the time of enquire link intervel
	d := time.Duration(eli/2) * time.Second
	t.eLCheckTimer = time.NewTimer(d)
	t.eLCheckTimer.Stop()

	for {
		select {
		case <-t.eLTicker.C:

			p, _ := t.EnquireLink()
			if err := t.Write(p); err != nil {
				t.Err = SmppELWriteErr
				t.Close()
				return
			}

			t.eLCheckTimer.Reset(d)
		case <-t.eLCheckTimer.C:
			t.Err = SmppELRespErr
			t.Close()
			return
		}
	}
}

func (t *Transmitter) Read() (Pdu, error) {
	pdu, err := t.Smpp.Read()
	if err != nil {
		if _, ok := err.(PduCmdIdErr); ok {
			// Invalid PDU Command ID, should send back GenericNack
			t.GenericNack(uint32(0), ESME_RINVCMDID)
		} else if SmppPduLenErr == err {
			// Invalid PDU, PDU read or Len error
			t.GenericNack(uint32(0), ESME_RINVCMDLEN)
		}

		return nil, err
	}

	switch pdu.GetHeader().Id {
	case SUBMIT_SM_RESP:
		return pdu, nil
	case QUERY_SM_RESP:
		return pdu, nil
	case ENQUIRE_LINK:
		p, _ := t.Smpp.EnquireLinkResp(pdu.GetHeader().Sequence)

		if err := t.Write(p); err != nil {
			return nil, err
		}
	case ENQUIRE_LINK_RESP:
		// Stop EnquireLink Check.
		t.eLCheckTimer.Stop()
	case UNBIND:
		t.UnbindResp(pdu.GetHeader().Sequence)
		t.Close()
	default:
		// Should not have received these PDUs on a TX bind
		return nil, SmppPduErr
	}

	return pdu, nil
}

func (t *Transmitter) Close() {
	// Check timers exists incase we Close() before timers are created
	if t.eLCheckTimer != nil {
		t.eLCheckTimer.Stop()
	}

	if t.eLTicker != nil {
		t.eLTicker.Stop()
	}

	t.Smpp.Close()
}

func (t *Transmitter) Write(p Pdu) error {
	err := t.Smpp.Write(p)

	return err
}","t.eLCheckTimer = time.NewTimer(time.Duration(eli) * time.Second)
	t.eLTicker = time.NewTicker(time.Duration(eli) * time.Second)
	return nil
}"
qwen,Qwen/Qwen3-30B-A3B-Instruct-2507:nebius,go,GPL-3.0,transmitter.go,218,0.4,0,0.01953125,"
	return nil
}

func (t *Transmitter) SubmitSm(source_addr, destination_addr, short_message string, params *Params) (seq uint32, err error) {
	p, err := t.Smpp.SubmitSm(source_addr, destination_addr, short_message, params)

	if err != nil {
		return 0, err
	}

	if err := t.Write(p); err != nil {
		return 0, err
	}

	return p.GetHeader().Sequence, nil
}

func (t *Transmitter) QuerySm(message_id, source_addr string, params *Params) (seq uint32, err error) {
	p, err := t.Smpp.QuerySm(message_id, source_addr, params)

	if err != nil {
		return 0, err
	}

	if err := t.Write(p); err != nil {
		return 0, err
	}

	return p.GetHeader().Sequence, nil
}

func (t *Transmitter) DeliverSmResp(seq, status uint32) error {
	return SmppPduErr
}

func (t *Transmitter) Unbind() error {
	p, _ := t.Smpp.Unbind()

	if err := t.Write(p); err != nil {
		return err
	}

	return nil
}

func (t *Transmitter) UnbindResp(seq uint32) error {
	p, _ := t.Smpp.UnbindResp(seq)

	if err := t.Write(p); err != nil {
		return err
	}

	t.Bound = false

	return nil
}

func (t *Transmitter) bindCheck() {
	// Block
	<-time.After(time.Duration(5 * time.Second))
	if !t.Bound {
		// send error to t.err? So it can be read before closing.
		t.Err = SmppBindRespErr
		t.Close()
	}
}

func (t *Transmitter) startEnquireLink(eli int) {
	t.eLTicker = time.NewTicker(time.Duration(eli) * time.Second)
	// check delay is half the time of enquire link intervel
	d := time.Duration(eli/2) * time.Second
	t.eLCheckTimer = time.NewTimer(d)
	t.eLCheckTimer.Stop()

	for {
		select {
		case <-t.eLTicker.C:

			p, _ := t.EnquireLink()
			if err := t.Write(p); err != nil {
				t.Err = SmppELWriteErr
				t.Close()
				return
			}

			t.eLCheckTimer.Reset(d)
		case <-t.eLCheckTimer.C:
			t.Err = SmppELRespErr
			t.Close()
			return
		}
	}
}

func (t *Transmitter) Read() (Pdu, error) {
	pdu, err := t.Smpp.Read()
	if err != nil {
		if _, ok := err.(PduCmdIdErr); ok {
			// Invalid PDU Command ID, should send back GenericNack
			t.GenericNack(uint32(0), ESME_RINVCMDID)
		} else if SmppPduLenErr == err {
			// Invalid PDU, PDU read or Len error
			t.GenericNack(uint32(0), ESME_RINVCMDLEN)
		}

		return nil, err
	}

	switch pdu.GetHeader().Id {
	case SUBMIT_SM_RESP:
		return pdu, nil
	case QUERY_SM_RESP:
		return pdu, nil
	case ENQUIRE_LINK:
		p, _ := t.Smpp.EnquireLinkResp(pdu.GetHeader().Sequence)

		if err := t.Write(p); err != nil {
			return nil, err
		}
	case ENQUIRE_LINK_RESP:
		// Stop EnquireLink Check.
		t.eLCheckTimer.Stop()
	case UNBIND:
		t.UnbindResp(pdu.GetHeader().Sequence)
		t.Close()
	default:
		// Should not have received these PDUs on a TX bind
		return nil, SmppPduErr
	}

	return pdu, nil
}

func (t *Transmitter) Close() {
	// Check timers exists incase we Close() before timers are created
	if t.eLCheckTimer != nil {
		t.eLCheckTimer.Stop()
	}

	if t.eLTicker != nil {
		t.eLTicker.Stop()
	}

	t.Smpp.Close()
}

func (t *Transmitter) Write(p Pdu) error {
	err := t.Smpp.Write(p)

	return err
}","t.eLTicker = time.NewTicker(time.Duration(t.eLDuration) * time.Second)
	t.eLCheckTimer = time.NewTimer(time.Duration(t.eLDuration) * time.Second)

	return nil
}"
qwen,Qwen/Qwen3-30B-A3B-Instruct-2507:nebius,go,GPL-3.0,transmitter.go,218,0.8,0,0.01953125,"
	return nil
}

func (t *Transmitter) SubmitSm(source_addr, destination_addr, short_message string, params *Params) (seq uint32, err error) {
	p, err := t.Smpp.SubmitSm(source_addr, destination_addr, short_message, params)

	if err != nil {
		return 0, err
	}

	if err := t.Write(p); err != nil {
		return 0, err
	}

	return p.GetHeader().Sequence, nil
}

func (t *Transmitter) QuerySm(message_id, source_addr string, params *Params) (seq uint32, err error) {
	p, err := t.Smpp.QuerySm(message_id, source_addr, params)

	if err != nil {
		return 0, err
	}

	if err := t.Write(p); err != nil {
		return 0, err
	}

	return p.GetHeader().Sequence, nil
}

func (t *Transmitter) DeliverSmResp(seq, status uint32) error {
	return SmppPduErr
}

func (t *Transmitter) Unbind() error {
	p, _ := t.Smpp.Unbind()

	if err := t.Write(p); err != nil {
		return err
	}

	return nil
}

func (t *Transmitter) UnbindResp(seq uint32) error {
	p, _ := t.Smpp.UnbindResp(seq)

	if err := t.Write(p); err != nil {
		return err
	}

	t.Bound = false

	return nil
}

func (t *Transmitter) bindCheck() {
	// Block
	<-time.After(time.Duration(5 * time.Second))
	if !t.Bound {
		// send error to t.err? So it can be read before closing.
		t.Err = SmppBindRespErr
		t.Close()
	}
}

func (t *Transmitter) startEnquireLink(eli int) {
	t.eLTicker = time.NewTicker(time.Duration(eli) * time.Second)
	// check delay is half the time of enquire link intervel
	d := time.Duration(eli/2) * time.Second
	t.eLCheckTimer = time.NewTimer(d)
	t.eLCheckTimer.Stop()

	for {
		select {
		case <-t.eLTicker.C:

			p, _ := t.EnquireLink()
			if err := t.Write(p); err != nil {
				t.Err = SmppELWriteErr
				t.Close()
				return
			}

			t.eLCheckTimer.Reset(d)
		case <-t.eLCheckTimer.C:
			t.Err = SmppELRespErr
			t.Close()
			return
		}
	}
}

func (t *Transmitter) Read() (Pdu, error) {
	pdu, err := t.Smpp.Read()
	if err != nil {
		if _, ok := err.(PduCmdIdErr); ok {
			// Invalid PDU Command ID, should send back GenericNack
			t.GenericNack(uint32(0), ESME_RINVCMDID)
		} else if SmppPduLenErr == err {
			// Invalid PDU, PDU read or Len error
			t.GenericNack(uint32(0), ESME_RINVCMDLEN)
		}

		return nil, err
	}

	switch pdu.GetHeader().Id {
	case SUBMIT_SM_RESP:
		return pdu, nil
	case QUERY_SM_RESP:
		return pdu, nil
	case ENQUIRE_LINK:
		p, _ := t.Smpp.EnquireLinkResp(pdu.GetHeader().Sequence)

		if err := t.Write(p); err != nil {
			return nil, err
		}
	case ENQUIRE_LINK_RESP:
		// Stop EnquireLink Check.
		t.eLCheckTimer.Stop()
	case UNBIND:
		t.UnbindResp(pdu.GetHeader().Sequence)
		t.Close()
	default:
		// Should not have received these PDUs on a TX bind
		return nil, SmppPduErr
	}

	return pdu, nil
}

func (t *Transmitter) Close() {
	// Check timers exists incase we Close() before timers are created
	if t.eLCheckTimer != nil {
		t.eLCheckTimer.Stop()
	}

	if t.eLTicker != nil {
		t.eLTicker.Stop()
	}

	t.Smpp.Close()
}

func (t *Transmitter) Write(p Pdu) error {
	err := t.Smpp.Write(p)

	return err
}","t.eLTicker = time.NewTicker(time.Duration(t.eLDuration) * time.Second)
	t.eLCheckTimer = time.NewTimer(time.Duration(t.eLDuration) * time.Second)

	return nil
}"
