model,model_id,language,license,qualified_name,n_lines,temperature,sample_idx,similarity,original_suffix,generated_suffix
qwen,Qwen/Qwen3-30B-A3B-Instruct-2507:nebius,scala,GPL-3.0,sql::core::src::main::scala::org::apache::spark::sql::execution::command::cache.scala,76,0.2,0,0.10483870967741936,"import org.apache.spark.sql.catalyst.plans.QueryPlan
import org.apache.spark.sql.catalyst.plans.logical.LogicalPlan

case class CacheTableCommand(
    tableIdent: TableIdentifier,
    plan: Option[LogicalPlan],
    isLazy: Boolean) extends RunnableCommand {
  require(plan.isEmpty || tableIdent.database.isEmpty,
    ""Database name is not allowed in CACHE TABLE AS SELECT"")

  override def innerChildren: Seq[QueryPlan[_]] = plan.toSeq

  override def run(sparkSession: SparkSession): Seq[Row] = {
    plan.foreach { logicalPlan =>
      Dataset.ofRows(sparkSession, logicalPlan).createTempView(tableIdent.quotedString)
    }
    sparkSession.catalog.cacheTable(tableIdent.quotedString)

    if (!isLazy) {
      // Performs eager caching
      sparkSession.table(tableIdent).count()
    }

    Seq.empty[Row]
  }
}


case class UncacheTableCommand(
    tableIdent: TableIdentifier,
    ifExists: Boolean) extends RunnableCommand {

  override def run(sparkSession: SparkSession): Seq[Row] = {
    val tableId = tableIdent.quotedString
    try {
      sparkSession.catalog.uncacheTable(tableId)
    } catch {
      case _: NoSuchTableException if ifExists => // don't throw
    }
    Seq.empty[Row]
  }
}

/**
 * Clear all cached data from the in-memory cache.
 */
case object ClearCacheCommand extends RunnableCommand {

  override def run(sparkSession: SparkSession): Seq[Row] = {
    sparkSession.catalog.clearCache()
    Seq.empty[Row]
  }
}","scala
case class CacheTableCommand(
    table: TableIdentifier,
    storageLevel: Option[String] = None,
    lazyCache: Boolean = false)
  extends RunnableCommand {

  override def run(sparkSession: SparkSession): Seq[Row] = {
    val catalog = sparkSession.sessionState.catalog
    try {
      val tableMeta = catalog.getTableMetadata(table)
      val plan = sparkSession.sessionState.sqlParser.parsePlan(s""SELECT * FROM ${table.unquotedString}"")
      val dataset = sparkSession.newSession().sql(plan.toString)

      val storageLevelObj = storageLevel match {
        case Some(level) => StorageLevel.fromString(level)
        case None => StorageLevel.MEMORY_ONLY
      }

      if (lazyCache) {
        dataset.cache()
      } else {
        dataset.persist(storageLevelObj)
      }

      // Register the cached table in the catalog
      catalog.cacheTable(table)
      Seq.empty[Row]
    } catch {
      case e: NoSuchTableException =>
        throw new IllegalArgumentException(s""Table ${table.unquotedString} does not exist."", e)
    }
  }
}"
qwen,Qwen/Qwen3-30B-A3B-Instruct-2507:nebius,scala,GPL-3.0,sql::core::src::main::scala::org::apache::spark::sql::execution::command::cache.scala,76,0.4,0,0.09401709401709402,"import org.apache.spark.sql.catalyst.plans.QueryPlan
import org.apache.spark.sql.catalyst.plans.logical.LogicalPlan

case class CacheTableCommand(
    tableIdent: TableIdentifier,
    plan: Option[LogicalPlan],
    isLazy: Boolean) extends RunnableCommand {
  require(plan.isEmpty || tableIdent.database.isEmpty,
    ""Database name is not allowed in CACHE TABLE AS SELECT"")

  override def innerChildren: Seq[QueryPlan[_]] = plan.toSeq

  override def run(sparkSession: SparkSession): Seq[Row] = {
    plan.foreach { logicalPlan =>
      Dataset.ofRows(sparkSession, logicalPlan).createTempView(tableIdent.quotedString)
    }
    sparkSession.catalog.cacheTable(tableIdent.quotedString)

    if (!isLazy) {
      // Performs eager caching
      sparkSession.table(tableIdent).count()
    }

    Seq.empty[Row]
  }
}


case class UncacheTableCommand(
    tableIdent: TableIdentifier,
    ifExists: Boolean) extends RunnableCommand {

  override def run(sparkSession: SparkSession): Seq[Row] = {
    val tableId = tableIdent.quotedString
    try {
      sparkSession.catalog.uncacheTable(tableId)
    } catch {
      case _: NoSuchTableException if ifExists => // don't throw
    }
    Seq.empty[Row]
  }
}

/**
 * Clear all cached data from the in-memory cache.
 */
case object ClearCacheCommand extends RunnableCommand {

  override def run(sparkSession: SparkSession): Seq[Row] = {
    sparkSession.catalog.clearCache()
    Seq.empty[Row]
  }
}","scala
object CacheTableCommand {
  def apply(tableName: String, storageLevel: String): CacheTableCommand = {
    new CacheTableCommand(TableIdentifier(tableName), storageLevel)
  }

  def apply(tableName: String): CacheTableCommand = {
    new CacheTableCommand(TableIdentifier(tableName))
  }
}

case class CacheTableCommand(
    tableIdentifier: TableIdentifier,
    storageLevel: String = ""MEMORY_ONLY"")
  extends RunnableCommand {

  override def run(sparkSession: SparkSession): Seq[Row] = {
    val catalog = sparkSession.sessionState.catalog
    val table = catalog.getTableMetadata(tableIdentifier)

    // Check if the table is already cached
    if (sparkSession.catalog.isCached(table.identifier.table)) {
      throw new IllegalArgumentException(
        s""Table ${table.identifier.table} is already cached."")
    }

    // Cache the table using the specified storage level
    val storageLevelObj = StorageLevel.fromString(storageLevel)
    sparkSession.catalog.cacheTable(table.identifier.table, storageLevelObj)

    // Return a single row indicating success
    Seq(Row(s""Table ${table.identifier.table} cached successfully with storage level $storageLevel""))
  }
}"
qwen,Qwen/Qwen3-30B-A3B-Instruct-2507:nebius,scala,GPL-3.0,sql::core::src::main::scala::org::apache::spark::sql::execution::command::cache.scala,76,0.8,0,0.03361344537815126,"import org.apache.spark.sql.catalyst.plans.QueryPlan
import org.apache.spark.sql.catalyst.plans.logical.LogicalPlan

case class CacheTableCommand(
    tableIdent: TableIdentifier,
    plan: Option[LogicalPlan],
    isLazy: Boolean) extends RunnableCommand {
  require(plan.isEmpty || tableIdent.database.isEmpty,
    ""Database name is not allowed in CACHE TABLE AS SELECT"")

  override def innerChildren: Seq[QueryPlan[_]] = plan.toSeq

  override def run(sparkSession: SparkSession): Seq[Row] = {
    plan.foreach { logicalPlan =>
      Dataset.ofRows(sparkSession, logicalPlan).createTempView(tableIdent.quotedString)
    }
    sparkSession.catalog.cacheTable(tableIdent.quotedString)

    if (!isLazy) {
      // Performs eager caching
      sparkSession.table(tableIdent).count()
    }

    Seq.empty[Row]
  }
}


case class UncacheTableCommand(
    tableIdent: TableIdentifier,
    ifExists: Boolean) extends RunnableCommand {

  override def run(sparkSession: SparkSession): Seq[Row] = {
    val tableId = tableIdent.quotedString
    try {
      sparkSession.catalog.uncacheTable(tableId)
    } catch {
      case _: NoSuchTableException if ifExists => // don't throw
    }
    Seq.empty[Row]
  }
}

/**
 * Clear all cached data from the in-memory cache.
 */
case object ClearCacheCommand extends RunnableCommand {

  override def run(sparkSession: SparkSession): Seq[Row] = {
    sparkSession.catalog.clearCache()
    Seq.empty[Row]
  }
}","scala
case class CacheTableCommand(
    tableIdentifier: TableIdentifier,
    storageLevel: StorageLevel = StorageLevel.MEMORY_ONLY,
    lazy: Boolean = false)
  extends Command {

  override def run(sparkSession: SparkSession): Seq[Row] = {
    val tableName = tableIdentifier.table
    val databaseName = tableIdentifier.database.getOrElse(sparkSession.sessionState.catalog.currentDatabase)

    try {
      val table = sparkSession.catalog.getTableMetadata(TableIdentifier(tableName, Some(databaseName)))
      val analyzedPlan = sparkSession.sessionState.catalog.lookupRelation(tableIdentifier)

      // Create a Dataset from the analyzed plan
      val dataset = Dataset.ofRows(sparkSession, analyzedPlan)

      // Cache the dataset with the specified storage level
      val cachedDataset = if (lazy) {
        dataset.cache()
      } else {
        dataset.persist(storageLevel)
      }

      // Trigger an action to materialize the cache
      cachedDataset.count()

      // Update the table's storage level in the catalog
      sparkSession.sessionState.catalog.cacheTable(tableIdentifier, storageLevel, lazy)

      Seq.empty[Row]
    } catch {
      case e: NoSuchTableException =>
        throw new AnalysisException(s""Table $tableIdentifier does not exist"
qwen,Qwen/Qwen3-30B-A3B-Instruct-2507:nebius,scala,GPL-3.0,framework::src::main::scala::skinny::controller::feature::BeforeAfterActionFeature.scala,96,0.2,0,0.037037037037037035,"   */
  def beforeFilter(only: Seq[Symbol] = Nil, except: Seq[Symbol] = Nil)(action: => Any): Unit = {
    beforeAction(only, except)(action)
  }

  /**
   * Registers beforeAction to this controller.
   *
   * @param only this action should be applied only for these action methods
   * @param except this action should not be applied for these action methods
   * @param action action
   */
  def beforeAction(only: Seq[Symbol] = Nil, except: Seq[Symbol] = Nil)(action: => Any): Unit = {
    skinnyBeforeActions += (
      () => {
        currentActionName.map { name =>
          // current path should not be excluded
          if (!except.exists(_ == name)) {
            // all actions should be included or this action should be included
            if (only.isEmpty || only.exists(_ == name)) {
              action
            }
          }
        } getOrElse ().asInstanceOf[Any]
      })
  }

  /**
   * If you prefer #afterFilter than #afterAction, keep going!
   */
  def afterFilter(only: Seq[Symbol] = Nil, except: Seq[Symbol] = Nil)(action: => Any): Unit = {
    afterAction(only, except)(action)
  }

  /**
   * Registers afterAction to this controller.
   *
   * @param only this action should be applied only for these action methods
   * @param except this action should not be applied for these action methods
   * @param action action
   */
  def afterAction(only: Seq[Symbol] = Nil, except: Seq[Symbol] = Nil)(action: => Any): Unit = {
    skinnyAfterActions += (
      () => {
        currentActionName.map { name =>
          // current path should not be excluded
          if (!except.exists(_ == name)) {
            // all actions should be included or this action should be included
            if (only.isEmpty || only.exists(_ == name)) {
              action
            }
          }
        } getOrElse ().asInstanceOf[Any]
      })
  }

  // executing actions in this controller

  before() {
    skinnyBeforeActions.foreach(_.apply())
  }

  after() {
    skinnyAfterActions.foreach(_.apply())
  }

}","def beforeFilter(f: => Any): Unit = beforeAction(f)

  /**
   * Registers a function to be called before each action.
   *
   * @param f the function to be called before action
   */
  def beforeAction(f: => Any): Unit = {
    skinnyBeforeActions += (() => f)
  }

  /**
   * Registers a function to be called after each action.
   *
   * @param f the function to be called after action
   */
  def afterAction(f: => Any): Unit = {
    skinnyAfterActions += (() => f)
  }

  /**
   * Executes all beforeAction functions.
   */
  private def executeBeforeActions(): Unit = {
    skinnyBeforeActions.foreach(_())
  }

  /**
   * Executes all afterAction functions.
   */
  private def executeAfterActions(): Unit = {
    skinnyAfterActions.foreach(_())
  }

  /**
   * Executes beforeAction and afterAction functions around the action.
   */
  override def handle(): Any = {
    executeBeforeActions()
    try {
      super.handle()
    } finally {
      executeAfterActions()
    }
  }
}"
qwen,Qwen/Qwen3-30B-A3B-Instruct-2507:nebius,scala,GPL-3.0,framework::src::main::scala::skinny::controller::feature::BeforeAfterActionFeature.scala,96,0.4,0,0.039603960396039604,"   */
  def beforeFilter(only: Seq[Symbol] = Nil, except: Seq[Symbol] = Nil)(action: => Any): Unit = {
    beforeAction(only, except)(action)
  }

  /**
   * Registers beforeAction to this controller.
   *
   * @param only this action should be applied only for these action methods
   * @param except this action should not be applied for these action methods
   * @param action action
   */
  def beforeAction(only: Seq[Symbol] = Nil, except: Seq[Symbol] = Nil)(action: => Any): Unit = {
    skinnyBeforeActions += (
      () => {
        currentActionName.map { name =>
          // current path should not be excluded
          if (!except.exists(_ == name)) {
            // all actions should be included or this action should be included
            if (only.isEmpty || only.exists(_ == name)) {
              action
            }
          }
        } getOrElse ().asInstanceOf[Any]
      })
  }

  /**
   * If you prefer #afterFilter than #afterAction, keep going!
   */
  def afterFilter(only: Seq[Symbol] = Nil, except: Seq[Symbol] = Nil)(action: => Any): Unit = {
    afterAction(only, except)(action)
  }

  /**
   * Registers afterAction to this controller.
   *
   * @param only this action should be applied only for these action methods
   * @param except this action should not be applied for these action methods
   * @param action action
   */
  def afterAction(only: Seq[Symbol] = Nil, except: Seq[Symbol] = Nil)(action: => Any): Unit = {
    skinnyAfterActions += (
      () => {
        currentActionName.map { name =>
          // current path should not be excluded
          if (!except.exists(_ == name)) {
            // all actions should be included or this action should be included
            if (only.isEmpty || only.exists(_ == name)) {
              action
            }
          }
        } getOrElse ().asInstanceOf[Any]
      })
  }

  // executing actions in this controller

  before() {
    skinnyBeforeActions.foreach(_.apply())
  }

  after() {
    skinnyAfterActions.foreach(_.apply())
  }

}","scala
  def beforeFilter(block: => Any): Unit = beforeAction(block)

  /**
   * Registers a function to be called before each action.
   *
   * @param block the function to be called before each action
   */
  def beforeAction(block: => Any): Unit = {
    skinnyBeforeActions += (() => block)
  }

  /**
   * Registers a function to be called after each action.
   *
   * @param block the function to be called after each action
   */
  def afterAction(block: => Any): Unit = {
    skinnyAfterActions += (() => block)
  }

  /**
   * Executes beforeAction functions.
   */
  private[feature] def executeBeforeActions(): Unit = {
    skinnyBeforeActions.foreach(_())
  }

  /**
   * Executes afterAction functions.
   */
  private[feature] def executeAfterActions(): Unit = {
    skinnyAfterActions.foreach(_())
  }
}"
qwen,Qwen/Qwen3-30B-A3B-Instruct-2507:nebius,scala,GPL-3.0,framework::src::main::scala::skinny::controller::feature::BeforeAfterActionFeature.scala,96,0.8,0,0.03773584905660377,"   */
  def beforeFilter(only: Seq[Symbol] = Nil, except: Seq[Symbol] = Nil)(action: => Any): Unit = {
    beforeAction(only, except)(action)
  }

  /**
   * Registers beforeAction to this controller.
   *
   * @param only this action should be applied only for these action methods
   * @param except this action should not be applied for these action methods
   * @param action action
   */
  def beforeAction(only: Seq[Symbol] = Nil, except: Seq[Symbol] = Nil)(action: => Any): Unit = {
    skinnyBeforeActions += (
      () => {
        currentActionName.map { name =>
          // current path should not be excluded
          if (!except.exists(_ == name)) {
            // all actions should be included or this action should be included
            if (only.isEmpty || only.exists(_ == name)) {
              action
            }
          }
        } getOrElse ().asInstanceOf[Any]
      })
  }

  /**
   * If you prefer #afterFilter than #afterAction, keep going!
   */
  def afterFilter(only: Seq[Symbol] = Nil, except: Seq[Symbol] = Nil)(action: => Any): Unit = {
    afterAction(only, except)(action)
  }

  /**
   * Registers afterAction to this controller.
   *
   * @param only this action should be applied only for these action methods
   * @param except this action should not be applied for these action methods
   * @param action action
   */
  def afterAction(only: Seq[Symbol] = Nil, except: Seq[Symbol] = Nil)(action: => Any): Unit = {
    skinnyAfterActions += (
      () => {
        currentActionName.map { name =>
          // current path should not be excluded
          if (!except.exists(_ == name)) {
            // all actions should be included or this action should be included
            if (only.isEmpty || only.exists(_ == name)) {
              action
            }
          }
        } getOrElse ().asInstanceOf[Any]
      })
  }

  // executing actions in this controller

  before() {
    skinnyBeforeActions.foreach(_.apply())
  }

  after() {
    skinnyAfterActions.foreach(_.apply())
  }

}","def beforeAction(action: => Any): Unit = {
    skinnyBeforeActions += (() => action)
  }

  def afterAction(action: => Any): Unit = {
    skinnyAfterActions += (() => action)
  }

  /**
   * Executes all beforeAction functions.
   */
  private def executeBeforeActions(): Unit = {
    skinnyBeforeActions.foreach(_())
  }

  /**
   * Executes all afterAction functions.
   */
  private def executeAfterActions(): Unit = {
    skinnyAfterActions.foreach(_())
  }

  override def invoke(): Any = {
    executeBeforeActions()
    try {
      super.invoke()
    } finally {
      executeAfterActions()
    }
  }"
qwen,Qwen/Qwen3-30B-A3B-Instruct-2507:nebius,scala,GPL-3.0,project::BuildSettings.scala,75,0.2,0,0.045871559633027525,"
  lazy val buildSettings: Seq[Def.Setting[_]] = baseSettings ++ Seq(
    organization := ""com.netflix.edda"",
    scalaVersion := ""2.11.12"",
    scalacOptions ++= BuildSettings.compilerFlags,
    crossPaths := true,
    crossScalaVersions := Seq(""2.11.12""),
    sourcesInBase := false,
    exportJars := true, // Needed for one-jar, with multi-project
    externalResolvers := BuildSettings.resolvers,
    checkLicenseHeaders := License.checkLicenseHeaders(streams.value.log, sourceDirectory.value),
    formatLicenseHeaders := License.formatLicenseHeaders(streams.value.log, sourceDirectory.value),
    storeBintrayCredentials := {
      IO.write(credentialsFile, bintray.BintrayCredentials.api.template(Bintray.user, Bintray.pass))
    }
  )

  val commonDeps: Seq[Nothing] = Seq.empty

  val resolvers = Seq(
    Resolver.mavenLocal,
    Resolver.jcenterRepo,
    ""jfrog"" at ""https://oss.jfrog.org/oss-snapshot-local""
  )

  // Don't create root.jar, from:
  // http://stackoverflow.com/questions/20747296/producing-no-artifact-for-root-project-with-package-under-multi-project-build-in
  lazy val noPackaging = Seq(
    Keys.`package` := file(""""),
    packageBin in Global := file(""""),
    packagedArtifacts := Map()
  )

  def profile: Project => Project = p => {
    bintrayProfile(p)
      .settings(buildSettings: _*)
      .settings(libraryDependencies ++= commonDeps)
  }

  // Disable bintray plugin when not running under CI. Avoids a bunch of warnings like:
  //
  // ```
  // Missing bintray credentials /Users/brharrington/.bintray/.credentials. Some bintray features depend on this.
  // [warn] Credentials file /Users/brharrington/.bintray/.credentials does not exist
  // ```
  def bintrayProfile(p: Project): Project = {
    if (credentialsFile.exists)
      p.settings(Bintray.settings)
    else
      p.disablePlugins(bintray.BintrayPlugin)
  }
}","++ Seq(
      organization := ""com.example"",
      version := ""0.1.0-SNAPSHOT"",
      scalaVersion := ""2.13.10"",
      crossScalaVersions := Seq(""2.12.15"", ""2.13.10""),
      scalacOptions ++= compilerFlags,
      resolvers ++= Seq(
        Resolver.bintrayRepo(""scala"", ""maven""),
        Resolver.typesafeRepo(""releases"")
      ),
      licenses := Seq(""GPL-3.0"" -> url(""https://www.gnu.org/licenses/gpl-3.0.txt"")),
      homepage := Some(url(""https://github.com/example/project"")),
      scmInfo := Some(ScmInfo(
        url(""https://github.com/example/project""),
        ""scm:git:git@github.com:example/project.git"",
        Some(""scm:git:git@github.com:example/project.git"")
      )),
      developers := List(
        Developer(
          id = ""johndoe"",
          name = ""John Doe"",
          email = ""john.doe@example.com"",
          url = url(""https://github.com/johndoe"")
        )
      ),
      checkLicenseHeaders := {
        val"
qwen,Qwen/Qwen3-30B-A3B-Instruct-2507:nebius,scala,GPL-3.0,project::BuildSettings.scala,75,0.4,0,0.043859649122807015,"
  lazy val buildSettings: Seq[Def.Setting[_]] = baseSettings ++ Seq(
    organization := ""com.netflix.edda"",
    scalaVersion := ""2.11.12"",
    scalacOptions ++= BuildSettings.compilerFlags,
    crossPaths := true,
    crossScalaVersions := Seq(""2.11.12""),
    sourcesInBase := false,
    exportJars := true, // Needed for one-jar, with multi-project
    externalResolvers := BuildSettings.resolvers,
    checkLicenseHeaders := License.checkLicenseHeaders(streams.value.log, sourceDirectory.value),
    formatLicenseHeaders := License.formatLicenseHeaders(streams.value.log, sourceDirectory.value),
    storeBintrayCredentials := {
      IO.write(credentialsFile, bintray.BintrayCredentials.api.template(Bintray.user, Bintray.pass))
    }
  )

  val commonDeps: Seq[Nothing] = Seq.empty

  val resolvers = Seq(
    Resolver.mavenLocal,
    Resolver.jcenterRepo,
    ""jfrog"" at ""https://oss.jfrog.org/oss-snapshot-local""
  )

  // Don't create root.jar, from:
  // http://stackoverflow.com/questions/20747296/producing-no-artifact-for-root-project-with-package-under-multi-project-build-in
  lazy val noPackaging = Seq(
    Keys.`package` := file(""""),
    packageBin in Global := file(""""),
    packagedArtifacts := Map()
  )

  def profile: Project => Project = p => {
    bintrayProfile(p)
      .settings(buildSettings: _*)
      .settings(libraryDependencies ++= commonDeps)
  }

  // Disable bintray plugin when not running under CI. Avoids a bunch of warnings like:
  //
  // ```
  // Missing bintray credentials /Users/brharrington/.bintray/.credentials. Some bintray features depend on this.
  // [warn] Credentials file /Users/brharrington/.bintray/.credentials does not exist
  // ```
  def bintrayProfile(p: Project): Project = {
    if (credentialsFile.exists)
      p.settings(Bintray.settings)
    else
      p.disablePlugins(bintray.BintrayPlugin)
  }
}","++ Seq(
      organization := ""com.example"",
      version := ""0.1.0-SNAPSHOT"",
      scalaVersion := ""2.13.10"",
      crossScalaVersions := Seq(""2.12.15"", ""2.13.10""),
      scalacOptions ++= compilerFlags,
      resolvers ++= Seq(
        Resolver.sonatypeRepo(""releases""),
        Resolver.sonatypeRepo(""snapshots"")
      ),
      licenses := Seq(""GPL-3.0"" -> url(""https://www.gnu.org/licenses/gpl-3.0.txt"")),
      homepage := Some(url(""https://github.com/example/project"")),
      scmInfo := Some(ScmInfo(
        url(""https://github.com/example/project""),
        ""scm:git:git@github.com:example/project.git""
      )),
      developers := List(
        Developer(
          id = ""johndoe"",
          name = ""John Doe"",
          email = ""john.doe@example.com"",
          url = url(""https://github.com/johndoe"")
        )
      ),
      checkLicenseHeaders := {
        val log = streams.value.log
        val sourceFiles = (Compile / sourceDirectories).value.flatMap(_.all"
qwen,Qwen/Qwen3-30B-A3B-Instruct-2507:nebius,scala,GPL-3.0,project::BuildSettings.scala,75,0.8,0,0.04672897196261682,"
  lazy val buildSettings: Seq[Def.Setting[_]] = baseSettings ++ Seq(
    organization := ""com.netflix.edda"",
    scalaVersion := ""2.11.12"",
    scalacOptions ++= BuildSettings.compilerFlags,
    crossPaths := true,
    crossScalaVersions := Seq(""2.11.12""),
    sourcesInBase := false,
    exportJars := true, // Needed for one-jar, with multi-project
    externalResolvers := BuildSettings.resolvers,
    checkLicenseHeaders := License.checkLicenseHeaders(streams.value.log, sourceDirectory.value),
    formatLicenseHeaders := License.formatLicenseHeaders(streams.value.log, sourceDirectory.value),
    storeBintrayCredentials := {
      IO.write(credentialsFile, bintray.BintrayCredentials.api.template(Bintray.user, Bintray.pass))
    }
  )

  val commonDeps: Seq[Nothing] = Seq.empty

  val resolvers = Seq(
    Resolver.mavenLocal,
    Resolver.jcenterRepo,
    ""jfrog"" at ""https://oss.jfrog.org/oss-snapshot-local""
  )

  // Don't create root.jar, from:
  // http://stackoverflow.com/questions/20747296/producing-no-artifact-for-root-project-with-package-under-multi-project-build-in
  lazy val noPackaging = Seq(
    Keys.`package` := file(""""),
    packageBin in Global := file(""""),
    packagedArtifacts := Map()
  )

  def profile: Project => Project = p => {
    bintrayProfile(p)
      .settings(buildSettings: _*)
      .settings(libraryDependencies ++= commonDeps)
  }

  // Disable bintray plugin when not running under CI. Avoids a bunch of warnings like:
  //
  // ```
  // Missing bintray credentials /Users/brharrington/.bintray/.credentials. Some bintray features depend on this.
  // [warn] Credentials file /Users/brharrington/.bintray/.credentials does not exist
  // ```
  def bintrayProfile(p: Project): Project = {
    if (credentialsFile.exists)
      p.settings(Bintray.settings)
    else
      p.disablePlugins(bintray.BintrayPlugin)
  }
}","++ Seq(
      organization := ""com.example"",
      version := ""0.1.0-SNAPSHOT"",
      scalaVersion := ""2.13.10"",
      scalacOptions ++= compilerFlags,
      resolvers ++= Seq(
        Resolver.sonatypeOssReleases,
        Resolver.typesafeIvyRepo(""releases"")
      ),
      credentials += Credentials(
        credentialsFile
      ),
      checkLicenseHeaders := {
        val sourceFiles = (unmanagedSources in Compile).value
        val licenseHeader = """"""|/*
                                | * Copyright (c) 2023 Example Corp.
                                | * All rights reserved.
                                | *
                                | * This source code is licensed under the GPL-3.0 license.
                                | *
                                | * SPDX-License-Identifier: GPL-3.0-only
                                | */
                                |"""""".stripMargin
        val missingHeaders = sourceFiles.filter { file =>
          val content = IO.read(file)
          !content.startsWith(licenseHeader)
        }
        if (missingHeaders.nonEmpty) {
          throw new MessageOnlyException(s""Missing license header in ${missingHeaders.mkString("", "")}"")
        }
      },
      formatLicenseHeaders := {
        val sourceFiles ="
qwen,Qwen/Qwen3-30B-A3B-Instruct-2507:nebius,scala,GPL-3.0,src::main::scala::ocelot::Receiver.scala,127,0.2,0,0.018518518518518517,"  
  def apply(handler: (Event)=> Unit): Receiver =
    (e: Event) => handler(e)
}


trait ReceiverImpl
  extends Receiver
    with LazyLogging
{ this: Protocol =>
  protected[this] def dispatcher: Dispatcher
  
  /**
    * delivers a given event (message or signal)
    */
  final def deliver(e: Event): Unit = (_recvHooks orElse fallbackRecv)(e)

  /**
    * adds a set of rules to be evaluated each time an event is received.
    * Rules are evaluated according to the order they have been added.
    *
    * @param pf rules to apply when receiving an event.
    */
  protected[this] def onReceive[E<:Event](pf: PartialFunction[E,Unit])(implicit tag: ClassTag[E]): Unit =
  {
    listenTo[E]
    _recvHooks = _recvHooks orElse pf.asInstanceOf[PartialFunction[Event,Unit]]
  }
  
  protected[this] def listenTo[E <: Event](implicit tag: ClassTag[E]) =
  {
    logger.trace(s""protocol $name: listenTo $tag"")
    dispatcher.registerFor(tag, this)
  }
  
  /**
    * returns a fallback handler called if no onReceive clause was able to catch the event.
    * This method does nothing by default and is meant to be overriden.
    *
    * @return the fallback handler
    */
  protected[this] def fallbackRecv: PartialFunction[Event, Unit] = PartialFunction.empty

  protected[this] def onInit(action: =>Unit): Unit =
  {
    _initHooks = _initHooks :+ ( (_:Unit) => action )
  }
  
  def preStart(): Unit = {
    _initHooks.foreach(hook => hook(Unit))
  }
  
  private var _recvHooks = PartialFunction.empty[Event,Unit]
  private var _initHooks: Seq[Unit=>Unit] = Seq.empty
}

import scala.language.reflectiveCalls


trait SenderProtocolOps
{ this: {
    def dispatcher: Dispatcher
  } =>
  
  def neighbors: Set[PID]
  
  protected[this] def DELIVER(ev: Event) = dispatcher.deliver(ev)
}

trait SendingProtocolOps
{ this: {
    def sender: Sender
    def me : PID
  } =>
  protected[this] def SEND(ev: Event) = sender.send(ev)
  
  protected[this] def ALL: Set[PID] = NEIGHBORS + me
  
  protected[this] def NEIGHBORS: Set[PID] = sender.neighbors
  
  protected[this] def N: Int = NEIGHBORS.size
}

trait ActiveProtocolOps
{ this: {
    def process: OcelotProcess
  } =>
  
}","def apply(handler: (Event) => Unit) = new Receiver {
    def deliver(e: Event) = handler(e)
  }
}"
qwen,Qwen/Qwen3-30B-A3B-Instruct-2507:nebius,scala,GPL-3.0,src::main::scala::ocelot::Receiver.scala,127,0.4,0,0.018518518518518517,"  
  def apply(handler: (Event)=> Unit): Receiver =
    (e: Event) => handler(e)
}


trait ReceiverImpl
  extends Receiver
    with LazyLogging
{ this: Protocol =>
  protected[this] def dispatcher: Dispatcher
  
  /**
    * delivers a given event (message or signal)
    */
  final def deliver(e: Event): Unit = (_recvHooks orElse fallbackRecv)(e)

  /**
    * adds a set of rules to be evaluated each time an event is received.
    * Rules are evaluated according to the order they have been added.
    *
    * @param pf rules to apply when receiving an event.
    */
  protected[this] def onReceive[E<:Event](pf: PartialFunction[E,Unit])(implicit tag: ClassTag[E]): Unit =
  {
    listenTo[E]
    _recvHooks = _recvHooks orElse pf.asInstanceOf[PartialFunction[Event,Unit]]
  }
  
  protected[this] def listenTo[E <: Event](implicit tag: ClassTag[E]) =
  {
    logger.trace(s""protocol $name: listenTo $tag"")
    dispatcher.registerFor(tag, this)
  }
  
  /**
    * returns a fallback handler called if no onReceive clause was able to catch the event.
    * This method does nothing by default and is meant to be overriden.
    *
    * @return the fallback handler
    */
  protected[this] def fallbackRecv: PartialFunction[Event, Unit] = PartialFunction.empty

  protected[this] def onInit(action: =>Unit): Unit =
  {
    _initHooks = _initHooks :+ ( (_:Unit) => action )
  }
  
  def preStart(): Unit = {
    _initHooks.foreach(hook => hook(Unit))
  }
  
  private var _recvHooks = PartialFunction.empty[Event,Unit]
  private var _initHooks: Seq[Unit=>Unit] = Seq.empty
}

import scala.language.reflectiveCalls


trait SenderProtocolOps
{ this: {
    def dispatcher: Dispatcher
  } =>
  
  def neighbors: Set[PID]
  
  protected[this] def DELIVER(ev: Event) = dispatcher.deliver(ev)
}

trait SendingProtocolOps
{ this: {
    def sender: Sender
    def me : PID
  } =>
  protected[this] def SEND(ev: Event) = sender.send(ev)
  
  protected[this] def ALL: Set[PID] = NEIGHBORS + me
  
  protected[this] def NEIGHBORS: Set[PID] = sender.neighbors
  
  protected[this] def N: Int = NEIGHBORS.size
}

trait ActiveProtocolOps
{ this: {
    def process: OcelotProcess
  } =>
  
}","def apply(handler: (Event) => Unit) = new Receiver {
    def deliver(e: Event) = handler(e)
  }
}"
qwen,Qwen/Qwen3-30B-A3B-Instruct-2507:nebius,scala,GPL-3.0,src::main::scala::ocelot::Receiver.scala,127,0.8,0,0.011695906432748537,"  
  def apply(handler: (Event)=> Unit): Receiver =
    (e: Event) => handler(e)
}


trait ReceiverImpl
  extends Receiver
    with LazyLogging
{ this: Protocol =>
  protected[this] def dispatcher: Dispatcher
  
  /**
    * delivers a given event (message or signal)
    */
  final def deliver(e: Event): Unit = (_recvHooks orElse fallbackRecv)(e)

  /**
    * adds a set of rules to be evaluated each time an event is received.
    * Rules are evaluated according to the order they have been added.
    *
    * @param pf rules to apply when receiving an event.
    */
  protected[this] def onReceive[E<:Event](pf: PartialFunction[E,Unit])(implicit tag: ClassTag[E]): Unit =
  {
    listenTo[E]
    _recvHooks = _recvHooks orElse pf.asInstanceOf[PartialFunction[Event,Unit]]
  }
  
  protected[this] def listenTo[E <: Event](implicit tag: ClassTag[E]) =
  {
    logger.trace(s""protocol $name: listenTo $tag"")
    dispatcher.registerFor(tag, this)
  }
  
  /**
    * returns a fallback handler called if no onReceive clause was able to catch the event.
    * This method does nothing by default and is meant to be overriden.
    *
    * @return the fallback handler
    */
  protected[this] def fallbackRecv: PartialFunction[Event, Unit] = PartialFunction.empty

  protected[this] def onInit(action: =>Unit): Unit =
  {
    _initHooks = _initHooks :+ ( (_:Unit) => action )
  }
  
  def preStart(): Unit = {
    _initHooks.foreach(hook => hook(Unit))
  }
  
  private var _recvHooks = PartialFunction.empty[Event,Unit]
  private var _initHooks: Seq[Unit=>Unit] = Seq.empty
}

import scala.language.reflectiveCalls


trait SenderProtocolOps
{ this: {
    def dispatcher: Dispatcher
  } =>
  
  def neighbors: Set[PID]
  
  protected[this] def DELIVER(ev: Event) = dispatcher.deliver(ev)
}

trait SendingProtocolOps
{ this: {
    def sender: Sender
    def me : PID
  } =>
  protected[this] def SEND(ev: Event) = sender.send(ev)
  
  protected[this] def ALL: Set[PID] = NEIGHBORS + me
  
  protected[this] def NEIGHBORS: Set[PID] = sender.neighbors
  
  protected[this] def N: Int = NEIGHBORS.size
}

trait ActiveProtocolOps
{ this: {
    def process: OcelotProcess
  } =>
  
}","def apply (handler: (Event)=> Unit) = new Receiver {
    def deliver(e: Event) = handler(e)
  }

  def from[Message: ClassTag](f: Message => Unit) = this((e: Event) => e match {
    case m: Message => f(m)
    case _ => ()
  })

  def from[Signal: ClassTag](f: Signal => Unit) = this((e: Event) => e match {
    case s: Signal => f(s)
    case _ => ()
  })

  def from[Message: ClassTag, Signal: ClassTag](f: (Message, Signal) => Unit) = this((e: Event) => e match {
    case m: Message => f(m, Message)
    case s: Signal => f(s, Signal)
    case _ => ()
  })

  def from[Message: ClassTag, Signal: ClassTag](f: (Message, Signal) => Unit, scheduler: Scheduler) = this((e: Event) => e match {
    case m: Message => scheduler.execute(() => f(m, Message))
    case s: Signal => scheduler.execute(() => f(s, Signal))
    case _ => ()
  })

  def from["
qwen,Qwen/Qwen3-30B-A3B-Instruct-2507:nebius,scala,GPL-3.0,src::main::scala::pme::connect4::gui::GameBoard.scala,173,0.2,0,0.0,"      (spotView.getSpot.col, spotView.getSpot.row) -> spotView
    }).toMap
  }

  protected def createSpot(col: Int, row: Int): TS

  def addMouseListener(col: Int, chipView: ChipView):Unit =
    chipView.onMouseClicked = (me: MouseEvent) => handleChipSelected(col, chipView)


  protected def handleChipSelected(col: Int, chip: ChipView) = {
    fourConnect.dropChip(col, activeChip)
    if (!fourConnect.hasEmptySlot(col)) chip.setVisible(false)
      dropChipView(col)
  }

  def dropChipView(col: Int): Unit = {
    val newChip = createChip(col)
    addNewChipView(newChip)
    val spot: Spot = fourConnect.findFirstTakenSpot(col).get
    val spotView = gameSpots(spot.col, spot.row)
    val distance =dropHeight(spotView)
    val transition = new TranslateTransition {
      duration = Duration(Math.abs(distance))
      node = newChip
      byY = distance
    }
    transition.play()
    verifyTurn()
    switchPlayer()
    runNextTurn()
  }
  protected def addNewChipView(newChip: TC)

  protected def dropHeight(spotView: TS): Double

  def verifyTurn() = {
    if (!gameStartedSubject.gameStarted) startGame()
    val winners = fourConnect.winningSpots(activeChip)

    for {
      (spot,spotView) <- gameSpots
      winner <- winners
      spot <- winner
      if spot.col == spotView.getSpot.col && spot.row == spotView.getSpot.row
    } {
      if (gameStartedSubject.gameStarted) finishGame()
      spotView.blink()
    }
  }

  def switchPlayer(): Unit = {
    activeChip = activeChip.other
    if (chipsToPlay != null) for (chip <- chipsToPlay) changeMaterial(chip)
  }

  def startGame() = {
    gameStartedSubject.startGame()
    gameWinnerSubject.startGame()
    if (playAloneMode) myChip = activeChip.other
  }


  protected def calcMyTurn() = {
    val col = Combinations.evalBestMove(fourConnect.game, myChip)
    fourConnect.dropChip(col, myChip)
    dropChipView(col)
    println(""My turn: "" + col)
  }
  def runNextTurn() = {
    if (!gameWinnerSubject.isFinish && playAloneMode
      && (myChip == activeChip)) calcMyTurn()

  }
  protected def changeMaterial(chip: TC)

  def finishGame() = {
    chipsToPlay.foreach(chipView => chipView.visible = false)
    gameStartedSubject.finishGame()
    gameWinnerSubject.finishGame(activeChip)
  }


  def playAlone(playAlone: Boolean) = {
    playAloneMode = playAlone
  }

  def addGameStartedObserver(observer: Observer[GameStartedSubject]) = gameStartedSubject.addObserver(observer)

  def addGameWinnerObserver(observer: Observer[GameWinnerSubject]) = gameWinnerSubject.addObserver(observer)

}
class GameStartedSubject extends Subject[GameStartedSubject] {
  var gameStarted = false

  protected[gui] def startGame() = {
    gameStarted = true
    notifyObservers()
  }

  protected[gui] def finishGame() = {
    gameStarted = false
    notifyObservers()
  }

}

class GameWinnerSubject extends Subject[GameWinnerSubject] {
  var gameWinner: Chip = SpaceChip

  protected[gui] def isFinish = gameWinner != SpaceChip

  protected[gui] def startGame() = {
    gameWinner = SpaceChip
  }

  protected[gui] def finishGame(winner: Chip) = {
    gameWinner = winner
    notifyObservers()
  }

}","addMouseEnterExitListener(col, row, spotView)
      ((col, row), spotView)
    }).toMap"
qwen,Qwen/Qwen3-30B-A3B-Instruct-2507:nebius,scala,GPL-3.0,src::main::scala::pme::connect4::gui::GameBoard.scala,173,0.4,0,0.0,"      (spotView.getSpot.col, spotView.getSpot.row) -> spotView
    }).toMap
  }

  protected def createSpot(col: Int, row: Int): TS

  def addMouseListener(col: Int, chipView: ChipView):Unit =
    chipView.onMouseClicked = (me: MouseEvent) => handleChipSelected(col, chipView)


  protected def handleChipSelected(col: Int, chip: ChipView) = {
    fourConnect.dropChip(col, activeChip)
    if (!fourConnect.hasEmptySlot(col)) chip.setVisible(false)
      dropChipView(col)
  }

  def dropChipView(col: Int): Unit = {
    val newChip = createChip(col)
    addNewChipView(newChip)
    val spot: Spot = fourConnect.findFirstTakenSpot(col).get
    val spotView = gameSpots(spot.col, spot.row)
    val distance =dropHeight(spotView)
    val transition = new TranslateTransition {
      duration = Duration(Math.abs(distance))
      node = newChip
      byY = distance
    }
    transition.play()
    verifyTurn()
    switchPlayer()
    runNextTurn()
  }
  protected def addNewChipView(newChip: TC)

  protected def dropHeight(spotView: TS): Double

  def verifyTurn() = {
    if (!gameStartedSubject.gameStarted) startGame()
    val winners = fourConnect.winningSpots(activeChip)

    for {
      (spot,spotView) <- gameSpots
      winner <- winners
      spot <- winner
      if spot.col == spotView.getSpot.col && spot.row == spotView.getSpot.row
    } {
      if (gameStartedSubject.gameStarted) finishGame()
      spotView.blink()
    }
  }

  def switchPlayer(): Unit = {
    activeChip = activeChip.other
    if (chipsToPlay != null) for (chip <- chipsToPlay) changeMaterial(chip)
  }

  def startGame() = {
    gameStartedSubject.startGame()
    gameWinnerSubject.startGame()
    if (playAloneMode) myChip = activeChip.other
  }


  protected def calcMyTurn() = {
    val col = Combinations.evalBestMove(fourConnect.game, myChip)
    fourConnect.dropChip(col, myChip)
    dropChipView(col)
    println(""My turn: "" + col)
  }
  def runNextTurn() = {
    if (!gameWinnerSubject.isFinish && playAloneMode
      && (myChip == activeChip)) calcMyTurn()

  }
  protected def changeMaterial(chip: TC)

  def finishGame() = {
    chipsToPlay.foreach(chipView => chipView.visible = false)
    gameStartedSubject.finishGame()
    gameWinnerSubject.finishGame(activeChip)
  }


  def playAlone(playAlone: Boolean) = {
    playAloneMode = playAlone
  }

  def addGameStartedObserver(observer: Observer[GameStartedSubject]) = gameStartedSubject.addObserver(observer)

  def addGameWinnerObserver(observer: Observer[GameWinnerSubject]) = gameWinnerSubject.addObserver(observer)

}
class GameStartedSubject extends Subject[GameStartedSubject] {
  var gameStarted = false

  protected[gui] def startGame() = {
    gameStarted = true
    notifyObservers()
  }

  protected[gui] def finishGame() = {
    gameStarted = false
    notifyObservers()
  }

}

class GameWinnerSubject extends Subject[GameWinnerSubject] {
  var gameWinner: Chip = SpaceChip

  protected[gui] def isFinish = gameWinner != SpaceChip

  protected[gui] def startGame() = {
    gameWinner = SpaceChip
  }

  protected[gui] def finishGame(winner: Chip) = {
    gameWinner = winner
    notifyObservers()
  }

}","addSpotListener(col, row, spotView)
      ((col, row), spotView)
    }).toMap"
qwen,Qwen/Qwen3-30B-A3B-Instruct-2507:nebius,scala,GPL-3.0,src::main::scala::pme::connect4::gui::GameBoard.scala,173,0.8,0,0.0,"      (spotView.getSpot.col, spotView.getSpot.row) -> spotView
    }).toMap
  }

  protected def createSpot(col: Int, row: Int): TS

  def addMouseListener(col: Int, chipView: ChipView):Unit =
    chipView.onMouseClicked = (me: MouseEvent) => handleChipSelected(col, chipView)


  protected def handleChipSelected(col: Int, chip: ChipView) = {
    fourConnect.dropChip(col, activeChip)
    if (!fourConnect.hasEmptySlot(col)) chip.setVisible(false)
      dropChipView(col)
  }

  def dropChipView(col: Int): Unit = {
    val newChip = createChip(col)
    addNewChipView(newChip)
    val spot: Spot = fourConnect.findFirstTakenSpot(col).get
    val spotView = gameSpots(spot.col, spot.row)
    val distance =dropHeight(spotView)
    val transition = new TranslateTransition {
      duration = Duration(Math.abs(distance))
      node = newChip
      byY = distance
    }
    transition.play()
    verifyTurn()
    switchPlayer()
    runNextTurn()
  }
  protected def addNewChipView(newChip: TC)

  protected def dropHeight(spotView: TS): Double

  def verifyTurn() = {
    if (!gameStartedSubject.gameStarted) startGame()
    val winners = fourConnect.winningSpots(activeChip)

    for {
      (spot,spotView) <- gameSpots
      winner <- winners
      spot <- winner
      if spot.col == spotView.getSpot.col && spot.row == spotView.getSpot.row
    } {
      if (gameStartedSubject.gameStarted) finishGame()
      spotView.blink()
    }
  }

  def switchPlayer(): Unit = {
    activeChip = activeChip.other
    if (chipsToPlay != null) for (chip <- chipsToPlay) changeMaterial(chip)
  }

  def startGame() = {
    gameStartedSubject.startGame()
    gameWinnerSubject.startGame()
    if (playAloneMode) myChip = activeChip.other
  }


  protected def calcMyTurn() = {
    val col = Combinations.evalBestMove(fourConnect.game, myChip)
    fourConnect.dropChip(col, myChip)
    dropChipView(col)
    println(""My turn: "" + col)
  }
  def runNextTurn() = {
    if (!gameWinnerSubject.isFinish && playAloneMode
      && (myChip == activeChip)) calcMyTurn()

  }
  protected def changeMaterial(chip: TC)

  def finishGame() = {
    chipsToPlay.foreach(chipView => chipView.visible = false)
    gameStartedSubject.finishGame()
    gameWinnerSubject.finishGame(activeChip)
  }


  def playAlone(playAlone: Boolean) = {
    playAloneMode = playAlone
  }

  def addGameStartedObserver(observer: Observer[GameStartedSubject]) = gameStartedSubject.addObserver(observer)

  def addGameWinnerObserver(observer: Observer[GameWinnerSubject]) = gameWinnerSubject.addObserver(observer)

}
class GameStartedSubject extends Subject[GameStartedSubject] {
  var gameStarted = false

  protected[gui] def startGame() = {
    gameStarted = true
    notifyObservers()
  }

  protected[gui] def finishGame() = {
    gameStarted = false
    notifyObservers()
  }

}

class GameWinnerSubject extends Subject[GameWinnerSubject] {
  var gameWinner: Chip = SpaceChip

  protected[gui] def isFinish = gameWinner != SpaceChip

  protected[gui] def startGame() = {
    gameWinner = SpaceChip
  }

  protected[gui] def finishGame(winner: Chip) = {
    gameWinner = winner
    notifyObservers()
  }

}","addMouseHoverListener(col, row, spotView)
      (col, row) -> spotView
    }).toMap"
qwen,Qwen/Qwen3-30B-A3B-Instruct-2507:nebius,scala,GPL-3.0,external::hadoopfs::src::main::scala::org::apache::gearpump::streaming::hadoop::lib::HadoopCheckpointStoreReader.scala,73,0.2,0,0.08256880733944955,"
import org.apache.hadoop.conf.Configuration
import org.apache.hadoop.fs.Path

import org.apache.gearpump.Time.MilliSeconds

class HadoopCheckpointStoreReader(
    path: Path,
    hadoopConfig: Configuration)
  extends Iterator[(MilliSeconds, Array[Byte])] {

  private val stream = HadoopUtil.getInputStream(path, hadoopConfig)
  private var nextTimeStamp: Option[MilliSeconds] = None
  private var nextData: Option[Array[Byte]] = None

  override def hasNext: Boolean = {
    if (nextTimeStamp.isDefined) {
      true
    } else {
      try {
        nextTimeStamp = Some(stream.readLong())
        val length = stream.readInt()
        val buffer = new Array[Byte](length)
        stream.readFully(buffer)
        nextData = Some(buffer)
        true
      } catch {
        case e: EOFException =>
          close()
          false
        case e: Exception =>
          close()
          throw e
      }
    }
  }

  override def next(): (MilliSeconds, Array[Byte]) = {
    val timeAndData = for {
      time <- nextTimeStamp
      data <- nextData
    } yield (time, data)
    nextTimeStamp = None
    nextData = None
    timeAndData.get
  }

  def close(): Unit = {
    stream.close()
  }
}","scala
import java.util.concurrent.atomic.AtomicBoolean

import org.apache.gearpump.streaming.task.TaskContext
import org.apache.gearpump.util.{Constants, LogUtil}
import org.apache.hadoop.conf.Configuration
import org.apache.hadoop.fs.{FileSystem, Path}

class HadoopCheckpointStoreReader(
    val hadoopConf: Configuration,
    val checkpointPath: String,
    val taskContext: TaskContext) {

  private val LOG = LogUtil.getLogger(getClass)

  private val isClosed = new AtomicBoolean(false)

  private var fileSystem: FileSystem = _

  private var currentPath: Path = _

  private var currentFile: java.io.InputStream = _

  private var currentOffset: Long = _

  private var currentLength: Long = _

  private var isEndOfStream: Boolean = _

  def open(): Unit = {
    if (isClosed.get()) {
      throw new IllegalStateException(""Reader is already closed"")
    }

    try {
      fileSystem = FileSystem.get(new java.net.URI(checkpointPath), hadoopConf)
      currentPath = new Path(checkpointPath)
      currentFile = fileSystem.open(currentPath)
      currentOffset = 0
      currentLength = fileSystem.getFileStatus(currentPath).getLen
      isEnd"
qwen,Qwen/Qwen3-30B-A3B-Instruct-2507:nebius,scala,GPL-3.0,external::hadoopfs::src::main::scala::org::apache::gearpump::streaming::hadoop::lib::HadoopCheckpointStoreReader.scala,73,0.4,0,0.04424778761061947,"
import org.apache.hadoop.conf.Configuration
import org.apache.hadoop.fs.Path

import org.apache.gearpump.Time.MilliSeconds

class HadoopCheckpointStoreReader(
    path: Path,
    hadoopConfig: Configuration)
  extends Iterator[(MilliSeconds, Array[Byte])] {

  private val stream = HadoopUtil.getInputStream(path, hadoopConfig)
  private var nextTimeStamp: Option[MilliSeconds] = None
  private var nextData: Option[Array[Byte]] = None

  override def hasNext: Boolean = {
    if (nextTimeStamp.isDefined) {
      true
    } else {
      try {
        nextTimeStamp = Some(stream.readLong())
        val length = stream.readInt()
        val buffer = new Array[Byte](length)
        stream.readFully(buffer)
        nextData = Some(buffer)
        true
      } catch {
        case e: EOFException =>
          close()
          false
        case e: Exception =>
          close()
          throw e
      }
    }
  }

  override def next(): (MilliSeconds, Array[Byte]) = {
    val timeAndData = for {
      time <- nextTimeStamp
      data <- nextData
    } yield (time, data)
    nextTimeStamp = None
    nextData = None
    timeAndData.get
  }

  def close(): Unit = {
    stream.close()
  }
}","scala
import java.util.concurrent.atomic.AtomicBoolean

import org.apache.gearpump.streaming.Checkpoint
import org.apache.gearpump.streaming.hadoop.lib.HadoopCheckpointStoreReader.{CheckpointInfo, CheckpointMetadata}
import org.apache.hadoop.fs.{FileSystem, Path}

class HadoopCheckpointStoreReader(fs: FileSystem, checkpointPath: Path) {

  private val initialized = new AtomicBoolean(false)
  private var checkpointMetadata: Option[CheckpointMetadata] = None

  def initialize(): Unit = {
    if (initialized.getAndSet(true)) {
      return
    }

    val metadataPath = new Path(checkpointPath, ""metadata"")
    if (!fs.exists(metadataPath)) {
      throw new IllegalStateException(s""Checkpoint metadata not found at $metadataPath"")
    }

    val metadata = readMetadata(fs, metadataPath)
    checkpointMetadata = Some(metadata)
  }

  def getCheckpoint(checkpointId: Long): Option[Checkpoint] = {
    initialize()

    checkpointMetadata match {
      case Some(metadata) =>
        val checkpointPath = new Path(checkpointPath, s""checkpoint-$checkpointId"")
        if (fs.exists(checkpointPath)) {
          Some(readCheckpoint(fs, checkpointPath))
        } else {
          None
        }
      case"
qwen,Qwen/Qwen3-30B-A3B-Instruct-2507:nebius,scala,GPL-3.0,external::hadoopfs::src::main::scala::org::apache::gearpump::streaming::hadoop::lib::HadoopCheckpointStoreReader.scala,73,0.8,0,0.058823529411764705,"
import org.apache.hadoop.conf.Configuration
import org.apache.hadoop.fs.Path

import org.apache.gearpump.Time.MilliSeconds

class HadoopCheckpointStoreReader(
    path: Path,
    hadoopConfig: Configuration)
  extends Iterator[(MilliSeconds, Array[Byte])] {

  private val stream = HadoopUtil.getInputStream(path, hadoopConfig)
  private var nextTimeStamp: Option[MilliSeconds] = None
  private var nextData: Option[Array[Byte]] = None

  override def hasNext: Boolean = {
    if (nextTimeStamp.isDefined) {
      true
    } else {
      try {
        nextTimeStamp = Some(stream.readLong())
        val length = stream.readInt()
        val buffer = new Array[Byte](length)
        stream.readFully(buffer)
        nextData = Some(buffer)
        true
      } catch {
        case e: EOFException =>
          close()
          false
        case e: Exception =>
          close()
          throw e
      }
    }
  }

  override def next(): (MilliSeconds, Array[Byte]) = {
    val timeAndData = for {
      time <- nextTimeStamp
      data <- nextData
    } yield (time, data)
    nextTimeStamp = None
    nextData = None
    timeAndData.get
  }

  def close(): Unit = {
    stream.close()
  }
}","scala
import org.apache.hadoop.fs.{FileSystem, Path}
import org.apache.gearpump.streaming.StateStore
import org.apache.gearpump.streaming.hdfs.HdfsUtils

class HadoopCheckpointStoreReader(
    val hadoopConf: org.apache.hadoop.conf.Configuration,
    val checkpointPath: String) extends Serializable {

  private val fs: FileSystem = HdfsUtils.getFileSystem(hadoopConf, checkpointPath)

  def readCheckpoint(): Option[StateStore] = {
    val checkpointFile = new Path(checkpointPath)
    if (!fs.exists(checkpointFile)) {
      None
    } else {
      try {
        val inputStream = fs.open(checkpointFile)
        val stateStore = StateStore.deserialize(inputStream)
        inputStream.close()
        Some(stateStore)
      } catch {
        case _: EOFException =>
          // If the checkpoint file is empty, treat it as no checkpoint
          None
        case _: Exception =>
          // Any other exception indicates a corrupted or unreadable checkpoint
          None
      }
    }
  }

  def close(): Unit = {
    if (fs != null) {
      fs.close()
    }
  }
}"
qwen,Qwen/Qwen3-30B-A3B-Instruct-2507:nebius,scala,GPL-3.0,jubatusonyarn::jubatus-on-yarn-container::src::main::scala::us::jubat::yarn::container::ContainerApp.scala,117,0.2,0,0.0,"
        logger.info(""started container controller."")
        logger.info(""starting jetty server."")

        // REST Server 起動
        val tServlet = new ContainerServlet
        val tJettyServer = new JettyServer(""/v1"", tServlet)
        tJettyServer.start()

        logger.info(s""started jetty server.(port=${tJettyServer.getPort}"")

        // Controller 起動
        val tController = new ContainerController(
          tParams.applicationName,
          tParams.seq,
          new Location(tParams.applicationMasterNodeAddress, tParams.applicationMasterPort),
          new Location(tParams.containerNodeAddress, tJettyServer.getPort),
          new JubatusConfig(
            aLearningMachineType = tParams.learningMachineType,
            aName = tParams.learningMachineName,
            aLocation = new Location(tParams.containerNodeAddress, tParams.jubatusServerPort),
            aTimeoutSec = 10,
            aProcessId = tParams.jubatusServerProcessId))


        tServlet.setController(tController)

        // 終了状態になるまで待機
        while (!tController.isFinished) {
          Thread.sleep(100)
        }

        logger.info(""stopping jetty server."")

        // REST Server 停止
        tJettyServer.stop()

        logger.info(""stopped jetty server."")

      case Left(e) =>
        logger.error(s""parse parameters error. "", e)
        tParser.printSingleLineUsage(System.out)
    }

    System.exit(0)
  } catch {
    case e: Throwable =>
      logger.error(""unknown error happen."", e)
      System.exit(1)
  }

}


class ContainerParams {
  @org.kohsuke.args4j.Option(name = ""--application-name"")
  var applicationName: String = """"

  @org.kohsuke.args4j.Option(name = ""--seq"")
  var seq: Int = 0

  @org.kohsuke.args4j.Option(name = ""--application-master-address"")
  var applicationMasterNodeAddress: String = """"

  @org.kohsuke.args4j.Option(name = ""--application-master-port"")
  var applicationMasterPort: Int = 0

  @org.kohsuke.args4j.Option(name = ""--container-node-address"")
  var containerNodeAddress: String = """"

  @org.kohsuke.args4j.Option(name = ""--jubatus-server-port"")
  var jubatusServerPort: Int = 0

  @org.kohsuke.args4j.Option(name = ""--jubatus-server-process-id"")
  var jubatusServerProcessId: Int = 0

  @org.kohsuke.args4j.Option(name = ""--learning-machine-name"")
  var learningMachineName: String = """"

  @org.kohsuke.args4j.Option(name = ""--learning-machine-type"")
  var learningMachineType: String = """"
}","val containerId = tParams.containerId
        val applicationId = tParams.applicationId
        val host = InetAddress.getLocalHost.getHostName
        val port = tParams.containerPort
        val location = Location(host, port)
        val config = JubatusConfig.fromMap(tParams.configMap.asScala.toMap)

        val server = new JettyServer(location, config)
        server.start()

        logger.info(s""container started successfully. (containerId=$containerId, applicationId=$applicationId, location=$location)"")

        // Wait for the server to be stopped
        server.join()

        logger.info(""container stopped."")
      case Left(e) =>
        logger.error(""Failed to parse command line arguments."", e)
        tParser.printUsage(System.err)
        System.exit(1)
    }
  } catch {
    case e: Exception =>
      logger.error(""Unexpected error occurred in container application."", e)
      System.exit(1)
  }
}"
qwen,Qwen/Qwen3-30B-A3B-Instruct-2507:nebius,scala,GPL-3.0,jubatusonyarn::jubatus-on-yarn-container::src::main::scala::us::jubat::yarn::container::ContainerApp.scala,117,0.4,0,0.0,"
        logger.info(""started container controller."")
        logger.info(""starting jetty server."")

        // REST Server 起動
        val tServlet = new ContainerServlet
        val tJettyServer = new JettyServer(""/v1"", tServlet)
        tJettyServer.start()

        logger.info(s""started jetty server.(port=${tJettyServer.getPort}"")

        // Controller 起動
        val tController = new ContainerController(
          tParams.applicationName,
          tParams.seq,
          new Location(tParams.applicationMasterNodeAddress, tParams.applicationMasterPort),
          new Location(tParams.containerNodeAddress, tJettyServer.getPort),
          new JubatusConfig(
            aLearningMachineType = tParams.learningMachineType,
            aName = tParams.learningMachineName,
            aLocation = new Location(tParams.containerNodeAddress, tParams.jubatusServerPort),
            aTimeoutSec = 10,
            aProcessId = tParams.jubatusServerProcessId))


        tServlet.setController(tController)

        // 終了状態になるまで待機
        while (!tController.isFinished) {
          Thread.sleep(100)
        }

        logger.info(""stopping jetty server."")

        // REST Server 停止
        tJettyServer.stop()

        logger.info(""stopped jetty server."")

      case Left(e) =>
        logger.error(s""parse parameters error. "", e)
        tParser.printSingleLineUsage(System.out)
    }

    System.exit(0)
  } catch {
    case e: Throwable =>
      logger.error(""unknown error happen."", e)
      System.exit(1)
  }

}


class ContainerParams {
  @org.kohsuke.args4j.Option(name = ""--application-name"")
  var applicationName: String = """"

  @org.kohsuke.args4j.Option(name = ""--seq"")
  var seq: Int = 0

  @org.kohsuke.args4j.Option(name = ""--application-master-address"")
  var applicationMasterNodeAddress: String = """"

  @org.kohsuke.args4j.Option(name = ""--application-master-port"")
  var applicationMasterPort: Int = 0

  @org.kohsuke.args4j.Option(name = ""--container-node-address"")
  var containerNodeAddress: String = """"

  @org.kohsuke.args4j.Option(name = ""--jubatus-server-port"")
  var jubatusServerPort: Int = 0

  @org.kohsuke.args4j.Option(name = ""--jubatus-server-process-id"")
  var jubatusServerProcessId: Int = 0

  @org.kohsuke.args4j.Option(name = ""--learning-machine-name"")
  var learningMachineName: String = """"

  @org.kohsuke.args4j.Option(name = ""--learning-machine-type"")
  var learningMachineType: String = """"
}","val container = new ContainerController(tParams)
        val server = new JettyServer(tParams.containerPort, container)
        server.start()

        logger.info(s""container server started on port ${tParams.containerPort}"")

        // Wait for the container to be stopped
        container.awaitTermination()

        logger.info(""container stopped"")
        server.stop()
      case Left(e) =>
        logger.error(""failed to parse command line arguments"", e)
        tParser.printUsage(System.err)
        System.exit(1)
    }
  } catch {
    case e: Exception =>
      logger.error(""unexpected error occurred"", e)
      System.exit(1)
  }
}"
qwen,Qwen/Qwen3-30B-A3B-Instruct-2507:nebius,scala,GPL-3.0,jubatusonyarn::jubatus-on-yarn-container::src::main::scala::us::jubat::yarn::container::ContainerApp.scala,117,0.8,0,0.0,"
        logger.info(""started container controller."")
        logger.info(""starting jetty server."")

        // REST Server 起動
        val tServlet = new ContainerServlet
        val tJettyServer = new JettyServer(""/v1"", tServlet)
        tJettyServer.start()

        logger.info(s""started jetty server.(port=${tJettyServer.getPort}"")

        // Controller 起動
        val tController = new ContainerController(
          tParams.applicationName,
          tParams.seq,
          new Location(tParams.applicationMasterNodeAddress, tParams.applicationMasterPort),
          new Location(tParams.containerNodeAddress, tJettyServer.getPort),
          new JubatusConfig(
            aLearningMachineType = tParams.learningMachineType,
            aName = tParams.learningMachineName,
            aLocation = new Location(tParams.containerNodeAddress, tParams.jubatusServerPort),
            aTimeoutSec = 10,
            aProcessId = tParams.jubatusServerProcessId))


        tServlet.setController(tController)

        // 終了状態になるまで待機
        while (!tController.isFinished) {
          Thread.sleep(100)
        }

        logger.info(""stopping jetty server."")

        // REST Server 停止
        tJettyServer.stop()

        logger.info(""stopped jetty server."")

      case Left(e) =>
        logger.error(s""parse parameters error. "", e)
        tParser.printSingleLineUsage(System.out)
    }

    System.exit(0)
  } catch {
    case e: Throwable =>
      logger.error(""unknown error happen."", e)
      System.exit(1)
  }

}


class ContainerParams {
  @org.kohsuke.args4j.Option(name = ""--application-name"")
  var applicationName: String = """"

  @org.kohsuke.args4j.Option(name = ""--seq"")
  var seq: Int = 0

  @org.kohsuke.args4j.Option(name = ""--application-master-address"")
  var applicationMasterNodeAddress: String = """"

  @org.kohsuke.args4j.Option(name = ""--application-master-port"")
  var applicationMasterPort: Int = 0

  @org.kohsuke.args4j.Option(name = ""--container-node-address"")
  var containerNodeAddress: String = """"

  @org.kohsuke.args4j.Option(name = ""--jubatus-server-port"")
  var jubatusServerPort: Int = 0

  @org.kohsuke.args4j.Option(name = ""--jubatus-server-process-id"")
  var jubatusServerProcessId: Int = 0

  @org.kohsuke.args4j.Option(name = ""--learning-machine-name"")
  var learningMachineName: String = """"

  @org.kohsuke.args4j.Option(name = ""--learning-machine-type"")
  var learningMachineType: String = """"
}","val container = new ContainerController(tParams)
        container.start()

        Runtime.getRuntime.addShutdownHook(new Thread(() => {
          logger.info(""shutting down container controller"")
          container.stop()
        }))

        // Wait for the container to finish
        container.join()
      case Left(e) =>
        logger.severe(s""failed to parse command line arguments: $e"")
        tParser.printUsage(System.err)
        System.exit(1)
    }
  } catch {
    case e: Exception =>
      logger.severe(s""unexpected error occurred: ${e.getMessage}"")
      e.printStackTrace()
      System.exit(1)
  }
}"
qwen,Qwen/Qwen3-30B-A3B-Instruct-2507:nebius,scala,GPL-3.0,agents::appengine::src::test::scala::com::crashnote::test::appengine::unit::config::AppengineConfigFactorySpec.scala,74,0.2,0,0.0,"import com.crashnote.servlet.config.ServletConfigFactory
import com.crashnote.test.appengine.defs.TargetMockSpec
import java.util.Properties

class AppengineConfigFactorySpec
    extends TargetMockSpec[AppengineConfigFactory] {

    ""Appengine Config Factory"" should {

        ""inherit from Servlet Config Factory"" >> new Configured {
            getFactory() must haveSuperclass[ServletConfigFactory[_]]
        }

        ""create configuration instance"" >> new Configured {
            target.get must haveClass[AppengineConfig]
        }

        ""load dynamic config before default file confs"" >> new Configured {

            // mock
            m_loader.fromFile(""crashnote.default"") returns
                loader.fromProps(toConfProps(List(""enabled"" -> true, ""ignore-localhost"" -> true)), ""default props"")

            // execute
            var c = getFactory(defaultWebProps).get

            // verify
            c.isEnabled === false
            c.getIgnoreLocalRequests === false
        }
    }

    // SETUP ======================================================================================

    var loader: ConfigLoader = _
    var m_loader: ConfigLoader = _
    var m_filterConf: FilterConfig = _

    def configure(config: C) =
        getFactory(defaultWebProps)

    def getFactory(p: Properties = new Properties(), l: ConfigLoader = new ConfigLoader) = {
        loader = l
        m_loader = spy(l)
        m_filterConf = filterConfDefaultMock(p)

        if(p.isEmpty)
            new AppengineConfigFactory(m_filterConf)
        else
            new AppengineConfigFactory(m_filterConf, m_loader)
    }
}","scala
import org.scalatest.{FunSuite, Matchers}

class AppengineConfigFactorySpec extends FunSuite with Matchers {

  test(""should create AppengineConfig from FilterConfig"") {
    val filterConfig = mock[FilterConfig]
    when(filterConfig.getInitParameter(""crashnote.api.key"")).thenReturn(""test-api-key"")
    when(filterConfig.getInitParameter(""crashnote.project.id"")).thenReturn(""test-project-id"")
    when(filterConfig.getInitParameter(""crashnote.environment"")).thenReturn(""test"")

    val config = AppengineConfigFactory.create(filterConfig)

    config.apiKey shouldBe ""test-api-key""
    config.projectId shouldBe ""test-project-id""
    config.environment shouldBe ""test""
  }

  test(""should use default values when parameters are missing"") {
    val filterConfig = mock[FilterConfig]
    when(filterConfig.getInitParameter(""crashnote.api.key"")).thenReturn(null)
    when(filterConfig.getInitParameter(""crashnote.project.id"")).thenReturn(null)
    when(filterConfig.getInitParameter(""crashnote.environment"")).thenReturn(null)

    val config = AppengineConfigFactory.create(filterConfig)

    config.apiKey shouldBe ""default-api-key""
    config.projectId shouldBe ""default-project-id""
    config.environment shouldBe ""production"
qwen,Qwen/Qwen3-30B-A3B-Instruct-2507:nebius,scala,GPL-3.0,agents::appengine::src::test::scala::com::crashnote::test::appengine::unit::config::AppengineConfigFactorySpec.scala,74,0.4,0,0.0,"import com.crashnote.servlet.config.ServletConfigFactory
import com.crashnote.test.appengine.defs.TargetMockSpec
import java.util.Properties

class AppengineConfigFactorySpec
    extends TargetMockSpec[AppengineConfigFactory] {

    ""Appengine Config Factory"" should {

        ""inherit from Servlet Config Factory"" >> new Configured {
            getFactory() must haveSuperclass[ServletConfigFactory[_]]
        }

        ""create configuration instance"" >> new Configured {
            target.get must haveClass[AppengineConfig]
        }

        ""load dynamic config before default file confs"" >> new Configured {

            // mock
            m_loader.fromFile(""crashnote.default"") returns
                loader.fromProps(toConfProps(List(""enabled"" -> true, ""ignore-localhost"" -> true)), ""default props"")

            // execute
            var c = getFactory(defaultWebProps).get

            // verify
            c.isEnabled === false
            c.getIgnoreLocalRequests === false
        }
    }

    // SETUP ======================================================================================

    var loader: ConfigLoader = _
    var m_loader: ConfigLoader = _
    var m_filterConf: FilterConfig = _

    def configure(config: C) =
        getFactory(defaultWebProps)

    def getFactory(p: Properties = new Properties(), l: ConfigLoader = new ConfigLoader) = {
        loader = l
        m_loader = spy(l)
        m_filterConf = filterConfDefaultMock(p)

        if(p.isEmpty)
            new AppengineConfigFactory(m_filterConf)
        else
            new AppengineConfigFactory(m_filterConf, m_loader)
    }
}","scala
import org.scalatest.{Matchers, WordSpec}

class AppengineConfigFactorySpec extends WordSpec with Matchers {

  ""AppengineConfigFactory"" should {
    ""create a valid AppengineConfig from filter config"" in {
      val filterConfig = mock[FilterConfig]
      when(filterConfig.getInitParameter(""crashnote.api.key"")).thenReturn(""test-api-key"")
      when(filterConfig.getInitParameter(""crashnote.project.id"")).thenReturn(""test-project-id"")
      when(filterConfig.getInitParameter(""crashnote.environment"")).thenReturn(""test"")
      when(filterConfig.getInitParameter(""crashnote.debug"")).thenReturn(""true"")

      val config = AppengineConfigFactory.create(filterConfig)

      config.apiKey shouldBe ""test-api-key""
      config.projectId shouldBe ""test-project-id""
      config.environment shouldBe ""test""
      config.debug shouldBe true
    }

    ""use default values when parameters are missing"" in {
      val filterConfig = mock[FilterConfig]
      when(filterConfig.getInitParameter(""crashnote.api.key"")).thenReturn(null)
      when(filterConfig.getInitParameter(""crashnote.project.id"")).thenReturn(null)
      when(filterConfig.getInitParameter(""crashnote.environment"")).thenReturn(null)
      when(filterConfig.getInit"
qwen,Qwen/Qwen3-30B-A3B-Instruct-2507:nebius,scala,GPL-3.0,agents::appengine::src::test::scala::com::crashnote::test::appengine::unit::config::AppengineConfigFactorySpec.scala,74,0.8,0,0.0,"import com.crashnote.servlet.config.ServletConfigFactory
import com.crashnote.test.appengine.defs.TargetMockSpec
import java.util.Properties

class AppengineConfigFactorySpec
    extends TargetMockSpec[AppengineConfigFactory] {

    ""Appengine Config Factory"" should {

        ""inherit from Servlet Config Factory"" >> new Configured {
            getFactory() must haveSuperclass[ServletConfigFactory[_]]
        }

        ""create configuration instance"" >> new Configured {
            target.get must haveClass[AppengineConfig]
        }

        ""load dynamic config before default file confs"" >> new Configured {

            // mock
            m_loader.fromFile(""crashnote.default"") returns
                loader.fromProps(toConfProps(List(""enabled"" -> true, ""ignore-localhost"" -> true)), ""default props"")

            // execute
            var c = getFactory(defaultWebProps).get

            // verify
            c.isEnabled === false
            c.getIgnoreLocalRequests === false
        }
    }

    // SETUP ======================================================================================

    var loader: ConfigLoader = _
    var m_loader: ConfigLoader = _
    var m_filterConf: FilterConfig = _

    def configure(config: C) =
        getFactory(defaultWebProps)

    def getFactory(p: Properties = new Properties(), l: ConfigLoader = new ConfigLoader) = {
        loader = l
        m_loader = spy(l)
        m_filterConf = filterConfDefaultMock(p)

        if(p.isEmpty)
            new AppengineConfigFactory(m_filterConf)
        else
            new AppengineConfigFactory(m_filterConf, m_loader)
    }
}","scala
import org.specs2.mutable.Specification

class AppengineConfigFactorySpec extends Specification {

  ""AppengineConfigFactory"" should {
    ""create a configuration with default values when no filter config is provided"" in {
      val config = AppengineConfigFactory.createConfig(null)
      config must not(beNull)
      config.getApplicationId must beNull
      config.getEnvironment must beNull
      config.getModuleId must beNull
      config.getVersionId must beNull
      config.getIsDevelopment must beFalse
    }

    ""create a configuration with values from filter config when provided"" in {
      val filterConfig = mock[FilterConfig]
      filterConfig.getInitParameter(""com.crashnote.application.id"") returns ""test-app""
      filterConfig.getInitParameter(""com.crashnote.environment"") returns ""test""
      filterConfig.getInitParameter(""com.crashnote.module.id"") returns ""test-module""
      filterConfig.getInitParameter(""com.crashnote.version.id"") returns ""test-version""
      filterConfig.getInitParameter(""com.crashnote.is.development"") returns ""true""

      val config = AppengineConfigFactory.createConfig(filterConfig)
      config must not(beNull)
      config.getApplicationId mustEqual"
qwen,Qwen/Qwen3-30B-A3B-Instruct-2507:nebius,scala,GPL-3.0,ivy::src::main::scala::sbt::Configuration.scala,79,0.2,0,0.032,"    case Runtime         => RuntimeInternal
    case IntegrationTest => IntegrationTestInternal
    case _               => c
  }

  def internal(base: Configuration, ext: Configuration*) = config(base.name + ""-internal"") extend (ext: _*) hide
  def fullInternal(base: Configuration): Configuration = internal(base, base, Optional, Provided)
  def optionalInternal(base: Configuration): Configuration = internal(base, base, Optional)

  lazy val Default = config(""default"")
  lazy val Compile = config(""compile"")
  lazy val IntegrationTest = config(""it"") extend (Runtime)
  lazy val Provided = config(""provided"")
  lazy val Docs = config(""docs"")
  lazy val Runtime = config(""runtime"") extend (Compile)
  lazy val Test = config(""test"") extend (Runtime)
  lazy val Sources = config(""sources"")
  lazy val System = config(""system"")
  lazy val Optional = config(""optional"")
  lazy val Pom = config(""pom"")

  lazy val ScalaTool = config(""scala-tool"") hide
  lazy val CompilerPlugin = config(""plugin"") hide
  lazy val Component = config(""component"") hide

  private[sbt] val DefaultMavenConfiguration = defaultConfiguration(true)
  private[sbt] val DefaultIvyConfiguration = defaultConfiguration(false)
  private[sbt] def DefaultConfiguration(mavenStyle: Boolean) = if (mavenStyle) DefaultMavenConfiguration else DefaultIvyConfiguration
  private[sbt] def defaultConfiguration(mavenStyle: Boolean) = if (mavenStyle) Configurations.Compile else Configurations.Default
  private[sbt] def removeDuplicates(configs: Iterable[Configuration]) = Set(scala.collection.mutable.Map(configs.map(config => (config.name, config)).toSeq: _*).values.toList: _*)

  /** Returns true if the configuration should be under the influence of scalaVersion. */
  private[sbt] def underScalaVersion(c: Configuration): Boolean =
    c match {
      case Default | Compile | IntegrationTest | Provided | Runtime | Test | Optional |
        CompilerPlugin | CompileInternal | RuntimeInternal | TestInternal => true
      case config =>
        config.extendsConfigs exists underScalaVersion
    }
}
/** Represents an Ivy configuration. */
final case class Configuration(name: String, description: String, isPublic: Boolean, extendsConfigs: List[Configuration], transitive: Boolean) {
  require(name != null && !name.isEmpty)
  require(description != null)
  def this(name: String) = this(name, """", true, Nil, true)
  def describedAs(newDescription: String) = Configuration(name, newDescription, isPublic, extendsConfigs, transitive)
  def extend(configs: Configuration*) = Configuration(name, description, isPublic, configs.toList ::: extendsConfigs, transitive)
  def notTransitive = intransitive
  def intransitive = Configuration(name, description, isPublic, extendsConfigs, false)
  def hide = Configuration(name, description, false, extendsConfigs, transitive)
  override def toString = name
}
object Configuration {
  implicit val pickler: Pickler[Configuration] with Unpickler[Configuration] = PicklerUnpickler.generate[Configuration]
}","case Runtime         => RuntimeInternal
    case IntegrationTest => IntegrationTestInternal
    case _               => c
  }

  def fullInternal(c: Configuration) = new Configuration(c.name + ""Internal"", c.isPublic, c.isOptional, c.isOptional, c.isOptional, c.isOptional, c.isOptional, c.isOptional, c.isOptional, c.isOptional, c.isOptional, c.isOptional, c.isOptional, c.isOptional, c.isOptional, c.isOptional, c.isOptional, c.isOptional, c.isOptional, c.isOptional, c.isOptional, c.isOptional, c.isOptional, c.isOptional, c.isOptional, c.isOptional, c.isOptional, c.isOptional, c.isOptional, c.isOptional, c.isOptional, c.isOptional, c.isOptional, c.isOptional, c.isOptional, c.isOptional, c.isOptional, c.isOptional, c.isOptional, c.isOptional, c.isOptional, c.isOptional, c.isOptional, c.isOptional, c.isOptional, c.isOptional, c.isOptional, c.isOptional, c.isOptional, c.isOptional, c.isOptional, c.isOptional, c.isOptional, c.isOptional, c"
qwen,Qwen/Qwen3-30B-A3B-Instruct-2507:nebius,scala,GPL-3.0,ivy::src::main::scala::sbt::Configuration.scala,79,0.4,0,0.03508771929824561,"    case Runtime         => RuntimeInternal
    case IntegrationTest => IntegrationTestInternal
    case _               => c
  }

  def internal(base: Configuration, ext: Configuration*) = config(base.name + ""-internal"") extend (ext: _*) hide
  def fullInternal(base: Configuration): Configuration = internal(base, base, Optional, Provided)
  def optionalInternal(base: Configuration): Configuration = internal(base, base, Optional)

  lazy val Default = config(""default"")
  lazy val Compile = config(""compile"")
  lazy val IntegrationTest = config(""it"") extend (Runtime)
  lazy val Provided = config(""provided"")
  lazy val Docs = config(""docs"")
  lazy val Runtime = config(""runtime"") extend (Compile)
  lazy val Test = config(""test"") extend (Runtime)
  lazy val Sources = config(""sources"")
  lazy val System = config(""system"")
  lazy val Optional = config(""optional"")
  lazy val Pom = config(""pom"")

  lazy val ScalaTool = config(""scala-tool"") hide
  lazy val CompilerPlugin = config(""plugin"") hide
  lazy val Component = config(""component"") hide

  private[sbt] val DefaultMavenConfiguration = defaultConfiguration(true)
  private[sbt] val DefaultIvyConfiguration = defaultConfiguration(false)
  private[sbt] def DefaultConfiguration(mavenStyle: Boolean) = if (mavenStyle) DefaultMavenConfiguration else DefaultIvyConfiguration
  private[sbt] def defaultConfiguration(mavenStyle: Boolean) = if (mavenStyle) Configurations.Compile else Configurations.Default
  private[sbt] def removeDuplicates(configs: Iterable[Configuration]) = Set(scala.collection.mutable.Map(configs.map(config => (config.name, config)).toSeq: _*).values.toList: _*)

  /** Returns true if the configuration should be under the influence of scalaVersion. */
  private[sbt] def underScalaVersion(c: Configuration): Boolean =
    c match {
      case Default | Compile | IntegrationTest | Provided | Runtime | Test | Optional |
        CompilerPlugin | CompileInternal | RuntimeInternal | TestInternal => true
      case config =>
        config.extendsConfigs exists underScalaVersion
    }
}
/** Represents an Ivy configuration. */
final case class Configuration(name: String, description: String, isPublic: Boolean, extendsConfigs: List[Configuration], transitive: Boolean) {
  require(name != null && !name.isEmpty)
  require(description != null)
  def this(name: String) = this(name, """", true, Nil, true)
  def describedAs(newDescription: String) = Configuration(name, newDescription, isPublic, extendsConfigs, transitive)
  def extend(configs: Configuration*) = Configuration(name, description, isPublic, configs.toList ::: extendsConfigs, transitive)
  def notTransitive = intransitive
  def intransitive = Configuration(name, description, isPublic, extendsConfigs, false)
  def hide = Configuration(name, description, false, extendsConfigs, transitive)
  override def toString = name
}
object Configuration {
  implicit val pickler: Pickler[Configuration] with Unpickler[Configuration] = PicklerUnpickler.generate[Configuration]
}","case Runtime         => RuntimeInternal
    case IntegrationTest => IntegrationTestInternal
    case _               => c
  }

  def fullInternal(c: Configuration) = new Configuration(c.name + ""Internal"", c.isOptional, c.isPublic, c.isTest, c.isInternal)
  def optionalInternal(c: Configuration) = new Configuration(c.name + ""Internal"", true, c.isPublic, c.isTest, c.isInternal)
}"
qwen,Qwen/Qwen3-30B-A3B-Instruct-2507:nebius,scala,GPL-3.0,ivy::src::main::scala::sbt::Configuration.scala,79,0.8,0,0.0375,"    case Runtime         => RuntimeInternal
    case IntegrationTest => IntegrationTestInternal
    case _               => c
  }

  def internal(base: Configuration, ext: Configuration*) = config(base.name + ""-internal"") extend (ext: _*) hide
  def fullInternal(base: Configuration): Configuration = internal(base, base, Optional, Provided)
  def optionalInternal(base: Configuration): Configuration = internal(base, base, Optional)

  lazy val Default = config(""default"")
  lazy val Compile = config(""compile"")
  lazy val IntegrationTest = config(""it"") extend (Runtime)
  lazy val Provided = config(""provided"")
  lazy val Docs = config(""docs"")
  lazy val Runtime = config(""runtime"") extend (Compile)
  lazy val Test = config(""test"") extend (Runtime)
  lazy val Sources = config(""sources"")
  lazy val System = config(""system"")
  lazy val Optional = config(""optional"")
  lazy val Pom = config(""pom"")

  lazy val ScalaTool = config(""scala-tool"") hide
  lazy val CompilerPlugin = config(""plugin"") hide
  lazy val Component = config(""component"") hide

  private[sbt] val DefaultMavenConfiguration = defaultConfiguration(true)
  private[sbt] val DefaultIvyConfiguration = defaultConfiguration(false)
  private[sbt] def DefaultConfiguration(mavenStyle: Boolean) = if (mavenStyle) DefaultMavenConfiguration else DefaultIvyConfiguration
  private[sbt] def defaultConfiguration(mavenStyle: Boolean) = if (mavenStyle) Configurations.Compile else Configurations.Default
  private[sbt] def removeDuplicates(configs: Iterable[Configuration]) = Set(scala.collection.mutable.Map(configs.map(config => (config.name, config)).toSeq: _*).values.toList: _*)

  /** Returns true if the configuration should be under the influence of scalaVersion. */
  private[sbt] def underScalaVersion(c: Configuration): Boolean =
    c match {
      case Default | Compile | IntegrationTest | Provided | Runtime | Test | Optional |
        CompilerPlugin | CompileInternal | RuntimeInternal | TestInternal => true
      case config =>
        config.extendsConfigs exists underScalaVersion
    }
}
/** Represents an Ivy configuration. */
final case class Configuration(name: String, description: String, isPublic: Boolean, extendsConfigs: List[Configuration], transitive: Boolean) {
  require(name != null && !name.isEmpty)
  require(description != null)
  def this(name: String) = this(name, """", true, Nil, true)
  def describedAs(newDescription: String) = Configuration(name, newDescription, isPublic, extendsConfigs, transitive)
  def extend(configs: Configuration*) = Configuration(name, description, isPublic, configs.toList ::: extendsConfigs, transitive)
  def notTransitive = intransitive
  def intransitive = Configuration(name, description, isPublic, extendsConfigs, false)
  def hide = Configuration(name, description, false, extendsConfigs, transitive)
  override def toString = name
}
object Configuration {
  implicit val pickler: Pickler[Configuration] with Unpickler[Configuration] = PicklerUnpickler.generate[Configuration]
}","case IntegrationTest => IntegrationTestInternal
    case Runtime         => RuntimeInternal
    case _               => c
  }"
qwen,Qwen/Qwen3-30B-A3B-Instruct-2507:nebius,scala,GPL-3.0,tests::src::test::scala::AvroTypeProviderTests::datatypetests::AvroTypeProvider2HomoPrimitivesTest.scala,238,0.2,0,0.6902654867256637,"      val file = new File(""tests/src/test/resources/AvroTypeProviderTest16.avro"")
        
      val schema = new DataFileReader(file, new GenericDatumReader[GenericRecord]).getSchema
      val userDatumReader = new SpecificDatumReader[AvroTypeProviderTest16](schema)
      val dataFileReader = new DataFileReader[AvroTypeProviderTest16](file, userDatumReader)
      val sameRecord = dataFileReader.next()

      sameRecord must ===(record)
    }
  }
}

class AvroTypeProvider17Test extends Specification {

  ""A case class with an `Double` field in the second position"" should {
    ""serialize and deserialize correctly"" in {

      val record = AvroTypeProviderTest17(1D, 2D)

      val file = new File(""tests/src/test/resources/AvroTypeProviderTest17.avro"")
        
      val schema = new DataFileReader(file, new GenericDatumReader[GenericRecord]).getSchema
      val userDatumReader = new SpecificDatumReader[AvroTypeProviderTest17](schema)
      val dataFileReader = new DataFileReader[AvroTypeProviderTest17](file, userDatumReader)
      val sameRecord = dataFileReader.next()

      sameRecord must ===(record)
    }
  }
}

class AvroTypeProvider18Test extends Specification {

  ""A case class with an `Boolean` field in the second position"" should {
    ""serialize and deserialize correctly"" in {

      val record = AvroTypeProviderTest18(true, false)

      val file = new File(""tests/src/test/resources/AvroTypeProviderTest18.avro"")
        
      val schema = new DataFileReader(file, new GenericDatumReader[GenericRecord]).getSchema
      val userDatumReader = new SpecificDatumReader[AvroTypeProviderTest18](schema)
      val dataFileReader = new DataFileReader[AvroTypeProviderTest18](file, userDatumReader)
      val sameRecord = dataFileReader.next()

      sameRecord must ===(record)
    }
  }
}

class AvroTypeProvider19Test extends Specification {

  ""A case class with an `String` field in the second position"" should {
    ""serialize and deserialize correctly"" in {

      val record = AvroTypeProviderTest19(""1"", ""2"")

      val file = new File(""tests/src/test/resources/AvroTypeProviderTest19.avro"")
        

      val schema = new DataFileReader(file, new GenericDatumReader[GenericRecord]).getSchema
      val userDatumReader = new SpecificDatumReader[AvroTypeProviderTest19](schema)
      val dataFileReader = new DataFileReader[AvroTypeProviderTest19](file, userDatumReader)
      val sameRecord = dataFileReader.next()

      sameRecord must ===(record)
    }
  }
}

class AvroTypeProvider20Test extends Specification {

  ""A case class with an `Null` field in the second position"" should {
    ""serialize and deserialize correctly"" in {

      val record = AvroTypeProviderTest20(null, null)

      val file = new File(""tests/src/test/resources/AvroTypeProviderTest20.avro"")

      val schema = new DataFileReader(file, new GenericDatumReader[GenericRecord]).getSchema
      val userDatumReader = new SpecificDatumReader[AvroTypeProviderTest20](schema)
      val dataFileReader = new DataFileReader[AvroTypeProviderTest20](file, userDatumReader)
      val sameRecord = dataFileReader.next()

      sameRecord must ===(record)
    }
  }
}

class AvroTypeProvider24Test extends Specification {

  ""A case class with an `List[String]` field in the second position"" should {
    ""serialize and deserialize correctly"" in {

      val record = AvroTypeProviderTest24(List(""mekka.lekka.hi""), List(""mekka.hiney.ho""))

      val file = new File(""tests/src/test/resources/AvroTypeProviderTest24.avro"")

      val schema = new DataFileReader(file, new GenericDatumReader[GenericRecord]).getSchema
      val userDatumReader = new SpecificDatumReader[AvroTypeProviderTest24](schema)
      val dataFileReader = new DataFileReader[AvroTypeProviderTest24](file, userDatumReader)
      val sameRecord = dataFileReader.next()

      sameRecord must ===(record)
    }
  }
}

class AvroTypeProvider25Test extends Specification {

  ""A case class with an `List[Int]` field in the second position"" should {
    ""serialize and deserialize correctly"" in {

      val record = AvroTypeProviderTest25(List(1, 2), List(3,4))

      val file = new File(""tests/src/test/resources/AvroTypeProviderTest25.avro"")
        

      val schema = new DataFileReader(file, new GenericDatumReader[GenericRecord]).getSchema
      val userDatumReader = new SpecificDatumReader[AvroTypeProviderTest25](schema)
      val dataFileReader = new DataFileReader[AvroTypeProviderTest25](file, userDatumReader)
      val sameRecord = dataFileReader.next()

      sameRecord must ===(record)
    }
  }
}

class AvroTypeProvider26Test extends Specification {

  ""A case class with an `Option[String]` field in the second position"" should {
    ""serialize and deserialize correctly"" in {

      val record = AvroTypeProviderTest26(Some(""sun""), Some(""moon""))

      val file = new File(""tests/src/test/resources/AvroTypeProviderTest26.avro"")
        
      val schema = new DataFileReader(file, new GenericDatumReader[GenericRecord]).getSchema
      val userDatumReader = new SpecificDatumReader[AvroTypeProviderTest26](schema)
      val dataFileReader = new DataFileReader[AvroTypeProviderTest26](file, userDatumReader)
      val sameRecord = dataFileReader.next()

      sameRecord must ===(record)
    }
  }
}

class AvroTypeProvider27Test extends Specification {

  ""A case class with an `Option[Int]` field in the second position"" should {
    ""serialize and deserialize correctly"" in {

      val record = AvroTypeProviderTest27(Some(1), Some(2))

      val file = new File(""tests/src/test/resources/AvroTypeProviderTest27.avro"")

      val schema = new DataFileReader(file, new GenericDatumReader[GenericRecord]).getSchema
      val userDatumReader = new SpecificDatumReader[AvroTypeProviderTest27](schema)
      val dataFileReader = new DataFileReader[AvroTypeProviderTest27](file, userDatumReader)
      val sameRecord = dataFileReader.next()

      sameRecord must ===(record)
    }
  }
}
","val file = new File(""tests/src/test/resources/AvroTypeProviderTest16.avro"")
        
      val schema = new DataFileReader(file, new GenericDatumReader[GenericRecord]).getSchema
      val userDatumReader = new SpecificDatumReader[AvroTypeProviderTest16](schema)
      val dataFileReader = new DataFileReader[AvroTypeProviderTest16](file, userDatumReader)
      val sameRecord = dataFileReader.next()

      sameRecord must ===(record)
    }
  }
}"
qwen,Qwen/Qwen3-30B-A3B-Instruct-2507:nebius,scala,GPL-3.0,tests::src::test::scala::AvroTypeProviderTests::datatypetests::AvroTypeProvider2HomoPrimitivesTest.scala,238,0.4,0,0.6902654867256637,"      val file = new File(""tests/src/test/resources/AvroTypeProviderTest16.avro"")
        
      val schema = new DataFileReader(file, new GenericDatumReader[GenericRecord]).getSchema
      val userDatumReader = new SpecificDatumReader[AvroTypeProviderTest16](schema)
      val dataFileReader = new DataFileReader[AvroTypeProviderTest16](file, userDatumReader)
      val sameRecord = dataFileReader.next()

      sameRecord must ===(record)
    }
  }
}

class AvroTypeProvider17Test extends Specification {

  ""A case class with an `Double` field in the second position"" should {
    ""serialize and deserialize correctly"" in {

      val record = AvroTypeProviderTest17(1D, 2D)

      val file = new File(""tests/src/test/resources/AvroTypeProviderTest17.avro"")
        
      val schema = new DataFileReader(file, new GenericDatumReader[GenericRecord]).getSchema
      val userDatumReader = new SpecificDatumReader[AvroTypeProviderTest17](schema)
      val dataFileReader = new DataFileReader[AvroTypeProviderTest17](file, userDatumReader)
      val sameRecord = dataFileReader.next()

      sameRecord must ===(record)
    }
  }
}

class AvroTypeProvider18Test extends Specification {

  ""A case class with an `Boolean` field in the second position"" should {
    ""serialize and deserialize correctly"" in {

      val record = AvroTypeProviderTest18(true, false)

      val file = new File(""tests/src/test/resources/AvroTypeProviderTest18.avro"")
        
      val schema = new DataFileReader(file, new GenericDatumReader[GenericRecord]).getSchema
      val userDatumReader = new SpecificDatumReader[AvroTypeProviderTest18](schema)
      val dataFileReader = new DataFileReader[AvroTypeProviderTest18](file, userDatumReader)
      val sameRecord = dataFileReader.next()

      sameRecord must ===(record)
    }
  }
}

class AvroTypeProvider19Test extends Specification {

  ""A case class with an `String` field in the second position"" should {
    ""serialize and deserialize correctly"" in {

      val record = AvroTypeProviderTest19(""1"", ""2"")

      val file = new File(""tests/src/test/resources/AvroTypeProviderTest19.avro"")
        

      val schema = new DataFileReader(file, new GenericDatumReader[GenericRecord]).getSchema
      val userDatumReader = new SpecificDatumReader[AvroTypeProviderTest19](schema)
      val dataFileReader = new DataFileReader[AvroTypeProviderTest19](file, userDatumReader)
      val sameRecord = dataFileReader.next()

      sameRecord must ===(record)
    }
  }
}

class AvroTypeProvider20Test extends Specification {

  ""A case class with an `Null` field in the second position"" should {
    ""serialize and deserialize correctly"" in {

      val record = AvroTypeProviderTest20(null, null)

      val file = new File(""tests/src/test/resources/AvroTypeProviderTest20.avro"")

      val schema = new DataFileReader(file, new GenericDatumReader[GenericRecord]).getSchema
      val userDatumReader = new SpecificDatumReader[AvroTypeProviderTest20](schema)
      val dataFileReader = new DataFileReader[AvroTypeProviderTest20](file, userDatumReader)
      val sameRecord = dataFileReader.next()

      sameRecord must ===(record)
    }
  }
}

class AvroTypeProvider24Test extends Specification {

  ""A case class with an `List[String]` field in the second position"" should {
    ""serialize and deserialize correctly"" in {

      val record = AvroTypeProviderTest24(List(""mekka.lekka.hi""), List(""mekka.hiney.ho""))

      val file = new File(""tests/src/test/resources/AvroTypeProviderTest24.avro"")

      val schema = new DataFileReader(file, new GenericDatumReader[GenericRecord]).getSchema
      val userDatumReader = new SpecificDatumReader[AvroTypeProviderTest24](schema)
      val dataFileReader = new DataFileReader[AvroTypeProviderTest24](file, userDatumReader)
      val sameRecord = dataFileReader.next()

      sameRecord must ===(record)
    }
  }
}

class AvroTypeProvider25Test extends Specification {

  ""A case class with an `List[Int]` field in the second position"" should {
    ""serialize and deserialize correctly"" in {

      val record = AvroTypeProviderTest25(List(1, 2), List(3,4))

      val file = new File(""tests/src/test/resources/AvroTypeProviderTest25.avro"")
        

      val schema = new DataFileReader(file, new GenericDatumReader[GenericRecord]).getSchema
      val userDatumReader = new SpecificDatumReader[AvroTypeProviderTest25](schema)
      val dataFileReader = new DataFileReader[AvroTypeProviderTest25](file, userDatumReader)
      val sameRecord = dataFileReader.next()

      sameRecord must ===(record)
    }
  }
}

class AvroTypeProvider26Test extends Specification {

  ""A case class with an `Option[String]` field in the second position"" should {
    ""serialize and deserialize correctly"" in {

      val record = AvroTypeProviderTest26(Some(""sun""), Some(""moon""))

      val file = new File(""tests/src/test/resources/AvroTypeProviderTest26.avro"")
        
      val schema = new DataFileReader(file, new GenericDatumReader[GenericRecord]).getSchema
      val userDatumReader = new SpecificDatumReader[AvroTypeProviderTest26](schema)
      val dataFileReader = new DataFileReader[AvroTypeProviderTest26](file, userDatumReader)
      val sameRecord = dataFileReader.next()

      sameRecord must ===(record)
    }
  }
}

class AvroTypeProvider27Test extends Specification {

  ""A case class with an `Option[Int]` field in the second position"" should {
    ""serialize and deserialize correctly"" in {

      val record = AvroTypeProviderTest27(Some(1), Some(2))

      val file = new File(""tests/src/test/resources/AvroTypeProviderTest27.avro"")

      val schema = new DataFileReader(file, new GenericDatumReader[GenericRecord]).getSchema
      val userDatumReader = new SpecificDatumReader[AvroTypeProviderTest27](schema)
      val dataFileReader = new DataFileReader[AvroTypeProviderTest27](file, userDatumReader)
      val sameRecord = dataFileReader.next()

      sameRecord must ===(record)
    }
  }
}
","val file = new File(""tests/src/test/resources/AvroTypeProviderTest16.avro"")
        
      val schema = new DataFileReader(file, new GenericDatumReader[GenericRecord]).getSchema
      val userDatumReader = new SpecificDatumReader[AvroTypeProviderTest16](schema)
      val dataFileReader = new DataFileReader[AvroTypeProviderTest16](file, userDatumReader)
      val sameRecord = dataFileReader.next()

      sameRecord must ===(record)
    }
  }
}"
qwen,Qwen/Qwen3-30B-A3B-Instruct-2507:nebius,scala,GPL-3.0,tests::src::test::scala::AvroTypeProviderTests::datatypetests::AvroTypeProvider2HomoPrimitivesTest.scala,238,0.8,0,0.6902654867256637,"      val file = new File(""tests/src/test/resources/AvroTypeProviderTest16.avro"")
        
      val schema = new DataFileReader(file, new GenericDatumReader[GenericRecord]).getSchema
      val userDatumReader = new SpecificDatumReader[AvroTypeProviderTest16](schema)
      val dataFileReader = new DataFileReader[AvroTypeProviderTest16](file, userDatumReader)
      val sameRecord = dataFileReader.next()

      sameRecord must ===(record)
    }
  }
}

class AvroTypeProvider17Test extends Specification {

  ""A case class with an `Double` field in the second position"" should {
    ""serialize and deserialize correctly"" in {

      val record = AvroTypeProviderTest17(1D, 2D)

      val file = new File(""tests/src/test/resources/AvroTypeProviderTest17.avro"")
        
      val schema = new DataFileReader(file, new GenericDatumReader[GenericRecord]).getSchema
      val userDatumReader = new SpecificDatumReader[AvroTypeProviderTest17](schema)
      val dataFileReader = new DataFileReader[AvroTypeProviderTest17](file, userDatumReader)
      val sameRecord = dataFileReader.next()

      sameRecord must ===(record)
    }
  }
}

class AvroTypeProvider18Test extends Specification {

  ""A case class with an `Boolean` field in the second position"" should {
    ""serialize and deserialize correctly"" in {

      val record = AvroTypeProviderTest18(true, false)

      val file = new File(""tests/src/test/resources/AvroTypeProviderTest18.avro"")
        
      val schema = new DataFileReader(file, new GenericDatumReader[GenericRecord]).getSchema
      val userDatumReader = new SpecificDatumReader[AvroTypeProviderTest18](schema)
      val dataFileReader = new DataFileReader[AvroTypeProviderTest18](file, userDatumReader)
      val sameRecord = dataFileReader.next()

      sameRecord must ===(record)
    }
  }
}

class AvroTypeProvider19Test extends Specification {

  ""A case class with an `String` field in the second position"" should {
    ""serialize and deserialize correctly"" in {

      val record = AvroTypeProviderTest19(""1"", ""2"")

      val file = new File(""tests/src/test/resources/AvroTypeProviderTest19.avro"")
        

      val schema = new DataFileReader(file, new GenericDatumReader[GenericRecord]).getSchema
      val userDatumReader = new SpecificDatumReader[AvroTypeProviderTest19](schema)
      val dataFileReader = new DataFileReader[AvroTypeProviderTest19](file, userDatumReader)
      val sameRecord = dataFileReader.next()

      sameRecord must ===(record)
    }
  }
}

class AvroTypeProvider20Test extends Specification {

  ""A case class with an `Null` field in the second position"" should {
    ""serialize and deserialize correctly"" in {

      val record = AvroTypeProviderTest20(null, null)

      val file = new File(""tests/src/test/resources/AvroTypeProviderTest20.avro"")

      val schema = new DataFileReader(file, new GenericDatumReader[GenericRecord]).getSchema
      val userDatumReader = new SpecificDatumReader[AvroTypeProviderTest20](schema)
      val dataFileReader = new DataFileReader[AvroTypeProviderTest20](file, userDatumReader)
      val sameRecord = dataFileReader.next()

      sameRecord must ===(record)
    }
  }
}

class AvroTypeProvider24Test extends Specification {

  ""A case class with an `List[String]` field in the second position"" should {
    ""serialize and deserialize correctly"" in {

      val record = AvroTypeProviderTest24(List(""mekka.lekka.hi""), List(""mekka.hiney.ho""))

      val file = new File(""tests/src/test/resources/AvroTypeProviderTest24.avro"")

      val schema = new DataFileReader(file, new GenericDatumReader[GenericRecord]).getSchema
      val userDatumReader = new SpecificDatumReader[AvroTypeProviderTest24](schema)
      val dataFileReader = new DataFileReader[AvroTypeProviderTest24](file, userDatumReader)
      val sameRecord = dataFileReader.next()

      sameRecord must ===(record)
    }
  }
}

class AvroTypeProvider25Test extends Specification {

  ""A case class with an `List[Int]` field in the second position"" should {
    ""serialize and deserialize correctly"" in {

      val record = AvroTypeProviderTest25(List(1, 2), List(3,4))

      val file = new File(""tests/src/test/resources/AvroTypeProviderTest25.avro"")
        

      val schema = new DataFileReader(file, new GenericDatumReader[GenericRecord]).getSchema
      val userDatumReader = new SpecificDatumReader[AvroTypeProviderTest25](schema)
      val dataFileReader = new DataFileReader[AvroTypeProviderTest25](file, userDatumReader)
      val sameRecord = dataFileReader.next()

      sameRecord must ===(record)
    }
  }
}

class AvroTypeProvider26Test extends Specification {

  ""A case class with an `Option[String]` field in the second position"" should {
    ""serialize and deserialize correctly"" in {

      val record = AvroTypeProviderTest26(Some(""sun""), Some(""moon""))

      val file = new File(""tests/src/test/resources/AvroTypeProviderTest26.avro"")
        
      val schema = new DataFileReader(file, new GenericDatumReader[GenericRecord]).getSchema
      val userDatumReader = new SpecificDatumReader[AvroTypeProviderTest26](schema)
      val dataFileReader = new DataFileReader[AvroTypeProviderTest26](file, userDatumReader)
      val sameRecord = dataFileReader.next()

      sameRecord must ===(record)
    }
  }
}

class AvroTypeProvider27Test extends Specification {

  ""A case class with an `Option[Int]` field in the second position"" should {
    ""serialize and deserialize correctly"" in {

      val record = AvroTypeProviderTest27(Some(1), Some(2))

      val file = new File(""tests/src/test/resources/AvroTypeProviderTest27.avro"")

      val schema = new DataFileReader(file, new GenericDatumReader[GenericRecord]).getSchema
      val userDatumReader = new SpecificDatumReader[AvroTypeProviderTest27](schema)
      val dataFileReader = new DataFileReader[AvroTypeProviderTest27](file, userDatumReader)
      val sameRecord = dataFileReader.next()

      sameRecord must ===(record)
    }
  }
}
","val file = new File(""tests/src/test/resources/AvroTypeProviderTest16.avro"")
        
      val schema = new DataFileReader(file, new GenericDatumReader[GenericRecord]).getSchema
      val userDatumReader = new SpecificDatumReader[AvroTypeProviderTest16](schema)
      val dataFileReader = new DataFileReader[AvroTypeProviderTest16](file, userDatumReader)
      val sameRecord = dataFileReader.next()

      sameRecord must ===(record)
    }
  }
}"
qwen,Qwen/Qwen3-30B-A3B-Instruct-2507:nebius,scala,GPL-3.0,qrygraph::shared::src::main::scala::qrygraph::shared::nodes::ComponentNode.scala,56,0.2,0,0.018018018018018018,"  var inputRef = Map[String, Input]()
  /** to simplify the routing of edges to the component to the node inside, we keep a reference to the outputs */
  var outputRef = Map[String, Output]()

  /** for each open input in component create an input */
  val inputs = serverComponent.pigQueryGraph
    .openInputs
    .zipWithIndex // we have to generate new input, as the this reference must go to the visible node
    .map(i => {
    val newId = id + i._2
    // add it to references for simpler edge routing later
    inputRef += newId -> i._1
    Input(this, newId, i._1.parent.name)
  })

  /** if present use the open output */
  val outputs = serverComponent.pigQueryGraph
    .openOutputs
    .zipWithIndex // we have to generate new output, as the this reference must go to the visible node
    .map(o => {
    val newId = id + o._2
    // add it to references for simpler edge routing later
    outputRef += newId -> o._1
    Output(this, newId, o._1.parent.name)
  })

  /** creates a new edge that routes to the relevant node in the graph instead of the componentNode */
  def routeEdge(edge: Edge, isInput: Boolean): Edge = isInput match {
    case true  => Edge(edge.from, inputRef(edge.to.id))
    case false => Edge(outputRef(edge.from.id), edge.to)
  }

  /** hands over the compilation to @ComponentSubGraph */
  def compileToPig(incomingNames: List[Option[String]]): List[String] = {
    println(""!!!!!DEPRICATED!!!!"")
    List()
  }
  
}","val inputs: Map[String, InputField] = serverComponent.inputs.map { case (key, input) =>
    key -> InputField(
      id = s""$id-input-$key"",
      name = input.name,
      dataType = input.dataType,
      isOptional = input.isOptional,
      componentId = id
    )
  }

  /** similarly, we keep a reference to the outputs */
  val outputs: Map[String, OutputField] = serverComponent.outputs.map { case (key, output) =>
    key -> OutputField(
      id = s""$id-output-$key"",
      name = output.name,
      dataType = output.dataType,
      componentId = id
    )
  }

  /** returns the component's input fields, filtered by the given data type */
  def getInputFieldsByType(dataType: DataType): Map[String, InputField] =
    inputs.filter { case (_, input) => input.dataType == dataType }

  /** returns the component's output fields, filtered by the given data type */
  def getOutputFieldsByType(dataType: DataType): Map[String, OutputField] =
    outputs.filter { case (_, output) => output.dataType == dataType }

  /** returns the component's input fields that are optional */"
qwen,Qwen/Qwen3-30B-A3B-Instruct-2507:nebius,scala,GPL-3.0,qrygraph::shared::src::main::scala::qrygraph::shared::nodes::ComponentNode.scala,56,0.4,0,0.0,"  var inputRef = Map[String, Input]()
  /** to simplify the routing of edges to the component to the node inside, we keep a reference to the outputs */
  var outputRef = Map[String, Output]()

  /** for each open input in component create an input */
  val inputs = serverComponent.pigQueryGraph
    .openInputs
    .zipWithIndex // we have to generate new input, as the this reference must go to the visible node
    .map(i => {
    val newId = id + i._2
    // add it to references for simpler edge routing later
    inputRef += newId -> i._1
    Input(this, newId, i._1.parent.name)
  })

  /** if present use the open output */
  val outputs = serverComponent.pigQueryGraph
    .openOutputs
    .zipWithIndex // we have to generate new output, as the this reference must go to the visible node
    .map(o => {
    val newId = id + o._2
    // add it to references for simpler edge routing later
    outputRef += newId -> o._1
    Output(this, newId, o._1.parent.name)
  })

  /** creates a new edge that routes to the relevant node in the graph instead of the componentNode */
  def routeEdge(edge: Edge, isInput: Boolean): Edge = isInput match {
    case true  => Edge(edge.from, inputRef(edge.to.id))
    case false => Edge(outputRef(edge.from.id), edge.to)
  }

  /** hands over the compilation to @ComponentSubGraph */
  def compileToPig(incomingNames: List[Option[String]]): List[String] = {
    println(""!!!!!DEPRICATED!!!!"")
    List()
  }
  
}","val inputs: Map[String, NodeInput] = serverComponent.inputs.map { case (name, input) =>
    name -> NodeInput(name, this, input.dataType, input.isOptional)
  }.toMap

  /** similarly, we keep a reference to the outputs */
  val outputs: Map[String, NodeOutput] = serverComponent.outputs.map { case (name, output) =>
    name -> NodeOutput(name, this, output.dataType)
  }.toMap

  /** returns the component's input fields, which are used for edge routing */
  def componentInputs: Map[String, ComponentInput] = serverComponent.inputs

  /** returns the component's output fields, which are used for edge routing */
  def componentOutputs: Map[String, ComponentOutput] = serverComponent.outputs

  /** returns the component's input field by name, if it exists */
  def getInput(name: String): Option[ComponentInput] = serverComponent.inputs.get(name)

  /** returns the component's output field by name, if it exists */
  def getOutput(name: String): Option[ComponentOutput] = serverComponent.outputs.get(name)

  /** returns the input field of this node by name, if it exists */
  def getNodeInput(name: String): Option"
qwen,Qwen/Qwen3-30B-A3B-Instruct-2507:nebius,scala,GPL-3.0,qrygraph::shared::src::main::scala::qrygraph::shared::nodes::ComponentNode.scala,56,0.8,0,0.0,"  var inputRef = Map[String, Input]()
  /** to simplify the routing of edges to the component to the node inside, we keep a reference to the outputs */
  var outputRef = Map[String, Output]()

  /** for each open input in component create an input */
  val inputs = serverComponent.pigQueryGraph
    .openInputs
    .zipWithIndex // we have to generate new input, as the this reference must go to the visible node
    .map(i => {
    val newId = id + i._2
    // add it to references for simpler edge routing later
    inputRef += newId -> i._1
    Input(this, newId, i._1.parent.name)
  })

  /** if present use the open output */
  val outputs = serverComponent.pigQueryGraph
    .openOutputs
    .zipWithIndex // we have to generate new output, as the this reference must go to the visible node
    .map(o => {
    val newId = id + o._2
    // add it to references for simpler edge routing later
    outputRef += newId -> o._1
    Output(this, newId, o._1.parent.name)
  })

  /** creates a new edge that routes to the relevant node in the graph instead of the componentNode */
  def routeEdge(edge: Edge, isInput: Boolean): Edge = isInput match {
    case true  => Edge(edge.from, inputRef(edge.to.id))
    case false => Edge(outputRef(edge.from.id), edge.to)
  }

  /** hands over the compilation to @ComponentSubGraph */
  def compileToPig(incomingNames: List[Option[String]]): List[String] = {
    println(""!!!!!DEPRICATED!!!!"")
    List()
  }
  
}","val inputs: Map[String, InputField] = serverComponent.inputs.map { case (key, input) =>
    key -> InputField(key, input.fieldType, this, None)
  }

  /** similarly, we keep a reference to the outputs */
  val outputs: Map[String, OutputField] = serverComponent.outputs.map { case (key, output) =>
    key -> OutputField(key, output.fieldType, this, None)
  }

  /** the component's schema, derived from the server component */
  val schema: ComponentSchema = serverComponent.schema

  /** returns a copy of this component node with updated position */
  def withPosition(newPosition: NodePosition): ComponentNode = copy(position = newPosition)

  /** returns a copy of this component node with updated name */
  def withName(newName: String): ComponentNode = copy(name = newName)

  /** returns a copy of this component node with updated server component */
  def withServerComponent(newServerComponent: ServerComponent): ComponentNode = copy(serverComponent = newServerComponent)

  /** returns a copy of this component node with updated id */
  def withId(newId: String): ComponentNode = copy(id = newId)

  /** returns a copy of this component node with updated"
qwen,Qwen/Qwen3-30B-A3B-Instruct-2507:nebius,scala,GPL-3.0,format::src::test::scala::com::github::sadikovi::riff::column::DateColumnFilterSuite.scala,94,0.2,0,0.016483516483516484,"
import com.github.sadikovi.riff.io.OutputBuffer
import com.github.sadikovi.testutil.UnitTestSuite

class DateColumnFilterSuite extends UnitTestSuite {
  test(""update null values"") {
    val filter = new DateColumnFilter()
    filter.hasNulls should be (false)
    filter.update(InternalRow(null), 0)
    filter.hasNulls should be (true)
  }

  test(""update non-null values"") {
    val filter = new DateColumnFilter()
    filter.update(InternalRow(1), 0)
    filter.update(InternalRow(2), 0)
    filter.update(InternalRow(10), 0)

    filter.mightContain(1) should be (true)
    filter.mightContain(2) should be (true)
    filter.mightContain(10) should be (true)
    filter.mightContain(-1) should be (false)
    filter.mightContain(3) should be (false)
    filter.mightContain(11) should be (false)
  }

  test(""equals"") {
    val filter = new DateColumnFilter()
    assert(filter.equals(filter) === true)
    assert(filter.equals(new DateColumnFilter(1024)) === true)
    assert(filter.equals(null) === false)
  }

  test(""toString"") {
    val filter = new DateColumnFilter(1024)
    filter.update(InternalRow(null), 0)
    filter.update(InternalRow(1), 0)
    assert(filter.toString
      .contains(""DateColumnFilter[hasNulls=true, org.apache.spark.util.sketch.BloomFilterImpl""))
  }

  test(""read/write empty filter"") {
    val buf = new OutputBuffer()
    val filter1 = new DateColumnFilter(32)
    filter1.writeExternal(buf)
    val in = ByteBuffer.wrap(buf.array())
    val filter2 = ColumnFilter.readExternal(in)
    filter2 should be (filter1)
    filter2.hasNulls should be (false)
  }

  test(""read/write filter"") {
    val buf = new OutputBuffer()
    val filter1 = new DateColumnFilter(32)
    filter1.update(InternalRow(null), 0)
    filter1.update(InternalRow(1), 0)
    filter1.update(InternalRow(2), 0)
    filter1.writeExternal(buf)
    val in = ByteBuffer.wrap(buf.array())
    val filter2 = ColumnFilter.readExternal(in)
    filter2 should be (filter1)
    filter2.hasNulls should be (true)
    filter2.mightContain(1) should be (true)
    filter2.mightContain(2) should be (true)
  }
}","scala
import org.apache.spark.sql.types.{DateType, DataType}
import org.scalatest.funsuite.AnyFunSuite

class DateColumnFilterSuite extends AnyFunSuite {
  test(""date column filter: valid date values"") {
    val data = Array(18000, 18001, 18002, 18003, 18004)
    val column = new DateColumn(data)
    val filter = column.filter(0, 4, 18001, 18003)
    assert(filter.length === 3)
    assert(filter(0) === 18001)
    assert(filter(1) === 18002)
    assert(filter(2) === 18003)
  }

  test(""date column filter: invalid date values"") {
    val data = Array(18000, 18001, 18002, 18003, 18004)
    val column = new DateColumn(data)
    val filter = column.filter(0, 4, 18005, 1"
qwen,Qwen/Qwen3-30B-A3B-Instruct-2507:nebius,scala,GPL-3.0,format::src::test::scala::com::github::sadikovi::riff::column::DateColumnFilterSuite.scala,94,0.4,0,0.02030456852791878,"
import com.github.sadikovi.riff.io.OutputBuffer
import com.github.sadikovi.testutil.UnitTestSuite

class DateColumnFilterSuite extends UnitTestSuite {
  test(""update null values"") {
    val filter = new DateColumnFilter()
    filter.hasNulls should be (false)
    filter.update(InternalRow(null), 0)
    filter.hasNulls should be (true)
  }

  test(""update non-null values"") {
    val filter = new DateColumnFilter()
    filter.update(InternalRow(1), 0)
    filter.update(InternalRow(2), 0)
    filter.update(InternalRow(10), 0)

    filter.mightContain(1) should be (true)
    filter.mightContain(2) should be (true)
    filter.mightContain(10) should be (true)
    filter.mightContain(-1) should be (false)
    filter.mightContain(3) should be (false)
    filter.mightContain(11) should be (false)
  }

  test(""equals"") {
    val filter = new DateColumnFilter()
    assert(filter.equals(filter) === true)
    assert(filter.equals(new DateColumnFilter(1024)) === true)
    assert(filter.equals(null) === false)
  }

  test(""toString"") {
    val filter = new DateColumnFilter(1024)
    filter.update(InternalRow(null), 0)
    filter.update(InternalRow(1), 0)
    assert(filter.toString
      .contains(""DateColumnFilter[hasNulls=true, org.apache.spark.util.sketch.BloomFilterImpl""))
  }

  test(""read/write empty filter"") {
    val buf = new OutputBuffer()
    val filter1 = new DateColumnFilter(32)
    filter1.writeExternal(buf)
    val in = ByteBuffer.wrap(buf.array())
    val filter2 = ColumnFilter.readExternal(in)
    filter2 should be (filter1)
    filter2.hasNulls should be (false)
  }

  test(""read/write filter"") {
    val buf = new OutputBuffer()
    val filter1 = new DateColumnFilter(32)
    filter1.update(InternalRow(null), 0)
    filter1.update(InternalRow(1), 0)
    filter1.update(InternalRow(2), 0)
    filter1.writeExternal(buf)
    val in = ByteBuffer.wrap(buf.array())
    val filter2 = ColumnFilter.readExternal(in)
    filter2 should be (filter1)
    filter2.hasNulls should be (true)
    filter2.mightContain(1) should be (true)
    filter2.mightContain(2) should be (true)
  }
}","scala
import org.apache.spark.sql.types.{DateType, DataType}
import org.scalatest.funsuite.AnyFunSuite

class DateColumnFilterSuite extends AnyFunSuite {
  test(""date column filter: filter null values"") {
    val data = Array(1, 2, 3, 4, 5)
    val nulls = Array(true, false, true, false, false)
    val column = new DateColumn(data, nulls)
    val filter = column.filter(null)
    val result = filter.toArray
    assert(result.length === 2)
    assert(result(0) === 2)
    assert(result(1) === 4)
  }

  test(""date column filter: filter non-null values"") {
    val data = Array(1, 2, 3, 4, 5)
    val nulls = Array(true, false, true, false, false)
    val column = new DateColumn(data, nulls)
    val filter = column.filter(!null)
    val result = filter.toArray
    assert(result.length === 3)
    assert(result(0) === 1)
    assert(result(1) === 3)
    assert(result(2) === 5)"
qwen,Qwen/Qwen3-30B-A3B-Instruct-2507:nebius,scala,GPL-3.0,format::src::test::scala::com::github::sadikovi::riff::column::DateColumnFilterSuite.scala,94,0.8,0,0.06701030927835051,"
import com.github.sadikovi.riff.io.OutputBuffer
import com.github.sadikovi.testutil.UnitTestSuite

class DateColumnFilterSuite extends UnitTestSuite {
  test(""update null values"") {
    val filter = new DateColumnFilter()
    filter.hasNulls should be (false)
    filter.update(InternalRow(null), 0)
    filter.hasNulls should be (true)
  }

  test(""update non-null values"") {
    val filter = new DateColumnFilter()
    filter.update(InternalRow(1), 0)
    filter.update(InternalRow(2), 0)
    filter.update(InternalRow(10), 0)

    filter.mightContain(1) should be (true)
    filter.mightContain(2) should be (true)
    filter.mightContain(10) should be (true)
    filter.mightContain(-1) should be (false)
    filter.mightContain(3) should be (false)
    filter.mightContain(11) should be (false)
  }

  test(""equals"") {
    val filter = new DateColumnFilter()
    assert(filter.equals(filter) === true)
    assert(filter.equals(new DateColumnFilter(1024)) === true)
    assert(filter.equals(null) === false)
  }

  test(""toString"") {
    val filter = new DateColumnFilter(1024)
    filter.update(InternalRow(null), 0)
    filter.update(InternalRow(1), 0)
    assert(filter.toString
      .contains(""DateColumnFilter[hasNulls=true, org.apache.spark.util.sketch.BloomFilterImpl""))
  }

  test(""read/write empty filter"") {
    val buf = new OutputBuffer()
    val filter1 = new DateColumnFilter(32)
    filter1.writeExternal(buf)
    val in = ByteBuffer.wrap(buf.array())
    val filter2 = ColumnFilter.readExternal(in)
    filter2 should be (filter1)
    filter2.hasNulls should be (false)
  }

  test(""read/write filter"") {
    val buf = new OutputBuffer()
    val filter1 = new DateColumnFilter(32)
    filter1.update(InternalRow(null), 0)
    filter1.update(InternalRow(1), 0)
    filter1.update(InternalRow(2), 0)
    filter1.writeExternal(buf)
    val in = ByteBuffer.wrap(buf.array())
    val filter2 = ColumnFilter.readExternal(in)
    filter2 should be (filter1)
    filter2.hasNulls should be (true)
    filter2.mightContain(1) should be (true)
    filter2.mightContain(2) should be (true)
  }
}","scala
import org.apache.spark.sql.catalyst.expressions.{Expression, Literal}
import org.apache.spark.sql.types.{DataType, DateType}
import org.scalatest.{FunSuite, Matchers}

class DateColumnFilterSuite extends FunSuite with Matchers {
  test(""date column filter: basic functionality"") {
    val dateColumn = new DateColumn(1000)
    val date = java.sql.Date.valueOf(""2023-01-01"")
    val row = InternalRow.fromSeq(Seq(date))
    val filter = new DateColumnFilter(0, Literal(date), Expression.EQ)

    // Test equality
    filter.eval(row) shouldBe true

    // Test inequality
    val differentDate = java.sql.Date.valueOf(""2023-01-02"")
    val differentRow = InternalRow.fromSeq(Seq(differentDate))
    filter.eval(differentRow) shouldBe false
  }

  test(""date column filter: null handling"") {
    val dateColumn = new DateColumn(1000)
    val row = InternalRow.fromSeq(Seq(null: java.sql.Date))
    val filter = new DateColumnFilter(0, Literal(java.sql.Date.valueOf(""2023-01-01"
qwen,Qwen/Qwen3-30B-A3B-Instruct-2507:nebius,scala,GPL-3.0,project::Dependencies.scala,57,0.2,0,0.0,"    ""Concurrent Maven Repo"" at ""http://conjars.org/repo"", // For Scalding, Cascading etc
    ""Typesafe repository"" at ""http://repo.typesafe.com/typesafe/releases/"",
    ""Cloudera Repository"" at ""https://repository.cloudera.com/artifactory/public/"",
    ""Twitter Maven Repo"" at ""http://maven.twttr.com"",
    ""Maven Repository"" at ""http://mvnrepository.com/artifact/"",
    ""Apache public"" at ""https://repository.apache.org/content/groups/public"",
    ""Cloudera2"" at ""https://repository.cloudera.com/artifactory/cloudera-repos/"",
    ""Sonatype OSS Snapshots"" at ""http://oss.sonatype.org/content/repositories/snapshots/""
  )

  object V {
    val scalding  = ""0.8.11""
    val hadoop    = ""2.0.0-mr1-cdh4.4.0""
    val specs2    = ""1.13"" // -> ""1.13"" when we bump to Scala 2.10.0
    val cascadingVersion = ""2.2.0""
    // Add versions for your additional libraries here...
  }

  object Libraries {
    val hadoopVersion = ""2.0.0-cdh4.1.2""
    val hadoopMr1Version = ""2.0.0-mr1-cdh4.1.2""
    val scaldingVersion = ""0.9.0rc4""

    val cascadingCore   = ""cascading""          % ""cascading-core""           % V.cascadingVersion
    val scaldingArgs            = ""com.twitter""                       %% ""scalding-args""             % scaldingVersion
    val scaldingAvro            = ""com.twitter""                       %% ""scalding-avro""             % scaldingVersion
    val scaldingCommons         = ""com.twitter""                       %% ""scalding-commons""          % ""0.2.0""            exclude (""jvyaml"", ""jvyaml"")
    val scaldingCore            = ""com.twitter""                       %% ""scalding-core""             % scaldingVersion
    val hadoopCommon            = ""org.apache.hadoop""                 %  ""hadoop-common""             % hadoopVersion      exclude (""org.slf4j"", ""slf4j-log4j12"")
     val hadoopHdfs              = ""org.apache.hadoop""                 %  ""hadoop-hdfs""               % hadoopVersion      exclude (""org.slf4j"", ""slf4j-log4j12"") exclude (""commons-daemon"", ""commons-daemon"")
     val hadoopCore              = ""org.apache.hadoop""                 %  ""hadoop-core""               % hadoopMr1Version
    // Add additional libraries from mvnrepository.com (SBT syntax) here...

    // Scala (test only)
    val specs2       = ""org.specs2""                 %% ""specs2""               % V.specs2       % ""test""
    val shapeless    = ""com.chuusai"" % ""shapeless"" % ""2.0.0-SNAPSHOT"" cross CrossVersion.full changing()
    val log4j        = ""log4j"" % ""log4j"" % ""1.2.17""

  }
}","MavenRepository(""snowplow-maven"", ""https://maven.snplow.com""),
  Resolver.bintrayRepo(""snowplow"", ""maven"")
)"
qwen,Qwen/Qwen3-30B-A3B-Instruct-2507:nebius,scala,GPL-3.0,project::Dependencies.scala,57,0.4,0,0.06542056074766354,"    ""Concurrent Maven Repo"" at ""http://conjars.org/repo"", // For Scalding, Cascading etc
    ""Typesafe repository"" at ""http://repo.typesafe.com/typesafe/releases/"",
    ""Cloudera Repository"" at ""https://repository.cloudera.com/artifactory/public/"",
    ""Twitter Maven Repo"" at ""http://maven.twttr.com"",
    ""Maven Repository"" at ""http://mvnrepository.com/artifact/"",
    ""Apache public"" at ""https://repository.apache.org/content/groups/public"",
    ""Cloudera2"" at ""https://repository.cloudera.com/artifactory/cloudera-repos/"",
    ""Sonatype OSS Snapshots"" at ""http://oss.sonatype.org/content/repositories/snapshots/""
  )

  object V {
    val scalding  = ""0.8.11""
    val hadoop    = ""2.0.0-mr1-cdh4.4.0""
    val specs2    = ""1.13"" // -> ""1.13"" when we bump to Scala 2.10.0
    val cascadingVersion = ""2.2.0""
    // Add versions for your additional libraries here...
  }

  object Libraries {
    val hadoopVersion = ""2.0.0-cdh4.1.2""
    val hadoopMr1Version = ""2.0.0-mr1-cdh4.1.2""
    val scaldingVersion = ""0.9.0rc4""

    val cascadingCore   = ""cascading""          % ""cascading-core""           % V.cascadingVersion
    val scaldingArgs            = ""com.twitter""                       %% ""scalding-args""             % scaldingVersion
    val scaldingAvro            = ""com.twitter""                       %% ""scalding-avro""             % scaldingVersion
    val scaldingCommons         = ""com.twitter""                       %% ""scalding-commons""          % ""0.2.0""            exclude (""jvyaml"", ""jvyaml"")
    val scaldingCore            = ""com.twitter""                       %% ""scalding-core""             % scaldingVersion
    val hadoopCommon            = ""org.apache.hadoop""                 %  ""hadoop-common""             % hadoopVersion      exclude (""org.slf4j"", ""slf4j-log4j12"")
     val hadoopHdfs              = ""org.apache.hadoop""                 %  ""hadoop-hdfs""               % hadoopVersion      exclude (""org.slf4j"", ""slf4j-log4j12"") exclude (""commons-daemon"", ""commons-daemon"")
     val hadoopCore              = ""org.apache.hadoop""                 %  ""hadoop-core""               % hadoopMr1Version
    // Add additional libraries from mvnrepository.com (SBT syntax) here...

    // Scala (test only)
    val specs2       = ""org.specs2""                 %% ""specs2""               % V.specs2       % ""test""
    val shapeless    = ""com.chuusai"" % ""shapeless"" % ""2.0.0-SNAPSHOT"" cross CrossVersion.full changing()
    val log4j        = ""log4j"" % ""log4j"" % ""1.2.17""

  }
}","Resolver.sonatypeOssRepos(""public""),
    Resolver.typesafeRepo(""releases""),
    Resolver.jcenterRepo
  )

  val commonDeps = Seq(
    ""com.typesafe.sbt"" % ""sbt-native-packager"" % ""1.9.10"",
    ""org.scala-sbt"" % ""sbt"" % ""1.8.2"",
    ""org.scala-lang"" % ""scala-compiler"" % ""2.13.10"",
    ""org.scala-lang"" % ""scala-library"" % ""2.13.10"",
    ""org.scala-lang"" % ""scala-reflect"" % ""2.13.10""
  )

  val testDeps = Seq(
    ""org.scalatest"" %% ""scalatest"" % ""3.2.15"" % Test,
    ""org.scalacheck"" %% ""scalacheck"" % ""1.17.0"" % Test,
    ""org.mockito"" % ""mockito-core"" % ""5.7.0"" % Test
  )

  val compileDeps = Seq(
    ""com.github.scopt"" %% ""scopt"" % ""4.1.0"
qwen,Qwen/Qwen3-30B-A3B-Instruct-2507:nebius,scala,GPL-3.0,project::Dependencies.scala,57,0.8,0,0.08247422680412371,"    ""Concurrent Maven Repo"" at ""http://conjars.org/repo"", // For Scalding, Cascading etc
    ""Typesafe repository"" at ""http://repo.typesafe.com/typesafe/releases/"",
    ""Cloudera Repository"" at ""https://repository.cloudera.com/artifactory/public/"",
    ""Twitter Maven Repo"" at ""http://maven.twttr.com"",
    ""Maven Repository"" at ""http://mvnrepository.com/artifact/"",
    ""Apache public"" at ""https://repository.apache.org/content/groups/public"",
    ""Cloudera2"" at ""https://repository.cloudera.com/artifactory/cloudera-repos/"",
    ""Sonatype OSS Snapshots"" at ""http://oss.sonatype.org/content/repositories/snapshots/""
  )

  object V {
    val scalding  = ""0.8.11""
    val hadoop    = ""2.0.0-mr1-cdh4.4.0""
    val specs2    = ""1.13"" // -> ""1.13"" when we bump to Scala 2.10.0
    val cascadingVersion = ""2.2.0""
    // Add versions for your additional libraries here...
  }

  object Libraries {
    val hadoopVersion = ""2.0.0-cdh4.1.2""
    val hadoopMr1Version = ""2.0.0-mr1-cdh4.1.2""
    val scaldingVersion = ""0.9.0rc4""

    val cascadingCore   = ""cascading""          % ""cascading-core""           % V.cascadingVersion
    val scaldingArgs            = ""com.twitter""                       %% ""scalding-args""             % scaldingVersion
    val scaldingAvro            = ""com.twitter""                       %% ""scalding-avro""             % scaldingVersion
    val scaldingCommons         = ""com.twitter""                       %% ""scalding-commons""          % ""0.2.0""            exclude (""jvyaml"", ""jvyaml"")
    val scaldingCore            = ""com.twitter""                       %% ""scalding-core""             % scaldingVersion
    val hadoopCommon            = ""org.apache.hadoop""                 %  ""hadoop-common""             % hadoopVersion      exclude (""org.slf4j"", ""slf4j-log4j12"")
     val hadoopHdfs              = ""org.apache.hadoop""                 %  ""hadoop-hdfs""               % hadoopVersion      exclude (""org.slf4j"", ""slf4j-log4j12"") exclude (""commons-daemon"", ""commons-daemon"")
     val hadoopCore              = ""org.apache.hadoop""                 %  ""hadoop-core""               % hadoopMr1Version
    // Add additional libraries from mvnrepository.com (SBT syntax) here...

    // Scala (test only)
    val specs2       = ""org.specs2""                 %% ""specs2""               % V.specs2       % ""test""
    val shapeless    = ""com.chuusai"" % ""shapeless"" % ""2.0.0-SNAPSHOT"" cross CrossVersion.full changing()
    val log4j        = ""log4j"" % ""log4j"" % ""1.2.17""

  }
}","Resolver.sonatypeOssReleases,
    Resolver.typesafeIvyRepo(""releases""),
    Resolver.mavenCentral
  )

  val scala212 = ""2.12.18""
  val scala213 = ""2.13.12""
  val scala3 = ""3.3.0""

  val commonDeps = Seq(
    ""org.typelevel"" %% ""cats-core"" % ""2.9.0"",
    ""org.typelevel"" %% ""cats-effect"" % ""3.4.11"",
    ""org.scalatest"" %% ""scalatest"" % ""3.2.15"" % Test,
    ""org.scalacheck"" %% ""scalacheck"" % ""1.17.0"" % Test
  )

  val jvmDeps = Seq(
    ""org.postgresql"" % ""postgresql"" % ""42.6.0"",
    ""com.typesafe.slick"" %% ""slick"" % ""3.3.3"",
    ""com.typesafe.slick"" %% ""slick-hikaricp"" % ""3.3.3""
  )

  val jsDeps = Seq(
    ""org.scala-js"""
qwen,Qwen/Qwen3-30B-A3B-Instruct-2507:nebius,scala,GPL-3.0,src::main::scala::com::shocktrade::datacenter::narratives::securities::yahoo::csv::YFCsvSvcToKafkaNarrative.scala,112,0.2,0,0.022222222222222223,"    ""high"", ""low"", ""high52Week"", ""low52Week"", ""volume"", ""marketCap"", ""errorMessage"", ""ask"", ""askSize"", ""bid"", ""bidSize"")

  // extract the properties we need
  val kafkaTopic = props.getOrDie(""kafka.topic"")
  val topicParallelism = props.getOrDie(""kafka.topic.parallelism"").toInt
  val mongoReplicas = props.getOrDie(""mongo.replicas"")
  val mongoDatabase = props.getOrDie(""mongo.database"")
  val mongoCollection = props.getOrDie(""mongo.collection"")
  val zkConnect = props.getOrDie(""zookeeper.connect"")

  // create a MongoDB actor for retrieving stock quotes
  lazy val mongoReader = prepareActor(MongoDBActor(parseServerList(mongoReplicas), mongoDatabase), id = ""mongoReader"", parallelism = 10)

  // create a Kafka publishing actor for stock quotes
  // NOTE: the Kafka parallelism is equal to the number of brokers
  lazy val kafkaPublisher = prepareActor(new KafkaPublishingActor(zkConnect), id = ""kafkaPublisher"", parallelism = topicParallelism)

  // create a counter for statistics
  val counter = new Counter(1.minute)((successes, failures, rps) =>
    log.info(f""Yahoo -> $kafkaTopic: $successes records, $failures failures ($rps%.1f records/second)""))

  // create an actor to transform the MongoDB results to Avro-encoded records
  lazy val transformer = prepareActor(new TransformingActor({
    case MongoFindResults(coll, docs) =>
      val symbols = docs.flatMap(_.getAs[String](""symbol""))
      YFStockQuoteService.getQuotesSync(symbols, parameters) foreach { quote =>
        Try {
          kafkaPublisher ! PublishAvro(kafkaTopic, toAvro(quote))
        } match {
          case Success(_) => counter += 1
          case Failure(e) =>
            log.error(s""Failed to publish CSV quote for ${quote.symbol}: ${e.getMessage}"")
        }
      }
      true
    case _ => false
  }))

  onStart { resource =>
    // 1. Query all symbols not update in the last 5 minutes
    // 2. Send the symbols to the transforming actor, which will load the quote, transform it to Avro
    // 3. Write each Avro record to Kafka
    val lastModified = new DateTime().minusMinutes(5)
    log.info(s""Retrieving CSV quote symbols from collection $mongoCollection (modified since $lastModified)..."")
    mongoReader ! Find(
      recipient = transformer,
      name = mongoCollection,
      query = O(""active"" -> true, ""yfDynUpdates"" -> true) ++ $or(""yfDynLastUpdated"" $exists false, ""yfDynLastUpdated"" $lte lastModified),
      fields = O(""symbol"" -> 1),
      maxFetchSize = 32)
  }

  private def toAvro(quote: YFStockQuote) = {
    CSVQuoteRecord.newBuilder()
      .setSymbol(quote.symbol)
      .setExchange(quote.exchange.orNull)
      .setAsk(quote.ask.map(n => n: JDouble).orNull)
      .setAskSize(quote.askSize.map(n => n: Integer).orNull)
      .setBid(quote.bid.map(n => n: JDouble).orNull)
      .setBidSize(quote.bidSize.map(n => n: Integer).orNull)
      .setChange(quote.change.map(n => n: JDouble).orNull)
      .setChangePct(quote.changePct.map(n => n: JDouble).orNull)
      .setClose(quote.close.map(n => n: JDouble).orNull)
      .setHigh(quote.high.map(n => n: JDouble).orNull)
      .setHigh52Week(quote.high52Week.map(n => n: JDouble).orNull)
      .setLastTrade(quote.lastTrade.map(n => n: JDouble).orNull)
      .setLow(quote.low.map(n => n: JDouble).orNull)
      .setLow52Week(quote.low52Week.map(n => n: JDouble).orNull)
      .setMarketCap(quote.marketCap.map(n => n: JDouble).orNull)
      .setName(quote.name.orNull)
      .setOpen(quote.open.map(n => n: JDouble).orNull)
      .setPrevClose(quote.prevClose.map(n => n: JDouble).orNull)
      .setResponseTimeMsec(quote.responseTimeMsec: JLong)
      .setTradeDateTime(quote.tradeDateTime.map(n => n.getTime: JLong).orNull)
      .setVolume(quote.volume.map(n => n: JLong).orNull)
      .build()
  }

}","val kafkaProducerProps = props.getKafkaProducerProps
  val kafkaTopic = props.getProperty(""kafka.topic"", ""yahoo-finance-quotes"")

  // create the Kafka publishing actor
  val kafkaActor = context.actorOf(
    KafkaPublishingActor.props(kafkaProducerProps, kafkaTopic),
    s""kafka-publisher-$id""
  )

  // create the MongoDB actor for storing metadata
  val mongoActor = context.actorOf(
    MongoDBActor.props(props.getMongoProps),
    s""mongo-store-$id""
  )

  // create the stock quote service actor
  val yfServiceActor = context.actorOf(
    YFStockQuoteService.props(props),
    s""yf-service-$id""
  )

  // create the transforming actor to process CSV records
  val transformingActor = context.actorOf(
    TransformingActor.props(
      transform = { record: String =>
        Try {
          val fields = record.split("","", -1) // preserve empty fields
          if (fields.length < 10) {
            throw new IllegalArgumentException(s""Invalid CSV record: $record"")
          }

          val symbol = fields(0).trim
          val exchange = fields(1).trim
          val lastTrade = parse"
qwen,Qwen/Qwen3-30B-A3B-Instruct-2507:nebius,scala,GPL-3.0,src::main::scala::com::shocktrade::datacenter::narratives::securities::yahoo::csv::YFCsvSvcToKafkaNarrative.scala,112,0.4,0,0.025547445255474453,"    ""high"", ""low"", ""high52Week"", ""low52Week"", ""volume"", ""marketCap"", ""errorMessage"", ""ask"", ""askSize"", ""bid"", ""bidSize"")

  // extract the properties we need
  val kafkaTopic = props.getOrDie(""kafka.topic"")
  val topicParallelism = props.getOrDie(""kafka.topic.parallelism"").toInt
  val mongoReplicas = props.getOrDie(""mongo.replicas"")
  val mongoDatabase = props.getOrDie(""mongo.database"")
  val mongoCollection = props.getOrDie(""mongo.collection"")
  val zkConnect = props.getOrDie(""zookeeper.connect"")

  // create a MongoDB actor for retrieving stock quotes
  lazy val mongoReader = prepareActor(MongoDBActor(parseServerList(mongoReplicas), mongoDatabase), id = ""mongoReader"", parallelism = 10)

  // create a Kafka publishing actor for stock quotes
  // NOTE: the Kafka parallelism is equal to the number of brokers
  lazy val kafkaPublisher = prepareActor(new KafkaPublishingActor(zkConnect), id = ""kafkaPublisher"", parallelism = topicParallelism)

  // create a counter for statistics
  val counter = new Counter(1.minute)((successes, failures, rps) =>
    log.info(f""Yahoo -> $kafkaTopic: $successes records, $failures failures ($rps%.1f records/second)""))

  // create an actor to transform the MongoDB results to Avro-encoded records
  lazy val transformer = prepareActor(new TransformingActor({
    case MongoFindResults(coll, docs) =>
      val symbols = docs.flatMap(_.getAs[String](""symbol""))
      YFStockQuoteService.getQuotesSync(symbols, parameters) foreach { quote =>
        Try {
          kafkaPublisher ! PublishAvro(kafkaTopic, toAvro(quote))
        } match {
          case Success(_) => counter += 1
          case Failure(e) =>
            log.error(s""Failed to publish CSV quote for ${quote.symbol}: ${e.getMessage}"")
        }
      }
      true
    case _ => false
  }))

  onStart { resource =>
    // 1. Query all symbols not update in the last 5 minutes
    // 2. Send the symbols to the transforming actor, which will load the quote, transform it to Avro
    // 3. Write each Avro record to Kafka
    val lastModified = new DateTime().minusMinutes(5)
    log.info(s""Retrieving CSV quote symbols from collection $mongoCollection (modified since $lastModified)..."")
    mongoReader ! Find(
      recipient = transformer,
      name = mongoCollection,
      query = O(""active"" -> true, ""yfDynUpdates"" -> true) ++ $or(""yfDynLastUpdated"" $exists false, ""yfDynLastUpdated"" $lte lastModified),
      fields = O(""symbol"" -> 1),
      maxFetchSize = 32)
  }

  private def toAvro(quote: YFStockQuote) = {
    CSVQuoteRecord.newBuilder()
      .setSymbol(quote.symbol)
      .setExchange(quote.exchange.orNull)
      .setAsk(quote.ask.map(n => n: JDouble).orNull)
      .setAskSize(quote.askSize.map(n => n: Integer).orNull)
      .setBid(quote.bid.map(n => n: JDouble).orNull)
      .setBidSize(quote.bidSize.map(n => n: Integer).orNull)
      .setChange(quote.change.map(n => n: JDouble).orNull)
      .setChangePct(quote.changePct.map(n => n: JDouble).orNull)
      .setClose(quote.close.map(n => n: JDouble).orNull)
      .setHigh(quote.high.map(n => n: JDouble).orNull)
      .setHigh52Week(quote.high52Week.map(n => n: JDouble).orNull)
      .setLastTrade(quote.lastTrade.map(n => n: JDouble).orNull)
      .setLow(quote.low.map(n => n: JDouble).orNull)
      .setLow52Week(quote.low52Week.map(n => n: JDouble).orNull)
      .setMarketCap(quote.marketCap.map(n => n: JDouble).orNull)
      .setName(quote.name.orNull)
      .setOpen(quote.open.map(n => n: JDouble).orNull)
      .setPrevClose(quote.prevClose.map(n => n: JDouble).orNull)
      .setResponseTimeMsec(quote.responseTimeMsec: JLong)
      .setTradeDateTime(quote.tradeDateTime.map(n => n.getTime: JLong).orNull)
      .setVolume(quote.volume.map(n => n: JLong).orNull)
      .build()
  }

}","val csvQuoteRecord = CSVQuoteRecord.newBuilder()
  val counter = Counter()

  // Create the Kafka publishing actor for sending CSV records
  val kafkaActor = context.actorOf(
    KafkaPublishingActor.props(
      props.get(""kafka.bootstrap.servers"").toString,
      props.get(""kafka.topic"").toString,
      props.get(""kafka.key.serializer"").toString,
      props.get(""kafka.value.serializer"").toString
    ),
    ""kafka-publisher""
  )

  // Create the MongoDB actor for storing metadata or historical data
  val mongoActor = context.actorOf(
    MongoDBActor.props(
      props.get(""mongo.uri"").toString,
      props.get(""mongo.db"").toString,
      props.get(""mongo.collection"").toString
    ),
    ""mongo-store""
  )

  // Define the transformation logic for CSV records
  val transformingActor = context.actorOf(
    TransformingActor.props(
      // Process each CSV record
      (record: String) => {
        Try {
          val fields = record.split("","").map(_.trim)

          // Validate the number of fields
          if (fields.length < 10) {
            logger.warn(s""Invalid CSV record: $record"")
            return None
          }

          //"
qwen,Qwen/Qwen3-30B-A3B-Instruct-2507:nebius,scala,GPL-3.0,src::main::scala::com::shocktrade::datacenter::narratives::securities::yahoo::csv::YFCsvSvcToKafkaNarrative.scala,112,0.8,0,0.015873015873015872,"    ""high"", ""low"", ""high52Week"", ""low52Week"", ""volume"", ""marketCap"", ""errorMessage"", ""ask"", ""askSize"", ""bid"", ""bidSize"")

  // extract the properties we need
  val kafkaTopic = props.getOrDie(""kafka.topic"")
  val topicParallelism = props.getOrDie(""kafka.topic.parallelism"").toInt
  val mongoReplicas = props.getOrDie(""mongo.replicas"")
  val mongoDatabase = props.getOrDie(""mongo.database"")
  val mongoCollection = props.getOrDie(""mongo.collection"")
  val zkConnect = props.getOrDie(""zookeeper.connect"")

  // create a MongoDB actor for retrieving stock quotes
  lazy val mongoReader = prepareActor(MongoDBActor(parseServerList(mongoReplicas), mongoDatabase), id = ""mongoReader"", parallelism = 10)

  // create a Kafka publishing actor for stock quotes
  // NOTE: the Kafka parallelism is equal to the number of brokers
  lazy val kafkaPublisher = prepareActor(new KafkaPublishingActor(zkConnect), id = ""kafkaPublisher"", parallelism = topicParallelism)

  // create a counter for statistics
  val counter = new Counter(1.minute)((successes, failures, rps) =>
    log.info(f""Yahoo -> $kafkaTopic: $successes records, $failures failures ($rps%.1f records/second)""))

  // create an actor to transform the MongoDB results to Avro-encoded records
  lazy val transformer = prepareActor(new TransformingActor({
    case MongoFindResults(coll, docs) =>
      val symbols = docs.flatMap(_.getAs[String](""symbol""))
      YFStockQuoteService.getQuotesSync(symbols, parameters) foreach { quote =>
        Try {
          kafkaPublisher ! PublishAvro(kafkaTopic, toAvro(quote))
        } match {
          case Success(_) => counter += 1
          case Failure(e) =>
            log.error(s""Failed to publish CSV quote for ${quote.symbol}: ${e.getMessage}"")
        }
      }
      true
    case _ => false
  }))

  onStart { resource =>
    // 1. Query all symbols not update in the last 5 minutes
    // 2. Send the symbols to the transforming actor, which will load the quote, transform it to Avro
    // 3. Write each Avro record to Kafka
    val lastModified = new DateTime().minusMinutes(5)
    log.info(s""Retrieving CSV quote symbols from collection $mongoCollection (modified since $lastModified)..."")
    mongoReader ! Find(
      recipient = transformer,
      name = mongoCollection,
      query = O(""active"" -> true, ""yfDynUpdates"" -> true) ++ $or(""yfDynLastUpdated"" $exists false, ""yfDynLastUpdated"" $lte lastModified),
      fields = O(""symbol"" -> 1),
      maxFetchSize = 32)
  }

  private def toAvro(quote: YFStockQuote) = {
    CSVQuoteRecord.newBuilder()
      .setSymbol(quote.symbol)
      .setExchange(quote.exchange.orNull)
      .setAsk(quote.ask.map(n => n: JDouble).orNull)
      .setAskSize(quote.askSize.map(n => n: Integer).orNull)
      .setBid(quote.bid.map(n => n: JDouble).orNull)
      .setBidSize(quote.bidSize.map(n => n: Integer).orNull)
      .setChange(quote.change.map(n => n: JDouble).orNull)
      .setChangePct(quote.changePct.map(n => n: JDouble).orNull)
      .setClose(quote.close.map(n => n: JDouble).orNull)
      .setHigh(quote.high.map(n => n: JDouble).orNull)
      .setHigh52Week(quote.high52Week.map(n => n: JDouble).orNull)
      .setLastTrade(quote.lastTrade.map(n => n: JDouble).orNull)
      .setLow(quote.low.map(n => n: JDouble).orNull)
      .setLow52Week(quote.low52Week.map(n => n: JDouble).orNull)
      .setMarketCap(quote.marketCap.map(n => n: JDouble).orNull)
      .setName(quote.name.orNull)
      .setOpen(quote.open.map(n => n: JDouble).orNull)
      .setPrevClose(quote.prevClose.map(n => n: JDouble).orNull)
      .setResponseTimeMsec(quote.responseTimeMsec: JLong)
      .setTradeDateTime(quote.tradeDateTime.map(n => n.getTime: JLong).orNull)
      .setVolume(quote.volume.map(n => n: JLong).orNull)
      .build()
  }

}","val csvQuoteRecord = CSVQuoteRecord.newBuilder()

  // Process each CSV record and publish to Kafka
  override def start(): Unit = {
    // Initialize the stock quote service
    val yfService = new YFStockQuoteService

    // Create a MongoDB actor for storing processed records
    val mongoActor = context.actorOf(MongoDBActor.props(config, props), ""mongo-actor"")

    // Create a Kafka publishing actor for sending records to Kafka
    val kafkaActor = context.actorOf(
      KafkaPublishingActor.props(config, props, ""stock-quotes"", ""csv-quote-topic"", ""avro""),
      ""kafka-publisher""
    )

    // Set up the transforming actor to handle CSV parsing and transformation
    val transformingActor = context.actorOf(
      TransformingActor.props(
        input = {
          case line: String =>
            // Parse CSV line into a map of fields
            val fields = line.split("","").map(_.trim)

            // Skip the header line
            if (fields.head == ""symbol"") {
              None
            } else {
              // Extract fields using the parameter order
              val symbol = fields(0)
              val exchange = fields(1)
              val lastTrade = Try"
qwen,Qwen/Qwen3-30B-A3B-Instruct-2507:nebius,scala,GPL-3.0,src::main::scala::tomtom::splitter::layer7::ConnectionPool.scala,179,0.2,0,0.055248618784530384,"}

/**
 * Wraps the cached connection, so we can include some cache-specific metadata (in particular, whether or not
 * this connection was just created) so we work nicely with commons pool.
 */
case class CachedChannel(channel: Channel) {

  /**Set to true when a new connection is created, and cleared before it is handed back to the client. */
  @volatile var created: Boolean = true // note this is ignored by compiler-generated equals
}

/**DTO to hold both the key, and the channel retrieved by it. */
case class KeyChannelPair(key: ConnectionKey, obj: CachedChannel)

/**DTO manage the configurable settings for the cache pool, with reasonable defaults. */
case class PoolConfig(maxOpenConnections: Int = 30,
                      maxWaitMs: Int = 5000,
                      maxIdleConnections: Int = 8,
                      msBetweenEvictionRuns: Int = 10000,
                      numTestsPerEvictionRuns: Int = 5,
                      maxIdleTimeMs: Int = 60000,
                      connectTimeoutMillis: Int = 30000,
                      receiveTimeoutMillis: Int = 120000,
                      keepAlive: Boolean = true)

trait ConnectionPoolFactoryComponent {

  val executor: ExecutorService

  val outboundChannelFactory: ChannelFactory

  val poolConfig: PoolConfig

  class ConnectionPoolFactory extends KeyedPoolableObjectFactory[ConnectionKey, CachedChannel] {

    val log = Logger(LoggerFactory.getLogger(getClass))

    override def makeObject(key: ConnectionKey): CachedChannel = {
      log.info(s""Creating $key"")
      val clientBootstrap = new ClientBootstrap(outboundChannelFactory)
      clientBootstrap.setPipelineFactory(key.pipelineFactory())
      clientBootstrap.setOption(""connectTimeoutMillis"", poolConfig.connectTimeoutMillis.toString)
      clientBootstrap.setOption(""receiveTimeoutMillis"", poolConfig.receiveTimeoutMillis.toString)
      clientBootstrap.setOption(""keepAlive"", poolConfig.keepAlive.toString)
      val future = clientBootstrap.connect(key.server.address)
      import RichFuture._
      future listen {
        key.futureAction
      }
      CachedChannel(future.getChannel)
    }

    override def destroyObject(key: ConnectionKey, obj: CachedChannel) {
      log.debug(s""Destroying $key"")
      Channels.close(obj.channel)
    }

    override def validateObject(key: ConnectionKey, obj: CachedChannel): Boolean = {
      log.trace(s""Validating ($key, $obj)"")
      val result = obj.created || (obj.channel.isConnected && obj.channel.isWritable)
      log.info(s""Validating $obj result is $result"")
      result
    }

    override def activateObject(key: ConnectionKey, obj: CachedChannel) {
    }

    override def passivateObject(key: ConnectionKey, obj: CachedChannel) {
    }
  }

}

trait ConnectionPool {
  def borrowConnection(key: ConnectionKey): KeyChannelPair

  def returnConnection(keyedBundle: KeyChannelPair)
}

trait ConnectionPoolComponent {

  this: ConnectionPoolFactoryComponent =>

  val connectionFactory: ConnectionPoolFactory

  class ConnectionPoolImpl extends ConnectionPool {
    val log = Logger(LoggerFactory.getLogger(getClass))

    val pool = new GenericKeyedObjectPool(
      connectionFactory,
      poolConfig.maxOpenConnections, /* total number active instances per key */
      GenericKeyedObjectPool.WHEN_EXHAUSTED_BLOCK,
      poolConfig.maxWaitMs, /* max wait ms */
      poolConfig.maxIdleConnections, /* max idle instances per key */
      true, /* test on borrow */
      true, /* test on return */
      poolConfig.msBetweenEvictionRuns, /* time between eviction runs */
      poolConfig.numTestsPerEvictionRuns, /*NumTestsPerEvictionRun*/
      poolConfig.maxIdleTimeMs, /* MinEvictableIdleTimeMillis */
      true /* test while idle */)

    override def borrowConnection(key: ConnectionKey): KeyChannelPair = {
      val objBundle = pool.borrowObject(key)
      if (!objBundle.created) {
        val future = Channels.future(objBundle.channel)
        future.setSuccess()
        key.futureAction(future)
      } else {
        objBundle.created = false
      }
      val keyBundle = KeyChannelPair(key, objBundle)
      log.info(s""Borrowing $keyBundle for request"")
      keyBundle
    }

    override def returnConnection(keyedBundle: KeyChannelPair) {
      if (keyedBundle != null) {
        log.info(s""Returning $keyedBundle"")
        pool.returnObject(keyedBundle.key, keyedBundle.obj)
      }
    }
  }

}","/** Returns a string representation of the connection key, useful for debugging. */
  override def toString: String = s""ConnectionKey(server=$server)""
}

/**
 * Factory for creating and managing connections to proxied servers.
 * This factory is used by the GenericKeyedObjectPool to create, validate, and destroy connections.
 */
class ConnectionFactory(
  private val bootstrap: ClientBootstrap,
  private val executor: ExecutorService,
  private val pipelineFactory: () => ChannelPipelineFactory,
  private val futureAction: (ChannelFuture => Unit)
) extends KeyedPoolableObjectFactory[ConnectionKey, Channel] {

  private val logger = Logger(LoggerFactory.getLogger(getClass))

  /**
   * Creates a new connection to the server specified by the key.
   * This method is called by the pool when a new connection needs to be created.
   */
  override def makeObject(key: ConnectionKey): Channel = {
    logger.debug(s""Creating new connection for server: ${key.server}"")

    // Configure the bootstrap with the pipeline factory
    bootstrap.setPipelineFactory(key.pipelineFactory())

    // Create a new channel and connect to the server
    val channelFuture = bootstrap.connect(key.server.address)

    // Register the action to be performed when the connection is established"
qwen,Qwen/Qwen3-30B-A3B-Instruct-2507:nebius,scala,GPL-3.0,src::main::scala::tomtom::splitter::layer7::ConnectionPool.scala,179,0.4,0,0.011111111111111112,"}

/**
 * Wraps the cached connection, so we can include some cache-specific metadata (in particular, whether or not
 * this connection was just created) so we work nicely with commons pool.
 */
case class CachedChannel(channel: Channel) {

  /**Set to true when a new connection is created, and cleared before it is handed back to the client. */
  @volatile var created: Boolean = true // note this is ignored by compiler-generated equals
}

/**DTO to hold both the key, and the channel retrieved by it. */
case class KeyChannelPair(key: ConnectionKey, obj: CachedChannel)

/**DTO manage the configurable settings for the cache pool, with reasonable defaults. */
case class PoolConfig(maxOpenConnections: Int = 30,
                      maxWaitMs: Int = 5000,
                      maxIdleConnections: Int = 8,
                      msBetweenEvictionRuns: Int = 10000,
                      numTestsPerEvictionRuns: Int = 5,
                      maxIdleTimeMs: Int = 60000,
                      connectTimeoutMillis: Int = 30000,
                      receiveTimeoutMillis: Int = 120000,
                      keepAlive: Boolean = true)

trait ConnectionPoolFactoryComponent {

  val executor: ExecutorService

  val outboundChannelFactory: ChannelFactory

  val poolConfig: PoolConfig

  class ConnectionPoolFactory extends KeyedPoolableObjectFactory[ConnectionKey, CachedChannel] {

    val log = Logger(LoggerFactory.getLogger(getClass))

    override def makeObject(key: ConnectionKey): CachedChannel = {
      log.info(s""Creating $key"")
      val clientBootstrap = new ClientBootstrap(outboundChannelFactory)
      clientBootstrap.setPipelineFactory(key.pipelineFactory())
      clientBootstrap.setOption(""connectTimeoutMillis"", poolConfig.connectTimeoutMillis.toString)
      clientBootstrap.setOption(""receiveTimeoutMillis"", poolConfig.receiveTimeoutMillis.toString)
      clientBootstrap.setOption(""keepAlive"", poolConfig.keepAlive.toString)
      val future = clientBootstrap.connect(key.server.address)
      import RichFuture._
      future listen {
        key.futureAction
      }
      CachedChannel(future.getChannel)
    }

    override def destroyObject(key: ConnectionKey, obj: CachedChannel) {
      log.debug(s""Destroying $key"")
      Channels.close(obj.channel)
    }

    override def validateObject(key: ConnectionKey, obj: CachedChannel): Boolean = {
      log.trace(s""Validating ($key, $obj)"")
      val result = obj.created || (obj.channel.isConnected && obj.channel.isWritable)
      log.info(s""Validating $obj result is $result"")
      result
    }

    override def activateObject(key: ConnectionKey, obj: CachedChannel) {
    }

    override def passivateObject(key: ConnectionKey, obj: CachedChannel) {
    }
  }

}

trait ConnectionPool {
  def borrowConnection(key: ConnectionKey): KeyChannelPair

  def returnConnection(keyedBundle: KeyChannelPair)
}

trait ConnectionPoolComponent {

  this: ConnectionPoolFactoryComponent =>

  val connectionFactory: ConnectionPoolFactory

  class ConnectionPoolImpl extends ConnectionPool {
    val log = Logger(LoggerFactory.getLogger(getClass))

    val pool = new GenericKeyedObjectPool(
      connectionFactory,
      poolConfig.maxOpenConnections, /* total number active instances per key */
      GenericKeyedObjectPool.WHEN_EXHAUSTED_BLOCK,
      poolConfig.maxWaitMs, /* max wait ms */
      poolConfig.maxIdleConnections, /* max idle instances per key */
      true, /* test on borrow */
      true, /* test on return */
      poolConfig.msBetweenEvictionRuns, /* time between eviction runs */
      poolConfig.numTestsPerEvictionRuns, /*NumTestsPerEvictionRun*/
      poolConfig.maxIdleTimeMs, /* MinEvictableIdleTimeMillis */
      true /* test while idle */)

    override def borrowConnection(key: ConnectionKey): KeyChannelPair = {
      val objBundle = pool.borrowObject(key)
      if (!objBundle.created) {
        val future = Channels.future(objBundle.channel)
        future.setSuccess()
        key.futureAction(future)
      } else {
        objBundle.created = false
      }
      val keyBundle = KeyChannelPair(key, objBundle)
      log.info(s""Borrowing $keyBundle for request"")
      keyBundle
    }

    override def returnConnection(keyedBundle: KeyChannelPair) {
      if (keyedBundle != null) {
        log.info(s""Returning $keyedBundle"")
        pool.returnObject(keyedBundle.key, keyedBundle.obj)
      }
    }
  }

}","def withPipelineFactory(newPipelineFactory: () => ChannelPipelineFactory): ConnectionKey = {
    copy(pipelineFactory = newPipelineFactory)
  }

  def withFutureAction(newFutureAction: (ChannelFuture => Unit)): ConnectionKey = {
    copy(futureAction = newFutureAction)
  }
}

/**
 * A connection pool for Netty channels that manages connections to multiple servers.
 * It uses a keyed object pool to store and retrieve connections based on the server they are connected to.
 */
class ConnectionPool(
  private val clientBootstrap: ClientBootstrap,
  private val channelFactory: ChannelFactory,
  private val executorService: ExecutorService,
  private val maxTotal: Int = 8,
  private val maxPerKey: Int = 4,
  private val maxIdle: Int = 2,
  private val minIdle: Int = 0,
  private val maxWait: Long = 10000L
) {

  private val logger = Logger(LoggerFactory.getLogger(getClass))

  // Create a keyed pool for managing connections to different servers
  private val pool = new GenericKeyedObjectPool[ConnectionKey, Channel](
    new ConnectionFactory,
    maxTotal,
    GenericKeyedObjectPool.WHEN_EXHAUST"
qwen,Qwen/Qwen3-30B-A3B-Instruct-2507:nebius,scala,GPL-3.0,src::main::scala::tomtom::splitter::layer7::ConnectionPool.scala,179,0.8,0,0.010869565217391304,"}

/**
 * Wraps the cached connection, so we can include some cache-specific metadata (in particular, whether or not
 * this connection was just created) so we work nicely with commons pool.
 */
case class CachedChannel(channel: Channel) {

  /**Set to true when a new connection is created, and cleared before it is handed back to the client. */
  @volatile var created: Boolean = true // note this is ignored by compiler-generated equals
}

/**DTO to hold both the key, and the channel retrieved by it. */
case class KeyChannelPair(key: ConnectionKey, obj: CachedChannel)

/**DTO manage the configurable settings for the cache pool, with reasonable defaults. */
case class PoolConfig(maxOpenConnections: Int = 30,
                      maxWaitMs: Int = 5000,
                      maxIdleConnections: Int = 8,
                      msBetweenEvictionRuns: Int = 10000,
                      numTestsPerEvictionRuns: Int = 5,
                      maxIdleTimeMs: Int = 60000,
                      connectTimeoutMillis: Int = 30000,
                      receiveTimeoutMillis: Int = 120000,
                      keepAlive: Boolean = true)

trait ConnectionPoolFactoryComponent {

  val executor: ExecutorService

  val outboundChannelFactory: ChannelFactory

  val poolConfig: PoolConfig

  class ConnectionPoolFactory extends KeyedPoolableObjectFactory[ConnectionKey, CachedChannel] {

    val log = Logger(LoggerFactory.getLogger(getClass))

    override def makeObject(key: ConnectionKey): CachedChannel = {
      log.info(s""Creating $key"")
      val clientBootstrap = new ClientBootstrap(outboundChannelFactory)
      clientBootstrap.setPipelineFactory(key.pipelineFactory())
      clientBootstrap.setOption(""connectTimeoutMillis"", poolConfig.connectTimeoutMillis.toString)
      clientBootstrap.setOption(""receiveTimeoutMillis"", poolConfig.receiveTimeoutMillis.toString)
      clientBootstrap.setOption(""keepAlive"", poolConfig.keepAlive.toString)
      val future = clientBootstrap.connect(key.server.address)
      import RichFuture._
      future listen {
        key.futureAction
      }
      CachedChannel(future.getChannel)
    }

    override def destroyObject(key: ConnectionKey, obj: CachedChannel) {
      log.debug(s""Destroying $key"")
      Channels.close(obj.channel)
    }

    override def validateObject(key: ConnectionKey, obj: CachedChannel): Boolean = {
      log.trace(s""Validating ($key, $obj)"")
      val result = obj.created || (obj.channel.isConnected && obj.channel.isWritable)
      log.info(s""Validating $obj result is $result"")
      result
    }

    override def activateObject(key: ConnectionKey, obj: CachedChannel) {
    }

    override def passivateObject(key: ConnectionKey, obj: CachedChannel) {
    }
  }

}

trait ConnectionPool {
  def borrowConnection(key: ConnectionKey): KeyChannelPair

  def returnConnection(keyedBundle: KeyChannelPair)
}

trait ConnectionPoolComponent {

  this: ConnectionPoolFactoryComponent =>

  val connectionFactory: ConnectionPoolFactory

  class ConnectionPoolImpl extends ConnectionPool {
    val log = Logger(LoggerFactory.getLogger(getClass))

    val pool = new GenericKeyedObjectPool(
      connectionFactory,
      poolConfig.maxOpenConnections, /* total number active instances per key */
      GenericKeyedObjectPool.WHEN_EXHAUSTED_BLOCK,
      poolConfig.maxWaitMs, /* max wait ms */
      poolConfig.maxIdleConnections, /* max idle instances per key */
      true, /* test on borrow */
      true, /* test on return */
      poolConfig.msBetweenEvictionRuns, /* time between eviction runs */
      poolConfig.numTestsPerEvictionRuns, /*NumTestsPerEvictionRun*/
      poolConfig.maxIdleTimeMs, /* MinEvictableIdleTimeMillis */
      true /* test while idle */)

    override def borrowConnection(key: ConnectionKey): KeyChannelPair = {
      val objBundle = pool.borrowObject(key)
      if (!objBundle.created) {
        val future = Channels.future(objBundle.channel)
        future.setSuccess()
        key.futureAction(future)
      } else {
        objBundle.created = false
      }
      val keyBundle = KeyChannelPair(key, objBundle)
      log.info(s""Borrowing $keyBundle for request"")
      keyBundle
    }

    override def returnConnection(keyedBundle: KeyChannelPair) {
      if (keyedBundle != null) {
        log.info(s""Returning $keyedBundle"")
        pool.returnObject(keyedBundle.key, keyedBundle.obj)
      }
    }
  }

}","override def toString: String = s""ConnectionKey($server)""
}

/**
 * A connection pool that manages connections to proxied servers using Netty's ChannelPipelineFactory and ClientBootstrap.
 * It uses a GenericKeyedObjectPool to cache and manage connections keyed by ConnectionKey.
 */
class ConnectionPool private (
  private val bootstrap: ClientBootstrap,
  private val factory: KeyedPoolableObjectFactory[ConnectionKey, Channel],
  private val pool: GenericKeyedObjectPool[ConnectionKey, Channel],
  private val executor: ExecutorService
) {

  private val log = Logger(LoggerFactory.getLogger(getClass))

  /**
   * Retrieves a connection for the given server, creating a new one if necessary.
   * The returned future will be completed when the connection is established.
   */
  def getConnection(key: ConnectionKey): ChannelFuture = {
    val future = bootstrap.getPipelineFactory match {
      case factory: ChannelPipelineFactory => {
        // Create a new channel with the pipeline factory
        val channel = bootstrap.newChannel(factory)
        // Add the future action once the channel is connected
        channel.getCloseFuture.addListener((_: ChannelFuture) => {
          key.futureAction(channel.getCloseFuture)
        })
        channel.getCloseFuture
      }
      case"
qwen,Qwen/Qwen3-30B-A3B-Instruct-2507:nebius,scala,GPL-3.0,examples::src::main::scala::spark::streaming::examples::TwitterAlgebirdCMS.scala,99,0.2,0,0.026595744680851064,"      System.err.println(""Usage: TwitterAlgebirdCMS <master>"" +
        "" [filter1] [filter2] ... [filter n]"")
      System.exit(1)
    }

    // CMS parameters
    val DELTA = 1E-3
    val EPS = 0.01
    val SEED = 1
    val PERC = 0.001
    // K highest frequency elements to take
    val TOPK = 10

    val (master, filters) = (args.head, args.tail)

   System.setProperty(""twitter4j.oauth.consumerKey"", ""WFpKfkM9DZyA9WbUxlRvg"")
   System.setProperty(""twitter4j.oauth.consumerSecret"", ""4ADs7bPYBmQ28eDxpeWAZgAkMNT0t3V3sNuB0h4Mny4"")
   System.setProperty(""twitter4j.oauth.accessToken"", ""60585063-8nXCy2GwcevuDl4p8RhS8gYdvdAxTVb0ejKDXGz3F"")
   System.setProperty(""twitter4j.oauth.accessTokenSecret"", ""L9ZgrqhHMpEv6fOZzKSKF9aMOn5kUk2kmgN2i6fRs"")

    val ssc = new StreamingContext(master, ""TwitterAlgebirdCMS"", Seconds(10),
      System.getenv(""SPARK_HOME""), Seq(System.getenv(""SPARK_EXAMPLES_JAR"")))
    val stream = ssc.twitterStream(None, filters, StorageLevel.MEMORY_ONLY_SER)

    val users = stream.map(status => status.getUser.getId)

    val cms = new CountMinSketchMonoid(EPS, DELTA, SEED, PERC)
    var globalCMS = cms.zero
    val mm = new MapMonoid[Long, Int]()
    var globalExact = Map[Long, Int]()

    val approxTopUsers = users.mapPartitions(ids => {
      ids.map(id => cms.create(id))
    }).reduce(_ ++ _)

    val exactTopUsers = users.map(id => (id, 1))
      .reduceByKey((a, b) => a + b)

    approxTopUsers.foreach(rdd => {
      if (rdd.count() != 0) {
        val partial = rdd.first()
        val partialTopK = partial.heavyHitters.map(id =>
          (id, partial.frequency(id).estimate)).toSeq.sortBy(_._2).reverse.slice(0, TOPK)
        globalCMS ++= partial
        val globalTopK = globalCMS.heavyHitters.map(id =>
          (id, globalCMS.frequency(id).estimate)).toSeq.sortBy(_._2).reverse.slice(0, TOPK)
        println(""Approx heavy hitters at %2.2f%% threshold this batch: %s"".format(PERC,
          partialTopK.mkString(""["", "","", ""]"")))
        println(""Approx heavy hitters at %2.2f%% threshold overall: %s"".format(PERC,
          globalTopK.mkString(""["", "","", ""]"")))
      }
    })

    exactTopUsers.foreach(rdd => {
      if (rdd.count() != 0) {
        val partialMap = rdd.collect().toMap
        val partialTopK = rdd.map(
          {case (id, count) => (count, id)})
          .sortByKey(ascending = false).take(TOPK)
        globalExact = mm.plus(globalExact.toMap, partialMap)
        val globalTopK = globalExact.toSeq.sortBy(_._2).reverse.slice(0, TOPK)
        println(""Exact heavy hitters this batch: %s"".format(partialTopK.mkString(""["", "","", ""]"")))
        println(""Exact heavy hitters overall: %s"".format(globalTopK.mkString(""["", "","", ""]"")))
      }
    })

    ssc.start()
  }
}","System.err.println(""Usage: TwitterAlgebirdCMS <hostname> [batchInterval]"")
      System.exit(1)
    }

    val Array(hostname, batchInterval) = args
    val batchDuration = Seconds(batchInterval.toInt)

    val sc = new SparkContext(""local[4]"", ""TwitterAlgebirdCMS"")
    val ssc = new StreamingContext(sc, batchDuration)

    // Create a DStream that will connect to hostname:port
    val tweets = ssc.socketTextStream(hostname, 9999, StorageLevel.MEMORY_ONLY_SER)

    // Parse the incoming tweets and extract the user ID as a Long
    val userIds = tweets.map { tweet =>
      try {
        // Assuming the tweet format is JSON with a ""user"" object containing ""id""
        val json = org.json4s.jackson.JsonMethods.parse(tweet)
        (json \ ""user"" \ ""id"").extract[Long]
      } catch {
        case _: Exception => -1L // Invalid tweet, skip
      }
    }.filter(_ != -1L) // Filter out invalid IDs

    // Create a Count-Min Sketch with parameters:
    // - width: number of counters (higher = more accuracy, more memory"
qwen,Qwen/Qwen3-30B-A3B-Instruct-2507:nebius,scala,GPL-3.0,examples::src::main::scala::spark::streaming::examples::TwitterAlgebirdCMS.scala,99,0.4,0,0.02617801047120419,"      System.err.println(""Usage: TwitterAlgebirdCMS <master>"" +
        "" [filter1] [filter2] ... [filter n]"")
      System.exit(1)
    }

    // CMS parameters
    val DELTA = 1E-3
    val EPS = 0.01
    val SEED = 1
    val PERC = 0.001
    // K highest frequency elements to take
    val TOPK = 10

    val (master, filters) = (args.head, args.tail)

   System.setProperty(""twitter4j.oauth.consumerKey"", ""WFpKfkM9DZyA9WbUxlRvg"")
   System.setProperty(""twitter4j.oauth.consumerSecret"", ""4ADs7bPYBmQ28eDxpeWAZgAkMNT0t3V3sNuB0h4Mny4"")
   System.setProperty(""twitter4j.oauth.accessToken"", ""60585063-8nXCy2GwcevuDl4p8RhS8gYdvdAxTVb0ejKDXGz3F"")
   System.setProperty(""twitter4j.oauth.accessTokenSecret"", ""L9ZgrqhHMpEv6fOZzKSKF9aMOn5kUk2kmgN2i6fRs"")

    val ssc = new StreamingContext(master, ""TwitterAlgebirdCMS"", Seconds(10),
      System.getenv(""SPARK_HOME""), Seq(System.getenv(""SPARK_EXAMPLES_JAR"")))
    val stream = ssc.twitterStream(None, filters, StorageLevel.MEMORY_ONLY_SER)

    val users = stream.map(status => status.getUser.getId)

    val cms = new CountMinSketchMonoid(EPS, DELTA, SEED, PERC)
    var globalCMS = cms.zero
    val mm = new MapMonoid[Long, Int]()
    var globalExact = Map[Long, Int]()

    val approxTopUsers = users.mapPartitions(ids => {
      ids.map(id => cms.create(id))
    }).reduce(_ ++ _)

    val exactTopUsers = users.map(id => (id, 1))
      .reduceByKey((a, b) => a + b)

    approxTopUsers.foreach(rdd => {
      if (rdd.count() != 0) {
        val partial = rdd.first()
        val partialTopK = partial.heavyHitters.map(id =>
          (id, partial.frequency(id).estimate)).toSeq.sortBy(_._2).reverse.slice(0, TOPK)
        globalCMS ++= partial
        val globalTopK = globalCMS.heavyHitters.map(id =>
          (id, globalCMS.frequency(id).estimate)).toSeq.sortBy(_._2).reverse.slice(0, TOPK)
        println(""Approx heavy hitters at %2.2f%% threshold this batch: %s"".format(PERC,
          partialTopK.mkString(""["", "","", ""]"")))
        println(""Approx heavy hitters at %2.2f%% threshold overall: %s"".format(PERC,
          globalTopK.mkString(""["", "","", ""]"")))
      }
    })

    exactTopUsers.foreach(rdd => {
      if (rdd.count() != 0) {
        val partialMap = rdd.collect().toMap
        val partialTopK = rdd.map(
          {case (id, count) => (count, id)})
          .sortByKey(ascending = false).take(TOPK)
        globalExact = mm.plus(globalExact.toMap, partialMap)
        val globalTopK = globalExact.toSeq.sortBy(_._2).reverse.slice(0, TOPK)
        println(""Exact heavy hitters this batch: %s"".format(partialTopK.mkString(""["", "","", ""]"")))
        println(""Exact heavy hitters overall: %s"".format(globalTopK.mkString(""["", "","", ""]"")))
      }
    })

    ssc.start()
  }
}","System.err.println(""Usage: TwitterAlgebirdCMS <hostname> <port>"")
      System.exit(1)
    }

    val Array(hostname, port) = args
    val sparkConf = new spark.SparkConf().setAppName(""TwitterAlgebirdCMS"")
    val sc = new spark.SparkContext(sparkConf)
    val ssc = new StreamingContext(sc, Seconds(1))

    // Create a DStream that will connect to hostname:port
    val tweets = ssc.socketTextStream(hostname, port.toInt, StorageLevel.MEMORY_ONLY_SER)

    // Parse the incoming tweets and extract user IDs as Longs
    val userIds = tweets.map { tweet =>
      // Simple parsing: assume the tweet contains a user ID in the format ""user_id:12345""
      val idStr = tweet.split("":"").lastOption.getOrElse(""0"")
      try idStr.toLong catch { case _: NumberFormatException => 0L }
    }.filter(_ != 0L)

    // Create a Count-Min Sketch with a width of 1000 and depth of 5
    // These parameters control the accuracy and space usage of the sketch
    val cms = new CountMinSketch[Long"
qwen,Qwen/Qwen3-30B-A3B-Instruct-2507:nebius,scala,GPL-3.0,examples::src::main::scala::spark::streaming::examples::TwitterAlgebirdCMS.scala,99,0.8,0,0.021164021164021163,"      System.err.println(""Usage: TwitterAlgebirdCMS <master>"" +
        "" [filter1] [filter2] ... [filter n]"")
      System.exit(1)
    }

    // CMS parameters
    val DELTA = 1E-3
    val EPS = 0.01
    val SEED = 1
    val PERC = 0.001
    // K highest frequency elements to take
    val TOPK = 10

    val (master, filters) = (args.head, args.tail)

   System.setProperty(""twitter4j.oauth.consumerKey"", ""WFpKfkM9DZyA9WbUxlRvg"")
   System.setProperty(""twitter4j.oauth.consumerSecret"", ""4ADs7bPYBmQ28eDxpeWAZgAkMNT0t3V3sNuB0h4Mny4"")
   System.setProperty(""twitter4j.oauth.accessToken"", ""60585063-8nXCy2GwcevuDl4p8RhS8gYdvdAxTVb0ejKDXGz3F"")
   System.setProperty(""twitter4j.oauth.accessTokenSecret"", ""L9ZgrqhHMpEv6fOZzKSKF9aMOn5kUk2kmgN2i6fRs"")

    val ssc = new StreamingContext(master, ""TwitterAlgebirdCMS"", Seconds(10),
      System.getenv(""SPARK_HOME""), Seq(System.getenv(""SPARK_EXAMPLES_JAR"")))
    val stream = ssc.twitterStream(None, filters, StorageLevel.MEMORY_ONLY_SER)

    val users = stream.map(status => status.getUser.getId)

    val cms = new CountMinSketchMonoid(EPS, DELTA, SEED, PERC)
    var globalCMS = cms.zero
    val mm = new MapMonoid[Long, Int]()
    var globalExact = Map[Long, Int]()

    val approxTopUsers = users.mapPartitions(ids => {
      ids.map(id => cms.create(id))
    }).reduce(_ ++ _)

    val exactTopUsers = users.map(id => (id, 1))
      .reduceByKey((a, b) => a + b)

    approxTopUsers.foreach(rdd => {
      if (rdd.count() != 0) {
        val partial = rdd.first()
        val partialTopK = partial.heavyHitters.map(id =>
          (id, partial.frequency(id).estimate)).toSeq.sortBy(_._2).reverse.slice(0, TOPK)
        globalCMS ++= partial
        val globalTopK = globalCMS.heavyHitters.map(id =>
          (id, globalCMS.frequency(id).estimate)).toSeq.sortBy(_._2).reverse.slice(0, TOPK)
        println(""Approx heavy hitters at %2.2f%% threshold this batch: %s"".format(PERC,
          partialTopK.mkString(""["", "","", ""]"")))
        println(""Approx heavy hitters at %2.2f%% threshold overall: %s"".format(PERC,
          globalTopK.mkString(""["", "","", ""]"")))
      }
    })

    exactTopUsers.foreach(rdd => {
      if (rdd.count() != 0) {
        val partialMap = rdd.collect().toMap
        val partialTopK = rdd.map(
          {case (id, count) => (count, id)})
          .sortByKey(ascending = false).take(TOPK)
        globalExact = mm.plus(globalExact.toMap, partialMap)
        val globalTopK = globalExact.toSeq.sortBy(_._2).reverse.slice(0, TOPK)
        println(""Exact heavy hitters this batch: %s"".format(partialTopK.mkString(""["", "","", ""]"")))
        println(""Exact heavy hitters overall: %s"".format(globalTopK.mkString(""["", "","", ""]"")))
      }
    })

    ssc.start()
  }
}","System.err.println(""Usage: TwitterAlgebirdCMS <hostname> <port>"")
      System.exit(1)
    }

    val Array(hostname, port) = args

    val sparkConf = new spark.SparkConf().setAppName(""TwitterAlgebirdCMS"")
    val sc = new spark.SparkContext(sparkConf)
    val ssc = new StreamingContext(sc, Seconds(1))

    ssc.sparkContext.setLogLevel(""WARN"")

    // Create a DStream that will connect to hostname:port, like localhost:9999
    val lines = ssc.socketTextStream(hostname, port.toInt, StorageLevel.MEMORY_AND_DISK_SER)

    // Parse each line as a Twitter status update, extract the user ID (assuming it's the first field)
    // and convert it to a Long for the CMS. In a real scenario, the user ID would come from the JSON.
    val userIDs = lines.map(line => {
      val fields = line.split(""\\s+"")
      if (fields.length > 0) fields(0).toLong else 0L
    }).filter(_ != 0L) // Filter out invalid user IDs

    // Create a Count-Min Sketch monoid with default parameters"
qwen,Qwen/Qwen3-30B-A3B-Instruct-2507:nebius,scala,GPL-3.0,src::main::scala::org::broadinstitute::dsde::vault::datamanagement::domain::DataAccess.scala,336,0.2,0,0.0,"    insertRelation(typeEntity.guid.get, entityGUID, pathEntity.guid.get)
  }

  private val inputsForEntity = Compiled(
    // Create a parameter for the entity GUID
    (entityGUID: Column[String]) => for {

    // Retrieve the relation where our ""entityGUID"" parameter is the entity1GUID
      relation <- relations
      if relation.entity1GUID === entityGUID

      // Using the foreign key, filter for the Relation.relation.entityType === INPUT_TYPE.entityType
      typeEntity <- relation.relation
      if typeEntity.entityType === INPUT_TYPE.entityType

    } yield relation.entity2GUID)

  def getInputs(entityGUID: String)(implicit session: Session): Seq[String] = {
    inputsForEntity(entityGUID).list
  }

  def addInputs(entityGUID: String, createdBy: String, inputs: Seq[String])(implicit session: Session) {
    def addInputGuid(inputGuid: String) =
      addInput(entityGUID, createdBy, inputGuid)
    inputs.foreach(addInputGuid)
  }

  def addInput(entityGUID: String, createdBy: String, inputGuid: String)(implicit session: Session) {
    // Create an entity for the input
    val typeEntity = insertEntity(INPUT_TYPE.entityType, createdBy)

    // We count on the database to handle foreign key constraint errors for us. These will throw an exception
    // which will bubble up and result in the wrapping request returning an error.

    // Create a relation row with:
    //   2) The entity1 is the passed in original entity
    //   1) The relation is the input type we just created
    //   3) The entity2 is the id of the unmapped BAM specified by the user
    insertRelation(typeEntity.guid.get, entityGUID, inputGuid)
  }

  private val membersForEntity = Compiled(
    (entityGUID: Column[String]) => for {

     //Retrieve the relation where our ""entityGUID"" parameter is the entity1GUID
     relation <- relations
     if relation.entity1GUID === entityGUID

     // Using the foreign key, filter for the Relation.relation.entityType === MEMBER_TYPE.entityType
     typeEntity <- relation.relation
     if typeEntity.entityType === MEMBER_TYPE.entityType

    } yield relation.entity2GUID)


  def getMembers(entityGUID: String)(implicit session: Session): Seq[String] = {
    membersForEntity(entityGUID).list
  }

  def addMembers(entityGUID: String, createdBy: String, members: Seq[String])(implicit session: Session) {
    def addMemberGuid(inputGuid: String) =
      addMember(entityGUID, createdBy, inputGuid)
    members.foreach(addMemberGuid)
  }

  def addMember(entityGUID: String, createdBy: String, memberGuid: String)(implicit session: Session) {
    // Create an entity for the member
    val typeEntity = insertEntity(MEMBER_TYPE.entityType, createdBy)

    // We count on the database to handle foreign key constraint errors for us. These will throw an exception
    // which will bubble up and result in the wrapping request returning an error.

    // Create a relation row with:
    //   2) The entity1 is the passed in original entity
    //   1) The relation is the input type we just created
    //   3) The entity2 is the id of the unmapped BAM specified by the user
    insertRelation(typeEntity.guid.get, entityGUID, memberGuid)
  }

  private val entityByTypeAttribute = Compiled(
    (entityType: Column[String],
     attributeName: Column[String],
     attributeValue: Column[String]) => for {
      attr <- attributes
      if attr.name === attributeName && attr.value === attributeValue
      entity <- attr.entity
      if entity.entityType === entityType
    } yield entity )

  def lookupEntityByTypeAttribute(entityType: String, attributeName: String, attributeValue: String)(implicit session: Session) = {
    entityByTypeAttribute((entityType, attributeName, attributeValue)).firstOption
  }

  // query for downstream entities
  private val kids = Compiled(
    (guid: Column[String]) =>
      for {
        rel <- relations
        if rel.entity1GUID === guid
        selfEnt <- rel.relation
        targetEnt <- rel.entity2 } yield (selfEnt.guid,selfEnt.entityType,targetEnt) )

  private val kidAttrs = Compiled(
    (guid: Column[String]) =>
      for {
        rel <- relations
        if rel.entity1GUID === guid
        attr <- attributes
        if attr.entityGUID === rel.relationGUID ||
           attr.entityGUID === rel.entity2GUID } yield (attr.entityGUID, attr.name -> attr.value) )

  private def getAttrs(key: String, map: Option[Map[String,Seq[Tuple2[String,String]]]]): Option[Map[String,String]] = {
    map match {
      case Some(mapArgument) if !mapArgument.contains(key) => Option(Map.empty[String,String])
      case Some(mapArgument) => Option(mapArgument.get(key).get.toMap)
      case None => None
    }
  }

  def findDownstream(guid: String)(implicit session: Session) = {
    val attrMap = Option(kidAttrs(guid).run groupBy {_._1} mapValues {_ map {_._2}})
    for ( entRel <- kids(guid).run )
      yield GenericRelEnt(
              GenericRelationship(entRel._2,getAttrs(entRel._1,attrMap)),
              GenericEntity(entRel._3.guid.get,entRel._3.entityType,
                            GenericSysAttrs(entRel._3.bossID,entRel._3.createdDate.get.getTime,entRel._3.createdBy,entRel._3.modifiedDate map {_.getTime},entRel._3.modifiedBy),
                            getAttrs(entRel._3.guid.get,attrMap)))
  }

  // query for upstream entities
  private val rents = Compiled(
    (guid: Column[String]) =>
      for {
        rel <- relations
        if rel.entity2GUID === guid
        selfEnt <- rel.relation
        targetEnt <- rel.entity1 } yield (selfEnt.guid,selfEnt.entityType,targetEnt) )

  private val rentAttrs = Compiled(
    (guid: Column[String]) =>
      for {
        rel <- relations
        if rel.entity2GUID === guid
        attr <- attributes
        if attr.entityGUID === rel.relationGUID ||
           attr.entityGUID === rel.entity1GUID } yield (attr.entityGUID, attr.name -> attr.value) )

  def findUpstream(guid: String)(implicit session: Session) = {
    val attrMap = Option(rentAttrs(guid).run groupBy {_._1} mapValues {_ map {_._2}})
    for ( entRel <- rents(guid).run )
      yield GenericRelEnt(
              GenericRelationship(entRel._2,getAttrs(entRel._1,attrMap)),
              GenericEntity(entRel._3.guid.get,entRel._3.entityType,
                            GenericSysAttrs(entRel._3.bossID,entRel._3.createdDate.get.getTime,entRel._3.createdBy,entRel._3.modifiedDate map {_.getTime},entRel._3.modifiedBy),
                            getAttrs(entRel._3.guid.get,attrMap)))
  }

  // query for a particular entity
  private val entityByGUID = Compiled(
    (guid: Column[String]) =>
      for {
        ent <- entities
        if ent.guid === guid } yield ent )

  private val attrsByGUID = Compiled(
    (guid: Column[String]) =>
      for {
        attr <- attributes
        if attr.entityGUID === guid } yield (attr.name, attr.value) )

  def fetchEntity(guid: String)(implicit session: Session) = {
    val entities =
      for ( ent <- entityByGUID(guid).run )
        yield GenericEntity(ent.guid.get,ent.entityType,
                            GenericSysAttrs(ent.bossID,ent.createdDate.get.getTime,ent.createdBy,ent.modifiedDate map {_.getTime},ent.modifiedBy),
                            Option(attrsByGUID(guid).run.toMap))
    assume(entities.size < 2, ""query on unique vault ID returned multiple results"")
    entities.headOption
  }

  // generic query
  def findEntities(query: GenericEntityQuery)(implicit session: Session) = {
    val bareEntityQuery = entities.filter(_.entityType === query.entityType)
    val entityQuery = query.attrSpec.foldLeft(bareEntityQuery)({(entQ,spec) => {
      val attrNVQuery = attributes.filter( attr => attr.name === spec.name && attr.value === spec.value )
      entQ innerJoin attrNVQuery on(_.guid === _.entityGUID) map(_._1) } })
    val attrMap =
      if ( !query.expandAttrs ) None
      else {
        val attributeQuery = entityQuery innerJoin attributes on(_.guid === _.entityGUID) map(_._2)
        Option(attributeQuery.run groupBy {_.entityGUID} mapValues(_ map { attr => (attr.name,attr.value) }))
      }
    for ( ent <- entityQuery.run )
        yield GenericEntity(ent.guid.get,ent.entityType,
                            GenericSysAttrs(ent.bossID,ent.createdDate.get.getTime,ent.createdBy,ent.modifiedDate map {_.getTime},ent.modifiedBy),
                            getAttrs(ent.guid.get,attrMap))
  }

  // generic ingestification
  val entRefPattern = ""\\$(\\d+)"".r

  def ingestStuff(ingest: GenericIngest, createdBy: String)(implicit session: Session) = {
    val now = Some(new Timestamp(System.currentTimeMillis))

    // transform List[GenericEntityIngest] into List[Entity]
    val genEnts = ingest.entities getOrElse List.empty[GenericEntityIngest]
    val ents = genEnts  map { genEnt => Entity(genEnt.entityType,createdBy,now,None,None,Some(UUID.randomUUID.toString),genEnt.bossID) }
    val entGUIDs = ents map { ent => ent.guid.get }

    // transform List[GenericRelationshipIngest] into List[Entity]
    val genRels = ingest.relations getOrElse List.empty[GenericRelationshipIngest]
    val relEnts = genRels map { genRel => Entity(genRel.relationType,createdBy,now,None,None,Some(UUID.randomUUID.toString)) }
    val allEnts = ents ++ relEnts

    // transform List[GenericRelationshipIngest] into List[Relationship]
    def resolve(guidOrRef: String) = { guidOrRef match { case entRefPattern(intStr) => entGUIDs(intStr.toInt) case _ => guidOrRef } }
    val rels = genRels.zipWithIndex map { case (genRel,idx) => Relation(relEnts(idx).guid.get,resolve(genRel.ent1),resolve(genRel.ent2)) }


    // handle attrs from entities and from relationships
    val entAttrs = genEnts zip entGUIDs flatMap { case (genEnt,guid) => for ( (name,value) <- genEnt.attrs ) yield Attribute(guid,name,value) }
    val relAttrs = genRels zip relEnts flatMap { case (genRel,relEnt) => for ( (name,value) <- genRel.attrs ) yield Attribute(relEnt.guid.get,name,value) }
    val allAttrs = entAttrs ++ relAttrs

    // do the DB work
    session withTransaction {
      entities ++= allEnts
      relations ++= rels
      attributes ++= allAttrs
    }

    // return GUIDs for new entities
    entGUIDs
  }
}","insertRelation(entityGUID, typeEntity.guid.get, pathEntity.guid.get)"
qwen,Qwen/Qwen3-30B-A3B-Instruct-2507:nebius,scala,GPL-3.0,src::main::scala::org::broadinstitute::dsde::vault::datamanagement::domain::DataAccess.scala,336,0.4,0,0.0,"    insertRelation(typeEntity.guid.get, entityGUID, pathEntity.guid.get)
  }

  private val inputsForEntity = Compiled(
    // Create a parameter for the entity GUID
    (entityGUID: Column[String]) => for {

    // Retrieve the relation where our ""entityGUID"" parameter is the entity1GUID
      relation <- relations
      if relation.entity1GUID === entityGUID

      // Using the foreign key, filter for the Relation.relation.entityType === INPUT_TYPE.entityType
      typeEntity <- relation.relation
      if typeEntity.entityType === INPUT_TYPE.entityType

    } yield relation.entity2GUID)

  def getInputs(entityGUID: String)(implicit session: Session): Seq[String] = {
    inputsForEntity(entityGUID).list
  }

  def addInputs(entityGUID: String, createdBy: String, inputs: Seq[String])(implicit session: Session) {
    def addInputGuid(inputGuid: String) =
      addInput(entityGUID, createdBy, inputGuid)
    inputs.foreach(addInputGuid)
  }

  def addInput(entityGUID: String, createdBy: String, inputGuid: String)(implicit session: Session) {
    // Create an entity for the input
    val typeEntity = insertEntity(INPUT_TYPE.entityType, createdBy)

    // We count on the database to handle foreign key constraint errors for us. These will throw an exception
    // which will bubble up and result in the wrapping request returning an error.

    // Create a relation row with:
    //   2) The entity1 is the passed in original entity
    //   1) The relation is the input type we just created
    //   3) The entity2 is the id of the unmapped BAM specified by the user
    insertRelation(typeEntity.guid.get, entityGUID, inputGuid)
  }

  private val membersForEntity = Compiled(
    (entityGUID: Column[String]) => for {

     //Retrieve the relation where our ""entityGUID"" parameter is the entity1GUID
     relation <- relations
     if relation.entity1GUID === entityGUID

     // Using the foreign key, filter for the Relation.relation.entityType === MEMBER_TYPE.entityType
     typeEntity <- relation.relation
     if typeEntity.entityType === MEMBER_TYPE.entityType

    } yield relation.entity2GUID)


  def getMembers(entityGUID: String)(implicit session: Session): Seq[String] = {
    membersForEntity(entityGUID).list
  }

  def addMembers(entityGUID: String, createdBy: String, members: Seq[String])(implicit session: Session) {
    def addMemberGuid(inputGuid: String) =
      addMember(entityGUID, createdBy, inputGuid)
    members.foreach(addMemberGuid)
  }

  def addMember(entityGUID: String, createdBy: String, memberGuid: String)(implicit session: Session) {
    // Create an entity for the member
    val typeEntity = insertEntity(MEMBER_TYPE.entityType, createdBy)

    // We count on the database to handle foreign key constraint errors for us. These will throw an exception
    // which will bubble up and result in the wrapping request returning an error.

    // Create a relation row with:
    //   2) The entity1 is the passed in original entity
    //   1) The relation is the input type we just created
    //   3) The entity2 is the id of the unmapped BAM specified by the user
    insertRelation(typeEntity.guid.get, entityGUID, memberGuid)
  }

  private val entityByTypeAttribute = Compiled(
    (entityType: Column[String],
     attributeName: Column[String],
     attributeValue: Column[String]) => for {
      attr <- attributes
      if attr.name === attributeName && attr.value === attributeValue
      entity <- attr.entity
      if entity.entityType === entityType
    } yield entity )

  def lookupEntityByTypeAttribute(entityType: String, attributeName: String, attributeValue: String)(implicit session: Session) = {
    entityByTypeAttribute((entityType, attributeName, attributeValue)).firstOption
  }

  // query for downstream entities
  private val kids = Compiled(
    (guid: Column[String]) =>
      for {
        rel <- relations
        if rel.entity1GUID === guid
        selfEnt <- rel.relation
        targetEnt <- rel.entity2 } yield (selfEnt.guid,selfEnt.entityType,targetEnt) )

  private val kidAttrs = Compiled(
    (guid: Column[String]) =>
      for {
        rel <- relations
        if rel.entity1GUID === guid
        attr <- attributes
        if attr.entityGUID === rel.relationGUID ||
           attr.entityGUID === rel.entity2GUID } yield (attr.entityGUID, attr.name -> attr.value) )

  private def getAttrs(key: String, map: Option[Map[String,Seq[Tuple2[String,String]]]]): Option[Map[String,String]] = {
    map match {
      case Some(mapArgument) if !mapArgument.contains(key) => Option(Map.empty[String,String])
      case Some(mapArgument) => Option(mapArgument.get(key).get.toMap)
      case None => None
    }
  }

  def findDownstream(guid: String)(implicit session: Session) = {
    val attrMap = Option(kidAttrs(guid).run groupBy {_._1} mapValues {_ map {_._2}})
    for ( entRel <- kids(guid).run )
      yield GenericRelEnt(
              GenericRelationship(entRel._2,getAttrs(entRel._1,attrMap)),
              GenericEntity(entRel._3.guid.get,entRel._3.entityType,
                            GenericSysAttrs(entRel._3.bossID,entRel._3.createdDate.get.getTime,entRel._3.createdBy,entRel._3.modifiedDate map {_.getTime},entRel._3.modifiedBy),
                            getAttrs(entRel._3.guid.get,attrMap)))
  }

  // query for upstream entities
  private val rents = Compiled(
    (guid: Column[String]) =>
      for {
        rel <- relations
        if rel.entity2GUID === guid
        selfEnt <- rel.relation
        targetEnt <- rel.entity1 } yield (selfEnt.guid,selfEnt.entityType,targetEnt) )

  private val rentAttrs = Compiled(
    (guid: Column[String]) =>
      for {
        rel <- relations
        if rel.entity2GUID === guid
        attr <- attributes
        if attr.entityGUID === rel.relationGUID ||
           attr.entityGUID === rel.entity1GUID } yield (attr.entityGUID, attr.name -> attr.value) )

  def findUpstream(guid: String)(implicit session: Session) = {
    val attrMap = Option(rentAttrs(guid).run groupBy {_._1} mapValues {_ map {_._2}})
    for ( entRel <- rents(guid).run )
      yield GenericRelEnt(
              GenericRelationship(entRel._2,getAttrs(entRel._1,attrMap)),
              GenericEntity(entRel._3.guid.get,entRel._3.entityType,
                            GenericSysAttrs(entRel._3.bossID,entRel._3.createdDate.get.getTime,entRel._3.createdBy,entRel._3.modifiedDate map {_.getTime},entRel._3.modifiedBy),
                            getAttrs(entRel._3.guid.get,attrMap)))
  }

  // query for a particular entity
  private val entityByGUID = Compiled(
    (guid: Column[String]) =>
      for {
        ent <- entities
        if ent.guid === guid } yield ent )

  private val attrsByGUID = Compiled(
    (guid: Column[String]) =>
      for {
        attr <- attributes
        if attr.entityGUID === guid } yield (attr.name, attr.value) )

  def fetchEntity(guid: String)(implicit session: Session) = {
    val entities =
      for ( ent <- entityByGUID(guid).run )
        yield GenericEntity(ent.guid.get,ent.entityType,
                            GenericSysAttrs(ent.bossID,ent.createdDate.get.getTime,ent.createdBy,ent.modifiedDate map {_.getTime},ent.modifiedBy),
                            Option(attrsByGUID(guid).run.toMap))
    assume(entities.size < 2, ""query on unique vault ID returned multiple results"")
    entities.headOption
  }

  // generic query
  def findEntities(query: GenericEntityQuery)(implicit session: Session) = {
    val bareEntityQuery = entities.filter(_.entityType === query.entityType)
    val entityQuery = query.attrSpec.foldLeft(bareEntityQuery)({(entQ,spec) => {
      val attrNVQuery = attributes.filter( attr => attr.name === spec.name && attr.value === spec.value )
      entQ innerJoin attrNVQuery on(_.guid === _.entityGUID) map(_._1) } })
    val attrMap =
      if ( !query.expandAttrs ) None
      else {
        val attributeQuery = entityQuery innerJoin attributes on(_.guid === _.entityGUID) map(_._2)
        Option(attributeQuery.run groupBy {_.entityGUID} mapValues(_ map { attr => (attr.name,attr.value) }))
      }
    for ( ent <- entityQuery.run )
        yield GenericEntity(ent.guid.get,ent.entityType,
                            GenericSysAttrs(ent.bossID,ent.createdDate.get.getTime,ent.createdBy,ent.modifiedDate map {_.getTime},ent.modifiedBy),
                            getAttrs(ent.guid.get,attrMap))
  }

  // generic ingestification
  val entRefPattern = ""\\$(\\d+)"".r

  def ingestStuff(ingest: GenericIngest, createdBy: String)(implicit session: Session) = {
    val now = Some(new Timestamp(System.currentTimeMillis))

    // transform List[GenericEntityIngest] into List[Entity]
    val genEnts = ingest.entities getOrElse List.empty[GenericEntityIngest]
    val ents = genEnts  map { genEnt => Entity(genEnt.entityType,createdBy,now,None,None,Some(UUID.randomUUID.toString),genEnt.bossID) }
    val entGUIDs = ents map { ent => ent.guid.get }

    // transform List[GenericRelationshipIngest] into List[Entity]
    val genRels = ingest.relations getOrElse List.empty[GenericRelationshipIngest]
    val relEnts = genRels map { genRel => Entity(genRel.relationType,createdBy,now,None,None,Some(UUID.randomUUID.toString)) }
    val allEnts = ents ++ relEnts

    // transform List[GenericRelationshipIngest] into List[Relationship]
    def resolve(guidOrRef: String) = { guidOrRef match { case entRefPattern(intStr) => entGUIDs(intStr.toInt) case _ => guidOrRef } }
    val rels = genRels.zipWithIndex map { case (genRel,idx) => Relation(relEnts(idx).guid.get,resolve(genRel.ent1),resolve(genRel.ent2)) }


    // handle attrs from entities and from relationships
    val entAttrs = genEnts zip entGUIDs flatMap { case (genEnt,guid) => for ( (name,value) <- genEnt.attrs ) yield Attribute(guid,name,value) }
    val relAttrs = genRels zip relEnts flatMap { case (genRel,relEnt) => for ( (name,value) <- genRel.attrs ) yield Attribute(relEnt.guid.get,name,value) }
    val allAttrs = entAttrs ++ relAttrs

    // do the DB work
    session withTransaction {
      entities ++= allEnts
      relations ++= rels
      attributes ++= allAttrs
    }

    // return GUIDs for new entities
    entGUIDs
  }
}","insertRelation(entityGUID, typeEntity.guid.get, pathEntity.guid.get)"
qwen,Qwen/Qwen3-30B-A3B-Instruct-2507:nebius,scala,GPL-3.0,src::main::scala::org::broadinstitute::dsde::vault::datamanagement::domain::DataAccess.scala,336,0.8,0,0.0,"    insertRelation(typeEntity.guid.get, entityGUID, pathEntity.guid.get)
  }

  private val inputsForEntity = Compiled(
    // Create a parameter for the entity GUID
    (entityGUID: Column[String]) => for {

    // Retrieve the relation where our ""entityGUID"" parameter is the entity1GUID
      relation <- relations
      if relation.entity1GUID === entityGUID

      // Using the foreign key, filter for the Relation.relation.entityType === INPUT_TYPE.entityType
      typeEntity <- relation.relation
      if typeEntity.entityType === INPUT_TYPE.entityType

    } yield relation.entity2GUID)

  def getInputs(entityGUID: String)(implicit session: Session): Seq[String] = {
    inputsForEntity(entityGUID).list
  }

  def addInputs(entityGUID: String, createdBy: String, inputs: Seq[String])(implicit session: Session) {
    def addInputGuid(inputGuid: String) =
      addInput(entityGUID, createdBy, inputGuid)
    inputs.foreach(addInputGuid)
  }

  def addInput(entityGUID: String, createdBy: String, inputGuid: String)(implicit session: Session) {
    // Create an entity for the input
    val typeEntity = insertEntity(INPUT_TYPE.entityType, createdBy)

    // We count on the database to handle foreign key constraint errors for us. These will throw an exception
    // which will bubble up and result in the wrapping request returning an error.

    // Create a relation row with:
    //   2) The entity1 is the passed in original entity
    //   1) The relation is the input type we just created
    //   3) The entity2 is the id of the unmapped BAM specified by the user
    insertRelation(typeEntity.guid.get, entityGUID, inputGuid)
  }

  private val membersForEntity = Compiled(
    (entityGUID: Column[String]) => for {

     //Retrieve the relation where our ""entityGUID"" parameter is the entity1GUID
     relation <- relations
     if relation.entity1GUID === entityGUID

     // Using the foreign key, filter for the Relation.relation.entityType === MEMBER_TYPE.entityType
     typeEntity <- relation.relation
     if typeEntity.entityType === MEMBER_TYPE.entityType

    } yield relation.entity2GUID)


  def getMembers(entityGUID: String)(implicit session: Session): Seq[String] = {
    membersForEntity(entityGUID).list
  }

  def addMembers(entityGUID: String, createdBy: String, members: Seq[String])(implicit session: Session) {
    def addMemberGuid(inputGuid: String) =
      addMember(entityGUID, createdBy, inputGuid)
    members.foreach(addMemberGuid)
  }

  def addMember(entityGUID: String, createdBy: String, memberGuid: String)(implicit session: Session) {
    // Create an entity for the member
    val typeEntity = insertEntity(MEMBER_TYPE.entityType, createdBy)

    // We count on the database to handle foreign key constraint errors for us. These will throw an exception
    // which will bubble up and result in the wrapping request returning an error.

    // Create a relation row with:
    //   2) The entity1 is the passed in original entity
    //   1) The relation is the input type we just created
    //   3) The entity2 is the id of the unmapped BAM specified by the user
    insertRelation(typeEntity.guid.get, entityGUID, memberGuid)
  }

  private val entityByTypeAttribute = Compiled(
    (entityType: Column[String],
     attributeName: Column[String],
     attributeValue: Column[String]) => for {
      attr <- attributes
      if attr.name === attributeName && attr.value === attributeValue
      entity <- attr.entity
      if entity.entityType === entityType
    } yield entity )

  def lookupEntityByTypeAttribute(entityType: String, attributeName: String, attributeValue: String)(implicit session: Session) = {
    entityByTypeAttribute((entityType, attributeName, attributeValue)).firstOption
  }

  // query for downstream entities
  private val kids = Compiled(
    (guid: Column[String]) =>
      for {
        rel <- relations
        if rel.entity1GUID === guid
        selfEnt <- rel.relation
        targetEnt <- rel.entity2 } yield (selfEnt.guid,selfEnt.entityType,targetEnt) )

  private val kidAttrs = Compiled(
    (guid: Column[String]) =>
      for {
        rel <- relations
        if rel.entity1GUID === guid
        attr <- attributes
        if attr.entityGUID === rel.relationGUID ||
           attr.entityGUID === rel.entity2GUID } yield (attr.entityGUID, attr.name -> attr.value) )

  private def getAttrs(key: String, map: Option[Map[String,Seq[Tuple2[String,String]]]]): Option[Map[String,String]] = {
    map match {
      case Some(mapArgument) if !mapArgument.contains(key) => Option(Map.empty[String,String])
      case Some(mapArgument) => Option(mapArgument.get(key).get.toMap)
      case None => None
    }
  }

  def findDownstream(guid: String)(implicit session: Session) = {
    val attrMap = Option(kidAttrs(guid).run groupBy {_._1} mapValues {_ map {_._2}})
    for ( entRel <- kids(guid).run )
      yield GenericRelEnt(
              GenericRelationship(entRel._2,getAttrs(entRel._1,attrMap)),
              GenericEntity(entRel._3.guid.get,entRel._3.entityType,
                            GenericSysAttrs(entRel._3.bossID,entRel._3.createdDate.get.getTime,entRel._3.createdBy,entRel._3.modifiedDate map {_.getTime},entRel._3.modifiedBy),
                            getAttrs(entRel._3.guid.get,attrMap)))
  }

  // query for upstream entities
  private val rents = Compiled(
    (guid: Column[String]) =>
      for {
        rel <- relations
        if rel.entity2GUID === guid
        selfEnt <- rel.relation
        targetEnt <- rel.entity1 } yield (selfEnt.guid,selfEnt.entityType,targetEnt) )

  private val rentAttrs = Compiled(
    (guid: Column[String]) =>
      for {
        rel <- relations
        if rel.entity2GUID === guid
        attr <- attributes
        if attr.entityGUID === rel.relationGUID ||
           attr.entityGUID === rel.entity1GUID } yield (attr.entityGUID, attr.name -> attr.value) )

  def findUpstream(guid: String)(implicit session: Session) = {
    val attrMap = Option(rentAttrs(guid).run groupBy {_._1} mapValues {_ map {_._2}})
    for ( entRel <- rents(guid).run )
      yield GenericRelEnt(
              GenericRelationship(entRel._2,getAttrs(entRel._1,attrMap)),
              GenericEntity(entRel._3.guid.get,entRel._3.entityType,
                            GenericSysAttrs(entRel._3.bossID,entRel._3.createdDate.get.getTime,entRel._3.createdBy,entRel._3.modifiedDate map {_.getTime},entRel._3.modifiedBy),
                            getAttrs(entRel._3.guid.get,attrMap)))
  }

  // query for a particular entity
  private val entityByGUID = Compiled(
    (guid: Column[String]) =>
      for {
        ent <- entities
        if ent.guid === guid } yield ent )

  private val attrsByGUID = Compiled(
    (guid: Column[String]) =>
      for {
        attr <- attributes
        if attr.entityGUID === guid } yield (attr.name, attr.value) )

  def fetchEntity(guid: String)(implicit session: Session) = {
    val entities =
      for ( ent <- entityByGUID(guid).run )
        yield GenericEntity(ent.guid.get,ent.entityType,
                            GenericSysAttrs(ent.bossID,ent.createdDate.get.getTime,ent.createdBy,ent.modifiedDate map {_.getTime},ent.modifiedBy),
                            Option(attrsByGUID(guid).run.toMap))
    assume(entities.size < 2, ""query on unique vault ID returned multiple results"")
    entities.headOption
  }

  // generic query
  def findEntities(query: GenericEntityQuery)(implicit session: Session) = {
    val bareEntityQuery = entities.filter(_.entityType === query.entityType)
    val entityQuery = query.attrSpec.foldLeft(bareEntityQuery)({(entQ,spec) => {
      val attrNVQuery = attributes.filter( attr => attr.name === spec.name && attr.value === spec.value )
      entQ innerJoin attrNVQuery on(_.guid === _.entityGUID) map(_._1) } })
    val attrMap =
      if ( !query.expandAttrs ) None
      else {
        val attributeQuery = entityQuery innerJoin attributes on(_.guid === _.entityGUID) map(_._2)
        Option(attributeQuery.run groupBy {_.entityGUID} mapValues(_ map { attr => (attr.name,attr.value) }))
      }
    for ( ent <- entityQuery.run )
        yield GenericEntity(ent.guid.get,ent.entityType,
                            GenericSysAttrs(ent.bossID,ent.createdDate.get.getTime,ent.createdBy,ent.modifiedDate map {_.getTime},ent.modifiedBy),
                            getAttrs(ent.guid.get,attrMap))
  }

  // generic ingestification
  val entRefPattern = ""\\$(\\d+)"".r

  def ingestStuff(ingest: GenericIngest, createdBy: String)(implicit session: Session) = {
    val now = Some(new Timestamp(System.currentTimeMillis))

    // transform List[GenericEntityIngest] into List[Entity]
    val genEnts = ingest.entities getOrElse List.empty[GenericEntityIngest]
    val ents = genEnts  map { genEnt => Entity(genEnt.entityType,createdBy,now,None,None,Some(UUID.randomUUID.toString),genEnt.bossID) }
    val entGUIDs = ents map { ent => ent.guid.get }

    // transform List[GenericRelationshipIngest] into List[Entity]
    val genRels = ingest.relations getOrElse List.empty[GenericRelationshipIngest]
    val relEnts = genRels map { genRel => Entity(genRel.relationType,createdBy,now,None,None,Some(UUID.randomUUID.toString)) }
    val allEnts = ents ++ relEnts

    // transform List[GenericRelationshipIngest] into List[Relationship]
    def resolve(guidOrRef: String) = { guidOrRef match { case entRefPattern(intStr) => entGUIDs(intStr.toInt) case _ => guidOrRef } }
    val rels = genRels.zipWithIndex map { case (genRel,idx) => Relation(relEnts(idx).guid.get,resolve(genRel.ent1),resolve(genRel.ent2)) }


    // handle attrs from entities and from relationships
    val entAttrs = genEnts zip entGUIDs flatMap { case (genEnt,guid) => for ( (name,value) <- genEnt.attrs ) yield Attribute(guid,name,value) }
    val relAttrs = genRels zip relEnts flatMap { case (genRel,relEnt) => for ( (name,value) <- genRel.attrs ) yield Attribute(relEnt.guid.get,name,value) }
    val allAttrs = entAttrs ++ relAttrs

    // do the DB work
    session withTransaction {
      entities ++= allEnts
      relations ++= rels
      attributes ++= allAttrs
    }

    // return GUIDs for new entities
    entGUIDs
  }
}","insertRelation(entityGUID, typeEntity.guid.get, pathEntity.guid.get)"
qwen,Qwen/Qwen3-30B-A3B-Instruct-2507:nebius,scala,GPL-3.0,swallow-benchmark::HiBench-master::gearpumpbench::streaming::src::main::scala::com::intel::hibench::gearpumpbench::task::SlidingWindow.scala,91,0.2,0,0.012578616352201259,"
import scala.collection.mutable.ArrayBuffer

class SlidingWindow(taskContext: TaskContext, conf: UserConfig) extends Task(taskContext, conf) {
  private val benchConfig = conf.getValue[GearpumpConfig](GearpumpConfig.BENCH_CONFIG).get
  private val windowDuration = benchConfig.windowDuration
  private val windowStep = benchConfig.windowSlideStep
  val reporter = new KafkaReporter(benchConfig.reporterTopic, benchConfig.brokerList)

  // windowStartTime -> (ip -> (minMessageTime, count))
  private val windowCounts = new TreeSortedMap[Long, UnifiedMap[String, (TimeStamp, Long)]]

  override def onNext(message: Message): Unit = {
    val ip = message.msg.asInstanceOf[String]
    val msgTime = System.currentTimeMillis()
    getWindows(msgTime).foreach { window =>
      val countsByIp = if (windowCounts.containsKey(window)) {
        windowCounts.get(window)
      } else {
        new UnifiedMap[String, (TimeStamp, Long)]
      }
      val (minTime, count) = if (countsByIp.containsKey(ip)) {
        countsByIp.get(ip)
      } else {
        (msgTime, 0L)
      }
      countsByIp.put(ip, (Math.min(msgTime, minTime), count + 1L))
      windowCounts.put(window, countsByIp)
    }

    var hasNext = true
    while (hasNext && !windowCounts.isEmpty) {
      val windowStart = windowCounts.firstKey()
      if (msgTime >= (windowStart + windowDuration)) {
        val countsByIp = windowCounts.remove(windowStart)
        countsByIp.forEachValue(new Procedure[(TimeStamp, Long)]() {
          override def value(tuple: (TimeStamp, Long)): Unit = {
            (1 to tuple._2.toInt).foreach(i => reporter.report(tuple._1, msgTime))
          }
        })
      } else {
        hasNext = false
      }
    }
  }

  private def getWindows(timestamp: TimeStamp): List[TimeStamp] = {
    val windows = ArrayBuffer.empty[TimeStamp]
    var start = lastStartFor(timestamp)
    windows += start
    start -= windowStep
    while (start >= timestamp) {
      windows += start
      start -= windowStep
    }
    windows.toList
  }

  private def lastStartFor(timestamp: TimeStamp): TimeStamp = {
    timestamp - (timestamp + windowStep) % windowStep
  }
}
","scala
class SlidingWindow extends Task {
  private var windowSize: Long = _
  private var slideInterval: Long = _
  private var windowMap: TreeSortedMap[Long, Long] = _
  private var totalRecords: Long = _
  private var lastReportTime: Long = _

  override def onStart(context: TaskContext, config: UserConfig): Unit = {
    windowSize = config.getInt(""hibench.gearpumpbench.slidingwindow.window.size"").get
    slideInterval = config.getInt(""hibench.gearpumpbench.slidingwindow.slide.interval"").get
    windowMap = new TreeSortedMap[Long, Long]()
    totalRecords = 0
    lastReportTime = System.currentTimeMillis()
  }

  override def onReceive(message: Message, context: TaskContext): Unit = {
    val timestamp = message.timestamp
    val value = message.value.asInstanceOf[Long]

    // Add the current record to the window
    windowMap.put(timestamp, windowMap.getIfAbsentPut(timestamp, 0L) + value)
    totalRecords += 1

    // Remove records that are outside the window
    val cutoffTime = timestamp - windowSize
    windowMap.keysIterator().forEach(new Procedure["
qwen,Qwen/Qwen3-30B-A3B-Instruct-2507:nebius,scala,GPL-3.0,swallow-benchmark::HiBench-master::gearpumpbench::streaming::src::main::scala::com::intel::hibench::gearpumpbench::task::SlidingWindow.scala,91,0.4,0,0.012578616352201259,"
import scala.collection.mutable.ArrayBuffer

class SlidingWindow(taskContext: TaskContext, conf: UserConfig) extends Task(taskContext, conf) {
  private val benchConfig = conf.getValue[GearpumpConfig](GearpumpConfig.BENCH_CONFIG).get
  private val windowDuration = benchConfig.windowDuration
  private val windowStep = benchConfig.windowSlideStep
  val reporter = new KafkaReporter(benchConfig.reporterTopic, benchConfig.brokerList)

  // windowStartTime -> (ip -> (minMessageTime, count))
  private val windowCounts = new TreeSortedMap[Long, UnifiedMap[String, (TimeStamp, Long)]]

  override def onNext(message: Message): Unit = {
    val ip = message.msg.asInstanceOf[String]
    val msgTime = System.currentTimeMillis()
    getWindows(msgTime).foreach { window =>
      val countsByIp = if (windowCounts.containsKey(window)) {
        windowCounts.get(window)
      } else {
        new UnifiedMap[String, (TimeStamp, Long)]
      }
      val (minTime, count) = if (countsByIp.containsKey(ip)) {
        countsByIp.get(ip)
      } else {
        (msgTime, 0L)
      }
      countsByIp.put(ip, (Math.min(msgTime, minTime), count + 1L))
      windowCounts.put(window, countsByIp)
    }

    var hasNext = true
    while (hasNext && !windowCounts.isEmpty) {
      val windowStart = windowCounts.firstKey()
      if (msgTime >= (windowStart + windowDuration)) {
        val countsByIp = windowCounts.remove(windowStart)
        countsByIp.forEachValue(new Procedure[(TimeStamp, Long)]() {
          override def value(tuple: (TimeStamp, Long)): Unit = {
            (1 to tuple._2.toInt).foreach(i => reporter.report(tuple._1, msgTime))
          }
        })
      } else {
        hasNext = false
      }
    }
  }

  private def getWindows(timestamp: TimeStamp): List[TimeStamp] = {
    val windows = ArrayBuffer.empty[TimeStamp]
    var start = lastStartFor(timestamp)
    windows += start
    start -= windowStep
    while (start >= timestamp) {
      windows += start
      start -= windowStep
    }
    windows.toList
  }

  private def lastStartFor(timestamp: TimeStamp): TimeStamp = {
    timestamp - (timestamp + windowStep) % windowStep
  }
}
","scala
class SlidingWindow extends Task {
  private var windowSize: Int = _
  private var slideInterval: Int = _
  private var windowCount: Int = _
  private var windowMap: TreeSortedMap[Long, UnifiedMap[String, Int]] = _

  override def onStart(context: TaskContext, config: UserConfig): Unit = {
    windowSize = config.getInt(""hibench.gearpumpbench.slidingwindow.size"").get
    slideInterval = config.getInt(""hibench.gearpumpbench.slidingwindow.slide"").get
    windowCount = windowSize / slideInterval
    windowMap = new TreeSortedMap[Long, UnifiedMap[String, Int]]()
    KafkaReporter.init(config)
  }

  override def onReceive(message: Message, context: TaskContext): Unit = {
    val (timestamp, word) = message.content.asInstanceOf[(Long, String)]
    val windowKey = timestamp / slideInterval * slideInterval

    // Remove expired windows
    val expiredKeys = windowMap.keysView().toSeq.filter(_ < windowKey - windowSize)
    expiredKeys.foreach(windowMap.remove)

    // Update current window
    val currentWindow = windowMap.getIfAbsentPut(windowKey, () => new"
qwen,Qwen/Qwen3-30B-A3B-Instruct-2507:nebius,scala,GPL-3.0,swallow-benchmark::HiBench-master::gearpumpbench::streaming::src::main::scala::com::intel::hibench::gearpumpbench::task::SlidingWindow.scala,91,0.8,0,0.0,"
import scala.collection.mutable.ArrayBuffer

class SlidingWindow(taskContext: TaskContext, conf: UserConfig) extends Task(taskContext, conf) {
  private val benchConfig = conf.getValue[GearpumpConfig](GearpumpConfig.BENCH_CONFIG).get
  private val windowDuration = benchConfig.windowDuration
  private val windowStep = benchConfig.windowSlideStep
  val reporter = new KafkaReporter(benchConfig.reporterTopic, benchConfig.brokerList)

  // windowStartTime -> (ip -> (minMessageTime, count))
  private val windowCounts = new TreeSortedMap[Long, UnifiedMap[String, (TimeStamp, Long)]]

  override def onNext(message: Message): Unit = {
    val ip = message.msg.asInstanceOf[String]
    val msgTime = System.currentTimeMillis()
    getWindows(msgTime).foreach { window =>
      val countsByIp = if (windowCounts.containsKey(window)) {
        windowCounts.get(window)
      } else {
        new UnifiedMap[String, (TimeStamp, Long)]
      }
      val (minTime, count) = if (countsByIp.containsKey(ip)) {
        countsByIp.get(ip)
      } else {
        (msgTime, 0L)
      }
      countsByIp.put(ip, (Math.min(msgTime, minTime), count + 1L))
      windowCounts.put(window, countsByIp)
    }

    var hasNext = true
    while (hasNext && !windowCounts.isEmpty) {
      val windowStart = windowCounts.firstKey()
      if (msgTime >= (windowStart + windowDuration)) {
        val countsByIp = windowCounts.remove(windowStart)
        countsByIp.forEachValue(new Procedure[(TimeStamp, Long)]() {
          override def value(tuple: (TimeStamp, Long)): Unit = {
            (1 to tuple._2.toInt).foreach(i => reporter.report(tuple._1, msgTime))
          }
        })
      } else {
        hasNext = false
      }
    }
  }

  private def getWindows(timestamp: TimeStamp): List[TimeStamp] = {
    val windows = ArrayBuffer.empty[TimeStamp]
    var start = lastStartFor(timestamp)
    windows += start
    start -= windowStep
    while (start >= timestamp) {
      windows += start
      start -= windowStep
    }
    windows.toList
  }

  private def lastStartFor(timestamp: TimeStamp): TimeStamp = {
    timestamp - (timestamp + windowStep) % windowStep
  }
}
","scala
import scala.collection.mutable
import scala.collection.mutable.ListBuffer

class SlidingWindow extends Task {

  private var windowSize: Long = _
  private var slideInterval: Long = _
  private var windowMap: TreeSortedMap[Long, ListBuffer[String]] = _
  private var windowCount: Int = _
  private var currentWindowStart: Long = _
  private var lastReportTime: Long = _

  override def onStart(context: TaskContext, config: UserConfig): Unit = {
    windowSize = config.getInt(""hibench.gearpumpbench.slidingwindow.windowsize"").get
    slideInterval = config.getInt(""hibench.gearpumpbench.slidingwindow.slideinterval"").get
    windowCount = config.getInt(""hibench.gearpumpbench.slidingwindow.windowcount"").get
    windowMap = new TreeSortedMap[Long, ListBuffer[String]]()
    currentWindowStart = 0
    lastReportTime = System.currentTimeMillis()
  }

  override def onNext(message: Message, context: TaskContext): Unit = {
    val timestamp = message.timestamp
    val value = message.payload.toString

    // Calculate the window start time for the current message
    val windowStart = (timestamp / slide"
qwen,Qwen/Qwen3-30B-A3B-Instruct-2507:nebius,scala,GPL-3.0,src::test::scala::nl::grons::metrics::scala::MetricBuilderSpec.scala,107,0.2,0,0.15606936416184972,"  trait Instrumented extends InstrumentedBuilder {
    val metricRegistry = testMetricRegistry
  }

  class UnderTest extends Instrumented {
    val timer: Timer = metrics.timer(""10ms"")
    val gauge: Gauge[Int] = metrics.gauge(""the answer"")(value)
    val cachedGauge: Gauge[Int] = metrics.cachedGauge(""cached"", 300 milliseconds)(expensiveValue)
    val counter: Counter = metrics.counter(""1..2..3..4"")
    val histogram: Histogram = metrics.histogram(""histo"")
    val meter: Meter = metrics.meter(""meter"", ""testscope"")

    def waitFor100Ms() {
      timer.time {
        Thread.sleep(100L)
      }
    }

    def value = 42

    var expensiveValueInvocations = 0

    def expensiveValue = {
      expensiveValueInvocations += 1
      42
    }

    def incr() { counter += 1 }

    def meterPlusEleven() { meter.mark(11) }

    def histogramPlusOne() { histogram += 1 }
  }

  describe(""Metrics configuration dsl"") {
    val underTest = new UnderTest

    it(""defines a timer"") {
      underTest.waitFor100Ms()
      underTest.timer.min should be >= 100000000L
    }

    it(""defines a gauge"") {
      underTest.gauge.value should equal (42)
    }

    it(""defines a cached gauge"") {
      underTest.expensiveValueInvocations should equal (0)
      underTest.cachedGauge.value should equal (42)
      underTest.expensiveValueInvocations should equal (1)
      underTest.cachedGauge.value should equal (42)
      underTest.expensiveValueInvocations should equal (1)
      Thread.sleep(400L)
      underTest.cachedGauge.value should equal (42)
      underTest.expensiveValueInvocations should equal (2)
    }

    it(""defines a counter"") {
      underTest.incr()
      underTest.counter.count should equal (1)
    }

    it(""defines a histogram"") {
      underTest.histogramPlusOne()
      underTest.histogram.count should equal (1)
      underTest.histogram.min should equal (1)
    }

    it(""defines a meter"") {
      underTest.meterPlusEleven()
      underTest.meter.count should equal (11)
    }
  }

}","describe(""A MetricBuilder"") {
    it(""should create a counter with the given name"") {
      val counter = MetricBuilder(""testCounter"").counter(testMetricRegistry)
      counter.inc()
      counter.getCount should be(1)
    }

    it(""should create a gauge with the given name"") {
      val gauge = MetricBuilder(""testGauge"").gauge(testMetricRegistry) {
        42
      }
      gauge.getValue should be(42)
    }

    it(""should create a meter with the given name"") {
      val meter = MetricBuilder(""testMeter"").meter(testMetricRegistry)
      meter.mark()
      meter.getCount should be(1)
    }

    it(""should create a histogram with the given name"") {
      val histogram = MetricBuilder(""testHistogram"").histogram(testMetricRegistry)
      histogram.update(42)
      histogram.getCount should be(1)
    }

    it(""should create a timer with the given name"") {
      val timer = MetricBuilder(""testTimer"").timer(testMetricRegistry)
      timer.update(42.milliseconds)
      timer.getCount should be(1)
    }

    it(""should allow customizing the metric name"") {
      val counter = MetricBuilder(""customCounter"")."
qwen,Qwen/Qwen3-30B-A3B-Instruct-2507:nebius,scala,GPL-3.0,src::test::scala::nl::grons::metrics::scala::MetricBuilderSpec.scala,107,0.4,0,0.011494252873563218,"  trait Instrumented extends InstrumentedBuilder {
    val metricRegistry = testMetricRegistry
  }

  class UnderTest extends Instrumented {
    val timer: Timer = metrics.timer(""10ms"")
    val gauge: Gauge[Int] = metrics.gauge(""the answer"")(value)
    val cachedGauge: Gauge[Int] = metrics.cachedGauge(""cached"", 300 milliseconds)(expensiveValue)
    val counter: Counter = metrics.counter(""1..2..3..4"")
    val histogram: Histogram = metrics.histogram(""histo"")
    val meter: Meter = metrics.meter(""meter"", ""testscope"")

    def waitFor100Ms() {
      timer.time {
        Thread.sleep(100L)
      }
    }

    def value = 42

    var expensiveValueInvocations = 0

    def expensiveValue = {
      expensiveValueInvocations += 1
      42
    }

    def incr() { counter += 1 }

    def meterPlusEleven() { meter.mark(11) }

    def histogramPlusOne() { histogram += 1 }
  }

  describe(""Metrics configuration dsl"") {
    val underTest = new UnderTest

    it(""defines a timer"") {
      underTest.waitFor100Ms()
      underTest.timer.min should be >= 100000000L
    }

    it(""defines a gauge"") {
      underTest.gauge.value should equal (42)
    }

    it(""defines a cached gauge"") {
      underTest.expensiveValueInvocations should equal (0)
      underTest.cachedGauge.value should equal (42)
      underTest.expensiveValueInvocations should equal (1)
      underTest.cachedGauge.value should equal (42)
      underTest.expensiveValueInvocations should equal (1)
      Thread.sleep(400L)
      underTest.cachedGauge.value should equal (42)
      underTest.expensiveValueInvocations should equal (2)
    }

    it(""defines a counter"") {
      underTest.incr()
      underTest.counter.count should equal (1)
    }

    it(""defines a histogram"") {
      underTest.histogramPlusOne()
      underTest.histogram.count should equal (1)
      underTest.histogram.min should equal (1)
    }

    it(""defines a meter"") {
      underTest.meterPlusEleven()
      underTest.meter.count should equal (11)
    }
  }

}","describe(""MetricBuilder"") {
    it(""should create a counter with the correct name"") {
      val counter = MetricBuilder(testMetricRegistry).counter(""test.counter"")
      counter.inc()
      testMetricRegistry.counter(""test.counter"").getCount shouldBe 1
    }

    it(""should create a gauge with the correct name"") {
      val gauge = MetricBuilder(testMetricRegistry).gauge(""test.gauge"") { 42 }
      gauge() shouldBe 42
    }

    it(""should create a meter with the correct name"") {
      val meter = MetricBuilder(testMetricRegistry).meter(""test.meter"")
      meter.mark()
      testMetricRegistry.meter(""test.meter"").getCount shouldBe 1
    }

    it(""should create a timer with the correct name"") {
      val timer = MetricBuilder(testMetricRegistry).timer(""test.timer"")
      timer.time { Thread.sleep(1) }
      testMetricRegistry.timer(""test.timer"").getCount shouldBe 1
    }

    it(""should create a histogram with the correct name"") {
      val histogram = MetricBuilder(testMetricRegistry).histogram(""test.histogram"")
      histogram.update(42)
      testMetricRegistry.histogram(""test.histogram"").getCount shouldBe"
qwen,Qwen/Qwen3-30B-A3B-Instruct-2507:nebius,scala,GPL-3.0,src::test::scala::nl::grons::metrics::scala::MetricBuilderSpec.scala,107,0.8,0,0.13690476190476192,"  trait Instrumented extends InstrumentedBuilder {
    val metricRegistry = testMetricRegistry
  }

  class UnderTest extends Instrumented {
    val timer: Timer = metrics.timer(""10ms"")
    val gauge: Gauge[Int] = metrics.gauge(""the answer"")(value)
    val cachedGauge: Gauge[Int] = metrics.cachedGauge(""cached"", 300 milliseconds)(expensiveValue)
    val counter: Counter = metrics.counter(""1..2..3..4"")
    val histogram: Histogram = metrics.histogram(""histo"")
    val meter: Meter = metrics.meter(""meter"", ""testscope"")

    def waitFor100Ms() {
      timer.time {
        Thread.sleep(100L)
      }
    }

    def value = 42

    var expensiveValueInvocations = 0

    def expensiveValue = {
      expensiveValueInvocations += 1
      42
    }

    def incr() { counter += 1 }

    def meterPlusEleven() { meter.mark(11) }

    def histogramPlusOne() { histogram += 1 }
  }

  describe(""Metrics configuration dsl"") {
    val underTest = new UnderTest

    it(""defines a timer"") {
      underTest.waitFor100Ms()
      underTest.timer.min should be >= 100000000L
    }

    it(""defines a gauge"") {
      underTest.gauge.value should equal (42)
    }

    it(""defines a cached gauge"") {
      underTest.expensiveValueInvocations should equal (0)
      underTest.cachedGauge.value should equal (42)
      underTest.expensiveValueInvocations should equal (1)
      underTest.cachedGauge.value should equal (42)
      underTest.expensiveValueInvocations should equal (1)
      Thread.sleep(400L)
      underTest.cachedGauge.value should equal (42)
      underTest.expensiveValueInvocations should equal (2)
    }

    it(""defines a counter"") {
      underTest.incr()
      underTest.counter.count should equal (1)
    }

    it(""defines a histogram"") {
      underTest.histogramPlusOne()
      underTest.histogram.count should equal (1)
      underTest.histogram.min should equal (1)
    }

    it(""defines a meter"") {
      underTest.meterPlusEleven()
      underTest.meter.count should equal (11)
    }
  }

}","describe(""MetricBuilder"") {
    it(""should create a counter"") {
      val counter = MetricBuilder(""testCounter"", testMetricRegistry).counter
      counter.inc()
      counter.getCount should be(1L)
    }

    it(""should create a gauge"") {
      val gauge = MetricBuilder(""testGauge"", testMetricRegistry).gauge { 42 }
      gauge.getValue should be(42)
    }

    it(""should create a histogram"") {
      val histogram = MetricBuilder(""testHistogram"", testMetricRegistry).histogram
      histogram.update(42)
      histogram.getCount should be(1L)
    }

    it(""should create a meter"") {
      val meter = MetricBuilder(""testMeter"", testMetricRegistry).meter
      meter.mark()
      meter.getOneMinuteRate should be > 0.0
    }

    it(""should create a timer"") {
      val timer = MetricBuilder(""testTimer"", testMetricRegistry).timer
      timer.time { Thread.sleep(1) }
      timer.getMeanRate should be > 0.0
    }

    it(""should respect custom names"") {
      val customName = ""custom.name""
      val counter = MetricBuilder(customName, test"
qwen,Qwen/Qwen3-30B-A3B-Instruct-2507:nebius,scala,GPL-3.0,src::main::scala::org::fiware::cosmos::orion::flink::connector::OrionHttpServer.scala,91,0.2,0,0.1103448275862069,"import io.netty.handler.logging.{LogLevel, LoggingHandler}
import org.apache.flink.streaming.api.functions.source.SourceFunction.SourceContext
import org.slf4j.LoggerFactory

/**
 * Netty HTTP server
 *
 * @param ctx       Flink source context for collect received message
 * @param threadNum cpu number used by netty epoll
 * @param logLevel  netty log level
 */
class OrionHttpServer(
  ctx: SourceContext[NgsiEvent],
  threadNum: Int = Runtime.getRuntime.availableProcessors(),
  logLevel: LogLevel = LogLevel.INFO
) extends ServerTrait {
  private lazy val logger = LoggerFactory.getLogger(getClass)
  private lazy val bossGroup = new NioEventLoopGroup(threadNum)
  private lazy val workerGroup = new NioEventLoopGroup
  private lazy val isRunning = new AtomicBoolean(false)
  private final val CHANNEL_OPTION = 1024
  private final val HOA = 1048576
  private var currentAddr: InetSocketAddress = _

  override def close(): Unit = {
    bossGroup.shutdownGracefully()
    workerGroup.shutdownGracefully()
    logger.info(""successfully close netty server source"")
  }

  def startNettyServer(
    portNotInUse: Int,
    callbackUrl: Option[String]
  ): InetSocketAddress = synchronized {

    if (!isRunning.get()) {
      val b: ServerBootstrap = new ServerBootstrap
      b
        .option[java.lang.Integer](ChannelOption.SO_BACKLOG, CHANNEL_OPTION)
        .group(bossGroup, workerGroup)
        .channel(classOf[NioServerSocketChannel])
        .handler(new LoggingHandler(logLevel))
        .childHandler(new ChannelInitializer[SocketChannel] {
          override def initChannel(ch: SocketChannel): Unit = {
            val p = ch.pipeline()
            p.addLast(new HttpServerCodec)
            p.addLast(new HttpObjectAggregator(HOA))
            p.addLast(new OrionHttpHandler(ctx))
          }
        })
      val f = b.bind(portNotInUse)
      f.syncUninterruptibly()
      val ch: Channel = f.channel()
      isRunning.set(true)
      currentAddr = ch.localAddress().asInstanceOf[InetSocketAddress]
      register(currentAddr, callbackUrl)
      ch.closeFuture().sync()
      currentAddr
    } else {
      currentAddr
    }
  }
}","scala
import io.netty.handler.stream.ChunkedWriteHandler

class OrionHttpServer(
    private val port: Int,
    private val handler: OrionHttpHandler
) {
  private val bossGroup = new NioEventLoopGroup(1)
  private val workerGroup = new NioEventLoopGroup()
  private val isRunning = new AtomicBoolean(false)

  def start(): Unit = {
    if (isRunning.compareAndSet(false, true)) {
      val bootstrap = new ServerBootstrap()
      bootstrap.group(bossGroup, workerGroup)
        .channel(classOf[NioServerSocketChannel])
        .option(ChannelOption.SO_BACKLOG, 128)
        .childOption(ChannelOption.SO_KEEPALIVE, true)
        .childHandler(new ChannelInitializer[SocketChannel] {
          override def initChannel(ch: SocketChannel): Unit = {
            ch.pipeline()
              .addLast(new HttpServerCodec())
              .addLast(new HttpObjectAggregator(65536))
              .addLast(new ChunkedWriteHandler())
              .addLast(handler)
          }
        })

      val channelFuture = bootstrap.bind(port).syncUninterruptibly()
      println(s""Orion HTTP Server started on port $port"")
      channel"
qwen,Qwen/Qwen3-30B-A3B-Instruct-2507:nebius,scala,GPL-3.0,src::main::scala::org::fiware::cosmos::orion::flink::connector::OrionHttpServer.scala,91,0.4,0,0.10810810810810811,"import io.netty.handler.logging.{LogLevel, LoggingHandler}
import org.apache.flink.streaming.api.functions.source.SourceFunction.SourceContext
import org.slf4j.LoggerFactory

/**
 * Netty HTTP server
 *
 * @param ctx       Flink source context for collect received message
 * @param threadNum cpu number used by netty epoll
 * @param logLevel  netty log level
 */
class OrionHttpServer(
  ctx: SourceContext[NgsiEvent],
  threadNum: Int = Runtime.getRuntime.availableProcessors(),
  logLevel: LogLevel = LogLevel.INFO
) extends ServerTrait {
  private lazy val logger = LoggerFactory.getLogger(getClass)
  private lazy val bossGroup = new NioEventLoopGroup(threadNum)
  private lazy val workerGroup = new NioEventLoopGroup
  private lazy val isRunning = new AtomicBoolean(false)
  private final val CHANNEL_OPTION = 1024
  private final val HOA = 1048576
  private var currentAddr: InetSocketAddress = _

  override def close(): Unit = {
    bossGroup.shutdownGracefully()
    workerGroup.shutdownGracefully()
    logger.info(""successfully close netty server source"")
  }

  def startNettyServer(
    portNotInUse: Int,
    callbackUrl: Option[String]
  ): InetSocketAddress = synchronized {

    if (!isRunning.get()) {
      val b: ServerBootstrap = new ServerBootstrap
      b
        .option[java.lang.Integer](ChannelOption.SO_BACKLOG, CHANNEL_OPTION)
        .group(bossGroup, workerGroup)
        .channel(classOf[NioServerSocketChannel])
        .handler(new LoggingHandler(logLevel))
        .childHandler(new ChannelInitializer[SocketChannel] {
          override def initChannel(ch: SocketChannel): Unit = {
            val p = ch.pipeline()
            p.addLast(new HttpServerCodec)
            p.addLast(new HttpObjectAggregator(HOA))
            p.addLast(new OrionHttpHandler(ctx))
          }
        })
      val f = b.bind(portNotInUse)
      f.syncUninterruptibly()
      val ch: Channel = f.channel()
      isRunning.set(true)
      currentAddr = ch.localAddress().asInstanceOf[InetSocketAddress]
      register(currentAddr, callbackUrl)
      ch.closeFuture().sync()
      currentAddr
    } else {
      currentAddr
    }
  }
}","scala
import io.netty.handler.stream.ChunkedWriteHandler

class OrionHttpServer(host: String, port: Int, handler: OrionHttpHandler) extends AutoCloseable {

  private val bossGroup = new NioEventLoopGroup(1)
  private val workerGroup = new NioEventLoopGroup()
  private val serverBootstrap = new ServerBootstrap()
  private var serverChannel: Channel = _

  private val started = new AtomicBoolean(false)

  def start(): Unit = {
    if (started.compareAndSet(false, true)) {
      serverBootstrap.group(bossGroup, workerGroup)
        .channel(classOf[NioServerSocketChannel])
        .childHandler(new ChannelInitializer[SocketChannel] {
          override def initChannel(ch: SocketChannel): Unit = {
            ch.pipeline()
              .addLast(new HttpServerCodec())
              .addLast(new HttpObjectAggregator(1048576))
              .addLast(new ChunkedWriteHandler())
              .addLast(handler)
          }
        })
        .option(ChannelOption.SO_BACKLOG, 128)
        .childOption(ChannelOption.SO_KEEPALIVE, true)

      val bindFuture = serverBootstrap.bind(new InetSocketAddress(host, port))
      bindFuture"
qwen,Qwen/Qwen3-30B-A3B-Instruct-2507:nebius,scala,GPL-3.0,src::main::scala::org::fiware::cosmos::orion::flink::connector::OrionHttpServer.scala,91,0.8,0,0.07092198581560284,"import io.netty.handler.logging.{LogLevel, LoggingHandler}
import org.apache.flink.streaming.api.functions.source.SourceFunction.SourceContext
import org.slf4j.LoggerFactory

/**
 * Netty HTTP server
 *
 * @param ctx       Flink source context for collect received message
 * @param threadNum cpu number used by netty epoll
 * @param logLevel  netty log level
 */
class OrionHttpServer(
  ctx: SourceContext[NgsiEvent],
  threadNum: Int = Runtime.getRuntime.availableProcessors(),
  logLevel: LogLevel = LogLevel.INFO
) extends ServerTrait {
  private lazy val logger = LoggerFactory.getLogger(getClass)
  private lazy val bossGroup = new NioEventLoopGroup(threadNum)
  private lazy val workerGroup = new NioEventLoopGroup
  private lazy val isRunning = new AtomicBoolean(false)
  private final val CHANNEL_OPTION = 1024
  private final val HOA = 1048576
  private var currentAddr: InetSocketAddress = _

  override def close(): Unit = {
    bossGroup.shutdownGracefully()
    workerGroup.shutdownGracefully()
    logger.info(""successfully close netty server source"")
  }

  def startNettyServer(
    portNotInUse: Int,
    callbackUrl: Option[String]
  ): InetSocketAddress = synchronized {

    if (!isRunning.get()) {
      val b: ServerBootstrap = new ServerBootstrap
      b
        .option[java.lang.Integer](ChannelOption.SO_BACKLOG, CHANNEL_OPTION)
        .group(bossGroup, workerGroup)
        .channel(classOf[NioServerSocketChannel])
        .handler(new LoggingHandler(logLevel))
        .childHandler(new ChannelInitializer[SocketChannel] {
          override def initChannel(ch: SocketChannel): Unit = {
            val p = ch.pipeline()
            p.addLast(new HttpServerCodec)
            p.addLast(new HttpObjectAggregator(HOA))
            p.addLast(new OrionHttpHandler(ctx))
          }
        })
      val f = b.bind(portNotInUse)
      f.syncUninterruptibly()
      val ch: Channel = f.channel()
      isRunning.set(true)
      currentAddr = ch.localAddress().asInstanceOf[InetSocketAddress]
      register(currentAddr, callbackUrl)
      ch.closeFuture().sync()
      currentAddr
    } else {
      currentAddr
    }
  }
}","scala
import io.netty.handler.logging.{LoggingHandler, LogLevel}
import io.netty.util.AttributeKey

object OrionHttpServer {
  private val SHUTDOWN_HOOK = new Thread(() => {
    System.err.println(""Shutting down Orion HTTP Server..."")
    // Clean up resources if needed
  })
  Runtime.getRuntime.addShutdownHook(SHUTDOWN_HOOK)

  def start(port: Int, handler: HttpChannelHandler): Channel = {
    val bossGroup = new NioEventLoopGroup(1)
    val workerGroup = new NioEventLoopGroup()

    try {
      val bootstrap = new ServerBootstrap()
      bootstrap.group(bossGroup, workerGroup)
        .channel(classOf[NioServerSocketChannel])
        .option(ChannelOption.SO_BACKLOG, 1024)
        .childOption(ChannelOption.SO_KEEPALIVE, true)
        .childOption(ChannelOption.TCP_NODELAY, true)
        .childHandler(new ChannelInitializer[SocketChannel] {
          override def initChannel(ch: SocketChannel): Unit = {
            ch.pipeline()
              .addLast(new LoggingHandler(LogLevel.INFO))
              .addLast(new HttpServerCodec())
              .addLast(new HttpObjectAggregator(1048576))
              .addLast"
qwen,Qwen/Qwen3-30B-A3B-Instruct-2507:nebius,scala,GPL-3.0,web::src::main::scala::com::linkedin::rookboom::web::JsonView.scala,89,0.2,0,0.11494252873563218," * A JSON view for scala JSON serialization that also supports padded JSON.
 * @author Dmitriy Yefremov
 */
class JsonView extends MappingJackson2JsonView {

  import JsonView._

  @BeanProperty
  var withPadding = false

  setObjectMapper(JsonUtils.mapper)

  if (withPadding) {
    setContentType(ContentTypeJavascript)
  } else {
    setContentType(ContentTypeJson)
  }

  override def renderMergedOutputModel(model: util.Map[String, AnyRef],
                                       request: HttpServletRequest,
                                       response: HttpServletResponse) {
    if (withPadding) {
      val callback = getCallbackName(request)
      val value = new JSONPObject(callback, filterModel(model))
      JsonUtils.serialize(value, response.getOutputStream)
    } else {
      super.renderMergedOutputModel(model, request, response)
    }
  }

  private def getCallbackName(request: HttpServletRequest) = {
    request.getParameter(CallbackParam) match {
      case null => DefaultCallback
      case x => x
    }
  }

}

object JsonView {

  /**
   * Content type for simple JSON
   */
  val ContentTypeJson = ""application/json""

  /**
   * Content type for padded JSON
   */
  val ContentTypeJavascript = ""application/javascript""

  /**
   * The name of the HTTP parameter that sets callback name
   */
  val CallbackParam = ""callback""

  /**
   * Default callback function name.
   */
  val DefaultCallback = ""callback""

}","override def renderMergedOutputModel(model: util.Map[String, AnyRef], request: HttpServletRequest, response: HttpServletResponse): Unit = {
    val jsonpCallback = request.getParameter(""callback"")
    if (jsonpCallback != null && !jsonpCallback.isEmpty) {
      response.setContentType(""application/javascript"")
      val jsonpObject = new JSONPObject(jsonpCallback, model)
      JsonUtils.writeValue(response.getWriter, jsonpObject)
    } else {
      response.setContentType(""application/json"")
      super.renderMergedOutputModel(model, request, response)
    }
  }"
qwen,Qwen/Qwen3-30B-A3B-Instruct-2507:nebius,scala,GPL-3.0,web::src::main::scala::com::linkedin::rookboom::web::JsonView.scala,89,0.4,0,0.022988505747126436," * A JSON view for scala JSON serialization that also supports padded JSON.
 * @author Dmitriy Yefremov
 */
class JsonView extends MappingJackson2JsonView {

  import JsonView._

  @BeanProperty
  var withPadding = false

  setObjectMapper(JsonUtils.mapper)

  if (withPadding) {
    setContentType(ContentTypeJavascript)
  } else {
    setContentType(ContentTypeJson)
  }

  override def renderMergedOutputModel(model: util.Map[String, AnyRef],
                                       request: HttpServletRequest,
                                       response: HttpServletResponse) {
    if (withPadding) {
      val callback = getCallbackName(request)
      val value = new JSONPObject(callback, filterModel(model))
      JsonUtils.serialize(value, response.getOutputStream)
    } else {
      super.renderMergedOutputModel(model, request, response)
    }
  }

  private def getCallbackName(request: HttpServletRequest) = {
    request.getParameter(CallbackParam) match {
      case null => DefaultCallback
      case x => x
    }
  }

}

object JsonView {

  /**
   * Content type for simple JSON
   */
  val ContentTypeJson = ""application/json""

  /**
   * Content type for padded JSON
   */
  val ContentTypeJavascript = ""application/javascript""

  /**
   * The name of the HTTP parameter that sets callback name
   */
  val CallbackParam = ""callback""

  /**
   * Default callback function name.
   */
  val DefaultCallback = ""callback""

}","override def renderMergedOutputModel(model: java.util.Map[String, AnyRef], request: HttpServletRequest, response: HttpServletResponse): Unit = {
    val jsonpCallback = request.getParameter(""callback"")
    if (jsonpCallback != null && !jsonpCallback.isEmpty) {
      response.setContentType(""application/javascript"")
      val jsonpObject = new JSONPObject(jsonpCallback, model)
      JsonUtils.writeValue(response.getWriter, jsonpObject)
    } else {
      response.setContentType(""application/json"")
      JsonUtils.writeValue(response.getWriter, model)
    }
  }"
qwen,Qwen/Qwen3-30B-A3B-Instruct-2507:nebius,scala,GPL-3.0,web::src::main::scala::com::linkedin::rookboom::web::JsonView.scala,89,0.8,0,0.10909090909090909," * A JSON view for scala JSON serialization that also supports padded JSON.
 * @author Dmitriy Yefremov
 */
class JsonView extends MappingJackson2JsonView {

  import JsonView._

  @BeanProperty
  var withPadding = false

  setObjectMapper(JsonUtils.mapper)

  if (withPadding) {
    setContentType(ContentTypeJavascript)
  } else {
    setContentType(ContentTypeJson)
  }

  override def renderMergedOutputModel(model: util.Map[String, AnyRef],
                                       request: HttpServletRequest,
                                       response: HttpServletResponse) {
    if (withPadding) {
      val callback = getCallbackName(request)
      val value = new JSONPObject(callback, filterModel(model))
      JsonUtils.serialize(value, response.getOutputStream)
    } else {
      super.renderMergedOutputModel(model, request, response)
    }
  }

  private def getCallbackName(request: HttpServletRequest) = {
    request.getParameter(CallbackParam) match {
      case null => DefaultCallback
      case x => x
    }
  }

}

object JsonView {

  /**
   * Content type for simple JSON
   */
  val ContentTypeJson = ""application/json""

  /**
   * Content type for padded JSON
   */
  val ContentTypeJavascript = ""application/javascript""

  /**
   * The name of the HTTP parameter that sets callback name
   */
  val CallbackParam = ""callback""

  /**
   * Default callback function name.
   */
  val DefaultCallback = ""callback""

}","scala
class JsonView extends MappingJackson2JsonView {
  private var jsonpCallback: String = _
  private var jsonpEnabled: Boolean = false

  @BeanProperty
  def setJsonpCallback(jsonpCallback: String): Unit = {
    this.jsonpCallback = jsonpCallback
  }

  @BeanProperty
  def setJsonpEnabled(jsonpEnabled: Boolean): Unit = {
    this.jsonpEnabled = jsonpEnabled
  }

  override protected def renderMergedOutputModel(model: util.Map[String, AnyRef], request: HttpServletRequest, response: HttpServletResponse): Unit = {
    if (jsonpEnabled && jsonpCallback != null && jsonpCallback.nonEmpty) {
      response.setContentType(""application/javascript"")
      val jsonpObject = new JSONPObject(jsonpCallback, model)
      JsonUtils.writeValueAsString(jsonpObject, getJsonObjectMapper)
      val writer = response.getWriter
      writer.write(JsonUtils.writeValueAsString(jsonpObject, getJsonObjectMapper))
      writer.flush()
    } else {
      super.renderMergedOutputModel(model, request, response)
    }
  }
}"
qwen,Qwen/Qwen3-30B-A3B-Instruct-2507:nebius,scala,GPL-3.0,core::src::main::scala::kafka::zk::AdminZkClient.scala,450,0.2,0,0.04024144869215292,"
    if (partitionReplicaAssignment.values.map(_.size).toSet.size != 1)
      throw new InvalidReplicaAssignmentException(""All partitions should have the same number of replicas"")

    partitionReplicaAssignment.values.foreach(reps =>
      if (reps.size != reps.toSet.size)
        throw new InvalidReplicaAssignmentException(""Duplicate replica assignment found: "" + partitionReplicaAssignment)
    )

    // Configs only matter if a topic is being created. Changing configs via AlterTopic is not supported
    if (!update)
      LogConfig.validate(config)
  }

  private def writeTopicPartitionAssignment(topic: String, replicaAssignment: Map[Int, Seq[Int]], update: Boolean) {
    try {
      val assignment = replicaAssignment.map { case (partitionId, replicas) => (new TopicPartition(topic,partitionId), replicas) }.toMap

      if (!update) {
        info(""Topic creation "" + assignment)
        zkClient.createTopicAssignment(topic, assignment)
      } else {
        info(""Topic update "" + assignment)
        zkClient.setTopicAssignment(topic, assignment)
      }
      debug(""Updated path %s with %s for replica assignment"".format(TopicZNode.path(topic), assignment))
    } catch {
      case _: NodeExistsException => throw new TopicExistsException(s""Topic '$topic' already exists."")
      case e2: Throwable => throw new AdminOperationException(e2.toString)
    }
  }


  /**
   * Creates a delete path for a given topic
   * @param topic
   */
  def deleteTopic(topic: String) {
    if (zkClient.topicExists(topic)) {
      try {
        zkClient.createDeleteTopicPath(topic)
      } catch {
        case _: NodeExistsException => throw new TopicAlreadyMarkedForDeletionException(
          ""topic %s is already marked for deletion"".format(topic))
        case e: Throwable => throw new AdminOperationException(e.getMessage)
       }
    } else {
      throw new UnknownTopicOrPartitionException(s""Topic `$topic` to delete does not exist"")
    }
  }

  /**
  * Add partitions to existing topic with optional replica assignment
  *
  * @param topic Topic for adding partitions to
  * @param existingAssignment A map from partition id to its assigned replicas
  * @param allBrokers All brokers in the cluster
  * @param numPartitions Number of partitions to be set
  * @param replicaAssignment Manual replica assignment, or none
  * @param validateOnly If true, validate the parameters without actually adding the partitions
  * @return the updated replica assignment
  */
  def addPartitions(topic: String,
                    existingAssignment: Map[Int, Seq[Int]],
                    allBrokers: Seq[BrokerMetadata],
                    numPartitions: Int = 1,
                    replicaAssignment: Option[Map[Int, Seq[Int]]] = None,
                    validateOnly: Boolean = false): Map[Int, Seq[Int]] = {
    val existingAssignmentPartition0 = existingAssignment.getOrElse(0,
      throw new AdminOperationException(
        s""Unexpected existing replica assignment for topic '$topic', partition id 0 is missing. "" +
          s""Assignment: $existingAssignment""))

    val partitionsToAdd = numPartitions - existingAssignment.size
    if (partitionsToAdd <= 0)
      throw new InvalidPartitionsException(
        s""The number of partitions for a topic can only be increased. "" +
          s""Topic $topic currently has ${existingAssignment.size} partitions, "" +
          s""$numPartitions would not be an increase."")

    replicaAssignment.foreach { proposedReplicaAssignment =>
      validateReplicaAssignment(proposedReplicaAssignment, existingAssignmentPartition0.size,
        allBrokers.map(_.id).toSet)
    }

    val proposedAssignmentForNewPartitions = replicaAssignment.getOrElse {
      val startIndex = math.max(0, allBrokers.indexWhere(_.id >= existingAssignmentPartition0.head))
      AdminUtils.assignReplicasToBrokers(allBrokers, partitionsToAdd, existingAssignmentPartition0.size,
        startIndex, existingAssignment.size)
    }
    val proposedAssignment = existingAssignment ++ proposedAssignmentForNewPartitions
    if (!validateOnly) {
      info(s""Creating $partitionsToAdd partitions for '$topic' with the following replica assignment: "" +
        s""$proposedAssignmentForNewPartitions."")
      // add the combined new list
      createOrUpdateTopicPartitionAssignmentPathInZK(topic, proposedAssignment, update = true)
    }
    proposedAssignment

  }

  private def validateReplicaAssignment(replicaAssignment: Map[Int, Seq[Int]],
                                        expectedReplicationFactor: Int,
                                        availableBrokerIds: Set[Int]): Unit = {

    replicaAssignment.foreach { case (partitionId, replicas) =>
      if (replicas.isEmpty)
        throw new InvalidReplicaAssignmentException(
          s""Cannot have replication factor of 0 for partition id $partitionId."")
      if (replicas.size != replicas.toSet.size)
        throw new InvalidReplicaAssignmentException(
          s""Duplicate brokers not allowed in replica assignment: "" +
            s""${replicas.mkString("", "")} for partition id $partitionId."")
      if (!replicas.toSet.subsetOf(availableBrokerIds))
        throw new BrokerNotAvailableException(
          s""Some brokers specified for partition id $partitionId are not available. "" +
            s""Specified brokers: ${replicas.mkString("", "")}, "" +
            s""available brokers: ${availableBrokerIds.mkString("", "")}."")
      partitionId -> replicas.size
    }
    val badRepFactors = replicaAssignment.collect {
      case (partition, replicas) if replicas.size != expectedReplicationFactor => partition -> replicas.size
    }
    if (badRepFactors.nonEmpty) {
      val sortedBadRepFactors = badRepFactors.toSeq.sortBy { case (partitionId, _) => partitionId }
      val partitions = sortedBadRepFactors.map { case (partitionId, _) => partitionId }
      val repFactors = sortedBadRepFactors.map { case (_, rf) => rf }
      throw new InvalidReplicaAssignmentException(s""Inconsistent replication factor between partitions, "" +
        s""partition 0 has ${expectedReplicationFactor} while partitions [${partitions.mkString("", "")}] have "" +
        s""replication factors [${repFactors.mkString("", "")}], respectively."")
    }
  }

  def parseBroker(broker: String): Option[Int] = {
    broker match {
      case ConfigEntityName.Default => None
      case _ =>
        try Some(broker.toInt)
        catch {
          case _: NumberFormatException =>
            throw new IllegalArgumentException(s""Error parsing broker $broker. The broker's Entity Name must be a single integer value"")
        }
    }
  }

  /**
   * Change the configs for a given entityType and entityName
   * @param entityType
   * @param entityName
   * @param configs
   */
  def changeConfigs(entityType: String, entityName: String, configs: Properties): Unit = {

    entityType match {
      case ConfigType.Topic => changeTopicConfig(entityName, configs)
      case ConfigType.Client => changeClientIdConfig(entityName, configs)
      case ConfigType.User => changeUserOrUserClientIdConfig(entityName, configs)
      case ConfigType.Broker => changeBrokerConfig(parseBroker(entityName), configs)
      case _ => throw new IllegalArgumentException(s""$entityType is not a known entityType. Should be one of ${ConfigType.Topic}, ${ConfigType.Client}, ${ConfigType.Broker}"")
    }
  }

  /**
   * Update the config for a client and create a change notification so the change will propagate to other brokers.
   * If clientId is <default>, default clientId config is updated. ClientId configs are used only if <user, clientId>
   * and <user> configs are not specified.
   *
   * @param sanitizedClientId: The sanitized clientId for which configs are being changed
   * @param configs: The final set of configs that will be applied to the topic. If any new configs need to be added or
   *                 existing configs need to be deleted, it should be done prior to invoking this API
   *
   */
  def changeClientIdConfig(sanitizedClientId: String, configs: Properties) {
    DynamicConfig.Client.validate(configs)
    changeEntityConfig(ConfigType.Client, sanitizedClientId, configs)
  }

  /**
   * Update the config for a <user> or <user, clientId> and create a change notification so the change will propagate to other brokers.
   * User and/or clientId components of the path may be <default>, indicating that the configuration is the default
   * value to be applied if a more specific override is not configured.
   *
   * @param sanitizedEntityName: <sanitizedUserPrincipal> or <sanitizedUserPrincipal>/clients/<clientId>
   * @param configs: The final set of configs that will be applied to the topic. If any new configs need to be added or
   *                 existing configs need to be deleted, it should be done prior to invoking this API
   *
   */
  def changeUserOrUserClientIdConfig(sanitizedEntityName: String, configs: Properties) {
    if (sanitizedEntityName == ConfigEntityName.Default || sanitizedEntityName.contains(""/clients""))
      DynamicConfig.Client.validate(configs)
    else
      DynamicConfig.User.validate(configs)
    changeEntityConfig(ConfigType.User, sanitizedEntityName, configs)
  }

  /**
   * validates the topic configs
   * @param topic
   * @param configs
   */
  def validateTopicConfig(topic: String, configs: Properties): Unit = {
    Topic.validate(topic)
    if (!zkClient.topicExists(topic))
      throw new AdminOperationException(""Topic \""%s\"" does not exist."".format(topic))
    // remove the topic overrides
    LogConfig.validate(configs)
  }

  /**
   * Update the config for an existing topic and create a change notification so the change will propagate to other brokers
   *
   * @param topic: The topic for which configs are being changed
   * @param configs: The final set of configs that will be applied to the topic. If any new configs need to be added or
   *                 existing configs need to be deleted, it should be done prior to invoking this API
   *
   */
   def changeTopicConfig(topic: String, configs: Properties): Unit = {
    validateTopicConfig(topic, configs)
    changeEntityConfig(ConfigType.Topic, topic, configs)
  }

  /**
    * Override the broker config on some set of brokers. These overrides will be persisted between sessions, and will
    * override any defaults entered in the broker's config files
    *
    * @param brokers: The list of brokers to apply config changes to
    * @param configs: The config to change, as properties
    */
  def changeBrokerConfig(brokers: Seq[Int], configs: Properties): Unit = {
    validateBrokerConfig(configs)
    brokers.foreach {
      broker => changeEntityConfig(ConfigType.Broker, broker.toString, configs)
    }
  }

  /**
    * Override a broker override or broker default config. These overrides will be persisted between sessions, and will
    * override any defaults entered in the broker's config files
    *
    * @param broker: The broker to apply config changes to or None to update dynamic default configs
    * @param configs: The config to change, as properties
    */
  def changeBrokerConfig(broker: Option[Int], configs: Properties): Unit = {
    validateBrokerConfig(configs)
    changeEntityConfig(ConfigType.Broker, broker.map(_.toString).getOrElse(ConfigEntityName.Default), configs)
  }

  /**
    * Validate dynamic broker configs. Since broker configs may contain custom configs, the validation
    * only verifies that the provided config does not contain any static configs.
    * @param configs configs to validate
    */
  def validateBrokerConfig(configs: Properties): Unit = {
    DynamicConfig.Broker.validate(configs)
  }

  private def changeEntityConfig(rootEntityType: String, fullSanitizedEntityName: String, configs: Properties) {
    val sanitizedEntityPath = rootEntityType + '/' + fullSanitizedEntityName
    zkClient.setOrCreateEntityConfigs(rootEntityType, fullSanitizedEntityName, configs)

    // create the change notification
    zkClient.createConfigChangeNotification(sanitizedEntityPath)
  }

  /**
   * Read the entity (topic, broker, client, user or <user, client>) config (if any) from zk
   * sanitizedEntityName is <topic>, <broker>, <client-id>, <user> or <user>/clients/<client-id>.
   * @param rootEntityType
   * @param sanitizedEntityName
   * @return
   */
  def fetchEntityConfig(rootEntityType: String, sanitizedEntityName: String): Properties = {
    zkClient.getEntityConfigs(rootEntityType, sanitizedEntityName)
  }

  /**
   * Gets all topic configs
   * @return
   */
  def getAllTopicConfigs(): Map[String, Properties] =
    zkClient.getAllTopicsInCluster.map(topic => (topic, fetchEntityConfig(ConfigType.Topic, topic))).toMap

  /**
   * Gets all the entity configs for a given entityType
   * @param entityType
   * @return
   */
  def fetchAllEntityConfigs(entityType: String): Map[String, Properties] =
    zkClient.getAllEntitiesWithConfig(entityType).map(entity => (entity, fetchEntityConfig(entityType, entity))).toMap

  /**
   * Gets all the entity configs for a given childEntityType
   * @param rootEntityType
   * @param childEntityType
   * @return
   */
  def fetchAllChildEntityConfigs(rootEntityType: String, childEntityType: String): Map[String, Properties] = {
    def entityPaths(rootPath: Option[String]): Seq[String] = {
      val root = rootPath match {
        case Some(path) => rootEntityType + '/' + path
        case None => rootEntityType
      }
      val entityNames = zkClient.getAllEntitiesWithConfig(root)
      rootPath match {
        case Some(path) => entityNames.map(entityName => path + '/' + entityName)
        case None => entityNames
      }
    }
    entityPaths(None)
      .flatMap(entity => entityPaths(Some(entity + '/' + childEntityType)))
      .map(entityPath => (entityPath, fetchEntityConfig(rootEntityType, entityPath))).toMap
  }

}
","if (partitionReplicaAssignment.isEmpty)
      throw new InvalidPartitionsException(""Partition assignment cannot be empty"")

    val allReplicaIds = partitionReplicaAssignment.values.flatten.toSet
    val allBrokers = zkClient.getAllBrokersInCluster.map(_.id).toSet
    val invalidReplicas = allReplicaIds.diff(allBrokers)
    if (invalidReplicas.nonEmpty)
      throw new InvalidReplicaAssignmentException(s""Replica ids ${invalidReplicas.mkString("", "")} do not exist in the cluster"")

    val partitionIds = partitionReplicaAssignment.keySet
    if (partitionIds.isEmpty)
      throw new InvalidPartitionsException(""Partition assignment must contain at least one partition"")

    if (partitionIds.exists(_ < 0))
      throw new InvalidPartitionsException(""Partition IDs cannot be negative"")

    if (partitionReplicaAssignment.values.exists(_.isEmpty))
      throw new InvalidReplicaAssignmentException(""Replica assignment cannot be empty for any partition"")

    if (partitionReplicaAssignment.values.exists(_.size < 1))
      throw new InvalidReplicaAssignmentException(""Replica assignment must have at least one replica per partition"")

    if (partitionReplicaAssignment.values.exists(replicas => replicas.size != replicas.to"
qwen,Qwen/Qwen3-30B-A3B-Instruct-2507:nebius,scala,GPL-3.0,core::src::main::scala::kafka::zk::AdminZkClient.scala,450,0.4,0,0.05,"
    if (partitionReplicaAssignment.values.map(_.size).toSet.size != 1)
      throw new InvalidReplicaAssignmentException(""All partitions should have the same number of replicas"")

    partitionReplicaAssignment.values.foreach(reps =>
      if (reps.size != reps.toSet.size)
        throw new InvalidReplicaAssignmentException(""Duplicate replica assignment found: "" + partitionReplicaAssignment)
    )

    // Configs only matter if a topic is being created. Changing configs via AlterTopic is not supported
    if (!update)
      LogConfig.validate(config)
  }

  private def writeTopicPartitionAssignment(topic: String, replicaAssignment: Map[Int, Seq[Int]], update: Boolean) {
    try {
      val assignment = replicaAssignment.map { case (partitionId, replicas) => (new TopicPartition(topic,partitionId), replicas) }.toMap

      if (!update) {
        info(""Topic creation "" + assignment)
        zkClient.createTopicAssignment(topic, assignment)
      } else {
        info(""Topic update "" + assignment)
        zkClient.setTopicAssignment(topic, assignment)
      }
      debug(""Updated path %s with %s for replica assignment"".format(TopicZNode.path(topic), assignment))
    } catch {
      case _: NodeExistsException => throw new TopicExistsException(s""Topic '$topic' already exists."")
      case e2: Throwable => throw new AdminOperationException(e2.toString)
    }
  }


  /**
   * Creates a delete path for a given topic
   * @param topic
   */
  def deleteTopic(topic: String) {
    if (zkClient.topicExists(topic)) {
      try {
        zkClient.createDeleteTopicPath(topic)
      } catch {
        case _: NodeExistsException => throw new TopicAlreadyMarkedForDeletionException(
          ""topic %s is already marked for deletion"".format(topic))
        case e: Throwable => throw new AdminOperationException(e.getMessage)
       }
    } else {
      throw new UnknownTopicOrPartitionException(s""Topic `$topic` to delete does not exist"")
    }
  }

  /**
  * Add partitions to existing topic with optional replica assignment
  *
  * @param topic Topic for adding partitions to
  * @param existingAssignment A map from partition id to its assigned replicas
  * @param allBrokers All brokers in the cluster
  * @param numPartitions Number of partitions to be set
  * @param replicaAssignment Manual replica assignment, or none
  * @param validateOnly If true, validate the parameters without actually adding the partitions
  * @return the updated replica assignment
  */
  def addPartitions(topic: String,
                    existingAssignment: Map[Int, Seq[Int]],
                    allBrokers: Seq[BrokerMetadata],
                    numPartitions: Int = 1,
                    replicaAssignment: Option[Map[Int, Seq[Int]]] = None,
                    validateOnly: Boolean = false): Map[Int, Seq[Int]] = {
    val existingAssignmentPartition0 = existingAssignment.getOrElse(0,
      throw new AdminOperationException(
        s""Unexpected existing replica assignment for topic '$topic', partition id 0 is missing. "" +
          s""Assignment: $existingAssignment""))

    val partitionsToAdd = numPartitions - existingAssignment.size
    if (partitionsToAdd <= 0)
      throw new InvalidPartitionsException(
        s""The number of partitions for a topic can only be increased. "" +
          s""Topic $topic currently has ${existingAssignment.size} partitions, "" +
          s""$numPartitions would not be an increase."")

    replicaAssignment.foreach { proposedReplicaAssignment =>
      validateReplicaAssignment(proposedReplicaAssignment, existingAssignmentPartition0.size,
        allBrokers.map(_.id).toSet)
    }

    val proposedAssignmentForNewPartitions = replicaAssignment.getOrElse {
      val startIndex = math.max(0, allBrokers.indexWhere(_.id >= existingAssignmentPartition0.head))
      AdminUtils.assignReplicasToBrokers(allBrokers, partitionsToAdd, existingAssignmentPartition0.size,
        startIndex, existingAssignment.size)
    }
    val proposedAssignment = existingAssignment ++ proposedAssignmentForNewPartitions
    if (!validateOnly) {
      info(s""Creating $partitionsToAdd partitions for '$topic' with the following replica assignment: "" +
        s""$proposedAssignmentForNewPartitions."")
      // add the combined new list
      createOrUpdateTopicPartitionAssignmentPathInZK(topic, proposedAssignment, update = true)
    }
    proposedAssignment

  }

  private def validateReplicaAssignment(replicaAssignment: Map[Int, Seq[Int]],
                                        expectedReplicationFactor: Int,
                                        availableBrokerIds: Set[Int]): Unit = {

    replicaAssignment.foreach { case (partitionId, replicas) =>
      if (replicas.isEmpty)
        throw new InvalidReplicaAssignmentException(
          s""Cannot have replication factor of 0 for partition id $partitionId."")
      if (replicas.size != replicas.toSet.size)
        throw new InvalidReplicaAssignmentException(
          s""Duplicate brokers not allowed in replica assignment: "" +
            s""${replicas.mkString("", "")} for partition id $partitionId."")
      if (!replicas.toSet.subsetOf(availableBrokerIds))
        throw new BrokerNotAvailableException(
          s""Some brokers specified for partition id $partitionId are not available. "" +
            s""Specified brokers: ${replicas.mkString("", "")}, "" +
            s""available brokers: ${availableBrokerIds.mkString("", "")}."")
      partitionId -> replicas.size
    }
    val badRepFactors = replicaAssignment.collect {
      case (partition, replicas) if replicas.size != expectedReplicationFactor => partition -> replicas.size
    }
    if (badRepFactors.nonEmpty) {
      val sortedBadRepFactors = badRepFactors.toSeq.sortBy { case (partitionId, _) => partitionId }
      val partitions = sortedBadRepFactors.map { case (partitionId, _) => partitionId }
      val repFactors = sortedBadRepFactors.map { case (_, rf) => rf }
      throw new InvalidReplicaAssignmentException(s""Inconsistent replication factor between partitions, "" +
        s""partition 0 has ${expectedReplicationFactor} while partitions [${partitions.mkString("", "")}] have "" +
        s""replication factors [${repFactors.mkString("", "")}], respectively."")
    }
  }

  def parseBroker(broker: String): Option[Int] = {
    broker match {
      case ConfigEntityName.Default => None
      case _ =>
        try Some(broker.toInt)
        catch {
          case _: NumberFormatException =>
            throw new IllegalArgumentException(s""Error parsing broker $broker. The broker's Entity Name must be a single integer value"")
        }
    }
  }

  /**
   * Change the configs for a given entityType and entityName
   * @param entityType
   * @param entityName
   * @param configs
   */
  def changeConfigs(entityType: String, entityName: String, configs: Properties): Unit = {

    entityType match {
      case ConfigType.Topic => changeTopicConfig(entityName, configs)
      case ConfigType.Client => changeClientIdConfig(entityName, configs)
      case ConfigType.User => changeUserOrUserClientIdConfig(entityName, configs)
      case ConfigType.Broker => changeBrokerConfig(parseBroker(entityName), configs)
      case _ => throw new IllegalArgumentException(s""$entityType is not a known entityType. Should be one of ${ConfigType.Topic}, ${ConfigType.Client}, ${ConfigType.Broker}"")
    }
  }

  /**
   * Update the config for a client and create a change notification so the change will propagate to other brokers.
   * If clientId is <default>, default clientId config is updated. ClientId configs are used only if <user, clientId>
   * and <user> configs are not specified.
   *
   * @param sanitizedClientId: The sanitized clientId for which configs are being changed
   * @param configs: The final set of configs that will be applied to the topic. If any new configs need to be added or
   *                 existing configs need to be deleted, it should be done prior to invoking this API
   *
   */
  def changeClientIdConfig(sanitizedClientId: String, configs: Properties) {
    DynamicConfig.Client.validate(configs)
    changeEntityConfig(ConfigType.Client, sanitizedClientId, configs)
  }

  /**
   * Update the config for a <user> or <user, clientId> and create a change notification so the change will propagate to other brokers.
   * User and/or clientId components of the path may be <default>, indicating that the configuration is the default
   * value to be applied if a more specific override is not configured.
   *
   * @param sanitizedEntityName: <sanitizedUserPrincipal> or <sanitizedUserPrincipal>/clients/<clientId>
   * @param configs: The final set of configs that will be applied to the topic. If any new configs need to be added or
   *                 existing configs need to be deleted, it should be done prior to invoking this API
   *
   */
  def changeUserOrUserClientIdConfig(sanitizedEntityName: String, configs: Properties) {
    if (sanitizedEntityName == ConfigEntityName.Default || sanitizedEntityName.contains(""/clients""))
      DynamicConfig.Client.validate(configs)
    else
      DynamicConfig.User.validate(configs)
    changeEntityConfig(ConfigType.User, sanitizedEntityName, configs)
  }

  /**
   * validates the topic configs
   * @param topic
   * @param configs
   */
  def validateTopicConfig(topic: String, configs: Properties): Unit = {
    Topic.validate(topic)
    if (!zkClient.topicExists(topic))
      throw new AdminOperationException(""Topic \""%s\"" does not exist."".format(topic))
    // remove the topic overrides
    LogConfig.validate(configs)
  }

  /**
   * Update the config for an existing topic and create a change notification so the change will propagate to other brokers
   *
   * @param topic: The topic for which configs are being changed
   * @param configs: The final set of configs that will be applied to the topic. If any new configs need to be added or
   *                 existing configs need to be deleted, it should be done prior to invoking this API
   *
   */
   def changeTopicConfig(topic: String, configs: Properties): Unit = {
    validateTopicConfig(topic, configs)
    changeEntityConfig(ConfigType.Topic, topic, configs)
  }

  /**
    * Override the broker config on some set of brokers. These overrides will be persisted between sessions, and will
    * override any defaults entered in the broker's config files
    *
    * @param brokers: The list of brokers to apply config changes to
    * @param configs: The config to change, as properties
    */
  def changeBrokerConfig(brokers: Seq[Int], configs: Properties): Unit = {
    validateBrokerConfig(configs)
    brokers.foreach {
      broker => changeEntityConfig(ConfigType.Broker, broker.toString, configs)
    }
  }

  /**
    * Override a broker override or broker default config. These overrides will be persisted between sessions, and will
    * override any defaults entered in the broker's config files
    *
    * @param broker: The broker to apply config changes to or None to update dynamic default configs
    * @param configs: The config to change, as properties
    */
  def changeBrokerConfig(broker: Option[Int], configs: Properties): Unit = {
    validateBrokerConfig(configs)
    changeEntityConfig(ConfigType.Broker, broker.map(_.toString).getOrElse(ConfigEntityName.Default), configs)
  }

  /**
    * Validate dynamic broker configs. Since broker configs may contain custom configs, the validation
    * only verifies that the provided config does not contain any static configs.
    * @param configs configs to validate
    */
  def validateBrokerConfig(configs: Properties): Unit = {
    DynamicConfig.Broker.validate(configs)
  }

  private def changeEntityConfig(rootEntityType: String, fullSanitizedEntityName: String, configs: Properties) {
    val sanitizedEntityPath = rootEntityType + '/' + fullSanitizedEntityName
    zkClient.setOrCreateEntityConfigs(rootEntityType, fullSanitizedEntityName, configs)

    // create the change notification
    zkClient.createConfigChangeNotification(sanitizedEntityPath)
  }

  /**
   * Read the entity (topic, broker, client, user or <user, client>) config (if any) from zk
   * sanitizedEntityName is <topic>, <broker>, <client-id>, <user> or <user>/clients/<client-id>.
   * @param rootEntityType
   * @param sanitizedEntityName
   * @return
   */
  def fetchEntityConfig(rootEntityType: String, sanitizedEntityName: String): Properties = {
    zkClient.getEntityConfigs(rootEntityType, sanitizedEntityName)
  }

  /**
   * Gets all topic configs
   * @return
   */
  def getAllTopicConfigs(): Map[String, Properties] =
    zkClient.getAllTopicsInCluster.map(topic => (topic, fetchEntityConfig(ConfigType.Topic, topic))).toMap

  /**
   * Gets all the entity configs for a given entityType
   * @param entityType
   * @return
   */
  def fetchAllEntityConfigs(entityType: String): Map[String, Properties] =
    zkClient.getAllEntitiesWithConfig(entityType).map(entity => (entity, fetchEntityConfig(entityType, entity))).toMap

  /**
   * Gets all the entity configs for a given childEntityType
   * @param rootEntityType
   * @param childEntityType
   * @return
   */
  def fetchAllChildEntityConfigs(rootEntityType: String, childEntityType: String): Map[String, Properties] = {
    def entityPaths(rootPath: Option[String]): Seq[String] = {
      val root = rootPath match {
        case Some(path) => rootEntityType + '/' + path
        case None => rootEntityType
      }
      val entityNames = zkClient.getAllEntitiesWithConfig(root)
      rootPath match {
        case Some(path) => entityNames.map(entityName => path + '/' + entityName)
        case None => entityNames
      }
    }
    entityPaths(None)
      .flatMap(entity => entityPaths(Some(entity + '/' + childEntityType)))
      .map(entityPath => (entityPath, fetchEntityConfig(rootEntityType, entityPath))).toMap
  }

}
","if (partitionReplicaAssignment.isEmpty)
      throw new InvalidPartitionsException(""Number of partitions must be positive"")

    if (partitionReplicaAssignment.exists(_._2.isEmpty))
      throw new InvalidPartitionsException(""Replica assignment cannot be empty for any partition"")

    val allReplicaIds = partitionReplicaAssignment.values.flatten.toSet
    val allBrokers = zkClient.getAllBrokersInCluster.map(_.id).toSet
    val invalidReplicaIds = allReplicaIds.diff(allBrokers)
    if (invalidReplicaIds.nonEmpty)
      throw new BrokerNotAvailableException(s""Replica assignment contains invalid broker ids: ${invalidReplicaIds.mkString("", "")}"")

    val replicaAssignment = partitionReplicaAssignment.map { case (partition, replicas) =>
      val replicaSet = replicas.toSet
      if (replicaSet.size != replicas.size)
        throw new InvalidReplicationFactorException(s""Replica assignment for partition $partition contains duplicate brokers: $replicas"")
      if (replicaSet.size < 2)
        throw new InvalidReplicationFactorException(s""Replication factor must be at least 2, but found: ${replicaSet.size} for partition $partition"")
      partition ->"
qwen,Qwen/Qwen3-30B-A3B-Instruct-2507:nebius,scala,GPL-3.0,core::src::main::scala::kafka::zk::AdminZkClient.scala,450,0.8,0,0.010101010101010102,"
    if (partitionReplicaAssignment.values.map(_.size).toSet.size != 1)
      throw new InvalidReplicaAssignmentException(""All partitions should have the same number of replicas"")

    partitionReplicaAssignment.values.foreach(reps =>
      if (reps.size != reps.toSet.size)
        throw new InvalidReplicaAssignmentException(""Duplicate replica assignment found: "" + partitionReplicaAssignment)
    )

    // Configs only matter if a topic is being created. Changing configs via AlterTopic is not supported
    if (!update)
      LogConfig.validate(config)
  }

  private def writeTopicPartitionAssignment(topic: String, replicaAssignment: Map[Int, Seq[Int]], update: Boolean) {
    try {
      val assignment = replicaAssignment.map { case (partitionId, replicas) => (new TopicPartition(topic,partitionId), replicas) }.toMap

      if (!update) {
        info(""Topic creation "" + assignment)
        zkClient.createTopicAssignment(topic, assignment)
      } else {
        info(""Topic update "" + assignment)
        zkClient.setTopicAssignment(topic, assignment)
      }
      debug(""Updated path %s with %s for replica assignment"".format(TopicZNode.path(topic), assignment))
    } catch {
      case _: NodeExistsException => throw new TopicExistsException(s""Topic '$topic' already exists."")
      case e2: Throwable => throw new AdminOperationException(e2.toString)
    }
  }


  /**
   * Creates a delete path for a given topic
   * @param topic
   */
  def deleteTopic(topic: String) {
    if (zkClient.topicExists(topic)) {
      try {
        zkClient.createDeleteTopicPath(topic)
      } catch {
        case _: NodeExistsException => throw new TopicAlreadyMarkedForDeletionException(
          ""topic %s is already marked for deletion"".format(topic))
        case e: Throwable => throw new AdminOperationException(e.getMessage)
       }
    } else {
      throw new UnknownTopicOrPartitionException(s""Topic `$topic` to delete does not exist"")
    }
  }

  /**
  * Add partitions to existing topic with optional replica assignment
  *
  * @param topic Topic for adding partitions to
  * @param existingAssignment A map from partition id to its assigned replicas
  * @param allBrokers All brokers in the cluster
  * @param numPartitions Number of partitions to be set
  * @param replicaAssignment Manual replica assignment, or none
  * @param validateOnly If true, validate the parameters without actually adding the partitions
  * @return the updated replica assignment
  */
  def addPartitions(topic: String,
                    existingAssignment: Map[Int, Seq[Int]],
                    allBrokers: Seq[BrokerMetadata],
                    numPartitions: Int = 1,
                    replicaAssignment: Option[Map[Int, Seq[Int]]] = None,
                    validateOnly: Boolean = false): Map[Int, Seq[Int]] = {
    val existingAssignmentPartition0 = existingAssignment.getOrElse(0,
      throw new AdminOperationException(
        s""Unexpected existing replica assignment for topic '$topic', partition id 0 is missing. "" +
          s""Assignment: $existingAssignment""))

    val partitionsToAdd = numPartitions - existingAssignment.size
    if (partitionsToAdd <= 0)
      throw new InvalidPartitionsException(
        s""The number of partitions for a topic can only be increased. "" +
          s""Topic $topic currently has ${existingAssignment.size} partitions, "" +
          s""$numPartitions would not be an increase."")

    replicaAssignment.foreach { proposedReplicaAssignment =>
      validateReplicaAssignment(proposedReplicaAssignment, existingAssignmentPartition0.size,
        allBrokers.map(_.id).toSet)
    }

    val proposedAssignmentForNewPartitions = replicaAssignment.getOrElse {
      val startIndex = math.max(0, allBrokers.indexWhere(_.id >= existingAssignmentPartition0.head))
      AdminUtils.assignReplicasToBrokers(allBrokers, partitionsToAdd, existingAssignmentPartition0.size,
        startIndex, existingAssignment.size)
    }
    val proposedAssignment = existingAssignment ++ proposedAssignmentForNewPartitions
    if (!validateOnly) {
      info(s""Creating $partitionsToAdd partitions for '$topic' with the following replica assignment: "" +
        s""$proposedAssignmentForNewPartitions."")
      // add the combined new list
      createOrUpdateTopicPartitionAssignmentPathInZK(topic, proposedAssignment, update = true)
    }
    proposedAssignment

  }

  private def validateReplicaAssignment(replicaAssignment: Map[Int, Seq[Int]],
                                        expectedReplicationFactor: Int,
                                        availableBrokerIds: Set[Int]): Unit = {

    replicaAssignment.foreach { case (partitionId, replicas) =>
      if (replicas.isEmpty)
        throw new InvalidReplicaAssignmentException(
          s""Cannot have replication factor of 0 for partition id $partitionId."")
      if (replicas.size != replicas.toSet.size)
        throw new InvalidReplicaAssignmentException(
          s""Duplicate brokers not allowed in replica assignment: "" +
            s""${replicas.mkString("", "")} for partition id $partitionId."")
      if (!replicas.toSet.subsetOf(availableBrokerIds))
        throw new BrokerNotAvailableException(
          s""Some brokers specified for partition id $partitionId are not available. "" +
            s""Specified brokers: ${replicas.mkString("", "")}, "" +
            s""available brokers: ${availableBrokerIds.mkString("", "")}."")
      partitionId -> replicas.size
    }
    val badRepFactors = replicaAssignment.collect {
      case (partition, replicas) if replicas.size != expectedReplicationFactor => partition -> replicas.size
    }
    if (badRepFactors.nonEmpty) {
      val sortedBadRepFactors = badRepFactors.toSeq.sortBy { case (partitionId, _) => partitionId }
      val partitions = sortedBadRepFactors.map { case (partitionId, _) => partitionId }
      val repFactors = sortedBadRepFactors.map { case (_, rf) => rf }
      throw new InvalidReplicaAssignmentException(s""Inconsistent replication factor between partitions, "" +
        s""partition 0 has ${expectedReplicationFactor} while partitions [${partitions.mkString("", "")}] have "" +
        s""replication factors [${repFactors.mkString("", "")}], respectively."")
    }
  }

  def parseBroker(broker: String): Option[Int] = {
    broker match {
      case ConfigEntityName.Default => None
      case _ =>
        try Some(broker.toInt)
        catch {
          case _: NumberFormatException =>
            throw new IllegalArgumentException(s""Error parsing broker $broker. The broker's Entity Name must be a single integer value"")
        }
    }
  }

  /**
   * Change the configs for a given entityType and entityName
   * @param entityType
   * @param entityName
   * @param configs
   */
  def changeConfigs(entityType: String, entityName: String, configs: Properties): Unit = {

    entityType match {
      case ConfigType.Topic => changeTopicConfig(entityName, configs)
      case ConfigType.Client => changeClientIdConfig(entityName, configs)
      case ConfigType.User => changeUserOrUserClientIdConfig(entityName, configs)
      case ConfigType.Broker => changeBrokerConfig(parseBroker(entityName), configs)
      case _ => throw new IllegalArgumentException(s""$entityType is not a known entityType. Should be one of ${ConfigType.Topic}, ${ConfigType.Client}, ${ConfigType.Broker}"")
    }
  }

  /**
   * Update the config for a client and create a change notification so the change will propagate to other brokers.
   * If clientId is <default>, default clientId config is updated. ClientId configs are used only if <user, clientId>
   * and <user> configs are not specified.
   *
   * @param sanitizedClientId: The sanitized clientId for which configs are being changed
   * @param configs: The final set of configs that will be applied to the topic. If any new configs need to be added or
   *                 existing configs need to be deleted, it should be done prior to invoking this API
   *
   */
  def changeClientIdConfig(sanitizedClientId: String, configs: Properties) {
    DynamicConfig.Client.validate(configs)
    changeEntityConfig(ConfigType.Client, sanitizedClientId, configs)
  }

  /**
   * Update the config for a <user> or <user, clientId> and create a change notification so the change will propagate to other brokers.
   * User and/or clientId components of the path may be <default>, indicating that the configuration is the default
   * value to be applied if a more specific override is not configured.
   *
   * @param sanitizedEntityName: <sanitizedUserPrincipal> or <sanitizedUserPrincipal>/clients/<clientId>
   * @param configs: The final set of configs that will be applied to the topic. If any new configs need to be added or
   *                 existing configs need to be deleted, it should be done prior to invoking this API
   *
   */
  def changeUserOrUserClientIdConfig(sanitizedEntityName: String, configs: Properties) {
    if (sanitizedEntityName == ConfigEntityName.Default || sanitizedEntityName.contains(""/clients""))
      DynamicConfig.Client.validate(configs)
    else
      DynamicConfig.User.validate(configs)
    changeEntityConfig(ConfigType.User, sanitizedEntityName, configs)
  }

  /**
   * validates the topic configs
   * @param topic
   * @param configs
   */
  def validateTopicConfig(topic: String, configs: Properties): Unit = {
    Topic.validate(topic)
    if (!zkClient.topicExists(topic))
      throw new AdminOperationException(""Topic \""%s\"" does not exist."".format(topic))
    // remove the topic overrides
    LogConfig.validate(configs)
  }

  /**
   * Update the config for an existing topic and create a change notification so the change will propagate to other brokers
   *
   * @param topic: The topic for which configs are being changed
   * @param configs: The final set of configs that will be applied to the topic. If any new configs need to be added or
   *                 existing configs need to be deleted, it should be done prior to invoking this API
   *
   */
   def changeTopicConfig(topic: String, configs: Properties): Unit = {
    validateTopicConfig(topic, configs)
    changeEntityConfig(ConfigType.Topic, topic, configs)
  }

  /**
    * Override the broker config on some set of brokers. These overrides will be persisted between sessions, and will
    * override any defaults entered in the broker's config files
    *
    * @param brokers: The list of brokers to apply config changes to
    * @param configs: The config to change, as properties
    */
  def changeBrokerConfig(brokers: Seq[Int], configs: Properties): Unit = {
    validateBrokerConfig(configs)
    brokers.foreach {
      broker => changeEntityConfig(ConfigType.Broker, broker.toString, configs)
    }
  }

  /**
    * Override a broker override or broker default config. These overrides will be persisted between sessions, and will
    * override any defaults entered in the broker's config files
    *
    * @param broker: The broker to apply config changes to or None to update dynamic default configs
    * @param configs: The config to change, as properties
    */
  def changeBrokerConfig(broker: Option[Int], configs: Properties): Unit = {
    validateBrokerConfig(configs)
    changeEntityConfig(ConfigType.Broker, broker.map(_.toString).getOrElse(ConfigEntityName.Default), configs)
  }

  /**
    * Validate dynamic broker configs. Since broker configs may contain custom configs, the validation
    * only verifies that the provided config does not contain any static configs.
    * @param configs configs to validate
    */
  def validateBrokerConfig(configs: Properties): Unit = {
    DynamicConfig.Broker.validate(configs)
  }

  private def changeEntityConfig(rootEntityType: String, fullSanitizedEntityName: String, configs: Properties) {
    val sanitizedEntityPath = rootEntityType + '/' + fullSanitizedEntityName
    zkClient.setOrCreateEntityConfigs(rootEntityType, fullSanitizedEntityName, configs)

    // create the change notification
    zkClient.createConfigChangeNotification(sanitizedEntityPath)
  }

  /**
   * Read the entity (topic, broker, client, user or <user, client>) config (if any) from zk
   * sanitizedEntityName is <topic>, <broker>, <client-id>, <user> or <user>/clients/<client-id>.
   * @param rootEntityType
   * @param sanitizedEntityName
   * @return
   */
  def fetchEntityConfig(rootEntityType: String, sanitizedEntityName: String): Properties = {
    zkClient.getEntityConfigs(rootEntityType, sanitizedEntityName)
  }

  /**
   * Gets all topic configs
   * @return
   */
  def getAllTopicConfigs(): Map[String, Properties] =
    zkClient.getAllTopicsInCluster.map(topic => (topic, fetchEntityConfig(ConfigType.Topic, topic))).toMap

  /**
   * Gets all the entity configs for a given entityType
   * @param entityType
   * @return
   */
  def fetchAllEntityConfigs(entityType: String): Map[String, Properties] =
    zkClient.getAllEntitiesWithConfig(entityType).map(entity => (entity, fetchEntityConfig(entityType, entity))).toMap

  /**
   * Gets all the entity configs for a given childEntityType
   * @param rootEntityType
   * @param childEntityType
   * @return
   */
  def fetchAllChildEntityConfigs(rootEntityType: String, childEntityType: String): Map[String, Properties] = {
    def entityPaths(rootPath: Option[String]): Seq[String] = {
      val root = rootPath match {
        case Some(path) => rootEntityType + '/' + path
        case None => rootEntityType
      }
      val entityNames = zkClient.getAllEntitiesWithConfig(root)
      rootPath match {
        case Some(path) => entityNames.map(entityName => path + '/' + entityName)
        case None => entityNames
      }
    }
    entityPaths(None)
      .flatMap(entity => entityPaths(Some(entity + '/' + childEntityType)))
      .map(entityPath => (entityPath, fetchEntityConfig(rootEntityType, entityPath))).toMap
  }

}
","if (partitionReplicaAssignment.isEmpty)
      throw new InvalidPartitionsException(""Topic must have at least one partition."")

    if (partitionReplicaAssignment.exists { case (partition, replicas) => replicas.isEmpty })
      throw new InvalidPartitionsException(""Partitions must have at least one replica."")

    if (partitionReplicaAssignment.exists { case (partition, replicas) => replicas.contains(-1) })
      throw new InvalidReplicationFactorException(""Replica assignment cannot contain broker -1."")

    val allReplicaIds = partitionReplicaAssignment.values.flatten.toSet
    val allBrokers = zkClient.getAllBrokersInCluster.map(_.id).toSet
    if (allReplicaIds.exists(!allBrokers.contains(_)))
      throw new InvalidReplicationFactorException(s""Replica assignment contains unknown broker ids: ${allReplicaIds.filter(!allBrokers.contains(_)).mkString("", "")}."")

    val partitionIds = partitionReplicaAssignment.keys.toSet
    if (partitionIds.isEmpty)
      throw new InvalidPartitionsException(""Partition assignment cannot be empty."")

    if (partitionIds.exists(_ < 0))
      throw new InvalidPartitionsException(""Partition id cannot be negative."")

    if (partitionIds.size != partition"
qwen,Qwen/Qwen3-30B-A3B-Instruct-2507:nebius,scala,GPL-3.0,video-stream::src::main::scala::com::github::radium226::opencv::OpenCVImplicits.scala,73,0.2,0,0.19047619047619047,"    val faceDetector = new FaceDetector()
  }

  implicit class PimpedMat(mat: Mat) {

    def detectFaces(): Seq[Rect] = {
      val detectedRects = new MatOfRect()
      PimpedMat.faceCascadeClassifier.detectMultiScale(mat, detectedRects)
      detectedRects.toArray

      //PimpedMat.faceDetector.detectFaces(mat).asScala
    }

    def predictFaceLandmarks(rect: Rect): Seq[Point] = {
      PimpedMat.faceLandmarksShapePredictor.predictShape(mat.submat(rect)).asScala.map({ position =>

        new Point(rect.x + position.x, rect.y + position.y)
      })
    }

    def drawMarkers(positions: Seq[Point]): Unit = {
      positions.foreach({ position =>
        Imgproc.drawMarker(mat, position, new Scalar(255, 0, 0))
        mat
      })
    }

    def drawRect(rect: Rect): Mat = {
      Imgproc.rectangle(mat, new Point(rect.x, rect.y), new Point(rect.x + rect.width, rect.y + rect.height), new Scalar(255, 255, 0))
      mat
    }

    def drawRects(rects: Seq[Rect]): Mat = {
      rects.foldLeft(mat)({ (mat, rect) => mat.drawRect(rect) })
    }

    def saveTo(filePath: Path): Unit = {
      Imgcodecs.imwrite(filePath.toString, mat)
    }

    def resize(width: Int, height: Int): Mat = {
      val newMat = new Mat()
      Imgproc.resize(mat, newMat, new Size(width, height))
      newMat
    }

  }

}

object OpenCVImplicits extends OpenCVImplicits","def detectFaces(this: Mat): Seq[Rect] = {
      val detected = new MatOfRect()
      faceCascadeClassifier.detectMultiScale(this, detected)
      detected.toArray().toSeq
    }

    def detectAndDrawFaces(this: Mat, color: Scalar = new Scalar(0, 255, 0), thickness: Int = 2): Mat = {
      val faces = detectFaces(this)
      faces.foreach { face =>
        Imgproc.rectangle(this, new Point(face.x, face.y), new Point(face.x + face.width, face.y + face.height), color, thickness)
      }
      this
    }

    def detectFaceLandmarks(this: Mat, predictor: ShapePredictor): Seq[Point] = {
      val faces = detectFaces(this)
      if (faces.isEmpty) return Seq.empty

      val face = faces.head // Take the first detected face
      val faceRect = new Rect(face.x, face.y, face.width, face.height)
      val shape = predictor.predict(this, faceRect)

      (0 until shape.numParts()).map { i =>
        val part = shape.part(i)
        new Point(part.x(), part.y())
      }.toSeq
    }

    def drawFace"
qwen,Qwen/Qwen3-30B-A3B-Instruct-2507:nebius,scala,GPL-3.0,video-stream::src::main::scala::com::github::radium226::opencv::OpenCVImplicits.scala,73,0.4,0,0.2426470588235294,"    val faceDetector = new FaceDetector()
  }

  implicit class PimpedMat(mat: Mat) {

    def detectFaces(): Seq[Rect] = {
      val detectedRects = new MatOfRect()
      PimpedMat.faceCascadeClassifier.detectMultiScale(mat, detectedRects)
      detectedRects.toArray

      //PimpedMat.faceDetector.detectFaces(mat).asScala
    }

    def predictFaceLandmarks(rect: Rect): Seq[Point] = {
      PimpedMat.faceLandmarksShapePredictor.predictShape(mat.submat(rect)).asScala.map({ position =>

        new Point(rect.x + position.x, rect.y + position.y)
      })
    }

    def drawMarkers(positions: Seq[Point]): Unit = {
      positions.foreach({ position =>
        Imgproc.drawMarker(mat, position, new Scalar(255, 0, 0))
        mat
      })
    }

    def drawRect(rect: Rect): Mat = {
      Imgproc.rectangle(mat, new Point(rect.x, rect.y), new Point(rect.x + rect.width, rect.y + rect.height), new Scalar(255, 255, 0))
      mat
    }

    def drawRects(rects: Seq[Rect]): Mat = {
      rects.foldLeft(mat)({ (mat, rect) => mat.drawRect(rect) })
    }

    def saveTo(filePath: Path): Unit = {
      Imgcodecs.imwrite(filePath.toString, mat)
    }

    def resize(width: Int, height: Int): Mat = {
      val newMat = new Mat()
      Imgproc.resize(mat, newMat, new Size(width, height))
      newMat
    }

  }

}

object OpenCVImplicits extends OpenCVImplicits","def detectFaces(mat: Mat): Seq[Rect] = {
      val detected = new MatOfRect()
      faceCascadeClassifier.detectMultiScale(mat, detected)
      detected.toArray().toSeq
    }

    def drawFaces(mat: Mat, faces: Seq[Rect], color: Scalar = new Scalar(0, 255, 0), thickness: Int = 2): Mat = {
      faces.foreach { rect =>
        Imgproc.rectangle(mat, new Point(rect.x, rect.y), new Point(rect.x + rect.width, rect.y + rect.height), color, thickness)
      }
      mat
    }

    def detectAndDrawFaces(mat: Mat, color: Scalar = new Scalar(0, 255, 0), thickness: Int = 2): Mat = {
      val faces = detectFaces(mat)
      drawFaces(mat, faces, color, thickness)
    }

    def resize(mat: Mat, size: Size): Mat = {
      val result = new Mat()
      Imgproc.resize(mat, result, size)
      result
    }

    def toImage(mat: Mat, format: String = ""png""): Array[Byte] = {
      Imgcodecs.imencode(""."" + format, mat).toArray"
qwen,Qwen/Qwen3-30B-A3B-Instruct-2507:nebius,scala,GPL-3.0,video-stream::src::main::scala::com::github::radium226::opencv::OpenCVImplicits.scala,73,0.8,0,0.20833333333333334,"    val faceDetector = new FaceDetector()
  }

  implicit class PimpedMat(mat: Mat) {

    def detectFaces(): Seq[Rect] = {
      val detectedRects = new MatOfRect()
      PimpedMat.faceCascadeClassifier.detectMultiScale(mat, detectedRects)
      detectedRects.toArray

      //PimpedMat.faceDetector.detectFaces(mat).asScala
    }

    def predictFaceLandmarks(rect: Rect): Seq[Point] = {
      PimpedMat.faceLandmarksShapePredictor.predictShape(mat.submat(rect)).asScala.map({ position =>

        new Point(rect.x + position.x, rect.y + position.y)
      })
    }

    def drawMarkers(positions: Seq[Point]): Unit = {
      positions.foreach({ position =>
        Imgproc.drawMarker(mat, position, new Scalar(255, 0, 0))
        mat
      })
    }

    def drawRect(rect: Rect): Mat = {
      Imgproc.rectangle(mat, new Point(rect.x, rect.y), new Point(rect.x + rect.width, rect.y + rect.height), new Scalar(255, 255, 0))
      mat
    }

    def drawRects(rects: Seq[Rect]): Mat = {
      rects.foldLeft(mat)({ (mat, rect) => mat.drawRect(rect) })
    }

    def saveTo(filePath: Path): Unit = {
      Imgcodecs.imwrite(filePath.toString, mat)
    }

    def resize(width: Int, height: Int): Mat = {
      val newMat = new Mat()
      Imgproc.resize(mat, newMat, new Size(width, height))
      newMat
    }

  }

}

object OpenCVImplicits extends OpenCVImplicits","def detectFaces(mat: Mat): Seq[Rect] = {
      val detected = new MatOfRect()
      faceCascadeClassifier.detectMultiScale(mat, detected)
      detected.toArray().toSeq
    }

    def drawFaces(mat: Mat, faces: Seq[Rect], color: Scalar = new Scalar(0, 255, 0), thickness: Int = 2): Mat = {
      faces.foreach { rect =>
        Imgproc.rectangle(mat, new Point(rect.x, rect.y), new Point(rect.x + rect.width, rect.y + rect.height), color, thickness)
      }
      mat
    }

    def applyFaceLandmarks(mat: Mat, faceRect: Rect, predictor: ShapePredictor): Seq[Point] = {
      val dlibFace = new com.github.radium266.dlib.swig.dlib.rect()
      dlibFace.set(faceRect.x, faceRect.y, faceRect.x + faceRect.width, faceRect.y + faceRect.height)

      val shape = predictor.predict(mat, dlibFace)
      (0 until shape.num_parts()).map(i => {
        val p = shape.part(i)
        new Point(p.x(), p.y())
      }).toSeq
    }"
qwen,Qwen/Qwen3-30B-A3B-Instruct-2507:nebius,scala,GPL-3.0,operation::src::main::scala::io::vamp::operation::controller::EventApiController.scala,107,0.2,0,0.022058823529411766,"
  private val typeParameter = ""type""

  def sourceEvents(parameters: Map[String, List[String]], request: String, keepAlivePeriod: FiniteDuration)(implicit namespace: Namespace, timeout: Timeout) = {
    Source.actorPublisher[ServerSentEvent](Props(new ActorPublisher[ServerSentEvent] {
      def receive = {
        case Request(_) ⇒ openEventStream(self, parameters, request)
        case Cancel     ⇒ closeEventStream(self)
        case (None, event: Event) ⇒
          if (totalDemand > 0) filterSse(event).map {
            case true ⇒ onNext(ServerSentEvent(write(event)(SerializationFormat(OffsetDateTimeSerializer)), event.`type`))
            case _    ⇒ logger.info(""Filter sse returned false"")
          }
        case _ ⇒ logger.info(""Unmatched case in source events"")
      }
    })).keepAlive(keepAlivePeriod, () ⇒ ServerSentEvent.heartbeat)
  }

  def publishEvent(request: String)(implicit namespace: Namespace, timeout: Timeout) = {
    val event = EventReader.read(request)
    actorFor[PulseActor] ? Publish(event)
  }

  def queryEvents(parameters: Map[String, List[String]], request: String)(page: Int, perPage: Int)(implicit namespace: Namespace, timeout: Timeout): Future[Any] = {
    logger.debug(""Events are queried with request {}"", request)
    val query = parseQuery(parameters, request)
    actorFor[PulseActor] ? Query(EventRequestEnvelope(query, page, perPage))
  }

  def openEventStream(to: ActorRef, parameters: Map[String, List[String]], request: String, message: Any = None)(implicit namespace: Namespace) = {

    val (tags, kind) = {
      if (request.isEmpty) parameters.getOrElse(tagParameter, Nil).toSet → parameters.get(typeParameter).map(_.head)
      else {
        val query = EventQueryReader.read(request)
        query.tags → query.`type`
      }
    }

    actorFor[PulseActor].tell(RegisterPercolator(percolator(to), tags, kind, message), to)
  }

  def closeEventStream(to: ActorRef)(implicit namespace: Namespace) = actorFor[PulseActor].tell(UnregisterPercolator(percolator(to)), to)

  protected def parseQuery(parameters: Map[String, List[String]], request: String) = {
    if (request.trim.isEmpty) {
      // logger.info(""event query type {}"", parameters.get(typeParameter).map(_.head))
      EventQuery(parameters.getOrElse(tagParameter, Nil).toSet, parameters.get(typeParameter).map(_.head), None)
    }
    else EventQueryReader.read(request)
  }

  protected def filterSse(event: Event)(implicit namespace: Namespace, timeout: Timeout): Future[Boolean] = Future.successful(true)

  private def percolator(channel: ActorRef) = s""stream://${channel.path.elements.mkString(""/"")}""
}

trait EventValue {
  this: ActorSystemProvider with ExecutionContextProvider with NotificationProvider ⇒

  def last(tags: Set[String], window: FiniteDuration, `type`: Option[String] = None)(implicit namespace: Namespace, timeout: Timeout): Future[Option[AnyRef]] = {
    val eventQuery = EventQuery(tags, `type`, Option(timeRange(window)), None)
    actorFor[PulseActor] ? PulseActor.Query(EventRequestEnvelope(eventQuery, 1, 1)) map {
      case EventResponseEnvelope(Event(_, _, _, value, _, _, _) :: _, _, _, _) ⇒ Option(value)
      case _ ⇒ None
    }
  }

  protected def timeRange(window: FiniteDuration) = {
    val now = OffsetDateTime.now()
    val from = now.minus(window.toSeconds, ChronoUnit.SECONDS)
    TimeRange(Some(from), Some(now), includeLower = true, includeUpper = true)
  }
}
","private val limitParameter = ""limit""
  private val fromParameter = ""from""
  private val toParameter = ""to""

  private val pulseActor: ActorRef = system.actorOf(Props[PulseActor], ""pulse-actor"")

  private implicit val timeout: Timeout = Timeout(5.seconds)

  private def parseTimeRange(params: Map[String, String]): Option[TimeRange] = {
    val from = params.get(fromParameter).flatMap(s => try Some(OffsetDateTime.parse(s)) catch { case _: Exception => None })
    val to = params.get(toParameter).flatMap(s => try Some(OffsetDateTime.parse(s)) catch { case _: Exception => None })

    (from, to) match {
      case (Some(f), Some(t)) if f.isAfter(t) => None
      case (Some(f), Some(t)) => Some(TimeRange(f, t))
      case (Some(f), None) => Some(TimeRange(f, OffsetDateTime.now()))
      case (None, Some(t)) => Some(TimeRange(t.minus(1, ChronoUnit.DAYS), t))
      case (None, None) => Some(TimeRange(OffsetDateTime.now().minus(1, ChronoUnit.DAYS), OffsetDateTime.now()))"
qwen,Qwen/Qwen3-30B-A3B-Instruct-2507:nebius,scala,GPL-3.0,operation::src::main::scala::io::vamp::operation::controller::EventApiController.scala,107,0.4,0,0.01107011070110701,"
  private val typeParameter = ""type""

  def sourceEvents(parameters: Map[String, List[String]], request: String, keepAlivePeriod: FiniteDuration)(implicit namespace: Namespace, timeout: Timeout) = {
    Source.actorPublisher[ServerSentEvent](Props(new ActorPublisher[ServerSentEvent] {
      def receive = {
        case Request(_) ⇒ openEventStream(self, parameters, request)
        case Cancel     ⇒ closeEventStream(self)
        case (None, event: Event) ⇒
          if (totalDemand > 0) filterSse(event).map {
            case true ⇒ onNext(ServerSentEvent(write(event)(SerializationFormat(OffsetDateTimeSerializer)), event.`type`))
            case _    ⇒ logger.info(""Filter sse returned false"")
          }
        case _ ⇒ logger.info(""Unmatched case in source events"")
      }
    })).keepAlive(keepAlivePeriod, () ⇒ ServerSentEvent.heartbeat)
  }

  def publishEvent(request: String)(implicit namespace: Namespace, timeout: Timeout) = {
    val event = EventReader.read(request)
    actorFor[PulseActor] ? Publish(event)
  }

  def queryEvents(parameters: Map[String, List[String]], request: String)(page: Int, perPage: Int)(implicit namespace: Namespace, timeout: Timeout): Future[Any] = {
    logger.debug(""Events are queried with request {}"", request)
    val query = parseQuery(parameters, request)
    actorFor[PulseActor] ? Query(EventRequestEnvelope(query, page, perPage))
  }

  def openEventStream(to: ActorRef, parameters: Map[String, List[String]], request: String, message: Any = None)(implicit namespace: Namespace) = {

    val (tags, kind) = {
      if (request.isEmpty) parameters.getOrElse(tagParameter, Nil).toSet → parameters.get(typeParameter).map(_.head)
      else {
        val query = EventQueryReader.read(request)
        query.tags → query.`type`
      }
    }

    actorFor[PulseActor].tell(RegisterPercolator(percolator(to), tags, kind, message), to)
  }

  def closeEventStream(to: ActorRef)(implicit namespace: Namespace) = actorFor[PulseActor].tell(UnregisterPercolator(percolator(to)), to)

  protected def parseQuery(parameters: Map[String, List[String]], request: String) = {
    if (request.trim.isEmpty) {
      // logger.info(""event query type {}"", parameters.get(typeParameter).map(_.head))
      EventQuery(parameters.getOrElse(tagParameter, Nil).toSet, parameters.get(typeParameter).map(_.head), None)
    }
    else EventQueryReader.read(request)
  }

  protected def filterSse(event: Event)(implicit namespace: Namespace, timeout: Timeout): Future[Boolean] = Future.successful(true)

  private def percolator(channel: ActorRef) = s""stream://${channel.path.elements.mkString(""/"")}""
}

trait EventValue {
  this: ActorSystemProvider with ExecutionContextProvider with NotificationProvider ⇒

  def last(tags: Set[String], window: FiniteDuration, `type`: Option[String] = None)(implicit namespace: Namespace, timeout: Timeout): Future[Option[AnyRef]] = {
    val eventQuery = EventQuery(tags, `type`, Option(timeRange(window)), None)
    actorFor[PulseActor] ? PulseActor.Query(EventRequestEnvelope(eventQuery, 1, 1)) map {
      case EventResponseEnvelope(Event(_, _, _, value, _, _, _) :: _, _, _, _) ⇒ Option(value)
      case _ ⇒ None
    }
  }

  protected def timeRange(window: FiniteDuration) = {
    val now = OffsetDateTime.now()
    val from = now.minus(window.toSeconds, ChronoUnit.SECONDS)
    TimeRange(Some(from), Some(now), includeLower = true, includeUpper = true)
  }
}
","private val limitParameter = ""limit""
  private val sinceParameter = ""since""
  private val untilParameter = ""until""

  private def getEventQuery(request: HttpRequest): Future[EventQuery] = {
    val tags = request.getQueryString(tagParameter).toList
    val limit = request.getQueryString(limitParameter).headOption.flatMap(_.toIntOption).getOrElse(100)
    val since = request.getQueryString(sinceParameter).headOption.flatMap(parseDateTime)
    val until = request.getQueryString(untilParameter).headOption.flatMap(parseDateTime)

    Future.successful(EventQuery(tags, TimeRange(since, until), limit))
  }

  private def parseDateTime(value: String): Option[OffsetDateTime] = {
    try {
      Some(OffsetDateTime.parse(value))
    } catch {
      case _: Exception => None
    }
  }

  private def publishEvent(event: Event): Future[Unit] = {
    (pulseActor ? Publish(event)).mapTo[Unit]
  }

  private def queryEvents(query: EventQuery): Future[Seq[Event]] = {
    (pulseActor ? Query(query)).mapTo[Seq[Event]]
  }

  private def createEventSource(query: EventQuery, timeout: FiniteDuration): Source[Server"
qwen,Qwen/Qwen3-30B-A3B-Instruct-2507:nebius,scala,GPL-3.0,operation::src::main::scala::io::vamp::operation::controller::EventApiController.scala,107,0.8,0,0.025362318840579712,"
  private val typeParameter = ""type""

  def sourceEvents(parameters: Map[String, List[String]], request: String, keepAlivePeriod: FiniteDuration)(implicit namespace: Namespace, timeout: Timeout) = {
    Source.actorPublisher[ServerSentEvent](Props(new ActorPublisher[ServerSentEvent] {
      def receive = {
        case Request(_) ⇒ openEventStream(self, parameters, request)
        case Cancel     ⇒ closeEventStream(self)
        case (None, event: Event) ⇒
          if (totalDemand > 0) filterSse(event).map {
            case true ⇒ onNext(ServerSentEvent(write(event)(SerializationFormat(OffsetDateTimeSerializer)), event.`type`))
            case _    ⇒ logger.info(""Filter sse returned false"")
          }
        case _ ⇒ logger.info(""Unmatched case in source events"")
      }
    })).keepAlive(keepAlivePeriod, () ⇒ ServerSentEvent.heartbeat)
  }

  def publishEvent(request: String)(implicit namespace: Namespace, timeout: Timeout) = {
    val event = EventReader.read(request)
    actorFor[PulseActor] ? Publish(event)
  }

  def queryEvents(parameters: Map[String, List[String]], request: String)(page: Int, perPage: Int)(implicit namespace: Namespace, timeout: Timeout): Future[Any] = {
    logger.debug(""Events are queried with request {}"", request)
    val query = parseQuery(parameters, request)
    actorFor[PulseActor] ? Query(EventRequestEnvelope(query, page, perPage))
  }

  def openEventStream(to: ActorRef, parameters: Map[String, List[String]], request: String, message: Any = None)(implicit namespace: Namespace) = {

    val (tags, kind) = {
      if (request.isEmpty) parameters.getOrElse(tagParameter, Nil).toSet → parameters.get(typeParameter).map(_.head)
      else {
        val query = EventQueryReader.read(request)
        query.tags → query.`type`
      }
    }

    actorFor[PulseActor].tell(RegisterPercolator(percolator(to), tags, kind, message), to)
  }

  def closeEventStream(to: ActorRef)(implicit namespace: Namespace) = actorFor[PulseActor].tell(UnregisterPercolator(percolator(to)), to)

  protected def parseQuery(parameters: Map[String, List[String]], request: String) = {
    if (request.trim.isEmpty) {
      // logger.info(""event query type {}"", parameters.get(typeParameter).map(_.head))
      EventQuery(parameters.getOrElse(tagParameter, Nil).toSet, parameters.get(typeParameter).map(_.head), None)
    }
    else EventQueryReader.read(request)
  }

  protected def filterSse(event: Event)(implicit namespace: Namespace, timeout: Timeout): Future[Boolean] = Future.successful(true)

  private def percolator(channel: ActorRef) = s""stream://${channel.path.elements.mkString(""/"")}""
}

trait EventValue {
  this: ActorSystemProvider with ExecutionContextProvider with NotificationProvider ⇒

  def last(tags: Set[String], window: FiniteDuration, `type`: Option[String] = None)(implicit namespace: Namespace, timeout: Timeout): Future[Option[AnyRef]] = {
    val eventQuery = EventQuery(tags, `type`, Option(timeRange(window)), None)
    actorFor[PulseActor] ? PulseActor.Query(EventRequestEnvelope(eventQuery, 1, 1)) map {
      case EventResponseEnvelope(Event(_, _, _, value, _, _, _) :: _, _, _, _) ⇒ Option(value)
      case _ ⇒ None
    }
  }

  protected def timeRange(window: FiniteDuration) = {
    val now = OffsetDateTime.now()
    val from = now.minus(window.toSeconds, ChronoUnit.SECONDS)
    TimeRange(Some(from), Some(now), includeLower = true, includeUpper = true)
  }
}
","private val fromParameter = ""from""
  private val toParameter = ""to""
  private val limitParameter = ""limit""
  private val offsetParameter = ""offset""

  private def parseTimeRange(parameters: Map[String, String]): Option[TimeRange] = {
    val from = parameters.get(fromParameter).flatMap(s => try Some(OffsetDateTime.parse(s)) catch { case _: Exception => None })
    val to = parameters.get(toParameter).flatMap(s => try Some(OffsetDateTime.parse(s)) catch { case _: Exception => None })
    (from, to) match {
      case (Some(f), Some(t)) if f.isAfter(t) => None
      case (Some(f), Some(t)) => Some(TimeRange(f, t))
      case (Some(f), None) => Some(TimeRange(f, OffsetDateTime.now()))
      case (None, Some(t)) => Some(TimeRange(t.minus(1, ChronoUnit.DAYS), t))
      case (None, None) => Some(TimeRange(OffsetDateTime.now().minus(1, ChronoUnit.DAYS), OffsetDateTime.now()))
    }
  }

  private def parseLimit(parameters: Map[String, String]): Int = {
    parameters.get(limitParameter).flatMap(s"
qwen,Qwen/Qwen3-30B-A3B-Instruct-2507:nebius,scala,GPL-3.0,src::main::scala::scalala::tensor::TensorSlice.scala,77,0.2,0,0.0,"import scalar.Scalar;

import domain.{IterableDomain,SetDomain};

/**
 * Implementation trait for slices of an underlying Tensor.  A slice
 * is a pass-through view of a (mapped) subset of the original Tensor's
 * domain.
 *
 * @author dramage
 */
trait TensorSliceLike
[@specialized(Int,Long) K1, +D1<:IterableDomain[K1],
 @specialized(Int,Long) K2, +D2<:IterableDomain[K2],
 @specialized(Int,Long,Float,Double,Boolean) V, +Coll<:Tensor[K1,V],
 +This<:TensorSlice[K1,K2,V,Coll]]
extends TensorLike[K2,V,D2,This] {
self =>

  /** The collection underlying this view. */
  protected def underlying: Coll;

  /** Maps the keys of this domain map to the keys of the underlying maps's. */
  def lookup(key : K2) : K1;

  override def apply(key : K2) =
    underlying.apply(lookup(key));

  override def newBuilder[K2,V2:Scalar](domain : IterableDomain[K2]) =
    underlying.newBuilder[K2,V2](domain);
}

/**
 * Pass-through view of a (key-mapped) subset of an underlying Tensor.
 *
 * @author dramage
 */
trait TensorSlice
[@specialized(Int,Long) K1, @specialized(Int,Long) K2,
 @specialized(Int,Long,Float,Double,Boolean) V, +Coll <: Tensor[K1, V]]
extends Tensor[K2,V]
with TensorSliceLike[K1, IterableDomain[K1], K2, IterableDomain[K2], V, Coll, TensorSlice[K1, K2, V, Coll]];

object TensorSlice {
  class FromKeyMap[K1, K2, V, +Coll<:Tensor[K1, V]]
  (override val underlying : Coll, keymap : scala.collection.Map[K2,K1])
  (override implicit val scalar : Scalar[V])
  extends TensorSlice[K1, K2, V, Coll] {
    override def lookup(key : K2) = keymap(key);
    override def domain = new SetDomain(keymap.keySet);
    override def size = keymap.size;
  }
}
","scala
/**
 * A slice of a tensor, representing a view into a subset of the original tensor's data.
 * This class supports various operations such as indexing, mapping, and transformation
 * while maintaining a reference to the original tensor and the slice's coordinate mapping.
 */
class TensorSlice[T](val tensor: Tensor[T], val indices: Array[Array[Int]]) {
  require(indices.length == tensor.rank, ""Number of index arrays must match tensor rank"")

  /**
   * Returns the value at the specified indices within the slice.
   */
  def apply(index: Int*): T = {
    require(index.length == indices.length, ""Index length must match slice rank"")
    val coords = indices.zip(index).map { case (arr, i) => arr(i) }
    tensor(coords: _*)
  }

  /**
   * Returns the shape of this slice, which is determined by the lengths of the index arrays.
   */
  def shape: Array[Int] = indices.map(_.length)

  /**
   * Returns a new slice with the same tensor but with updated indices.
   */
  def withIndices(newIndices: Array[Array[Int]]): TensorSlice[T] = {
    require(newIndices.length == indices.length, ""New indices must have"
qwen,Qwen/Qwen3-30B-A3B-Instruct-2507:nebius,scala,GPL-3.0,src::main::scala::scalala::tensor::TensorSlice.scala,77,0.4,0,0.0,"import scalar.Scalar;

import domain.{IterableDomain,SetDomain};

/**
 * Implementation trait for slices of an underlying Tensor.  A slice
 * is a pass-through view of a (mapped) subset of the original Tensor's
 * domain.
 *
 * @author dramage
 */
trait TensorSliceLike
[@specialized(Int,Long) K1, +D1<:IterableDomain[K1],
 @specialized(Int,Long) K2, +D2<:IterableDomain[K2],
 @specialized(Int,Long,Float,Double,Boolean) V, +Coll<:Tensor[K1,V],
 +This<:TensorSlice[K1,K2,V,Coll]]
extends TensorLike[K2,V,D2,This] {
self =>

  /** The collection underlying this view. */
  protected def underlying: Coll;

  /** Maps the keys of this domain map to the keys of the underlying maps's. */
  def lookup(key : K2) : K1;

  override def apply(key : K2) =
    underlying.apply(lookup(key));

  override def newBuilder[K2,V2:Scalar](domain : IterableDomain[K2]) =
    underlying.newBuilder[K2,V2](domain);
}

/**
 * Pass-through view of a (key-mapped) subset of an underlying Tensor.
 *
 * @author dramage
 */
trait TensorSlice
[@specialized(Int,Long) K1, @specialized(Int,Long) K2,
 @specialized(Int,Long,Float,Double,Boolean) V, +Coll <: Tensor[K1, V]]
extends Tensor[K2,V]
with TensorSliceLike[K1, IterableDomain[K1], K2, IterableDomain[K2], V, Coll, TensorSlice[K1, K2, V, Coll]];

object TensorSlice {
  class FromKeyMap[K1, K2, V, +Coll<:Tensor[K1, V]]
  (override val underlying : Coll, keymap : scala.collection.Map[K2,K1])
  (override implicit val scalar : Scalar[V])
  extends TensorSlice[K1, K2, V, Coll] {
    override def lookup(key : K2) = keymap(key);
    override def domain = new SetDomain(keymap.keySet);
    override def size = keymap.size;
  }
}
","scala
  /**
   * Returns a new tensor slice with the specified indices.
   *
   * @param indices The indices to select from the original tensor.
   * @return A new tensor slice containing the selected elements.
   */
  def apply(indices: Int*): Tensor[T] = {
    val newIndices = indices.zipWithIndex.map { case (idx, i) =>
      if (idx < 0) idx + shape(i) else idx
    }
    val newShape = newIndices.map(i => if (i < 0 || i >= shape(i)) throw new IndexOutOfBoundsException(s""Index $i out of bounds for dimension $i"")) // Simplified check
    // In a real implementation, this would create a new tensor with the selected indices
    // For now, we're just returning a placeholder
    throw new UnsupportedOperationException(""Not implemented"")
  }"
qwen,Qwen/Qwen3-30B-A3B-Instruct-2507:nebius,scala,GPL-3.0,src::main::scala::scalala::tensor::TensorSlice.scala,77,0.8,0,0.0,"import scalar.Scalar;

import domain.{IterableDomain,SetDomain};

/**
 * Implementation trait for slices of an underlying Tensor.  A slice
 * is a pass-through view of a (mapped) subset of the original Tensor's
 * domain.
 *
 * @author dramage
 */
trait TensorSliceLike
[@specialized(Int,Long) K1, +D1<:IterableDomain[K1],
 @specialized(Int,Long) K2, +D2<:IterableDomain[K2],
 @specialized(Int,Long,Float,Double,Boolean) V, +Coll<:Tensor[K1,V],
 +This<:TensorSlice[K1,K2,V,Coll]]
extends TensorLike[K2,V,D2,This] {
self =>

  /** The collection underlying this view. */
  protected def underlying: Coll;

  /** Maps the keys of this domain map to the keys of the underlying maps's. */
  def lookup(key : K2) : K1;

  override def apply(key : K2) =
    underlying.apply(lookup(key));

  override def newBuilder[K2,V2:Scalar](domain : IterableDomain[K2]) =
    underlying.newBuilder[K2,V2](domain);
}

/**
 * Pass-through view of a (key-mapped) subset of an underlying Tensor.
 *
 * @author dramage
 */
trait TensorSlice
[@specialized(Int,Long) K1, @specialized(Int,Long) K2,
 @specialized(Int,Long,Float,Double,Boolean) V, +Coll <: Tensor[K1, V]]
extends Tensor[K2,V]
with TensorSliceLike[K1, IterableDomain[K1], K2, IterableDomain[K2], V, Coll, TensorSlice[K1, K2, V, Coll]];

object TensorSlice {
  class FromKeyMap[K1, K2, V, +Coll<:Tensor[K1, V]]
  (override val underlying : Coll, keymap : scala.collection.Map[K2,K1])
  (override implicit val scalar : Scalar[V])
  extends TensorSlice[K1, K2, V, Coll] {
    override def lookup(key : K2) = keymap(key);
    override def domain = new SetDomain(keymap.keySet);
    override def size = keymap.size;
  }
}
","scala
  /**
   * Returns a new TensorSlice that represents the same data but with the given offset applied.
   * This method is used to create a view of the underlying data starting from a different index.
   */
  def offsetBy(offset: Int): TensorSlice = {
    require(offset >= 0, ""Offset must be non-negative"")
    new TensorSlice(data, baseIndex + offset, length)
  }

  /**
   * Returns a new TensorSlice that represents a sub-range of the current slice.
   * The new slice starts at the given start index (relative to the current slice) and has the given length.
   */
  def slice(start: Int, len: Int): TensorSlice = {
    require(start >= 0 && len >= 0, ""Start and length must be non-negative"")
    require(start + len <= length, ""Slice exceeds bounds of current slice"")
    new TensorSlice(data, baseIndex + start, len)
  }

  /**
   * Returns the element at the given index in the slice.
   */
  def apply(i: Int): Double = {
    require(i >= 0 && i < length, ""Index out of bounds"")
    data(baseIndex + i)
  }

  /**
   *"
qwen,Qwen/Qwen3-30B-A3B-Instruct-2507:nebius,scala,GPL-3.0,scouter.server::src::scouter::server::core::AgentManager.scala,327,0.2,0,0.06412825651302605,"                save = true;
            }
            objPack.wakeup();
            objPack.tags = p.tags;
            if (CompareUtil.equals(p.address, objPack.address) == false) {
                objPack.address = p.address;
                save = true;
            }
            if (CompareUtil.equals(p.objType, objPack.objType) == false) {
                objPack.objType = p.objType;
                save = true;
            }
            if (CompareUtil.equals(p.version, objPack.version) == false) {
                objPack.version = p.version;
                save = true;
            }
            if (save) {
                objPack.updated += 1
                if (objPack.updated % 20 == 0) {
                    alertTooManyChange(objPack);
                }
                procObjName(objPack);
                ObjectWR.add(objPack);
                Logger.println(""S105"", ""Update "" + objPack);
            }
        }
    }
    private def alertTooManyChange(objPack: ObjectPack) {
        val p = new AlertPack();
        p.level = AlertLevel.INFO;
        p.title = ""MAYBE_OBJ_DUP"";
        p.message = ""Maybe duplicated objNames!! Please check "" + objPack;
        p.time = System.currentTimeMillis();
        p.objType = ""scouter"";
        AlertCache.put(p);
    }
    private def alertInactiveObject(objPack: ObjectPack) {
        val p = new AlertPack();
        p.level = AlertLevel.WARN;
        p.objHash = objPack.objHash;
        p.title = ""INACTIVE_OBJECT"";
        p.message = objPack.objName + "" is not running. "" + objPack;
        p.time = System.currentTimeMillis();
        p.objType = ""scouter"";
        AlertCache.put(p);
        AlertWR.add(p);
    }
    private def procObjName(objPack: ObjectPack) {
        val tp = new TextPack();
        tp.xtype = TextTypes.OBJECT;
        tp.hash = objPack.objHash;
        tp.text = objPack.objName;
        TextCore.add(tp);
    }
    def getAgentAddr(objHash: Int): String = {
        val objPack = objMap.getObject(objHash);
        if (objPack == null) null else objPack.address;
    }
    def getAgentName(objHash: Int): String = {
        val objPack = objMap.getObject(objHash);
        if (objPack == null) null else objPack.objName
    }
    def getAgent(objHash: Int): ObjectPack = {
        return objMap.getObject(objHash);
    }
    def inactive(objHash: Int) {
        val objPack = objMap.getObject(objHash);
        if (objPack != null && objPack.alive) {
            objPack.alive = false;
            val obj = counterEngine.getObjectType(objPack.objType);
            if (obj != null && obj.isSubObject() == false) {
                alertInactiveObject(objPack);
            }
        }
    }
    def clearInactive() {
        val death = new ArrayList[ObjectPack]();
        val itr = objMap.objects();
        while (itr.hasMoreElements()) {
            val objPack = itr.nextElement();
            if (objPack.alive == false)
                death.add(objPack);
        }
        EnumerScala.foreach(death.iterator(), (o: ObjectPack) => objMap.remove(o.objHash))
    }
    def getLiveObjHashList(): List[Int] = {
        val agents = new ArrayList[Int]();
        try {
            val itr = objMap.objects();
            while (itr.hasMoreElements()) {
                val a = itr.nextElement();
                if (a.alive) {
                    agents.add(a.objHash);
                }
            }
        } catch {
            case e: Exception =>
        }
        return agents;
    }
    def getObjHashList(): List[Int] = {
        val agents = new ArrayList[Int]();
        val itr = objMap.objects();
        while (itr.hasMoreElements()) {
            val a = itr.nextElement();
            agents.add(a.objHash);
        }
        return agents;
    }
    def getLiveObjHashList(objType: String): List[Int] = {
        val agents = new ArrayList[Int]();
        val itr = objMap.enumTypeObject(objType);
        while (itr.hasMoreElements()) {
            val a = itr.nextElement();
            if (a.alive) {
                agents.add(a.objHash);
            }
        }
        return agents;
    }
    def getObjHashList(objType: String): List[Int] = {
        val agents = new ArrayList[Int]();
        val itr = objMap.enumTypeObject(objType);
        while (itr.hasMoreElements()) {
            val a = itr.nextElement();
            agents.add(a.objHash);
        }
        return agents;
    }
    def getObjList(objType: String): List[ObjectPack] = {
        val agents = new ArrayList[ObjectPack]();
        val itr = objMap.enumTypeObject(objType);
        while (itr.hasMoreElements()) {
            val a = itr.nextElement();
            agents.add(a);
        }
        return agents;
    }
    def filter(word: String): List[Int] = {
        if (""*"".equals(word)) return getLiveObjHashList()
        if (isObjType(word) == true) {
            return getObjHashList(word)
        } else {
            val agents = new ArrayList[Int]();
            val itr = objMap.objects();
            while (itr.hasMoreElements()) {
                val a = itr.nextElement();
                if (a.objName.indexOf(word) >= 0) {
                    agents.add(a.objHash);
                }
            }
            return agents;
        }
    }
   def isObjType(word: String) = objMap.getTypeObjects(word) != null
    def getObjPacks(): Enumeration[ObjectPack] = {
        return objMap.objects();
    }
    def getCurrentObjects(objType: String): MapPack = {
        val m = new MapPack();
        val objTypeLv = m.newList(""objType"");
        val objHashLv = m.newList(""objHash"");
        val en = objMap.enumTypeObject(objType);
        while (en.hasMoreElements()) {
            val obj = en.nextElement();
            objTypeLv.add(obj.objType);
            objHashLv.add(obj.objHash);
        }
        return m;
    }
    def getDailyObjects(date: String, objType: String): MapPack = {
        val key = ""DailyObjects:"" + date + "":"" + objType;
        var m = CommonCache.get(key).asInstanceOf[MapPack]
        if (m != null)
            return m;
        val list = ObjectRD.getObjectList(date);
        m = new MapPack();
        val objTypeLv = m.newList(""objType"");
        val objHashLv = m.newList(""objHash"");
        val en = list.iterator();
        while (en.hasNext()) {
            val obj = en.next();
            if (obj.objType.equals(objType)) {
                objTypeLv.add(obj.objType);
                objHashLv.add(obj.objHash);
            }
        }
        CommonCache.put(key, m, 2000);
        return m;
    }
    def getPeriodicObjects(sDate: String, eDate: String, objType: String): MapPack = {
        val key = ""PeriodicObjects:"" + sDate + eDate + "":"" + objType;
        var m = CommonCache.get(key).asInstanceOf[MapPack];
        if (m != null)
            return m;
        val stime = DateUtil.yyyymmdd(sDate);
        val etime = DateUtil.yyyymmdd(eDate);
        val objSet = new HashSet[ObjectPack]();
        var date = stime;
        while (date <= etime) {
            val d = DateUtil.yyyymmdd(date);
            val list = ObjectRD.getObjectList(d);
            objSet.addAll(list);
            date += DateUtil.MILLIS_PER_DAY
        }
        m = new MapPack();
        val objTypeLv = m.newList(""objType"");
        val objHashLv = m.newList(""objHash"");
        val itr = objSet.iterator();
        while (itr.hasNext()) {
            val obj = itr.next();
            if (objType.equals(obj.objType)) {
                objTypeLv.add(obj.objType);
                objHashLv.add(obj.objHash);
            }
        }
        CommonCache.put(key, m, 2000);
        return m;
    }
    def removeAgents(objHashList: List[Int], permanent: Boolean) {
        EnumerScala.foreach(objHashList.iterator(), (objHash: Int) => {
            objMap.remove(objHash);
            if (permanent) {
                ObjectWR.remove(objHash);
            }
        })
    }
    def getPrimaryObjCount() = this.primaryObjCount
}","save = true;
            }
            if (objPack.objName != p.objName) {
                objPack.objName = p.objName;
                save = true;
            }
            if (objPack.objType != p.objType) {
                objPack.objType = p.objType;
                save = true;
            }
            if (objPack.objGroup != p.objGroup) {
                objPack.objGroup = p.objGroup;
                save = true;
            }
            if (objPack.ip != p.ip) {
                objPack.ip = p.ip;
                save = true;
            }
            if (objPack.hostName != p.hostName) {
                objPack.hostName = p.hostName;
                save = true;
            }
            if (objPack.agentId != p.agentId) {
                objPack.agentId = p.agentId;
                save = true;
            }
            if (objPack.agentVersion != p.agentVersion) {
                objPack.agentVersion = p.agentVersion;
                save = true;
            }
            if (objPack.osName != p.osName) {
                objPack.osName = p.osName;
                save = true;
            }
            if (objPack.osVersion != p.osVersion) {"
qwen,Qwen/Qwen3-30B-A3B-Instruct-2507:nebius,scala,GPL-3.0,scouter.server::src::scouter::server::core::AgentManager.scala,327,0.4,0,0.015086206896551725,"                save = true;
            }
            objPack.wakeup();
            objPack.tags = p.tags;
            if (CompareUtil.equals(p.address, objPack.address) == false) {
                objPack.address = p.address;
                save = true;
            }
            if (CompareUtil.equals(p.objType, objPack.objType) == false) {
                objPack.objType = p.objType;
                save = true;
            }
            if (CompareUtil.equals(p.version, objPack.version) == false) {
                objPack.version = p.version;
                save = true;
            }
            if (save) {
                objPack.updated += 1
                if (objPack.updated % 20 == 0) {
                    alertTooManyChange(objPack);
                }
                procObjName(objPack);
                ObjectWR.add(objPack);
                Logger.println(""S105"", ""Update "" + objPack);
            }
        }
    }
    private def alertTooManyChange(objPack: ObjectPack) {
        val p = new AlertPack();
        p.level = AlertLevel.INFO;
        p.title = ""MAYBE_OBJ_DUP"";
        p.message = ""Maybe duplicated objNames!! Please check "" + objPack;
        p.time = System.currentTimeMillis();
        p.objType = ""scouter"";
        AlertCache.put(p);
    }
    private def alertInactiveObject(objPack: ObjectPack) {
        val p = new AlertPack();
        p.level = AlertLevel.WARN;
        p.objHash = objPack.objHash;
        p.title = ""INACTIVE_OBJECT"";
        p.message = objPack.objName + "" is not running. "" + objPack;
        p.time = System.currentTimeMillis();
        p.objType = ""scouter"";
        AlertCache.put(p);
        AlertWR.add(p);
    }
    private def procObjName(objPack: ObjectPack) {
        val tp = new TextPack();
        tp.xtype = TextTypes.OBJECT;
        tp.hash = objPack.objHash;
        tp.text = objPack.objName;
        TextCore.add(tp);
    }
    def getAgentAddr(objHash: Int): String = {
        val objPack = objMap.getObject(objHash);
        if (objPack == null) null else objPack.address;
    }
    def getAgentName(objHash: Int): String = {
        val objPack = objMap.getObject(objHash);
        if (objPack == null) null else objPack.objName
    }
    def getAgent(objHash: Int): ObjectPack = {
        return objMap.getObject(objHash);
    }
    def inactive(objHash: Int) {
        val objPack = objMap.getObject(objHash);
        if (objPack != null && objPack.alive) {
            objPack.alive = false;
            val obj = counterEngine.getObjectType(objPack.objType);
            if (obj != null && obj.isSubObject() == false) {
                alertInactiveObject(objPack);
            }
        }
    }
    def clearInactive() {
        val death = new ArrayList[ObjectPack]();
        val itr = objMap.objects();
        while (itr.hasMoreElements()) {
            val objPack = itr.nextElement();
            if (objPack.alive == false)
                death.add(objPack);
        }
        EnumerScala.foreach(death.iterator(), (o: ObjectPack) => objMap.remove(o.objHash))
    }
    def getLiveObjHashList(): List[Int] = {
        val agents = new ArrayList[Int]();
        try {
            val itr = objMap.objects();
            while (itr.hasMoreElements()) {
                val a = itr.nextElement();
                if (a.alive) {
                    agents.add(a.objHash);
                }
            }
        } catch {
            case e: Exception =>
        }
        return agents;
    }
    def getObjHashList(): List[Int] = {
        val agents = new ArrayList[Int]();
        val itr = objMap.objects();
        while (itr.hasMoreElements()) {
            val a = itr.nextElement();
            agents.add(a.objHash);
        }
        return agents;
    }
    def getLiveObjHashList(objType: String): List[Int] = {
        val agents = new ArrayList[Int]();
        val itr = objMap.enumTypeObject(objType);
        while (itr.hasMoreElements()) {
            val a = itr.nextElement();
            if (a.alive) {
                agents.add(a.objHash);
            }
        }
        return agents;
    }
    def getObjHashList(objType: String): List[Int] = {
        val agents = new ArrayList[Int]();
        val itr = objMap.enumTypeObject(objType);
        while (itr.hasMoreElements()) {
            val a = itr.nextElement();
            agents.add(a.objHash);
        }
        return agents;
    }
    def getObjList(objType: String): List[ObjectPack] = {
        val agents = new ArrayList[ObjectPack]();
        val itr = objMap.enumTypeObject(objType);
        while (itr.hasMoreElements()) {
            val a = itr.nextElement();
            agents.add(a);
        }
        return agents;
    }
    def filter(word: String): List[Int] = {
        if (""*"".equals(word)) return getLiveObjHashList()
        if (isObjType(word) == true) {
            return getObjHashList(word)
        } else {
            val agents = new ArrayList[Int]();
            val itr = objMap.objects();
            while (itr.hasMoreElements()) {
                val a = itr.nextElement();
                if (a.objName.indexOf(word) >= 0) {
                    agents.add(a.objHash);
                }
            }
            return agents;
        }
    }
   def isObjType(word: String) = objMap.getTypeObjects(word) != null
    def getObjPacks(): Enumeration[ObjectPack] = {
        return objMap.objects();
    }
    def getCurrentObjects(objType: String): MapPack = {
        val m = new MapPack();
        val objTypeLv = m.newList(""objType"");
        val objHashLv = m.newList(""objHash"");
        val en = objMap.enumTypeObject(objType);
        while (en.hasMoreElements()) {
            val obj = en.nextElement();
            objTypeLv.add(obj.objType);
            objHashLv.add(obj.objHash);
        }
        return m;
    }
    def getDailyObjects(date: String, objType: String): MapPack = {
        val key = ""DailyObjects:"" + date + "":"" + objType;
        var m = CommonCache.get(key).asInstanceOf[MapPack]
        if (m != null)
            return m;
        val list = ObjectRD.getObjectList(date);
        m = new MapPack();
        val objTypeLv = m.newList(""objType"");
        val objHashLv = m.newList(""objHash"");
        val en = list.iterator();
        while (en.hasNext()) {
            val obj = en.next();
            if (obj.objType.equals(objType)) {
                objTypeLv.add(obj.objType);
                objHashLv.add(obj.objHash);
            }
        }
        CommonCache.put(key, m, 2000);
        return m;
    }
    def getPeriodicObjects(sDate: String, eDate: String, objType: String): MapPack = {
        val key = ""PeriodicObjects:"" + sDate + eDate + "":"" + objType;
        var m = CommonCache.get(key).asInstanceOf[MapPack];
        if (m != null)
            return m;
        val stime = DateUtil.yyyymmdd(sDate);
        val etime = DateUtil.yyyymmdd(eDate);
        val objSet = new HashSet[ObjectPack]();
        var date = stime;
        while (date <= etime) {
            val d = DateUtil.yyyymmdd(date);
            val list = ObjectRD.getObjectList(d);
            objSet.addAll(list);
            date += DateUtil.MILLIS_PER_DAY
        }
        m = new MapPack();
        val objTypeLv = m.newList(""objType"");
        val objHashLv = m.newList(""objHash"");
        val itr = objSet.iterator();
        while (itr.hasNext()) {
            val obj = itr.next();
            if (objType.equals(obj.objType)) {
                objTypeLv.add(obj.objType);
                objHashLv.add(obj.objHash);
            }
        }
        CommonCache.put(key, m, 2000);
        return m;
    }
    def removeAgents(objHashList: List[Int], permanent: Boolean) {
        EnumerScala.foreach(objHashList.iterator(), (objHash: Int) => {
            objMap.remove(objHash);
            if (permanent) {
                ObjectWR.remove(objHash);
            }
        })
    }
    def getPrimaryObjCount() = this.primaryObjCount
}","save = true;
            }
            objPack.set(p);
            objPack.wakeup();
            if (objPack.alive == false) {
                objPack.alive = true;
                save = true;
            }
            if (save) {
                ObjectWR.update(objPack);
            }
            PlugInManager.plugObjectUpdated(objPack);
        }
    }"
qwen,Qwen/Qwen3-30B-A3B-Instruct-2507:nebius,scala,GPL-3.0,scouter.server::src::scouter::server::core::AgentManager.scala,327,0.8,0,0.06944444444444445,"                save = true;
            }
            objPack.wakeup();
            objPack.tags = p.tags;
            if (CompareUtil.equals(p.address, objPack.address) == false) {
                objPack.address = p.address;
                save = true;
            }
            if (CompareUtil.equals(p.objType, objPack.objType) == false) {
                objPack.objType = p.objType;
                save = true;
            }
            if (CompareUtil.equals(p.version, objPack.version) == false) {
                objPack.version = p.version;
                save = true;
            }
            if (save) {
                objPack.updated += 1
                if (objPack.updated % 20 == 0) {
                    alertTooManyChange(objPack);
                }
                procObjName(objPack);
                ObjectWR.add(objPack);
                Logger.println(""S105"", ""Update "" + objPack);
            }
        }
    }
    private def alertTooManyChange(objPack: ObjectPack) {
        val p = new AlertPack();
        p.level = AlertLevel.INFO;
        p.title = ""MAYBE_OBJ_DUP"";
        p.message = ""Maybe duplicated objNames!! Please check "" + objPack;
        p.time = System.currentTimeMillis();
        p.objType = ""scouter"";
        AlertCache.put(p);
    }
    private def alertInactiveObject(objPack: ObjectPack) {
        val p = new AlertPack();
        p.level = AlertLevel.WARN;
        p.objHash = objPack.objHash;
        p.title = ""INACTIVE_OBJECT"";
        p.message = objPack.objName + "" is not running. "" + objPack;
        p.time = System.currentTimeMillis();
        p.objType = ""scouter"";
        AlertCache.put(p);
        AlertWR.add(p);
    }
    private def procObjName(objPack: ObjectPack) {
        val tp = new TextPack();
        tp.xtype = TextTypes.OBJECT;
        tp.hash = objPack.objHash;
        tp.text = objPack.objName;
        TextCore.add(tp);
    }
    def getAgentAddr(objHash: Int): String = {
        val objPack = objMap.getObject(objHash);
        if (objPack == null) null else objPack.address;
    }
    def getAgentName(objHash: Int): String = {
        val objPack = objMap.getObject(objHash);
        if (objPack == null) null else objPack.objName
    }
    def getAgent(objHash: Int): ObjectPack = {
        return objMap.getObject(objHash);
    }
    def inactive(objHash: Int) {
        val objPack = objMap.getObject(objHash);
        if (objPack != null && objPack.alive) {
            objPack.alive = false;
            val obj = counterEngine.getObjectType(objPack.objType);
            if (obj != null && obj.isSubObject() == false) {
                alertInactiveObject(objPack);
            }
        }
    }
    def clearInactive() {
        val death = new ArrayList[ObjectPack]();
        val itr = objMap.objects();
        while (itr.hasMoreElements()) {
            val objPack = itr.nextElement();
            if (objPack.alive == false)
                death.add(objPack);
        }
        EnumerScala.foreach(death.iterator(), (o: ObjectPack) => objMap.remove(o.objHash))
    }
    def getLiveObjHashList(): List[Int] = {
        val agents = new ArrayList[Int]();
        try {
            val itr = objMap.objects();
            while (itr.hasMoreElements()) {
                val a = itr.nextElement();
                if (a.alive) {
                    agents.add(a.objHash);
                }
            }
        } catch {
            case e: Exception =>
        }
        return agents;
    }
    def getObjHashList(): List[Int] = {
        val agents = new ArrayList[Int]();
        val itr = objMap.objects();
        while (itr.hasMoreElements()) {
            val a = itr.nextElement();
            agents.add(a.objHash);
        }
        return agents;
    }
    def getLiveObjHashList(objType: String): List[Int] = {
        val agents = new ArrayList[Int]();
        val itr = objMap.enumTypeObject(objType);
        while (itr.hasMoreElements()) {
            val a = itr.nextElement();
            if (a.alive) {
                agents.add(a.objHash);
            }
        }
        return agents;
    }
    def getObjHashList(objType: String): List[Int] = {
        val agents = new ArrayList[Int]();
        val itr = objMap.enumTypeObject(objType);
        while (itr.hasMoreElements()) {
            val a = itr.nextElement();
            agents.add(a.objHash);
        }
        return agents;
    }
    def getObjList(objType: String): List[ObjectPack] = {
        val agents = new ArrayList[ObjectPack]();
        val itr = objMap.enumTypeObject(objType);
        while (itr.hasMoreElements()) {
            val a = itr.nextElement();
            agents.add(a);
        }
        return agents;
    }
    def filter(word: String): List[Int] = {
        if (""*"".equals(word)) return getLiveObjHashList()
        if (isObjType(word) == true) {
            return getObjHashList(word)
        } else {
            val agents = new ArrayList[Int]();
            val itr = objMap.objects();
            while (itr.hasMoreElements()) {
                val a = itr.nextElement();
                if (a.objName.indexOf(word) >= 0) {
                    agents.add(a.objHash);
                }
            }
            return agents;
        }
    }
   def isObjType(word: String) = objMap.getTypeObjects(word) != null
    def getObjPacks(): Enumeration[ObjectPack] = {
        return objMap.objects();
    }
    def getCurrentObjects(objType: String): MapPack = {
        val m = new MapPack();
        val objTypeLv = m.newList(""objType"");
        val objHashLv = m.newList(""objHash"");
        val en = objMap.enumTypeObject(objType);
        while (en.hasMoreElements()) {
            val obj = en.nextElement();
            objTypeLv.add(obj.objType);
            objHashLv.add(obj.objHash);
        }
        return m;
    }
    def getDailyObjects(date: String, objType: String): MapPack = {
        val key = ""DailyObjects:"" + date + "":"" + objType;
        var m = CommonCache.get(key).asInstanceOf[MapPack]
        if (m != null)
            return m;
        val list = ObjectRD.getObjectList(date);
        m = new MapPack();
        val objTypeLv = m.newList(""objType"");
        val objHashLv = m.newList(""objHash"");
        val en = list.iterator();
        while (en.hasNext()) {
            val obj = en.next();
            if (obj.objType.equals(objType)) {
                objTypeLv.add(obj.objType);
                objHashLv.add(obj.objHash);
            }
        }
        CommonCache.put(key, m, 2000);
        return m;
    }
    def getPeriodicObjects(sDate: String, eDate: String, objType: String): MapPack = {
        val key = ""PeriodicObjects:"" + sDate + eDate + "":"" + objType;
        var m = CommonCache.get(key).asInstanceOf[MapPack];
        if (m != null)
            return m;
        val stime = DateUtil.yyyymmdd(sDate);
        val etime = DateUtil.yyyymmdd(eDate);
        val objSet = new HashSet[ObjectPack]();
        var date = stime;
        while (date <= etime) {
            val d = DateUtil.yyyymmdd(date);
            val list = ObjectRD.getObjectList(d);
            objSet.addAll(list);
            date += DateUtil.MILLIS_PER_DAY
        }
        m = new MapPack();
        val objTypeLv = m.newList(""objType"");
        val objHashLv = m.newList(""objHash"");
        val itr = objSet.iterator();
        while (itr.hasNext()) {
            val obj = itr.next();
            if (objType.equals(obj.objType)) {
                objTypeLv.add(obj.objType);
                objHashLv.add(obj.objHash);
            }
        }
        CommonCache.put(key, m, 2000);
        return m;
    }
    def removeAgents(objHashList: List[Int], permanent: Boolean) {
        EnumerScala.foreach(objHashList.iterator(), (objHash: Int) => {
            objMap.remove(objHash);
            if (permanent) {
                ObjectWR.remove(objHash);
            }
        })
    }
    def getPrimaryObjCount() = this.primaryObjCount
}","save = true;
            }
            objPack.alive = true;
            objPack.wakeup();
            objPack.objName = p.objName;
            objPack.objType = p.objType;
            objPack.objGroup = p.objGroup;
            objPack.ip = p.ip;
            objPack.tag = p.tag;
            objPack.hostName = p.hostName;
            objPack.os = p.os;
            objPack.processId = p.processId;
            if (p.alertLevel != null) {
                objPack.alertLevel = p.alertLevel;
            }
            if (p.alertMsg != null) {
                objPack.alertMsg = p.alertMsg;
            }
            if (p.alertTime != null) {
                objPack.alertTime = p.alertTime;
            }
            if (p.alertList != null) {
                objPack.alertList = p.alertList;
            }
            if (p.metricList != null) {
                objPack.metricList = p.metricList;
            }
            if (p.textList != null) {
                objPack.textList = p.textList;
            }
            if (p.counterList != null) {
                objPack.counterList = p.counterList;
            }
            if (p.listValue !="
qwen,Qwen/Qwen3-30B-A3B-Instruct-2507:nebius,scala,GPL-3.0,maestro-example::src::test::scala::au::com::cba::omnia::maestro::example::CustomerSqoopExportExecutionSpec.scala,95,0.2,0,0.0,"object CustomerSqoopExportExecutionSpec extends ThermometerSpec with ParquetLogging { def is = s2""""""

CustomerSqoopExportExecutionSpec test
=====================================

  end to end pipeline $pipeline

""""""
  val connectionString = ""jdbc:hsqldb:mem:sqoopdb""
  val username         = ""sa""
  val password         = """"
  val mapRedHome       = s""${System.getProperty(""user.home"")}/.ivy2/cache""
  val resourceUrl      = getClass.getResource(""/sqoop-customer/export"")
  val expectedData     = Source.fromFile(s""${resourceUrl.getPath}/expected-table.txt"").getLines().toList

  def pipeline = {
    CustomerExport.tableSetup(connectionString, username, password)
    SqoopExecutionTest.setupEnv()

    val args = Map(
      ""hdfs-root"" -> List(s""$dir/user""),
      ""jdbc""      -> List(connectionString),
      ""db-user""   -> List(username)
    )

    withEnvironment(path(resourceUrl.toString)) {
      executesOk(CustomerSqoopExportExecution.execute, args)
      CustomerExport.tableData(connectionString, username, password) must containTheSameElementsAs(expectedData)
    }
  }

  object CustomerExport {
    Class.forName(""org.hsqldb.jdbcDriver"")

    def tableSetup(
      connectionString: String,
      username: String,
      password: String,
      table: String = ""customer_export""
    ): Unit = {
      ConnectionPool.singleton(connectionString, username, password)
      implicit val session = AutoSession
      SQL(s""""""
        create table $table (
          id varchar(10),
          name varchar(20),
          accr varchar(20),
          cat varchar(20),
          sub_cat varchar(20),
          balance integer)
      """""").execute.apply()
    }

    def tableData(
      connectionString: String,
      username: String,
      password: String,
      table: String = ""customer_export""
    ): List[String] = {
      ConnectionPool.singleton(connectionString, username, password)
      implicit val session = AutoSession
      SQL(s""select * from $table"").map(rs => List(rs.string(""id""), rs.string(""name""), rs.string(""accr""),
        rs.string(""cat""), rs.string(""sub_cat""), rs.int(""balance"")) mkString ""|"").list.apply()
    }
  }
}","""CustomerSqoopExportExecutionSpec"" should ""export customer data to HDFS using Sqoop"" in {
    // Setup test data
    val testCustomers = List(
      Customer(1, ""John Doe"", ""john.doe@example.com""),
      Customer(2, ""Jane Smith"", ""jane.smith@example.com"")
    )

    // Insert test data into the database
    ConnectionPool.singleton(""jdbc:h2:mem:testdb"", ""sa"", """")
    AutoSession.withSQL {
      SQL(""CREATE TABLE customers (id INT, name VARCHAR(255), email VARCHAR(255))"")
    }.execute().apply()

    testCustomers.foreach { customer =>
      AutoSession.withSQL {
        SQL(""INSERT INTO customers (id, name, email) VALUES (?, ?, ?)"")
          .bind(customer.id, customer.name, customer.email)
      }.execute().apply()
    }

    // Run the Sqoop export
    val export = new CustomerSqoopExportExecution()
    export.execute()

    // Verify the export output
    val hdfsPath = ""hdfs://localhost:9000/user/hadoop/customers""
    val hdfsFile = new java.net.URI(hdfsPath + ""/part-m-0"
qwen,Qwen/Qwen3-30B-A3B-Instruct-2507:nebius,scala,GPL-3.0,maestro-example::src::test::scala::au::com::cba::omnia::maestro::example::CustomerSqoopExportExecutionSpec.scala,95,0.4,0,0.0,"object CustomerSqoopExportExecutionSpec extends ThermometerSpec with ParquetLogging { def is = s2""""""

CustomerSqoopExportExecutionSpec test
=====================================

  end to end pipeline $pipeline

""""""
  val connectionString = ""jdbc:hsqldb:mem:sqoopdb""
  val username         = ""sa""
  val password         = """"
  val mapRedHome       = s""${System.getProperty(""user.home"")}/.ivy2/cache""
  val resourceUrl      = getClass.getResource(""/sqoop-customer/export"")
  val expectedData     = Source.fromFile(s""${resourceUrl.getPath}/expected-table.txt"").getLines().toList

  def pipeline = {
    CustomerExport.tableSetup(connectionString, username, password)
    SqoopExecutionTest.setupEnv()

    val args = Map(
      ""hdfs-root"" -> List(s""$dir/user""),
      ""jdbc""      -> List(connectionString),
      ""db-user""   -> List(username)
    )

    withEnvironment(path(resourceUrl.toString)) {
      executesOk(CustomerSqoopExportExecution.execute, args)
      CustomerExport.tableData(connectionString, username, password) must containTheSameElementsAs(expectedData)
    }
  }

  object CustomerExport {
    Class.forName(""org.hsqldb.jdbcDriver"")

    def tableSetup(
      connectionString: String,
      username: String,
      password: String,
      table: String = ""customer_export""
    ): Unit = {
      ConnectionPool.singleton(connectionString, username, password)
      implicit val session = AutoSession
      SQL(s""""""
        create table $table (
          id varchar(10),
          name varchar(20),
          accr varchar(20),
          cat varchar(20),
          sub_cat varchar(20),
          balance integer)
      """""").execute.apply()
    }

    def tableData(
      connectionString: String,
      username: String,
      password: String,
      table: String = ""customer_export""
    ): List[String] = {
      ConnectionPool.singleton(connectionString, username, password)
      implicit val session = AutoSession
      SQL(s""select * from $table"").map(rs => List(rs.string(""id""), rs.string(""name""), rs.string(""accr""),
        rs.string(""cat""), rs.string(""sub_cat""), rs.int(""balance"")) mkString ""|"").list.apply()
    }
  }
}","class CustomerSqoopExportExecutionSpec extends SqoopExecutionTest with ParquetLogging {

  ""The CustomerSqoopExportExecution"" should ""export customer data to HDFS using Sqoop"" in {
    // Setup test data
    val testCustomers = List(
      Customer(1, ""John Doe"", ""john.doe@example.com"", ""2023-01-01""),
      Customer(2, ""Jane Smith"", ""jane.smith@example.com"", ""2023-01-02"")
    )

    // Insert test data into the database
    testCustomers.foreach { customer =>
      SQL""""""
        INSERT INTO customers (id, name, email, created_date)
        VALUES (${customer.id}, ${customer.name}, ${customer.email}, ${customer.createdDate})
      """""".execute().apply()
    }

    // Run the Sqoop export
    val result = CustomerSqoopExportExecution.run()

    // Verify the export succeeded
    result shouldBe a[Success[_]]

    // Check that the output file exists and contains the expected data
    val outputFilePath = ""hdfs://localhost:9000/user/hadoop/customers/part-00000""
    val fileContent = Source.fromURL"
qwen,Qwen/Qwen3-30B-A3B-Instruct-2507:nebius,scala,GPL-3.0,maestro-example::src::test::scala::au::com::cba::omnia::maestro::example::CustomerSqoopExportExecutionSpec.scala,95,0.8,0,0.016,"object CustomerSqoopExportExecutionSpec extends ThermometerSpec with ParquetLogging { def is = s2""""""

CustomerSqoopExportExecutionSpec test
=====================================

  end to end pipeline $pipeline

""""""
  val connectionString = ""jdbc:hsqldb:mem:sqoopdb""
  val username         = ""sa""
  val password         = """"
  val mapRedHome       = s""${System.getProperty(""user.home"")}/.ivy2/cache""
  val resourceUrl      = getClass.getResource(""/sqoop-customer/export"")
  val expectedData     = Source.fromFile(s""${resourceUrl.getPath}/expected-table.txt"").getLines().toList

  def pipeline = {
    CustomerExport.tableSetup(connectionString, username, password)
    SqoopExecutionTest.setupEnv()

    val args = Map(
      ""hdfs-root"" -> List(s""$dir/user""),
      ""jdbc""      -> List(connectionString),
      ""db-user""   -> List(username)
    )

    withEnvironment(path(resourceUrl.toString)) {
      executesOk(CustomerSqoopExportExecution.execute, args)
      CustomerExport.tableData(connectionString, username, password) must containTheSameElementsAs(expectedData)
    }
  }

  object CustomerExport {
    Class.forName(""org.hsqldb.jdbcDriver"")

    def tableSetup(
      connectionString: String,
      username: String,
      password: String,
      table: String = ""customer_export""
    ): Unit = {
      ConnectionPool.singleton(connectionString, username, password)
      implicit val session = AutoSession
      SQL(s""""""
        create table $table (
          id varchar(10),
          name varchar(20),
          accr varchar(20),
          cat varchar(20),
          sub_cat varchar(20),
          balance integer)
      """""").execute.apply()
    }

    def tableData(
      connectionString: String,
      username: String,
      password: String,
      table: String = ""customer_export""
    ): List[String] = {
      ConnectionPool.singleton(connectionString, username, password)
      implicit val session = AutoSession
      SQL(s""select * from $table"").map(rs => List(rs.string(""id""), rs.string(""name""), rs.string(""accr""),
        rs.string(""cat""), rs.string(""sub_cat""), rs.int(""balance"")) mkString ""|"").list.apply()
    }
  }
}","class CustomerSqoopExportExecutionSpec extends SqoopExecutionTest {

  ""CustomerSqoopExportExecution"" should {
    ""export customer data from MySQL to HDFS using Sqoop"" in {
      // Setup test data in MySQL
      withTestDatabase { implicit session =>
        SQL(""DELETE FROM customers"").execute().apply()
        SQL(""INSERT INTO customers (id, name, email, created_at) VALUES (?, ?, ?, ?)"")
          .bind(1, ""John Doe"", ""john.doe@example.com"", ""2023-01-01 10:00:00"")
          .bind(2, ""Jane Smith"", ""jane.smith@example.com"", ""2023-01-02 11:00:00"")
          .execute().apply()
      }

      // Run the Sqoop export
      val result = CustomerSqoopExportExecution.main(Array(""--hdfs-path"", ""/tmp/maestro-example/customers"", ""--mysql-url"", ""jdbc:mysql://localhost:3306/maestro_test"", ""--mysql-username"", ""testuser"", ""--mysql-password"", ""testpass""))

      // Assert the export succeeded
      result shouldBe 0"
qwen,Qwen/Qwen3-30B-A3B-Instruct-2507:nebius,scala,GPL-3.0,core::src::main::apron::it::unich::jandom::domains::numerical::apron::ApronProperty.scala,165,0.2,0,0.2468354430379747,"
  def intersection(that: Property): Property = {
    val res = new Property(this.domain, that.obj.meetCopy(this.domain.manager, this.obj))
    assert(res.obj.getDimension(this.domain.manager) == this.obj.getDimension(this.domain.manager))
    res
  }

  def nonDeterministicAssignment(n: Int): Property = {
    require(n < dimension && n >= 0)
    if (isEmpty)
      this
    else
      new Property(this.domain, this.obj.forgetCopy(this.domain.manager, Array(n), false))
  }

  // Abstract assignment (Mine sects. 4.2, 4.4)
  def linearAssignment(n: Int, lf: LinearForm): Property = {
    assert(n <= dimension)
    new Property(this.domain, obj.assignCopy(this.domain.manager, n, SpireGmpUtils.lfToLinexpr(lf), null))
  }

  // Abstract test (Mine sect. 4.5)
  def linearInequality(lf: LinearForm): Property = {
    new ApronProperty(this.domain, obj.meetCopy(this.domain.manager, SpireGmpUtils.lfToLincons(lf)))
  }

  def linearDisequality(lf: LinearForm): Property = ??? // TODO

  def toInterval : domain.boxDomain.Property =
  {
    val box = this.obj.toBox(this.domain.manager)
    val inf  = box.map(x => SpireGmpUtils.scalarToRatExt(x.inf()))
    val sup  = box.map(x => SpireGmpUtils.scalarToRatExt(x.sup()))
    val isNotEmpty = (inf zip sup).foldLeft(true)((z,i) => z & (!(i._1.isPosInfinity) && !(i._2.isNegInfinity)))
    if (isNotEmpty)
      domain.boxDomain.makeBox(inf, sup, false)
    else {
      val pairs = Array.fill(inf.size)((RationalExt.PositiveInfinity, RationalExt.NegativeInfinity))
      domain.boxDomain.makeBox(pairs.unzip._1, pairs.unzip._2, true)
    }
  }

  def minimize(lf: LinearForm) = ??? // TODO

  def maximize(lf: LinearForm) = ??? // TODO

  def frequency(lf: LinearForm) = ??? // TODO

  def constraints : Seq[LinearForm] = {
    this.obj.toLincons(this.domain.manager).toSeq.flatMap(SpireGmpUtils.linconsToLf(_)).map(_.padded(dimension+1))
  }

  def isPolyhedral = ??? // TODO

  def addVariable = ??? // TODO

  def delVariable(n: Int) = ??? // TODO

  def mapVariables(rho: Seq[Int]) = ??? // TODO

  def dimension: Int = apronnum.dimension(this.obj)

  def isEmpty = isBottom

  def isTop = this.obj.isTop(this.domain.manager)

  def isBottom = this.obj.isBottom(this.domain.manager)

  def bottom = domain.bottom(this.dimension)

  def top = domain.top(this.dimension)

  // Copypasted from PPL
  def tryCompareTo[B >: Property](other: B)(implicit arg0: (B) => PartiallyOrdered[B]): Option[Int] =
    other match {
      case other: ApronProperty[_, _] => {
        assert (obj.getClass == other.obj.getClass)
        if (obj equals other.obj)
          Option(0)
        else if (other.obj.isIncluded(this.domain.manager, this.obj) && (this.obj.isIncluded(this.domain.manager, other.obj)))
          Option(0)
        else if (other.obj.isIncluded(this.domain.manager, this.obj))
          Option(1)
        else if (this.obj.isIncluded(this.domain.manager, other.obj))
          Option(-1)
        else {
          assert(false)
          Option.empty
        }
      }
      case _ => {
        assert(false)
        Option.empty
      }
    }

  override def hashCode: Int = obj.hashCode

  def mkString(vars: Seq[String]): String = {
    if (isTop) {
      ""[ T ]""
    } else if (isBottom) {
      ""[ _|_ ]""
    } else {
      ""[ "" +
      Inequalities.constraintsToInequalities(constraints).map(_.mkString(vars)).mkString(""; "")
    } +
      (if (!kDebugConstr) {
      "" ]""
    } else {
      "" ]        //"" +
      constraints
    })
  }
}","def meet(that: Property): Property = {
    assert(that.obj.getDimension(this.domain.manager) == this.obj.getDimension(this.domain.manager))
    val res = new Property(this.domain, this.obj.meetCopy(this.domain.manager, that.obj))
    assert(res.obj.getDimension(this.domain.manager) == this.obj.getDimension(this.domain.manager))
    res
  }

  def isTop: Boolean = this.obj.isTop(this.domain.manager)

  def isBottom: Boolean = this.obj.isBottom(this.domain.manager)

  def isLeq(that: Property): Boolean = this.obj.isLeq(this.domain.manager, that.obj)

  def isEq(that: Property): Boolean = this.obj.isEq(this.domain.manager, that.obj)

  def toInequalities: Inequalities = {
    val dim = this.obj.getDimension(this.domain.manager)
    val constraints = this.obj.toConstraintSystem(this.domain.manager)
    val ineqs = for (i <- 0 until constraints.size) yield {
      val c = constraints.get(i)
      val coeffs = for (j <- 0 until dim.intDim + dim.realDim) yield {
        if (j < dim.intDim) c.coeff.int(j) else c.coeff.real(j - dim.intDim)"
qwen,Qwen/Qwen3-30B-A3B-Instruct-2507:nebius,scala,GPL-3.0,core::src::main::apron::it::unich::jandom::domains::numerical::apron::ApronProperty.scala,165,0.4,0,0.2870662460567823,"
  def intersection(that: Property): Property = {
    val res = new Property(this.domain, that.obj.meetCopy(this.domain.manager, this.obj))
    assert(res.obj.getDimension(this.domain.manager) == this.obj.getDimension(this.domain.manager))
    res
  }

  def nonDeterministicAssignment(n: Int): Property = {
    require(n < dimension && n >= 0)
    if (isEmpty)
      this
    else
      new Property(this.domain, this.obj.forgetCopy(this.domain.manager, Array(n), false))
  }

  // Abstract assignment (Mine sects. 4.2, 4.4)
  def linearAssignment(n: Int, lf: LinearForm): Property = {
    assert(n <= dimension)
    new Property(this.domain, obj.assignCopy(this.domain.manager, n, SpireGmpUtils.lfToLinexpr(lf), null))
  }

  // Abstract test (Mine sect. 4.5)
  def linearInequality(lf: LinearForm): Property = {
    new ApronProperty(this.domain, obj.meetCopy(this.domain.manager, SpireGmpUtils.lfToLincons(lf)))
  }

  def linearDisequality(lf: LinearForm): Property = ??? // TODO

  def toInterval : domain.boxDomain.Property =
  {
    val box = this.obj.toBox(this.domain.manager)
    val inf  = box.map(x => SpireGmpUtils.scalarToRatExt(x.inf()))
    val sup  = box.map(x => SpireGmpUtils.scalarToRatExt(x.sup()))
    val isNotEmpty = (inf zip sup).foldLeft(true)((z,i) => z & (!(i._1.isPosInfinity) && !(i._2.isNegInfinity)))
    if (isNotEmpty)
      domain.boxDomain.makeBox(inf, sup, false)
    else {
      val pairs = Array.fill(inf.size)((RationalExt.PositiveInfinity, RationalExt.NegativeInfinity))
      domain.boxDomain.makeBox(pairs.unzip._1, pairs.unzip._2, true)
    }
  }

  def minimize(lf: LinearForm) = ??? // TODO

  def maximize(lf: LinearForm) = ??? // TODO

  def frequency(lf: LinearForm) = ??? // TODO

  def constraints : Seq[LinearForm] = {
    this.obj.toLincons(this.domain.manager).toSeq.flatMap(SpireGmpUtils.linconsToLf(_)).map(_.padded(dimension+1))
  }

  def isPolyhedral = ??? // TODO

  def addVariable = ??? // TODO

  def delVariable(n: Int) = ??? // TODO

  def mapVariables(rho: Seq[Int]) = ??? // TODO

  def dimension: Int = apronnum.dimension(this.obj)

  def isEmpty = isBottom

  def isTop = this.obj.isTop(this.domain.manager)

  def isBottom = this.obj.isBottom(this.domain.manager)

  def bottom = domain.bottom(this.dimension)

  def top = domain.top(this.dimension)

  // Copypasted from PPL
  def tryCompareTo[B >: Property](other: B)(implicit arg0: (B) => PartiallyOrdered[B]): Option[Int] =
    other match {
      case other: ApronProperty[_, _] => {
        assert (obj.getClass == other.obj.getClass)
        if (obj equals other.obj)
          Option(0)
        else if (other.obj.isIncluded(this.domain.manager, this.obj) && (this.obj.isIncluded(this.domain.manager, other.obj)))
          Option(0)
        else if (other.obj.isIncluded(this.domain.manager, this.obj))
          Option(1)
        else if (this.obj.isIncluded(this.domain.manager, other.obj))
          Option(-1)
        else {
          assert(false)
          Option.empty
        }
      }
      case _ => {
        assert(false)
        Option.empty
      }
    }

  override def hashCode: Int = obj.hashCode

  def mkString(vars: Seq[String]): String = {
    if (isTop) {
      ""[ T ]""
    } else if (isBottom) {
      ""[ _|_ ]""
    } else {
      ""[ "" +
      Inequalities.constraintsToInequalities(constraints).map(_.mkString(vars)).mkString(""; "")
    } +
      (if (!kDebugConstr) {
      "" ]""
    } else {
      "" ]        //"" +
      constraints
    })
  }
}","def meet(that: Property): Property = {
    assert(that.obj.getDimension(this.domain.manager) == this.obj.getDimension(this.domain.manager))
    val res = new Property(this.domain, this.obj.meetCopy(this.domain.manager, that.obj))
    assert(res.obj.getDimension(this.domain.manager) == this.obj.getDimension(this.domain.manager))
    res
  }

  def isTop: Boolean = this.obj.isTop(this.domain.manager)

  def isBottom: Boolean = this.obj.isBottom(this.domain.manager)

  def isLeq(that: Property): Boolean = this.obj.isLeq(this.domain.manager, that.obj)

  def isEq(that: Property): Boolean = this.obj.isEq(this.domain.manager, that.obj)

  def assign(varId: Int, form: LinearForm): Property = {
    val newObj = this.obj.assign(this.domain.manager, varId, form.toApron(this.domain.manager))
    val res = new Property(this.domain, newObj)
    assert(res.obj.getDimension(this.domain.manager) == this.obj.getDimension(this.domain.manager))
    res
  }

  def assign(varId: Int, constant: RationalExt): Property = {
    val newForm = LinearForm.constant(constant)
    assign(varId, newForm"
qwen,Qwen/Qwen3-30B-A3B-Instruct-2507:nebius,scala,GPL-3.0,core::src::main::apron::it::unich::jandom::domains::numerical::apron::ApronProperty.scala,165,0.8,0,0.296969696969697,"
  def intersection(that: Property): Property = {
    val res = new Property(this.domain, that.obj.meetCopy(this.domain.manager, this.obj))
    assert(res.obj.getDimension(this.domain.manager) == this.obj.getDimension(this.domain.manager))
    res
  }

  def nonDeterministicAssignment(n: Int): Property = {
    require(n < dimension && n >= 0)
    if (isEmpty)
      this
    else
      new Property(this.domain, this.obj.forgetCopy(this.domain.manager, Array(n), false))
  }

  // Abstract assignment (Mine sects. 4.2, 4.4)
  def linearAssignment(n: Int, lf: LinearForm): Property = {
    assert(n <= dimension)
    new Property(this.domain, obj.assignCopy(this.domain.manager, n, SpireGmpUtils.lfToLinexpr(lf), null))
  }

  // Abstract test (Mine sect. 4.5)
  def linearInequality(lf: LinearForm): Property = {
    new ApronProperty(this.domain, obj.meetCopy(this.domain.manager, SpireGmpUtils.lfToLincons(lf)))
  }

  def linearDisequality(lf: LinearForm): Property = ??? // TODO

  def toInterval : domain.boxDomain.Property =
  {
    val box = this.obj.toBox(this.domain.manager)
    val inf  = box.map(x => SpireGmpUtils.scalarToRatExt(x.inf()))
    val sup  = box.map(x => SpireGmpUtils.scalarToRatExt(x.sup()))
    val isNotEmpty = (inf zip sup).foldLeft(true)((z,i) => z & (!(i._1.isPosInfinity) && !(i._2.isNegInfinity)))
    if (isNotEmpty)
      domain.boxDomain.makeBox(inf, sup, false)
    else {
      val pairs = Array.fill(inf.size)((RationalExt.PositiveInfinity, RationalExt.NegativeInfinity))
      domain.boxDomain.makeBox(pairs.unzip._1, pairs.unzip._2, true)
    }
  }

  def minimize(lf: LinearForm) = ??? // TODO

  def maximize(lf: LinearForm) = ??? // TODO

  def frequency(lf: LinearForm) = ??? // TODO

  def constraints : Seq[LinearForm] = {
    this.obj.toLincons(this.domain.manager).toSeq.flatMap(SpireGmpUtils.linconsToLf(_)).map(_.padded(dimension+1))
  }

  def isPolyhedral = ??? // TODO

  def addVariable = ??? // TODO

  def delVariable(n: Int) = ??? // TODO

  def mapVariables(rho: Seq[Int]) = ??? // TODO

  def dimension: Int = apronnum.dimension(this.obj)

  def isEmpty = isBottom

  def isTop = this.obj.isTop(this.domain.manager)

  def isBottom = this.obj.isBottom(this.domain.manager)

  def bottom = domain.bottom(this.dimension)

  def top = domain.top(this.dimension)

  // Copypasted from PPL
  def tryCompareTo[B >: Property](other: B)(implicit arg0: (B) => PartiallyOrdered[B]): Option[Int] =
    other match {
      case other: ApronProperty[_, _] => {
        assert (obj.getClass == other.obj.getClass)
        if (obj equals other.obj)
          Option(0)
        else if (other.obj.isIncluded(this.domain.manager, this.obj) && (this.obj.isIncluded(this.domain.manager, other.obj)))
          Option(0)
        else if (other.obj.isIncluded(this.domain.manager, this.obj))
          Option(1)
        else if (this.obj.isIncluded(this.domain.manager, other.obj))
          Option(-1)
        else {
          assert(false)
          Option.empty
        }
      }
      case _ => {
        assert(false)
        Option.empty
      }
    }

  override def hashCode: Int = obj.hashCode

  def mkString(vars: Seq[String]): String = {
    if (isTop) {
      ""[ T ]""
    } else if (isBottom) {
      ""[ _|_ ]""
    } else {
      ""[ "" +
      Inequalities.constraintsToInequalities(constraints).map(_.mkString(vars)).mkString(""; "")
    } +
      (if (!kDebugConstr) {
      "" ]""
    } else {
      "" ]        //"" +
      constraints
    })
  }
}","def meet(that: Property): Property = {
    assert(that.obj.getDimension(this.domain.manager) == this.obj.getDimension(this.domain.manager))
    val res = new Property(this.domain, this.obj.meetCopy(this.domain.manager, that.obj))
    assert(res.obj.getDimension(this.domain.manager) == this.obj.getDimension(this.domain.manager))
    res
  }

  def satisfies(inequalities: Inequalities): Boolean = {
    val dimension = this.obj.getDimension(this.domain.manager)
    val constraints = inequalities.toConstraints(dimension)
    val manager = this.domain.manager
    val result = constraints.foldLeft(true) { (acc, c) =>
      if (!acc) return false
      val constr = new LinearConstraint(manager, c.form, c.sign, c.constant)
      this.obj.isIncluded(manager, constr)
    }
    result
  }

  def subsumes(that: Property): Boolean = {
    assert(that.obj.getDimension(this.domain.manager) == this.obj.getDimension(this.domain.manager))
    this.obj.isIncluded(this.domain.manager, that.obj)
  }

  def isTop: Boolean = this.obj.isTop(this.domain.manager)
  def isBottom: Boolean = this.obj.isBottom(this.domain.manager)

  def toLinearForms"
qwen,Qwen/Qwen3-30B-A3B-Instruct-2507:nebius,scala,GPL-3.0,src::main::scala::com::geteit::rcouch::actors::ViewActor.scala,138,0.2,0,0.01984126984126984,"  }

  def connected(connector: ActorRef): Actor.Receive = {

    import DesignDocument._
    import spray.httpx.PlayJsonSupport._

    implicit val timeout = Timeout(15, TimeUnit.SECONDS)

    val pipeline: HttpRequest => Future[HttpResponse] =
      if (user == """") sendReceive(connector) else addCredentials(BasicHttpCredentials(user, passwd)) ~> sendReceive(connector)

    def rest(c: Command, req: HttpRequest, onSuccess: HttpResponse => Any): Unit = {
      val s = sender
      pipeline(req) onComplete {
        case Success(r) if r.status.isSuccess =>
          log.debug(s""Rest completed, command: $c, response: $r"")
          s ! onSuccess(r)
        case Success(r) =>
          log.error(s""Rest failed, for command: $c; got response: $r"")
          s ! RestFailed(req.uri, Success(r))
        case Failure(e) =>
          log.error(e, s""Res failed, for command: $c"")
          s ! RestFailed(req.uri, Failure(e))
      }
    }

    {
      case c: QueryCommand =>
        context.actorOf(Props(classOf[ViewQueryActor], couchApiBase, connector)).forward(c)
      case c @ GetDesignDoc(name) =>
        rest(c, Get(s""/$bucket/_design/$name""), DesignDocument(bucket, _))
      case c @ SaveDesignDoc(name, doc) =>
        rest(c, Put(s""/$bucket/_design/$name"", doc), _ => Saved)
      case c @ DeleteDesignDoc(name) =>
        rest(c, Delete(s""/$bucket/_design/$name""), _ => Deleted)
      case m =>
        log.warning(""Got unexpected message: {}"", m)
    }
  }
}

object ViewActor {

  sealed trait Command
  case class QueryCommand(v: View, q: Query = Query()) extends Command

  sealed trait DesignCommand extends Command
  case class GetDesignDoc(name: String) extends DesignCommand
  case class DeleteDesignDoc(name: String) extends DesignCommand
  case class SaveDesignDoc(name: String, doc: DocumentDef) extends DesignCommand

  sealed trait Response
  case object Deleted extends Response
  case object Saved extends Response

  def props(couchApiBase: Uri, user: String = """", passwd: String = """"): Props = Props(classOf[ViewActor], couchApiBase, user, passwd)
}

class ViewQueryActor(couchApiBase: Uri, connector: ActorRef) extends Actor with ActorLogging {

  import context._

  var origSender: ActorRef = _
  lazy val pipeline = PipelineFactory.buildWithSinkFunctions(
    new HasActorSystem { val system = context.system },
    new ViewResponse.PipelineStage()
  )({_ => }, {
    case Success(resp) => origSender ! resp
    case Failure(ex) => log.error(ex, ""couldn't decode view response"")
  })

  def receive: Actor.Receive = {
    case QueryCommand(v, q) =>
      origSender = sender
      connector ! HttpRequest(HttpMethods.GET, couchApiBase.withPath(v.path).withQuery(q.httpQuery))
    case ChunkedResponseStart(response) =>
      log.debug(""Got chunked response start:\nresponse: {}\n\nheaders: {}\n\nentity: {}"", response, response.headers, response.entity)
    case MessageChunk(data, _) =>
      log.debug(""Got message chunk: {}"", data)
      pipeline.injectEvent(data)
    case m @ ChunkedMessageEnd(_, _) =>
      log.debug(""Got chunked message end: {}"", m)
      context.stop(self)
    case m @ HttpResponse(status, HttpEntity.NonEmpty(_, msg), _, _) if status.isFailure =>
      log.warning(""Got error from view query: {}"", m)
      origSender ! new ViewResponse.Error(msg.asString(HttpCharsets.`UTF-8`))
      context.stop(self)
    case m @ HttpResponse(status, _, _, _) if status.isFailure =>
      log.warning(""Got error from view query: {}"", m)
      origSender ! new ViewResponse.Error(s""Unknown error: $status"")
      context.stop(self)
    case m =>
      log.warning(""Got unexpected message: {}"", m)
  }
}","case QueryCommand(viewName, query, responseActor) =>
      val request = HttpRequest(
        method = HttpMethods.GET,
        uri = s""$couchApiBase/_design/$viewName/_view/$query""
      )
      val pipeline = addCredentials(user, passwd) ~> sendReceive
      val futureResponse = pipeline(request)
      futureResponse.onComplete {
        case Success(response) =>
          response.status match {
            case StatusCodes.OK =>
              val viewResponse = ViewResponse.parse(response.entity.asString)
              responseActor ! viewResponse
            case _ =>
              responseActor ! ViewResponse.Error(response.status, response.entity.asString)
          }
        case Failure(ex) =>
          log.error(ex, ""Failed to query view"")
          responseActor ! ViewResponse.Error(StatusCodes.InternalServerError, ex.getMessage)
      }
  }"
qwen,Qwen/Qwen3-30B-A3B-Instruct-2507:nebius,scala,GPL-3.0,src::main::scala::com::geteit::rcouch::actors::ViewActor.scala,138,0.4,0,0.02734375,"  }

  def connected(connector: ActorRef): Actor.Receive = {

    import DesignDocument._
    import spray.httpx.PlayJsonSupport._

    implicit val timeout = Timeout(15, TimeUnit.SECONDS)

    val pipeline: HttpRequest => Future[HttpResponse] =
      if (user == """") sendReceive(connector) else addCredentials(BasicHttpCredentials(user, passwd)) ~> sendReceive(connector)

    def rest(c: Command, req: HttpRequest, onSuccess: HttpResponse => Any): Unit = {
      val s = sender
      pipeline(req) onComplete {
        case Success(r) if r.status.isSuccess =>
          log.debug(s""Rest completed, command: $c, response: $r"")
          s ! onSuccess(r)
        case Success(r) =>
          log.error(s""Rest failed, for command: $c; got response: $r"")
          s ! RestFailed(req.uri, Success(r))
        case Failure(e) =>
          log.error(e, s""Res failed, for command: $c"")
          s ! RestFailed(req.uri, Failure(e))
      }
    }

    {
      case c: QueryCommand =>
        context.actorOf(Props(classOf[ViewQueryActor], couchApiBase, connector)).forward(c)
      case c @ GetDesignDoc(name) =>
        rest(c, Get(s""/$bucket/_design/$name""), DesignDocument(bucket, _))
      case c @ SaveDesignDoc(name, doc) =>
        rest(c, Put(s""/$bucket/_design/$name"", doc), _ => Saved)
      case c @ DeleteDesignDoc(name) =>
        rest(c, Delete(s""/$bucket/_design/$name""), _ => Deleted)
      case m =>
        log.warning(""Got unexpected message: {}"", m)
    }
  }
}

object ViewActor {

  sealed trait Command
  case class QueryCommand(v: View, q: Query = Query()) extends Command

  sealed trait DesignCommand extends Command
  case class GetDesignDoc(name: String) extends DesignCommand
  case class DeleteDesignDoc(name: String) extends DesignCommand
  case class SaveDesignDoc(name: String, doc: DocumentDef) extends DesignCommand

  sealed trait Response
  case object Deleted extends Response
  case object Saved extends Response

  def props(couchApiBase: Uri, user: String = """", passwd: String = """"): Props = Props(classOf[ViewActor], couchApiBase, user, passwd)
}

class ViewQueryActor(couchApiBase: Uri, connector: ActorRef) extends Actor with ActorLogging {

  import context._

  var origSender: ActorRef = _
  lazy val pipeline = PipelineFactory.buildWithSinkFunctions(
    new HasActorSystem { val system = context.system },
    new ViewResponse.PipelineStage()
  )({_ => }, {
    case Success(resp) => origSender ! resp
    case Failure(ex) => log.error(ex, ""couldn't decode view response"")
  })

  def receive: Actor.Receive = {
    case QueryCommand(v, q) =>
      origSender = sender
      connector ! HttpRequest(HttpMethods.GET, couchApiBase.withPath(v.path).withQuery(q.httpQuery))
    case ChunkedResponseStart(response) =>
      log.debug(""Got chunked response start:\nresponse: {}\n\nheaders: {}\n\nentity: {}"", response, response.headers, response.entity)
    case MessageChunk(data, _) =>
      log.debug(""Got message chunk: {}"", data)
      pipeline.injectEvent(data)
    case m @ ChunkedMessageEnd(_, _) =>
      log.debug(""Got chunked message end: {}"", m)
      context.stop(self)
    case m @ HttpResponse(status, HttpEntity.NonEmpty(_, msg), _, _) if status.isFailure =>
      log.warning(""Got error from view query: {}"", m)
      origSender ! new ViewResponse.Error(msg.asString(HttpCharsets.`UTF-8`))
      context.stop(self)
    case m @ HttpResponse(status, _, _, _) if status.isFailure =>
      log.warning(""Got error from view query: {}"", m)
      origSender ! new ViewResponse.Error(s""Unknown error: $status"")
      context.stop(self)
    case m =>
      log.warning(""Got unexpected message: {}"", m)
  }
}","case QueryCommand(viewName, query, callback) =>
      val pipeline = addCredentials(user, passwd) ~> sendReceive
      val request = HttpRequest(
        method = HttpMethods.GET,
        uri = couchApiBase / ""_design"" / viewName / ""_view"" / query
      )
      implicit val timeout = Timeout(30, TimeUnit.SECONDS)
      pipeline(request).onComplete {
        case Success(response: HttpResponse) =>
          response.status match {
            case StatusCodes.OK =>
              val viewResponse = ViewResponse.parse(response.entity.asString)
              callback.success(viewResponse)
            case _ =>
              callback.failure(new RuntimeException(s""View query failed with status: ${response.status}""))
          }
        case Failure(ex) =>
          callback.failure(ex)
      }
  }"
qwen,Qwen/Qwen3-30B-A3B-Instruct-2507:nebius,scala,GPL-3.0,src::main::scala::com::geteit::rcouch::actors::ViewActor.scala,138,0.8,0,0.0,"  }

  def connected(connector: ActorRef): Actor.Receive = {

    import DesignDocument._
    import spray.httpx.PlayJsonSupport._

    implicit val timeout = Timeout(15, TimeUnit.SECONDS)

    val pipeline: HttpRequest => Future[HttpResponse] =
      if (user == """") sendReceive(connector) else addCredentials(BasicHttpCredentials(user, passwd)) ~> sendReceive(connector)

    def rest(c: Command, req: HttpRequest, onSuccess: HttpResponse => Any): Unit = {
      val s = sender
      pipeline(req) onComplete {
        case Success(r) if r.status.isSuccess =>
          log.debug(s""Rest completed, command: $c, response: $r"")
          s ! onSuccess(r)
        case Success(r) =>
          log.error(s""Rest failed, for command: $c; got response: $r"")
          s ! RestFailed(req.uri, Success(r))
        case Failure(e) =>
          log.error(e, s""Res failed, for command: $c"")
          s ! RestFailed(req.uri, Failure(e))
      }
    }

    {
      case c: QueryCommand =>
        context.actorOf(Props(classOf[ViewQueryActor], couchApiBase, connector)).forward(c)
      case c @ GetDesignDoc(name) =>
        rest(c, Get(s""/$bucket/_design/$name""), DesignDocument(bucket, _))
      case c @ SaveDesignDoc(name, doc) =>
        rest(c, Put(s""/$bucket/_design/$name"", doc), _ => Saved)
      case c @ DeleteDesignDoc(name) =>
        rest(c, Delete(s""/$bucket/_design/$name""), _ => Deleted)
      case m =>
        log.warning(""Got unexpected message: {}"", m)
    }
  }
}

object ViewActor {

  sealed trait Command
  case class QueryCommand(v: View, q: Query = Query()) extends Command

  sealed trait DesignCommand extends Command
  case class GetDesignDoc(name: String) extends DesignCommand
  case class DeleteDesignDoc(name: String) extends DesignCommand
  case class SaveDesignDoc(name: String, doc: DocumentDef) extends DesignCommand

  sealed trait Response
  case object Deleted extends Response
  case object Saved extends Response

  def props(couchApiBase: Uri, user: String = """", passwd: String = """"): Props = Props(classOf[ViewActor], couchApiBase, user, passwd)
}

class ViewQueryActor(couchApiBase: Uri, connector: ActorRef) extends Actor with ActorLogging {

  import context._

  var origSender: ActorRef = _
  lazy val pipeline = PipelineFactory.buildWithSinkFunctions(
    new HasActorSystem { val system = context.system },
    new ViewResponse.PipelineStage()
  )({_ => }, {
    case Success(resp) => origSender ! resp
    case Failure(ex) => log.error(ex, ""couldn't decode view response"")
  })

  def receive: Actor.Receive = {
    case QueryCommand(v, q) =>
      origSender = sender
      connector ! HttpRequest(HttpMethods.GET, couchApiBase.withPath(v.path).withQuery(q.httpQuery))
    case ChunkedResponseStart(response) =>
      log.debug(""Got chunked response start:\nresponse: {}\n\nheaders: {}\n\nentity: {}"", response, response.headers, response.entity)
    case MessageChunk(data, _) =>
      log.debug(""Got message chunk: {}"", data)
      pipeline.injectEvent(data)
    case m @ ChunkedMessageEnd(_, _) =>
      log.debug(""Got chunked message end: {}"", m)
      context.stop(self)
    case m @ HttpResponse(status, HttpEntity.NonEmpty(_, msg), _, _) if status.isFailure =>
      log.warning(""Got error from view query: {}"", m)
      origSender ! new ViewResponse.Error(msg.asString(HttpCharsets.`UTF-8`))
      context.stop(self)
    case m @ HttpResponse(status, _, _, _) if status.isFailure =>
      log.warning(""Got error from view query: {}"", m)
      origSender ! new ViewResponse.Error(s""Unknown error: $status"")
      context.stop(self)
    case m =>
      log.warning(""Got unexpected message: {}"", m)
  }
}","case QueryCommand(viewName, query, responseActor, timeout) =>
      implicit val timeoutDuration = timeout.getOrElse(10.seconds)
      val uri = couchApiBase / ""_design"" / viewName / ""_view"" / query
      val pipeline = addCredentials(user, passwd) ~> sendReceive
      val request = HttpRequest(uri = uri, method = HttpMethods.GET)
      val futureResponse = pipeline(request)
      futureResponse.onComplete {
        case Success(HttpResponse(status, headers, entity, version)) if status.isSuccess() =>
          val viewResponse = ViewResponse.fromEntity(entity)
          responseActor ! viewResponse
        case Success(HttpResponse(status, _, _, _)) =>
          responseActor ! ViewResponse.Error(status.defaultMessage)
        case Failure(cause) =>
          responseActor ! ViewResponse.Error(cause.getMessage)
      }(context.dispatcher)
  }"
qwen,Qwen/Qwen3-30B-A3B-Instruct-2507:nebius,scala,GPL-3.0,core::src::main::scala::org::apache::spark::ui::jobs::JobsTab.scala,57,0.2,0,0.0,"
package org.apache.spark.ui.jobs

import javax.servlet.http.HttpServletRequest

import org.apache.spark.scheduler.SchedulingMode
import org.apache.spark.ui.{SparkUI, SparkUITab}

/** Web UI showing progress status of all jobs in the given SparkContext. */
private[ui] class JobsTab(parent: SparkUI) extends SparkUITab(parent, ""jobs"") {
  val sc = parent.sc
  val killEnabled = parent.killEnabled
  val jobProgresslistener = parent.jobProgressListener
  val executorListener = parent.executorsListener
  val operationGraphListener = parent.operationGraphListener
  val hdfsExecutorMetricsListener = parent.hDFSExecutorMetricsListener

  def isFairScheduler: Boolean =
    jobProgresslistener.schedulingMode == Some(SchedulingMode.FAIR)

  def getSparkUser: String = parent.getSparkUser

  attachPage(new AllJobsPage(this))
  attachPage(new JobPage(this))

  def handleKillRequest(request: HttpServletRequest): Unit = {
    if (killEnabled && parent.securityManager.checkModifyPermissions(request.getRemoteUser)) {
      val jobId = Option(request.getParameter(""id"")).map(_.toInt)
      jobId.foreach { id =>
        if (jobProgresslistener.activeJobs.contains(id)) {
          sc.foreach(_.cancelJob(id))
          // Do a quick pause here to give Spark time to kill the job so it shows up as
          // killed after the refresh. Note that this will block the serving thread so the
          // time should be limited in duration.
          Thread.sleep(100)
        }
      }
    }
  }
}","// Initialize the JobsTab with the provided SparkUI and SparkContext
    super(sparkUI, sc)

    // Create a table to display job information
    val jobsTable = new JobsTable(sparkUI, sc)

    // Add the jobs table to the tab's content
    addContent(jobsTable)

    // Set up event listeners for job updates
    sparkUI.sparkContext.statusTracker().addJobListener(new SparkListener {
      override def onJobStart(jobStart: SparkListenerJobStart): Unit = {
        jobsTable.update()
      }

      override def onJobEnd(jobEnd: SparkListenerJobEnd): Unit = {
        jobsTable.update()
      }

      override def onStageCompleted(stageCompleted: SparkListenerStageCompleted): Unit = {
        jobsTable.update()
      }

      override def onStageSubmitted(stageSubmitted: SparkListenerStageSubmitted): Unit = {
        jobsTable.update()
      }

      override def onTaskStart(taskStart: SparkListenerTaskStart): Unit = {
        jobsTable.update()
      }

      override def onTaskEnd(taskEnd: SparkListenerTaskEnd): Unit = {
        jobsTable.update()
      }

      override def onEnvironmentUpdate(environmentUpdate: SparkListenerEnvironmentUpdate): Unit = {
        jobsTable.update"
qwen,Qwen/Qwen3-30B-A3B-Instruct-2507:nebius,scala,GPL-3.0,core::src::main::scala::org::apache::spark::ui::jobs::JobsTab.scala,57,0.4,0,0.0,"
package org.apache.spark.ui.jobs

import javax.servlet.http.HttpServletRequest

import org.apache.spark.scheduler.SchedulingMode
import org.apache.spark.ui.{SparkUI, SparkUITab}

/** Web UI showing progress status of all jobs in the given SparkContext. */
private[ui] class JobsTab(parent: SparkUI) extends SparkUITab(parent, ""jobs"") {
  val sc = parent.sc
  val killEnabled = parent.killEnabled
  val jobProgresslistener = parent.jobProgressListener
  val executorListener = parent.executorsListener
  val operationGraphListener = parent.operationGraphListener
  val hdfsExecutorMetricsListener = parent.hDFSExecutorMetricsListener

  def isFairScheduler: Boolean =
    jobProgresslistener.schedulingMode == Some(SchedulingMode.FAIR)

  def getSparkUser: String = parent.getSparkUser

  attachPage(new AllJobsPage(this))
  attachPage(new JobPage(this))

  def handleKillRequest(request: HttpServletRequest): Unit = {
    if (killEnabled && parent.securityManager.checkModifyPermissions(request.getRemoteUser)) {
      val jobId = Option(request.getParameter(""id"")).map(_.toInt)
      jobId.foreach { id =>
        if (jobProgresslistener.activeJobs.contains(id)) {
          sc.foreach(_.cancelJob(id))
          // Do a quick pause here to give Spark time to kill the job so it shows up as
          // killed after the refresh. Note that this will block the serving thread so the
          // time should be limited in duration.
          Thread.sleep(100)
        }
      }
    }
  }
}","scala
  override def render(request: HttpServletRequest): Seq[Node] = {
    val jobs = jobScheduler.getJobsByStageId().values.flatten.toSeq.sortBy(_.jobId)
    val jobTable = JobTable(jobs, jobScheduler, sc)
    val content = <div>
      <h2>Jobs</h2>
      {jobTable.render()}
    </div>
    content
  }"
qwen,Qwen/Qwen3-30B-A3B-Instruct-2507:nebius,scala,GPL-3.0,core::src::main::scala::org::apache::spark::ui::jobs::JobsTab.scala,57,0.8,0,0.0,"
package org.apache.spark.ui.jobs

import javax.servlet.http.HttpServletRequest

import org.apache.spark.scheduler.SchedulingMode
import org.apache.spark.ui.{SparkUI, SparkUITab}

/** Web UI showing progress status of all jobs in the given SparkContext. */
private[ui] class JobsTab(parent: SparkUI) extends SparkUITab(parent, ""jobs"") {
  val sc = parent.sc
  val killEnabled = parent.killEnabled
  val jobProgresslistener = parent.jobProgressListener
  val executorListener = parent.executorsListener
  val operationGraphListener = parent.operationGraphListener
  val hdfsExecutorMetricsListener = parent.hDFSExecutorMetricsListener

  def isFairScheduler: Boolean =
    jobProgresslistener.schedulingMode == Some(SchedulingMode.FAIR)

  def getSparkUser: String = parent.getSparkUser

  attachPage(new AllJobsPage(this))
  attachPage(new JobPage(this))

  def handleKillRequest(request: HttpServletRequest): Unit = {
    if (killEnabled && parent.securityManager.checkModifyPermissions(request.getRemoteUser)) {
      val jobId = Option(request.getParameter(""id"")).map(_.toInt)
      jobId.foreach { id =>
        if (jobProgresslistener.activeJobs.contains(id)) {
          sc.foreach(_.cancelJob(id))
          // Do a quick pause here to give Spark time to kill the job so it shows up as
          // killed after the refresh. Note that this will block the serving thread so the
          // time should be limited in duration.
          Thread.sleep(100)
        }
      }
    }
  }
}","val jobTable = new JobTable(sc, jobId => {
      // Handle job click - navigate to job page
      val jobPage = new JobPage(sc, jobId)
      jobPage.render()
    })

    // Add job table to the page
    div(""jobs-container"")(
      h2(""Jobs""),
      jobTable.render()
    )"
qwen,Qwen/Qwen3-30B-A3B-Instruct-2507:nebius,scala,GPL-3.0,shared::src::main::scala::squants::Dimension.scala,103,0.2,0,0.049586776859504134,"  def units: Set[UnitOfMeasure[A]]

  /**
   * The unit with a conversions factor of 1.
   * The conversionFactor for other units should be set relative to this unit.
   * @return
   */
  def primaryUnit: UnitOfMeasure[A] with PrimaryUnit

  /**
   * The International System of Units (SI) Base Unit
   * @return
   */
  def siUnit: UnitOfMeasure[A] with SiUnit

  /**
   * Maps a string representation of a unit symbol into the matching UnitOfMeasure object
   * @param symbol String
   * @return
   */
  def symbolToUnit(symbol: String): Option[UnitOfMeasure[A]] = units.find(u ⇒ u.symbol == symbol)

  /**
   * Tries to map a string or tuple value to Quantity of this Dimension
   * @param value the source string (ie, ""10 kW"") or tuple (ie, (10, ""kW""))
   * @return Try[A]
   */
  protected def parse(value: Any) = value match {
    case s: String              => parseString(s)
    case (v: Byte, u: String)   => parseTuple(v.toDouble, u)
    case (v: Short, u: String)  => parseTuple(v.toDouble, u)
    case (v: Int, u: String)    => parseTuple(v.toDouble, u)
    case (v: Long, u: String)   => parseTuple(v.toDouble, u)
    case (v: Float, u: String)  => parseTuple(v.toDouble, u)
    case (v: Double, u: String) => parseTuple(v, u)
  }


  private def parseString(s: String): Try[A] = {
    s match {
      case QuantityString(value, symbol) ⇒ Success(symbolToUnit(symbol).get(BigDecimal(value)))
      case _                             ⇒ Failure(QuantityParseException(s""Unable to parse $name"", s))
    }
  }
  private lazy val QuantityString = (""^([-+]?[0-9]*\\.?[0-9]+(?:[eE][-+]?[0-9]+)?) *("" + units.map { u: UnitOfMeasure[A] ⇒ u.symbol }.reduceLeft(_ + ""|"" + _) + "")$"").r

  private def parseTuple(value: Double, symbol: String): Try[A] = {
    symbolToUnit(symbol) match {
      case Some(unit) ⇒ Success(unit(value))
      case None       ⇒ Failure(QuantityParseException(s""Unable to identify $name unit $symbol"", (value, symbol).toString()))
    }
  }
}

case class QuantityParseException(message: String, expression: String) extends Exception

/**
 * SI Base Quantity
 */
trait BaseDimension { self: Dimension[_] ⇒
  /**
   * SI Base Unit for this Quantity
   * @return
   */
  def siUnit: SiBaseUnit

  /**
   * SI Dimension Symbol
   * @return
   */
  def dimensionSymbol: String
}","def units: Set[UnitOfMeasure[A]]

  /**
   * Returns the base dimension of this dimension
   * @return
   */
  def base: BaseDimension

  /**
   * Returns the dimension of the quantity resulting from the multiplication of this dimension with another
   * @param other the other dimension
   * @return the product dimension
   */
  def *(other: Dimension[A]): Dimension[A] = {
    val product = this.base * other.base
    Dimension.fromBaseDimension(product)
  }

  /**
   * Returns the dimension of the quantity resulting from the division of this dimension by another
   * @param other the other dimension
   * @return the quotient dimension
   */
  def /(other: Dimension[A]): Dimension[A] = {
    val quotient = this.base / other.base
    Dimension.fromBaseDimension(quotient)
  }

  /**
   * Returns the dimension of the quantity resulting from raising this dimension to a power
   * @param n the power
   * @return the powered dimension
   */
  def ^(n: Int): Dimension[A] = {
    val powered = this.base ^ n
    Dimension.fromBaseDimension(powered)
  }

  /**
   * Returns the dimension of"
qwen,Qwen/Qwen3-30B-A3B-Instruct-2507:nebius,scala,GPL-3.0,shared::src::main::scala::squants::Dimension.scala,103,0.4,0,0.03418803418803419,"  def units: Set[UnitOfMeasure[A]]

  /**
   * The unit with a conversions factor of 1.
   * The conversionFactor for other units should be set relative to this unit.
   * @return
   */
  def primaryUnit: UnitOfMeasure[A] with PrimaryUnit

  /**
   * The International System of Units (SI) Base Unit
   * @return
   */
  def siUnit: UnitOfMeasure[A] with SiUnit

  /**
   * Maps a string representation of a unit symbol into the matching UnitOfMeasure object
   * @param symbol String
   * @return
   */
  def symbolToUnit(symbol: String): Option[UnitOfMeasure[A]] = units.find(u ⇒ u.symbol == symbol)

  /**
   * Tries to map a string or tuple value to Quantity of this Dimension
   * @param value the source string (ie, ""10 kW"") or tuple (ie, (10, ""kW""))
   * @return Try[A]
   */
  protected def parse(value: Any) = value match {
    case s: String              => parseString(s)
    case (v: Byte, u: String)   => parseTuple(v.toDouble, u)
    case (v: Short, u: String)  => parseTuple(v.toDouble, u)
    case (v: Int, u: String)    => parseTuple(v.toDouble, u)
    case (v: Long, u: String)   => parseTuple(v.toDouble, u)
    case (v: Float, u: String)  => parseTuple(v.toDouble, u)
    case (v: Double, u: String) => parseTuple(v, u)
  }


  private def parseString(s: String): Try[A] = {
    s match {
      case QuantityString(value, symbol) ⇒ Success(symbolToUnit(symbol).get(BigDecimal(value)))
      case _                             ⇒ Failure(QuantityParseException(s""Unable to parse $name"", s))
    }
  }
  private lazy val QuantityString = (""^([-+]?[0-9]*\\.?[0-9]+(?:[eE][-+]?[0-9]+)?) *("" + units.map { u: UnitOfMeasure[A] ⇒ u.symbol }.reduceLeft(_ + ""|"" + _) + "")$"").r

  private def parseTuple(value: Double, symbol: String): Try[A] = {
    symbolToUnit(symbol) match {
      case Some(unit) ⇒ Success(unit(value))
      case None       ⇒ Failure(QuantityParseException(s""Unable to identify $name unit $symbol"", (value, symbol).toString()))
    }
  }
}

case class QuantityParseException(message: String, expression: String) extends Exception

/**
 * SI Base Quantity
 */
trait BaseDimension { self: Dimension[_] ⇒
  /**
   * SI Base Unit for this Quantity
   * @return
   */
  def siUnit: SiBaseUnit

  /**
   * SI Dimension Symbol
   * @return
   */
  def dimensionSymbol: String
}","def units: Set[UnitOfMeasure[A]]

  /**
   * Creates a new quantity from a value and unit
   * @param value the numeric value
   * @param unit the unit of measure
   * @return a new quantity
   */
  def apply(value: Double, unit: UnitOfMeasure[A]): A = {
    val convertedValue = unit.toStandard(value)
    createQuantity(convertedValue)
  }

  /**
   * Creates a new quantity from a value and unit name
   * @param value the numeric value
   * @param unitName the name of the unit of measure
   * @return a new quantity
   */
  def apply(value: Double, unitName: String): A = {
    units.find(_.name == unitName) match {
      case Some(unit) => apply(value, unit)
      case None => throw new NoSuchElementException(s""Unknown unit: $unitName"")
    }
  }

  /**
   * Creates a new quantity from a value and unit symbol
   * @param value the numeric value
   * @param unitSymbol the symbol of the unit of measure
   * @return a new quantity
   */
  def apply(value: Double, unitSymbol: String): A ="
qwen,Qwen/Qwen3-30B-A3B-Instruct-2507:nebius,scala,GPL-3.0,shared::src::main::scala::squants::Dimension.scala,103,0.8,0,0.07142857142857142,"  def units: Set[UnitOfMeasure[A]]

  /**
   * The unit with a conversions factor of 1.
   * The conversionFactor for other units should be set relative to this unit.
   * @return
   */
  def primaryUnit: UnitOfMeasure[A] with PrimaryUnit

  /**
   * The International System of Units (SI) Base Unit
   * @return
   */
  def siUnit: UnitOfMeasure[A] with SiUnit

  /**
   * Maps a string representation of a unit symbol into the matching UnitOfMeasure object
   * @param symbol String
   * @return
   */
  def symbolToUnit(symbol: String): Option[UnitOfMeasure[A]] = units.find(u ⇒ u.symbol == symbol)

  /**
   * Tries to map a string or tuple value to Quantity of this Dimension
   * @param value the source string (ie, ""10 kW"") or tuple (ie, (10, ""kW""))
   * @return Try[A]
   */
  protected def parse(value: Any) = value match {
    case s: String              => parseString(s)
    case (v: Byte, u: String)   => parseTuple(v.toDouble, u)
    case (v: Short, u: String)  => parseTuple(v.toDouble, u)
    case (v: Int, u: String)    => parseTuple(v.toDouble, u)
    case (v: Long, u: String)   => parseTuple(v.toDouble, u)
    case (v: Float, u: String)  => parseTuple(v.toDouble, u)
    case (v: Double, u: String) => parseTuple(v, u)
  }


  private def parseString(s: String): Try[A] = {
    s match {
      case QuantityString(value, symbol) ⇒ Success(symbolToUnit(symbol).get(BigDecimal(value)))
      case _                             ⇒ Failure(QuantityParseException(s""Unable to parse $name"", s))
    }
  }
  private lazy val QuantityString = (""^([-+]?[0-9]*\\.?[0-9]+(?:[eE][-+]?[0-9]+)?) *("" + units.map { u: UnitOfMeasure[A] ⇒ u.symbol }.reduceLeft(_ + ""|"" + _) + "")$"").r

  private def parseTuple(value: Double, symbol: String): Try[A] = {
    symbolToUnit(symbol) match {
      case Some(unit) ⇒ Success(unit(value))
      case None       ⇒ Failure(QuantityParseException(s""Unable to identify $name unit $symbol"", (value, symbol).toString()))
    }
  }
}

case class QuantityParseException(message: String, expression: String) extends Exception

/**
 * SI Base Quantity
 */
trait BaseDimension { self: Dimension[_] ⇒
  /**
   * SI Base Unit for this Quantity
   * @return
   */
  def siUnit: SiBaseUnit

  /**
   * SI Dimension Symbol
   * @return
   */
  def dimensionSymbol: String
}","def units: Set[UnitOfMeasure[A]]

  /**
   * Returns the default unit for this dimension
   * @return
   */
  def default: UnitOfMeasure[A] = units.headOption.getOrElse(throw new NoSuchElementException(""No default unit available for dimension: "" + name))

  /**
   * Returns a unit by name, if available
   * @param name the name of the unit
   * @return a Try[UnitOfMeasure[A]] containing the unit if found, or a Failure if not found
   */
  def unit(name: String): Try[UnitOfMeasure[A]] = {
    val matched = units.find(_.name == name)
    matched match {
      case Some(u) => Success(u)
      case None => Failure(new NoSuchElementException(s""Unit with name '$name' not found for dimension: $name""))
    }
  }

  /**
   * Returns a unit by symbol, if available
   * @param symbol the symbol of the unit
   * @return a Try[UnitOfMeasure[A]] containing the unit if found, or a Failure if not found
   */
  def unitBySymbol(symbol: String): Try[UnitOfMeasure[A]] = {
    val matched = units.find(_.symbol == symbol)
    matched match"
qwen,Qwen/Qwen3-30B-A3B-Instruct-2507:nebius,scala,GPL-3.0,src::main::scala::zzb::xmpp::XRoom.scala,164,0.2,0,0.0,"    }
  }

  val privateMessageListener = new MessageListener {
    override def processMessage(chat: Chat, message: Message): Unit = {
      if (message.getBody.startsWith(""echo "")) {
        val m = new Message()
        m.setBody(message.getBody.substring(5))
        m.setSubject(message.getSubject)
        m.setThread(message.getThread)
        chat.sendMessage(m)
      }
      self ! ChatIn(chat, message)
    }
  }

  val privateChatCreateListener = new ChatManagerListener {
    override def chatCreated(chat: Chat, createdLocally: Boolean): Unit =
      if (!createdLocally && chat.getParticipant.startsWith(roomName)) {
        //为其他用户创建的 Chat 绑定消息处理器
        chat.addMessageListener(privateMessageListener)
      }
  }

  ChatManager.getInstanceFor(conn).addChatListener(privateChatCreateListener)

  conn.addPacketListener(memberPresenceListener, ConferencePresenceFilter(roomName))

  def joinRoom= {
    Future {
      muc.join(cfgUser)
    }.onComplete {
      case Success(v) =>
        log.debug(s""$mark join success"")
      //订阅内部系统向外对话的请求，

      case scala.util.Failure(e) =>
        log.error(e, s""$mark join  failed"")
    }
  }
  self ! JoinRoom

  override def receive: Receive = {
    case JoinRoom =>
      joinRoom
    case Enter(fromJid) if !members.contains(fromJid) =>
      members.add(fromJid)
      log.debug(s""$mark members {},after add {},"", members, fromJid)
      notifyEnter(fromJid)
    case Leave(fromJid) if members.contains(fromJid) =>
      members.remove(fromJid)
      log.debug(s""$mark members {},after remove {},"", members, fromJid)
      notifyLeave(fromJid)

    case XRoomPrivateOut(_, toJid, body, subject, thread) =>
      val chatId = if (thread != null && thread.length > 0) s""$toJid-$thread"" else toJid
      //私聊
      val chat = chats.getOrElseUpdate(chatId, {
        ChatManager.getInstanceFor(conn).createChat(toJid, thread, privateMessageListener)
        //muc.createPrivateChat(toJid, privateMessageListener)
      })
      log.debug(s""$mark try to send private msg '{}' to {}"", body, toJid)

      val m = new Message()
      m.setBody(body)
      if (subject != null && subject.length > 0) m.setSubject(subject)
      if (thread != null && thread.length > 0) m.setThread(thread)

      chat.sendMessage(m)

    case ChatIn(chat, msg) =>
      val fromJid = msg.getFrom
      val thread = msg.getThread
      val subject = msg.getSubject

      val chatId = if (thread != null && thread.length > 0) s""$fromJid-$thread"" else fromJid
      if (!chats.contains(chatId)) chats(chatId) = chat
      var pathStr = s""/xuser/$cfgUser/chat-from/$fromJid""

      if (thread != null && thread.length > 0) {
        pathStr = pathStr + s""/$thread""
        if (subject != null && subject.length > 0) {
          pathStr = pathStr + s""/$subject""
        }
      }
      bus.publish(XMessageIn(pathStr, fromJid, msg.getTo, msg.getBody, msg.getSubject, msg.getThread))
  }

  override def postStop() = {
    members.foreach(notifyLeave)
    members.clear()
    conn.removePacketListener(memberPresenceListener)
    chats.values.foreach(_.close())
    ChatManager.getInstanceFor(conn).removeChatListener(privateChatCreateListener)
  }

  private case class Enter(jid: String)

  private case class Leave(jid: String)

  private object JoinRoom

}

object XRoom {

  case class PMSendProxy(cfgUser: String, roomName: String)(implicit system: ActorSystem) {
    def sendMsgTo(toNick: String, body: String, subject: String = null, thread: String = null) = {
      val xroom = system.actorSelection(s""/user/xmpp-$cfgUser/$roomName"")
      xroom ! XRoomPrivateOut("""", s""$roomName/$toNick"", body, subject, thread)
    }
  }

  def apply(cfgUser: String, roomName: String)(implicit system: ActorSystem) = PMSendProxy(cfgUser, roomName)(system)
}","if (presence.isAvailable) {
        members += fromJid
        notifyEnter(fromJid)
      } else {
        members -= fromJid
        notifyLeave(fromJid)
      }
    }
  }

  val messageListener = new PacketListener {
    override def processPacket(packet: Packet): Unit = {
      val msg = packet.asInstanceOf[Message]
      val fromJid = msg.getFrom
      val body = msg.getBody
      log.debug(s""$mark got message from $fromJid: $body"")

      if (body != null) {
        val sender = fromJid.split(""@"")(0)
        bus.publish(XMessage(s""/xuser/$cfgUser/message/$sender"", sender, body))
      }
    }
  }

  override def receive: Receive = {
    case JoinRoom =>
      log.debug(s""$mark joining room"")
      try {
        muc.join(cfgUser)
        muc.addMessageListener(messageListener)
        muc.addParticipantStatusListener(memberPresenceListener)
        log.info(s""$mark joined room successfully"")
      } catch {
        case e: Exception =>
          log.error(e, s""$mark failed to join room"")
          throw e
      }

    case Enter(jid) =>
      log.debug(s""$"
qwen,Qwen/Qwen3-30B-A3B-Instruct-2507:nebius,scala,GPL-3.0,src::main::scala::zzb::xmpp::XRoom.scala,164,0.4,0,0.0,"    }
  }

  val privateMessageListener = new MessageListener {
    override def processMessage(chat: Chat, message: Message): Unit = {
      if (message.getBody.startsWith(""echo "")) {
        val m = new Message()
        m.setBody(message.getBody.substring(5))
        m.setSubject(message.getSubject)
        m.setThread(message.getThread)
        chat.sendMessage(m)
      }
      self ! ChatIn(chat, message)
    }
  }

  val privateChatCreateListener = new ChatManagerListener {
    override def chatCreated(chat: Chat, createdLocally: Boolean): Unit =
      if (!createdLocally && chat.getParticipant.startsWith(roomName)) {
        //为其他用户创建的 Chat 绑定消息处理器
        chat.addMessageListener(privateMessageListener)
      }
  }

  ChatManager.getInstanceFor(conn).addChatListener(privateChatCreateListener)

  conn.addPacketListener(memberPresenceListener, ConferencePresenceFilter(roomName))

  def joinRoom= {
    Future {
      muc.join(cfgUser)
    }.onComplete {
      case Success(v) =>
        log.debug(s""$mark join success"")
      //订阅内部系统向外对话的请求，

      case scala.util.Failure(e) =>
        log.error(e, s""$mark join  failed"")
    }
  }
  self ! JoinRoom

  override def receive: Receive = {
    case JoinRoom =>
      joinRoom
    case Enter(fromJid) if !members.contains(fromJid) =>
      members.add(fromJid)
      log.debug(s""$mark members {},after add {},"", members, fromJid)
      notifyEnter(fromJid)
    case Leave(fromJid) if members.contains(fromJid) =>
      members.remove(fromJid)
      log.debug(s""$mark members {},after remove {},"", members, fromJid)
      notifyLeave(fromJid)

    case XRoomPrivateOut(_, toJid, body, subject, thread) =>
      val chatId = if (thread != null && thread.length > 0) s""$toJid-$thread"" else toJid
      //私聊
      val chat = chats.getOrElseUpdate(chatId, {
        ChatManager.getInstanceFor(conn).createChat(toJid, thread, privateMessageListener)
        //muc.createPrivateChat(toJid, privateMessageListener)
      })
      log.debug(s""$mark try to send private msg '{}' to {}"", body, toJid)

      val m = new Message()
      m.setBody(body)
      if (subject != null && subject.length > 0) m.setSubject(subject)
      if (thread != null && thread.length > 0) m.setThread(thread)

      chat.sendMessage(m)

    case ChatIn(chat, msg) =>
      val fromJid = msg.getFrom
      val thread = msg.getThread
      val subject = msg.getSubject

      val chatId = if (thread != null && thread.length > 0) s""$fromJid-$thread"" else fromJid
      if (!chats.contains(chatId)) chats(chatId) = chat
      var pathStr = s""/xuser/$cfgUser/chat-from/$fromJid""

      if (thread != null && thread.length > 0) {
        pathStr = pathStr + s""/$thread""
        if (subject != null && subject.length > 0) {
          pathStr = pathStr + s""/$subject""
        }
      }
      bus.publish(XMessageIn(pathStr, fromJid, msg.getTo, msg.getBody, msg.getSubject, msg.getThread))
  }

  override def postStop() = {
    members.foreach(notifyLeave)
    members.clear()
    conn.removePacketListener(memberPresenceListener)
    chats.values.foreach(_.close())
    ChatManager.getInstanceFor(conn).removeChatListener(privateChatCreateListener)
  }

  private case class Enter(jid: String)

  private case class Leave(jid: String)

  private object JoinRoom

}

object XRoom {

  case class PMSendProxy(cfgUser: String, roomName: String)(implicit system: ActorSystem) {
    def sendMsgTo(toNick: String, body: String, subject: String = null, thread: String = null) = {
      val xroom = system.actorSelection(s""/user/xmpp-$cfgUser/$roomName"")
      xroom ! XRoomPrivateOut("""", s""$roomName/$toNick"", body, subject, thread)
    }
  }

  def apply(cfgUser: String, roomName: String)(implicit system: ActorSystem) = PMSendProxy(cfgUser, roomName)(system)
}","if (presence.isAvailable && !members.contains(fromJid)) {
        notifyEnter(fromJid)
      } else if (!presence.isAvailable && members.contains(fromJid)) {
        notifyLeave(fromJid)
      }
    }
  }

  val messageListener = new PacketListener {
    override def processPacket(packet: Packet): Unit = {
      val msg = packet.asInstanceOf[Message]
      val fromJid = msg.getFrom
      val body = msg.getBody

      if (body == null || body.trim.isEmpty) return

      log.debug(s""$mark got message from $fromJid: $body"")

      val sender = fromJid.split(""@"")(0)
      bus.publish(XMessage(s""/xuser/$cfgUser/message/$sender"", sender, body))
    }
  }

  // Register listeners
  conn.addPacketListener(memberPresenceListener, new PresenceFilter)
  conn.addPacketListener(messageListener, new MessageFilter)

  // Join the room
  if (rejoin) {
    self ! JoinRoom
  } else {
    self ! JoinRoom
  }

  // Handle messages
  def receive = {
    case JoinRoom =>
      try {
        log.debug(s""$mark joining room $roomName"")"
qwen,Qwen/Qwen3-30B-A3B-Instruct-2507:nebius,scala,GPL-3.0,src::main::scala::zzb::xmpp::XRoom.scala,164,0.8,0,0.0,"    }
  }

  val privateMessageListener = new MessageListener {
    override def processMessage(chat: Chat, message: Message): Unit = {
      if (message.getBody.startsWith(""echo "")) {
        val m = new Message()
        m.setBody(message.getBody.substring(5))
        m.setSubject(message.getSubject)
        m.setThread(message.getThread)
        chat.sendMessage(m)
      }
      self ! ChatIn(chat, message)
    }
  }

  val privateChatCreateListener = new ChatManagerListener {
    override def chatCreated(chat: Chat, createdLocally: Boolean): Unit =
      if (!createdLocally && chat.getParticipant.startsWith(roomName)) {
        //为其他用户创建的 Chat 绑定消息处理器
        chat.addMessageListener(privateMessageListener)
      }
  }

  ChatManager.getInstanceFor(conn).addChatListener(privateChatCreateListener)

  conn.addPacketListener(memberPresenceListener, ConferencePresenceFilter(roomName))

  def joinRoom= {
    Future {
      muc.join(cfgUser)
    }.onComplete {
      case Success(v) =>
        log.debug(s""$mark join success"")
      //订阅内部系统向外对话的请求，

      case scala.util.Failure(e) =>
        log.error(e, s""$mark join  failed"")
    }
  }
  self ! JoinRoom

  override def receive: Receive = {
    case JoinRoom =>
      joinRoom
    case Enter(fromJid) if !members.contains(fromJid) =>
      members.add(fromJid)
      log.debug(s""$mark members {},after add {},"", members, fromJid)
      notifyEnter(fromJid)
    case Leave(fromJid) if members.contains(fromJid) =>
      members.remove(fromJid)
      log.debug(s""$mark members {},after remove {},"", members, fromJid)
      notifyLeave(fromJid)

    case XRoomPrivateOut(_, toJid, body, subject, thread) =>
      val chatId = if (thread != null && thread.length > 0) s""$toJid-$thread"" else toJid
      //私聊
      val chat = chats.getOrElseUpdate(chatId, {
        ChatManager.getInstanceFor(conn).createChat(toJid, thread, privateMessageListener)
        //muc.createPrivateChat(toJid, privateMessageListener)
      })
      log.debug(s""$mark try to send private msg '{}' to {}"", body, toJid)

      val m = new Message()
      m.setBody(body)
      if (subject != null && subject.length > 0) m.setSubject(subject)
      if (thread != null && thread.length > 0) m.setThread(thread)

      chat.sendMessage(m)

    case ChatIn(chat, msg) =>
      val fromJid = msg.getFrom
      val thread = msg.getThread
      val subject = msg.getSubject

      val chatId = if (thread != null && thread.length > 0) s""$fromJid-$thread"" else fromJid
      if (!chats.contains(chatId)) chats(chatId) = chat
      var pathStr = s""/xuser/$cfgUser/chat-from/$fromJid""

      if (thread != null && thread.length > 0) {
        pathStr = pathStr + s""/$thread""
        if (subject != null && subject.length > 0) {
          pathStr = pathStr + s""/$subject""
        }
      }
      bus.publish(XMessageIn(pathStr, fromJid, msg.getTo, msg.getBody, msg.getSubject, msg.getThread))
  }

  override def postStop() = {
    members.foreach(notifyLeave)
    members.clear()
    conn.removePacketListener(memberPresenceListener)
    chats.values.foreach(_.close())
    ChatManager.getInstanceFor(conn).removeChatListener(privateChatCreateListener)
  }

  private case class Enter(jid: String)

  private case class Leave(jid: String)

  private object JoinRoom

}

object XRoom {

  case class PMSendProxy(cfgUser: String, roomName: String)(implicit system: ActorSystem) {
    def sendMsgTo(toNick: String, body: String, subject: String = null, thread: String = null) = {
      val xroom = system.actorSelection(s""/user/xmpp-$cfgUser/$roomName"")
      xroom ! XRoomPrivateOut("""", s""$roomName/$toNick"", body, subject, thread)
    }
  }

  def apply(cfgUser: String, roomName: String)(implicit system: ActorSystem) = PMSendProxy(cfgUser, roomName)(system)
}","if (presence.isAvailable) {
        members += fromJid
        notifyEnter(fromJid)
      } else {
        members -= fromJid
        notifyLeave(fromJid)
      }
    }
  }

  val messageListener = new PacketListener {
    override def processPacket(packet: Packet): Unit = {
      val message = packet.asInstanceOf[Message]
      val fromJid = message.getFrom
      val body = message.getBody

      log.debug(s""$mark got message from $fromJid: $body"")

      if (body != null && !body.startsWith(mark)) {
        // 如果消息不是来自本实例自己发送的，则分发给事件总线
        bus.publish(XMessage(fromJid, body))
      } else {
        // 否则，忽略本实例发送的消息
        log.debug(s""$mark ignoring message from self: $body"")
      }
    }
  }

  // 注册监听器
  conn.addPacketListener(memberPresenceListener, new PresenceFilter)
  conn.addPacketListener(messageListener, new MessageFilter)

  // 开始加入房间
  if (rejoin) {
    log.debug(s""$mark attempting to rejoin room"")
    muc.join(cfgUser)
  } else"
qwen,Qwen/Qwen3-30B-A3B-Instruct-2507:nebius,scala,GPL-3.0,math::src::main::scala::breeze::math::Semiring.scala,65,0.2,0,0.022900763358778626,"/**
 *
 * @author dlwh
 */
trait Semiring[@specialized(Int,Short,Long,Float,Double) V] extends Serializable {
  def zero : V

  def one : V

  def +(a : V, b : V) : V
  def *(a : V, b : V) : V

  def ==(a : V, b : V) : Boolean
  def !=(a : V, b : V) : Boolean
  def close(a: V, b: V, tolerance: Double=1E-4):Boolean = a == b

  /** Returns the class manifest of the scalar type. */
  def manifest : ClassManifest[V]

  /** Returns the DefaultArrayValue for this type.  Always this.zero. */
  def defaultArrayValue : DefaultArrayValue[V]
}

object Semiring {
  import Ring._
  implicit val semiringD: Semiring[Double] = ringD
  implicit val semiringFloat: Semiring[Float] = ringFloat
  implicit val semiringInt: Semiring[Int] = ringInt
  implicit val semiringLong: Semiring[Long] = ringLong
  implicit val semiringShort: Semiring[Short] = ringShort

  implicit object fieldB extends Semiring[Boolean] {
    def zero = false
    def one = true
    def nan = throw new ArithmeticException(""Operation resulted in boolean-valued NaN"")
    def ==(a : Boolean, b : Boolean) = a == b
    def !=(a : Boolean, b : Boolean) = a != b
    def +(a : Boolean, b : Boolean) = a || b
    def *(a : Boolean, b : Boolean) = a && b
    def norm(a : Boolean) = breeze.numerics.I(a)
    def toDouble(a : Boolean) = breeze.numerics.I(a)
    def isNaN(a : Boolean) = false
    def manifest = implicitly[ClassManifest[Boolean]]
    val defaultArrayValue = implicitly[DefaultArrayValue[Boolean]]
 }
}","scala
trait Semiring[T] extends Serializable {
  def plus(a: T, b: T): T
  def times(a: T, b: T): T
  def zero: T
  def one: T

  // Default implementations for common operations
  def negate(a: T): T = {
    // Only defined if the semiring supports additive inverses (i.e., it's a ring)
    throw new UnsupportedOperationException(""Negation not supported in general semiring"")
  }

  def minus(a: T, b: T): T = plus(a, negate(b))

  def pow(a: T, n: Int): T = {
    if (n < 0) throw new IllegalArgumentException(""Exponent must be non-negative in semiring"")
    if (n == 0) one
    else {
      var result = one
      var i = n
      var base = a
      while (i > 0) {
        if (i % 2 == 1) result = times(result, base)
        base = times(base, base)
        i /= 2
      }
      result
    }
  }

  def sum(ts: Iterable[T]): T = ts.foldLeft(zero)("
qwen,Qwen/Qwen3-30B-A3B-Instruct-2507:nebius,scala,GPL-3.0,math::src::main::scala::breeze::math::Semiring.scala,65,0.4,0,0.016129032258064516,"/**
 *
 * @author dlwh
 */
trait Semiring[@specialized(Int,Short,Long,Float,Double) V] extends Serializable {
  def zero : V

  def one : V

  def +(a : V, b : V) : V
  def *(a : V, b : V) : V

  def ==(a : V, b : V) : Boolean
  def !=(a : V, b : V) : Boolean
  def close(a: V, b: V, tolerance: Double=1E-4):Boolean = a == b

  /** Returns the class manifest of the scalar type. */
  def manifest : ClassManifest[V]

  /** Returns the DefaultArrayValue for this type.  Always this.zero. */
  def defaultArrayValue : DefaultArrayValue[V]
}

object Semiring {
  import Ring._
  implicit val semiringD: Semiring[Double] = ringD
  implicit val semiringFloat: Semiring[Float] = ringFloat
  implicit val semiringInt: Semiring[Int] = ringInt
  implicit val semiringLong: Semiring[Long] = ringLong
  implicit val semiringShort: Semiring[Short] = ringShort

  implicit object fieldB extends Semiring[Boolean] {
    def zero = false
    def one = true
    def nan = throw new ArithmeticException(""Operation resulted in boolean-valued NaN"")
    def ==(a : Boolean, b : Boolean) = a == b
    def !=(a : Boolean, b : Boolean) = a != b
    def +(a : Boolean, b : Boolean) = a || b
    def *(a : Boolean, b : Boolean) = a && b
    def norm(a : Boolean) = breeze.numerics.I(a)
    def toDouble(a : Boolean) = breeze.numerics.I(a)
    def isNaN(a : Boolean) = false
    def manifest = implicitly[ClassManifest[Boolean]]
    val defaultArrayValue = implicitly[DefaultArrayValue[Boolean]]
 }
}","scala
trait Semiring[T] extends Serializable {
  def plus(x: T, y: T): T
  def times(x: T, y: T): T
  def zero: T
  def one: T

  // Default implementations for common operations
  def negate(x: T): T = {
    // Note: Semirings do not necessarily have additive inverses,
    // so this is not guaranteed to be meaningful.
    // This implementation is provided for convenience but may not be valid.
    // Users should override if a meaningful negate operation exists.
    throw new UnsupportedOperationException(""Negation not defined in semiring"")
  }

  def minus(x: T, y: T): T = plus(x, negate(y))

  def pow(x: T, n: Int): T = {
    if (n < 0) throw new IllegalArgumentException(""Exponent must be non-negative in semiring"")
    if (n == 0) one
    else if (n == 1) x
    else {
      var result = one
      var i = n
      var base = x
      while (i > 0) {
        if (i % 2 == 1) result = times(result,"
qwen,Qwen/Qwen3-30B-A3B-Instruct-2507:nebius,scala,GPL-3.0,math::src::main::scala::breeze::math::Semiring.scala,65,0.8,0,0.058823529411764705,"/**
 *
 * @author dlwh
 */
trait Semiring[@specialized(Int,Short,Long,Float,Double) V] extends Serializable {
  def zero : V

  def one : V

  def +(a : V, b : V) : V
  def *(a : V, b : V) : V

  def ==(a : V, b : V) : Boolean
  def !=(a : V, b : V) : Boolean
  def close(a: V, b: V, tolerance: Double=1E-4):Boolean = a == b

  /** Returns the class manifest of the scalar type. */
  def manifest : ClassManifest[V]

  /** Returns the DefaultArrayValue for this type.  Always this.zero. */
  def defaultArrayValue : DefaultArrayValue[V]
}

object Semiring {
  import Ring._
  implicit val semiringD: Semiring[Double] = ringD
  implicit val semiringFloat: Semiring[Float] = ringFloat
  implicit val semiringInt: Semiring[Int] = ringInt
  implicit val semiringLong: Semiring[Long] = ringLong
  implicit val semiringShort: Semiring[Short] = ringShort

  implicit object fieldB extends Semiring[Boolean] {
    def zero = false
    def one = true
    def nan = throw new ArithmeticException(""Operation resulted in boolean-valued NaN"")
    def ==(a : Boolean, b : Boolean) = a == b
    def !=(a : Boolean, b : Boolean) = a != b
    def +(a : Boolean, b : Boolean) = a || b
    def *(a : Boolean, b : Boolean) = a && b
    def norm(a : Boolean) = breeze.numerics.I(a)
    def toDouble(a : Boolean) = breeze.numerics.I(a)
    def isNaN(a : Boolean) = false
    def manifest = implicitly[ClassManifest[Boolean]]
    val defaultArrayValue = implicitly[DefaultArrayValue[Boolean]]
 }
}","scala
trait Semiring[T] extends Serializable {
  def add(x: T, y: T): T
  def mul(x: T, y: T): T
  def zero: T
  def one: T

  // Default implementations for common operations
  def addAll(values: Iterable[T]): T = values.foldLeft(zero)(add)
  def mulAll(values: Iterable[T]): T = values.foldLeft(one)(mul)

  // Helper method to create an array of the given size filled with zeros
  def zeroArray(size: Int): Array[T] = Array.fill(size)(zero)
  def zeroArray2D(rows: Int, cols: Int): Array[Array[T]] = Array.fill(rows)(Array.fill(cols)(zero))

  // Default implementation using the zero element for sum and product
  def sum(values: Iterable[T]): T = addAll(values)
  def product(values: Iterable[T]): T = mulAll(values)

  // Identity element for addition and multiplication
  def isZero(x: T): Boolean = x == zero
  def isOne(x: T): Boolean = x == one
}"
qwen,Qwen/Qwen3-30B-A3B-Instruct-2507:nebius,scala,GPL-3.0,actor-server::actor-rpc-api::src::main::scala::im::actor::server::api::rpc::service::stats::StatsServiceImpl.scala,56,0.2,0,0.0,"
final class StatsServiceImpl()(implicit system: ActorSystem) extends StatsService {
  implicit protected val ec: ExecutionContext = system.dispatcher
  private val db = DbExtension(system).db

  protected def doHandleStoreEvents(events: IndexedSeq[ApiEvent], clientData: ClientData): Future[HandlerResult[ResponseVoid]] = {
    authorized(clientData) { implicit client ⇒
      db.run(ClientStatsRepo.create(events map apiEventToStat)) map (_ ⇒ Ok(ResponseVoid))
    }
  }

  private def apiEventToStat(event: ApiEvent)(implicit client: AuthorizedClientData): ClientStats = event match {
    case ApiAppVisibleChanged(visible) ⇒
      stats(""VisibleChanged"", csv(List(visible.toString)))
    case ApiContentViewChanged(contentType, contentId, visible, params) ⇒
      stats(""ContentViewChanged"", csv(List(contentType, contentId, visible.toString) ++ stringList(params)))
    case ApiUntypedEvent(eventType, params) ⇒
      stats(eventType, csv(stringList(params)))
  }

  private def stats(eventType: String, eventData: String)(implicit client: AuthorizedClientData) =
    ClientStats(ACLUtils.randomLong(), client.userId, client.authId, eventType, eventData)

  private def csv(items: List[String]) = items mkString "";""

  private def stringList(params: Option[ApiRawValue]) =
    params map (p ⇒ List(toJs(p).toString)) getOrElse List.empty[String]

  private def toJs(raw: ApiRawValue): JsValue = raw match {
    case ApiMapValue(items) ⇒
      val fields = items map { case ApiMapValueItem(key, value) ⇒ key → toJs(value) }
      JsObject(fields)
    case ApiStringValue(t)     ⇒ JsString(t)
    case ApiDoubleValue(d)     ⇒ JsNumber(d)
    case ApiInt32Value(i)      ⇒ JsNumber(i)
    case ApiInt64Value(l)      ⇒ JsNumber(l)
    case ApiArrayValue(values) ⇒ JsArray(values map toJs)
  }

}","scala
class StatsServiceImpl(implicit val system: ActorSystem, val ec: ExecutionContext) extends StatsService {
  override def processGetClientStats(clientData: ClientData, request: GetClientStatsReq): Future[StatsResult] = {
    val userId = clientData.userId
    val authId = clientData.authId

    ClientStatsRepo.getByUserId(userId).flatMap {
      case Some(stats) =>
        val result = ApiObjectValue(
          ""stats"" -> ApiObjectValue(
            ""messagesSent"" -> ApiInt64Value(stats.messagesSent),
            ""messagesReceived"" -> ApiInt64Value(stats.messagesReceived),
            ""contactsAdded"" -> ApiInt32Value(stats.contactsAdded),
            ""groupsCreated"" -> ApiInt32Value(stats.groupsCreated),
            ""lastSeen"" -> ApiInt64Value(stats.lastSeen.toEpochSecond)
          )
        )
        Future.successful(StatsResult(result))
      case None =>
        Future.successful(StatsResult(ApiObjectValue()))
    }
  }

  override def processGetGlobalStats(clientData: ClientData, request: GetGlobalStatsReq): Future[StatsResult] = {
    ACLUtils.ensureAdmin(clientData) flatMap { _ =>
      val stats = Client"
qwen,Qwen/Qwen3-30B-A3B-Instruct-2507:nebius,scala,GPL-3.0,actor-server::actor-rpc-api::src::main::scala::im::actor::server::api::rpc::service::stats::StatsServiceImpl.scala,56,0.4,0,0.011428571428571429,"
final class StatsServiceImpl()(implicit system: ActorSystem) extends StatsService {
  implicit protected val ec: ExecutionContext = system.dispatcher
  private val db = DbExtension(system).db

  protected def doHandleStoreEvents(events: IndexedSeq[ApiEvent], clientData: ClientData): Future[HandlerResult[ResponseVoid]] = {
    authorized(clientData) { implicit client ⇒
      db.run(ClientStatsRepo.create(events map apiEventToStat)) map (_ ⇒ Ok(ResponseVoid))
    }
  }

  private def apiEventToStat(event: ApiEvent)(implicit client: AuthorizedClientData): ClientStats = event match {
    case ApiAppVisibleChanged(visible) ⇒
      stats(""VisibleChanged"", csv(List(visible.toString)))
    case ApiContentViewChanged(contentType, contentId, visible, params) ⇒
      stats(""ContentViewChanged"", csv(List(contentType, contentId, visible.toString) ++ stringList(params)))
    case ApiUntypedEvent(eventType, params) ⇒
      stats(eventType, csv(stringList(params)))
  }

  private def stats(eventType: String, eventData: String)(implicit client: AuthorizedClientData) =
    ClientStats(ACLUtils.randomLong(), client.userId, client.authId, eventType, eventData)

  private def csv(items: List[String]) = items mkString "";""

  private def stringList(params: Option[ApiRawValue]) =
    params map (p ⇒ List(toJs(p).toString)) getOrElse List.empty[String]

  private def toJs(raw: ApiRawValue): JsValue = raw match {
    case ApiMapValue(items) ⇒
      val fields = items map { case ApiMapValueItem(key, value) ⇒ key → toJs(value) }
      JsObject(fields)
    case ApiStringValue(t)     ⇒ JsString(t)
    case ApiDoubleValue(d)     ⇒ JsNumber(d)
    case ApiInt32Value(i)      ⇒ JsNumber(i)
    case ApiInt64Value(l)      ⇒ JsNumber(l)
    case ApiArrayValue(values) ⇒ JsArray(values map toJs)
  }

}","scala
class StatsServiceImpl(implicit val system: ActorSystem, val ec: ExecutionContext) extends StatsService {
  override def handleGetClientStats(clientData: ClientData, request: GetClientStatsReq): Future[ApiResult[GetClientStatsResponse]] = {
    val userId = clientData.userId
    val authId = clientData.authId

    ClientStatsRepo.getByUserId(userId).map { stats =>
      val rawValues = Map(
        ""totalMessages"" -> ApiInt64Value(stats.totalMessages),
        ""totalContacts"" -> ApiInt32Value(stats.totalContacts),
        ""totalGroups"" -> ApiInt32Value(stats.totalGroups),
        ""totalChats"" -> ApiInt32Value(stats.totalChats),
        ""lastSeen"" -> ApiInt64Value(stats.lastSeen.toEpochMilli)
      ).map { case (k, v) => k -> v }

      val result = GetClientStatsResponse(ApiRawValue(ApiObjectValue(rawValues)))
      ApiResult.success(result)
    }.recover {
      case _: Exception =>
        ApiResult.error(ApiError(""INTERNAL_ERROR"", ""Failed to retrieve client stats""))
    }
  }

  override def handleGetClientStatsByAuthId(clientData: ClientData"
qwen,Qwen/Qwen3-30B-A3B-Instruct-2507:nebius,scala,GPL-3.0,actor-server::actor-rpc-api::src::main::scala::im::actor::server::api::rpc::service::stats::StatsServiceImpl.scala,56,0.8,0,0.011904761904761904,"
final class StatsServiceImpl()(implicit system: ActorSystem) extends StatsService {
  implicit protected val ec: ExecutionContext = system.dispatcher
  private val db = DbExtension(system).db

  protected def doHandleStoreEvents(events: IndexedSeq[ApiEvent], clientData: ClientData): Future[HandlerResult[ResponseVoid]] = {
    authorized(clientData) { implicit client ⇒
      db.run(ClientStatsRepo.create(events map apiEventToStat)) map (_ ⇒ Ok(ResponseVoid))
    }
  }

  private def apiEventToStat(event: ApiEvent)(implicit client: AuthorizedClientData): ClientStats = event match {
    case ApiAppVisibleChanged(visible) ⇒
      stats(""VisibleChanged"", csv(List(visible.toString)))
    case ApiContentViewChanged(contentType, contentId, visible, params) ⇒
      stats(""ContentViewChanged"", csv(List(contentType, contentId, visible.toString) ++ stringList(params)))
    case ApiUntypedEvent(eventType, params) ⇒
      stats(eventType, csv(stringList(params)))
  }

  private def stats(eventType: String, eventData: String)(implicit client: AuthorizedClientData) =
    ClientStats(ACLUtils.randomLong(), client.userId, client.authId, eventType, eventData)

  private def csv(items: List[String]) = items mkString "";""

  private def stringList(params: Option[ApiRawValue]) =
    params map (p ⇒ List(toJs(p).toString)) getOrElse List.empty[String]

  private def toJs(raw: ApiRawValue): JsValue = raw match {
    case ApiMapValue(items) ⇒
      val fields = items map { case ApiMapValueItem(key, value) ⇒ key → toJs(value) }
      JsObject(fields)
    case ApiStringValue(t)     ⇒ JsString(t)
    case ApiDoubleValue(d)     ⇒ JsNumber(d)
    case ApiInt32Value(i)      ⇒ JsNumber(i)
    case ApiInt64Value(l)      ⇒ JsNumber(l)
    case ApiArrayValue(values) ⇒ JsArray(values map toJs)
  }

}","scala
class StatsServiceImpl(implicit system: ActorSystem, ec: ExecutionContext) extends StatsService {
  override def processGetClientStats(request: GetClientStats, clientData: ClientData): Future[StatsResult] = {
    val userId = clientData.userId
    val authId = clientData.authId

    ClientStatsRepo.getByUserIdAndAuthId(userId, authId).map {
      case Some(stats) =>
        val json = Json.toJson(stats)
        val rawValue = ApiRawValue(Json.stringify(json))
        StatsResult(ApiArrayValue(Seq(rawValue)))
      case None =>
        StatsResult(ApiArrayValue(Seq.empty))
    }
  }

  override def processGetClientStatsByUserId(request: GetClientStatsByUserId, clientData: ClientData): Future[StatsResult] = {
    val requesterUserId = clientData.userId
    val targetUserId = request.userId

    ACLUtils.checkUserAccess(requesterUserId, targetUserId) flatMap { _ =>
      ClientStatsRepo.getByUserId(targetUserId).map {
        case Some(stats) =>
          val json = Json.toJson(stats)
          val rawValue = ApiRawValue(Json.stringify(json))
          StatsResult(ApiArrayValue(Seq(rawValue)))
        case None =>
          StatsResult(ApiArrayValue(Seq.empty"
qwen,Qwen/Qwen3-30B-A3B-Instruct-2507:nebius,scala,GPL-3.0,corpus::akka::akka-actor::src::main::scala::akka::actor::dungeon::FaultHandling.scala,306,0.2,0,0.09732360097323602,"  /**
   * Do resume the actor in response to a failure.
   *
   * @param causedByFailure signifies if it was our own failure which
   *        prompted this action.
   */
  protected def faultResume(causedByFailure: Throwable): Unit = {
    if (actor == null) {
      system.eventStream.publish(Error(self.path.toString, clazz(actor),
        ""changing Resume into Create after "" + causedByFailure))
      faultCreate()
    } else if (actor.context == null && causedByFailure != null) {
      system.eventStream.publish(Error(self.path.toString, clazz(actor),
        ""changing Resume into Restart after "" + causedByFailure))
      faultRecreate(causedByFailure)
    } else {
      val perp = perpetrator
      // done always to keep that suspend counter balanced
      // must happen “atomically”
      try resumeNonRecursive()
      finally if (causedByFailure != null) clearFailed()
      resumeChildren(causedByFailure, perp)
    }
  }

  /**
   * Do create the actor in response to a failure.
   */
  protected def faultCreate(): Unit = {
    assert(mailbox.isSuspended, ""mailbox must be suspended during failed creation, status="" + mailbox.currentStatus)
    assert(perpetrator == self)

    setReceiveTimeout(Duration.Undefined)
    cancelReceiveTimeout

    // stop all children, which will turn childrenRefs into TerminatingChildrenContainer (if there are children)
    children foreach stop

    if (!setChildrenTerminationReason(ChildrenContainer.Creation())) finishCreate()
  }

  private def finishCreate(): Unit = {
    try resumeNonRecursive()
    finally clearFailed()
    try create(None)
    catch handleNonFatalOrInterruptedException { e ⇒
      handleInvokeFailure(Nil, e)
    }
  }

  protected def terminate() {
    setReceiveTimeout(Duration.Undefined)
    cancelReceiveTimeout

    // prevent Deadletter(Terminated) messages
    unwatchWatchedActors(actor)

    // stop all children, which will turn childrenRefs into TerminatingChildrenContainer (if there are children)
    children foreach stop

    if (systemImpl.aborting) {
      // separate iteration because this is a very rare case that should not penalize normal operation
      children foreach {
        case ref: ActorRefScope if !ref.isLocal ⇒ self.sendSystemMessage(DeathWatchNotification(ref, true, false))
        case _ ⇒
      }
    }

    val wasTerminating = isTerminating

    if (setChildrenTerminationReason(ChildrenContainer.Termination)) {
      if (!wasTerminating) {
        // do not process normal messages while waiting for all children to terminate
        suspendNonRecursive()
        // do not propagate failures during shutdown to the supervisor
        setFailed(self)
        if (system.settings.DebugLifecycle) publish(Debug(self.path.toString, clazz(actor), ""stopping""))
      }
    } else {
      setTerminated()
      finishTerminate()
    }
  }

  final def handleInvokeFailure(childrenNotToSuspend: immutable.Iterable[ActorRef], t: Throwable): Unit = {
    // prevent any further messages to be processed until the actor has been restarted
    if (!isFailed) try {
      suspendNonRecursive()
      // suspend children
      val skip: Set[ActorRef] = currentMessage match {
        case Envelope(Failed(_, _, _), child) ⇒ { setFailed(child); Set(child) }
        case _ ⇒ { setFailed(self); Set.empty }
      }
      suspendChildren(exceptFor = skip ++ childrenNotToSuspend)
      t match {
        // tell supervisor
        case _: InterruptedException ⇒
          // ➡➡➡ NEVER SEND THE SAME SYSTEM MESSAGE OBJECT TO TWO ACTORS ⬅⬅⬅
          parent.sendSystemMessage(Failed(self, new ActorInterruptedException(t), uid))
        case _ ⇒
          // ➡➡➡ NEVER SEND THE SAME SYSTEM MESSAGE OBJECT TO TWO ACTORS ⬅⬅⬅
          parent.sendSystemMessage(Failed(self, t, uid))
      }
    } catch handleNonFatalOrInterruptedException { e ⇒
      publish(Error(e, self.path.toString, clazz(actor),
        ""emergency stop: exception in failure handling for "" + t.getClass + Logging.stackTraceFor(t)))
      try children foreach stop
      finally finishTerminate()
    }
  }

  private def finishTerminate() {
    val a = actor
    /* The following order is crucial for things to work properly. Only change this if you're very confident and lucky.
     *
     * Please note that if a parent is also a watcher then ChildTerminated and Terminated must be processed in this
     * specific order.
     */
    try if (a ne null) a.aroundPostStop()
    catch handleNonFatalOrInterruptedException { e ⇒ publish(Error(e, self.path.toString, clazz(a), e.getMessage)) }
    finally try dispatcher.detach(this)
    finally try parent.sendSystemMessage(DeathWatchNotification(self, existenceConfirmed = true, addressTerminated = false))
    finally try stopFunctionRefs()
    finally try tellWatchersWeDied()
    finally try unwatchWatchedActors(a) // stay here as we expect an emergency stop from handleInvokeFailure
    finally {
      if (system.settings.DebugLifecycle)
        publish(Debug(self.path.toString, clazz(a), ""stopped""))

      clearActorFields(a, recreate = false)
      clearActorCellFields(this)
      actor = null
    }
  }

  private def finishRecreate(cause: Throwable, failedActor: Actor): Unit = {
    // need to keep a snapshot of the surviving children before the new actor instance creates new ones
    val survivors = children

    try {
      try resumeNonRecursive()
      finally clearFailed() // must happen in any case, so that failure is propagated

      val freshActor = newActor()
      actor = freshActor // this must happen before postRestart has a chance to fail
      if (freshActor eq failedActor) setActorFields(freshActor, this, self) // If the creator returns the same instance, we need to restore our nulled out fields.

      freshActor.aroundPostRestart(cause)
      if (system.settings.DebugLifecycle) publish(Debug(self.path.toString, clazz(freshActor), ""restarted""))

      // only after parent is up and running again do restart the children which were not stopped
      survivors foreach (child ⇒
        try child.asInstanceOf[InternalActorRef].restart(cause)
        catch handleNonFatalOrInterruptedException { e ⇒
          publish(Error(e, self.path.toString, clazz(freshActor), ""restarting "" + child))
        })
    } catch handleNonFatalOrInterruptedException { e ⇒
      clearActorFields(actor, recreate = false) // in order to prevent preRestart() from happening again
      handleInvokeFailure(survivors, PostRestartException(self, e, cause))
    }
  }

  final protected def handleFailure(f: Failed): Unit = {
    currentMessage = Envelope(f, f.child, system)
    getChildByRef(f.child) match {
      /*
       * only act upon the failure, if it comes from a currently known child;
       * the UID protects against reception of a Failed from a child which was
       * killed in preRestart and re-created in postRestart
       */
      case Some(stats) if stats.uid == f.uid ⇒
        if (!actor.supervisorStrategy.handleFailure(this, f.child, f.cause, stats, getAllChildStats)) throw f.cause
      case Some(stats) ⇒
        publish(Debug(self.path.toString, clazz(actor),
          ""dropping Failed("" + f.cause + "") from old child "" + f.child + "" (uid="" + stats.uid + "" != "" + f.uid + "")""))
      case None ⇒
        publish(Debug(self.path.toString, clazz(actor), ""dropping Failed("" + f.cause + "") from unknown child "" + f.child))
    }
  }

  final protected def handleChildTerminated(child: ActorRef): Unit = {
    val status = removeChildAndGetStateChange(child)
    /*
     * if this fails, we do nothing in case of terminating/restarting state,
     * otherwise tell the supervisor etc. (in that second case, the match
     * below will hit the empty default case, too)
     */
    if (actor != null) {
      try actor.supervisorStrategy.handleChildTerminated(this, child, children)
      catch handleNonFatalOrInterruptedException { e ⇒
        publish(Error(e, self.path.toString, clazz(actor), ""handleChildTerminated failed""))
        handleInvokeFailure(Nil, e)
      }
    }
    /*
     * if the removal changed the state of the (terminating) children container,
     * then we are continuing the previously suspended recreate/create/terminate action
     */
    status match {
      case Some(c @ ChildrenContainer.Recreation(cause)) ⇒ finishRecreate(cause, actor)
      case Some(c @ ChildrenContainer.Creation()) ⇒ finishCreate()
      case Some(ChildrenContainer.Termination) ⇒ finishTerminate()
      case _ ⇒
    }
  }

  final protected def handleNonFatalOrInterruptedException(thunk: (Throwable) ⇒ Unit): Catcher[Unit] = {
    case e: InterruptedException ⇒
      thunk(e)
      Thread.currentThread().interrupt()
    case NonFatal(e) ⇒
      thunk(e)
  }
}","/**
   * Do resume the actor after a failure has been handled.
   */
  protected def faultResume(causedByFailure: Throwable): Unit = {
    if (isFailed) {
      clearFailed()
      resumeNonRecursive()
      if (causedByFailure ne null) {
        val failedActor = actor
        if (failedActor ne null) {
          try {
            if (failedActor.context ne null) failedActor.aroundPostRestart(causedByFailure)
          } catch handleNonFatalOrInterruptedException { e ⇒
            val ex = PostRestartException(self, e, causedByFailure)
            publish(Error(ex, self.path.toString, clazz(failedActor), e.getMessage))
          }
        }
      }
    }
  }

  /**
   * Do create the actor in response to a failure.
   */
  protected def faultCreate(): Unit = {
    val newActor = createActor()
    if (newActor ne null) {
      actor = newActor
      if (system.settings.DebugLifecycle) publish(Debug(self.path.toString, clazz(newActor), ""created""))
      if (newActor.context ne null) {
        try {
          newActor.aroundPreStart()
        } catch handleNonFatalOrInterruptedException { e ⇒
          val"
qwen,Qwen/Qwen3-30B-A3B-Instruct-2507:nebius,scala,GPL-3.0,corpus::akka::akka-actor::src::main::scala::akka::actor::dungeon::FaultHandling.scala,306,0.4,0,0.0,"  /**
   * Do resume the actor in response to a failure.
   *
   * @param causedByFailure signifies if it was our own failure which
   *        prompted this action.
   */
  protected def faultResume(causedByFailure: Throwable): Unit = {
    if (actor == null) {
      system.eventStream.publish(Error(self.path.toString, clazz(actor),
        ""changing Resume into Create after "" + causedByFailure))
      faultCreate()
    } else if (actor.context == null && causedByFailure != null) {
      system.eventStream.publish(Error(self.path.toString, clazz(actor),
        ""changing Resume into Restart after "" + causedByFailure))
      faultRecreate(causedByFailure)
    } else {
      val perp = perpetrator
      // done always to keep that suspend counter balanced
      // must happen “atomically”
      try resumeNonRecursive()
      finally if (causedByFailure != null) clearFailed()
      resumeChildren(causedByFailure, perp)
    }
  }

  /**
   * Do create the actor in response to a failure.
   */
  protected def faultCreate(): Unit = {
    assert(mailbox.isSuspended, ""mailbox must be suspended during failed creation, status="" + mailbox.currentStatus)
    assert(perpetrator == self)

    setReceiveTimeout(Duration.Undefined)
    cancelReceiveTimeout

    // stop all children, which will turn childrenRefs into TerminatingChildrenContainer (if there are children)
    children foreach stop

    if (!setChildrenTerminationReason(ChildrenContainer.Creation())) finishCreate()
  }

  private def finishCreate(): Unit = {
    try resumeNonRecursive()
    finally clearFailed()
    try create(None)
    catch handleNonFatalOrInterruptedException { e ⇒
      handleInvokeFailure(Nil, e)
    }
  }

  protected def terminate() {
    setReceiveTimeout(Duration.Undefined)
    cancelReceiveTimeout

    // prevent Deadletter(Terminated) messages
    unwatchWatchedActors(actor)

    // stop all children, which will turn childrenRefs into TerminatingChildrenContainer (if there are children)
    children foreach stop

    if (systemImpl.aborting) {
      // separate iteration because this is a very rare case that should not penalize normal operation
      children foreach {
        case ref: ActorRefScope if !ref.isLocal ⇒ self.sendSystemMessage(DeathWatchNotification(ref, true, false))
        case _ ⇒
      }
    }

    val wasTerminating = isTerminating

    if (setChildrenTerminationReason(ChildrenContainer.Termination)) {
      if (!wasTerminating) {
        // do not process normal messages while waiting for all children to terminate
        suspendNonRecursive()
        // do not propagate failures during shutdown to the supervisor
        setFailed(self)
        if (system.settings.DebugLifecycle) publish(Debug(self.path.toString, clazz(actor), ""stopping""))
      }
    } else {
      setTerminated()
      finishTerminate()
    }
  }

  final def handleInvokeFailure(childrenNotToSuspend: immutable.Iterable[ActorRef], t: Throwable): Unit = {
    // prevent any further messages to be processed until the actor has been restarted
    if (!isFailed) try {
      suspendNonRecursive()
      // suspend children
      val skip: Set[ActorRef] = currentMessage match {
        case Envelope(Failed(_, _, _), child) ⇒ { setFailed(child); Set(child) }
        case _ ⇒ { setFailed(self); Set.empty }
      }
      suspendChildren(exceptFor = skip ++ childrenNotToSuspend)
      t match {
        // tell supervisor
        case _: InterruptedException ⇒
          // ➡➡➡ NEVER SEND THE SAME SYSTEM MESSAGE OBJECT TO TWO ACTORS ⬅⬅⬅
          parent.sendSystemMessage(Failed(self, new ActorInterruptedException(t), uid))
        case _ ⇒
          // ➡➡➡ NEVER SEND THE SAME SYSTEM MESSAGE OBJECT TO TWO ACTORS ⬅⬅⬅
          parent.sendSystemMessage(Failed(self, t, uid))
      }
    } catch handleNonFatalOrInterruptedException { e ⇒
      publish(Error(e, self.path.toString, clazz(actor),
        ""emergency stop: exception in failure handling for "" + t.getClass + Logging.stackTraceFor(t)))
      try children foreach stop
      finally finishTerminate()
    }
  }

  private def finishTerminate() {
    val a = actor
    /* The following order is crucial for things to work properly. Only change this if you're very confident and lucky.
     *
     * Please note that if a parent is also a watcher then ChildTerminated and Terminated must be processed in this
     * specific order.
     */
    try if (a ne null) a.aroundPostStop()
    catch handleNonFatalOrInterruptedException { e ⇒ publish(Error(e, self.path.toString, clazz(a), e.getMessage)) }
    finally try dispatcher.detach(this)
    finally try parent.sendSystemMessage(DeathWatchNotification(self, existenceConfirmed = true, addressTerminated = false))
    finally try stopFunctionRefs()
    finally try tellWatchersWeDied()
    finally try unwatchWatchedActors(a) // stay here as we expect an emergency stop from handleInvokeFailure
    finally {
      if (system.settings.DebugLifecycle)
        publish(Debug(self.path.toString, clazz(a), ""stopped""))

      clearActorFields(a, recreate = false)
      clearActorCellFields(this)
      actor = null
    }
  }

  private def finishRecreate(cause: Throwable, failedActor: Actor): Unit = {
    // need to keep a snapshot of the surviving children before the new actor instance creates new ones
    val survivors = children

    try {
      try resumeNonRecursive()
      finally clearFailed() // must happen in any case, so that failure is propagated

      val freshActor = newActor()
      actor = freshActor // this must happen before postRestart has a chance to fail
      if (freshActor eq failedActor) setActorFields(freshActor, this, self) // If the creator returns the same instance, we need to restore our nulled out fields.

      freshActor.aroundPostRestart(cause)
      if (system.settings.DebugLifecycle) publish(Debug(self.path.toString, clazz(freshActor), ""restarted""))

      // only after parent is up and running again do restart the children which were not stopped
      survivors foreach (child ⇒
        try child.asInstanceOf[InternalActorRef].restart(cause)
        catch handleNonFatalOrInterruptedException { e ⇒
          publish(Error(e, self.path.toString, clazz(freshActor), ""restarting "" + child))
        })
    } catch handleNonFatalOrInterruptedException { e ⇒
      clearActorFields(actor, recreate = false) // in order to prevent preRestart() from happening again
      handleInvokeFailure(survivors, PostRestartException(self, e, cause))
    }
  }

  final protected def handleFailure(f: Failed): Unit = {
    currentMessage = Envelope(f, f.child, system)
    getChildByRef(f.child) match {
      /*
       * only act upon the failure, if it comes from a currently known child;
       * the UID protects against reception of a Failed from a child which was
       * killed in preRestart and re-created in postRestart
       */
      case Some(stats) if stats.uid == f.uid ⇒
        if (!actor.supervisorStrategy.handleFailure(this, f.child, f.cause, stats, getAllChildStats)) throw f.cause
      case Some(stats) ⇒
        publish(Debug(self.path.toString, clazz(actor),
          ""dropping Failed("" + f.cause + "") from old child "" + f.child + "" (uid="" + stats.uid + "" != "" + f.uid + "")""))
      case None ⇒
        publish(Debug(self.path.toString, clazz(actor), ""dropping Failed("" + f.cause + "") from unknown child "" + f.child))
    }
  }

  final protected def handleChildTerminated(child: ActorRef): Unit = {
    val status = removeChildAndGetStateChange(child)
    /*
     * if this fails, we do nothing in case of terminating/restarting state,
     * otherwise tell the supervisor etc. (in that second case, the match
     * below will hit the empty default case, too)
     */
    if (actor != null) {
      try actor.supervisorStrategy.handleChildTerminated(this, child, children)
      catch handleNonFatalOrInterruptedException { e ⇒
        publish(Error(e, self.path.toString, clazz(actor), ""handleChildTerminated failed""))
        handleInvokeFailure(Nil, e)
      }
    }
    /*
     * if the removal changed the state of the (terminating) children container,
     * then we are continuing the previously suspended recreate/create/terminate action
     */
    status match {
      case Some(c @ ChildrenContainer.Recreation(cause)) ⇒ finishRecreate(cause, actor)
      case Some(c @ ChildrenContainer.Creation()) ⇒ finishCreate()
      case Some(ChildrenContainer.Termination) ⇒ finishTerminate()
      case _ ⇒
    }
  }

  final protected def handleNonFatalOrInterruptedException(thunk: (Throwable) ⇒ Unit): Catcher[Unit] = {
    case e: InterruptedException ⇒
      thunk(e)
      Thread.currentThread().interrupt()
    case NonFatal(e) ⇒
      thunk(e)
  }
}","/**
   * Do resume the actor in response to a failure of a parent (i.e. the
   * “recursive suspend” feature).
   */
  protected def faultResume(causedByFailure: Throwable): Unit = {
    if (isFailed) {
      // we are still in a failed state, so we need to restart
      faultRecreate(causedByFailure)
    } else {
      // we are not failed, so we can resume normally
      resumeNonRecursive()
      resumeChildren()
    }
  }

  /**
   * Do create the actor in response to a failure.
   */
  protected def faultCreate(): Unit = {
    if (actor == null) {
      // create the actor instance
      val newActor = createActor()
      if (newActor ne null) {
        // initialize the actor
        val actorRef = self
        val actorCell = this
        val actorContext = new ActorContext(actorRef, actorCell)
        actor = newActor
        context = actorContext
        // call preStart
        try {
          actor.aroundPreStart()
        } catch handleNonFatalOrInterruptedException { e ⇒
          val ex = PreRestartException(self, e, null, None)"
qwen,Qwen/Qwen3-30B-A3B-Instruct-2507:nebius,scala,GPL-3.0,corpus::akka::akka-actor::src::main::scala::akka::actor::dungeon::FaultHandling.scala,306,0.8,0,0.0,"  /**
   * Do resume the actor in response to a failure.
   *
   * @param causedByFailure signifies if it was our own failure which
   *        prompted this action.
   */
  protected def faultResume(causedByFailure: Throwable): Unit = {
    if (actor == null) {
      system.eventStream.publish(Error(self.path.toString, clazz(actor),
        ""changing Resume into Create after "" + causedByFailure))
      faultCreate()
    } else if (actor.context == null && causedByFailure != null) {
      system.eventStream.publish(Error(self.path.toString, clazz(actor),
        ""changing Resume into Restart after "" + causedByFailure))
      faultRecreate(causedByFailure)
    } else {
      val perp = perpetrator
      // done always to keep that suspend counter balanced
      // must happen “atomically”
      try resumeNonRecursive()
      finally if (causedByFailure != null) clearFailed()
      resumeChildren(causedByFailure, perp)
    }
  }

  /**
   * Do create the actor in response to a failure.
   */
  protected def faultCreate(): Unit = {
    assert(mailbox.isSuspended, ""mailbox must be suspended during failed creation, status="" + mailbox.currentStatus)
    assert(perpetrator == self)

    setReceiveTimeout(Duration.Undefined)
    cancelReceiveTimeout

    // stop all children, which will turn childrenRefs into TerminatingChildrenContainer (if there are children)
    children foreach stop

    if (!setChildrenTerminationReason(ChildrenContainer.Creation())) finishCreate()
  }

  private def finishCreate(): Unit = {
    try resumeNonRecursive()
    finally clearFailed()
    try create(None)
    catch handleNonFatalOrInterruptedException { e ⇒
      handleInvokeFailure(Nil, e)
    }
  }

  protected def terminate() {
    setReceiveTimeout(Duration.Undefined)
    cancelReceiveTimeout

    // prevent Deadletter(Terminated) messages
    unwatchWatchedActors(actor)

    // stop all children, which will turn childrenRefs into TerminatingChildrenContainer (if there are children)
    children foreach stop

    if (systemImpl.aborting) {
      // separate iteration because this is a very rare case that should not penalize normal operation
      children foreach {
        case ref: ActorRefScope if !ref.isLocal ⇒ self.sendSystemMessage(DeathWatchNotification(ref, true, false))
        case _ ⇒
      }
    }

    val wasTerminating = isTerminating

    if (setChildrenTerminationReason(ChildrenContainer.Termination)) {
      if (!wasTerminating) {
        // do not process normal messages while waiting for all children to terminate
        suspendNonRecursive()
        // do not propagate failures during shutdown to the supervisor
        setFailed(self)
        if (system.settings.DebugLifecycle) publish(Debug(self.path.toString, clazz(actor), ""stopping""))
      }
    } else {
      setTerminated()
      finishTerminate()
    }
  }

  final def handleInvokeFailure(childrenNotToSuspend: immutable.Iterable[ActorRef], t: Throwable): Unit = {
    // prevent any further messages to be processed until the actor has been restarted
    if (!isFailed) try {
      suspendNonRecursive()
      // suspend children
      val skip: Set[ActorRef] = currentMessage match {
        case Envelope(Failed(_, _, _), child) ⇒ { setFailed(child); Set(child) }
        case _ ⇒ { setFailed(self); Set.empty }
      }
      suspendChildren(exceptFor = skip ++ childrenNotToSuspend)
      t match {
        // tell supervisor
        case _: InterruptedException ⇒
          // ➡➡➡ NEVER SEND THE SAME SYSTEM MESSAGE OBJECT TO TWO ACTORS ⬅⬅⬅
          parent.sendSystemMessage(Failed(self, new ActorInterruptedException(t), uid))
        case _ ⇒
          // ➡➡➡ NEVER SEND THE SAME SYSTEM MESSAGE OBJECT TO TWO ACTORS ⬅⬅⬅
          parent.sendSystemMessage(Failed(self, t, uid))
      }
    } catch handleNonFatalOrInterruptedException { e ⇒
      publish(Error(e, self.path.toString, clazz(actor),
        ""emergency stop: exception in failure handling for "" + t.getClass + Logging.stackTraceFor(t)))
      try children foreach stop
      finally finishTerminate()
    }
  }

  private def finishTerminate() {
    val a = actor
    /* The following order is crucial for things to work properly. Only change this if you're very confident and lucky.
     *
     * Please note that if a parent is also a watcher then ChildTerminated and Terminated must be processed in this
     * specific order.
     */
    try if (a ne null) a.aroundPostStop()
    catch handleNonFatalOrInterruptedException { e ⇒ publish(Error(e, self.path.toString, clazz(a), e.getMessage)) }
    finally try dispatcher.detach(this)
    finally try parent.sendSystemMessage(DeathWatchNotification(self, existenceConfirmed = true, addressTerminated = false))
    finally try stopFunctionRefs()
    finally try tellWatchersWeDied()
    finally try unwatchWatchedActors(a) // stay here as we expect an emergency stop from handleInvokeFailure
    finally {
      if (system.settings.DebugLifecycle)
        publish(Debug(self.path.toString, clazz(a), ""stopped""))

      clearActorFields(a, recreate = false)
      clearActorCellFields(this)
      actor = null
    }
  }

  private def finishRecreate(cause: Throwable, failedActor: Actor): Unit = {
    // need to keep a snapshot of the surviving children before the new actor instance creates new ones
    val survivors = children

    try {
      try resumeNonRecursive()
      finally clearFailed() // must happen in any case, so that failure is propagated

      val freshActor = newActor()
      actor = freshActor // this must happen before postRestart has a chance to fail
      if (freshActor eq failedActor) setActorFields(freshActor, this, self) // If the creator returns the same instance, we need to restore our nulled out fields.

      freshActor.aroundPostRestart(cause)
      if (system.settings.DebugLifecycle) publish(Debug(self.path.toString, clazz(freshActor), ""restarted""))

      // only after parent is up and running again do restart the children which were not stopped
      survivors foreach (child ⇒
        try child.asInstanceOf[InternalActorRef].restart(cause)
        catch handleNonFatalOrInterruptedException { e ⇒
          publish(Error(e, self.path.toString, clazz(freshActor), ""restarting "" + child))
        })
    } catch handleNonFatalOrInterruptedException { e ⇒
      clearActorFields(actor, recreate = false) // in order to prevent preRestart() from happening again
      handleInvokeFailure(survivors, PostRestartException(self, e, cause))
    }
  }

  final protected def handleFailure(f: Failed): Unit = {
    currentMessage = Envelope(f, f.child, system)
    getChildByRef(f.child) match {
      /*
       * only act upon the failure, if it comes from a currently known child;
       * the UID protects against reception of a Failed from a child which was
       * killed in preRestart and re-created in postRestart
       */
      case Some(stats) if stats.uid == f.uid ⇒
        if (!actor.supervisorStrategy.handleFailure(this, f.child, f.cause, stats, getAllChildStats)) throw f.cause
      case Some(stats) ⇒
        publish(Debug(self.path.toString, clazz(actor),
          ""dropping Failed("" + f.cause + "") from old child "" + f.child + "" (uid="" + stats.uid + "" != "" + f.uid + "")""))
      case None ⇒
        publish(Debug(self.path.toString, clazz(actor), ""dropping Failed("" + f.cause + "") from unknown child "" + f.child))
    }
  }

  final protected def handleChildTerminated(child: ActorRef): Unit = {
    val status = removeChildAndGetStateChange(child)
    /*
     * if this fails, we do nothing in case of terminating/restarting state,
     * otherwise tell the supervisor etc. (in that second case, the match
     * below will hit the empty default case, too)
     */
    if (actor != null) {
      try actor.supervisorStrategy.handleChildTerminated(this, child, children)
      catch handleNonFatalOrInterruptedException { e ⇒
        publish(Error(e, self.path.toString, clazz(actor), ""handleChildTerminated failed""))
        handleInvokeFailure(Nil, e)
      }
    }
    /*
     * if the removal changed the state of the (terminating) children container,
     * then we are continuing the previously suspended recreate/create/terminate action
     */
    status match {
      case Some(c @ ChildrenContainer.Recreation(cause)) ⇒ finishRecreate(cause, actor)
      case Some(c @ ChildrenContainer.Creation()) ⇒ finishCreate()
      case Some(ChildrenContainer.Termination) ⇒ finishTerminate()
      case _ ⇒
    }
  }

  final protected def handleNonFatalOrInterruptedException(thunk: (Throwable) ⇒ Unit): Catcher[Unit] = {
    case e: InterruptedException ⇒
      thunk(e)
      Thread.currentThread().interrupt()
    case NonFatal(e) ⇒
      thunk(e)
  }
}","/**
   * Do resume the actor in response to a parent having resumed (i.e. the
   * “recursive resume” feature).
   */
  protected def faultResume(causedByFailure: Throwable): Unit = {
    resumeNonRecursive()
    if (causedByFailure ne null) {
      // If the failure was caused by a parent, we need to pass it to the actor
      // via postRestart, but only if we are not in the process of restarting
      if (actor != null && actor.context != null) {
        try {
          actor.aroundPostRestart(causedByFailure)
        } catch handleNonFatalOrInterruptedException { e ⇒
          val ex = PostRestartException(self, e, causedByFailure)
          publish(Error(ex, self.path.toString, clazz(actor), e.getMessage))
        }
      }
    }
    resumeChildren()
  }

  /**
   * Do create the actor in response to a failure (or first creation).
   */
  protected def faultCreate(): Unit = {
    if (actor == null) {
      val newActor = system.actorOf(Props(actorClass), self.path.name)
      setActor(newActor)
      if (system.settings.DebugLifecycle) publish(Debug(self.path.toString, clazz"
qwen,Qwen/Qwen3-30B-A3B-Instruct-2507:nebius,scala,GPL-3.0,core::src::main::scala::chandu0101::scalajs::react::components::elementalui::Octicons.scala,198,0.2,0,0.633495145631068,"  val file_directory = Octicons(""file-directory"")
  val file_media = Octicons(""file-media"")
  val file_pdf = Octicons(""file-pdf"")
  val file_submodule = Octicons(""file-submodule"")
  val file_symlink_directory = Octicons(""file-symlink-directory"")
  val file_symlink_file = Octicons(""file-symlink-file"")
  val file_text = Octicons(""file-text"")
  val file_zip = Octicons(""file-zip"")
  val flame = Octicons(""flame"")
  val fold = Octicons(""fold"")
  val gear = Octicons(""gear"")
  val gift = Octicons(""gift"")
  val gist_secret = Octicons(""gist-secret"")
  val gist = Octicons(""gist"")
  val git_branch = Octicons(""git-branch"")
  val git_commit = Octicons(""git-commit"")
  val git_compare = Octicons(""git-compare"")
  val git_merge = Octicons(""git-merge"")
  val git_pull_request = Octicons(""git-pull-request"")
  val globe = Octicons(""globe"")
  val graph = Octicons(""graph"")
  val heart = Octicons(""heart"")
  val history = Octicons(""history"")
  val home = Octicons(""home"")
  val horizontal_rule = Octicons(""horizontal-rule"")
  val hubot = Octicons(""hubot"")
  //  val icons = Octicons(""icons"")
  val inbox = Octicons(""inbox"")
  val info = Octicons(""info"")
  val issue_closed = Octicons(""issue-closed"")
  val issue_opened = Octicons(""issue-opened"")
  val issue_reopened = Octicons(""issue-reopened"")
  //  val italic = Octicons(""italic"")
  val jersey = Octicons(""jersey"")
  val keyboard = Octicons(""keyboard"")
  val key = Octicons(""key"")
  val law = Octicons(""law"")
  val light_bulb = Octicons(""light-bulb"")
  val link_external = Octicons(""link-external"")
  val link = Octicons(""link"")
  val list_ordered = Octicons(""list-ordered"")
  val list_unordered = Octicons(""list-unordered"")
  val location = Octicons(""location"")
  val lock = Octicons(""lock"")
  val logo_github = Octicons(""logo-github"")
  val mail_read = Octicons(""mail-read"")
  val mail_reply = Octicons(""mail-reply"")
  val mail = Octicons(""mail"")
  val markdown = Octicons(""markdown"")
  val mark_github = Octicons(""mark-github"")
  val megaphone = Octicons(""megaphone"")
  val mention = Octicons(""mention"")
  val milestone = Octicons(""milestone"")
  val mirror = Octicons(""mirror"")
  val mortar_board = Octicons(""mortar-board"")
  val mute = Octicons(""mute"")
  val no_newline = Octicons(""no-newline"")
  val octoface = Octicons(""octoface"")
  val organization = Octicons(""organization"")
  val `package` = Octicons(""package"")
  val paintcan = Octicons(""paintcan"")
  val pencil = Octicons(""pencil"")
  val person = Octicons(""person"")
  val pin = Octicons(""pin"")
  val plug = Octicons(""plug"")
  val plus = Octicons(""plus"")
  val primitive_dot = Octicons(""primitive-dot"")
  val primitive_square = Octicons(""primitive-square"")
  val pulse = Octicons(""pulse"")
  val question = Octicons(""question"")
  val quote = Octicons(""quote"")
  val radio_tower = Octicons(""radio-tower"")
  val repo_clone = Octicons(""repo-clone"")
  val repo_force_push = Octicons(""repo-force-push"")
  val repo_forked = Octicons(""repo-forked"")
  val repo_pull = Octicons(""repo-pull"")
  val repo_push = Octicons(""repo-push"")
  val repo = Octicons(""repo"")
  val rocket = Octicons(""rocket"")
  val rss = Octicons(""rss"")
  val ruby = Octicons(""ruby"")
  val search = Octicons(""search"")
  val server = Octicons(""server"")
  val settings = Octicons(""settings"")
  val shield = Octicons(""shield"")
  val sign_in = Octicons(""sign-in"")
  val sign_out = Octicons(""sign-out"")
  val squirrel = Octicons(""squirrel"")
  val star = Octicons(""star"")
  val stop = Octicons(""stop"")
  val sync = Octicons(""sync"")
  val tag = Octicons(""tag"")
  //  val tasklist = Octicons(""tasklist"")
  val telescope = Octicons(""telescope"")
  val terminal = Octicons(""terminal"")
  //  val text_size = Octicons(""text-size"")
  val three_bars = Octicons(""three-bars"")
  val thumbsdown = Octicons(""thumbsdown"")
  val thumbsup = Octicons(""thumbsup"")
  val tools = Octicons(""tools"")
  val trashcan = Octicons(""trashcan"")
  val triangle_down = Octicons(""triangle-down"")
  val triangle_left = Octicons(""triangle-left"")
  val triangle_right = Octicons(""triangle-right"")
  val triangle_up = Octicons(""triangle-up"")
  val unfold = Octicons(""unfold"")
  val unmute = Octicons(""unmute"")
  val versions = Octicons(""versions"")
  val watch = Octicons(""watch"")
  val x = Octicons(""x"")
  val zap = Octicons(""zap"")

  val values = List(alert, arrow_down, arrow_left, arrow_right, arrow_small_down, arrow_small_left,
    arrow_small_right, arrow_small_up, arrow_up, beaker, bell,
    //    bold,
    bookmark, book, briefcase, broadcast,
    browser, bug, calendar, checklist, check, chevron_down, chevron_left, chevron_right, chevron_up,
    circle_slash, circuit_board, clippy, clock, cloud_download, cloud_upload, code, color_mode, comment_discussion,
    comment, credit_card, dashboard, dash, database, desktop_download, device_camera, device_camera_video, device_desktop,
    device_mobile, diff_added, diff_ignored, diff_modified, diff_removed, diff_renamed, diff, ellipsis, eye, file_binary,
    file_code, file_directory, file_media, file_pdf, file_submodule, file_symlink_directory, file_symlink_file, file_text,
    file_zip, flame, fold, gear, gift, gist_secret, gist, git_branch, git_commit, git_compare, git_merge, git_pull_request,
    globe, graph, heart, history, home, horizontal_rule, hubot,
    //    icons,
    inbox, info, issue_closed, issue_opened, issue_reopened,
    //    italic,
    jersey, keyboard, key, law, light_bulb, link_external, link, list_ordered, list_unordered, location, lock,
    logo_github, mail_read, mail_reply, mail, markdown, mark_github, megaphone, mention, milestone, mirror, mortar_board,
    mute, no_newline, octoface, organization, `package`, paintcan, pencil, person, pin, plug, plus, primitive_dot,
    primitive_square, pulse, question, quote, radio_tower, repo_clone, repo_force_push, repo_forked, repo_pull,
    repo_push, repo, rocket, rss, ruby, search, server, settings, shield, sign_in, sign_out, squirrel, star,
    stop, sync, tag,
    //    tasklist,
    telescope, terminal,
    //text_size,
    three_bars, thumbsdown, thumbsup, tools,
    trashcan, triangle_down, triangle_left, triangle_right, triangle_up, unfold, unmute, versions, watch, x)
}","val file_directory = Octicons(""file-directory"")
  val file_media = Octicons(""file-media"")
  val file_pdf = Octicons(""file-pdf"")
  val file_submodule = Octicons(""file-submodule"")
  val file_symlink_directory = Octicons(""file-symlink-directory"")
  val file_symlink_file = Octicons(""file-symlink-file"")
  val file = Octicons(""file"")
  val flame = Octicons(""flame"")
  val fold = Octicons(""fold"")
  val gear = Octicons(""gear"")
  val gift = Octicons(""gift"")
  val gist_secret = Octicons(""gist-secret"")
  val gist = Octicons(""gist"")
  val git_branch = Octicons(""git-branch"")
  val git_commit = Octicons(""git-commit"")
  val git_compare = Octicons(""git-compare"")
  val git_merge = Octicons(""git-merge"")
  val git_pull_request = Octicons(""git-pull-request"")
  val github_alt = Octicons(""github-alt"")
  val github = Octicons(""github"")
  val globe = Octicons(""globe"")
  val graph = Octicons(""graph"")
  val heart = Octicons(""heart"")
  val history ="
qwen,Qwen/Qwen3-30B-A3B-Instruct-2507:nebius,scala,GPL-3.0,core::src::main::scala::chandu0101::scalajs::react::components::elementalui::Octicons.scala,198,0.4,0,0.6352657004830918,"  val file_directory = Octicons(""file-directory"")
  val file_media = Octicons(""file-media"")
  val file_pdf = Octicons(""file-pdf"")
  val file_submodule = Octicons(""file-submodule"")
  val file_symlink_directory = Octicons(""file-symlink-directory"")
  val file_symlink_file = Octicons(""file-symlink-file"")
  val file_text = Octicons(""file-text"")
  val file_zip = Octicons(""file-zip"")
  val flame = Octicons(""flame"")
  val fold = Octicons(""fold"")
  val gear = Octicons(""gear"")
  val gift = Octicons(""gift"")
  val gist_secret = Octicons(""gist-secret"")
  val gist = Octicons(""gist"")
  val git_branch = Octicons(""git-branch"")
  val git_commit = Octicons(""git-commit"")
  val git_compare = Octicons(""git-compare"")
  val git_merge = Octicons(""git-merge"")
  val git_pull_request = Octicons(""git-pull-request"")
  val globe = Octicons(""globe"")
  val graph = Octicons(""graph"")
  val heart = Octicons(""heart"")
  val history = Octicons(""history"")
  val home = Octicons(""home"")
  val horizontal_rule = Octicons(""horizontal-rule"")
  val hubot = Octicons(""hubot"")
  //  val icons = Octicons(""icons"")
  val inbox = Octicons(""inbox"")
  val info = Octicons(""info"")
  val issue_closed = Octicons(""issue-closed"")
  val issue_opened = Octicons(""issue-opened"")
  val issue_reopened = Octicons(""issue-reopened"")
  //  val italic = Octicons(""italic"")
  val jersey = Octicons(""jersey"")
  val keyboard = Octicons(""keyboard"")
  val key = Octicons(""key"")
  val law = Octicons(""law"")
  val light_bulb = Octicons(""light-bulb"")
  val link_external = Octicons(""link-external"")
  val link = Octicons(""link"")
  val list_ordered = Octicons(""list-ordered"")
  val list_unordered = Octicons(""list-unordered"")
  val location = Octicons(""location"")
  val lock = Octicons(""lock"")
  val logo_github = Octicons(""logo-github"")
  val mail_read = Octicons(""mail-read"")
  val mail_reply = Octicons(""mail-reply"")
  val mail = Octicons(""mail"")
  val markdown = Octicons(""markdown"")
  val mark_github = Octicons(""mark-github"")
  val megaphone = Octicons(""megaphone"")
  val mention = Octicons(""mention"")
  val milestone = Octicons(""milestone"")
  val mirror = Octicons(""mirror"")
  val mortar_board = Octicons(""mortar-board"")
  val mute = Octicons(""mute"")
  val no_newline = Octicons(""no-newline"")
  val octoface = Octicons(""octoface"")
  val organization = Octicons(""organization"")
  val `package` = Octicons(""package"")
  val paintcan = Octicons(""paintcan"")
  val pencil = Octicons(""pencil"")
  val person = Octicons(""person"")
  val pin = Octicons(""pin"")
  val plug = Octicons(""plug"")
  val plus = Octicons(""plus"")
  val primitive_dot = Octicons(""primitive-dot"")
  val primitive_square = Octicons(""primitive-square"")
  val pulse = Octicons(""pulse"")
  val question = Octicons(""question"")
  val quote = Octicons(""quote"")
  val radio_tower = Octicons(""radio-tower"")
  val repo_clone = Octicons(""repo-clone"")
  val repo_force_push = Octicons(""repo-force-push"")
  val repo_forked = Octicons(""repo-forked"")
  val repo_pull = Octicons(""repo-pull"")
  val repo_push = Octicons(""repo-push"")
  val repo = Octicons(""repo"")
  val rocket = Octicons(""rocket"")
  val rss = Octicons(""rss"")
  val ruby = Octicons(""ruby"")
  val search = Octicons(""search"")
  val server = Octicons(""server"")
  val settings = Octicons(""settings"")
  val shield = Octicons(""shield"")
  val sign_in = Octicons(""sign-in"")
  val sign_out = Octicons(""sign-out"")
  val squirrel = Octicons(""squirrel"")
  val star = Octicons(""star"")
  val stop = Octicons(""stop"")
  val sync = Octicons(""sync"")
  val tag = Octicons(""tag"")
  //  val tasklist = Octicons(""tasklist"")
  val telescope = Octicons(""telescope"")
  val terminal = Octicons(""terminal"")
  //  val text_size = Octicons(""text-size"")
  val three_bars = Octicons(""three-bars"")
  val thumbsdown = Octicons(""thumbsdown"")
  val thumbsup = Octicons(""thumbsup"")
  val tools = Octicons(""tools"")
  val trashcan = Octicons(""trashcan"")
  val triangle_down = Octicons(""triangle-down"")
  val triangle_left = Octicons(""triangle-left"")
  val triangle_right = Octicons(""triangle-right"")
  val triangle_up = Octicons(""triangle-up"")
  val unfold = Octicons(""unfold"")
  val unmute = Octicons(""unmute"")
  val versions = Octicons(""versions"")
  val watch = Octicons(""watch"")
  val x = Octicons(""x"")
  val zap = Octicons(""zap"")

  val values = List(alert, arrow_down, arrow_left, arrow_right, arrow_small_down, arrow_small_left,
    arrow_small_right, arrow_small_up, arrow_up, beaker, bell,
    //    bold,
    bookmark, book, briefcase, broadcast,
    browser, bug, calendar, checklist, check, chevron_down, chevron_left, chevron_right, chevron_up,
    circle_slash, circuit_board, clippy, clock, cloud_download, cloud_upload, code, color_mode, comment_discussion,
    comment, credit_card, dashboard, dash, database, desktop_download, device_camera, device_camera_video, device_desktop,
    device_mobile, diff_added, diff_ignored, diff_modified, diff_removed, diff_renamed, diff, ellipsis, eye, file_binary,
    file_code, file_directory, file_media, file_pdf, file_submodule, file_symlink_directory, file_symlink_file, file_text,
    file_zip, flame, fold, gear, gift, gist_secret, gist, git_branch, git_commit, git_compare, git_merge, git_pull_request,
    globe, graph, heart, history, home, horizontal_rule, hubot,
    //    icons,
    inbox, info, issue_closed, issue_opened, issue_reopened,
    //    italic,
    jersey, keyboard, key, law, light_bulb, link_external, link, list_ordered, list_unordered, location, lock,
    logo_github, mail_read, mail_reply, mail, markdown, mark_github, megaphone, mention, milestone, mirror, mortar_board,
    mute, no_newline, octoface, organization, `package`, paintcan, pencil, person, pin, plug, plus, primitive_dot,
    primitive_square, pulse, question, quote, radio_tower, repo_clone, repo_force_push, repo_forked, repo_pull,
    repo_push, repo, rocket, rss, ruby, search, server, settings, shield, sign_in, sign_out, squirrel, star,
    stop, sync, tag,
    //    tasklist,
    telescope, terminal,
    //text_size,
    three_bars, thumbsdown, thumbsup, tools,
    trashcan, triangle_down, triangle_left, triangle_right, triangle_up, unfold, unmute, versions, watch, x)
}","val file_directory = Octicons(""file-directory"")
val file_media = Octicons(""file-media"")
val file_pdf = Octicons(""file-pdf"")
val file_submodule = Octicons(""file-submodule"")
val file_symlink_directory = Octicons(""file-symlink-directory"")
val file_symlink_file = Octicons(""file-symlink-file"")
val file = Octicons(""file"")
val flame = Octicons(""flame"")
val fold = Octicons(""fold"")
val gear = Octicons(""gear"")
val gift = Octicons(""gift"")
val gist_secret = Octicons(""gist-secret"")
val gist = Octicons(""gist"")
val git_branch = Octicons(""git-branch"")
val git_commit = Octicons(""git-commit"")
val git_compare = Octicons(""git-compare"")
val git_merge = Octicons(""git-merge"")
val git_pull_request = Octicons(""git-pull-request"")
val git_pull_request_closed = Octicons(""git-pull-request-closed"")
val github_actions = Octicons(""github-actions"")
val github_alt = Octicons(""github-alt"")
val globe = Octicons(""globe"")
val grabber = Octicons(""grabber"")
val graph = Octicons(""graph"")
val heart = Octicons("""
qwen,Qwen/Qwen3-30B-A3B-Instruct-2507:nebius,scala,GPL-3.0,core::src::main::scala::chandu0101::scalajs::react::components::elementalui::Octicons.scala,198,0.8,0,0.6319612590799032,"  val file_directory = Octicons(""file-directory"")
  val file_media = Octicons(""file-media"")
  val file_pdf = Octicons(""file-pdf"")
  val file_submodule = Octicons(""file-submodule"")
  val file_symlink_directory = Octicons(""file-symlink-directory"")
  val file_symlink_file = Octicons(""file-symlink-file"")
  val file_text = Octicons(""file-text"")
  val file_zip = Octicons(""file-zip"")
  val flame = Octicons(""flame"")
  val fold = Octicons(""fold"")
  val gear = Octicons(""gear"")
  val gift = Octicons(""gift"")
  val gist_secret = Octicons(""gist-secret"")
  val gist = Octicons(""gist"")
  val git_branch = Octicons(""git-branch"")
  val git_commit = Octicons(""git-commit"")
  val git_compare = Octicons(""git-compare"")
  val git_merge = Octicons(""git-merge"")
  val git_pull_request = Octicons(""git-pull-request"")
  val globe = Octicons(""globe"")
  val graph = Octicons(""graph"")
  val heart = Octicons(""heart"")
  val history = Octicons(""history"")
  val home = Octicons(""home"")
  val horizontal_rule = Octicons(""horizontal-rule"")
  val hubot = Octicons(""hubot"")
  //  val icons = Octicons(""icons"")
  val inbox = Octicons(""inbox"")
  val info = Octicons(""info"")
  val issue_closed = Octicons(""issue-closed"")
  val issue_opened = Octicons(""issue-opened"")
  val issue_reopened = Octicons(""issue-reopened"")
  //  val italic = Octicons(""italic"")
  val jersey = Octicons(""jersey"")
  val keyboard = Octicons(""keyboard"")
  val key = Octicons(""key"")
  val law = Octicons(""law"")
  val light_bulb = Octicons(""light-bulb"")
  val link_external = Octicons(""link-external"")
  val link = Octicons(""link"")
  val list_ordered = Octicons(""list-ordered"")
  val list_unordered = Octicons(""list-unordered"")
  val location = Octicons(""location"")
  val lock = Octicons(""lock"")
  val logo_github = Octicons(""logo-github"")
  val mail_read = Octicons(""mail-read"")
  val mail_reply = Octicons(""mail-reply"")
  val mail = Octicons(""mail"")
  val markdown = Octicons(""markdown"")
  val mark_github = Octicons(""mark-github"")
  val megaphone = Octicons(""megaphone"")
  val mention = Octicons(""mention"")
  val milestone = Octicons(""milestone"")
  val mirror = Octicons(""mirror"")
  val mortar_board = Octicons(""mortar-board"")
  val mute = Octicons(""mute"")
  val no_newline = Octicons(""no-newline"")
  val octoface = Octicons(""octoface"")
  val organization = Octicons(""organization"")
  val `package` = Octicons(""package"")
  val paintcan = Octicons(""paintcan"")
  val pencil = Octicons(""pencil"")
  val person = Octicons(""person"")
  val pin = Octicons(""pin"")
  val plug = Octicons(""plug"")
  val plus = Octicons(""plus"")
  val primitive_dot = Octicons(""primitive-dot"")
  val primitive_square = Octicons(""primitive-square"")
  val pulse = Octicons(""pulse"")
  val question = Octicons(""question"")
  val quote = Octicons(""quote"")
  val radio_tower = Octicons(""radio-tower"")
  val repo_clone = Octicons(""repo-clone"")
  val repo_force_push = Octicons(""repo-force-push"")
  val repo_forked = Octicons(""repo-forked"")
  val repo_pull = Octicons(""repo-pull"")
  val repo_push = Octicons(""repo-push"")
  val repo = Octicons(""repo"")
  val rocket = Octicons(""rocket"")
  val rss = Octicons(""rss"")
  val ruby = Octicons(""ruby"")
  val search = Octicons(""search"")
  val server = Octicons(""server"")
  val settings = Octicons(""settings"")
  val shield = Octicons(""shield"")
  val sign_in = Octicons(""sign-in"")
  val sign_out = Octicons(""sign-out"")
  val squirrel = Octicons(""squirrel"")
  val star = Octicons(""star"")
  val stop = Octicons(""stop"")
  val sync = Octicons(""sync"")
  val tag = Octicons(""tag"")
  //  val tasklist = Octicons(""tasklist"")
  val telescope = Octicons(""telescope"")
  val terminal = Octicons(""terminal"")
  //  val text_size = Octicons(""text-size"")
  val three_bars = Octicons(""three-bars"")
  val thumbsdown = Octicons(""thumbsdown"")
  val thumbsup = Octicons(""thumbsup"")
  val tools = Octicons(""tools"")
  val trashcan = Octicons(""trashcan"")
  val triangle_down = Octicons(""triangle-down"")
  val triangle_left = Octicons(""triangle-left"")
  val triangle_right = Octicons(""triangle-right"")
  val triangle_up = Octicons(""triangle-up"")
  val unfold = Octicons(""unfold"")
  val unmute = Octicons(""unmute"")
  val versions = Octicons(""versions"")
  val watch = Octicons(""watch"")
  val x = Octicons(""x"")
  val zap = Octicons(""zap"")

  val values = List(alert, arrow_down, arrow_left, arrow_right, arrow_small_down, arrow_small_left,
    arrow_small_right, arrow_small_up, arrow_up, beaker, bell,
    //    bold,
    bookmark, book, briefcase, broadcast,
    browser, bug, calendar, checklist, check, chevron_down, chevron_left, chevron_right, chevron_up,
    circle_slash, circuit_board, clippy, clock, cloud_download, cloud_upload, code, color_mode, comment_discussion,
    comment, credit_card, dashboard, dash, database, desktop_download, device_camera, device_camera_video, device_desktop,
    device_mobile, diff_added, diff_ignored, diff_modified, diff_removed, diff_renamed, diff, ellipsis, eye, file_binary,
    file_code, file_directory, file_media, file_pdf, file_submodule, file_symlink_directory, file_symlink_file, file_text,
    file_zip, flame, fold, gear, gift, gist_secret, gist, git_branch, git_commit, git_compare, git_merge, git_pull_request,
    globe, graph, heart, history, home, horizontal_rule, hubot,
    //    icons,
    inbox, info, issue_closed, issue_opened, issue_reopened,
    //    italic,
    jersey, keyboard, key, law, light_bulb, link_external, link, list_ordered, list_unordered, location, lock,
    logo_github, mail_read, mail_reply, mail, markdown, mark_github, megaphone, mention, milestone, mirror, mortar_board,
    mute, no_newline, octoface, organization, `package`, paintcan, pencil, person, pin, plug, plus, primitive_dot,
    primitive_square, pulse, question, quote, radio_tower, repo_clone, repo_force_push, repo_forked, repo_pull,
    repo_push, repo, rocket, rss, ruby, search, server, settings, shield, sign_in, sign_out, squirrel, star,
    stop, sync, tag,
    //    tasklist,
    telescope, terminal,
    //text_size,
    three_bars, thumbsdown, thumbsup, tools,
    trashcan, triangle_down, triangle_left, triangle_right, triangle_up, unfold, unmute, versions, watch, x)
}","val file_directory = Octicons(""file-directory"")
val file_media = Octicons(""file-media"")
val file_pdf = Octicons(""file-pdf"")
val file_postscript = Octicons(""file-postscript"")
val file_submodule = Octicons(""file-submodule"")
val file_symlink_directory = Octicons(""file-symlink-directory"")
val file_symlink_file = Octicons(""file-symlink-file"")
val file = Octicons(""file"")
val flame = Octicons(""flame"")
val fold = Octicons(""fold"")
val gear = Octicons(""gear"")
val gist_secret = Octicons(""gist-secret"")
val gist = Octicons(""gist"")
val git_branch = Octicons(""git-branch"")
val git_commit = Octicons(""git-commit"")
val git_compare = Octicons(""git-compare"")
val git_merge = Octicons(""git-merge"")
val git_pull_request = Octicons(""git-pull-request"")
val git_pull_request_draft = Octicons(""git-pull-request-draft"")
val github_action = Octicons(""github-action"")
val github_alt = Octicons(""github-alt"")
val github_filled = Octicons(""github-filled"")
val globe = Octicons(""globe"")
val go_to_file = Octicons(""go-to"
qwen,Qwen/Qwen3-30B-A3B-Instruct-2507:nebius,scala,GPL-3.0,src::main::g8::src::main::scala::$package$::snippet::Presenter.scala,55,0.2,0,0.0,"object Presenter {
  def render = if(model.Presenter) ""*"" #> Script(
    JsCrVar(""PresenterApi"", JsObj()) &
      SetExp(JsVar(""PresenterApi.goto""), AnonFunc(""id"", SHtml.ajaxCall(JsVar(""id""), {(id:String) =>
        Presentation ! id
      })))
  ) else ClearNodes

  private lazy val passcode:String = {
    val jvmProp = Option(System.getProperty(""presentera.passcode""))
    val envProp = Option(System.getenv(""presentera_passcode""))
    val default = Some(""$passcode$"")

    List(jvmProp, envProp, default).flatten.head
  }

  def login(in:NodeSeq):NodeSeq = {
    for {
      r <- S.request if r.post_? // make sure it's a post
      p <- S.param(""passcode"")
    } {
      if(p == passcode) {
        model.Presenter(true)
        Presentation ! Presentation.Init
        S.redirectTo(""/"")
      }
    }

    in
  }
}

object IfPresenter {
  def render = if(model.Presenter) PassThru else ClearNodes
}

object IfAudience {
  def render = if(model.Presenter) ClearNodes else PassThru
}","class Presenter extends RequestVar[Option[Presenter]](None) {
  private var _current: Option[Presenter] = None

  def current: Option[Presenter] = _current

  def apply(p: Presenter): Unit = {
    _current = Some(p)
    Presenter.this.set(Some(p))
  }

  def clear(): Unit = {
    _current = None
    Presenter.this.set(None)
  }

  def render: NodeSeq = {
    // Default implementation; can be overridden by subclasses
    <div id=""presenter"">No content to display</div>
  }

  def onRender: Unit = {
    // Hook for rendering logic; can be overridden
  }

  def onInit: Unit = {
    // Hook for initialization logic; can be overridden
  }

  def onBeforeRender: Unit = {
    // Hook for pre-rendering logic; can be overridden
  }

  def onAfterRender: Unit = {
    // Hook for post-rendering logic; can be overridden
  }

  def onDispose: Unit = {
    // Hook for cleanup logic; can be overridden
  }

  def onEvent(event: String, params: Map[String, String]): Unit = {
    // Handle custom events"
qwen,Qwen/Qwen3-30B-A3B-Instruct-2507:nebius,scala,GPL-3.0,src::main::g8::src::main::scala::$package$::snippet::Presenter.scala,55,0.4,0,0.0,"object Presenter {
  def render = if(model.Presenter) ""*"" #> Script(
    JsCrVar(""PresenterApi"", JsObj()) &
      SetExp(JsVar(""PresenterApi.goto""), AnonFunc(""id"", SHtml.ajaxCall(JsVar(""id""), {(id:String) =>
        Presentation ! id
      })))
  ) else ClearNodes

  private lazy val passcode:String = {
    val jvmProp = Option(System.getProperty(""presentera.passcode""))
    val envProp = Option(System.getenv(""presentera_passcode""))
    val default = Some(""$passcode$"")

    List(jvmProp, envProp, default).flatten.head
  }

  def login(in:NodeSeq):NodeSeq = {
    for {
      r <- S.request if r.post_? // make sure it's a post
      p <- S.param(""passcode"")
    } {
      if(p == passcode) {
        model.Presenter(true)
        Presentation ! Presentation.Init
        S.redirectTo(""/"")
      }
    }

    in
  }
}

object IfPresenter {
  def render = if(model.Presenter) PassThru else ClearNodes
}

object IfAudience {
  def render = if(model.Presenter) ClearNodes else PassThru
}","class Presenter extends DispatchSnippet {
  def dispatch: DispatchIt = {
    case ""render"" => render
  }

  def render(xhtml: NodeSeq): NodeSeq = {
    // Example implementation: render a simple message
    <div>
      <h1>Welcome to the Presenter</h1>
      <p>This is a sample snippet rendered using Lift.</p>
    </div>
  }
}"
qwen,Qwen/Qwen3-30B-A3B-Instruct-2507:nebius,scala,GPL-3.0,src::main::g8::src::main::scala::$package$::snippet::Presenter.scala,55,0.8,0,0.0,"object Presenter {
  def render = if(model.Presenter) ""*"" #> Script(
    JsCrVar(""PresenterApi"", JsObj()) &
      SetExp(JsVar(""PresenterApi.goto""), AnonFunc(""id"", SHtml.ajaxCall(JsVar(""id""), {(id:String) =>
        Presentation ! id
      })))
  ) else ClearNodes

  private lazy val passcode:String = {
    val jvmProp = Option(System.getProperty(""presentera.passcode""))
    val envProp = Option(System.getenv(""presentera_passcode""))
    val default = Some(""$passcode$"")

    List(jvmProp, envProp, default).flatten.head
  }

  def login(in:NodeSeq):NodeSeq = {
    for {
      r <- S.request if r.post_? // make sure it's a post
      p <- S.param(""passcode"")
    } {
      if(p == passcode) {
        model.Presenter(true)
        Presentation ! Presentation.Init
        S.redirectTo(""/"")
      }
    }

    in
  }
}

object IfPresenter {
  def render = if(model.Presenter) PassThru else ClearNodes
}

object IfAudience {
  def render = if(model.Presenter) ClearNodes else PassThru
}","object Presenter extends Presenter {
  def render: NodeSeq = {
    val content = <div id=""presenter-content"">Loading...</div>
    bind(""presenter"", content,
      ""title"" -> ""Welcome to the Presenter"",
      ""content"" -> <p>This is a dynamic presenter component using LiftWeb.</p>
    )
  }

  def updateContent(html: String): JsCmd = {
    SetHtml(""presenter-content"", Text(html))
  }

  override def doAfterRender: JsCmd = {
    // Initialize any client-side behavior after rendering
    if (isFirstRender) {
      val initCmd = Script(
        """"""console.log(""Presenter component initialized"");""""""
      )
      initCmd
    } else {
      PassThru
    }
  }

  // Handle incoming messages from the client
  def receive: PartialFunction[Any, Unit] = {
    case UpdateContent(html) =>
      // Update the content via JavaScript command
      val cmd = updateContent(html)
      val _ = ajaxCommand(cmd)
  }
}

case class UpdateContent(html: String)"
qwen,Qwen/Qwen3-30B-A3B-Instruct-2507:nebius,scala,GPL-3.0,src::test.scala,183,0.2,0,0.025559105431309903,"    case L.EMGM      ⇒ Some(EMGMCompany.incSalary(com1))
    case L.Direct ⇒ {
      def incSalary(c: Company) = Company(c.depts.map(incSalaryD))
      def incSalaryD(d: Dept) = Dept(d.name, incSalaryE(d.manager), d.units.map(incSalaryU))
      def incSalaryU(du: DUnit): DUnit = du match {
        case DU(d) ⇒ DU(incSalaryD(d))
        case PU(p) ⇒ PU(incSalaryE(p))
      }
      def incSalaryE(e: Employee) = Employee(e.person, incSalaryS(e.salary))
      def incSalaryS(s: Salary) = Salary(s.salary * 110 / 100)

      Some(incSalary(com1))
    }
    case L.None ⇒ {
      def incSalary(c: Company) = Company(c.depts.map(incSalaryD))
      def incSalaryD(d: Dept) = Dept(d.name, incSalaryE(d.manager), d.units.map(incSalaryU))
      def incSalaryU(du: DUnit): DUnit = du match {
        case DU(d) ⇒ DU(incSalaryD(d))
        case PU(p) ⇒ PU(incSalaryE(p))
      }
      def incSalaryE(e: Employee) = Employee(e.person, incSalaryS(e.salary))
      def incSalaryS(s: Salary) = Salary(s.salary * 110 / 100)

      Some(incSalary(com1))
    }
    case _ ⇒ None
  }

  val list1 = (1 until N * N).toList
  val list2 = (1 until N * N + 1).toList

  def geq(lib: L.Value) = lib match {
    case L.None   ⇒ Some(false)
    case L.Direct ⇒ Some(list1.equals(list2))
    case L.LIGD   ⇒ Some(LIGD.geq(list1, list2))
    case L.HLIGD  ⇒ Some(HLIGD.geq(list1, list2))
    case L.EMGM   ⇒ Some(EMGM.geq(list1, list2))
    case _        ⇒ None
  }

  def min(lib: L.Value) = lib match {
    case L.None      ⇒ Some(1)
    case L.LIGD      ⇒ Some(LIGD.min(list2))
    case L.HLIGD     ⇒ Some(HLIGD.foldl(list2)(Int.MaxValue)(scala.math.min))
    case L.EMGM      ⇒ Some(EMGM.min(list2))
    case L.Direct    ⇒ Some(list2.foldLeft(Int.MaxValue)(scala.math.min))
    case L.Shapeless ⇒ Some(ShapelessFun.min(list2))
    case _           ⇒ None
  }
  def sum(lib: L.Value) = lib match {
    case L.None      ⇒ Some(list2.foldLeft(0)(_ + _))
    case L.Direct    ⇒ Some(list2.foldLeft(0)(_ + _))
    case L.LIGD      ⇒ Some(LIGD.foldl(list2)(0)(_ + _))
    case L.HLIGD     ⇒ Some(HLIGD.foldl(list2)(0)(_ + _))
    case L.EMGM      ⇒ Some(EMGM.sum(list2))
    case L.Shapeless ⇒ Some(ShapelessFun.sum(list2))
    case _           ⇒ None
  }

  def bench[A](lib: String, test: String, code: ⇒ Option[A]) = code match {
    case Some(_) ⇒ "" & %15s"".format(time(code))
    case None    ⇒ "" & %15s"".format(""N/A"")
  }

  /* Benchmark configuration */
  val scalameterConfig = config(
    Key.exec.benchRuns -> 150,
    Key.verbose -> false
  ) withWarmer {
      new Warmer.Default
    } withMeasurer {
      new Measurer.IgnoringGC with Measurer.OutlierElimination
    }

  def time[A](a: ⇒ A) = {
    /* This reduces the GC runs during scalameter benchmarking slightly */
    System.gc()
    System.gc()
    val result = scalameterConfig measure { a }
    if (result >= 1)
      (""%.1f ms"".format(result))
    else
      (""%.1f μs"".format(result * 1000.0))
  }

  object L extends Enumeration {
    type L = Value
    val Direct, None, Shapeless, LIGD, HLIGD, EMGM = Value
  }

  val tests = List(
    (""company"", company _),
    (""geq"", geq _),
    (""min"", min _),
    (""sum"", sum _)
  )

  def main(args: Array[String]) {
    printf(""\\begin{tabular}{c"")
    for (lib ← tests) {
      printf(""|r"")
    }
    printf(""}\n"")
    printf(""%-10s"", ""\\bf{test}"")
    for ((testname, test) ← tests) {
      printf("" & %-15s"", ""\\bf{"" + testname + ""}"")
    }
    println(""\\\\"")
    println(""\\hline"")
    for (lib ← L.values) {
      if (lib != L.None) {
        var line = ""%-10s"".format(lib.toString())
        for ((testname, test) ← tests) {
          test(lib) match {
            case Some(result) ⇒ assert(result == test(L.None).get, s""${lib.toString}: $testname failed. Expected ${test(L.None)}, received ${test(lib)}"")
            case None         ⇒ true
          }

          line += bench(lib.toString(), testname, test(lib))
        }
        print(line)
        println(""\\\\"")
      }
    }
    println(""\\end{tabular}"")
  }

}","case L.EMGM ⇒ Some(EMGMCompany.incSalary(com1, 10)(EMGMCompany.rCompany))
    case _      ⇒ None
  }
}"
qwen,Qwen/Qwen3-30B-A3B-Instruct-2507:nebius,scala,GPL-3.0,src::test.scala,183,0.4,0,0.025559105431309903,"    case L.EMGM      ⇒ Some(EMGMCompany.incSalary(com1))
    case L.Direct ⇒ {
      def incSalary(c: Company) = Company(c.depts.map(incSalaryD))
      def incSalaryD(d: Dept) = Dept(d.name, incSalaryE(d.manager), d.units.map(incSalaryU))
      def incSalaryU(du: DUnit): DUnit = du match {
        case DU(d) ⇒ DU(incSalaryD(d))
        case PU(p) ⇒ PU(incSalaryE(p))
      }
      def incSalaryE(e: Employee) = Employee(e.person, incSalaryS(e.salary))
      def incSalaryS(s: Salary) = Salary(s.salary * 110 / 100)

      Some(incSalary(com1))
    }
    case L.None ⇒ {
      def incSalary(c: Company) = Company(c.depts.map(incSalaryD))
      def incSalaryD(d: Dept) = Dept(d.name, incSalaryE(d.manager), d.units.map(incSalaryU))
      def incSalaryU(du: DUnit): DUnit = du match {
        case DU(d) ⇒ DU(incSalaryD(d))
        case PU(p) ⇒ PU(incSalaryE(p))
      }
      def incSalaryE(e: Employee) = Employee(e.person, incSalaryS(e.salary))
      def incSalaryS(s: Salary) = Salary(s.salary * 110 / 100)

      Some(incSalary(com1))
    }
    case _ ⇒ None
  }

  val list1 = (1 until N * N).toList
  val list2 = (1 until N * N + 1).toList

  def geq(lib: L.Value) = lib match {
    case L.None   ⇒ Some(false)
    case L.Direct ⇒ Some(list1.equals(list2))
    case L.LIGD   ⇒ Some(LIGD.geq(list1, list2))
    case L.HLIGD  ⇒ Some(HLIGD.geq(list1, list2))
    case L.EMGM   ⇒ Some(EMGM.geq(list1, list2))
    case _        ⇒ None
  }

  def min(lib: L.Value) = lib match {
    case L.None      ⇒ Some(1)
    case L.LIGD      ⇒ Some(LIGD.min(list2))
    case L.HLIGD     ⇒ Some(HLIGD.foldl(list2)(Int.MaxValue)(scala.math.min))
    case L.EMGM      ⇒ Some(EMGM.min(list2))
    case L.Direct    ⇒ Some(list2.foldLeft(Int.MaxValue)(scala.math.min))
    case L.Shapeless ⇒ Some(ShapelessFun.min(list2))
    case _           ⇒ None
  }
  def sum(lib: L.Value) = lib match {
    case L.None      ⇒ Some(list2.foldLeft(0)(_ + _))
    case L.Direct    ⇒ Some(list2.foldLeft(0)(_ + _))
    case L.LIGD      ⇒ Some(LIGD.foldl(list2)(0)(_ + _))
    case L.HLIGD     ⇒ Some(HLIGD.foldl(list2)(0)(_ + _))
    case L.EMGM      ⇒ Some(EMGM.sum(list2))
    case L.Shapeless ⇒ Some(ShapelessFun.sum(list2))
    case _           ⇒ None
  }

  def bench[A](lib: String, test: String, code: ⇒ Option[A]) = code match {
    case Some(_) ⇒ "" & %15s"".format(time(code))
    case None    ⇒ "" & %15s"".format(""N/A"")
  }

  /* Benchmark configuration */
  val scalameterConfig = config(
    Key.exec.benchRuns -> 150,
    Key.verbose -> false
  ) withWarmer {
      new Warmer.Default
    } withMeasurer {
      new Measurer.IgnoringGC with Measurer.OutlierElimination
    }

  def time[A](a: ⇒ A) = {
    /* This reduces the GC runs during scalameter benchmarking slightly */
    System.gc()
    System.gc()
    val result = scalameterConfig measure { a }
    if (result >= 1)
      (""%.1f ms"".format(result))
    else
      (""%.1f μs"".format(result * 1000.0))
  }

  object L extends Enumeration {
    type L = Value
    val Direct, None, Shapeless, LIGD, HLIGD, EMGM = Value
  }

  val tests = List(
    (""company"", company _),
    (""geq"", geq _),
    (""min"", min _),
    (""sum"", sum _)
  )

  def main(args: Array[String]) {
    printf(""\\begin{tabular}{c"")
    for (lib ← tests) {
      printf(""|r"")
    }
    printf(""}\n"")
    printf(""%-10s"", ""\\bf{test}"")
    for ((testname, test) ← tests) {
      printf("" & %-15s"", ""\\bf{"" + testname + ""}"")
    }
    println(""\\\\"")
    println(""\\hline"")
    for (lib ← L.values) {
      if (lib != L.None) {
        var line = ""%-10s"".format(lib.toString())
        for ((testname, test) ← tests) {
          test(lib) match {
            case Some(result) ⇒ assert(result == test(L.None).get, s""${lib.toString}: $testname failed. Expected ${test(L.None)}, received ${test(lib)}"")
            case None         ⇒ true
          }

          line += bench(lib.toString(), testname, test(lib))
        }
        print(line)
        println(""\\\\"")
      }
    }
    println(""\\end{tabular}"")
  }

}","case L.EMGM ⇒ Some(EMGMCompany.incSalary(com1, 10)(EMGMCompany.rCompany))
    case _      ⇒ None
  }
}"
qwen,Qwen/Qwen3-30B-A3B-Instruct-2507:nebius,scala,GPL-3.0,src::test.scala,183,0.8,0,0.025559105431309903,"    case L.EMGM      ⇒ Some(EMGMCompany.incSalary(com1))
    case L.Direct ⇒ {
      def incSalary(c: Company) = Company(c.depts.map(incSalaryD))
      def incSalaryD(d: Dept) = Dept(d.name, incSalaryE(d.manager), d.units.map(incSalaryU))
      def incSalaryU(du: DUnit): DUnit = du match {
        case DU(d) ⇒ DU(incSalaryD(d))
        case PU(p) ⇒ PU(incSalaryE(p))
      }
      def incSalaryE(e: Employee) = Employee(e.person, incSalaryS(e.salary))
      def incSalaryS(s: Salary) = Salary(s.salary * 110 / 100)

      Some(incSalary(com1))
    }
    case L.None ⇒ {
      def incSalary(c: Company) = Company(c.depts.map(incSalaryD))
      def incSalaryD(d: Dept) = Dept(d.name, incSalaryE(d.manager), d.units.map(incSalaryU))
      def incSalaryU(du: DUnit): DUnit = du match {
        case DU(d) ⇒ DU(incSalaryD(d))
        case PU(p) ⇒ PU(incSalaryE(p))
      }
      def incSalaryE(e: Employee) = Employee(e.person, incSalaryS(e.salary))
      def incSalaryS(s: Salary) = Salary(s.salary * 110 / 100)

      Some(incSalary(com1))
    }
    case _ ⇒ None
  }

  val list1 = (1 until N * N).toList
  val list2 = (1 until N * N + 1).toList

  def geq(lib: L.Value) = lib match {
    case L.None   ⇒ Some(false)
    case L.Direct ⇒ Some(list1.equals(list2))
    case L.LIGD   ⇒ Some(LIGD.geq(list1, list2))
    case L.HLIGD  ⇒ Some(HLIGD.geq(list1, list2))
    case L.EMGM   ⇒ Some(EMGM.geq(list1, list2))
    case _        ⇒ None
  }

  def min(lib: L.Value) = lib match {
    case L.None      ⇒ Some(1)
    case L.LIGD      ⇒ Some(LIGD.min(list2))
    case L.HLIGD     ⇒ Some(HLIGD.foldl(list2)(Int.MaxValue)(scala.math.min))
    case L.EMGM      ⇒ Some(EMGM.min(list2))
    case L.Direct    ⇒ Some(list2.foldLeft(Int.MaxValue)(scala.math.min))
    case L.Shapeless ⇒ Some(ShapelessFun.min(list2))
    case _           ⇒ None
  }
  def sum(lib: L.Value) = lib match {
    case L.None      ⇒ Some(list2.foldLeft(0)(_ + _))
    case L.Direct    ⇒ Some(list2.foldLeft(0)(_ + _))
    case L.LIGD      ⇒ Some(LIGD.foldl(list2)(0)(_ + _))
    case L.HLIGD     ⇒ Some(HLIGD.foldl(list2)(0)(_ + _))
    case L.EMGM      ⇒ Some(EMGM.sum(list2))
    case L.Shapeless ⇒ Some(ShapelessFun.sum(list2))
    case _           ⇒ None
  }

  def bench[A](lib: String, test: String, code: ⇒ Option[A]) = code match {
    case Some(_) ⇒ "" & %15s"".format(time(code))
    case None    ⇒ "" & %15s"".format(""N/A"")
  }

  /* Benchmark configuration */
  val scalameterConfig = config(
    Key.exec.benchRuns -> 150,
    Key.verbose -> false
  ) withWarmer {
      new Warmer.Default
    } withMeasurer {
      new Measurer.IgnoringGC with Measurer.OutlierElimination
    }

  def time[A](a: ⇒ A) = {
    /* This reduces the GC runs during scalameter benchmarking slightly */
    System.gc()
    System.gc()
    val result = scalameterConfig measure { a }
    if (result >= 1)
      (""%.1f ms"".format(result))
    else
      (""%.1f μs"".format(result * 1000.0))
  }

  object L extends Enumeration {
    type L = Value
    val Direct, None, Shapeless, LIGD, HLIGD, EMGM = Value
  }

  val tests = List(
    (""company"", company _),
    (""geq"", geq _),
    (""min"", min _),
    (""sum"", sum _)
  )

  def main(args: Array[String]) {
    printf(""\\begin{tabular}{c"")
    for (lib ← tests) {
      printf(""|r"")
    }
    printf(""}\n"")
    printf(""%-10s"", ""\\bf{test}"")
    for ((testname, test) ← tests) {
      printf("" & %-15s"", ""\\bf{"" + testname + ""}"")
    }
    println(""\\\\"")
    println(""\\hline"")
    for (lib ← L.values) {
      if (lib != L.None) {
        var line = ""%-10s"".format(lib.toString())
        for ((testname, test) ← tests) {
          test(lib) match {
            case Some(result) ⇒ assert(result == test(L.None).get, s""${lib.toString}: $testname failed. Expected ${test(L.None)}, received ${test(lib)}"")
            case None         ⇒ true
          }

          line += bench(lib.toString(), testname, test(lib))
        }
        print(line)
        println(""\\\\"")
      }
    }
    println(""\\end{tabular}"")
  }

}","case L.EMGM ⇒ Some(EMGMCompany.incSalary(com1, 10)(EMGMCompany.rCompany))
    case _      ⇒ None
  }
}"
qwen,Qwen/Qwen3-30B-A3B-Instruct-2507:nebius,scala,GPL-3.0,view-update::src::main::scala::pl::newicom::dddd::view::ViewUpdater.scala,59,0.2,0,0.02564102564102564,"
class ViewUpdater(esConn: ActorRef, val streamId: EventStream.Id, val viewHandler: ViewHandler)
  extends Actor with EventstoreSerializationSupport with ActorLogging {

  @scala.throws[Exception](classOf[Exception])
  override def preStart(): Unit = {
    val lastEvNum: Option[Exact] = lastEventNumber.map(l => Exact(l.toInt))
    context.actorOf(streamSubscription(streamId, lastEvNum), s""${streamId.value}-subscription"")
    log.debug(s""Subscribed to $streamId, lastEventNumber = $lastEvNum"")
  }

  def streamSubscription(streamId: EventStream.Id, lastEventNr: Option[EventNumber]) =
    StreamSubscriptionActor.props(esConn, self, streamId, lastEventNr, resolveLinkTos = true)

  override def receive: Receive = {
    case Failure(NotAuthenticated) =>
      log.error(""Invalid credentials"")
      throw new RuntimeException(""Invalid credentials"")

    case Failure(cause) =>
      throw cause

    case ResolvedEvent(EventRecord(_, _, eventData, _), linkEvent) =>
      val eventNumber = linkEvent.number.value
      toDomainEventMessage(eventData) match {
        case Success(em) =>
          if (!isConsumed(eventNumber)) {
            viewHandler.handle(em, eventNumber)
          }
        case scala.util.Failure(cause) =>
          throw cause
      }
    case e =>
      log.debug(s""RECEIVED: $e"")
  }


  private def isConsumed(eventNumber: Long) = eventNumber <= lastEventNumber.getOrElse(-1L)

  private def lastEventNumber: Option[Long] = viewHandler.lastEventNumber
}","private val viewStream = streamId(OfficeEventStream(officeInfo))

  override def receive: Receive = {
    case UpdateViewRequest(streamId, from, to) =>
      val query = ReadAllEventsForward(from, to, includeEvents = true, includeMetadata = false)
      esConn ! query

    case ReadAllEventsForwardSuccess(events) =>
      val processedEvents = events.collect {
        case EventReadSuccess(event) =>
          viewHandler.handle(event)
      }

      processedEvents.foreach {
        case Success(_) =>
        case Failure(t) =>
          log.error(t, ""Failed to update view for event: {}"", event.eventId)
      }

      sender() ! UpdateViewSuccess

    case ReadAllEventsForwardFailure(cause) =>
      log.error(cause, ""Failed to read events for view update"")
      sender() ! UpdateViewFailure(cause)

    case UpdateViewSuccess =>
      log.info(""View updated successfully"")

    case UpdateViewFailure(cause) =>
      log.error(cause, ""View update failed"")
  }
}"
qwen,Qwen/Qwen3-30B-A3B-Instruct-2507:nebius,scala,GPL-3.0,view-update::src::main::scala::pl::newicom::dddd::view::ViewUpdater.scala,59,0.4,0,0.015873015873015872,"
class ViewUpdater(esConn: ActorRef, val streamId: EventStream.Id, val viewHandler: ViewHandler)
  extends Actor with EventstoreSerializationSupport with ActorLogging {

  @scala.throws[Exception](classOf[Exception])
  override def preStart(): Unit = {
    val lastEvNum: Option[Exact] = lastEventNumber.map(l => Exact(l.toInt))
    context.actorOf(streamSubscription(streamId, lastEvNum), s""${streamId.value}-subscription"")
    log.debug(s""Subscribed to $streamId, lastEventNumber = $lastEvNum"")
  }

  def streamSubscription(streamId: EventStream.Id, lastEventNr: Option[EventNumber]) =
    StreamSubscriptionActor.props(esConn, self, streamId, lastEventNr, resolveLinkTos = true)

  override def receive: Receive = {
    case Failure(NotAuthenticated) =>
      log.error(""Invalid credentials"")
      throw new RuntimeException(""Invalid credentials"")

    case Failure(cause) =>
      throw cause

    case ResolvedEvent(EventRecord(_, _, eventData, _), linkEvent) =>
      val eventNumber = linkEvent.number.value
      toDomainEventMessage(eventData) match {
        case Success(em) =>
          if (!isConsumed(eventNumber)) {
            viewHandler.handle(em, eventNumber)
          }
        case scala.util.Failure(cause) =>
          throw cause
      }
    case e =>
      log.debug(s""RECEIVED: $e"")
  }


  private def isConsumed(eventNumber: Long) = eventNumber <= lastEventNumber.getOrElse(-1L)

  private def lastEventNumber: Option[Long] = viewHandler.lastEventNumber
}","private val viewStream = streamId(OfficeEventStream(officeInfo))

  override def receive: Receive = {
    case UpdateView(aggregateId, version, events) =>
      val update = viewHandler.handle(events)
      val streamId = viewStream
      val eventNumber = Exact(version)

      esConn ! AppendToStream(streamId, eventNumber, update.map(_.toEvent))

      context.become(waitingForAck(streamId, version, events, update, context.sender()))
  }

  private def waitingForAck(streamId: String, version: Long, events: Seq[Event], update: Seq[ViewEvent], replyTo: ActorRef): Receive = {
    case Status.Success(_) =>
      replyTo ! ViewUpdated(aggregateId, version)
      context.unbecome()

    case Failure(cause) =>
      log.error(cause, s""Failed to update view for stream $streamId at version $version"")
      replyTo ! ViewUpdateFailed(aggregateId, version, cause.getMessage)
      context.unbecome()
  }
}"
qwen,Qwen/Qwen3-30B-A3B-Instruct-2507:nebius,scala,GPL-3.0,view-update::src::main::scala::pl::newicom::dddd::view::ViewUpdater.scala,59,0.8,0,0.01694915254237288,"
class ViewUpdater(esConn: ActorRef, val streamId: EventStream.Id, val viewHandler: ViewHandler)
  extends Actor with EventstoreSerializationSupport with ActorLogging {

  @scala.throws[Exception](classOf[Exception])
  override def preStart(): Unit = {
    val lastEvNum: Option[Exact] = lastEventNumber.map(l => Exact(l.toInt))
    context.actorOf(streamSubscription(streamId, lastEvNum), s""${streamId.value}-subscription"")
    log.debug(s""Subscribed to $streamId, lastEventNumber = $lastEvNum"")
  }

  def streamSubscription(streamId: EventStream.Id, lastEventNr: Option[EventNumber]) =
    StreamSubscriptionActor.props(esConn, self, streamId, lastEventNr, resolveLinkTos = true)

  override def receive: Receive = {
    case Failure(NotAuthenticated) =>
      log.error(""Invalid credentials"")
      throw new RuntimeException(""Invalid credentials"")

    case Failure(cause) =>
      throw cause

    case ResolvedEvent(EventRecord(_, _, eventData, _), linkEvent) =>
      val eventNumber = linkEvent.number.value
      toDomainEventMessage(eventData) match {
        case Success(em) =>
          if (!isConsumed(eventNumber)) {
            viewHandler.handle(em, eventNumber)
          }
        case scala.util.Failure(cause) =>
          throw cause
      }
    case e =>
      log.debug(s""RECEIVED: $e"")
  }


  private def isConsumed(eventNumber: Long) = eventNumber <= lastEventNumber.getOrElse(-1L)

  private def lastEventNumber: Option[Long] = viewHandler.lastEventNumber
}","private val viewStreamId = streamId(OfficeEventStream(officeInfo))

  override def receive: Receive = {
    case UpdateView =>
      esConn ! ReadStreamEventsForward(viewStreamId, 0, Long.MaxValue, true)
    case ReadStreamEventsSuccess(events) =>
      val updatedEvents = events
        .sortBy(_.event.eventNumber)
        .map { e =>
          viewHandler.handle(ReadEvent(e.event, e.event.eventNumber, e.event.eventType, e.event.data))
        }
      updatedEvents.foreach {
        case Success(_) =>
        case Failure(t) =>
          log.error(t, ""Error updating view"")
      }
      context.become(processing)
    case ReadStreamEventsFailure(cause) =>
      log.error(cause, ""Failed to read events for view update"")
      context.stop(self)
  }

  private val processing: Receive = {
    case UpdateView =>
      // Skip updates while processing
    case _ =>
      // Ignore other messages during processing
  }
}"
qwen,Qwen/Qwen3-30B-A3B-Instruct-2507:nebius,scala,GPL-3.0,monix-tail::shared::src::main::scala::monix::tail::internal::IterantRepeat.scala,116,0.2,0,0.11304347826086956,"      case _ =>
        Suspend(F.delay { new Loop[F, A](source).cycle() })
    }

  private def repeatOne[F[_], A](item: A)(implicit F: Sync[F]): Iterant[F, A] = {
    val batch = new GenericBatch[A] {
      def cursor(): BatchCursor[A] =
        new GenericCursor[A] {
          def hasNext(): Boolean = true
          def next(): A = item
          def recommendedBatchSize: Int =
            Platform.recommendedBatchSize
        }
    }
    NextBatch(batch, F.pure(Iterant.empty))
  }

  private final class Loop[F[_], A](source: Iterant[F, A])(implicit F: Sync[F])
    extends Iterant.Visitor[F, A, Iterant[F, A]] {

    private[this] var hasElements = false
    private[this] val repeatTask = F.delay {
      if (hasElements)
        cycle()
      else
        Iterant.empty[F, A]
    }

    def cycle(): Iterant[F, A] = {
      Concat(F.pure(apply(source)), repeatTask)
    }

    override def visit(ref: Next[F, A]): Iterant[F, A] = {
      hasElements = true
      ref
    }

    override def visit(ref: NextBatch[F, A]): Iterant[F, A] = {
      if (hasElements)
        ref
      else
        visit(NextCursor(ref.batch.cursor(), ref.rest))
    }

    override def visit(ref: NextCursor[F, A]): Iterant[F, A] = {
      hasElements = hasElements || !ref.cursor.isEmpty
      if (hasElements)
        ref
      else
        Suspend(ref.rest.map(this))
    }

    override def visit(ref: Suspend[F, A]): Iterant[F, A] =
      Suspend(ref.rest.map(this))

    override def visit(ref: Concat[F, A]): Iterant[F, A] = {
      if (hasElements)
        ref
      else
        Concat(ref.lh.map(this), ref.rh.map(this))
    }

    override def visit[S](ref: Scope[F, S, A]): Iterant[F, A] = {
      if (hasElements)
        ref
      else
        ref.runMap(this)
    }

    override def visit(ref: Last[F, A]): Iterant[F, A] = {
      hasElements = true
      ref
    }

    override def visit(ref: Halt[F, A]): Iterant[F, A] =
      ref

    override def fail(e: Throwable): Iterant[F, A] =
      Iterant.raiseError(e)
  }
}","case Next(item, rest) => Next(item, repeat(rest))
      case NextBatch(batch, rest) => NextBatch(batch, repeat(rest))
      case NextCursor(cursor, rest) => NextCursor(cursor, repeat(rest))
      case Suspend(fa) => Suspend(F.flatMap(fa)(repeat))
      case Concat(left, right) => Concat(repeat(left), repeat(right))
      case Scope(s, rest) => Scope(s, repeat(rest))
    }

  private def repeatOne[F[_], A](item: A)(implicit F: Sync[F]): Iterant[F, A] =
    Next(item, Suspend(F.pure(repeatOne(item))))

  private def repeat[F[_], A](source: Iterant[F, A])(implicit F: Sync[F]): Iterant[F, A] =
    source match {
      case Halt(e) => Halt(e)
      case Last(item) => repeatOne(item)
      case Next(item, rest) => Next(item, repeat(rest))
      case NextBatch(batch, rest) => NextBatch(batch, repeat(rest))
      case NextCursor(cursor, rest) => NextCursor(cursor, repeat(rest))
      case Suspend(fa) => Suspend(F.flatMap(fa)(repeat))
      case"
qwen,Qwen/Qwen3-30B-A3B-Instruct-2507:nebius,scala,GPL-3.0,monix-tail::shared::src::main::scala::monix::tail::internal::IterantRepeat.scala,116,0.4,0,0.09734513274336283,"      case _ =>
        Suspend(F.delay { new Loop[F, A](source).cycle() })
    }

  private def repeatOne[F[_], A](item: A)(implicit F: Sync[F]): Iterant[F, A] = {
    val batch = new GenericBatch[A] {
      def cursor(): BatchCursor[A] =
        new GenericCursor[A] {
          def hasNext(): Boolean = true
          def next(): A = item
          def recommendedBatchSize: Int =
            Platform.recommendedBatchSize
        }
    }
    NextBatch(batch, F.pure(Iterant.empty))
  }

  private final class Loop[F[_], A](source: Iterant[F, A])(implicit F: Sync[F])
    extends Iterant.Visitor[F, A, Iterant[F, A]] {

    private[this] var hasElements = false
    private[this] val repeatTask = F.delay {
      if (hasElements)
        cycle()
      else
        Iterant.empty[F, A]
    }

    def cycle(): Iterant[F, A] = {
      Concat(F.pure(apply(source)), repeatTask)
    }

    override def visit(ref: Next[F, A]): Iterant[F, A] = {
      hasElements = true
      ref
    }

    override def visit(ref: NextBatch[F, A]): Iterant[F, A] = {
      if (hasElements)
        ref
      else
        visit(NextCursor(ref.batch.cursor(), ref.rest))
    }

    override def visit(ref: NextCursor[F, A]): Iterant[F, A] = {
      hasElements = hasElements || !ref.cursor.isEmpty
      if (hasElements)
        ref
      else
        Suspend(ref.rest.map(this))
    }

    override def visit(ref: Suspend[F, A]): Iterant[F, A] =
      Suspend(ref.rest.map(this))

    override def visit(ref: Concat[F, A]): Iterant[F, A] = {
      if (hasElements)
        ref
      else
        Concat(ref.lh.map(this), ref.rh.map(this))
    }

    override def visit[S](ref: Scope[F, S, A]): Iterant[F, A] = {
      if (hasElements)
        ref
      else
        ref.runMap(this)
    }

    override def visit(ref: Last[F, A]): Iterant[F, A] = {
      hasElements = true
      ref
    }

    override def visit(ref: Halt[F, A]): Iterant[F, A] =
      ref

    override def fail(e: Throwable): Iterant[F, A] =
      Iterant.raiseError(e)
  }
}","case Next(item, rest) => Next(item, repeat(rest))
      case NextBatch(batch, rest) => NextBatch(batch, repeat(rest))
      case NextCursor(cursor, rest) => NextCursor(cursor, repeat(rest))
      case Suspend(fa) => Suspend(F.flatMap(fa)(repeat))
      case Concat(left, right) => Concat(repeat(left), repeat(right))
      case Scope(s, fa, rest) => Scope(s, fa, repeat(rest))
      case _ => source
    }

  private def repeatOne[F[_], A](item: A)(implicit F: Sync[F]): Iterant[F, A] =
    Next(item, Suspend(F.pure(repeatOne(item))))

  private def repeat[F[_], A](source: Iterant[F, A])(implicit F: Sync[F]): Iterant[F, A] =
    source match {
      case Halt(_) => source
      case Last(item) => repeatOne(item)
      case Next(item, rest) => Next(item, repeat(rest))
      case NextBatch(batch, rest) => NextBatch(batch, repeat(rest))
      case NextCursor(cursor, rest) => NextCursor(cursor, repeat(rest))
      case Suspend(fa) => Suspend(F.flatMap"
qwen,Qwen/Qwen3-30B-A3B-Instruct-2507:nebius,scala,GPL-3.0,monix-tail::shared::src::main::scala::monix::tail::internal::IterantRepeat.scala,116,0.8,0,0.03431372549019608,"      case _ =>
        Suspend(F.delay { new Loop[F, A](source).cycle() })
    }

  private def repeatOne[F[_], A](item: A)(implicit F: Sync[F]): Iterant[F, A] = {
    val batch = new GenericBatch[A] {
      def cursor(): BatchCursor[A] =
        new GenericCursor[A] {
          def hasNext(): Boolean = true
          def next(): A = item
          def recommendedBatchSize: Int =
            Platform.recommendedBatchSize
        }
    }
    NextBatch(batch, F.pure(Iterant.empty))
  }

  private final class Loop[F[_], A](source: Iterant[F, A])(implicit F: Sync[F])
    extends Iterant.Visitor[F, A, Iterant[F, A]] {

    private[this] var hasElements = false
    private[this] val repeatTask = F.delay {
      if (hasElements)
        cycle()
      else
        Iterant.empty[F, A]
    }

    def cycle(): Iterant[F, A] = {
      Concat(F.pure(apply(source)), repeatTask)
    }

    override def visit(ref: Next[F, A]): Iterant[F, A] = {
      hasElements = true
      ref
    }

    override def visit(ref: NextBatch[F, A]): Iterant[F, A] = {
      if (hasElements)
        ref
      else
        visit(NextCursor(ref.batch.cursor(), ref.rest))
    }

    override def visit(ref: NextCursor[F, A]): Iterant[F, A] = {
      hasElements = hasElements || !ref.cursor.isEmpty
      if (hasElements)
        ref
      else
        Suspend(ref.rest.map(this))
    }

    override def visit(ref: Suspend[F, A]): Iterant[F, A] =
      Suspend(ref.rest.map(this))

    override def visit(ref: Concat[F, A]): Iterant[F, A] = {
      if (hasElements)
        ref
      else
        Concat(ref.lh.map(this), ref.rh.map(this))
    }

    override def visit[S](ref: Scope[F, S, A]): Iterant[F, A] = {
      if (hasElements)
        ref
      else
        ref.runMap(this)
    }

    override def visit(ref: Last[F, A]): Iterant[F, A] = {
      hasElements = true
      ref
    }

    override def visit(ref: Halt[F, A]): Iterant[F, A] =
      ref

    override def fail(e: Throwable): Iterant[F, A] =
      Iterant.raiseError(e)
  }
}","case Next(item, rest) => Next(item, Suspend(F.delay(apply(rest.value))))
      case NextBatch(batch, rest) => NextBatch(batch, Suspend(F.delay(apply(rest.value))))
      case NextCursor(cursor, rest) => NextCursor(cursor, Suspend(F.delay(apply(rest.value))))
      case Concat(left, right) => Concat(left, Suspend(F.delay(apply(right.value))))
      case Scope(scope, rest) => Scope(scope, Suspend(F.delay(apply(rest.value))))
      case Suspend(f) => Suspend(F.delay(apply(f.value)))
    }"
qwen,Qwen/Qwen3-30B-A3B-Instruct-2507:nebius,scala,GPL-3.0,external::kafka-0-10-sql::src::main::scala::org::apache::spark::sql::kafka010::KafkaSource.scala,288,0.2,0,0.0,"  private val maxOffsetsPerTrigger =
    sourceOptions.get(MAX_OFFSET_PER_TRIGGER).map(_.toLong)

  private val includeHeaders =
    sourceOptions.getOrElse(INCLUDE_HEADERS, ""false"").toBoolean

  /**
   * Lazily initialize `initialPartitionOffsets` to make sure that `KafkaConsumer.poll` is only
   * called in StreamExecutionThread. Otherwise, interrupting a thread while running
   * `KafkaConsumer.poll` may hang forever (KAFKA-1894).
   */
  private lazy val initialPartitionOffsets = {
    val metadataLog = new KafkaSourceInitialOffsetWriter(sqlContext.sparkSession, metadataPath)
    metadataLog.get(0).getOrElse {
      val offsets = startingOffsets match {
        case EarliestOffsetRangeLimit => KafkaSourceOffset(kafkaReader.fetchEarliestOffsets())
        case LatestOffsetRangeLimit => KafkaSourceOffset(kafkaReader.fetchLatestOffsets(None))
        case SpecificOffsetRangeLimit(p) => kafkaReader.fetchSpecificOffsets(p, reportDataLoss)
        case SpecificTimestampRangeLimit(p) =>
          kafkaReader.fetchSpecificTimestampBasedOffsets(p, failsOnNoMatchingOffset = true)
      }
      metadataLog.add(0, offsets)
      logInfo(s""Initial offsets: $offsets"")
      offsets
    }.partitionToOffsets
  }

  override def getDefaultReadLimit: ReadLimit = {
    maxOffsetsPerTrigger.map(ReadLimit.maxRows).getOrElse(super.getDefaultReadLimit)
  }

  // The offsets for each topic-partition currently read to process. Note this maybe not necessarily
  // to be latest offsets because we possibly apply a read limit.
  private var currentPartitionOffsets: Option[Map[TopicPartition, Long]] = None

  // The latest offsets for each topic-partition.
  private var latestPartitionOffsets: Option[Map[TopicPartition, Long]] = None

  private val converter = new KafkaRecordToRowConverter()

  override def schema: StructType = KafkaRecordToRowConverter.kafkaSchema(includeHeaders)

  /** Returns the maximum available offset for this source. */
  override def getOffset: Option[Offset] = {
    throw new UnsupportedOperationException(
      ""latestOffset(Offset, ReadLimit) should be called instead of this method"")
  }

  override def reportLatestOffset(): streaming.Offset = {
    latestPartitionOffsets.map(KafkaSourceOffset(_)).getOrElse(null)
  }

  override def latestOffset(startOffset: streaming.Offset, limit: ReadLimit): streaming.Offset = {
    // Make sure initialPartitionOffsets is initialized
    initialPartitionOffsets

    val latest = kafkaReader.fetchLatestOffsets(
      currentPartitionOffsets.orElse(Some(initialPartitionOffsets)))
    val offsets = limit match {
      case rows: ReadMaxRows =>
        if (currentPartitionOffsets.isEmpty) {
          rateLimit(rows.maxRows(), initialPartitionOffsets, latest)
        } else {
          rateLimit(rows.maxRows(), currentPartitionOffsets.get, latest)
        }
      case _: ReadAllAvailable =>
        latest
    }

    currentPartitionOffsets = Some(offsets)
    latestPartitionOffsets = Some(latest)
    logDebug(s""GetOffset: ${offsets.toSeq.map(_.toString).sorted}"")
    KafkaSourceOffset(offsets)
  }

  /** Proportionally distribute limit number of offsets among topicpartitions */
  private def rateLimit(
      limit: Long,
      from: Map[TopicPartition, Long],
      until: Map[TopicPartition, Long]): Map[TopicPartition, Long] = {
    lazy val fromNew = kafkaReader.fetchEarliestOffsets(until.keySet.diff(from.keySet).toSeq)
    val sizes = until.flatMap {
      case (tp, end) =>
        // If begin isn't defined, something's wrong, but let alert logic in getBatch handle it
        from.get(tp).orElse(fromNew.get(tp)).flatMap { begin =>
          val size = end - begin
          logDebug(s""rateLimit $tp size is $size"")
          if (size > 0) Some(tp -> size) else None
        }
    }
    val total = sizes.values.sum.toDouble
    if (total < 1) {
      until
    } else {
      until.map {
        case (tp, end) =>
          tp -> sizes.get(tp).map { size =>
            val begin = from.getOrElse(tp, fromNew(tp))
            val prorate = limit * (size / total)
            logDebug(s""rateLimit $tp prorated amount is $prorate"")
            // Don't completely starve small topicpartitions
            val prorateLong = (if (prorate < 1) Math.ceil(prorate) else Math.floor(prorate)).toLong
            // need to be careful of integer overflow
            // therefore added canary checks where to see if off variable could be overflowed
            // refer to [https://issues.apache.org/jira/browse/SPARK-26718]
            val off = if (prorateLong > Long.MaxValue - begin) {
              Long.MaxValue
            } else {
              begin + prorateLong
            }
            logDebug(s""rateLimit $tp new offset is $off"")
            // Paranoia, make sure not to return an offset that's past end
            Math.min(end, off)
          }.getOrElse(end)
      }
    }
  }

  /**
   * Returns the data that is between the offsets
   * [`start.get.partitionToOffsets`, `end.partitionToOffsets`), i.e. end.partitionToOffsets is
   * exclusive.
   */
  override def getBatch(start: Option[Offset], end: Offset): DataFrame = {
    // Make sure initialPartitionOffsets is initialized
    initialPartitionOffsets

    logInfo(s""GetBatch called with start = $start, end = $end"")
    val untilPartitionOffsets = KafkaSourceOffset.getPartitionOffsets(end)
    // On recovery, getBatch will get called before getOffset
    if (currentPartitionOffsets.isEmpty) {
      currentPartitionOffsets = Some(untilPartitionOffsets)
    }
    if (start.isDefined && start.get == end) {
      return sqlContext.internalCreateDataFrame(
        sqlContext.sparkContext.emptyRDD[InternalRow].setName(""empty""), schema, isStreaming = true)
    }
    val fromPartitionOffsets = start match {
      case Some(prevBatchEndOffset) =>
        KafkaSourceOffset.getPartitionOffsets(prevBatchEndOffset)
      case None =>
        initialPartitionOffsets
    }

    val offsetRanges = kafkaReader.getOffsetRangesFromResolvedOffsets(
      fromPartitionOffsets,
      untilPartitionOffsets,
      reportDataLoss)

    // Create an RDD that reads from Kafka and get the (key, value) pair as byte arrays.
    val rdd = if (includeHeaders) {
      new KafkaSourceRDD(
        sc, executorKafkaParams, offsetRanges, pollTimeoutMs, failOnDataLoss)
        .map(converter.toInternalRowWithHeaders)
    } else {
      new KafkaSourceRDD(
        sc, executorKafkaParams, offsetRanges, pollTimeoutMs, failOnDataLoss)
        .map(converter.toInternalRowWithoutHeaders)
    }

    logInfo(""GetBatch generating RDD of offset range: "" +
      offsetRanges.sortBy(_.topicPartition.toString).mkString("", ""))

    sqlContext.internalCreateDataFrame(rdd.setName(""kafka""), schema, isStreaming = true)
  }

  /** Stop this source and free any resources it has allocated. */
  override def stop(): Unit = synchronized {
    kafkaReader.close()
  }

  override def toString(): String = s""KafkaSourceV1[$kafkaReader]""

  /**
   * If `failOnDataLoss` is true, this method will throw an `IllegalStateException`.
   * Otherwise, just log a warning.
   */
  private def reportDataLoss(message: String): Unit = {
    if (failOnDataLoss) {
      throw new IllegalStateException(message + s"". $INSTRUCTION_FOR_FAIL_ON_DATA_LOSS_TRUE"")
    } else {
      logWarning(message + s"". $INSTRUCTION_FOR_FAIL_ON_DATA_LOSS_FALSE"")
    }
  }
}

/** Companion object for the [[KafkaSource]]. */
private[kafka010] object KafkaSource {
  def getSortedExecutorList(sc: SparkContext): Array[String] = {
    val bm = sc.env.blockManager
    bm.master.getPeers(bm.blockManagerId).toArray
      .map(x => ExecutorCacheTaskLocation(x.host, x.executorId))
      .sortWith(compare)
      .map(_.toString)
  }

  private def compare(a: ExecutorCacheTaskLocation, b: ExecutorCacheTaskLocation): Boolean = {
    if (a.host == b.host) { a.executorId > b.executorId } else { a.host > b.host }
  }

}","private val kafkaParams = new ju.HashMap[String, Object](executorKafkaParams)
  kafkaParams.put(""enable.auto.commit"", false: java.lang.Boolean)
  kafkaParams.put(""auto.offset.reset"", ""latest"": String)

  private val startingOffsetsMap = startingOffsets match {
    case KafkaOffsetRangeLimit.Latest => kafkaReader.getLatestOffsets()
    case KafkaOffsetRangeLimit.Earliest => kafkaReader.getEarliestOffsets()
    case KafkaOffsetRangeLimit.FromOffset(offsets) => offsets
    case KafkaOffsetRangeLimit.SpecificOffsets(offsets) => offsets
  }

  private var currentOffset: KafkaSourceOffset = new KafkaSourceOffset(startingOffsetsMap)

  private val kafkaSourceRDD = new KafkaSourceRDD(
    sc,
    kafkaParams,
    sourceOptions,
    currentOffset.offsets,
    pollTimeoutMs,
    failOnDataLoss)

  override def getOffset: Option[Offset] = {
    val latestOffsets = kafkaReader.getLatestOffsets()
    val newOffset = new KafkaSourceOffset(latestOffsets)
    if (newOffset != currentOffset) {
      currentOffset = newOffset
    }
    Some(currentOffset)
  }

  override def getBatch(startOffset: Option[Offset], endOffset"
qwen,Qwen/Qwen3-30B-A3B-Instruct-2507:nebius,scala,GPL-3.0,external::kafka-0-10-sql::src::main::scala::org::apache::spark::sql::kafka010::KafkaSource.scala,288,0.4,0,0.05232558139534884,"  private val maxOffsetsPerTrigger =
    sourceOptions.get(MAX_OFFSET_PER_TRIGGER).map(_.toLong)

  private val includeHeaders =
    sourceOptions.getOrElse(INCLUDE_HEADERS, ""false"").toBoolean

  /**
   * Lazily initialize `initialPartitionOffsets` to make sure that `KafkaConsumer.poll` is only
   * called in StreamExecutionThread. Otherwise, interrupting a thread while running
   * `KafkaConsumer.poll` may hang forever (KAFKA-1894).
   */
  private lazy val initialPartitionOffsets = {
    val metadataLog = new KafkaSourceInitialOffsetWriter(sqlContext.sparkSession, metadataPath)
    metadataLog.get(0).getOrElse {
      val offsets = startingOffsets match {
        case EarliestOffsetRangeLimit => KafkaSourceOffset(kafkaReader.fetchEarliestOffsets())
        case LatestOffsetRangeLimit => KafkaSourceOffset(kafkaReader.fetchLatestOffsets(None))
        case SpecificOffsetRangeLimit(p) => kafkaReader.fetchSpecificOffsets(p, reportDataLoss)
        case SpecificTimestampRangeLimit(p) =>
          kafkaReader.fetchSpecificTimestampBasedOffsets(p, failsOnNoMatchingOffset = true)
      }
      metadataLog.add(0, offsets)
      logInfo(s""Initial offsets: $offsets"")
      offsets
    }.partitionToOffsets
  }

  override def getDefaultReadLimit: ReadLimit = {
    maxOffsetsPerTrigger.map(ReadLimit.maxRows).getOrElse(super.getDefaultReadLimit)
  }

  // The offsets for each topic-partition currently read to process. Note this maybe not necessarily
  // to be latest offsets because we possibly apply a read limit.
  private var currentPartitionOffsets: Option[Map[TopicPartition, Long]] = None

  // The latest offsets for each topic-partition.
  private var latestPartitionOffsets: Option[Map[TopicPartition, Long]] = None

  private val converter = new KafkaRecordToRowConverter()

  override def schema: StructType = KafkaRecordToRowConverter.kafkaSchema(includeHeaders)

  /** Returns the maximum available offset for this source. */
  override def getOffset: Option[Offset] = {
    throw new UnsupportedOperationException(
      ""latestOffset(Offset, ReadLimit) should be called instead of this method"")
  }

  override def reportLatestOffset(): streaming.Offset = {
    latestPartitionOffsets.map(KafkaSourceOffset(_)).getOrElse(null)
  }

  override def latestOffset(startOffset: streaming.Offset, limit: ReadLimit): streaming.Offset = {
    // Make sure initialPartitionOffsets is initialized
    initialPartitionOffsets

    val latest = kafkaReader.fetchLatestOffsets(
      currentPartitionOffsets.orElse(Some(initialPartitionOffsets)))
    val offsets = limit match {
      case rows: ReadMaxRows =>
        if (currentPartitionOffsets.isEmpty) {
          rateLimit(rows.maxRows(), initialPartitionOffsets, latest)
        } else {
          rateLimit(rows.maxRows(), currentPartitionOffsets.get, latest)
        }
      case _: ReadAllAvailable =>
        latest
    }

    currentPartitionOffsets = Some(offsets)
    latestPartitionOffsets = Some(latest)
    logDebug(s""GetOffset: ${offsets.toSeq.map(_.toString).sorted}"")
    KafkaSourceOffset(offsets)
  }

  /** Proportionally distribute limit number of offsets among topicpartitions */
  private def rateLimit(
      limit: Long,
      from: Map[TopicPartition, Long],
      until: Map[TopicPartition, Long]): Map[TopicPartition, Long] = {
    lazy val fromNew = kafkaReader.fetchEarliestOffsets(until.keySet.diff(from.keySet).toSeq)
    val sizes = until.flatMap {
      case (tp, end) =>
        // If begin isn't defined, something's wrong, but let alert logic in getBatch handle it
        from.get(tp).orElse(fromNew.get(tp)).flatMap { begin =>
          val size = end - begin
          logDebug(s""rateLimit $tp size is $size"")
          if (size > 0) Some(tp -> size) else None
        }
    }
    val total = sizes.values.sum.toDouble
    if (total < 1) {
      until
    } else {
      until.map {
        case (tp, end) =>
          tp -> sizes.get(tp).map { size =>
            val begin = from.getOrElse(tp, fromNew(tp))
            val prorate = limit * (size / total)
            logDebug(s""rateLimit $tp prorated amount is $prorate"")
            // Don't completely starve small topicpartitions
            val prorateLong = (if (prorate < 1) Math.ceil(prorate) else Math.floor(prorate)).toLong
            // need to be careful of integer overflow
            // therefore added canary checks where to see if off variable could be overflowed
            // refer to [https://issues.apache.org/jira/browse/SPARK-26718]
            val off = if (prorateLong > Long.MaxValue - begin) {
              Long.MaxValue
            } else {
              begin + prorateLong
            }
            logDebug(s""rateLimit $tp new offset is $off"")
            // Paranoia, make sure not to return an offset that's past end
            Math.min(end, off)
          }.getOrElse(end)
      }
    }
  }

  /**
   * Returns the data that is between the offsets
   * [`start.get.partitionToOffsets`, `end.partitionToOffsets`), i.e. end.partitionToOffsets is
   * exclusive.
   */
  override def getBatch(start: Option[Offset], end: Offset): DataFrame = {
    // Make sure initialPartitionOffsets is initialized
    initialPartitionOffsets

    logInfo(s""GetBatch called with start = $start, end = $end"")
    val untilPartitionOffsets = KafkaSourceOffset.getPartitionOffsets(end)
    // On recovery, getBatch will get called before getOffset
    if (currentPartitionOffsets.isEmpty) {
      currentPartitionOffsets = Some(untilPartitionOffsets)
    }
    if (start.isDefined && start.get == end) {
      return sqlContext.internalCreateDataFrame(
        sqlContext.sparkContext.emptyRDD[InternalRow].setName(""empty""), schema, isStreaming = true)
    }
    val fromPartitionOffsets = start match {
      case Some(prevBatchEndOffset) =>
        KafkaSourceOffset.getPartitionOffsets(prevBatchEndOffset)
      case None =>
        initialPartitionOffsets
    }

    val offsetRanges = kafkaReader.getOffsetRangesFromResolvedOffsets(
      fromPartitionOffsets,
      untilPartitionOffsets,
      reportDataLoss)

    // Create an RDD that reads from Kafka and get the (key, value) pair as byte arrays.
    val rdd = if (includeHeaders) {
      new KafkaSourceRDD(
        sc, executorKafkaParams, offsetRanges, pollTimeoutMs, failOnDataLoss)
        .map(converter.toInternalRowWithHeaders)
    } else {
      new KafkaSourceRDD(
        sc, executorKafkaParams, offsetRanges, pollTimeoutMs, failOnDataLoss)
        .map(converter.toInternalRowWithoutHeaders)
    }

    logInfo(""GetBatch generating RDD of offset range: "" +
      offsetRanges.sortBy(_.topicPartition.toString).mkString("", ""))

    sqlContext.internalCreateDataFrame(rdd.setName(""kafka""), schema, isStreaming = true)
  }

  /** Stop this source and free any resources it has allocated. */
  override def stop(): Unit = synchronized {
    kafkaReader.close()
  }

  override def toString(): String = s""KafkaSourceV1[$kafkaReader]""

  /**
   * If `failOnDataLoss` is true, this method will throw an `IllegalStateException`.
   * Otherwise, just log a warning.
   */
  private def reportDataLoss(message: String): Unit = {
    if (failOnDataLoss) {
      throw new IllegalStateException(message + s"". $INSTRUCTION_FOR_FAIL_ON_DATA_LOSS_TRUE"")
    } else {
      logWarning(message + s"". $INSTRUCTION_FOR_FAIL_ON_DATA_LOSS_FALSE"")
    }
  }
}

/** Companion object for the [[KafkaSource]]. */
private[kafka010] object KafkaSource {
  def getSortedExecutorList(sc: SparkContext): Array[String] = {
    val bm = sc.env.blockManager
    bm.master.getPeers(bm.blockManagerId).toArray
      .map(x => ExecutorCacheTaskLocation(x.host, x.executorId))
      .sortWith(compare)
      .map(_.toString)
  }

  private def compare(a: ExecutorCacheTaskLocation, b: ExecutorCacheTaskLocation): Boolean = {
    if (a.host == b.host) { a.executorId > b.executorId } else { a.host > b.host }
  }

}","private val kafkaParams = new ju.HashMap[String, Object](executorKafkaParams)
  private val topicPartitions = new ju.HashSet[TopicPartition]

  private val kafkaConsumer = new KafkaConsumerWrapper(kafkaParams, pollTimeoutMs)

  private var currentOffset: KafkaSourceOffset = _

  private var lastOffset: KafkaSourceOffset = _

  private var currentBatchId: Long = -1

  private var lastBatchId: Long = -1

  private var isInitialized = false

  private var isClosed = false

  private val maxRowsPerBatch = sourceOptions
    .get(READ_MAX_ROWS)
    .map(_.toLong)
    .getOrElse(Long.MaxValue)

  private val readLimit = sourceOptions
    .get(READ_LIMIT)
    .map(ReadLimit.fromString)
    .getOrElse(ReadAllAvailable)

  private val maxRowsPerPartition = sourceOptions
    .get(READ_MAX_ROWS_PER_PARTITION)
    .map(_.toLong)
    .getOrElse(Long.MaxValue)

  private val maxOffsetsPerPartition = sourceOptions
    .get(READ_MAX_OFFSETS_PER_PARTITION)
    .map(_.toInt)
    .getOrElse(Int.MaxValue)

  private val maxOffsetsPerPartitionPerBatch = sourceOptions"
qwen,Qwen/Qwen3-30B-A3B-Instruct-2507:nebius,scala,GPL-3.0,external::kafka-0-10-sql::src::main::scala::org::apache::spark::sql::kafka010::KafkaSource.scala,288,0.8,0,0.022535211267605635,"  private val maxOffsetsPerTrigger =
    sourceOptions.get(MAX_OFFSET_PER_TRIGGER).map(_.toLong)

  private val includeHeaders =
    sourceOptions.getOrElse(INCLUDE_HEADERS, ""false"").toBoolean

  /**
   * Lazily initialize `initialPartitionOffsets` to make sure that `KafkaConsumer.poll` is only
   * called in StreamExecutionThread. Otherwise, interrupting a thread while running
   * `KafkaConsumer.poll` may hang forever (KAFKA-1894).
   */
  private lazy val initialPartitionOffsets = {
    val metadataLog = new KafkaSourceInitialOffsetWriter(sqlContext.sparkSession, metadataPath)
    metadataLog.get(0).getOrElse {
      val offsets = startingOffsets match {
        case EarliestOffsetRangeLimit => KafkaSourceOffset(kafkaReader.fetchEarliestOffsets())
        case LatestOffsetRangeLimit => KafkaSourceOffset(kafkaReader.fetchLatestOffsets(None))
        case SpecificOffsetRangeLimit(p) => kafkaReader.fetchSpecificOffsets(p, reportDataLoss)
        case SpecificTimestampRangeLimit(p) =>
          kafkaReader.fetchSpecificTimestampBasedOffsets(p, failsOnNoMatchingOffset = true)
      }
      metadataLog.add(0, offsets)
      logInfo(s""Initial offsets: $offsets"")
      offsets
    }.partitionToOffsets
  }

  override def getDefaultReadLimit: ReadLimit = {
    maxOffsetsPerTrigger.map(ReadLimit.maxRows).getOrElse(super.getDefaultReadLimit)
  }

  // The offsets for each topic-partition currently read to process. Note this maybe not necessarily
  // to be latest offsets because we possibly apply a read limit.
  private var currentPartitionOffsets: Option[Map[TopicPartition, Long]] = None

  // The latest offsets for each topic-partition.
  private var latestPartitionOffsets: Option[Map[TopicPartition, Long]] = None

  private val converter = new KafkaRecordToRowConverter()

  override def schema: StructType = KafkaRecordToRowConverter.kafkaSchema(includeHeaders)

  /** Returns the maximum available offset for this source. */
  override def getOffset: Option[Offset] = {
    throw new UnsupportedOperationException(
      ""latestOffset(Offset, ReadLimit) should be called instead of this method"")
  }

  override def reportLatestOffset(): streaming.Offset = {
    latestPartitionOffsets.map(KafkaSourceOffset(_)).getOrElse(null)
  }

  override def latestOffset(startOffset: streaming.Offset, limit: ReadLimit): streaming.Offset = {
    // Make sure initialPartitionOffsets is initialized
    initialPartitionOffsets

    val latest = kafkaReader.fetchLatestOffsets(
      currentPartitionOffsets.orElse(Some(initialPartitionOffsets)))
    val offsets = limit match {
      case rows: ReadMaxRows =>
        if (currentPartitionOffsets.isEmpty) {
          rateLimit(rows.maxRows(), initialPartitionOffsets, latest)
        } else {
          rateLimit(rows.maxRows(), currentPartitionOffsets.get, latest)
        }
      case _: ReadAllAvailable =>
        latest
    }

    currentPartitionOffsets = Some(offsets)
    latestPartitionOffsets = Some(latest)
    logDebug(s""GetOffset: ${offsets.toSeq.map(_.toString).sorted}"")
    KafkaSourceOffset(offsets)
  }

  /** Proportionally distribute limit number of offsets among topicpartitions */
  private def rateLimit(
      limit: Long,
      from: Map[TopicPartition, Long],
      until: Map[TopicPartition, Long]): Map[TopicPartition, Long] = {
    lazy val fromNew = kafkaReader.fetchEarliestOffsets(until.keySet.diff(from.keySet).toSeq)
    val sizes = until.flatMap {
      case (tp, end) =>
        // If begin isn't defined, something's wrong, but let alert logic in getBatch handle it
        from.get(tp).orElse(fromNew.get(tp)).flatMap { begin =>
          val size = end - begin
          logDebug(s""rateLimit $tp size is $size"")
          if (size > 0) Some(tp -> size) else None
        }
    }
    val total = sizes.values.sum.toDouble
    if (total < 1) {
      until
    } else {
      until.map {
        case (tp, end) =>
          tp -> sizes.get(tp).map { size =>
            val begin = from.getOrElse(tp, fromNew(tp))
            val prorate = limit * (size / total)
            logDebug(s""rateLimit $tp prorated amount is $prorate"")
            // Don't completely starve small topicpartitions
            val prorateLong = (if (prorate < 1) Math.ceil(prorate) else Math.floor(prorate)).toLong
            // need to be careful of integer overflow
            // therefore added canary checks where to see if off variable could be overflowed
            // refer to [https://issues.apache.org/jira/browse/SPARK-26718]
            val off = if (prorateLong > Long.MaxValue - begin) {
              Long.MaxValue
            } else {
              begin + prorateLong
            }
            logDebug(s""rateLimit $tp new offset is $off"")
            // Paranoia, make sure not to return an offset that's past end
            Math.min(end, off)
          }.getOrElse(end)
      }
    }
  }

  /**
   * Returns the data that is between the offsets
   * [`start.get.partitionToOffsets`, `end.partitionToOffsets`), i.e. end.partitionToOffsets is
   * exclusive.
   */
  override def getBatch(start: Option[Offset], end: Offset): DataFrame = {
    // Make sure initialPartitionOffsets is initialized
    initialPartitionOffsets

    logInfo(s""GetBatch called with start = $start, end = $end"")
    val untilPartitionOffsets = KafkaSourceOffset.getPartitionOffsets(end)
    // On recovery, getBatch will get called before getOffset
    if (currentPartitionOffsets.isEmpty) {
      currentPartitionOffsets = Some(untilPartitionOffsets)
    }
    if (start.isDefined && start.get == end) {
      return sqlContext.internalCreateDataFrame(
        sqlContext.sparkContext.emptyRDD[InternalRow].setName(""empty""), schema, isStreaming = true)
    }
    val fromPartitionOffsets = start match {
      case Some(prevBatchEndOffset) =>
        KafkaSourceOffset.getPartitionOffsets(prevBatchEndOffset)
      case None =>
        initialPartitionOffsets
    }

    val offsetRanges = kafkaReader.getOffsetRangesFromResolvedOffsets(
      fromPartitionOffsets,
      untilPartitionOffsets,
      reportDataLoss)

    // Create an RDD that reads from Kafka and get the (key, value) pair as byte arrays.
    val rdd = if (includeHeaders) {
      new KafkaSourceRDD(
        sc, executorKafkaParams, offsetRanges, pollTimeoutMs, failOnDataLoss)
        .map(converter.toInternalRowWithHeaders)
    } else {
      new KafkaSourceRDD(
        sc, executorKafkaParams, offsetRanges, pollTimeoutMs, failOnDataLoss)
        .map(converter.toInternalRowWithoutHeaders)
    }

    logInfo(""GetBatch generating RDD of offset range: "" +
      offsetRanges.sortBy(_.topicPartition.toString).mkString("", ""))

    sqlContext.internalCreateDataFrame(rdd.setName(""kafka""), schema, isStreaming = true)
  }

  /** Stop this source and free any resources it has allocated. */
  override def stop(): Unit = synchronized {
    kafkaReader.close()
  }

  override def toString(): String = s""KafkaSourceV1[$kafkaReader]""

  /**
   * If `failOnDataLoss` is true, this method will throw an `IllegalStateException`.
   * Otherwise, just log a warning.
   */
  private def reportDataLoss(message: String): Unit = {
    if (failOnDataLoss) {
      throw new IllegalStateException(message + s"". $INSTRUCTION_FOR_FAIL_ON_DATA_LOSS_TRUE"")
    } else {
      logWarning(message + s"". $INSTRUCTION_FOR_FAIL_ON_DATA_LOSS_FALSE"")
    }
  }
}

/** Companion object for the [[KafkaSource]]. */
private[kafka010] object KafkaSource {
  def getSortedExecutorList(sc: SparkContext): Array[String] = {
    val bm = sc.env.blockManager
    bm.master.getPeers(bm.blockManagerId).toArray
      .map(x => ExecutorCacheTaskLocation(x.host, x.executorId))
      .sortWith(compare)
      .map(_.toString)
  }

  private def compare(a: ExecutorCacheTaskLocation, b: ExecutorCacheTaskLocation): Boolean = {
    if (a.host == b.host) { a.executorId > b.executorId } else { a.host > b.host }
  }

}","private val kafkaParams = new ju.HashMap[String, Object](executorKafkaParams)
  kafkaParams.put(""enable.auto.commit"", false: java.lang.Boolean)

  private val kafkaOffsetReader = kafkaReader

  private val topicPartitions = kafkaReader.getKafkaPartitions(sourceOptions)
  private val startingOffset = startingOffsets.getOffset(topicPartitions)

  override def createSourceReader(): SourceReader[InternalRow] = {
    new KafkaSourceReader(
      sparkSession = sqlContext.sparkSession,
      kafkaParams = kafkaParams,
      startingOffset = startingOffset,
      failOnDataLoss = failOnDataLoss,
      pollTimeoutMs = pollTimeoutMs,
      metadataPath = metadataPath,
      sourceOptions = sourceOptions)
  }

  override def getOffset(): KafkaSourceOffset = {
    kafkaOffsetReader.getLatestOffset(topicPartitions)
  }

  override def getBatch(startOffset: Option[Offset], endOffset: Offset): DataFrame = {
    val start = startOffset.map(_.asInstanceOf[KafkaSourceOffset]).getOrElse {
      KafkaSourceOffset(Map.empty[TopicPartition, Long])
    }
    val end = endOffset.asInstanceOf[KafkaSourceOffset]

    val ranges = start.offsets.keySet.intersect(end.offsets.keySet).map"
qwen,Qwen/Qwen3-30B-A3B-Instruct-2507:nebius,scala,GPL-3.0,integration::spark-common::src::main::scala::org::apache::carbondata::spark::rdd::SparkDataMapJob.scala,114,0.2,0,0.04945054945054945,"import org.apache.carbondata.hadoop.api.{DataMapJob, DistributableDataMapFormat}

/**
 * Spark job to execute datamap job and prune all the datamaps distributable
 */
class SparkDataMapJob extends DataMapJob {

  override def execute(dataMapFormat: DistributableDataMapFormat,
      resolverIntf: FilterResolverIntf): util.List[Blocklet] = {
    new DataMapPruneRDD(SparkContext.getOrCreate(), dataMapFormat, resolverIntf).collect().toList
      .asJava
  }
}

class DataMapRDDPartition(rddId: Int, idx: Int, val inputSplit: InputSplit) extends Partition {
  override def index: Int = idx

  override def hashCode(): Int = 41 * (41 + rddId) + idx
}

/**
 * RDD to prune the datamaps across spark cluster
 * @param sc
 * @param dataMapFormat
 * @param resolverIntf
 */
class DataMapPruneRDD(sc: SparkContext,
    dataMapFormat: DistributableDataMapFormat,
    resolverIntf: FilterResolverIntf)
  extends CarbonRDD[(Blocklet)](sc, Nil) {

  private val jobTrackerId: String = {
    val formatter = new SimpleDateFormat(""yyyyMMddHHmm"")
    formatter.format(new Date())
  }

  override def internalCompute(split: Partition,
      context: TaskContext): Iterator[Blocklet] = {
    val LOGGER = LogServiceFactory.getLogService(this.getClass.getName)
    val status = CarbonCommonConstants.STORE_LOADSTATUS_SUCCESS
    val attemptId = new TaskAttemptID(jobTrackerId, id, TaskType.MAP, split.index, 0)
    val attemptContext = new TaskAttemptContextImpl(new Configuration(), attemptId)
    val inputSplit = split.asInstanceOf[DataMapRDDPartition].inputSplit
    DistributableDataMapFormat.setFilterExp(attemptContext.getConfiguration, resolverIntf)
    val reader = dataMapFormat.createRecordReader(inputSplit, attemptContext)
    reader.initialize(inputSplit, attemptContext)
    val iter = new Iterator[Blocklet] {

      private var havePair = false
      private var finished = false

      override def hasNext: Boolean = {
        if (context.isInterrupted) {
          throw new TaskKilledException
        }
        if (!finished && !havePair) {
          finished = !reader.nextKeyValue
          havePair = !finished
        }
        !finished
      }

      override def next(): Blocklet = {
        if (!hasNext) {
          throw new java.util.NoSuchElementException(""End of stream"")
        }
        havePair = false
        val value = reader.getCurrentValue
        value
      }
    }
    iter
  }

  override protected def getPartitions: Array[Partition] = {
    val job = Job.getInstance(new Configuration())
    val splits = dataMapFormat.getSplits(job)
    splits.asScala.zipWithIndex.map(f => new DataMapRDDPartition(id, f._2, f._1)).toArray
  }
}","scala
import org.apache.carbondata.core.util.{CarbonProperties, CarbonUtil}
import org.apache.carbondata.core.util.path.CarbonTablePath
import org.apache.carbondata.spark.util.CarbonSparkUtil

class SparkDataMapJob(
    sc: SparkContext,
    tablePath: String,
    dataMapName: String,
    schema: Array[String],
    filter: FilterResolverIntf,
    partitionInfo: util.Map[String, String],
    jobConf: Configuration,
    blockletInfo: util.List[Blocklet],
    isIncremental: Boolean,
    dataMapType: String) extends Serializable {

  private val log = LogServiceFactory.getLogService(this.getClass.getCanonicalName)

  def run(): Unit = {
    try {
      val job = Job.getInstance(jobConf)
      job.setJobName(s""DataMapJob-${dataMapName}-${new SimpleDateFormat(""yyyyMMddHHmmss"").format(new Date)}"")
      job.setJarByClass(getClass)

      // Set up the input format and input splits
      val inputFormatClass = classOf[CarbonDataMapInputFormat]
      job.setInputFormatClass(inputFormatClass)

      // Set the table path and data map name in the job configuration
      job.getConfiguration.set(Carbon"
qwen,Qwen/Qwen3-30B-A3B-Instruct-2507:nebius,scala,GPL-3.0,integration::spark-common::src::main::scala::org::apache::carbondata::spark::rdd::SparkDataMapJob.scala,114,0.4,0,0.07865168539325842,"import org.apache.carbondata.hadoop.api.{DataMapJob, DistributableDataMapFormat}

/**
 * Spark job to execute datamap job and prune all the datamaps distributable
 */
class SparkDataMapJob extends DataMapJob {

  override def execute(dataMapFormat: DistributableDataMapFormat,
      resolverIntf: FilterResolverIntf): util.List[Blocklet] = {
    new DataMapPruneRDD(SparkContext.getOrCreate(), dataMapFormat, resolverIntf).collect().toList
      .asJava
  }
}

class DataMapRDDPartition(rddId: Int, idx: Int, val inputSplit: InputSplit) extends Partition {
  override def index: Int = idx

  override def hashCode(): Int = 41 * (41 + rddId) + idx
}

/**
 * RDD to prune the datamaps across spark cluster
 * @param sc
 * @param dataMapFormat
 * @param resolverIntf
 */
class DataMapPruneRDD(sc: SparkContext,
    dataMapFormat: DistributableDataMapFormat,
    resolverIntf: FilterResolverIntf)
  extends CarbonRDD[(Blocklet)](sc, Nil) {

  private val jobTrackerId: String = {
    val formatter = new SimpleDateFormat(""yyyyMMddHHmm"")
    formatter.format(new Date())
  }

  override def internalCompute(split: Partition,
      context: TaskContext): Iterator[Blocklet] = {
    val LOGGER = LogServiceFactory.getLogService(this.getClass.getName)
    val status = CarbonCommonConstants.STORE_LOADSTATUS_SUCCESS
    val attemptId = new TaskAttemptID(jobTrackerId, id, TaskType.MAP, split.index, 0)
    val attemptContext = new TaskAttemptContextImpl(new Configuration(), attemptId)
    val inputSplit = split.asInstanceOf[DataMapRDDPartition].inputSplit
    DistributableDataMapFormat.setFilterExp(attemptContext.getConfiguration, resolverIntf)
    val reader = dataMapFormat.createRecordReader(inputSplit, attemptContext)
    reader.initialize(inputSplit, attemptContext)
    val iter = new Iterator[Blocklet] {

      private var havePair = false
      private var finished = false

      override def hasNext: Boolean = {
        if (context.isInterrupted) {
          throw new TaskKilledException
        }
        if (!finished && !havePair) {
          finished = !reader.nextKeyValue
          havePair = !finished
        }
        !finished
      }

      override def next(): Blocklet = {
        if (!hasNext) {
          throw new java.util.NoSuchElementException(""End of stream"")
        }
        havePair = false
        val value = reader.getCurrentValue
        value
      }
    }
    iter
  }

  override protected def getPartitions: Array[Partition] = {
    val job = Job.getInstance(new Configuration())
    val splits = dataMapFormat.getSplits(job)
    splits.asScala.zipWithIndex.map(f => new DataMapRDDPartition(id, f._2, f._1)).toArray
  }
}","scala
import org.apache.carbondata.core.util.{CarbonProperties, CarbonUtil}
import org.apache.carbondata.core.util.path.CarbonTablePath
import org.apache.carbondata.spark.util.{CarbonSparkUtil, DataMapUtil}

class SparkDataMapJob(
    sc: SparkContext,
    tablePath: String,
    dataMapName: String,
    segmentId: String,
    partitionId: Int,
    filterResolver: FilterResolverIntf,
    configuration: Configuration) {

  private val log = LogServiceFactory.getLogService(this.getClass.getCanonicalName)

  def run(): Unit = {
    val job = Job.getInstance(configuration)
    job.setJobName(s""DataMapJob-${dataMapName}-${segmentId}-${partitionId}"")
    job.setJarByClass(getClass)

    // Set up the input format and input splits
    job.setInputFormatClass(classOf[DataMapInputFormat])
    job.getConfiguration.set(CarbonTablePath.TABLE_PATH, tablePath)
    job.getConfiguration.set(CarbonCommonConstants.DATA_MAP_NAME, dataMapName)
    job.getConfiguration.set(CarbonCommonConstants.SEGMENT_ID, segmentId)
    job.getConfiguration.set(CarbonCommonConstants.PARTITION_ID, partitionId.toString)

    // Set up"
qwen,Qwen/Qwen3-30B-A3B-Instruct-2507:nebius,scala,GPL-3.0,integration::spark-common::src::main::scala::org::apache::carbondata::spark::rdd::SparkDataMapJob.scala,114,0.8,0,0.03636363636363636,"import org.apache.carbondata.hadoop.api.{DataMapJob, DistributableDataMapFormat}

/**
 * Spark job to execute datamap job and prune all the datamaps distributable
 */
class SparkDataMapJob extends DataMapJob {

  override def execute(dataMapFormat: DistributableDataMapFormat,
      resolverIntf: FilterResolverIntf): util.List[Blocklet] = {
    new DataMapPruneRDD(SparkContext.getOrCreate(), dataMapFormat, resolverIntf).collect().toList
      .asJava
  }
}

class DataMapRDDPartition(rddId: Int, idx: Int, val inputSplit: InputSplit) extends Partition {
  override def index: Int = idx

  override def hashCode(): Int = 41 * (41 + rddId) + idx
}

/**
 * RDD to prune the datamaps across spark cluster
 * @param sc
 * @param dataMapFormat
 * @param resolverIntf
 */
class DataMapPruneRDD(sc: SparkContext,
    dataMapFormat: DistributableDataMapFormat,
    resolverIntf: FilterResolverIntf)
  extends CarbonRDD[(Blocklet)](sc, Nil) {

  private val jobTrackerId: String = {
    val formatter = new SimpleDateFormat(""yyyyMMddHHmm"")
    formatter.format(new Date())
  }

  override def internalCompute(split: Partition,
      context: TaskContext): Iterator[Blocklet] = {
    val LOGGER = LogServiceFactory.getLogService(this.getClass.getName)
    val status = CarbonCommonConstants.STORE_LOADSTATUS_SUCCESS
    val attemptId = new TaskAttemptID(jobTrackerId, id, TaskType.MAP, split.index, 0)
    val attemptContext = new TaskAttemptContextImpl(new Configuration(), attemptId)
    val inputSplit = split.asInstanceOf[DataMapRDDPartition].inputSplit
    DistributableDataMapFormat.setFilterExp(attemptContext.getConfiguration, resolverIntf)
    val reader = dataMapFormat.createRecordReader(inputSplit, attemptContext)
    reader.initialize(inputSplit, attemptContext)
    val iter = new Iterator[Blocklet] {

      private var havePair = false
      private var finished = false

      override def hasNext: Boolean = {
        if (context.isInterrupted) {
          throw new TaskKilledException
        }
        if (!finished && !havePair) {
          finished = !reader.nextKeyValue
          havePair = !finished
        }
        !finished
      }

      override def next(): Blocklet = {
        if (!hasNext) {
          throw new java.util.NoSuchElementException(""End of stream"")
        }
        havePair = false
        val value = reader.getCurrentValue
        value
      }
    }
    iter
  }

  override protected def getPartitions: Array[Partition] = {
    val job = Job.getInstance(new Configuration())
    val splits = dataMapFormat.getSplits(job)
    splits.asScala.zipWithIndex.map(f => new DataMapRDDPartition(id, f._2, f._1)).toArray
  }
}","scala
import org.apache.carbondata.core.util.{CarbonProperties, CarbonUtil}
import org.apache.carbondata.core.util.path.CarbonDataStoragePath
import org.apache.carbondata.spark.exception.MalformedCarbonDataException
import org.apache.carbondata.spark.partition.CarbonPartition
import org.apache.carbondata.spark.util.{CarbonSparkUtil, DataMapUtil}

object SparkDataMapJob {

  def executeDataMapJob(sc: SparkContext,
                        dataMapName: String,
                        tablePath: String,
                        schema: Array[String],
                        partitionIds: Array[Int],
                        filterResolver: FilterResolverIntf,
                        jobConf: Configuration): Unit = {

    val logger = LogServiceFactory.getLogService(this.getClass.getCanonicalName)

    // Initialize the job configuration
    val job = Job.getInstance(jobConf)
    job.setJobName(s""DataMap Job for $dataMapName"")

    // Set the input format class for the job
    job.setInputFormatClass(classOf[CarbonDataInputFormat])

    // Set the output format class for the job
    job.setOutputFormatClass(classOf[CarbonDataOutputFormat])

    // Set the mapper class for the job
    job.setMapperClass(classOf[DataMapMapper])"
qwen,Qwen/Qwen3-30B-A3B-Instruct-2507:nebius,scala,GPL-3.0,src::test::scala::mesosphere::marathon::core::task::tracker::impl::InstanceCreationHandlerAndUpdaterDelegateTest.scala,176,0.2,0,0.34285714285714286,"      val stateOp = InstanceUpdateOperation.LaunchEphemeral(instance)

      When(""created is called"")
      val create = f.delegate.created(stateOp)

      Then(""an update operation is requested"")
      f.taskTrackerProbe.expectMsg(
        InstanceTrackerActor.ForwardTaskOp(f.timeoutFromNow, instance.instanceId, stateOp)
      )

      When(""the response is an error"")
      val cause: RuntimeException = new scala.RuntimeException(""test failure"")
      f.taskTrackerProbe.reply(Status.Failure(cause))
      Then(""The reply is the value of task"")
      val createValue = create.failed.futureValue
      createValue.getMessage should include(appId.toString)
      createValue.getMessage should include(instance.instanceId.idString)
      createValue.getMessage should include(""Launch"")
      createValue.getCause should be(cause)
    }

    ""Terminated succeeds"" in {
      val f = new Fixture
      val appId: PathId = PathId(""/test"")
      val instance = TestInstanceBuilder.newBuilderWithLaunchedTask(appId).getInstance()
      val stateOp = InstanceUpdateOperation.ForceExpunge(instance.instanceId)
      val expectedStateChange = InstanceUpdateEffect.Expunge(instance, events = Nil)

      When(""terminated is called"")
      val terminated = f.delegate.process(stateOp)

      Then(""an expunge operation is requested"")
      f.taskTrackerProbe.expectMsg(
        InstanceTrackerActor.ForwardTaskOp(f.timeoutFromNow, instance.instanceId, stateOp)
      )

      When(""the request is acknowledged"")
      f.taskTrackerProbe.reply(expectedStateChange)
      Then(""The reply is the value of the future"")
      terminated.futureValue should be(expectedStateChange)
    }

    ""Terminated fails"" in {
      val f = new Fixture
      val appId: PathId = PathId(""/test"")
      val instance = TestInstanceBuilder.newBuilderWithLaunchedTask(appId).getInstance()
      val stateOp = InstanceUpdateOperation.ForceExpunge(instance.instanceId)

      When(""terminated is called"")
      val terminated = f.delegate.terminated(stateOp)

      Then(""an expunge operation is requested"")
      f.taskTrackerProbe.expectMsg(
        InstanceTrackerActor.ForwardTaskOp(f.timeoutFromNow, instance.instanceId, stateOp)
      )

      When(""the response is an error"")
      val cause: RuntimeException = new scala.RuntimeException(""test failure"")
      f.taskTrackerProbe.reply(Status.Failure(cause))
      Then(""The reply is the value of task"")
      val terminatedValue = terminated.failed.futureValue
      terminatedValue.getMessage should include(appId.toString)
      terminatedValue.getMessage should include(instance.instanceId.idString)
      terminatedValue.getMessage should include(""Expunge"")
      terminatedValue.getCause should be(cause)
    }

    ""StatusUpdate succeeds"" in {
      val f = new Fixture
      val appId: PathId = PathId(""/test"")
      val instance = TestInstanceBuilder.newBuilderWithLaunchedTask(appId).getInstance()
      val task: Task.LaunchedEphemeral = instance.appTask
      val taskIdString = task.taskId.idString
      val now = f.clock.now()

      val update = TaskStatus.newBuilder().setTaskId(TaskID.newBuilder().setValue(taskIdString)).buildPartial()
      val stateOp = InstanceUpdateOperation.MesosUpdate(instance, update, now)

      When(""created is called"")
      val statusUpdate = f.delegate.process(stateOp)

      Then(""an update operation is requested"")
      f.taskTrackerProbe.expectMsg(
        InstanceTrackerActor.ForwardTaskOp(f.timeoutFromNow, instance.instanceId, stateOp)
      )

      When(""the request is acknowledged"")
      val expectedStateChange = InstanceUpdateEffect.Update(instance, Some(instance), events = Nil)
      f.taskTrackerProbe.reply(expectedStateChange)
      Then(""The reply is the value of the future"")
      statusUpdate.futureValue should be(expectedStateChange)
    }

    ""StatusUpdate fails"" in {
      val f = new Fixture
      val appId: PathId = PathId(""/test"")
      val instance = TestInstanceBuilder.newBuilderWithLaunchedTask(appId).getInstance()
      val task: Task.LaunchedEphemeral = instance.appTask
      val taskId = task.taskId
      val now = f.clock.now()

      val update = TaskStatus.newBuilder().setTaskId(taskId.mesosTaskId).buildPartial()
      val stateOp = InstanceUpdateOperation.MesosUpdate(instance, update, now)

      When(""statusUpdate is called"")
      val statusUpdate = f.delegate.process(stateOp)

      Then(""an update operation is requested"")
      f.taskTrackerProbe.expectMsg(
        InstanceTrackerActor.ForwardTaskOp(f.timeoutFromNow, instance.instanceId, stateOp)
      )

      When(""the response is an error"")
      val cause: RuntimeException = new scala.RuntimeException(""test failure"")
      f.taskTrackerProbe.reply(Status.Failure(cause))
      Then(""The reply is the value of task"")
      val updateValue = statusUpdate.failed.futureValue
      updateValue.getMessage should include(appId.toString)
      updateValue.getMessage should include(taskId.toString)
      updateValue.getMessage should include(""MesosUpdate"")
      updateValue.getCause should be(cause)
    }
  }
}","val stateOp = InstanceUpdateOperation.LaunchEphemeral(instance)
      val expectedError = new RuntimeException(""Launch failed"")

      When(""created is called"")
      val create = f.delegate.created(stateOp)

      Then(""an update operation is requested"")
      f.taskTrackerProbe.expectMsg(
        InstanceTrackerActor.ForwardTaskOp(f.timeoutFromNow, instance.instanceId, stateOp)
      )

      When(""the request fails with an error"")
      f.taskTrackerProbe.reply(Status.Failure(expectedError))
      Then(""The reply is the failure"")
      create.failed.futureValue should be(expectedError)
    }
  }
}"
qwen,Qwen/Qwen3-30B-A3B-Instruct-2507:nebius,scala,GPL-3.0,src::test::scala::mesosphere::marathon::core::task::tracker::impl::InstanceCreationHandlerAndUpdaterDelegateTest.scala,176,0.4,0,0.3263157894736842,"      val stateOp = InstanceUpdateOperation.LaunchEphemeral(instance)

      When(""created is called"")
      val create = f.delegate.created(stateOp)

      Then(""an update operation is requested"")
      f.taskTrackerProbe.expectMsg(
        InstanceTrackerActor.ForwardTaskOp(f.timeoutFromNow, instance.instanceId, stateOp)
      )

      When(""the response is an error"")
      val cause: RuntimeException = new scala.RuntimeException(""test failure"")
      f.taskTrackerProbe.reply(Status.Failure(cause))
      Then(""The reply is the value of task"")
      val createValue = create.failed.futureValue
      createValue.getMessage should include(appId.toString)
      createValue.getMessage should include(instance.instanceId.idString)
      createValue.getMessage should include(""Launch"")
      createValue.getCause should be(cause)
    }

    ""Terminated succeeds"" in {
      val f = new Fixture
      val appId: PathId = PathId(""/test"")
      val instance = TestInstanceBuilder.newBuilderWithLaunchedTask(appId).getInstance()
      val stateOp = InstanceUpdateOperation.ForceExpunge(instance.instanceId)
      val expectedStateChange = InstanceUpdateEffect.Expunge(instance, events = Nil)

      When(""terminated is called"")
      val terminated = f.delegate.process(stateOp)

      Then(""an expunge operation is requested"")
      f.taskTrackerProbe.expectMsg(
        InstanceTrackerActor.ForwardTaskOp(f.timeoutFromNow, instance.instanceId, stateOp)
      )

      When(""the request is acknowledged"")
      f.taskTrackerProbe.reply(expectedStateChange)
      Then(""The reply is the value of the future"")
      terminated.futureValue should be(expectedStateChange)
    }

    ""Terminated fails"" in {
      val f = new Fixture
      val appId: PathId = PathId(""/test"")
      val instance = TestInstanceBuilder.newBuilderWithLaunchedTask(appId).getInstance()
      val stateOp = InstanceUpdateOperation.ForceExpunge(instance.instanceId)

      When(""terminated is called"")
      val terminated = f.delegate.terminated(stateOp)

      Then(""an expunge operation is requested"")
      f.taskTrackerProbe.expectMsg(
        InstanceTrackerActor.ForwardTaskOp(f.timeoutFromNow, instance.instanceId, stateOp)
      )

      When(""the response is an error"")
      val cause: RuntimeException = new scala.RuntimeException(""test failure"")
      f.taskTrackerProbe.reply(Status.Failure(cause))
      Then(""The reply is the value of task"")
      val terminatedValue = terminated.failed.futureValue
      terminatedValue.getMessage should include(appId.toString)
      terminatedValue.getMessage should include(instance.instanceId.idString)
      terminatedValue.getMessage should include(""Expunge"")
      terminatedValue.getCause should be(cause)
    }

    ""StatusUpdate succeeds"" in {
      val f = new Fixture
      val appId: PathId = PathId(""/test"")
      val instance = TestInstanceBuilder.newBuilderWithLaunchedTask(appId).getInstance()
      val task: Task.LaunchedEphemeral = instance.appTask
      val taskIdString = task.taskId.idString
      val now = f.clock.now()

      val update = TaskStatus.newBuilder().setTaskId(TaskID.newBuilder().setValue(taskIdString)).buildPartial()
      val stateOp = InstanceUpdateOperation.MesosUpdate(instance, update, now)

      When(""created is called"")
      val statusUpdate = f.delegate.process(stateOp)

      Then(""an update operation is requested"")
      f.taskTrackerProbe.expectMsg(
        InstanceTrackerActor.ForwardTaskOp(f.timeoutFromNow, instance.instanceId, stateOp)
      )

      When(""the request is acknowledged"")
      val expectedStateChange = InstanceUpdateEffect.Update(instance, Some(instance), events = Nil)
      f.taskTrackerProbe.reply(expectedStateChange)
      Then(""The reply is the value of the future"")
      statusUpdate.futureValue should be(expectedStateChange)
    }

    ""StatusUpdate fails"" in {
      val f = new Fixture
      val appId: PathId = PathId(""/test"")
      val instance = TestInstanceBuilder.newBuilderWithLaunchedTask(appId).getInstance()
      val task: Task.LaunchedEphemeral = instance.appTask
      val taskId = task.taskId
      val now = f.clock.now()

      val update = TaskStatus.newBuilder().setTaskId(taskId.mesosTaskId).buildPartial()
      val stateOp = InstanceUpdateOperation.MesosUpdate(instance, update, now)

      When(""statusUpdate is called"")
      val statusUpdate = f.delegate.process(stateOp)

      Then(""an update operation is requested"")
      f.taskTrackerProbe.expectMsg(
        InstanceTrackerActor.ForwardTaskOp(f.timeoutFromNow, instance.instanceId, stateOp)
      )

      When(""the response is an error"")
      val cause: RuntimeException = new scala.RuntimeException(""test failure"")
      f.taskTrackerProbe.reply(Status.Failure(cause))
      Then(""The reply is the value of task"")
      val updateValue = statusUpdate.failed.futureValue
      updateValue.getMessage should include(appId.toString)
      updateValue.getMessage should include(taskId.toString)
      updateValue.getMessage should include(""MesosUpdate"")
      updateValue.getCause should be(cause)
    }
  }
}","val stateOp = InstanceUpdateOperation.LaunchEphemeral(instance)
      val expectedFailure = Status.Failure(new RuntimeException(""Launch failed""))

      When(""created is called"")
      val create = f.delegate.created(stateOp)

      Then(""an update operation is requested"")
      f.taskTrackerProbe.expectMsg(
        InstanceTrackerActor.ForwardTaskOp(f.timeoutFromNow, instance.instanceId, stateOp)
      )

      When(""the request fails"")
      f.taskTrackerProbe.reply(expectedFailure)
      Then(""The reply is a failure"")
      create.failed.futureValue should be(expectedFailure.cause)
    }
  }
}"
qwen,Qwen/Qwen3-30B-A3B-Instruct-2507:nebius,scala,GPL-3.0,src::test::scala::mesosphere::marathon::core::task::tracker::impl::InstanceCreationHandlerAndUpdaterDelegateTest.scala,176,0.8,0,0.470404984423676,"      val stateOp = InstanceUpdateOperation.LaunchEphemeral(instance)

      When(""created is called"")
      val create = f.delegate.created(stateOp)

      Then(""an update operation is requested"")
      f.taskTrackerProbe.expectMsg(
        InstanceTrackerActor.ForwardTaskOp(f.timeoutFromNow, instance.instanceId, stateOp)
      )

      When(""the response is an error"")
      val cause: RuntimeException = new scala.RuntimeException(""test failure"")
      f.taskTrackerProbe.reply(Status.Failure(cause))
      Then(""The reply is the value of task"")
      val createValue = create.failed.futureValue
      createValue.getMessage should include(appId.toString)
      createValue.getMessage should include(instance.instanceId.idString)
      createValue.getMessage should include(""Launch"")
      createValue.getCause should be(cause)
    }

    ""Terminated succeeds"" in {
      val f = new Fixture
      val appId: PathId = PathId(""/test"")
      val instance = TestInstanceBuilder.newBuilderWithLaunchedTask(appId).getInstance()
      val stateOp = InstanceUpdateOperation.ForceExpunge(instance.instanceId)
      val expectedStateChange = InstanceUpdateEffect.Expunge(instance, events = Nil)

      When(""terminated is called"")
      val terminated = f.delegate.process(stateOp)

      Then(""an expunge operation is requested"")
      f.taskTrackerProbe.expectMsg(
        InstanceTrackerActor.ForwardTaskOp(f.timeoutFromNow, instance.instanceId, stateOp)
      )

      When(""the request is acknowledged"")
      f.taskTrackerProbe.reply(expectedStateChange)
      Then(""The reply is the value of the future"")
      terminated.futureValue should be(expectedStateChange)
    }

    ""Terminated fails"" in {
      val f = new Fixture
      val appId: PathId = PathId(""/test"")
      val instance = TestInstanceBuilder.newBuilderWithLaunchedTask(appId).getInstance()
      val stateOp = InstanceUpdateOperation.ForceExpunge(instance.instanceId)

      When(""terminated is called"")
      val terminated = f.delegate.terminated(stateOp)

      Then(""an expunge operation is requested"")
      f.taskTrackerProbe.expectMsg(
        InstanceTrackerActor.ForwardTaskOp(f.timeoutFromNow, instance.instanceId, stateOp)
      )

      When(""the response is an error"")
      val cause: RuntimeException = new scala.RuntimeException(""test failure"")
      f.taskTrackerProbe.reply(Status.Failure(cause))
      Then(""The reply is the value of task"")
      val terminatedValue = terminated.failed.futureValue
      terminatedValue.getMessage should include(appId.toString)
      terminatedValue.getMessage should include(instance.instanceId.idString)
      terminatedValue.getMessage should include(""Expunge"")
      terminatedValue.getCause should be(cause)
    }

    ""StatusUpdate succeeds"" in {
      val f = new Fixture
      val appId: PathId = PathId(""/test"")
      val instance = TestInstanceBuilder.newBuilderWithLaunchedTask(appId).getInstance()
      val task: Task.LaunchedEphemeral = instance.appTask
      val taskIdString = task.taskId.idString
      val now = f.clock.now()

      val update = TaskStatus.newBuilder().setTaskId(TaskID.newBuilder().setValue(taskIdString)).buildPartial()
      val stateOp = InstanceUpdateOperation.MesosUpdate(instance, update, now)

      When(""created is called"")
      val statusUpdate = f.delegate.process(stateOp)

      Then(""an update operation is requested"")
      f.taskTrackerProbe.expectMsg(
        InstanceTrackerActor.ForwardTaskOp(f.timeoutFromNow, instance.instanceId, stateOp)
      )

      When(""the request is acknowledged"")
      val expectedStateChange = InstanceUpdateEffect.Update(instance, Some(instance), events = Nil)
      f.taskTrackerProbe.reply(expectedStateChange)
      Then(""The reply is the value of the future"")
      statusUpdate.futureValue should be(expectedStateChange)
    }

    ""StatusUpdate fails"" in {
      val f = new Fixture
      val appId: PathId = PathId(""/test"")
      val instance = TestInstanceBuilder.newBuilderWithLaunchedTask(appId).getInstance()
      val task: Task.LaunchedEphemeral = instance.appTask
      val taskId = task.taskId
      val now = f.clock.now()

      val update = TaskStatus.newBuilder().setTaskId(taskId.mesosTaskId).buildPartial()
      val stateOp = InstanceUpdateOperation.MesosUpdate(instance, update, now)

      When(""statusUpdate is called"")
      val statusUpdate = f.delegate.process(stateOp)

      Then(""an update operation is requested"")
      f.taskTrackerProbe.expectMsg(
        InstanceTrackerActor.ForwardTaskOp(f.timeoutFromNow, instance.instanceId, stateOp)
      )

      When(""the response is an error"")
      val cause: RuntimeException = new scala.RuntimeException(""test failure"")
      f.taskTrackerProbe.reply(Status.Failure(cause))
      Then(""The reply is the value of task"")
      val updateValue = statusUpdate.failed.futureValue
      updateValue.getMessage should include(appId.toString)
      updateValue.getMessage should include(taskId.toString)
      updateValue.getMessage should include(""MesosUpdate"")
      updateValue.getCause should be(cause)
    }
  }
}","val stateOp = InstanceUpdateOperation.LaunchEphemeral(instance)
      val expectedFailure = Status.Failure(new RuntimeException(""Launch failed""))

      When(""created is called"")
      val create = f.delegate.created(stateOp)

      Then(""an update operation is requested"")
      f.taskTrackerProbe.expectMsg(
        InstanceTrackerActor.ForwardTaskOp(f.timeoutFromNow, instance.instanceId, stateOp)
      )

      When(""the request fails"")
      f.taskTrackerProbe.reply(expectedFailure)
      Then(""The reply should be a failure"")
      create.failed.futureValue shouldBe expectedFailure.cause
    }

    ""Update succeeds"" in {
      val f = new Fixture
      val appId: PathId = PathId(""/test"")
      val instance = TestInstanceBuilder.newBuilderWithLaunchedTask(appId).getInstance()
      val stateOp = InstanceUpdateOperation.Update(instance)
      val expectedStateChange = InstanceUpdateEffect.Update(instance, None, events = Nil)

      When(""updated is called"")
      val update = f.delegate.updated(stateOp)

      Then(""an update operation is requested"")
      f.taskTrackerProbe.expectMsg(
        InstanceTrackerActor.ForwardTaskOp(f.timeoutFromNow, instance.instanceId, stateOp)
      )

      When(""the request"
qwen,Qwen/Qwen3-30B-A3B-Instruct-2507:nebius,scala,GPL-3.0,db::src::test::scala::io::deftrade::db::TupleEquivalenceImplicits.scala,169,0.2,0,0.6770038167938931,"    }

  implicit def tuple7Equivalence[A, B, C, D, E, F, G](implicit ea: Eq[A], eb: Eq[B], ec: Eq[C], ed: Eq[D], ee: Eq[E], ef: Eq[F], eg: Eq[G]): Eq[(A, B, C, D, E, F, G)] =
    new Eq[(A, B, C, D, E, F, G)] {
      override def areEquivalent(a: (A, B, C, D, E, F, G), b: (A, B, C, D, E, F, G)) =
        a._1 === b._1 && a._2 === b._2 && a._3 === b._3 && a._4 === b._4 && a._5 === b._5 && a._6 === b._6 && a._7 === b._7
    }

  implicit def tuple8Equivalence[A, B, C, D, E, F, G, H](implicit ea: Eq[A], eb: Eq[B], ec: Eq[C], ed: Eq[D], ee: Eq[E], ef: Eq[F], eg: Eq[G], eh: Eq[H]): Eq[(A, B, C, D, E, F, G, H)] =
    new Eq[(A, B, C, D, E, F, G, H)] {
      override def areEquivalent(a: (A, B, C, D, E, F, G, H), b: (A, B, C, D, E, F, G, H)) =
        a._1 === b._1 && a._2 === b._2 && a._3 === b._3 && a._4 === b._4 && a._5 === b._5 && a._6 === b._6 && a._7 === b._7 && a._8 === b._8
    }

  implicit def tuple9Equivalence[A, B, C, D, E, F, G, H, I](implicit ea: Eq[A], eb: Eq[B], ec: Eq[C], ed: Eq[D], ee: Eq[E], ef: Eq[F], eg: Eq[G], eh: Eq[H], ei: Eq[I]): Eq[(A, B, C, D, E, F, G, H, I)] =
    new Eq[(A, B, C, D, E, F, G, H, I)] {
      override def areEquivalent(a: (A, B, C, D, E, F, G, H, I), b: (A, B, C, D, E, F, G, H, I)) =
        a._1 === b._1 && a._2 === b._2 && a._3 === b._3 && a._4 === b._4 && a._5 === b._5 && a._6 === b._6 && a._7 === b._7 && a._8 === b._8 && a._9 === b._9
    }

  implicit def tuple10Equivalence[A, B, C, D, E, F, G, H, I, J](implicit ea: Eq[A], eb: Eq[B], ec: Eq[C], ed: Eq[D], ee: Eq[E], ef: Eq[F], eg: Eq[G], eh: Eq[H], ei: Eq[I], ej: Eq[J]): Eq[(A, B, C, D, E, F, G, H, I, J)] =
    new Eq[(A, B, C, D, E, F, G, H, I, J)] {
      override def areEquivalent(a: (A, B, C, D, E, F, G, H, I, J), b: (A, B, C, D, E, F, G, H, I, J)) =
        a._1 === b._1 && a._2 === b._2 && a._3 === b._3 && a._4 === b._4 && a._5 === b._5 && a._6 === b._6 && a._7 === b._7 && a._8 === b._8 && a._9 === b._9 && a._10 === b._10
    }

  implicit def tuple11Equivalence[A, B, C, D, E, F, G, H, I, J, K](implicit ea: Eq[A], eb: Eq[B], ec: Eq[C], ed: Eq[D], ee: Eq[E], ef: Eq[F], eg: Eq[G], eh: Eq[H], ei: Eq[I], ej: Eq[J], ek: Eq[K]): Eq[(A, B, C, D, E, F, G, H, I, J, K)] =
    new Eq[(A, B, C, D, E, F, G, H, I, J, K)] {
      override def areEquivalent(a: (A, B, C, D, E, F, G, H, I, J, K), b: (A, B, C, D, E, F, G, H, I, J, K)) =
        a._1 === b._1 && a._2 === b._2 && a._3 === b._3 && a._4 === b._4 && a._5 === b._5 && a._6 === b._6 && a._7 === b._7 && a._8 === b._8 && a._9 === b._9 && a._10 === b._10 && a._11 === b._11
    }

  implicit def tuple12Equivalence[A, B, C, D, E, F, G, H, I, J, K, L](implicit ea: Eq[A], eb: Eq[B], ec: Eq[C], ed: Eq[D], ee: Eq[E], ef: Eq[F], eg: Eq[G], eh: Eq[H], ei: Eq[I], ej: Eq[J], ek: Eq[K], el: Eq[L]): Eq[(A, B, C, D, E, F, G, H, I, J, K, L)] =
    new Eq[(A, B, C, D, E, F, G, H, I, J, K, L)] {
      override def areEquivalent(a: (A, B, C, D, E, F, G, H, I, J, K, L), b: (A, B, C, D, E, F, G, H, I, J, K, L)) =
        a._1 === b._1 && a._2 === b._2 && a._3 === b._3 && a._4 === b._4 && a._5 === b._5 && a._6 === b._6 && a._7 === b._7 && a._8 === b._8 && a._9 === b._9 && a._10 === b._10 && a._11 === b._11 && a._12 === b._12
    }

  implicit def tuple13Equivalence[A, B, C, D, E, F, G, H, I, J, K, L, M](implicit ea: Eq[A], eb: Eq[B], ec: Eq[C], ed: Eq[D], ee: Eq[E], ef: Eq[F], eg: Eq[G], eh: Eq[H], ei: Eq[I], ej: Eq[J], ek: Eq[K], el: Eq[L], em: Eq[M]): Eq[(A, B, C, D, E, F, G, H, I, J, K, L, M)] =
    new Eq[(A, B, C, D, E, F, G, H, I, J, K, L, M)] {
      override def areEquivalent(a: (A, B, C, D, E, F, G, H, I, J, K, L, M), b: (A, B, C, D, E, F, G, H, I, J, K, L, M)) =
        a._1 === b._1 && a._2 === b._2 && a._3 === b._3 && a._4 === b._4 && a._5 === b._5 && a._6 === b._6 && a._7 === b._7 && a._8 === b._8 && a._9 === b._9 && a._10 === b._10 && a._11 === b._11 && a._12 === b._12 && a._13 === b._13
    }

  implicit def tuple14Equivalence[A, B, C, D, E, F, G, H, I, J, K, L, M, N](implicit ea: Eq[A], eb: Eq[B], ec: Eq[C], ed: Eq[D], ee: Eq[E], ef: Eq[F], eg: Eq[G], eh: Eq[H], ei: Eq[I], ej: Eq[J], ek: Eq[K], el: Eq[L], em: Eq[M], en: Eq[N]): Eq[(A, B, C, D, E, F, G, H, I, J, K, L, M, N)] =
    new Eq[(A, B, C, D, E, F, G, H, I, J, K, L, M, N)] {
      override def areEquivalent(a: (A, B, C, D, E, F, G, H, I, J, K, L, M, N), b: (A, B, C, D, E, F, G, H, I, J, K, L, M, N)) =
        a._1 === b._1 && a._2 === b._2 && a._3 === b._3 && a._4 === b._4 && a._5 === b._5 && a._6 === b._6 && a._7 === b._7 && a._8 === b._8 && a._9 === b._9 && a._10 === b._10 && a._11 === b._11 && a._12 === b._12 && a._13 === b._13 && a._14 === b._14
    }

  implicit def tuple15Equivalence[A, B, C, D, E, F, G, H, I, J, K, L, M, N, O](implicit ea: Eq[A], eb: Eq[B], ec: Eq[C], ed: Eq[D], ee: Eq[E], ef: Eq[F], eg: Eq[G], eh: Eq[H], ei: Eq[I], ej: Eq[J], ek: Eq[K], el: Eq[L], em: Eq[M], en: Eq[N], eo: Eq[O]): Eq[(A, B, C, D, E, F, G, H, I, J, K, L, M, N, O)] =
    new Eq[(A, B, C, D, E, F, G, H, I, J, K, L, M, N, O)] {
      override def areEquivalent(a: (A, B, C, D, E, F, G, H, I, J, K, L, M, N, O), b: (A, B, C, D, E, F, G, H, I, J, K, L, M, N, O)) =
        a._1 === b._1 && a._2 === b._2 && a._3 === b._3 && a._4 === b._4 && a._5 === b._5 && a._6 === b._6 && a._7 === b._7 && a._8 === b._8 && a._9 === b._9 && a._10 === b._10 && a._11 === b._11 && a._12 === b._12 && a._13 === b._13 && a._14 === b._14 && a._15 === b._15
    }

  implicit def tuple16Equivalence[A, B, C, D, E, F, G, H, I, J, K, L, M, N, O, P](implicit ea: Eq[A], eb: Eq[B], ec: Eq[C], ed: Eq[D], ee: Eq[E], ef: Eq[F], eg: Eq[G], eh: Eq[H], ei: Eq[I], ej: Eq[J], ek: Eq[K], el: Eq[L], em: Eq[M], en: Eq[N], eo: Eq[O], ep: Eq[P]): Eq[(A, B, C, D, E, F, G, H, I, J, K, L, M, N, O, P)] =
    new Eq[(A, B, C, D, E, F, G, H, I, J, K, L, M, N, O, P)] {
      override def areEquivalent(a: (A, B, C, D, E, F, G, H, I, J, K, L, M, N, O, P), b: (A, B, C, D, E, F, G, H, I, J, K, L, M, N, O, P)) =
        a._1 === b._1 && a._2 === b._2 && a._3 === b._3 && a._4 === b._4 && a._5 === b._5 && a._6 === b._6 && a._7 === b._7 && a._8 === b._8 && a._9 === b._9 && a._10 === b._10 && a._11 === b._11 && a._12 === b._12 && a._13 === b._13 && a._14 === b._14 && a._15 === b._15 && a._16 === b._16
    }

  implicit def tuple17Equivalence[A, B, C, D, E, F, G, H, I, J, K, L, M, N, O, P, Q](implicit ea: Eq[A], eb: Eq[B], ec: Eq[C], ed: Eq[D], ee: Eq[E], ef: Eq[F], eg: Eq[G], eh: Eq[H], ei: Eq[I], ej: Eq[J], ek: Eq[K], el: Eq[L], em: Eq[M], en: Eq[N], eo: Eq[O], ep: Eq[P], eq: Eq[Q]): Eq[(A, B, C, D, E, F, G, H, I, J, K, L, M, N, O, P, Q)] =
    new Eq[(A, B, C, D, E, F, G, H, I, J, K, L, M, N, O, P, Q)] {
      override def areEquivalent(a: (A, B, C, D, E, F, G, H, I, J, K, L, M, N, O, P, Q), b: (A, B, C, D, E, F, G, H, I, J, K, L, M, N, O, P, Q)) =
        a._1 === b._1 && a._2 === b._2 && a._3 === b._3 && a._4 === b._4 && a._5 === b._5 && a._6 === b._6 && a._7 === b._7 && a._8 === b._8 && a._9 === b._9 && a._10 === b._10 && a._11 === b._11 && a._12 === b._12 && a._13 === b._13 && a._14 === b._14 && a._15 === b._15 && a._16 === b._16 && a._17 === b._17
    }

  implicit def tuple18Equivalence[A, B, C, D, E, F, G, H, I, J, K, L, M, N, O, P, Q, R](implicit ea: Eq[A], eb: Eq[B], ec: Eq[C], ed: Eq[D], ee: Eq[E], ef: Eq[F], eg: Eq[G], eh: Eq[H], ei: Eq[I], ej: Eq[J], ek: Eq[K], el: Eq[L], em: Eq[M], en: Eq[N], eo: Eq[O], ep: Eq[P], eq: Eq[Q], er: Eq[R]): Eq[(A, B, C, D, E, F, G, H, I, J, K, L, M, N, O, P, Q, R)] =
    new Eq[(A, B, C, D, E, F, G, H, I, J, K, L, M, N, O, P, Q, R)] {
      override def areEquivalent(a: (A, B, C, D, E, F, G, H, I, J, K, L, M, N, O, P, Q, R), b: (A, B, C, D, E, F, G, H, I, J, K, L, M, N, O, P, Q, R)) =
        a._1 === b._1 && a._2 === b._2 && a._3 === b._3 && a._4 === b._4 && a._5 === b._5 && a._6 === b._6 && a._7 === b._7 && a._8 === b._8 && a._9 === b._9 && a._10 === b._10 && a._11 === b._11 && a._12 === b._12 && a._13 === b._13 && a._14 === b._14 && a._15 === b._15 && a._16 === b._16 && a._17 === b._17 && a._18 === b._18
    }

  implicit def tuple19Equivalence[A, B, C, D, E, F, G, H, I, J, K, L, M, N, O, P, Q, R, S](implicit ea: Eq[A], eb: Eq[B], ec: Eq[C], ed: Eq[D], ee: Eq[E], ef: Eq[F], eg: Eq[G], eh: Eq[H], ei: Eq[I], ej: Eq[J], ek: Eq[K], el: Eq[L], em: Eq[M], en: Eq[N], eo: Eq[O], ep: Eq[P], eq: Eq[Q], er: Eq[R], es: Eq[S]): Eq[(A, B, C, D, E, F, G, H, I, J, K, L, M, N, O, P, Q, R, S)] =
    new Eq[(A, B, C, D, E, F, G, H, I, J, K, L, M, N, O, P, Q, R, S)] {
      override def areEquivalent(a: (A, B, C, D, E, F, G, H, I, J, K, L, M, N, O, P, Q, R, S), b: (A, B, C, D, E, F, G, H, I, J, K, L, M, N, O, P, Q, R, S)) =
        a._1 === b._1 && a._2 === b._2 && a._3 === b._3 && a._4 === b._4 && a._5 === b._5 && a._6 === b._6 && a._7 === b._7 && a._8 === b._8 && a._9 === b._9 && a._10 === b._10 && a._11 === b._11 && a._12 === b._12 && a._13 === b._13 && a._14 === b._14 && a._15 === b._15 && a._16 === b._16 && a._17 === b._17 && a._18 === b._18 && a._19 === b._19
    }

  implicit def tuple20Equivalence[A, B, C, D, E, F, G, H, I, J, K, L, M, N, O, P, Q, R, S, T](implicit ea: Eq[A], eb: Eq[B], ec: Eq[C], ed: Eq[D], ee: Eq[E], ef: Eq[F], eg: Eq[G], eh: Eq[H], ei: Eq[I], ej: Eq[J], ek: Eq[K], el: Eq[L], em: Eq[M], en: Eq[N], eo: Eq[O], ep: Eq[P], eq: Eq[Q], er: Eq[R], es: Eq[S], et: Eq[T]): Eq[(A, B, C, D, E, F, G, H, I, J, K, L, M, N, O, P, Q, R, S, T)] =
    new Eq[(A, B, C, D, E, F, G, H, I, J, K, L, M, N, O, P, Q, R, S, T)] {
      override def areEquivalent(a: (A, B, C, D, E, F, G, H, I, J, K, L, M, N, O, P, Q, R, S, T), b: (A, B, C, D, E, F, G, H, I, J, K, L, M, N, O, P, Q, R, S, T)) =
        a._1 === b._1 && a._2 === b._2 && a._3 === b._3 && a._4 === b._4 && a._5 === b._5 && a._6 === b._6 && a._7 === b._7 && a._8 === b._8 && a._9 === b._9 && a._10 === b._10 && a._11 === b._11 && a._12 === b._12 && a._13 === b._13 && a._14 === b._14 && a._15 === b._15 && a._16 === b._16 && a._17 === b._17 && a._18 === b._18 && a._19 === b._19 && a._20 === b._20
    }

  implicit def tuple21Equivalence[A, B, C, D, E, F, G, H, I, J, K, L, M, N, O, P, Q, R, S, T, U](implicit ea: Eq[A], eb: Eq[B], ec: Eq[C], ed: Eq[D], ee: Eq[E], ef: Eq[F], eg: Eq[G], eh: Eq[H], ei: Eq[I], ej: Eq[J], ek: Eq[K], el: Eq[L], em: Eq[M], en: Eq[N], eo: Eq[O], ep: Eq[P], eq: Eq[Q], er: Eq[R], es: Eq[S], et: Eq[T], eu: Eq[U]): Eq[(A, B, C, D, E, F, G, H, I, J, K, L, M, N, O, P, Q, R, S, T, U)] =
    new Eq[(A, B, C, D, E, F, G, H, I, J, K, L, M, N, O, P, Q, R, S, T, U)] {
      override def areEquivalent(a: (A, B, C, D, E, F, G, H, I, J, K, L, M, N, O, P, Q, R, S, T, U), b: (A, B, C, D, E, F, G, H, I, J, K, L, M, N, O, P, Q, R, S, T, U)) =
        a._1 === b._1 && a._2 === b._2 && a._3 === b._3 && a._4 === b._4 && a._5 === b._5 && a._6 === b._6 && a._7 === b._7 && a._8 === b._8 && a._9 === b._9 && a._10 === b._10 && a._11 === b._11 && a._12 === b._12 && a._13 === b._13 && a._14 === b._14 && a._15 === b._15 && a._16 === b._16 && a._17 === b._17 && a._18 === b._18 && a._19 === b._19 && a._20 === b._20 && a._21 === b._21
    }

  implicit def tuple22Equivalence[A, B, C, D, E, F, G, H, I, J, K, L, M, N, O, P, Q, R, S, T, U, V](implicit ea: Eq[A], eb: Eq[B], ec: Eq[C], ed: Eq[D], ee: Eq[E], ef: Eq[F], eg: Eq[G], eh: Eq[H], ei: Eq[I], ej: Eq[J], ek: Eq[K], el: Eq[L], em: Eq[M], en: Eq[N], eo: Eq[O], ep: Eq[P], eq: Eq[Q], er: Eq[R], es: Eq[S], et: Eq[T], eu: Eq[U], ev: Eq[V]): Eq[(A, B, C, D, E, F, G, H, I, J, K, L, M, N, O, P, Q, R, S, T, U, V)] =
    new Eq[(A, B, C, D, E, F, G, H, I, J, K, L, M, N, O, P, Q, R, S, T, U, V)] {
      override def areEquivalent(a: (A, B, C, D, E, F, G, H, I, J, K, L, M, N, O, P, Q, R, S, T, U, V), b: (A, B, C, D, E, F, G, H, I, J, K, L, M, N, O, P, Q, R, S, T, U, V)) =
        a._1 === b._1 && a._2 === b._2 && a._3 === b._3 && a._4 === b._4 && a._5 === b._5 && a._6 === b._6 && a._7 === b._7 && a._8 === b._8 && a._9 === b._9 && a._10 === b._10 && a._11 === b._11 && a._12 === b._12 && a._13 === b._13 && a._14 === b._14 && a._15 === b._15 && a._16 === b._16 && a._17 === b._17 && a._18 === b._18 && a._19 === b._19 && a._20 === b._20 && a._21 === b._21 && a._22 === b._22
    }
}

object TupleEquvalenceImplicits extends TupleEquvalenceImplicits

object generate extends (() => Seq[String]) {
  def apply() = {
    val chars = 'a' to 'z' take 22
    def typeChars(n: Int) = chars take n map (_.toUpper) mkString ("", "")
    def iparam(c: Char) = s""e${c}: Eq[${c.toUpper}]""
    def eqs(n: Int) = 1 to n map { i => s""a._$i === b._$i"" } mkString ("" && "")
    def apply(n: Int) = // n from 2 to 22
      s""""""|implicit def tuple${n}Equivalence[${typeChars(n)}](implicit ${chars take n map (iparam(_)) mkString ("", "")}): Eq[(${typeChars(n)})] =
          |new Eq[(${typeChars(n)})] {
          |  override def areEquivalent(a: (${typeChars(n)}), b: (${typeChars(n)})) =
          |    ${eqs(n)}
          |}
          |"""""".stripMargin

    2 to 22 map { n => apply(n) }
  }
}","}

  implicit def tuple7Equivalence[A, B, C, D, E, F, G](implicit ea: Eq[A], eb: Eq[B], ec: Eq[C], ed: Eq[D], ee: Eq[E], ef: Eq[F], eg: Eq[G]): Eq[(A, B, C, D, E, F, G)] =
    new Eq[(A, B, C, D, E, F, G)] {
      override def areEquivalent(a: (A, B, C, D, E, F, G), b: (A, B, C, D, E, F, G)) =
        a._1 === b._1 && a._2 === b._2 && a._3 === b._3 && a._4 === b._4 && a._5 === b._5 && a._6 === b._6 && a._7 === b._7
    }

  implicit def tuple8Equivalence[A, B, C, D, E, F, G, H](implicit ea: Eq[A], eb: Eq[B], ec: Eq[C], ed: Eq[D], ee: Eq[E], ef: Eq[F], eg: Eq[G], eh: Eq"
qwen,Qwen/Qwen3-30B-A3B-Instruct-2507:nebius,scala,GPL-3.0,db::src::test::scala::io::deftrade::db::TupleEquivalenceImplicits.scala,169,0.4,0,0.0,"    }

  implicit def tuple7Equivalence[A, B, C, D, E, F, G](implicit ea: Eq[A], eb: Eq[B], ec: Eq[C], ed: Eq[D], ee: Eq[E], ef: Eq[F], eg: Eq[G]): Eq[(A, B, C, D, E, F, G)] =
    new Eq[(A, B, C, D, E, F, G)] {
      override def areEquivalent(a: (A, B, C, D, E, F, G), b: (A, B, C, D, E, F, G)) =
        a._1 === b._1 && a._2 === b._2 && a._3 === b._3 && a._4 === b._4 && a._5 === b._5 && a._6 === b._6 && a._7 === b._7
    }

  implicit def tuple8Equivalence[A, B, C, D, E, F, G, H](implicit ea: Eq[A], eb: Eq[B], ec: Eq[C], ed: Eq[D], ee: Eq[E], ef: Eq[F], eg: Eq[G], eh: Eq[H]): Eq[(A, B, C, D, E, F, G, H)] =
    new Eq[(A, B, C, D, E, F, G, H)] {
      override def areEquivalent(a: (A, B, C, D, E, F, G, H), b: (A, B, C, D, E, F, G, H)) =
        a._1 === b._1 && a._2 === b._2 && a._3 === b._3 && a._4 === b._4 && a._5 === b._5 && a._6 === b._6 && a._7 === b._7 && a._8 === b._8
    }

  implicit def tuple9Equivalence[A, B, C, D, E, F, G, H, I](implicit ea: Eq[A], eb: Eq[B], ec: Eq[C], ed: Eq[D], ee: Eq[E], ef: Eq[F], eg: Eq[G], eh: Eq[H], ei: Eq[I]): Eq[(A, B, C, D, E, F, G, H, I)] =
    new Eq[(A, B, C, D, E, F, G, H, I)] {
      override def areEquivalent(a: (A, B, C, D, E, F, G, H, I), b: (A, B, C, D, E, F, G, H, I)) =
        a._1 === b._1 && a._2 === b._2 && a._3 === b._3 && a._4 === b._4 && a._5 === b._5 && a._6 === b._6 && a._7 === b._7 && a._8 === b._8 && a._9 === b._9
    }

  implicit def tuple10Equivalence[A, B, C, D, E, F, G, H, I, J](implicit ea: Eq[A], eb: Eq[B], ec: Eq[C], ed: Eq[D], ee: Eq[E], ef: Eq[F], eg: Eq[G], eh: Eq[H], ei: Eq[I], ej: Eq[J]): Eq[(A, B, C, D, E, F, G, H, I, J)] =
    new Eq[(A, B, C, D, E, F, G, H, I, J)] {
      override def areEquivalent(a: (A, B, C, D, E, F, G, H, I, J), b: (A, B, C, D, E, F, G, H, I, J)) =
        a._1 === b._1 && a._2 === b._2 && a._3 === b._3 && a._4 === b._4 && a._5 === b._5 && a._6 === b._6 && a._7 === b._7 && a._8 === b._8 && a._9 === b._9 && a._10 === b._10
    }

  implicit def tuple11Equivalence[A, B, C, D, E, F, G, H, I, J, K](implicit ea: Eq[A], eb: Eq[B], ec: Eq[C], ed: Eq[D], ee: Eq[E], ef: Eq[F], eg: Eq[G], eh: Eq[H], ei: Eq[I], ej: Eq[J], ek: Eq[K]): Eq[(A, B, C, D, E, F, G, H, I, J, K)] =
    new Eq[(A, B, C, D, E, F, G, H, I, J, K)] {
      override def areEquivalent(a: (A, B, C, D, E, F, G, H, I, J, K), b: (A, B, C, D, E, F, G, H, I, J, K)) =
        a._1 === b._1 && a._2 === b._2 && a._3 === b._3 && a._4 === b._4 && a._5 === b._5 && a._6 === b._6 && a._7 === b._7 && a._8 === b._8 && a._9 === b._9 && a._10 === b._10 && a._11 === b._11
    }

  implicit def tuple12Equivalence[A, B, C, D, E, F, G, H, I, J, K, L](implicit ea: Eq[A], eb: Eq[B], ec: Eq[C], ed: Eq[D], ee: Eq[E], ef: Eq[F], eg: Eq[G], eh: Eq[H], ei: Eq[I], ej: Eq[J], ek: Eq[K], el: Eq[L]): Eq[(A, B, C, D, E, F, G, H, I, J, K, L)] =
    new Eq[(A, B, C, D, E, F, G, H, I, J, K, L)] {
      override def areEquivalent(a: (A, B, C, D, E, F, G, H, I, J, K, L), b: (A, B, C, D, E, F, G, H, I, J, K, L)) =
        a._1 === b._1 && a._2 === b._2 && a._3 === b._3 && a._4 === b._4 && a._5 === b._5 && a._6 === b._6 && a._7 === b._7 && a._8 === b._8 && a._9 === b._9 && a._10 === b._10 && a._11 === b._11 && a._12 === b._12
    }

  implicit def tuple13Equivalence[A, B, C, D, E, F, G, H, I, J, K, L, M](implicit ea: Eq[A], eb: Eq[B], ec: Eq[C], ed: Eq[D], ee: Eq[E], ef: Eq[F], eg: Eq[G], eh: Eq[H], ei: Eq[I], ej: Eq[J], ek: Eq[K], el: Eq[L], em: Eq[M]): Eq[(A, B, C, D, E, F, G, H, I, J, K, L, M)] =
    new Eq[(A, B, C, D, E, F, G, H, I, J, K, L, M)] {
      override def areEquivalent(a: (A, B, C, D, E, F, G, H, I, J, K, L, M), b: (A, B, C, D, E, F, G, H, I, J, K, L, M)) =
        a._1 === b._1 && a._2 === b._2 && a._3 === b._3 && a._4 === b._4 && a._5 === b._5 && a._6 === b._6 && a._7 === b._7 && a._8 === b._8 && a._9 === b._9 && a._10 === b._10 && a._11 === b._11 && a._12 === b._12 && a._13 === b._13
    }

  implicit def tuple14Equivalence[A, B, C, D, E, F, G, H, I, J, K, L, M, N](implicit ea: Eq[A], eb: Eq[B], ec: Eq[C], ed: Eq[D], ee: Eq[E], ef: Eq[F], eg: Eq[G], eh: Eq[H], ei: Eq[I], ej: Eq[J], ek: Eq[K], el: Eq[L], em: Eq[M], en: Eq[N]): Eq[(A, B, C, D, E, F, G, H, I, J, K, L, M, N)] =
    new Eq[(A, B, C, D, E, F, G, H, I, J, K, L, M, N)] {
      override def areEquivalent(a: (A, B, C, D, E, F, G, H, I, J, K, L, M, N), b: (A, B, C, D, E, F, G, H, I, J, K, L, M, N)) =
        a._1 === b._1 && a._2 === b._2 && a._3 === b._3 && a._4 === b._4 && a._5 === b._5 && a._6 === b._6 && a._7 === b._7 && a._8 === b._8 && a._9 === b._9 && a._10 === b._10 && a._11 === b._11 && a._12 === b._12 && a._13 === b._13 && a._14 === b._14
    }

  implicit def tuple15Equivalence[A, B, C, D, E, F, G, H, I, J, K, L, M, N, O](implicit ea: Eq[A], eb: Eq[B], ec: Eq[C], ed: Eq[D], ee: Eq[E], ef: Eq[F], eg: Eq[G], eh: Eq[H], ei: Eq[I], ej: Eq[J], ek: Eq[K], el: Eq[L], em: Eq[M], en: Eq[N], eo: Eq[O]): Eq[(A, B, C, D, E, F, G, H, I, J, K, L, M, N, O)] =
    new Eq[(A, B, C, D, E, F, G, H, I, J, K, L, M, N, O)] {
      override def areEquivalent(a: (A, B, C, D, E, F, G, H, I, J, K, L, M, N, O), b: (A, B, C, D, E, F, G, H, I, J, K, L, M, N, O)) =
        a._1 === b._1 && a._2 === b._2 && a._3 === b._3 && a._4 === b._4 && a._5 === b._5 && a._6 === b._6 && a._7 === b._7 && a._8 === b._8 && a._9 === b._9 && a._10 === b._10 && a._11 === b._11 && a._12 === b._12 && a._13 === b._13 && a._14 === b._14 && a._15 === b._15
    }

  implicit def tuple16Equivalence[A, B, C, D, E, F, G, H, I, J, K, L, M, N, O, P](implicit ea: Eq[A], eb: Eq[B], ec: Eq[C], ed: Eq[D], ee: Eq[E], ef: Eq[F], eg: Eq[G], eh: Eq[H], ei: Eq[I], ej: Eq[J], ek: Eq[K], el: Eq[L], em: Eq[M], en: Eq[N], eo: Eq[O], ep: Eq[P]): Eq[(A, B, C, D, E, F, G, H, I, J, K, L, M, N, O, P)] =
    new Eq[(A, B, C, D, E, F, G, H, I, J, K, L, M, N, O, P)] {
      override def areEquivalent(a: (A, B, C, D, E, F, G, H, I, J, K, L, M, N, O, P), b: (A, B, C, D, E, F, G, H, I, J, K, L, M, N, O, P)) =
        a._1 === b._1 && a._2 === b._2 && a._3 === b._3 && a._4 === b._4 && a._5 === b._5 && a._6 === b._6 && a._7 === b._7 && a._8 === b._8 && a._9 === b._9 && a._10 === b._10 && a._11 === b._11 && a._12 === b._12 && a._13 === b._13 && a._14 === b._14 && a._15 === b._15 && a._16 === b._16
    }

  implicit def tuple17Equivalence[A, B, C, D, E, F, G, H, I, J, K, L, M, N, O, P, Q](implicit ea: Eq[A], eb: Eq[B], ec: Eq[C], ed: Eq[D], ee: Eq[E], ef: Eq[F], eg: Eq[G], eh: Eq[H], ei: Eq[I], ej: Eq[J], ek: Eq[K], el: Eq[L], em: Eq[M], en: Eq[N], eo: Eq[O], ep: Eq[P], eq: Eq[Q]): Eq[(A, B, C, D, E, F, G, H, I, J, K, L, M, N, O, P, Q)] =
    new Eq[(A, B, C, D, E, F, G, H, I, J, K, L, M, N, O, P, Q)] {
      override def areEquivalent(a: (A, B, C, D, E, F, G, H, I, J, K, L, M, N, O, P, Q), b: (A, B, C, D, E, F, G, H, I, J, K, L, M, N, O, P, Q)) =
        a._1 === b._1 && a._2 === b._2 && a._3 === b._3 && a._4 === b._4 && a._5 === b._5 && a._6 === b._6 && a._7 === b._7 && a._8 === b._8 && a._9 === b._9 && a._10 === b._10 && a._11 === b._11 && a._12 === b._12 && a._13 === b._13 && a._14 === b._14 && a._15 === b._15 && a._16 === b._16 && a._17 === b._17
    }

  implicit def tuple18Equivalence[A, B, C, D, E, F, G, H, I, J, K, L, M, N, O, P, Q, R](implicit ea: Eq[A], eb: Eq[B], ec: Eq[C], ed: Eq[D], ee: Eq[E], ef: Eq[F], eg: Eq[G], eh: Eq[H], ei: Eq[I], ej: Eq[J], ek: Eq[K], el: Eq[L], em: Eq[M], en: Eq[N], eo: Eq[O], ep: Eq[P], eq: Eq[Q], er: Eq[R]): Eq[(A, B, C, D, E, F, G, H, I, J, K, L, M, N, O, P, Q, R)] =
    new Eq[(A, B, C, D, E, F, G, H, I, J, K, L, M, N, O, P, Q, R)] {
      override def areEquivalent(a: (A, B, C, D, E, F, G, H, I, J, K, L, M, N, O, P, Q, R), b: (A, B, C, D, E, F, G, H, I, J, K, L, M, N, O, P, Q, R)) =
        a._1 === b._1 && a._2 === b._2 && a._3 === b._3 && a._4 === b._4 && a._5 === b._5 && a._6 === b._6 && a._7 === b._7 && a._8 === b._8 && a._9 === b._9 && a._10 === b._10 && a._11 === b._11 && a._12 === b._12 && a._13 === b._13 && a._14 === b._14 && a._15 === b._15 && a._16 === b._16 && a._17 === b._17 && a._18 === b._18
    }

  implicit def tuple19Equivalence[A, B, C, D, E, F, G, H, I, J, K, L, M, N, O, P, Q, R, S](implicit ea: Eq[A], eb: Eq[B], ec: Eq[C], ed: Eq[D], ee: Eq[E], ef: Eq[F], eg: Eq[G], eh: Eq[H], ei: Eq[I], ej: Eq[J], ek: Eq[K], el: Eq[L], em: Eq[M], en: Eq[N], eo: Eq[O], ep: Eq[P], eq: Eq[Q], er: Eq[R], es: Eq[S]): Eq[(A, B, C, D, E, F, G, H, I, J, K, L, M, N, O, P, Q, R, S)] =
    new Eq[(A, B, C, D, E, F, G, H, I, J, K, L, M, N, O, P, Q, R, S)] {
      override def areEquivalent(a: (A, B, C, D, E, F, G, H, I, J, K, L, M, N, O, P, Q, R, S), b: (A, B, C, D, E, F, G, H, I, J, K, L, M, N, O, P, Q, R, S)) =
        a._1 === b._1 && a._2 === b._2 && a._3 === b._3 && a._4 === b._4 && a._5 === b._5 && a._6 === b._6 && a._7 === b._7 && a._8 === b._8 && a._9 === b._9 && a._10 === b._10 && a._11 === b._11 && a._12 === b._12 && a._13 === b._13 && a._14 === b._14 && a._15 === b._15 && a._16 === b._16 && a._17 === b._17 && a._18 === b._18 && a._19 === b._19
    }

  implicit def tuple20Equivalence[A, B, C, D, E, F, G, H, I, J, K, L, M, N, O, P, Q, R, S, T](implicit ea: Eq[A], eb: Eq[B], ec: Eq[C], ed: Eq[D], ee: Eq[E], ef: Eq[F], eg: Eq[G], eh: Eq[H], ei: Eq[I], ej: Eq[J], ek: Eq[K], el: Eq[L], em: Eq[M], en: Eq[N], eo: Eq[O], ep: Eq[P], eq: Eq[Q], er: Eq[R], es: Eq[S], et: Eq[T]): Eq[(A, B, C, D, E, F, G, H, I, J, K, L, M, N, O, P, Q, R, S, T)] =
    new Eq[(A, B, C, D, E, F, G, H, I, J, K, L, M, N, O, P, Q, R, S, T)] {
      override def areEquivalent(a: (A, B, C, D, E, F, G, H, I, J, K, L, M, N, O, P, Q, R, S, T), b: (A, B, C, D, E, F, G, H, I, J, K, L, M, N, O, P, Q, R, S, T)) =
        a._1 === b._1 && a._2 === b._2 && a._3 === b._3 && a._4 === b._4 && a._5 === b._5 && a._6 === b._6 && a._7 === b._7 && a._8 === b._8 && a._9 === b._9 && a._10 === b._10 && a._11 === b._11 && a._12 === b._12 && a._13 === b._13 && a._14 === b._14 && a._15 === b._15 && a._16 === b._16 && a._17 === b._17 && a._18 === b._18 && a._19 === b._19 && a._20 === b._20
    }

  implicit def tuple21Equivalence[A, B, C, D, E, F, G, H, I, J, K, L, M, N, O, P, Q, R, S, T, U](implicit ea: Eq[A], eb: Eq[B], ec: Eq[C], ed: Eq[D], ee: Eq[E], ef: Eq[F], eg: Eq[G], eh: Eq[H], ei: Eq[I], ej: Eq[J], ek: Eq[K], el: Eq[L], em: Eq[M], en: Eq[N], eo: Eq[O], ep: Eq[P], eq: Eq[Q], er: Eq[R], es: Eq[S], et: Eq[T], eu: Eq[U]): Eq[(A, B, C, D, E, F, G, H, I, J, K, L, M, N, O, P, Q, R, S, T, U)] =
    new Eq[(A, B, C, D, E, F, G, H, I, J, K, L, M, N, O, P, Q, R, S, T, U)] {
      override def areEquivalent(a: (A, B, C, D, E, F, G, H, I, J, K, L, M, N, O, P, Q, R, S, T, U), b: (A, B, C, D, E, F, G, H, I, J, K, L, M, N, O, P, Q, R, S, T, U)) =
        a._1 === b._1 && a._2 === b._2 && a._3 === b._3 && a._4 === b._4 && a._5 === b._5 && a._6 === b._6 && a._7 === b._7 && a._8 === b._8 && a._9 === b._9 && a._10 === b._10 && a._11 === b._11 && a._12 === b._12 && a._13 === b._13 && a._14 === b._14 && a._15 === b._15 && a._16 === b._16 && a._17 === b._17 && a._18 === b._18 && a._19 === b._19 && a._20 === b._20 && a._21 === b._21
    }

  implicit def tuple22Equivalence[A, B, C, D, E, F, G, H, I, J, K, L, M, N, O, P, Q, R, S, T, U, V](implicit ea: Eq[A], eb: Eq[B], ec: Eq[C], ed: Eq[D], ee: Eq[E], ef: Eq[F], eg: Eq[G], eh: Eq[H], ei: Eq[I], ej: Eq[J], ek: Eq[K], el: Eq[L], em: Eq[M], en: Eq[N], eo: Eq[O], ep: Eq[P], eq: Eq[Q], er: Eq[R], es: Eq[S], et: Eq[T], eu: Eq[U], ev: Eq[V]): Eq[(A, B, C, D, E, F, G, H, I, J, K, L, M, N, O, P, Q, R, S, T, U, V)] =
    new Eq[(A, B, C, D, E, F, G, H, I, J, K, L, M, N, O, P, Q, R, S, T, U, V)] {
      override def areEquivalent(a: (A, B, C, D, E, F, G, H, I, J, K, L, M, N, O, P, Q, R, S, T, U, V), b: (A, B, C, D, E, F, G, H, I, J, K, L, M, N, O, P, Q, R, S, T, U, V)) =
        a._1 === b._1 && a._2 === b._2 && a._3 === b._3 && a._4 === b._4 && a._5 === b._5 && a._6 === b._6 && a._7 === b._7 && a._8 === b._8 && a._9 === b._9 && a._10 === b._10 && a._11 === b._11 && a._12 === b._12 && a._13 === b._13 && a._14 === b._14 && a._15 === b._15 && a._16 === b._16 && a._17 === b._17 && a._18 === b._18 && a._19 === b._19 && a._20 === b._20 && a._21 === b._21 && a._22 === b._22
    }
}

object TupleEquvalenceImplicits extends TupleEquvalenceImplicits

object generate extends (() => Seq[String]) {
  def apply() = {
    val chars = 'a' to 'z' take 22
    def typeChars(n: Int) = chars take n map (_.toUpper) mkString ("", "")
    def iparam(c: Char) = s""e${c}: Eq[${c.toUpper}]""
    def eqs(n: Int) = 1 to n map { i => s""a._$i === b._$i"" } mkString ("" && "")
    def apply(n: Int) = // n from 2 to 22
      s""""""|implicit def tuple${n}Equivalence[${typeChars(n)}](implicit ${chars take n map (iparam(_)) mkString ("", "")}): Eq[(${typeChars(n)})] =
          |new Eq[(${typeChars(n)})] {
          |  override def areEquivalent(a: (${typeChars(n)}), b: (${typeChars(n)})) =
          |    ${eqs(n)}
          |}
          |"""""".stripMargin

    2 to 22 map { n => apply(n) }
  }
}",}
qwen,Qwen/Qwen3-30B-A3B-Instruct-2507:nebius,scala,GPL-3.0,db::src::test::scala::io::deftrade::db::TupleEquivalenceImplicits.scala,169,0.8,0,0.6770038167938931,"    }

  implicit def tuple7Equivalence[A, B, C, D, E, F, G](implicit ea: Eq[A], eb: Eq[B], ec: Eq[C], ed: Eq[D], ee: Eq[E], ef: Eq[F], eg: Eq[G]): Eq[(A, B, C, D, E, F, G)] =
    new Eq[(A, B, C, D, E, F, G)] {
      override def areEquivalent(a: (A, B, C, D, E, F, G), b: (A, B, C, D, E, F, G)) =
        a._1 === b._1 && a._2 === b._2 && a._3 === b._3 && a._4 === b._4 && a._5 === b._5 && a._6 === b._6 && a._7 === b._7
    }

  implicit def tuple8Equivalence[A, B, C, D, E, F, G, H](implicit ea: Eq[A], eb: Eq[B], ec: Eq[C], ed: Eq[D], ee: Eq[E], ef: Eq[F], eg: Eq[G], eh: Eq[H]): Eq[(A, B, C, D, E, F, G, H)] =
    new Eq[(A, B, C, D, E, F, G, H)] {
      override def areEquivalent(a: (A, B, C, D, E, F, G, H), b: (A, B, C, D, E, F, G, H)) =
        a._1 === b._1 && a._2 === b._2 && a._3 === b._3 && a._4 === b._4 && a._5 === b._5 && a._6 === b._6 && a._7 === b._7 && a._8 === b._8
    }

  implicit def tuple9Equivalence[A, B, C, D, E, F, G, H, I](implicit ea: Eq[A], eb: Eq[B], ec: Eq[C], ed: Eq[D], ee: Eq[E], ef: Eq[F], eg: Eq[G], eh: Eq[H], ei: Eq[I]): Eq[(A, B, C, D, E, F, G, H, I)] =
    new Eq[(A, B, C, D, E, F, G, H, I)] {
      override def areEquivalent(a: (A, B, C, D, E, F, G, H, I), b: (A, B, C, D, E, F, G, H, I)) =
        a._1 === b._1 && a._2 === b._2 && a._3 === b._3 && a._4 === b._4 && a._5 === b._5 && a._6 === b._6 && a._7 === b._7 && a._8 === b._8 && a._9 === b._9
    }

  implicit def tuple10Equivalence[A, B, C, D, E, F, G, H, I, J](implicit ea: Eq[A], eb: Eq[B], ec: Eq[C], ed: Eq[D], ee: Eq[E], ef: Eq[F], eg: Eq[G], eh: Eq[H], ei: Eq[I], ej: Eq[J]): Eq[(A, B, C, D, E, F, G, H, I, J)] =
    new Eq[(A, B, C, D, E, F, G, H, I, J)] {
      override def areEquivalent(a: (A, B, C, D, E, F, G, H, I, J), b: (A, B, C, D, E, F, G, H, I, J)) =
        a._1 === b._1 && a._2 === b._2 && a._3 === b._3 && a._4 === b._4 && a._5 === b._5 && a._6 === b._6 && a._7 === b._7 && a._8 === b._8 && a._9 === b._9 && a._10 === b._10
    }

  implicit def tuple11Equivalence[A, B, C, D, E, F, G, H, I, J, K](implicit ea: Eq[A], eb: Eq[B], ec: Eq[C], ed: Eq[D], ee: Eq[E], ef: Eq[F], eg: Eq[G], eh: Eq[H], ei: Eq[I], ej: Eq[J], ek: Eq[K]): Eq[(A, B, C, D, E, F, G, H, I, J, K)] =
    new Eq[(A, B, C, D, E, F, G, H, I, J, K)] {
      override def areEquivalent(a: (A, B, C, D, E, F, G, H, I, J, K), b: (A, B, C, D, E, F, G, H, I, J, K)) =
        a._1 === b._1 && a._2 === b._2 && a._3 === b._3 && a._4 === b._4 && a._5 === b._5 && a._6 === b._6 && a._7 === b._7 && a._8 === b._8 && a._9 === b._9 && a._10 === b._10 && a._11 === b._11
    }

  implicit def tuple12Equivalence[A, B, C, D, E, F, G, H, I, J, K, L](implicit ea: Eq[A], eb: Eq[B], ec: Eq[C], ed: Eq[D], ee: Eq[E], ef: Eq[F], eg: Eq[G], eh: Eq[H], ei: Eq[I], ej: Eq[J], ek: Eq[K], el: Eq[L]): Eq[(A, B, C, D, E, F, G, H, I, J, K, L)] =
    new Eq[(A, B, C, D, E, F, G, H, I, J, K, L)] {
      override def areEquivalent(a: (A, B, C, D, E, F, G, H, I, J, K, L), b: (A, B, C, D, E, F, G, H, I, J, K, L)) =
        a._1 === b._1 && a._2 === b._2 && a._3 === b._3 && a._4 === b._4 && a._5 === b._5 && a._6 === b._6 && a._7 === b._7 && a._8 === b._8 && a._9 === b._9 && a._10 === b._10 && a._11 === b._11 && a._12 === b._12
    }

  implicit def tuple13Equivalence[A, B, C, D, E, F, G, H, I, J, K, L, M](implicit ea: Eq[A], eb: Eq[B], ec: Eq[C], ed: Eq[D], ee: Eq[E], ef: Eq[F], eg: Eq[G], eh: Eq[H], ei: Eq[I], ej: Eq[J], ek: Eq[K], el: Eq[L], em: Eq[M]): Eq[(A, B, C, D, E, F, G, H, I, J, K, L, M)] =
    new Eq[(A, B, C, D, E, F, G, H, I, J, K, L, M)] {
      override def areEquivalent(a: (A, B, C, D, E, F, G, H, I, J, K, L, M), b: (A, B, C, D, E, F, G, H, I, J, K, L, M)) =
        a._1 === b._1 && a._2 === b._2 && a._3 === b._3 && a._4 === b._4 && a._5 === b._5 && a._6 === b._6 && a._7 === b._7 && a._8 === b._8 && a._9 === b._9 && a._10 === b._10 && a._11 === b._11 && a._12 === b._12 && a._13 === b._13
    }

  implicit def tuple14Equivalence[A, B, C, D, E, F, G, H, I, J, K, L, M, N](implicit ea: Eq[A], eb: Eq[B], ec: Eq[C], ed: Eq[D], ee: Eq[E], ef: Eq[F], eg: Eq[G], eh: Eq[H], ei: Eq[I], ej: Eq[J], ek: Eq[K], el: Eq[L], em: Eq[M], en: Eq[N]): Eq[(A, B, C, D, E, F, G, H, I, J, K, L, M, N)] =
    new Eq[(A, B, C, D, E, F, G, H, I, J, K, L, M, N)] {
      override def areEquivalent(a: (A, B, C, D, E, F, G, H, I, J, K, L, M, N), b: (A, B, C, D, E, F, G, H, I, J, K, L, M, N)) =
        a._1 === b._1 && a._2 === b._2 && a._3 === b._3 && a._4 === b._4 && a._5 === b._5 && a._6 === b._6 && a._7 === b._7 && a._8 === b._8 && a._9 === b._9 && a._10 === b._10 && a._11 === b._11 && a._12 === b._12 && a._13 === b._13 && a._14 === b._14
    }

  implicit def tuple15Equivalence[A, B, C, D, E, F, G, H, I, J, K, L, M, N, O](implicit ea: Eq[A], eb: Eq[B], ec: Eq[C], ed: Eq[D], ee: Eq[E], ef: Eq[F], eg: Eq[G], eh: Eq[H], ei: Eq[I], ej: Eq[J], ek: Eq[K], el: Eq[L], em: Eq[M], en: Eq[N], eo: Eq[O]): Eq[(A, B, C, D, E, F, G, H, I, J, K, L, M, N, O)] =
    new Eq[(A, B, C, D, E, F, G, H, I, J, K, L, M, N, O)] {
      override def areEquivalent(a: (A, B, C, D, E, F, G, H, I, J, K, L, M, N, O), b: (A, B, C, D, E, F, G, H, I, J, K, L, M, N, O)) =
        a._1 === b._1 && a._2 === b._2 && a._3 === b._3 && a._4 === b._4 && a._5 === b._5 && a._6 === b._6 && a._7 === b._7 && a._8 === b._8 && a._9 === b._9 && a._10 === b._10 && a._11 === b._11 && a._12 === b._12 && a._13 === b._13 && a._14 === b._14 && a._15 === b._15
    }

  implicit def tuple16Equivalence[A, B, C, D, E, F, G, H, I, J, K, L, M, N, O, P](implicit ea: Eq[A], eb: Eq[B], ec: Eq[C], ed: Eq[D], ee: Eq[E], ef: Eq[F], eg: Eq[G], eh: Eq[H], ei: Eq[I], ej: Eq[J], ek: Eq[K], el: Eq[L], em: Eq[M], en: Eq[N], eo: Eq[O], ep: Eq[P]): Eq[(A, B, C, D, E, F, G, H, I, J, K, L, M, N, O, P)] =
    new Eq[(A, B, C, D, E, F, G, H, I, J, K, L, M, N, O, P)] {
      override def areEquivalent(a: (A, B, C, D, E, F, G, H, I, J, K, L, M, N, O, P), b: (A, B, C, D, E, F, G, H, I, J, K, L, M, N, O, P)) =
        a._1 === b._1 && a._2 === b._2 && a._3 === b._3 && a._4 === b._4 && a._5 === b._5 && a._6 === b._6 && a._7 === b._7 && a._8 === b._8 && a._9 === b._9 && a._10 === b._10 && a._11 === b._11 && a._12 === b._12 && a._13 === b._13 && a._14 === b._14 && a._15 === b._15 && a._16 === b._16
    }

  implicit def tuple17Equivalence[A, B, C, D, E, F, G, H, I, J, K, L, M, N, O, P, Q](implicit ea: Eq[A], eb: Eq[B], ec: Eq[C], ed: Eq[D], ee: Eq[E], ef: Eq[F], eg: Eq[G], eh: Eq[H], ei: Eq[I], ej: Eq[J], ek: Eq[K], el: Eq[L], em: Eq[M], en: Eq[N], eo: Eq[O], ep: Eq[P], eq: Eq[Q]): Eq[(A, B, C, D, E, F, G, H, I, J, K, L, M, N, O, P, Q)] =
    new Eq[(A, B, C, D, E, F, G, H, I, J, K, L, M, N, O, P, Q)] {
      override def areEquivalent(a: (A, B, C, D, E, F, G, H, I, J, K, L, M, N, O, P, Q), b: (A, B, C, D, E, F, G, H, I, J, K, L, M, N, O, P, Q)) =
        a._1 === b._1 && a._2 === b._2 && a._3 === b._3 && a._4 === b._4 && a._5 === b._5 && a._6 === b._6 && a._7 === b._7 && a._8 === b._8 && a._9 === b._9 && a._10 === b._10 && a._11 === b._11 && a._12 === b._12 && a._13 === b._13 && a._14 === b._14 && a._15 === b._15 && a._16 === b._16 && a._17 === b._17
    }

  implicit def tuple18Equivalence[A, B, C, D, E, F, G, H, I, J, K, L, M, N, O, P, Q, R](implicit ea: Eq[A], eb: Eq[B], ec: Eq[C], ed: Eq[D], ee: Eq[E], ef: Eq[F], eg: Eq[G], eh: Eq[H], ei: Eq[I], ej: Eq[J], ek: Eq[K], el: Eq[L], em: Eq[M], en: Eq[N], eo: Eq[O], ep: Eq[P], eq: Eq[Q], er: Eq[R]): Eq[(A, B, C, D, E, F, G, H, I, J, K, L, M, N, O, P, Q, R)] =
    new Eq[(A, B, C, D, E, F, G, H, I, J, K, L, M, N, O, P, Q, R)] {
      override def areEquivalent(a: (A, B, C, D, E, F, G, H, I, J, K, L, M, N, O, P, Q, R), b: (A, B, C, D, E, F, G, H, I, J, K, L, M, N, O, P, Q, R)) =
        a._1 === b._1 && a._2 === b._2 && a._3 === b._3 && a._4 === b._4 && a._5 === b._5 && a._6 === b._6 && a._7 === b._7 && a._8 === b._8 && a._9 === b._9 && a._10 === b._10 && a._11 === b._11 && a._12 === b._12 && a._13 === b._13 && a._14 === b._14 && a._15 === b._15 && a._16 === b._16 && a._17 === b._17 && a._18 === b._18
    }

  implicit def tuple19Equivalence[A, B, C, D, E, F, G, H, I, J, K, L, M, N, O, P, Q, R, S](implicit ea: Eq[A], eb: Eq[B], ec: Eq[C], ed: Eq[D], ee: Eq[E], ef: Eq[F], eg: Eq[G], eh: Eq[H], ei: Eq[I], ej: Eq[J], ek: Eq[K], el: Eq[L], em: Eq[M], en: Eq[N], eo: Eq[O], ep: Eq[P], eq: Eq[Q], er: Eq[R], es: Eq[S]): Eq[(A, B, C, D, E, F, G, H, I, J, K, L, M, N, O, P, Q, R, S)] =
    new Eq[(A, B, C, D, E, F, G, H, I, J, K, L, M, N, O, P, Q, R, S)] {
      override def areEquivalent(a: (A, B, C, D, E, F, G, H, I, J, K, L, M, N, O, P, Q, R, S), b: (A, B, C, D, E, F, G, H, I, J, K, L, M, N, O, P, Q, R, S)) =
        a._1 === b._1 && a._2 === b._2 && a._3 === b._3 && a._4 === b._4 && a._5 === b._5 && a._6 === b._6 && a._7 === b._7 && a._8 === b._8 && a._9 === b._9 && a._10 === b._10 && a._11 === b._11 && a._12 === b._12 && a._13 === b._13 && a._14 === b._14 && a._15 === b._15 && a._16 === b._16 && a._17 === b._17 && a._18 === b._18 && a._19 === b._19
    }

  implicit def tuple20Equivalence[A, B, C, D, E, F, G, H, I, J, K, L, M, N, O, P, Q, R, S, T](implicit ea: Eq[A], eb: Eq[B], ec: Eq[C], ed: Eq[D], ee: Eq[E], ef: Eq[F], eg: Eq[G], eh: Eq[H], ei: Eq[I], ej: Eq[J], ek: Eq[K], el: Eq[L], em: Eq[M], en: Eq[N], eo: Eq[O], ep: Eq[P], eq: Eq[Q], er: Eq[R], es: Eq[S], et: Eq[T]): Eq[(A, B, C, D, E, F, G, H, I, J, K, L, M, N, O, P, Q, R, S, T)] =
    new Eq[(A, B, C, D, E, F, G, H, I, J, K, L, M, N, O, P, Q, R, S, T)] {
      override def areEquivalent(a: (A, B, C, D, E, F, G, H, I, J, K, L, M, N, O, P, Q, R, S, T), b: (A, B, C, D, E, F, G, H, I, J, K, L, M, N, O, P, Q, R, S, T)) =
        a._1 === b._1 && a._2 === b._2 && a._3 === b._3 && a._4 === b._4 && a._5 === b._5 && a._6 === b._6 && a._7 === b._7 && a._8 === b._8 && a._9 === b._9 && a._10 === b._10 && a._11 === b._11 && a._12 === b._12 && a._13 === b._13 && a._14 === b._14 && a._15 === b._15 && a._16 === b._16 && a._17 === b._17 && a._18 === b._18 && a._19 === b._19 && a._20 === b._20
    }

  implicit def tuple21Equivalence[A, B, C, D, E, F, G, H, I, J, K, L, M, N, O, P, Q, R, S, T, U](implicit ea: Eq[A], eb: Eq[B], ec: Eq[C], ed: Eq[D], ee: Eq[E], ef: Eq[F], eg: Eq[G], eh: Eq[H], ei: Eq[I], ej: Eq[J], ek: Eq[K], el: Eq[L], em: Eq[M], en: Eq[N], eo: Eq[O], ep: Eq[P], eq: Eq[Q], er: Eq[R], es: Eq[S], et: Eq[T], eu: Eq[U]): Eq[(A, B, C, D, E, F, G, H, I, J, K, L, M, N, O, P, Q, R, S, T, U)] =
    new Eq[(A, B, C, D, E, F, G, H, I, J, K, L, M, N, O, P, Q, R, S, T, U)] {
      override def areEquivalent(a: (A, B, C, D, E, F, G, H, I, J, K, L, M, N, O, P, Q, R, S, T, U), b: (A, B, C, D, E, F, G, H, I, J, K, L, M, N, O, P, Q, R, S, T, U)) =
        a._1 === b._1 && a._2 === b._2 && a._3 === b._3 && a._4 === b._4 && a._5 === b._5 && a._6 === b._6 && a._7 === b._7 && a._8 === b._8 && a._9 === b._9 && a._10 === b._10 && a._11 === b._11 && a._12 === b._12 && a._13 === b._13 && a._14 === b._14 && a._15 === b._15 && a._16 === b._16 && a._17 === b._17 && a._18 === b._18 && a._19 === b._19 && a._20 === b._20 && a._21 === b._21
    }

  implicit def tuple22Equivalence[A, B, C, D, E, F, G, H, I, J, K, L, M, N, O, P, Q, R, S, T, U, V](implicit ea: Eq[A], eb: Eq[B], ec: Eq[C], ed: Eq[D], ee: Eq[E], ef: Eq[F], eg: Eq[G], eh: Eq[H], ei: Eq[I], ej: Eq[J], ek: Eq[K], el: Eq[L], em: Eq[M], en: Eq[N], eo: Eq[O], ep: Eq[P], eq: Eq[Q], er: Eq[R], es: Eq[S], et: Eq[T], eu: Eq[U], ev: Eq[V]): Eq[(A, B, C, D, E, F, G, H, I, J, K, L, M, N, O, P, Q, R, S, T, U, V)] =
    new Eq[(A, B, C, D, E, F, G, H, I, J, K, L, M, N, O, P, Q, R, S, T, U, V)] {
      override def areEquivalent(a: (A, B, C, D, E, F, G, H, I, J, K, L, M, N, O, P, Q, R, S, T, U, V), b: (A, B, C, D, E, F, G, H, I, J, K, L, M, N, O, P, Q, R, S, T, U, V)) =
        a._1 === b._1 && a._2 === b._2 && a._3 === b._3 && a._4 === b._4 && a._5 === b._5 && a._6 === b._6 && a._7 === b._7 && a._8 === b._8 && a._9 === b._9 && a._10 === b._10 && a._11 === b._11 && a._12 === b._12 && a._13 === b._13 && a._14 === b._14 && a._15 === b._15 && a._16 === b._16 && a._17 === b._17 && a._18 === b._18 && a._19 === b._19 && a._20 === b._20 && a._21 === b._21 && a._22 === b._22
    }
}

object TupleEquvalenceImplicits extends TupleEquvalenceImplicits

object generate extends (() => Seq[String]) {
  def apply() = {
    val chars = 'a' to 'z' take 22
    def typeChars(n: Int) = chars take n map (_.toUpper) mkString ("", "")
    def iparam(c: Char) = s""e${c}: Eq[${c.toUpper}]""
    def eqs(n: Int) = 1 to n map { i => s""a._$i === b._$i"" } mkString ("" && "")
    def apply(n: Int) = // n from 2 to 22
      s""""""|implicit def tuple${n}Equivalence[${typeChars(n)}](implicit ${chars take n map (iparam(_)) mkString ("", "")}): Eq[(${typeChars(n)})] =
          |new Eq[(${typeChars(n)})] {
          |  override def areEquivalent(a: (${typeChars(n)}), b: (${typeChars(n)})) =
          |    ${eqs(n)}
          |}
          |"""""".stripMargin

    2 to 22 map { n => apply(n) }
  }
}","}

  implicit def tuple7Equivalence[A, B, C, D, E, F, G](implicit ea: Eq[A], eb: Eq[B], ec: Eq[C], ed: Eq[D], ee: Eq[E], ef: Eq[F], eg: Eq[G]): Eq[(A, B, C, D, E, F, G)] =
    new Eq[(A, B, C, D, E, F, G)] {
      override def areEquivalent(a: (A, B, C, D, E, F, G), b: (A, B, C, D, E, F, G)) =
        a._1 === b._1 && a._2 === b._2 && a._3 === b._3 && a._4 === b._4 && a._5 === b._5 && a._6 === b._6 && a._7 === b._7
    }

  implicit def tuple8Equivalence[A, B, C, D, E, F, G, H](implicit ea: Eq[A], eb: Eq[B], ec: Eq[C], ed: Eq[D], ee: Eq[E], ef: Eq[F], eg: Eq[G], eh: Eq"
qwen,Qwen/Qwen3-30B-A3B-Instruct-2507:nebius,scala,GPL-3.0,service_backend::app::repositories::conservation::dao::MaterialDeterminationDao.scala,352,0.2,0,0.0103359173126615,"
  private def getMaterialArchaeologyBothNoAndEn(
      materialArchaeology: MaterialArchaeology
  ): MaterialArchaeology = {
    MaterialArchaeology(
      materialArchaeology.materialId,
      materialArchaeology.noMaterial,
      if (materialArchaeology.enMaterial.isEmpty)
        Some(materialArchaeology.noMaterial + ""[NO]"")
      else materialArchaeology.enMaterial
    )
  }

  def getArchaeologyMaterialList: FutureMusitResult[Seq[MaterialArchaeology]] = {
    val action =
      materialArchTable
        .filter(mat => mat.hidden === 0)
        .result
        .map(
          seq =>
            seq.map(
              m => getMaterialArchaeologyBothNoAndEn(m)
          )
        )
    daoUtils.dbRun(action, ""getArchaeologyMaterialList failed"")
  }

  private def getMaterialEthnographyBothNoAndEn(
      m: MaterialEthnography
  ): MaterialEthnography = {
    MaterialEthnography(
      m.materialId,
      m.noMaterial,
      m.noMaterialType,
      m.noMaterial_element,
      if (m.enMaterial.isEmpty) Some(m.noMaterial + ""[NO]"") else m.enMaterial,
      if (m.enMaterial_type.isEmpty)
        Some(m.noMaterialType match {
          case Some(matType) => matType + ""[NO]""
          case None          => ""no type""
        })
      else m.enMaterial_type,
      if (m.enMaterial_element.isEmpty)
        Some(m.noMaterial_element match {
          case Some(matElem) => matElem + ""[NO]""
          case None          => ""no element""
        })
      else m.enMaterial_element,
      m.frMaterial,
      m.frMaterial_type,
      m.superior_level
    )
  }

  def getEthnographyMaterialList: FutureMusitResult[Seq[MaterialEthnography]] = {
    val action =
      materialEthnTable
        .filter(mat => mat.hidden === 0)
        .result
        .map(
          seq =>
            seq.map(
              m => getMaterialEthnographyBothNoAndEn(m)
          )
        )
    daoUtils.dbRun(action, ""getEthnographyMaterialList failed"")
  }

  private def getMaterialNumismaticBothNoAndEn(
      m: MaterialNumismatic
  ): MaterialNumismatic = {
    MaterialNumismatic(
      m.materialId,
      m.noMaterial,
      if (m.enMaterial.isEmpty) Some(m.noMaterial + ""[NO]"")
      else m.enMaterial
    )
  }

  def getNumismaticMaterialList: FutureMusitResult[Seq[MaterialNumismatic]] = {
    val action =
      materialNumisTable
        .filter(mat => mat.hidden === 0)
        .result
        .map(
          seq =>
            seq.map(
              m => getMaterialNumismaticBothNoAndEn(m)
          )
        )
    daoUtils.dbRun(action, ""getNumismaticMaterialList failed"")
  }

  def getArchaeologyMaterial(materialId: Int): FutureMusitResult[MaterialArchaeology] = {
    val action =
      materialArchTable
        .filter(mat => mat.materialId === materialId)
        .result
        .head
        .map(
          m => getMaterialArchaeologyBothNoAndEn(m)
        )
    daoUtils.dbRun(action, ""getArchaeologyMaterial failed"")
  }

  def getEthnographyMaterial(materialId: Int): FutureMusitResult[MaterialEthnography] = {
    val action =
      materialEthnTable
        .filter(mat => mat.materialId === materialId)
        .result
        .head
        .map(m => getMaterialEthnographyBothNoAndEn(m))
    daoUtils.dbRun(action, ""getEthnographyMaterial failed"")
  }

  def getNumismaticMaterial(materialId: Int): FutureMusitResult[MaterialNumismatic] = {
    val action =
      materialNumisTable
        .filter(mat => mat.materialId === materialId)
        .result
        .head
        .map(m => getMaterialNumismaticBothNoAndEn(m))
    daoUtils.dbRun(action, ""getNumismaticMaterial failed"")
  }

  private class MaterialArchaeologyTable(tag: Tag)
      extends Table[MaterialArchaeology](
        tag,
        Some(SchemaName),
        MaterialArhaeoTableName
      ) {
    val materialId = column[Int](""MATERIAL_ID"")
    val noMaterial = column[String](""NO_MATERIAL"")
    val enMaterial = column[Option[String]](""EN_MATERIAL"")
    val hidden     = column[Int](""HIDDEN"")

    // scalastyle:off method.name
    def * =
      (materialId, noMaterial, enMaterial) <> ((MaterialArchaeology.apply _).tupled, MaterialArchaeology.unapply)

    // scalastyle:on method.name

  }

  private class MaterialEthnoTable(tag: Tag)
      extends Table[MaterialEthnography](
        tag,
        Some(SchemaName),
        MaterialEthnoTableName
      ) {
    val materialId        = column[Int](""MATERIAL_ID"")
    val noMaterial        = column[String](""NO_MATERIAL"")
    val noMaterialType    = column[Option[String]](""NO_MATERIAL_TYPE"")
    val noMaterialElement = column[Option[String]](""NO_MATERIAL_ELEMENT"")
    val enMaterial        = column[Option[String]](""EN_MATERIAL"")
    val enMaterialType    = column[Option[String]](""EN_MATERIAL_TYPE"")
    val enMaterialElement = column[Option[String]](""EN_MATERIAL_ELEMENT"")
    val frMaterial        = column[Option[String]](""FR_MATERIAL"")
    val frMaterialType    = column[Option[String]](""FR_MATERIAL_TYPE"")
    val superiorLevel     = column[Option[String]](""SUPERIOR_LEVEL"")
    val hidden            = column[Int](""HIDDEN"")

    // scalastyle:off method.name
    def * =
      (
        materialId,
        noMaterial,
        noMaterialType,
        noMaterialElement,
        enMaterial,
        enMaterialType,
        enMaterialElement,
        frMaterial,
        frMaterialType,
        superiorLevel
      ) <> ((MaterialEthnography.apply _).tupled, MaterialEthnography.unapply)

    // scalastyle:on method.name

  }

  private class MaterialNumisTable(tag: Tag)
      extends Table[MaterialNumismatic](
        tag,
        Some(SchemaName),
        MaterialNumisTableName
      ) {
    val materialId = column[Int](""MATERIAL_ID"")
    val noMaterial = column[String](""NO_MATERIAL"")
    val enMaterial = column[Option[String]](""EN_MATERIAL"")
    val hidden     = column[Int](""HIDDEN"")

    // scalastyle:off method.name
    def * =
      (materialId, noMaterial, enMaterial) <> ((MaterialNumismatic.apply _).tupled, MaterialNumismatic.unapply)

    // scalastyle:on method.name

  }

  override def insertAction(event: EventRow): DBIO[EventId] = {
    super.insertAction(event)
    eventTable returning eventTable.map(_.eventId) += event
  }

  private class EaEventMaterialTable(tag: Tag)
      extends Table[EaEventMaterial](
        tag,
        Some(SchemaName),
        EaEventMaterialTableName
      ) {
    val eventId       = column[EventId](""EVENT_ID"")
    val materialId    = column[Int](""MATERIAL_ID"")
    val materialExtra = column[Option[String]](""MATERIAL_EXTRA"")
    val sorting       = column[Option[Int]](""SORTING"")

    val create = (
        eventId: EventId,
        materialId: Int,
        materialExtra: Option[String],
        sorting: Option[Int]
    ) =>
      EaEventMaterial(
        eventId = eventId,
        materialInfo = MaterialInfo(materialId, materialExtra, sorting)
    )

    val destroy = (eem: EaEventMaterial) =>
      Some(
        (
          eem.eventId,
          eem.materialInfo.materialId,
          eem.materialInfo.materialExtra,
          eem.materialInfo.sorting
        )
    )

    // scalastyle:off method.name
    def * =
      (eventId, materialId, materialExtra, sorting) <> (create.tupled, destroy)

    // scalastyle:on method.name

  }

}","override def getEventByObjectId(objectId: ObjectUUID): FutureMusitResult[Seq[MaterialDetermination]] = {
    val action = for {
      events <- eventTable
        .filter(e => e.objectId === objectId && e.eventType === MaterialDetermination.eventType)
        .result
      materialInfos <- DBIO.sequence(events.map(e => getSpecialAttributes(e.eventId)))
    } yield events.zip(materialInfos).map { case (e, m) =>
      MaterialDetermination(
        eventId = e.eventId,
        objectId = e.objectId,
        eventDate = e.eventDate,
        eventTypeId = e.eventTypeId,
        createdBy = e.createdBy,
        createdDate = e.createdDate,
        updatedBy = e.updatedBy,
        updatedDate = e.updatedDate,
        materialInfo = Some(m),
        notes = e.notes
      )
    }

    daoUtils.dbRun(
      action,
      s""An unexpected error occurred fetching MaterialDetermination events for object $objectId""
    )
  }"
qwen,Qwen/Qwen3-30B-A3B-Instruct-2507:nebius,scala,GPL-3.0,service_backend::app::repositories::conservation::dao::MaterialDeterminationDao.scala,352,0.4,0,0.02056555269922879,"
  private def getMaterialArchaeologyBothNoAndEn(
      materialArchaeology: MaterialArchaeology
  ): MaterialArchaeology = {
    MaterialArchaeology(
      materialArchaeology.materialId,
      materialArchaeology.noMaterial,
      if (materialArchaeology.enMaterial.isEmpty)
        Some(materialArchaeology.noMaterial + ""[NO]"")
      else materialArchaeology.enMaterial
    )
  }

  def getArchaeologyMaterialList: FutureMusitResult[Seq[MaterialArchaeology]] = {
    val action =
      materialArchTable
        .filter(mat => mat.hidden === 0)
        .result
        .map(
          seq =>
            seq.map(
              m => getMaterialArchaeologyBothNoAndEn(m)
          )
        )
    daoUtils.dbRun(action, ""getArchaeologyMaterialList failed"")
  }

  private def getMaterialEthnographyBothNoAndEn(
      m: MaterialEthnography
  ): MaterialEthnography = {
    MaterialEthnography(
      m.materialId,
      m.noMaterial,
      m.noMaterialType,
      m.noMaterial_element,
      if (m.enMaterial.isEmpty) Some(m.noMaterial + ""[NO]"") else m.enMaterial,
      if (m.enMaterial_type.isEmpty)
        Some(m.noMaterialType match {
          case Some(matType) => matType + ""[NO]""
          case None          => ""no type""
        })
      else m.enMaterial_type,
      if (m.enMaterial_element.isEmpty)
        Some(m.noMaterial_element match {
          case Some(matElem) => matElem + ""[NO]""
          case None          => ""no element""
        })
      else m.enMaterial_element,
      m.frMaterial,
      m.frMaterial_type,
      m.superior_level
    )
  }

  def getEthnographyMaterialList: FutureMusitResult[Seq[MaterialEthnography]] = {
    val action =
      materialEthnTable
        .filter(mat => mat.hidden === 0)
        .result
        .map(
          seq =>
            seq.map(
              m => getMaterialEthnographyBothNoAndEn(m)
          )
        )
    daoUtils.dbRun(action, ""getEthnographyMaterialList failed"")
  }

  private def getMaterialNumismaticBothNoAndEn(
      m: MaterialNumismatic
  ): MaterialNumismatic = {
    MaterialNumismatic(
      m.materialId,
      m.noMaterial,
      if (m.enMaterial.isEmpty) Some(m.noMaterial + ""[NO]"")
      else m.enMaterial
    )
  }

  def getNumismaticMaterialList: FutureMusitResult[Seq[MaterialNumismatic]] = {
    val action =
      materialNumisTable
        .filter(mat => mat.hidden === 0)
        .result
        .map(
          seq =>
            seq.map(
              m => getMaterialNumismaticBothNoAndEn(m)
          )
        )
    daoUtils.dbRun(action, ""getNumismaticMaterialList failed"")
  }

  def getArchaeologyMaterial(materialId: Int): FutureMusitResult[MaterialArchaeology] = {
    val action =
      materialArchTable
        .filter(mat => mat.materialId === materialId)
        .result
        .head
        .map(
          m => getMaterialArchaeologyBothNoAndEn(m)
        )
    daoUtils.dbRun(action, ""getArchaeologyMaterial failed"")
  }

  def getEthnographyMaterial(materialId: Int): FutureMusitResult[MaterialEthnography] = {
    val action =
      materialEthnTable
        .filter(mat => mat.materialId === materialId)
        .result
        .head
        .map(m => getMaterialEthnographyBothNoAndEn(m))
    daoUtils.dbRun(action, ""getEthnographyMaterial failed"")
  }

  def getNumismaticMaterial(materialId: Int): FutureMusitResult[MaterialNumismatic] = {
    val action =
      materialNumisTable
        .filter(mat => mat.materialId === materialId)
        .result
        .head
        .map(m => getMaterialNumismaticBothNoAndEn(m))
    daoUtils.dbRun(action, ""getNumismaticMaterial failed"")
  }

  private class MaterialArchaeologyTable(tag: Tag)
      extends Table[MaterialArchaeology](
        tag,
        Some(SchemaName),
        MaterialArhaeoTableName
      ) {
    val materialId = column[Int](""MATERIAL_ID"")
    val noMaterial = column[String](""NO_MATERIAL"")
    val enMaterial = column[Option[String]](""EN_MATERIAL"")
    val hidden     = column[Int](""HIDDEN"")

    // scalastyle:off method.name
    def * =
      (materialId, noMaterial, enMaterial) <> ((MaterialArchaeology.apply _).tupled, MaterialArchaeology.unapply)

    // scalastyle:on method.name

  }

  private class MaterialEthnoTable(tag: Tag)
      extends Table[MaterialEthnography](
        tag,
        Some(SchemaName),
        MaterialEthnoTableName
      ) {
    val materialId        = column[Int](""MATERIAL_ID"")
    val noMaterial        = column[String](""NO_MATERIAL"")
    val noMaterialType    = column[Option[String]](""NO_MATERIAL_TYPE"")
    val noMaterialElement = column[Option[String]](""NO_MATERIAL_ELEMENT"")
    val enMaterial        = column[Option[String]](""EN_MATERIAL"")
    val enMaterialType    = column[Option[String]](""EN_MATERIAL_TYPE"")
    val enMaterialElement = column[Option[String]](""EN_MATERIAL_ELEMENT"")
    val frMaterial        = column[Option[String]](""FR_MATERIAL"")
    val frMaterialType    = column[Option[String]](""FR_MATERIAL_TYPE"")
    val superiorLevel     = column[Option[String]](""SUPERIOR_LEVEL"")
    val hidden            = column[Int](""HIDDEN"")

    // scalastyle:off method.name
    def * =
      (
        materialId,
        noMaterial,
        noMaterialType,
        noMaterialElement,
        enMaterial,
        enMaterialType,
        enMaterialElement,
        frMaterial,
        frMaterialType,
        superiorLevel
      ) <> ((MaterialEthnography.apply _).tupled, MaterialEthnography.unapply)

    // scalastyle:on method.name

  }

  private class MaterialNumisTable(tag: Tag)
      extends Table[MaterialNumismatic](
        tag,
        Some(SchemaName),
        MaterialNumisTableName
      ) {
    val materialId = column[Int](""MATERIAL_ID"")
    val noMaterial = column[String](""NO_MATERIAL"")
    val enMaterial = column[Option[String]](""EN_MATERIAL"")
    val hidden     = column[Int](""HIDDEN"")

    // scalastyle:off method.name
    def * =
      (materialId, noMaterial, enMaterial) <> ((MaterialNumismatic.apply _).tupled, MaterialNumismatic.unapply)

    // scalastyle:on method.name

  }

  override def insertAction(event: EventRow): DBIO[EventId] = {
    super.insertAction(event)
    eventTable returning eventTable.map(_.eventId) += event
  }

  private class EaEventMaterialTable(tag: Tag)
      extends Table[EaEventMaterial](
        tag,
        Some(SchemaName),
        EaEventMaterialTableName
      ) {
    val eventId       = column[EventId](""EVENT_ID"")
    val materialId    = column[Int](""MATERIAL_ID"")
    val materialExtra = column[Option[String]](""MATERIAL_EXTRA"")
    val sorting       = column[Option[Int]](""SORTING"")

    val create = (
        eventId: EventId,
        materialId: Int,
        materialExtra: Option[String],
        sorting: Option[Int]
    ) =>
      EaEventMaterial(
        eventId = eventId,
        materialInfo = MaterialInfo(materialId, materialExtra, sorting)
    )

    val destroy = (eem: EaEventMaterial) =>
      Some(
        (
          eem.eventId,
          eem.materialInfo.materialId,
          eem.materialInfo.materialExtra,
          eem.materialInfo.sorting
        )
    )

    // scalastyle:off method.name
    def * =
      (eventId, materialId, materialExtra, sorting) <> (create.tupled, destroy)

    // scalastyle:on method.name

  }

}","override def getMaterialInfoByObjectId(objectId: ObjectUUID): FutureMusitResult[Seq[MaterialInfo]] = {
    val action = for {
      eventIds <- objectEventDao.getEventIdsByObjectId(objectId)
      materialInfos <- DBIO.sequence(eventIds.map(getSpecialAttributes))
    } yield materialInfos.flatten

    daoUtils.dbRun(
      action,
      s""An unexpected error occurred fetching material info for object $objectId""
    )
  }

  override def getMaterialInfoByMuseumId(museumId: MuseumId): FutureMusitResult[Seq[MaterialInfo]] = {
    val action = for {
      objectIds <- daoUtils.getObjectIdsByMuseumId(museumId)
      materialInfos <- DBIO.sequence(objectIds.map(getMaterialInfoByObjectId))
    } yield materialInfos.flatten.distinct

    daoUtils.dbRun(
      action,
      s""An unexpected error occurred fetching material info for museum $museumId""
    )
  }

  override def getMaterialInfoByEventId(eventId: EventId): FutureMusitResult[Seq[MaterialInfo]] = {
    getSpecialAttributes(eventId)
  }

  override def getMaterialInfoByMaterialId(materialId: String): FutureMusitResult"
qwen,Qwen/Qwen3-30B-A3B-Instruct-2507:nebius,scala,GPL-3.0,service_backend::app::repositories::conservation::dao::MaterialDeterminationDao.scala,352,0.8,0,0.01871657754010695,"
  private def getMaterialArchaeologyBothNoAndEn(
      materialArchaeology: MaterialArchaeology
  ): MaterialArchaeology = {
    MaterialArchaeology(
      materialArchaeology.materialId,
      materialArchaeology.noMaterial,
      if (materialArchaeology.enMaterial.isEmpty)
        Some(materialArchaeology.noMaterial + ""[NO]"")
      else materialArchaeology.enMaterial
    )
  }

  def getArchaeologyMaterialList: FutureMusitResult[Seq[MaterialArchaeology]] = {
    val action =
      materialArchTable
        .filter(mat => mat.hidden === 0)
        .result
        .map(
          seq =>
            seq.map(
              m => getMaterialArchaeologyBothNoAndEn(m)
          )
        )
    daoUtils.dbRun(action, ""getArchaeologyMaterialList failed"")
  }

  private def getMaterialEthnographyBothNoAndEn(
      m: MaterialEthnography
  ): MaterialEthnography = {
    MaterialEthnography(
      m.materialId,
      m.noMaterial,
      m.noMaterialType,
      m.noMaterial_element,
      if (m.enMaterial.isEmpty) Some(m.noMaterial + ""[NO]"") else m.enMaterial,
      if (m.enMaterial_type.isEmpty)
        Some(m.noMaterialType match {
          case Some(matType) => matType + ""[NO]""
          case None          => ""no type""
        })
      else m.enMaterial_type,
      if (m.enMaterial_element.isEmpty)
        Some(m.noMaterial_element match {
          case Some(matElem) => matElem + ""[NO]""
          case None          => ""no element""
        })
      else m.enMaterial_element,
      m.frMaterial,
      m.frMaterial_type,
      m.superior_level
    )
  }

  def getEthnographyMaterialList: FutureMusitResult[Seq[MaterialEthnography]] = {
    val action =
      materialEthnTable
        .filter(mat => mat.hidden === 0)
        .result
        .map(
          seq =>
            seq.map(
              m => getMaterialEthnographyBothNoAndEn(m)
          )
        )
    daoUtils.dbRun(action, ""getEthnographyMaterialList failed"")
  }

  private def getMaterialNumismaticBothNoAndEn(
      m: MaterialNumismatic
  ): MaterialNumismatic = {
    MaterialNumismatic(
      m.materialId,
      m.noMaterial,
      if (m.enMaterial.isEmpty) Some(m.noMaterial + ""[NO]"")
      else m.enMaterial
    )
  }

  def getNumismaticMaterialList: FutureMusitResult[Seq[MaterialNumismatic]] = {
    val action =
      materialNumisTable
        .filter(mat => mat.hidden === 0)
        .result
        .map(
          seq =>
            seq.map(
              m => getMaterialNumismaticBothNoAndEn(m)
          )
        )
    daoUtils.dbRun(action, ""getNumismaticMaterialList failed"")
  }

  def getArchaeologyMaterial(materialId: Int): FutureMusitResult[MaterialArchaeology] = {
    val action =
      materialArchTable
        .filter(mat => mat.materialId === materialId)
        .result
        .head
        .map(
          m => getMaterialArchaeologyBothNoAndEn(m)
        )
    daoUtils.dbRun(action, ""getArchaeologyMaterial failed"")
  }

  def getEthnographyMaterial(materialId: Int): FutureMusitResult[MaterialEthnography] = {
    val action =
      materialEthnTable
        .filter(mat => mat.materialId === materialId)
        .result
        .head
        .map(m => getMaterialEthnographyBothNoAndEn(m))
    daoUtils.dbRun(action, ""getEthnographyMaterial failed"")
  }

  def getNumismaticMaterial(materialId: Int): FutureMusitResult[MaterialNumismatic] = {
    val action =
      materialNumisTable
        .filter(mat => mat.materialId === materialId)
        .result
        .head
        .map(m => getMaterialNumismaticBothNoAndEn(m))
    daoUtils.dbRun(action, ""getNumismaticMaterial failed"")
  }

  private class MaterialArchaeologyTable(tag: Tag)
      extends Table[MaterialArchaeology](
        tag,
        Some(SchemaName),
        MaterialArhaeoTableName
      ) {
    val materialId = column[Int](""MATERIAL_ID"")
    val noMaterial = column[String](""NO_MATERIAL"")
    val enMaterial = column[Option[String]](""EN_MATERIAL"")
    val hidden     = column[Int](""HIDDEN"")

    // scalastyle:off method.name
    def * =
      (materialId, noMaterial, enMaterial) <> ((MaterialArchaeology.apply _).tupled, MaterialArchaeology.unapply)

    // scalastyle:on method.name

  }

  private class MaterialEthnoTable(tag: Tag)
      extends Table[MaterialEthnography](
        tag,
        Some(SchemaName),
        MaterialEthnoTableName
      ) {
    val materialId        = column[Int](""MATERIAL_ID"")
    val noMaterial        = column[String](""NO_MATERIAL"")
    val noMaterialType    = column[Option[String]](""NO_MATERIAL_TYPE"")
    val noMaterialElement = column[Option[String]](""NO_MATERIAL_ELEMENT"")
    val enMaterial        = column[Option[String]](""EN_MATERIAL"")
    val enMaterialType    = column[Option[String]](""EN_MATERIAL_TYPE"")
    val enMaterialElement = column[Option[String]](""EN_MATERIAL_ELEMENT"")
    val frMaterial        = column[Option[String]](""FR_MATERIAL"")
    val frMaterialType    = column[Option[String]](""FR_MATERIAL_TYPE"")
    val superiorLevel     = column[Option[String]](""SUPERIOR_LEVEL"")
    val hidden            = column[Int](""HIDDEN"")

    // scalastyle:off method.name
    def * =
      (
        materialId,
        noMaterial,
        noMaterialType,
        noMaterialElement,
        enMaterial,
        enMaterialType,
        enMaterialElement,
        frMaterial,
        frMaterialType,
        superiorLevel
      ) <> ((MaterialEthnography.apply _).tupled, MaterialEthnography.unapply)

    // scalastyle:on method.name

  }

  private class MaterialNumisTable(tag: Tag)
      extends Table[MaterialNumismatic](
        tag,
        Some(SchemaName),
        MaterialNumisTableName
      ) {
    val materialId = column[Int](""MATERIAL_ID"")
    val noMaterial = column[String](""NO_MATERIAL"")
    val enMaterial = column[Option[String]](""EN_MATERIAL"")
    val hidden     = column[Int](""HIDDEN"")

    // scalastyle:off method.name
    def * =
      (materialId, noMaterial, enMaterial) <> ((MaterialNumismatic.apply _).tupled, MaterialNumismatic.unapply)

    // scalastyle:on method.name

  }

  override def insertAction(event: EventRow): DBIO[EventId] = {
    super.insertAction(event)
    eventTable returning eventTable.map(_.eventId) += event
  }

  private class EaEventMaterialTable(tag: Tag)
      extends Table[EaEventMaterial](
        tag,
        Some(SchemaName),
        EaEventMaterialTableName
      ) {
    val eventId       = column[EventId](""EVENT_ID"")
    val materialId    = column[Int](""MATERIAL_ID"")
    val materialExtra = column[Option[String]](""MATERIAL_EXTRA"")
    val sorting       = column[Option[Int]](""SORTING"")

    val create = (
        eventId: EventId,
        materialId: Int,
        materialExtra: Option[String],
        sorting: Option[Int]
    ) =>
      EaEventMaterial(
        eventId = eventId,
        materialInfo = MaterialInfo(materialId, materialExtra, sorting)
    )

    val destroy = (eem: EaEventMaterial) =>
      Some(
        (
          eem.eventId,
          eem.materialInfo.materialId,
          eem.materialInfo.materialExtra,
          eem.materialInfo.sorting
        )
    )

    // scalastyle:off method.name
    def * =
      (eventId, materialId, materialExtra, sorting) <> (create.tupled, destroy)

    // scalastyle:on method.name

  }

}","override def getAllMaterialDeterminationEvents(
      museumId: MuseumId,
      objectUUID: ObjectUUID
  ): FutureMusitResult[Seq[MaterialDetermination]] = {
    val action = (
      for {
        events <- conservationEventTable
          .filter(e => e.museumId === museumId && e.objectUUID === objectUUID)
          .filter(e => e.eventType === MaterialDetermination.eventType)
          .result
        enrichedEvents <- DBIO.sequence(events.map { e =>
          enrichWithSpecialAttributes(e.eventId, e)
        })
      } yield enrichedEvents.map(_.asInstanceOf[MaterialDetermination])
    ).transactionally

    daoUtils.dbRun(
      action,
      s""An unexpected error occurred fetching all MaterialDetermination events for object $objectUUID in museum $museumId""
    )
  }"
qwen,Qwen/Qwen3-30B-A3B-Instruct-2507:nebius,scala,GPL-3.0,monix-reactive::shared::src::test::scala::monix::reactive::internal::operators::Zip6Suite.scala,82,0.2,0,0.0,"  def createObservable(sourceCount: Int) = Some {
    val o1 = Observable.range(0L, sourceCount.toLong).executeAsync
    val o2 = Observable.range(0, sourceCount.toLong + 1).executeAsync
    val o3 = Observable.range(0, sourceCount.toLong + 2).executeAsync
    val o4 = Observable.range(0, sourceCount.toLong + 3).executeAsync
    val o5 = Observable.range(0, sourceCount.toLong + 4).executeAsync
    val o6 = Observable.range(0, sourceCount.toLong + 5).executeAsync

    val o = Observable.zipMap6(o1, o2, o3, o4, o5, o6)(_ + _ + _ + _ + _ + _)
    Sample(o, count(sourceCount), sum(sourceCount), Zero, Zero)
  }

  def count(sourceCount: Int) = sourceCount
  def sum(sourceCount: Int) = (sourceCount * (sourceCount - 1)) / 2 * 6

  def observableInError(sourceCount: Int, ex: Throwable) = Some {
    val o1 = createObservableEndingInError(Observable.range(0L, sourceCount.toLong), ex)
    val o2 = createObservableEndingInError(Observable.range(0L, sourceCount.toLong), ex)
    val o3 = createObservableEndingInError(Observable.range(0L, sourceCount.toLong), ex)
    val o4 = createObservableEndingInError(Observable.range(0L, sourceCount.toLong), ex)
    val o5 = createObservableEndingInError(Observable.range(0L, sourceCount.toLong), ex)
    val o6 = createObservableEndingInError(Observable.range(0L, sourceCount.toLong), ex)

    val o = Observable.zipMap6(o1, o2, o3, o4, o5, o6)(_ + _ + _ + _ + _ + _)
    Sample(o, count(sourceCount - 1), sum(sourceCount - 1), Zero, Zero)
  }

  def brokenUserCodeObservable(sourceCount: Int, ex: Throwable) = Some {
    val o1 = Observable.range(0L, sourceCount.toLong).executeAsync
    val o2 = Observable.range(0, sourceCount.toLong + 100).executeAsync
    val o3 = Observable.range(0L, sourceCount.toLong).executeAsync
    val o4 = Observable.range(0L, sourceCount.toLong).executeAsync
    val o5 = Observable.range(0L, sourceCount.toLong).executeAsync
    val o6 = Observable.range(0L, sourceCount.toLong).executeAsync

    val o = Observable.zipMap6(o1, o2, o3, o4, o5, o6) { (x1, x2, x3, x4, x5, x6) =>
      if (x2 < sourceCount - 1) x1 + x2 + x3 + x4 + x5 + x6
      else throw ex
    }

    Sample(o, count(sourceCount - 1), sum(sourceCount - 1), Zero, Zero)
  }

  override def cancelableObservables(): Seq[Sample] = {
    val sample1 = {
      val o1 = Observable.range(0, 10).delayOnNext(1.second)
      val o2 = Observable.range(0, 10).delayOnNext(1.second)
      val o3 = Observable.range(0, 10).delayOnNext(1.second)
      val o4 = Observable.range(0, 10).delayOnNext(1.second)
      val o5 = Observable.range(0, 10).delayOnNext(1.second)
      val o6 = Observable.range(0, 10).delayOnNext(1.second)
      Observable.zipMap6(o1, o2, o3, o4, o5, o6)(_ + _ + _ + _ + _ + _)
    }

    Seq(Sample(sample1, 0, 0, 0.seconds, 0.seconds))
  }
}","override def name = ""Zip6""

  override def initCount = 6

  override def createObservable(count: Int) = {
    val sources = for (i <- 0 until 6) yield {
      Observable.range(0, count).map(_ + i * 100)
    }
    Observable.zip6(sources(0), sources(1), sources(2), sources(3), sources(4), sources(5))
  }

  override def createObservableError(count: Int) = {
    val sources = for (i <- 0 until 6) yield {
      if (i == 0) Observable.range(0, count).map { x =>
        if (x == 3) throw new TestException()
        x + i * 100
      }
      else Observable.range(0, count).map(_ + i * 100)
    }
    Observable.zip6(sources(0), sources(1), sources(2), sources(3), sources(4), sources(5))
  }

  override def observableInError(count: Int, ex: Throwable) = {
    val sources = for (i <- 0 until 6) yield {
      if (i"
qwen,Qwen/Qwen3-30B-A3B-Instruct-2507:nebius,scala,GPL-3.0,monix-reactive::shared::src::test::scala::monix::reactive::internal::operators::Zip6Suite.scala,82,0.4,0,0.07317073170731707,"  def createObservable(sourceCount: Int) = Some {
    val o1 = Observable.range(0L, sourceCount.toLong).executeAsync
    val o2 = Observable.range(0, sourceCount.toLong + 1).executeAsync
    val o3 = Observable.range(0, sourceCount.toLong + 2).executeAsync
    val o4 = Observable.range(0, sourceCount.toLong + 3).executeAsync
    val o5 = Observable.range(0, sourceCount.toLong + 4).executeAsync
    val o6 = Observable.range(0, sourceCount.toLong + 5).executeAsync

    val o = Observable.zipMap6(o1, o2, o3, o4, o5, o6)(_ + _ + _ + _ + _ + _)
    Sample(o, count(sourceCount), sum(sourceCount), Zero, Zero)
  }

  def count(sourceCount: Int) = sourceCount
  def sum(sourceCount: Int) = (sourceCount * (sourceCount - 1)) / 2 * 6

  def observableInError(sourceCount: Int, ex: Throwable) = Some {
    val o1 = createObservableEndingInError(Observable.range(0L, sourceCount.toLong), ex)
    val o2 = createObservableEndingInError(Observable.range(0L, sourceCount.toLong), ex)
    val o3 = createObservableEndingInError(Observable.range(0L, sourceCount.toLong), ex)
    val o4 = createObservableEndingInError(Observable.range(0L, sourceCount.toLong), ex)
    val o5 = createObservableEndingInError(Observable.range(0L, sourceCount.toLong), ex)
    val o6 = createObservableEndingInError(Observable.range(0L, sourceCount.toLong), ex)

    val o = Observable.zipMap6(o1, o2, o3, o4, o5, o6)(_ + _ + _ + _ + _ + _)
    Sample(o, count(sourceCount - 1), sum(sourceCount - 1), Zero, Zero)
  }

  def brokenUserCodeObservable(sourceCount: Int, ex: Throwable) = Some {
    val o1 = Observable.range(0L, sourceCount.toLong).executeAsync
    val o2 = Observable.range(0, sourceCount.toLong + 100).executeAsync
    val o3 = Observable.range(0L, sourceCount.toLong).executeAsync
    val o4 = Observable.range(0L, sourceCount.toLong).executeAsync
    val o5 = Observable.range(0L, sourceCount.toLong).executeAsync
    val o6 = Observable.range(0L, sourceCount.toLong).executeAsync

    val o = Observable.zipMap6(o1, o2, o3, o4, o5, o6) { (x1, x2, x3, x4, x5, x6) =>
      if (x2 < sourceCount - 1) x1 + x2 + x3 + x4 + x5 + x6
      else throw ex
    }

    Sample(o, count(sourceCount - 1), sum(sourceCount - 1), Zero, Zero)
  }

  override def cancelableObservables(): Seq[Sample] = {
    val sample1 = {
      val o1 = Observable.range(0, 10).delayOnNext(1.second)
      val o2 = Observable.range(0, 10).delayOnNext(1.second)
      val o3 = Observable.range(0, 10).delayOnNext(1.second)
      val o4 = Observable.range(0, 10).delayOnNext(1.second)
      val o5 = Observable.range(0, 10).delayOnNext(1.second)
      val o6 = Observable.range(0, 10).delayOnNext(1.second)
      Observable.zipMap6(o1, o2, o3, o4, o5, o6)(_ + _ + _ + _ + _ + _)
    }

    Seq(Sample(sample1, 0, 0, 0.seconds, 0.seconds))
  }
}","override def createObservable(count: Int) = {
    val o1 = Observable.range(0, count).delayOnNext(1.millisecond)
    val o2 = Observable.range(0, count).delayOnNext(1.millisecond)
    val o3 = Observable.range(0, count).delayOnNext(1.millisecond)
    val o4 = Observable.range(0, count).delayOnNext(1.millisecond)
    val o5 = Observable.range(0, count).delayOnNext(1.millisecond)
    val o6 = Observable.range(0, count).delayOnNext(1.millisecond)
    Observable.zip6(o1, o2, o3, o4, o5, o6)
  }

  override def createObservableError(count: Int) = {
    val o1 = Observable.range(0, count).delayOnNext(1.millisecond)
    val o2 = Observable.range(0, count).delayOnNext(1.millisecond)
    val o3 = Observable.range(0, count).delayOnNext(1.millisecond)
    val o4 = Observable.range(0, count).delayOnNext(1.millisecond)
    val o5 = Observable.range(0"
qwen,Qwen/Qwen3-30B-A3B-Instruct-2507:nebius,scala,GPL-3.0,monix-reactive::shared::src::test::scala::monix::reactive::internal::operators::Zip6Suite.scala,82,0.8,0,0.0,"  def createObservable(sourceCount: Int) = Some {
    val o1 = Observable.range(0L, sourceCount.toLong).executeAsync
    val o2 = Observable.range(0, sourceCount.toLong + 1).executeAsync
    val o3 = Observable.range(0, sourceCount.toLong + 2).executeAsync
    val o4 = Observable.range(0, sourceCount.toLong + 3).executeAsync
    val o5 = Observable.range(0, sourceCount.toLong + 4).executeAsync
    val o6 = Observable.range(0, sourceCount.toLong + 5).executeAsync

    val o = Observable.zipMap6(o1, o2, o3, o4, o5, o6)(_ + _ + _ + _ + _ + _)
    Sample(o, count(sourceCount), sum(sourceCount), Zero, Zero)
  }

  def count(sourceCount: Int) = sourceCount
  def sum(sourceCount: Int) = (sourceCount * (sourceCount - 1)) / 2 * 6

  def observableInError(sourceCount: Int, ex: Throwable) = Some {
    val o1 = createObservableEndingInError(Observable.range(0L, sourceCount.toLong), ex)
    val o2 = createObservableEndingInError(Observable.range(0L, sourceCount.toLong), ex)
    val o3 = createObservableEndingInError(Observable.range(0L, sourceCount.toLong), ex)
    val o4 = createObservableEndingInError(Observable.range(0L, sourceCount.toLong), ex)
    val o5 = createObservableEndingInError(Observable.range(0L, sourceCount.toLong), ex)
    val o6 = createObservableEndingInError(Observable.range(0L, sourceCount.toLong), ex)

    val o = Observable.zipMap6(o1, o2, o3, o4, o5, o6)(_ + _ + _ + _ + _ + _)
    Sample(o, count(sourceCount - 1), sum(sourceCount - 1), Zero, Zero)
  }

  def brokenUserCodeObservable(sourceCount: Int, ex: Throwable) = Some {
    val o1 = Observable.range(0L, sourceCount.toLong).executeAsync
    val o2 = Observable.range(0, sourceCount.toLong + 100).executeAsync
    val o3 = Observable.range(0L, sourceCount.toLong).executeAsync
    val o4 = Observable.range(0L, sourceCount.toLong).executeAsync
    val o5 = Observable.range(0L, sourceCount.toLong).executeAsync
    val o6 = Observable.range(0L, sourceCount.toLong).executeAsync

    val o = Observable.zipMap6(o1, o2, o3, o4, o5, o6) { (x1, x2, x3, x4, x5, x6) =>
      if (x2 < sourceCount - 1) x1 + x2 + x3 + x4 + x5 + x6
      else throw ex
    }

    Sample(o, count(sourceCount - 1), sum(sourceCount - 1), Zero, Zero)
  }

  override def cancelableObservables(): Seq[Sample] = {
    val sample1 = {
      val o1 = Observable.range(0, 10).delayOnNext(1.second)
      val o2 = Observable.range(0, 10).delayOnNext(1.second)
      val o3 = Observable.range(0, 10).delayOnNext(1.second)
      val o4 = Observable.range(0, 10).delayOnNext(1.second)
      val o5 = Observable.range(0, 10).delayOnNext(1.second)
      val o6 = Observable.range(0, 10).delayOnNext(1.second)
      Observable.zipMap6(o1, o2, o3, o4, o5, o6)(_ + _ + _ + _ + _ + _)
    }

    Seq(Sample(sample1, 0, 0, 0.seconds, 0.seconds))
  }
}","scala
  def createObservable(sourceCount: Int) = {
    val o1 = Observable.range(0, sourceCount)
    val o2 = Observable.range(0, sourceCount)
    val o3 = Observable.range(0, sourceCount)
    val o4 = Observable.range(0, sourceCount)
    val o5 = Observable.range(0, sourceCount)
    val o6 = Observable.range(0, sourceCount)
    Some((o1 zip6 o2 zip6 o3 zip6 o4 zip6 o5 zip6 o6).consumeLast, 1)
  }

  def observableInError(sourceCount: Int, ex: Throwable) = {
    val o1 = createObservableInError(0, ex)
    val o2 = createObservableInError(0, ex)
    val o3 = createObservableInError(0, ex)
    val o4 = createObservableInError(0, ex)
    val o5 = createObservableInError(0, ex)
    val o6 = createObservableInError(0, ex)
    Some((o1 zip6 o2 zip6 o3 zip6 o4 zip6 o5 zip6 o6).consumeLast,"
qwen,Qwen/Qwen3-30B-A3B-Instruct-2507:nebius,scala,GPL-3.0,plugin::scala::src::main::scala::com::twosigma::beaker::scala::util::ScalaEvaluatorGlue.scala,119,0.2,0,0.1116751269035533,"  val settings = {
    val s = new Settings();
    s.bootclasspath.value = cp;
    s.classpath.value = cp;
    s.termConflict.value = ""package"";
    s.embeddedDefaults(cl);
    s;
  }
  private val baos = new java.io.ByteArrayOutputStream();
  
  private def scalaToJline(tc: ScalaCompleter): Completer = new Completer {
    def complete(_buf: String, cursor: Int, candidates: JList[CharSequence]): Int = {
      val buf   = if (_buf == null) """" else _buf
      val Candidates(newCursor, newCandidates) = tc.complete(buf, cursor)
      newCandidates foreach (candidates add _)
      newCursor
    }
  }
  
  var interpreter = {
    var i = new IMain(settings, new java.io.PrintWriter(baos));
    i.setContextClassLoader();
    i;
  }
  
  val completer = {
    var c = new JLineCompletion(interpreter);
    var b: ArgumentCompleter =new ArgumentCompleter(new JLineDelimiter, scalaToJline(c.completer));
    b.setStrict(false);
    b;
  } 
  
  private def getOut: Any = {
    val lvo = interpreter.valueOfTerm(interpreter.mostRecentVar);
    lvo match {
      case None => baos.toString();
      case Some(ResetState(""reset"")) => baos.toString();
      case Some(value) => value;
    }
  }
  
  def addImport(name : String): Boolean = {
    baos.reset();
      try {
      interpreter.interpret(""import ""+name) match {
        case Success => true;
        case _ => false;
      }
    } catch {
      case ex: Throwable => false;
    }
  }
  
  def evaluate2(code: String): String = {
    baos.reset();
    try {
      interpreter.interpret(code) match {
        case Success => """";
        case _ => baos.toString();
      }
    } catch {
      case ex: Throwable => ex.toString();
    }
  }
  
  def evaluate(out: SimpleEvaluationObject, code: String) {
    baos.reset();
    out.started();
    try {
      interpreter.interpret(code) match {
        case Success => out.finished(getOut.asInstanceOf[java.lang.Object]);
        case _ => out.error(baos.toString());
      }
    } catch {
      case ex: Throwable => out.error(ex);
    }
  }
  
  def autocomplete(buf: String, len : Integer): ArrayList[CharSequence] = {
    val maybes = new java.util.ArrayList[CharSequence];
    completer.complete(buf,  len, maybes);
    maybes;
  }
}","private var interpreter: IMain = _

  private def createInterpreter(): IMain = {
    val settings = new Settings()
    settings.classpath.value = cp
    settings.usejavacp.value = true
    settings.embeddedDefaults(this.getClass.getClassLoader)
    val interpreter = new IMain(settings, new java.io.PrintWriter(System.out, true))
    interpreter.settings.embeddedDefaults(this.getClass.getClassLoader)
    interpreter
  }

  def initialize(): Unit = {
    interpreter = createInterpreter()
  }

  def evaluate(code: String): SimpleEvaluationObject = {
    val result = interpreter.interpret(code)
    result match {
      case Success => {
        val value = interpreter.valueOfTerm(""result"")
        new SimpleEvaluationObject(value, value.getClass.getName)
      }
      case Error => {
        val error = interpreter.lastException.get
        new SimpleEvaluationObject(error.getMessage, error.getClass.getName)
      }
    }
  }

  def reset(): Unit = {
    interpreter = createInterpreter()
  }

  def getCompletions(code: String, cursor: Int): List[String] = {
    val completions = interpreter.completions(code, cursor)
    completions.map(_.name).toList
  }

  def getCompletionsWithDetails(code:"
qwen,Qwen/Qwen3-30B-A3B-Instruct-2507:nebius,scala,GPL-3.0,plugin::scala::src::main::scala::com::twosigma::beaker::scala::util::ScalaEvaluatorGlue.scala,119,0.4,0,0.12244897959183673,"  val settings = {
    val s = new Settings();
    s.bootclasspath.value = cp;
    s.classpath.value = cp;
    s.termConflict.value = ""package"";
    s.embeddedDefaults(cl);
    s;
  }
  private val baos = new java.io.ByteArrayOutputStream();
  
  private def scalaToJline(tc: ScalaCompleter): Completer = new Completer {
    def complete(_buf: String, cursor: Int, candidates: JList[CharSequence]): Int = {
      val buf   = if (_buf == null) """" else _buf
      val Candidates(newCursor, newCandidates) = tc.complete(buf, cursor)
      newCandidates foreach (candidates add _)
      newCursor
    }
  }
  
  var interpreter = {
    var i = new IMain(settings, new java.io.PrintWriter(baos));
    i.setContextClassLoader();
    i;
  }
  
  val completer = {
    var c = new JLineCompletion(interpreter);
    var b: ArgumentCompleter =new ArgumentCompleter(new JLineDelimiter, scalaToJline(c.completer));
    b.setStrict(false);
    b;
  } 
  
  private def getOut: Any = {
    val lvo = interpreter.valueOfTerm(interpreter.mostRecentVar);
    lvo match {
      case None => baos.toString();
      case Some(ResetState(""reset"")) => baos.toString();
      case Some(value) => value;
    }
  }
  
  def addImport(name : String): Boolean = {
    baos.reset();
      try {
      interpreter.interpret(""import ""+name) match {
        case Success => true;
        case _ => false;
      }
    } catch {
      case ex: Throwable => false;
    }
  }
  
  def evaluate2(code: String): String = {
    baos.reset();
    try {
      interpreter.interpret(code) match {
        case Success => """";
        case _ => baos.toString();
      }
    } catch {
      case ex: Throwable => ex.toString();
    }
  }
  
  def evaluate(out: SimpleEvaluationObject, code: String) {
    baos.reset();
    out.started();
    try {
      interpreter.interpret(code) match {
        case Success => out.finished(getOut.asInstanceOf[java.lang.Object]);
        case _ => out.error(baos.toString());
      }
    } catch {
      case ex: Throwable => out.error(ex);
    }
  }
  
  def autocomplete(buf: String, len : Integer): ArrayList[CharSequence] = {
    val maybes = new java.util.ArrayList[CharSequence];
    completer.complete(buf,  len, maybes);
    maybes;
  }
}","private var interpreter: IMain = _

  private def createInterpreter(): IMain = {
    val settings = new Settings()
    settings.classpath.value = cp
    settings.usejavacp.value = true
    settings.usejavacp.value = true
    settings.embeddedDefaults(this.getClass.getClassLoader)
    val interpreter = new IMain(settings, new ArrayBlockingQueue[IR](100))
    interpreter.settings.embeddedDefaults(this.getClass.getClassLoader)
    interpreter
  }

  def initialize(): Unit = {
    interpreter = createInterpreter()
  }

  def evaluate(code: String): SimpleEvaluationObject = {
    val result = interpreter.interpret(code)
    result match {
      case Success => {
        val value = interpreter.valueOfTerm(""result"")
        SimpleEvaluationObject.create(value)
      }
      case Error => {
        val error = interpreter.lastException.get
        SimpleEvaluationObject.createError(error.getMessage)
      }
    }
  }

  def reset(): Unit = {
    interpreter = createInterpreter()
  }

  def getCompletions(code: String, cursor: Int): List[String] = {
    val completions = interpreter.completions(code, cursor)
    completions.map(_.name).toList
  }

  def getComplet"
qwen,Qwen/Qwen3-30B-A3B-Instruct-2507:nebius,scala,GPL-3.0,plugin::scala::src::main::scala::com::twosigma::beaker::scala::util::ScalaEvaluatorGlue.scala,119,0.8,0,0.1164021164021164,"  val settings = {
    val s = new Settings();
    s.bootclasspath.value = cp;
    s.classpath.value = cp;
    s.termConflict.value = ""package"";
    s.embeddedDefaults(cl);
    s;
  }
  private val baos = new java.io.ByteArrayOutputStream();
  
  private def scalaToJline(tc: ScalaCompleter): Completer = new Completer {
    def complete(_buf: String, cursor: Int, candidates: JList[CharSequence]): Int = {
      val buf   = if (_buf == null) """" else _buf
      val Candidates(newCursor, newCandidates) = tc.complete(buf, cursor)
      newCandidates foreach (candidates add _)
      newCursor
    }
  }
  
  var interpreter = {
    var i = new IMain(settings, new java.io.PrintWriter(baos));
    i.setContextClassLoader();
    i;
  }
  
  val completer = {
    var c = new JLineCompletion(interpreter);
    var b: ArgumentCompleter =new ArgumentCompleter(new JLineDelimiter, scalaToJline(c.completer));
    b.setStrict(false);
    b;
  } 
  
  private def getOut: Any = {
    val lvo = interpreter.valueOfTerm(interpreter.mostRecentVar);
    lvo match {
      case None => baos.toString();
      case Some(ResetState(""reset"")) => baos.toString();
      case Some(value) => value;
    }
  }
  
  def addImport(name : String): Boolean = {
    baos.reset();
      try {
      interpreter.interpret(""import ""+name) match {
        case Success => true;
        case _ => false;
      }
    } catch {
      case ex: Throwable => false;
    }
  }
  
  def evaluate2(code: String): String = {
    baos.reset();
    try {
      interpreter.interpret(code) match {
        case Success => """";
        case _ => baos.toString();
      }
    } catch {
      case ex: Throwable => ex.toString();
    }
  }
  
  def evaluate(out: SimpleEvaluationObject, code: String) {
    baos.reset();
    out.started();
    try {
      interpreter.interpret(code) match {
        case Success => out.finished(getOut.asInstanceOf[java.lang.Object]);
        case _ => out.error(baos.toString());
      }
    } catch {
      case ex: Throwable => out.error(ex);
    }
  }
  
  def autocomplete(buf: String, len : Integer): ArrayList[CharSequence] = {
    val maybes = new java.util.ArrayList[CharSequence];
    completer.complete(buf,  len, maybes);
    maybes;
  }
}","private val settings = new Settings()
  private val interpreter = {
    val s = settings
    s.classpath.value = cp
    s.usejavacp.value = true
    s.embeddedDefaults(cl)
    new IMain(s)
  }

  private val completion = new JLineCompletion(interpreter)

  def evaluate(code: String): SimpleEvaluationObject = {
    val result = interpreter.interpret(code)
    result match {
      case Success => {
        val output = interpreter.valueOfTerm(""result"")
        new SimpleEvaluationObject(output, null)
      }
      case Error => {
        val error = interpreter.lastException.get
        new SimpleEvaluationObject(null, error.getMessage)
      }
    }
  }

  def getCompletion(text: String, cursor: Int): List[String] = {
    completion.complete(text, cursor) match {
      case Some(candidates) => candidates.candidates.toList
      case None => List.empty
    }
  }

  def reset(): Unit = {
    interpreter.reset()
  }

  def setClasspath(path: String): Unit = {
    cp = path
    settings.classpath.value = cp
    reset()
  }
}"
qwen,Qwen/Qwen3-30B-A3B-Instruct-2507:nebius,scala,GPL-3.0,sparrow-server::src::main::scala::org::etl::command::CommandProxy.scala,71,0.2,0,0.14465408805031446,"
          case ""org.eclipse.emf.common.util.EList"" => {
            method.getName match {
              case ""getParts"" => {
                logger.info(""Invoking method in  action #{}"", method.getName)
                method.invoke(proxee, args: _*)
                  .asInstanceOf[EObjectContainmentEList[RestPart]]
              }
              case _ => {
                val interim = method.invoke(proxee, args: _*)
                  .asInstanceOf[EDataTypeEList[String]]
                logger.info(""Invoking method in  action #{}"", method.getName)
                val output = new BasicEList[String]
                val iter = interim.iterator
                while (iter.hasNext) {
                  val value = iter.next
                  val result = ParameterisationEngine.resolve(value, context)
                  output.add(result)
                }
                output
              }
            }
          }
          case ""org.etl.sparrow.Expression"" => {
            method.getName match {
              case ""getCondition"" => {
                val interim = method.invoke(proxee, args: _*)
                  .asInstanceOf[Expression]
                logger.info(""Invoking method in  action #{}"", method.getName)
                if (interim!=null && interim.getLhs != null && interim.getRhs != null) {
                  interim.setLhs(ParameterisationEngine.resolve(interim.getLhs, context))
                  interim.setRhs(ParameterisationEngine.resolve(interim.getRhs, context))
                }
                interim
              }
            }
          }
          case _ => {
            val inputString = method.invoke(proxee, args: _*).asInstanceOf[String]
            val result = ParameterisationEngine.resolve(inputString, context)
            result
          }

        }

      }
    }).asInstanceOf[I]
  }

}","case ""void"" =>
            logger.debug(s""Executing void method: ${method.getName}"")
            method.invoke(proxee, args: _*)
            null
          case ""java.lang.String"" =>
            logger.debug(s""Executing String method: ${method.getName}"")
            val result = method.invoke(proxee, args: _*)
            result.asInstanceOf[String]
          case ""boolean"" =>
            logger.debug(s""Executing boolean method: ${method.getName}"")
            val result = method.invoke(proxee, args: _*)
            result.asInstanceOf[Boolean]
          case ""int"" =>
            logger.debug(s""Executing int method: ${method.getName}"")
            val result = method.invoke(proxee, args: _*)
            result.asInstanceOf[Int]
          case ""long"" =>
            logger.debug(s""Executing long method: ${method.getName}"")
            val result = method.invoke(proxee, args: _*)
            result.asInstanceOf[Long]
          case ""double"" =>
            logger.debug(s""Executing double method: ${method.getName}"")
            val result = method.invoke(proxee, args: _*)
            result.asInstanceOf[Double]
          case ""java.util.List"" =>
            logger.debug(s""Executing List method: ${method.getName}"")
            val result = method.invoke(proxee, args: _*)
            result"
qwen,Qwen/Qwen3-30B-A3B-Instruct-2507:nebius,scala,GPL-3.0,sparrow-server::src::main::scala::org::etl::command::CommandProxy.scala,71,0.4,0,0.0,"
          case ""org.eclipse.emf.common.util.EList"" => {
            method.getName match {
              case ""getParts"" => {
                logger.info(""Invoking method in  action #{}"", method.getName)
                method.invoke(proxee, args: _*)
                  .asInstanceOf[EObjectContainmentEList[RestPart]]
              }
              case _ => {
                val interim = method.invoke(proxee, args: _*)
                  .asInstanceOf[EDataTypeEList[String]]
                logger.info(""Invoking method in  action #{}"", method.getName)
                val output = new BasicEList[String]
                val iter = interim.iterator
                while (iter.hasNext) {
                  val value = iter.next
                  val result = ParameterisationEngine.resolve(value, context)
                  output.add(result)
                }
                output
              }
            }
          }
          case ""org.etl.sparrow.Expression"" => {
            method.getName match {
              case ""getCondition"" => {
                val interim = method.invoke(proxee, args: _*)
                  .asInstanceOf[Expression]
                logger.info(""Invoking method in  action #{}"", method.getName)
                if (interim!=null && interim.getLhs != null && interim.getRhs != null) {
                  interim.setLhs(ParameterisationEngine.resolve(interim.getLhs, context))
                  interim.setRhs(ParameterisationEngine.resolve(interim.getRhs, context))
                }
                interim
              }
            }
          }
          case _ => {
            val inputString = method.invoke(proxee, args: _*).asInstanceOf[String]
            val result = ParameterisationEngine.resolve(inputString, context)
            result
          }

        }

      }
    }).asInstanceOf[I]
  }

}","case ""void"" =>
            logger.debug(s""Invoking method: ${method.getName} with args: ${args.mkString("", "")}"")
            method.invoke(proxee, args)
            null
          case ""java.util.List"" =>
            val result = method.invoke(proxee, args)
            result match {
              case eList: EList[_] => new EListProxy(eList, context)
              case _ => result
            }
          case ""org.eclipse.emf.ecore.util.EList"" =>
            val result = method.invoke(proxee, args)
            result match {
              case eList: EList[_] => new EListProxy(eList, context)
              case _ => result
            }
          case ""org.eclipse.emf.ecore.util.EObjectContainmentEList"" =>
            val result = method.invoke(proxee, args)
            result match {
              case eList: EObjectContainmentEList[_] => new EListProxy(eList, context)
              case _ => result
            }
          case ""org.eclipse.emf.common.util.BasicEList"" =>
            val result = method.invoke(proxee, args)
            result match {
              case eList: BasicEList[_] => new EListProxy(eList, context)"
qwen,Qwen/Qwen3-30B-A3B-Instruct-2507:nebius,scala,GPL-3.0,sparrow-server::src::main::scala::org::etl::command::CommandProxy.scala,71,0.8,0,0.017857142857142856,"
          case ""org.eclipse.emf.common.util.EList"" => {
            method.getName match {
              case ""getParts"" => {
                logger.info(""Invoking method in  action #{}"", method.getName)
                method.invoke(proxee, args: _*)
                  .asInstanceOf[EObjectContainmentEList[RestPart]]
              }
              case _ => {
                val interim = method.invoke(proxee, args: _*)
                  .asInstanceOf[EDataTypeEList[String]]
                logger.info(""Invoking method in  action #{}"", method.getName)
                val output = new BasicEList[String]
                val iter = interim.iterator
                while (iter.hasNext) {
                  val value = iter.next
                  val result = ParameterisationEngine.resolve(value, context)
                  output.add(result)
                }
                output
              }
            }
          }
          case ""org.etl.sparrow.Expression"" => {
            method.getName match {
              case ""getCondition"" => {
                val interim = method.invoke(proxee, args: _*)
                  .asInstanceOf[Expression]
                logger.info(""Invoking method in  action #{}"", method.getName)
                if (interim!=null && interim.getLhs != null && interim.getRhs != null) {
                  interim.setLhs(ParameterisationEngine.resolve(interim.getLhs, context))
                  interim.setRhs(ParameterisationEngine.resolve(interim.getRhs, context))
                }
                interim
              }
            }
          }
          case _ => {
            val inputString = method.invoke(proxee, args: _*).asInstanceOf[String]
            val result = ParameterisationEngine.resolve(inputString, context)
            result
          }

        }

      }
    }).asInstanceOf[I]
  }

}","case ""void"" =>
            val command = Command(method.getName, args.map(arg => if (arg == null) null else arg.toString).toList)
            context.executeCommand(command)
            null
          case ""java.util.List"" =>
            val command = Command(method.getName, args.map(arg => if (arg == null) null else arg.toString).toList)
            val result = context.executeCommand(command)
            result match {
              case Some(res) => res match {
                case eList: EList[_] => eList
                case list: java.util.List[_] => new BasicEList(list.asScala.toList)
                case _ => new BasicEList(List(res))
              }
              case None => new BasicEList(List.empty)
            }
          case ""java.lang.String"" =>
            val command = Command(method.getName, args.map(arg => if (arg == null) null else arg.toString).toList)
            val result = context.executeCommand(command)
            result match {
              case Some(res) => res.toString
              case None => null
            }
          case ""boolean"" =>
            val command = Command(method.getName, args.map(arg => if (arg == null) null else arg.toString).toList)
            val result = context.executeCommand(command)"
qwen,Qwen/Qwen3-30B-A3B-Instruct-2507:nebius,scala,GPL-3.0,etl::src::main::scala::org::sparkline::utils::PartitionUtils.scala,55,0.2,0,0.12643678160919541," * See the License for the specific language governing permissions and
 * limitations under the License.
 */
 /**
 * Created by Harish.
 */
 package org.sparkline.utils

import java.io.File

object PartitionUtils {

  val defaultPartitionName = ""__HIVE_DEFAULT_PARTITION__""

  def getPartitionDir(
                        basePath: File,
                        partitionCols: (String, Any)*): File = {
    val partNames = partitionCols.map { case (k, v) =>
      val valueString = if (v == null || v == """") defaultPartitionName else v.toString
      s""$k=$valueString""
    }

    val partDir = partNames.foldLeft(basePath) { (parent, child) =>
      new File(parent, child)
    }

    partDir
  }

  def makePartitionDir(
                                  basePath: File,
                                  partitionCols: (String, Any)*): File = {
    val partDir = getPartitionDir(basePath, partitionCols:_*)
    assert(partDir.mkdirs(), s""Couldn't create directory $partDir"")
    partDir
  }

}","scala
 * See the License for the specific language governing permissions and
 * limitations under the License.
 */

package org.sparkline.utils

import org.apache.spark.sql.{DataFrame, SparkSession}
import org.apache.spark.sql.functions.{col, lit, when}

object PartitionUtils {

  /**
   * Re-partitions a DataFrame to a specified number of partitions, with optional repartitioning strategy.
   *
   * @param df The input DataFrame to repartition
   * @param numPartitions The target number of partitions
   * @param strategy The repartitioning strategy: ""roundRobin"", ""hash"", or ""range""
   * @return A new DataFrame with the specified number of partitions
   */
  def repartitionDataFrame(df: DataFrame, numPartitions: Int, strategy: String = ""roundRobin""): DataFrame = {
    require(numPartitions > 0, ""Number of partitions must be greater than zero"")

    strategy.toLowerCase match {
      case ""roundrobin"" =>
        df.repartition(numPartitions)
      case ""hash"" =>
        // Use the first column as the hash key; if no columns, use a dummy column
        val colName = df.columns.headOption.getOrElse(""dummy_key"")
        df"
qwen,Qwen/Qwen3-30B-A3B-Instruct-2507:nebius,scala,GPL-3.0,etl::src::main::scala::org::sparkline::utils::PartitionUtils.scala,55,0.4,0,0.14606741573033707," * See the License for the specific language governing permissions and
 * limitations under the License.
 */
 /**
 * Created by Harish.
 */
 package org.sparkline.utils

import java.io.File

object PartitionUtils {

  val defaultPartitionName = ""__HIVE_DEFAULT_PARTITION__""

  def getPartitionDir(
                        basePath: File,
                        partitionCols: (String, Any)*): File = {
    val partNames = partitionCols.map { case (k, v) =>
      val valueString = if (v == null || v == """") defaultPartitionName else v.toString
      s""$k=$valueString""
    }

    val partDir = partNames.foldLeft(basePath) { (parent, child) =>
      new File(parent, child)
    }

    partDir
  }

  def makePartitionDir(
                                  basePath: File,
                                  partitionCols: (String, Any)*): File = {
    val partDir = getPartitionDir(basePath, partitionCols:_*)
    assert(partDir.mkdirs(), s""Couldn't create directory $partDir"")
    partDir
  }

}","scala
 * See the License for the specific language governing permissions and
 * limitations under the License.
 */

package org.sparkline.utils

import org.apache.spark.sql.{DataFrame, SparkSession}
import org.apache.spark.sql.functions.{col, lit, when}

object PartitionUtils {

  /**
   * Re-partitions a DataFrame based on a specified column and number of partitions.
   *
   * @param df The input DataFrame to repartition
   * @param partitionColumn The column to partition by
   * @param numPartitions The number of partitions to create
   * @return A new DataFrame repartitioned by the specified column and number of partitions
   */
  def repartitionByColumn(df: DataFrame, partitionColumn: String, numPartitions: Int): DataFrame = {
    if (df.columns.contains(partitionColumn)) {
      df.repartition(numPartitions, col(partitionColumn))
    } else {
      throw new IllegalArgumentException(s""Column $partitionColumn does not exist in the DataFrame"")
    }
  }

  /**
   * Adds a partition identifier column to a DataFrame based on the specified partition column.
   *
   * @param df The input DataFrame
   * @param partitionColumn The column to use for partitioning"
qwen,Qwen/Qwen3-30B-A3B-Instruct-2507:nebius,scala,GPL-3.0,etl::src::main::scala::org::sparkline::utils::PartitionUtils.scala,55,0.8,0,0.14942528735632185," * See the License for the specific language governing permissions and
 * limitations under the License.
 */
 /**
 * Created by Harish.
 */
 package org.sparkline.utils

import java.io.File

object PartitionUtils {

  val defaultPartitionName = ""__HIVE_DEFAULT_PARTITION__""

  def getPartitionDir(
                        basePath: File,
                        partitionCols: (String, Any)*): File = {
    val partNames = partitionCols.map { case (k, v) =>
      val valueString = if (v == null || v == """") defaultPartitionName else v.toString
      s""$k=$valueString""
    }

    val partDir = partNames.foldLeft(basePath) { (parent, child) =>
      new File(parent, child)
    }

    partDir
  }

  def makePartitionDir(
                                  basePath: File,
                                  partitionCols: (String, Any)*): File = {
    val partDir = getPartitionDir(basePath, partitionCols:_*)
    assert(partDir.mkdirs(), s""Couldn't create directory $partDir"")
    partDir
  }

}","scala
 * See the License for the specific language governing permissions and
 * limitations under the License.
 */

package org.sparkline.utils

import org.apache.spark.sql.{DataFrame, SparkSession}
import org.apache.spark.sql.functions.{col, lit, monotonically_increasing_id}

object PartitionUtils {

  /**
   * Re-partitions a DataFrame to a specified number of partitions while preserving data distribution.
   *
   * @param df The input DataFrame to be re-partitioned
   * @param numPartitions The desired number of partitions
   * @param spark The SparkSession instance
   * @return A new DataFrame re-partitioned to the specified number of partitions
   */
  def repartitionDataFrame(df: DataFrame, numPartitions: Int)(implicit spark: SparkSession): DataFrame = {
    if (numPartitions <= 0) {
      throw new IllegalArgumentException(""Number of partitions must be greater than zero."")
    }
    if (df.rdd.getNumPartitions == numPartitions) {
      return df
    }

    df.repartition(numPartitions)
  }

  /**
   * Adds a unique row ID to the DataFrame to help with debugging and tracking records.
   *
   * @param df The input DataFrame"
qwen,Qwen/Qwen3-30B-A3B-Instruct-2507:nebius,scala,GPL-3.0,slick-testkit::src::test::scala::slick::test::codegen::CodeGeneratorAllTest.scala,69,0.2,0,0.25301204819277107,"      def name = column[String](""name"", O.Length(254))
      def * = (id, name) <> (Category.tupled,Category.unapply)
      def idx = index(""IDX_NAME"",name)
    }
    val categories = TableQuery[Categories]

    class Posts(tag: Tag) extends Table[(Int, String, Option[Int])](tag, ""POSTS"") {
      def id = column[Int](""id"")
      def title = column[String](""title"")
      def category = column[Option[Int]](""category"")
      def * = (id, title, category)
      def categoryFK = foreignKey(""category_fk"", category, categories)(_.id.?)
    }
    val posts = TableQuery[Posts]

    val createA = (categories.schema ++ posts.schema).create

    // fetch data model
    val modelA = tdb.profile.createModel()
    // customize code generator
    val codegenA = modelA.map(m => new SourceCodeGenerator(m) {
      // override mapped table and class name
      override def entityName = dbTableName => dbTableName.dropRight(1).toLowerCase.toCamelCase
      override def tableName  = dbTableName => dbTableName.toLowerCase.toCamelCase
    
      // add some custom import
      override def code = ""import foo.{MyCustomType,MyCustomTypeMapper}"" + ""\n"" + super.code
    
      // override table generator
      override def Table = new Table(_){
        // disable entity class generation and mapping
        override def EntityType = new EntityType{
          override def classEnabled = false
        }
    
        // override contained column generator
        override def Column = new Column(_){
          // use the data model member of this column to change the Scala type, e.g. to a custom enum or anything else
          override def rawType = if(model.name == ""SOME_SPECIAL_COLUMN_NAME"") ""MyCustomType"" else super.rawType
        }
      }
    })
    val driverName = tdb.driver.getClass.toString.dropRight(1).split(""[\\. ]"").last

    val codegen = Await.result(db.run((createA >> codegenA).withPinnedSession), Duration.Inf)
    codegen.writeToFile(""slick.driver.H2Driver"",""target/slick-testkit-codegen-tests/"",""all.test"",driverName+""Tables"",driverName+"".scala"")
  }
}","def name = column[String](""name"")
      def * = (id.?, name) <> (Category.tupled, Category.unapply)
    }
    val categories = TableQuery[Categories]

    case class Product(id: Int, name: String, description: String, price: Double, categoryId: Int)
    class Products(tag: Tag) extends Table[Product](tag, ""products"") {
      def id = column[Int](""id"", O.PrimaryKey, O.AutoInc)
      def name = column[String](""name"")
      def description = column[String](""description"")
      def price = column[Double](""price"")
      def categoryId = column[Int](""category_id"")
      def category = foreignKey(""fk_category"", categoryId, categories)(_.id)
      def * = (id.?, name, description, price, categoryId) <> (Product.tupled, Product.unapply)
    }
    val products = TableQuery[Products]

    val schema = categories.schema ++ products.schema

    val db = tdb.db
    val future = db.run(schema.create)
    Await.result(future, Duration.Inf)

    val data = db.run(
      categories ++= Seq(
        Category(1, ""Electronics""),
        Category(2, ""Books"
qwen,Qwen/Qwen3-30B-A3B-Instruct-2507:nebius,scala,GPL-3.0,slick-testkit::src::test::scala::slick::test::codegen::CodeGeneratorAllTest.scala,69,0.4,0,0.23636363636363636,"      def name = column[String](""name"", O.Length(254))
      def * = (id, name) <> (Category.tupled,Category.unapply)
      def idx = index(""IDX_NAME"",name)
    }
    val categories = TableQuery[Categories]

    class Posts(tag: Tag) extends Table[(Int, String, Option[Int])](tag, ""POSTS"") {
      def id = column[Int](""id"")
      def title = column[String](""title"")
      def category = column[Option[Int]](""category"")
      def * = (id, title, category)
      def categoryFK = foreignKey(""category_fk"", category, categories)(_.id.?)
    }
    val posts = TableQuery[Posts]

    val createA = (categories.schema ++ posts.schema).create

    // fetch data model
    val modelA = tdb.profile.createModel()
    // customize code generator
    val codegenA = modelA.map(m => new SourceCodeGenerator(m) {
      // override mapped table and class name
      override def entityName = dbTableName => dbTableName.dropRight(1).toLowerCase.toCamelCase
      override def tableName  = dbTableName => dbTableName.toLowerCase.toCamelCase
    
      // add some custom import
      override def code = ""import foo.{MyCustomType,MyCustomTypeMapper}"" + ""\n"" + super.code
    
      // override table generator
      override def Table = new Table(_){
        // disable entity class generation and mapping
        override def EntityType = new EntityType{
          override def classEnabled = false
        }
    
        // override contained column generator
        override def Column = new Column(_){
          // use the data model member of this column to change the Scala type, e.g. to a custom enum or anything else
          override def rawType = if(model.name == ""SOME_SPECIAL_COLUMN_NAME"") ""MyCustomType"" else super.rawType
        }
      }
    })
    val driverName = tdb.driver.getClass.toString.dropRight(1).split(""[\\. ]"").last

    val codegen = Await.result(db.run((createA >> codegenA).withPinnedSession), Duration.Inf)
    codegen.writeToFile(""slick.driver.H2Driver"",""target/slick-testkit-codegen-tests/"",""all.test"",driverName+""Tables"",driverName+"".scala"")
  }
}","def name = column[String](""name"", O.Length(255, varying = true))
      def * = (id.?, name) <> (Category.tupled, Category.unapply)
    }
    val categories = TableQuery[Categories]

    case class Author(id: Int, name: String)
    class Authors(tag: Tag) extends Table[Author](tag, ""authors"") {
      def id = column[Int](""id"", O.PrimaryKey, O.AutoInc)
      def name = column[String](""name"", O.Length(255, varying = true))
      def * = (id.?, name) <> (Author.tupled, Author.unapply)
    }
    val authors = TableQuery[Authors]

    case class Book(id: Int, title: String, authorId: Int, categoryId: Int)
    class Books(tag: Tag) extends Table[Book](tag, ""books"") {
      def id = column[Int](""id"", O.PrimaryKey, O.AutoInc)
      def title = column[String](""title"", O.Length(255, varying = true))
      def authorId = column[Int](""author_id"")
      def categoryId = column[Int](""category_id"")
      def authorFk = foreignKey(""author"
qwen,Qwen/Qwen3-30B-A3B-Instruct-2507:nebius,scala,GPL-3.0,slick-testkit::src::test::scala::slick::test::codegen::CodeGeneratorAllTest.scala,69,0.8,0,0.25,"      def name = column[String](""name"", O.Length(254))
      def * = (id, name) <> (Category.tupled,Category.unapply)
      def idx = index(""IDX_NAME"",name)
    }
    val categories = TableQuery[Categories]

    class Posts(tag: Tag) extends Table[(Int, String, Option[Int])](tag, ""POSTS"") {
      def id = column[Int](""id"")
      def title = column[String](""title"")
      def category = column[Option[Int]](""category"")
      def * = (id, title, category)
      def categoryFK = foreignKey(""category_fk"", category, categories)(_.id.?)
    }
    val posts = TableQuery[Posts]

    val createA = (categories.schema ++ posts.schema).create

    // fetch data model
    val modelA = tdb.profile.createModel()
    // customize code generator
    val codegenA = modelA.map(m => new SourceCodeGenerator(m) {
      // override mapped table and class name
      override def entityName = dbTableName => dbTableName.dropRight(1).toLowerCase.toCamelCase
      override def tableName  = dbTableName => dbTableName.toLowerCase.toCamelCase
    
      // add some custom import
      override def code = ""import foo.{MyCustomType,MyCustomTypeMapper}"" + ""\n"" + super.code
    
      // override table generator
      override def Table = new Table(_){
        // disable entity class generation and mapping
        override def EntityType = new EntityType{
          override def classEnabled = false
        }
    
        // override contained column generator
        override def Column = new Column(_){
          // use the data model member of this column to change the Scala type, e.g. to a custom enum or anything else
          override def rawType = if(model.name == ""SOME_SPECIAL_COLUMN_NAME"") ""MyCustomType"" else super.rawType
        }
      }
    })
    val driverName = tdb.driver.getClass.toString.dropRight(1).split(""[\\. ]"").last

    val codegen = Await.result(db.run((createA >> codegenA).withPinnedSession), Duration.Inf)
    codegen.writeToFile(""slick.driver.H2Driver"",""target/slick-testkit-codegen-tests/"",""all.test"",driverName+""Tables"",driverName+"".scala"")
  }
}","def name = column[String](""name"", O.Length(255, varying = true))
      def * = (id.?, name) <> (Category.tupled, Category.unapply)
    }
    val categories = TableQuery[Categories]

    case class Post(id: Int, title: String, content: String, categoryId: Int)
    class Posts(tag: Tag) extends Table[Post](tag, ""posts"") {
      def id = column[Int](""id"", O.PrimaryKey, O.AutoInc)
      def title = column[String](""title"", O.Length(255, varying = true))
      def content = column[String](""content"", O.Length(1024, varying = true))
      def categoryId = column[Int](""category_id"")
      def categoryFk = foreignKey(""category_fk"", categoryId, categories)(_.id)
      def * = (id.?, title, content, categoryId) <> (Post.tupled, Post.unapply)
    }
    val posts = TableQuery[Posts]

    val schema = (categories.schema ++ posts.schema).create
    val data = categories ++= Seq(
      Category(1, ""Technology""),
      Category(2, ""Science"")
    )

    db.run(schema"
